step,reward_mean,valid_frac,c_mean,qed_mean,tox_mean,undersized_frac,alerts_mean,n_rankable,d_var,d_loss,w_C,unique,n_valid,unique_smiles_frac,n_scaffolds,scaffold_frac,tanimoto_dist,tpsa_mean,tpsa_sd,tpsa_drift_sd,tpsa_spread_ratio,hba_mean,hba_sd,hba_drift_sd,hba_spread_ratio,logp_mean,logp_sd,logp_drift_sd,logp_spread_ratio,mw_mean,mw_sd,mw_drift_sd,mw_spread_ratio,rdkit_valid_frac,ratio_mean,clip_frac,adv_std,kl
0,-4.163336342344337e-17,0.890625,0.8427581470786479,0.5292626568390004,0.0,0.09375,0.0,57,0.0037073174821139437,0.7046520113945007,0.2,1.0,63,0.984375,48,0.7619047619047619,0.916307592620937,64.84269841269841,48.28883624003566,-0.10069075155860018,0.8260964540685898,4.015873015873016,2.5102460733869094,-0.13348033871318302,0.7847200329491103,1.9222995238095253,1.980967449537813,-0.18914457515563257,0.9467757120849322,295.14620634920647,113.76905241190799,-0.32791804669393576,0.7553525484942909,0.984375,0.9958292245864868,0.06581126153469086,1.1334558725357056,0.00565881934016943
1,2.42861286636753e-17,0.921875,0.8550533268411281,0.5634050379448479,0.0,0.078125,0.0,59,7.19180119588235e-07,0.6598590612411499,0.21300000000000002,1.0,64,1.0,46,0.71875,0.9137229957925096,60.280468750000004,33.83114293949841,-0.17873864089408584,0.5787629066164177,3.78125,1.9483065563457924,-0.20682509271894492,0.6090539096144576,1.5977128125000009,1.8715012159990285,-0.34427625831634334,0.8944578553568376,263.787171875,87.85525142787334,-0.5361216495740181,0.5833017561259468,1.0,0.998580813407898,0.004934948403388262,1.1014961004257202,0.007612443063408136
2,0.0,0.84375,0.8421254925153874,0.5057203234915842,0.0,0.140625,0.0,54,0.0038853144873156197,0.6442943215370178,0.226,1.0,63,0.984375,45,0.7142857142857143,0.9184880947414199,61.04396825396825,40.00345233275092,-0.16567714921149335,0.6843550745004036,3.8095238095238093,2.3895084362465484,-0.1979865071410836,0.7469766246038287,2.221506031746033,1.6874664555438859,-0.046143005554816284,0.8065010131487791,286.1093968253968,125.41411304567372,-0.38791658724038625,0.8326681808266984,0.984375,0.9963054656982422,0.0020325202494859695,1.1734496355056763,0.013028278015553951
3,-1.1102230246251565e-16,0.875,0.8206197193690709,0.5551106609972972,0.0,0.125,0.0,56,1.4887330723320144e-06,0.6355614066123962,0.23900000000000002,1.0,64,1.0,52,0.8125,0.911665579155904,63.279531250000005,41.3719684852289,-0.1274324780272739,0.7077668282084033,3.796875,2.353054447813522,-0.20194061121538995,0.7355808593409855,1.850251406250001,2.0318938747915,-0.22357896620164022,0.9711152854306471,284.1678125000001,127.55564974243542,-0.4008074449667487,0.8468865923129462,1.0,0.9995653033256531,0.0028351559303700924,1.1478067636489868,0.012731255032122135
4,1.8214596497756474e-17,0.90625,0.8749382413666824,0.5693313395292053,0.0,0.0625,0.0,58,0.007657495616934035,0.6115650534629822,0.252,1.0,62,0.96875,46,0.7419354838709677,0.9089646861950323,60.674193548387095,40.23455979340386,-0.1720030331397457,0.6883087223540229,3.8225806451612905,2.393028810661846,-0.19390485132244462,0.7480771176417236,2.2470635483870973,1.9255421630100311,-0.033928147596089295,0.9202859708566776,293.83074193548396,113.75165466530459,-0.336651875237759,0.7552370387668532,0.96875,0.9990650415420532,0.0015860428102314472,1.1180340051651,0.012994540855288506
5,2.7755575615628914e-17,0.9375,0.8608033416171869,0.47996197431961657,0.0,0.0625,0.0,60,7.908131772817314e-06,0.5924888253211975,0.265,1.0,64,1.0,54,0.84375,0.9104044959054712,68.93640625,44.82724807410624,-0.03065805266361549,0.7668776794618573,4.328125,2.494084798954318,-0.03586824009452099,0.7796679084025586,2.238534531250002,1.8812638438194373,-0.03800447215924264,0.8991237669086121,309.5788906250001,114.05877046945436,-0.2320944055699535,0.757276088055121,1.0,0.9989210963249207,0.0023800078779459,1.0837911367416382,0.01471625454723835
6,-1.1275702593849246e-17,0.90625,0.8611047863960266,0.572417280590265,0.0,0.078125,0.0,58,0.003795999691038956,0.5634202361106873,0.278,1.0,63,0.984375,47,0.746031746031746,0.9107911224973476,56.631428571428565,39.2694745886308,-0.24116423212778865,0.6717986233826152,3.5714285714285716,2.3347906042154785,-0.2724167014809687,0.7298714573417238,2.402844444444445,1.7528090376006558,0.04052515491947465,0.8377305871989232,287.36966666666666,114.69786482852346,-0.3795492147765013,0.7615192591338725,0.984375,0.9987590909004211,0.0031847134232521057,1.1180340051651,0.017952417954802513
7,0.0,0.890625,0.8529091953185567,0.5753636391296519,0.0,0.109375,0.0,57,3.746989965212801e-05,0.6207160353660583,0.29100000000000004,1.0,64,1.0,58,0.90625,0.9115268204411958,49.923750000000005,34.823431878729295,-0.355915174878711,0.5957383907642525,3.328125,1.984744060168716,-0.348475056322039,0.6204445216758198,3.2101192187500023,2.121038822826791,0.42635085310026544,1.0137208677053982,313.78410937500007,120.85938043007332,-0.20417448681834066,0.8024277172211166,1.0,0.9989408850669861,0.0007870916742831469,1.1334558725357056,0.01791360229253769
8,1.249000902703301e-16,0.90625,0.9131258130073547,0.5685125561128249,0.0,0.09375,0.0,58,8.17493483275878e-05,0.5519506931304932,0.30400000000000005,1.0,64,1.0,48,0.75,0.9129121692872684,53.061875,32.46793075843262,-0.3022300141505121,0.5554418900708195,3.359375,2.094391226436694,-0.33870609331492907,0.6547209732312217,2.584351406250001,1.6882366406742908,0.12727387108435775,0.806869112369918,282.16600000000005,113.14700520920786,-0.41409817861906206,0.7512225594517337,1.0,0.998763382434845,0.0017263703048229218,1.1180340051651,0.01757127232849598
9,8.673617379884035e-18,0.859375,0.8528887185183438,0.564267828641797,0.0,0.125,0.0,55,0.003553659603501831,0.5900655388832092,0.317,1.0,63,0.984375,50,0.7936507936507936,0.9142057447585141,54.24777777777777,33.22363809691922,-0.2819423005530559,0.5683700780589118,3.5396825396825395,2.053455444926505,-0.2823407273929535,0.6419241689035362,2.607082063492065,1.7686072108939015,0.13813767109355768,0.8452811033736558,281.98234920634917,112.96800063189114,-0.41531750050033206,0.7500340854264884,0.984375,0.9994112253189087,0.008179078809916973,1.1611262559890747,0.01793353632092476
10,6.938893903907228e-17,0.875,0.8907629682549408,0.5893178485414398,0.0,0.109375,0.0,56,0.003611183381524599,0.5827925801277161,0.33,1.0,63,0.984375,51,0.8095238095238095,0.9191581443352593,47.92238095238094,33.08847090799874,-0.390153396427525,0.566057718843656,3.2222222222222223,1.9472768486325869,-0.3815809865128004,0.6087320159645875,2.570494603174605,2.055988921939788,0.1206512056781242,0.9826311765306565,279.1010793650794,106.38443596726486,-0.4344472591769111,0.7063234959280571,0.984375,0.9986159205436707,0.0025873221457004547,1.1478066444396973,0.021795159205794334
11,-1.3877787807814457e-17,0.921875,0.8691185914863975,0.6160854010537585,0.0,0.078125,0.0,59,0.00037619144479955277,0.5743837356567383,0.343,1.0,64,1.0,49,0.765625,0.9160319185134213,42.38515625,24.067786172092898,-0.48488091624763235,0.41173725362142416,2.875,1.6153559979150107,-0.4901250199251331,0.5049712955822367,2.8622346875000018,1.7190229921491476,0.2600843024437171,0.8215830188739875,274.82890625000005,94.71696340672679,-0.46281171138664234,0.6288590629715319,1.0,0.9980935454368591,0.0013812155229970813,1.1014961004257202,0.021880721673369408
12,-3.469446951953614e-17,0.875,0.8629071201596942,0.5721819479713878,0.0,0.078125,0.0,56,0.009432652087786268,0.5500087141990662,0.356,1.0,61,0.953125,50,0.819672131147541,0.9128207436175036,46.530491803278686,34.33121245948732,-0.41396500134619163,0.587317796098474,3.1147540983606556,1.9256539077205097,-0.41517625455910934,0.6019725372485873,2.741429344262297,1.8200938426751072,0.2023470766784841,0.8698884196013298,276.79422950819674,96.6206419892062,-0.4497632425788052,0.6414982512068672,0.953125,0.9992064237594604,0.007816092111170292,1.1478067636489868,0.02470012754201889
13,-2.42861286636753e-17,0.953125,0.879548336638779,0.5802660677065129,0.0,0.046875,0.0,61,0.0011185699945345027,0.5248991250991821,0.369,1.0,64,1.0,57,0.890625,0.9036563553245973,49.2140625,30.876990711063375,-0.36805608306569976,0.5282250417451643,3.25,1.8957188610128877,-0.37289746383981387,0.5926146376036955,2.5224034375000013,1.748470898808996,0.09766670503062971,0.8356572343810589,281.08120312500006,97.08794640511188,-0.4213005246592065,0.644600848741028,1.0,0.9990812540054321,0.0,1.0648608207702637,0.027358578518033028
14,-2.7755575615628914e-17,0.984375,0.893621330696439,0.5739728328181545,0.0,0.0,0.0,63,0.005041505053645664,0.532072901725769,0.382,1.0,63,0.984375,53,0.8412698412698413,0.9022139830594023,51.230952380952374,33.660948015693094,-0.33355234040726317,0.5758513139170791,3.492063492063492,1.9588870817745876,-0.29722676626093053,0.6123614539827675,3.2288842857142885,1.7413587199798592,0.4353193546481221,0.8322580678894528,317.3400476190477,89.64397323494177,-0.18056536853892569,0.5951777061041944,0.984375,0.9995267987251282,0.0,1.0230478048324585,0.03082653507590294
15,-6.591949208711867e-17,0.9375,0.8836939960718155,0.5823549492248443,0.0,0.0625,0.0,60,0.003125135072442288,0.5313500761985779,0.395,1.0,64,1.0,58,0.90625,0.9142819601117522,50.193281250000005,33.58035879864744,-0.35130419587770806,0.5744726419170613,3.40625,1.9422824041575417,-0.32405264880426415,0.6071707185784185,2.8978965625000015,1.8292928337220749,0.2771283972900439,0.8742849488330381,303.13212500000003,115.4336693267367,-0.27489673837622997,0.766404522666759,1.0,1.0000454187393188,0.0020399836357682943,1.0837911367416382,0.02802753821015358
16,-5.551115123125783e-17,0.921875,0.8732192243559885,0.6062266687880571,0.0,0.0625,0.0,59,0.00696465251601143,0.5057727098464966,0.40800000000000003,1.0,63,0.984375,54,0.8571428571428571,0.9123832864352404,44.094444444444456,29.425015692449204,-0.4556394387890979,0.5033855238012865,2.9365079365079363,1.679692109664847,-0.47089721972066284,0.5250832026448108,3.2065669841269857,1.8613122644518432,0.42465311219822083,0.88958818833695,292.01315873015875,105.05701912668349,-0.3487194461380781,0.6975103110399808,0.984375,1.0001599788665771,0.0063237776048481464,1.1014959812164307,0.023348722606897354
17,-4.85722573273506e-17,0.921875,0.8663936479616974,0.5683705290476877,0.0,0.046875,0.0,59,0.009855363056354175,0.5041216015815735,0.42100000000000004,1.0,62,0.96875,55,0.8870967741935484,0.9115661787739507,45.55758064516128,35.854563019342635,-0.43060898203459347,0.6133783640016723,3.032258064516129,2.1699393624312435,-0.4409650770506444,0.6783378354964014,3.086938387096776,1.8464070734285774,0.3674782958399694,0.8824644605603492,290.0203387096774,92.04813848723903,-0.3619504755722609,0.6111398004683914,0.96875,0.9983838796615601,0.003466204507276416,1.1014961004257202,0.02805643156170845
18,-3.400058012914542e-16,0.921875,0.8693432752358712,0.6160754470543611,0.0,0.078125,0.0,59,0.00747770901738373,0.44114840030670166,0.434,1.0,64,1.0,52,0.8125,0.9128873845940475,43.87,31.865145290348195,-0.45947909975688983,0.5451297977422044,2.75,1.8540496217739157,-0.5292008719535729,0.5795885493905778,3.0114665625000017,1.7302768112693168,0.3314075918555947,0.8269616244707928,282.31625,96.83167904103625,-0.41310061629428907,0.6428994000390593,1.0,0.9990483522415161,0.0,1.1014961004257202,0.03043266572058201
19,1.6653345369377348e-16,0.84375,0.8820236579135612,0.5778466292317861,0.0,0.125,0.0,54,0.013576623484512301,0.44829556345939636,0.44700000000000006,1.0,62,0.96875,52,0.8387096774193549,0.9165859620597493,39.08016129032258,26.878313148631946,-0.5414207881826796,0.4598180638079011,2.6774193548387095,1.6826840459025774,-0.5518900763571831,0.5260185023064435,3.1725341935483886,2.0149724363651846,0.4083876154876079,0.9630279203811538,275.58020967741936,103.49658151034271,-0.45782354503944445,0.6871500196841043,0.96875,0.9992489218711853,0.0008576329564675689,1.1734496355056763,0.029895514249801636
20,1.3877787807814457e-17,0.90625,0.8731524204385692,0.6003192307656255,0.0,0.078125,0.0,58,0.015628373525046847,0.4818066656589508,0.46,1.0,63,0.984375,50,0.7936507936507936,0.9133327346092821,43.4084126984127,29.544368689988925,-0.4673756585223341,0.5054273433133558,2.6984126984126986,1.5999496086798926,-0.545327414060548,0.5001551532938845,3.0875461904761914,1.67490487703785,0.3677687869722128,0.8004973822270607,288.02196825396834,110.12129068555716,-0.3752183562881025,0.731133781985424,0.984375,0.9987810254096985,0.002610966097563505,1.1180340051651,0.029398823156952858
21,4.85722573273506e-17,0.9375,0.8566297593216101,0.5965901171758292,0.0,0.046875,0.0,60,0.019779215350230594,0.5125235319137573,0.47300000000000003,1.0,63,0.984375,44,0.6984126984126984,0.907312732735066,50.4320634920635,34.37947436548096,-0.3472192524658878,0.5881434318460359,3.365079365079365,2.0953583419078403,-0.3369228699088693,0.6550233001195811,2.6731493650793663,1.7117211282204898,0.16971361471668037,0.8180931950395701,286.415761904762,103.00910662989635,-0.38588252227665326,0.6839135033779039,0.984375,0.9978877902030945,0.0012711863964796066,1.0837910175323486,0.02867952734231949
22,0.0,0.84375,0.8967695423850307,0.588408366995908,0.0,0.140625,0.0,54,0.02021580543252237,0.4482455551624298,0.48600000000000004,1.0,63,0.984375,44,0.6984126984126984,0.9065957626932845,46.6704761904762,30.988453273456212,-0.41157023239143775,0.5301318764242279,2.9206349206349205,1.8965431150785839,-0.47585923267665514,0.5928723050429354,2.750232063492065,1.871025273544369,0.20655421333234064,0.8942303853110644,275.10142857142864,108.97738282282053,-0.4610023403349492,0.7235389774138573,0.984375,0.9994165301322937,0.0008550662896595895,1.1734496355056763,0.028929010033607483
23,2.7755575615628914e-17,0.953125,0.8736613275574856,0.5869890733414067,0.0,0.046875,0.0,61,0.029498029540247946,0.46775951981544495,0.49900000000000005,1.0,64,1.0,49,0.765625,0.9120068010179618,48.426875,31.534141660022634,-0.3815228147799332,0.5394671861204094,3.28125,1.9642806412272154,-0.3631285008327039,0.6140475174313873,3.0171073437500016,2.0464535151537486,0.3341035244343607,0.9780738620972576,298.351328125,104.19462975020821,-0.306638121703308,0.6917846062063276,1.0,0.9993525743484497,0.0004175365320406854,1.0648608207702637,0.031170262023806572
24,0.0,0.90625,0.8733924378095002,0.553601561123432,0.0,0.078125,0.0,58,0.033762561813355366,0.4965045154094696,0.512,1.0,63,0.984375,48,0.7619047619047619,0.910969352171164,53.2104761904762,37.50947513855757,-0.29968783409231925,0.6416896081717096,3.4285714285714284,1.9817763853985533,-0.31707481808489996,0.6195168063143205,2.5488068253968277,1.8507926575344897,0.11028583533653397,0.8845604892031986,293.7134603174603,112.26467955172554,-0.33743054893845004,0.745364490672465,0.984375,0.9986887574195862,0.0008435259223915637,1.1180340051651,0.03147648274898529
25,-5.551115123125783e-17,0.875,0.8573410042694637,0.5851704830939275,0.0,0.125,0.0,56,0.0324461616003823,0.5160599946975708,0.525,1.0,64,1.0,43,0.671875,0.9130653273503172,46.742031250000004,37.28471604507031,-0.41034611134098525,0.6378445643767723,2.96875,2.2567174031101014,-0.4608181309038033,0.7054652425114811,2.8267637500000014,1.5671228396725772,0.24313146350751028,0.7489844635265138,271.248109375,132.13450865632123,-0.48658587481536547,0.8772872388550056,1.0,0.9990572333335876,0.0022411474492400885,1.1478067636489868,0.02782312035560608
26,1.0755285551056204e-16,0.9375,0.8467782497406006,0.5768408959216234,0.0,0.03125,0.0,60,0.027898648367111818,0.4561501145362854,0.538,1.0,62,0.96875,45,0.7258064516129032,0.9111824676651901,50.9008064516129,33.44389786176763,-0.3392002789949071,0.5721381500375112,3.435483870967742,2.122239898132095,-0.31491394147503227,0.6634266578260863,3.1245617741935505,1.645330747140394,0.38545986798438125,0.7863628400873153,305.2333870967742,104.25769274600864,-0.2609457240519979,0.6922033035021536,0.96875,0.9973181486129761,0.00799326878041029,1.0837910175323486,0.0333627350628376
27,-6.938893903907228e-17,0.9375,0.8707891002297401,0.6222701506676319,0.0,0.0625,0.0,60,0.028229042383466508,0.40450677275657654,0.551,1.0,64,1.0,49,0.765625,0.9063966061194803,42.01765625,29.3885679166974,-0.49116788587682597,0.502761997109577,2.796875,1.6505651257599623,-0.5145474274429079,0.5159779089399947,2.9644156250000018,1.6400663972114409,0.30892025372885296,0.7838468175984996,267.77982812500005,96.76627584668171,-0.5096130076387749,0.6424651653461614,1.0,0.9984797239303589,0.0009140768088400364,1.0837910175323486,0.031084783375263214
28,-5.551115123125783e-17,0.90625,0.8864253558989229,0.5757343091548586,0.0,0.09375,0.0,58,0.03828485021254959,0.45147013664245605,0.5640000000000001,1.0,64,1.0,51,0.796875,0.9193733143353655,47.0115625,31.53751536953401,-0.40573513233998243,0.5395249015196905,3.046875,1.8151247159286328,-0.43639572338602844,0.567420358502328,2.7380773437500014,1.970796148163576,0.20074503487175066,0.9419144807185761,282.69410937500004,110.77226979696871,-0.410591875684889,0.7354558600936336,1.0,0.9994749426841736,0.0017467249417677522,1.1180340051651,0.032713960856199265
29,-3.9898639947466563e-17,0.96875,0.8848326994526771,0.6000728091628551,0.0,0.015625,0.0,62,0.041220036673134196,0.4434899687767029,0.577,1.0,63,0.984375,57,0.9047619047619048,0.9025898027157421,48.79571428571429,39.30601608762038,-0.3752129334538402,0.6724237534352756,3.380952380952381,2.2847220068371725,-0.33196085695287697,0.7142196725223141,3.4687325396825424,1.6716891252642905,0.5499514761885859,0.7989604586011775,324.0956190476192,103.52919914896628,-0.13571276594686443,0.6873665796003369,0.984375,0.9991848468780518,0.002779984148219228,1.0446386337280273,0.032650068402290344
30,0.0,0.9375,0.8607719026505947,0.6215382882475067,0.0,0.0625,0.0,60,0.03625251046972116,0.461670458316803,0.5900000000000001,1.0,64,1.0,55,0.859375,0.9115820682945569,38.76546875,30.078922693561907,-0.5468043594576234,0.5145721726620012,2.65625,1.7696993918459711,-0.5585077609749026,0.5532200925647439,2.985847187500002,1.796732800008524,0.31916316955857266,0.8587233356869721,271.476859375,96.18700954356237,-0.48506712352224163,0.6386192136656123,1.0,0.997404932975769,0.004627487156540155,1.0837911367416382,0.027910057455301285
31,1.6653345369377348e-16,0.890625,0.8354433220729494,0.5927196466823644,0.0,0.109375,0.0,57,0.04430099501870841,0.4941519498825073,0.603,1.0,64,1.0,50,0.78125,0.9093823083660536,44.99625,29.9525939246086,-0.44021189011095974,0.5124110158355988,2.890625,1.5624218730467774,-0.48524053842157816,0.4884237273373884,2.5806218750000016,1.8130954786461508,0.125491393736845,0.8665436493031148,265.62812500000007,101.57512815006999,-0.5238989175994854,0.6743928184793326,1.0,0.9974221587181091,0.0013812155229970813,1.1334558725357056,0.031758975237607956
32,-1.1102230246251565e-16,0.921875,0.9082193864604174,0.5962460701844537,0.0,0.078125,0.0,59,0.04827165314947419,0.47990888357162476,0.6160000000000001,1.0,64,1.0,52,0.8125,0.9160481396848883,41.858281250000005,26.24459144011197,-0.4938943778078537,0.4489767328287834,3.078125,1.6983879075096477,-0.4266267603789185,0.5309276364859074,3.195581250000002,1.8844910008495181,0.4194026340779077,0.9006661415174819,298.83128125,117.01776237091494,-0.30345154496349325,0.7769218706854444,1.0,0.9990462064743042,0.0030185424257069826,1.1014961004257202,0.026941414922475815
33,7.632783294297951e-17,0.890625,0.9034908753738069,0.6206526869452634,0.0,0.109375,0.0,57,0.04193942221774217,0.5087555646896362,0.629,1.0,64,0.984375,46,0.71875,0.9038671602195609,39.40203125,23.344421454847055,-0.5359144299213415,0.3993623638033158,3.0625,1.6571341979453564,-0.4315112418824735,0.5180314456814394,2.9786626562500023,1.8363893470691037,0.3157294232384088,0.8776766282263674,283.46648437500005,112.58251894679752,-0.40546380779406227,0.7474747376332139,1.0,0.997188925743103,0.004070556256920099,1.1334558725357056,0.03376172482967377
34,-5.898059818321144e-17,0.9375,0.8769869623084863,0.5766001152752497,0.0,0.046875,0.0,60,0.03688896651541047,0.4383133053779602,0.6420000000000001,1.0,63,0.984375,44,0.6984126984126984,0.9075633974438955,47.261587301587305,33.860684051929624,-0.4014578579614122,0.5792682782536085,3.1587301587301586,1.9041004142384799,-0.4014290383367699,0.5952347682725894,3.0412888888888907,1.8229918822752964,0.3456607560403254,0.8712734971334011,297.90552380952386,104.18212021581316,-0.30959797254750315,0.6917015510302015,0.984375,1.0006327629089355,0.0021958716679364443,1.0837911367416382,0.03262847661972046
35,-1.5265566588595902e-16,0.9375,0.8814547836780549,0.6295723335392089,0.0,0.0625,0.0,60,0.03695430435490617,0.447675883769989,0.655,1.0,64,1.0,51,0.796875,0.9070158378905523,45.39093749999999,27.176195909676057,-0.4334598130347086,0.46491406345890696,3.078125,1.6517480087395293,-0.4266267603789185,0.5163476862222068,2.6369145312500013,1.6554356435891462,0.1523956822039173,0.7911923341474241,277.71232812500006,99.69571096200914,-0.4436676646050988,0.6619147101309754,1.0,0.9992799162864685,0.006424965802580118,1.0837911367416382,0.038352180272340775
36,1.4224732503009818e-16,0.9375,0.8833951734006404,0.5853074203015404,0.0,0.046875,0.0,60,0.05095486704191278,0.42743855714797974,0.6679999999999999,1.0,63,0.984375,44,0.6984126984126984,0.8956046875408679,47.31492063492063,31.122129975309377,-0.40054546327599644,0.5324187372805044,3.1904761904761907,1.7982102465237337,-0.3915050124247851,0.5621327800734847,2.9476901587301603,1.9723757102109478,0.3009265508331914,0.9426694103276071,295.05150793650796,96.98436702775227,-0.3285467825922643,0.643913149010729,0.984375,0.999768853187561,0.0004231908533256501,1.0837911367416382,0.03883582726120949
37,6.938893903907228e-17,0.953125,0.880205363035202,0.5578860436442049,0.0,0.046875,0.0,61,0.03468701372333394,0.4148387312889099,0.681,1.0,64,1.0,50,0.78125,0.9035962279088826,49.025625000000005,31.539731732124405,-0.3712797588194443,0.5395628177218486,3.28125,1.9077862661996494,-0.3631285008327039,0.5963869907192566,3.0012246875000015,1.405225393443355,0.32651263081094334,0.6716078413239802,297.06215625000004,100.48132115771865,-0.31519738488239085,0.6671306511173148,1.0,0.9985448718070984,0.002015316393226385,1.0648608207702637,0.03458522632718086
38,5.551115123125783e-17,0.953125,0.9055313917457081,0.5956310546238764,0.0,0.046875,0.0,61,0.0399821082570363,0.4903480112552643,0.6940000000000001,1.0,64,1.0,46,0.71875,0.8941663964739464,47.01531250000001,33.035876850438584,-0.40567097958866394,0.5651579712448621,3.1875,1.919269066598011,-0.3924353898540337,0.5999765923931645,3.132358437500002,1.7131653321914277,0.3891861742674927,0.8187834321473527,302.90317187500006,90.25388608921418,-0.27641683828730523,0.5992271309615458,1.0,0.9986581802368164,0.008688456378877163,1.0648608207702637,0.030224548652768135
39,-6.245004513516506e-17,1.0,0.8543996145017445,0.628107027937352,0.0,0.0,0.0,64,0.056628396233287276,0.4889856278896332,0.7070000000000001,1.0,64,1.0,46,0.71875,0.893879339001403,50.27359375,31.32678358685202,-0.34993025778697445,0.5359198285465544,3.359375,1.898742902389631,-0.33870609331492907,0.5935599735506195,2.7140920312500016,1.4958170661894756,0.18928158991354843,0.7149048654589224,292.97726562500003,83.6926228242076,-0.3423184031074775,0.5556646082587906,1.0,1.0002374649047852,0.0030120480805635452,1.0,0.03379412740468979
40,-1.8041124150158794e-16,0.953125,0.8669843072773981,0.5964417861388936,0.0,0.046875,0.0,61,0.03382779244290873,0.4289451837539673,0.72,1.0,64,1.0,54,0.84375,0.9030013308918372,49.48828125,33.12255587939129,-0.3633649131255489,0.5666408240952394,3.25,2.0,-0.37289746383981387,0.625213632455036,2.421980625000001,1.688244962931991,0.04967102502264054,0.8068730898766973,276.39143750000005,107.09819410634272,-0.4524375196643077,0.7110623859682854,1.0,0.9990335702896118,0.0017316017765551805,1.0648608207702637,0.03698880225419998
41,6.938893903907228e-18,0.9375,0.8536735455195109,0.5779027938309783,0.0,0.046875,0.0,60,0.042803275828074513,0.447946161031723,0.7330000000000001,1.0,63,0.984375,42,0.6666666666666666,0.8992414353829439,53.513333333333335,37.63131121987359,-0.2945067357001365,0.6437739067920464,3.3968253968253967,2.200574834999793,-0.32699884399688467,0.687914693039681,2.053765396825398,1.54069890377848,-0.12631229814446282,0.7363555125924349,276.57468253968256,106.78970083608785,-0.45122089172561325,0.7090141912005494,0.984375,0.9988101124763489,0.001323334756307304,1.0837911367416382,0.03949948027729988
42,-7.632783294297951e-17,0.90625,0.9004449854637014,0.6380955220125992,0.0,0.09375,0.0,58,0.04740791229990041,0.45470160245895386,0.746,1.0,64,1.0,46,0.71875,0.9073076685440802,46.8796875,30.47656686746957,-0.4079911707613426,0.5213748307424998,3.265625,1.8811747285605875,-0.3680129823362589,0.5880680426629906,2.1565773437500004,1.2469449019118224,-0.0771747647220488,0.5959598920788357,263.6072343750001,83.93611632752734,-0.5373163175994012,0.5572812468294316,1.0,0.9992762804031372,0.00046317739179357886,1.1180338859558105,0.04054214805364609
43,1.1102230246251565e-16,0.859375,0.8530847370624542,0.6688360776396146,0.0,0.109375,0.0,55,0.06258427241477461,0.4950745701789856,0.7590000000000001,1.0,62,0.96875,44,0.7096774193548387,0.8973133260287379,43.647741935483886,30.827938492142778,-0.4632813574479269,0.5273858857979579,2.693548387096774,1.6023038823923685,-0.5468480309341586,0.5008911153036698,2.7009190322580667,1.6326600726695655,0.18298573911408522,0.7803070682736422,264.33733870967745,94.80055324834204,-0.5324688994468039,0.6294140451793798,0.96875,0.9996387362480164,0.004741583485156298,1.1611262559890747,0.036343690007925034
44,-3.8163916471489756e-17,0.9375,0.8933554490407308,0.5816791889281648,0.0,0.046875,0.0,60,0.047075583438933685,0.48002782464027405,0.772,0.984375,63,0.96875,46,0.7301587301587301,0.9055169544890005,56.47952380952381,39.30501157223946,-0.2437629277049997,0.6724065687884949,3.5714285714285716,2.327982202205775,-0.2724167014809687,0.7277431044658733,2.566253015873017,1.8829917469288122,0.11862399829580779,0.8999495940554306,293.83242857142864,99.32442474573065,-0.3366406770715426,0.6594496110223762,0.984375,0.9995176196098328,0.012453299947082996,1.0837910175323486,0.0346602201461792
45,-2.7755575615628914e-17,0.984375,0.8828663102218083,0.5990762055759589,0.0,0.015625,0.0,63,0.052134765684131584,0.45015019178390503,0.7850000000000001,1.0,64,1.0,50,0.78125,0.9026390342466739,47.61578125,29.84848864498249,-0.395398520283821,0.5106300451383251,3.3125,1.6665364532466729,-0.353359537825594,0.5209706547765424,3.058392500000002,1.6315432927197353,0.35383518797898456,0.779773318901592,303.15987500000006,93.8038988472928,-0.2747124964160803,0.6227969078661942,1.0,1.000939130783081,0.0008203445468097925,1.023047924041748,0.0385967455804348
46,2.7755575615628914e-17,0.953125,0.889249823621062,0.5618073559147343,0.0,0.046875,0.0,61,0.0514095921546357,0.3900246024131775,0.798,1.0,64,1.0,48,0.75,0.9122777956981099,48.056250000000006,30.76878549662791,-0.38786324503522535,0.5263739318216918,3.296875,1.9579939311384498,-0.35824401932914895,0.612082249005993,2.7094629687500014,1.7314883333012614,0.18706919417441303,0.8275406544971411,286.40400000000005,103.56656874249414,-0.38596061367803824,0.6876146894079607,1.0,0.9993881583213806,0.0,1.0648608207702637,0.03805195912718773
47,3.469446951953614e-17,1.0,0.8811466749757528,0.5993366794121104,0.0,0.0,0.0,64,0.04692608005134845,0.506833016872406,0.8109999999999999,1.0,64,1.0,46,0.71875,0.9017341740260072,49.26890625,30.69618843995474,-0.36711784907766953,0.5251319849088399,3.5625,1.869784412706449,-0.2752078337687145,0.5845073522880025,3.007939062500002,1.5737775828010931,0.32972167252099965,0.7521650050168412,311.9271718750001,95.77899365752701,-0.2165033446516751,0.6359102534272241,1.0,0.9992899894714355,0.00039047247264534235,0.9999998807907104,0.03878854587674141
48,8.326672684688674e-17,0.90625,0.9047450865137165,0.6504008596409918,0.0,0.09375,0.0,58,0.04917404450921102,0.5024329423904419,0.8240000000000001,1.0,64,1.0,50,0.78125,0.9056140811255787,42.39109375,31.802367743867922,-0.48477934105804504,0.5440558371214785,2.828125,1.7902050118282542,-0.504778464435798,0.5596302891421767,2.8587073437500017,1.5417717322220195,0.258398457786626,0.736868255956196,281.25523437500004,103.4680091848657,-0.42014507029426024,0.6869603180173687,1.0,0.9987622499465942,0.004426737315952778,1.1180340051651,0.03944101184606552
49,-2.7755575615628914e-17,0.890625,0.8852153185166811,0.6156096882178357,0.0,0.109375,0.0,57,0.047611864154096045,0.3927766978740692,0.837,1.0,64,1.0,55,0.859375,0.9119485772367014,40.12359375,26.187271082960535,-0.5235703713551784,0.44799613053070014,2.8125,1.757795138803154,-0.509662945939353,0.5494987419214621,2.7568265625000015,1.5999264504913777,0.20970596198703922,0.7646624909464863,265.838765625,104.21808126138409,-0.5225004007837342,0.6919403089950668,1.0,0.9985081553459167,0.001687763724476099,1.1334558725357056,0.036538805812597275
50,-3.642919299551295e-17,0.90625,0.9003017339213141,0.563917028183686,0.0,0.09375,0.0,58,0.043266821200445386,0.4572378098964691,0.8500000000000001,1.0,64,1.0,43,0.671875,0.9093148328412085,43.437031250000004,34.184634737320565,-0.46688606950284867,0.5848102323227494,2.984375,1.972404841652697,-0.45593364940024833,0.6165871978607914,2.883035156250002,1.4158472082875344,0.2700255958340131,0.676684389308188,277.7043125,108.48894590851118,-0.4437208831442639,0.7202960738282101,1.0,0.9993019104003906,0.001768346643075347,1.1180340051651,0.04057452827692032
51,0.0,0.9375,0.8701284915208817,0.6300700604350864,0.0,0.03125,0.0,60,0.05260766990802368,0.4343649744987488,0.863,1.0,62,0.96875,48,0.7741935483870968,0.8995621960657056,45.563548387096766,34.383289081385314,-0.4305068894841084,0.5882086917182391,2.9193548387096775,1.9452040866206353,-0.47625939501181574,0.608084056431234,2.732567096774194,1.5687806156152895,0.19811148932535555,0.7497767743739258,288.8130000000001,92.18265367193557,-0.3699664197320902,0.6120328938485124,0.96875,0.9995970129966736,0.014705882407724857,1.0837910175323486,0.03508608043193817
52,-1.6653345369377348e-16,0.953125,0.913702205556338,0.6201184679970132,0.0,0.046875,0.0,61,0.035708082296036905,0.43280869722366333,0.8760000000000001,1.0,64,1.0,37,0.578125,0.9140365242082351,43.287343750000005,35.40465202670175,-0.46944683349297084,0.6056815565280027,2.703125,1.9817896544222346,-0.5438543164642378,0.619520954301568,2.787174687500002,1.7481295248940103,0.22421042427087023,0.8354940794884718,271.8963125,106.45875910048385,-0.48228222745230215,0.7068169532162991,1.0,0.9984376430511475,0.0024119634181261063,1.0648609399795532,0.034248169511556625
53,-9.020562075079397e-17,0.9375,0.8562666547795137,0.6040010930016154,0.0,0.0625,0.0,60,0.04387164942021439,0.39275234937667847,0.889,1.0,64,1.0,47,0.734375,0.9080326319295227,54.194218750000005,32.87658759496868,-0.2828585562836898,0.5624329461798386,3.390625,1.8253183583624528,-0.3289371303078191,0.5706069606093261,2.1826240625000013,1.5716666802461647,-0.06472609945106636,0.7511561286367419,276.763953125,97.97846101223443,-0.4499642580810179,0.6505132868223967,1.0,0.9969778060913086,0.0030421556439250708,1.0837911367416382,0.04249867796897888
54,1.6653345369377348e-16,0.9375,0.8907487163941066,0.5771561371665909,0.0,0.0625,0.0,60,0.038037601743269575,0.35931384563446045,0.9020000000000001,1.0,64,1.0,38,0.59375,0.9034244061309735,50.59140625,34.18080998835401,-0.3444933121127484,0.5847448008109344,3.15625,2.009498926971597,-0.40220435286114364,0.6281830617732047,2.4932282812500013,1.8519656175521961,0.08372284677075392,0.8851210890536758,271.554140625,99.38904710763964,-0.48455402626160016,0.6598786614954428,1.0,0.9968596696853638,0.003137606428936124,1.0837910175323486,0.04352974146604538
55,6.938893903907228e-17,0.921875,0.9115492317636135,0.5932953154771523,0.0,0.078125,0.0,59,0.04537131257986238,0.4427550435066223,0.915,0.984375,64,0.984375,44,0.6875,0.8992573213875183,49.33703125,36.98848231543197,-0.36595240742872037,0.6327767753662172,3.15625,1.9463005773775026,-0.40220435286114364,0.6084268269157611,2.6041075000000014,1.7938541614147472,0.13671602003664732,0.8573475305948217,290.40564062500005,108.46751050478314,-0.3593923213334001,0.720153756682284,1.0,0.9993444085121155,0.005231037270277739,1.1014961004257202,0.050062887370586395
56,-1.3877787807814457e-17,0.984375,0.9100407172763159,0.578793544587162,0.0,0.015625,0.0,63,0.04449890996926895,0.4328877925872803,0.9280000000000002,1.0,64,1.0,51,0.796875,0.8893036106668316,58.18265625000001,35.76009093782951,-0.21462675919406582,0.6117621922811833,3.59375,2.363252195069329,-0.26543887076160455,0.7387687446433162,2.6084368750000015,1.562477290553846,0.13878518432274614,0.7467641882383266,299.41348437500005,100.2451749625937,-0.29958609469483927,0.6655627938967145,1.0,1.0005993843078613,0.0033044195733964443,1.023047924041748,0.04904311150312424
57,1.0755285551056204e-16,0.96875,0.8745048272032891,0.586832593629776,0.0,0.03125,0.0,62,0.04581548673342359,0.418518602848053,0.9410000000000001,1.0,64,1.0,52,0.8125,0.9017842224258111,55.7059375,38.88989291571904,-0.25699697840849944,0.6653049677380037,3.5,2.038688303787511,-0.2947457597829343,0.6373078599272929,2.5064631250000016,1.6409763667439312,0.09004825540816634,0.7842817248213821,299.84145312500004,102.68962679917611,-0.29674466041077757,0.6817923649908727,1.0,1.0016130208969116,0.004017677623778582,1.0446386337280273,0.04658025875687599
58,-6.938893903907228e-17,0.921875,0.8977782039319054,0.5869963375087263,0.0,0.0625,0.0,59,0.057707970985981766,0.4181442856788635,0.954,1.0,63,0.984375,51,0.8095238095238095,0.910018233425109,47.21492063492064,37.47817099571667,-0.4022562033111511,0.6411540756674683,3.1904761904761907,1.9988658916014623,-0.3915050124247851,0.6248591024393123,2.834132222222224,1.617242496436691,0.24665312184510718,0.7729384531457615,292.06911111111117,107.28213274162127,-0.34834795870234103,0.7122836189308417,0.984375,0.9992577433586121,0.016428880393505096,1.1014961004257202,0.039674386382102966
59,-1.249000902703301e-16,0.953125,0.8538476814989184,0.6206349471388063,0.0,0.046875,0.0,61,0.042702147189898454,0.39532241225242615,0.9670000000000001,1.0,64,1.0,49,0.765625,0.901312193041264,53.20640625,37.10527314139408,-0.29975746019345256,0.6347747627833389,3.234375,2.1267800448976852,-0.37778194534336884,0.6648459386516832,2.180025312500001,1.7079074915320078,-0.06596813570075585,0.8162705206729554,270.679203125,94.34699004740759,-0.49036304247811424,0.6264026803796743,1.0,0.9994779229164124,0.01696469448506832,1.0648608207702637,0.03307274356484413
60,-7.979727989493313e-17,0.96875,0.8495271999028421,0.547971719755073,0.0,0.03125,0.0,62,0.0539887258405858,0.5141822695732117,0.98,1.0,64,1.0,53,0.828125,0.9039033420672258,62.5078125,41.340491404793966,-0.1406345796423195,0.7072283371915051,4.0,2.4937421679075005,-0.13844235166917535,0.7795607996018724,2.3064696875000013,1.750286944186733,-0.005535813499959281,0.836525187893413,310.6772812500001,114.43280282583825,-0.22480180586689816,0.7597594197487963,1.0,0.999681830406189,0.003407800104469061,1.0446386337280273,0.03514659404754639
61,3.469446951953614e-17,0.921875,0.8729764101868969,0.604122794413737,0.0,0.078125,0.0,59,0.04888634319036985,0.4751453399658203,0.9930000000000001,1.0,64,1.0,53,0.828125,0.9129949538724912,49.56,40.88753771780589,-0.36213799175658634,0.6994794771274907,3.375,2.4462982238476156,-0.3338216118113741,0.7647294993000353,2.6416603125000018,1.8051460339592076,0.1546638620386828,0.8627443232940395,285.85540625000004,108.3187102945111,-0.38960291954563264,0.7191658200188185,1.0,0.9984241724014282,0.0,1.1014961004257202,0.0342508926987648
62,1.8735013540549517e-16,0.96875,0.8812465446610604,0.5890571130058854,0.0,0.03125,0.0,62,0.045862582454662806,0.39566686749458313,1.006,1.0,64,1.0,48,0.75,0.9133312136790424,49.146249999999995,42.222698890081624,-0.3692161786520391,0.7223206138354528,3.4375,2.4677608777999542,-0.3142836857971542,0.7714388712198689,2.5218179687500015,1.764726232729865,0.0973868884224296,0.8434262440897745,297.3374687500001,108.58962005254136,-0.3133694888588357,0.7209644846978495,1.0,0.9984299540519714,0.0008406893466599286,1.0446386337280273,0.03410822153091431
63,-2.7755575615628914e-17,0.921875,0.8958476754063267,0.640522497695332,0.0,0.078125,0.0,59,0.044649685917314684,0.43614453077316284,1.0190000000000001,0.96875,64,0.96875,42,0.65625,0.8987276125395868,39.16796875,33.566690761624436,-0.5399186308161256,0.574238817335689,2.5625,1.6189792308735773,-0.5878146499962325,0.5061039429018649,2.4147785937500013,1.569293424530476,0.04622891482200729,0.750021864229366,244.42100000000002,84.59744242237029,-0.6647004411719043,0.56167202218121,1.0,1.0002824068069458,0.0010346611961722374,1.1014961004257202,0.03765467554330826
64,5.551115123125783e-17,0.953125,0.8861487273310051,0.6337730356848955,0.0,0.046875,0.0,61,0.03892106818845924,0.3478376567363739,1.032,1.0,64,1.0,47,0.734375,0.9087663178624524,44.7178125,34.75027448042452,-0.4449752318963437,0.5944868578627751,3.0,1.8874586088176875,-0.45104916789669336,0.5900324264637177,2.5493217187500017,1.5471283971841552,0.11053192141998418,0.7394283991251863,266.382484375,88.48349157928989,-0.5188904617469771,0.5874728623220397,1.0,0.9995779991149902,0.0019093079026788473,1.0648608207702637,0.04277140647172928
65,-4.163336342344337e-17,0.9375,0.875786533455054,0.5923104464907506,0.0,0.0625,0.0,60,0.0591479898898102,0.4546695351600647,1.0450000000000002,1.0,64,1.0,48,0.75,0.9101491247813767,46.74859375,34.13684303959523,-0.4102338440261783,0.583992640616282,3.25,2.1213203435596424,-0.37289746383981387,0.6631391987988445,2.7614732812500016,1.8122348363226621,0.21192679628414804,0.8661323173305164,283.12742187500004,106.93579545847903,-0.4077149623747173,0.7099841645193475,1.0,0.9986675381660461,0.0027027027681469917,1.0837911367416382,0.03869215026497841
66,2.6020852139652106e-17,0.953125,0.9043498444752615,0.597518692709518,0.0,0.046875,0.0,61,0.048446202089852425,0.35801708698272705,1.058,0.984375,64,0.984375,43,0.671875,0.903746362114146,45.258281249999996,35.813593375747686,-0.4357292166125935,0.6126774799064334,2.9375,2.060605190229317,-0.47058709391091325,0.6441592280194859,2.736399531250002,1.6832407702307395,0.19994314783175776,0.804481405899637,273.88371875000007,81.60540122202944,-0.4690871419347059,0.5418068136911653,1.0,0.9982560276985168,0.00776255689561367,1.0648608207702637,0.03851889818906784
67,1.0408340855860843e-16,0.9375,0.8763814027110736,0.6271384844907774,0.0,0.0625,0.0,60,0.07105942801257656,0.5024724006652832,1.0710000000000002,1.0,64,1.0,50,0.78125,0.9114763493546032,39.36921875,28.95127163143527,-0.5364757664953766,0.49528099448535334,2.84375,1.4707433282187616,-0.499893982932243,0.4597643893223306,2.6858004687500014,1.8455138459285123,0.17576003293986744,0.8820375549579249,272.43156250000004,90.03205183951772,-0.47872851541013994,0.5977542957546139,1.0,0.9999699592590332,0.0,1.0837911367416382,0.0388558954000473
68,-1.4224732503009818e-16,0.953125,0.889554110218267,0.5673472710277998,0.0,0.046875,0.0,61,0.0688671942856286,0.44847333431243896,1.084,1.0,64,1.0,45,0.703125,0.9047177157071526,42.73703125,29.70261429359415,-0.4788612497489317,0.5081345142081025,3.125,1.80710403685012,-0.4119733158682536,0.5649130395516114,2.9672240625000015,1.9704412621508482,0.3102625071891653,0.9417448679076802,282.31534375,93.13903375049367,-0.4131066332051499,0.6183826358420778,1.0,0.9988052845001221,0.0,1.0648608207702637,0.039792243391275406
69,4.163336342344337e-17,0.984375,0.9018027484416962,0.6079496147368807,0.0,0.015625,0.0,63,0.05792556957033165,0.44484031200408936,1.097,1.0,64,1.0,54,0.84375,0.9069088840792663,45.64078125,40.59654065868357,-0.4291856359781266,0.6945012739359624,3.125,2.1396553460779613,-0.4119733158682536,0.6688708455616197,3.4006415625000024,1.5821069185644308,0.5174083450919092,0.7561458946575914,311.80043750000004,113.74348795162895,-0.21734477851359688,0.7551828170971026,1.0,1.0001220703125,0.0070074195973575115,1.0230478048324585,0.04261983931064606
70,2.0816681711721685e-17,0.9375,0.8887352978189786,0.5513693302412681,0.0,0.046875,0.0,60,0.04485333637369582,0.33920571208000183,1.1099999999999999,1.0,63,0.984375,44,0.6984126984126984,0.910084375515642,46.66380952380954,36.092497062654,-0.41168428172711463,0.6174487969378623,3.126984126984127,2.035339084826958,-0.41135306424875456,0.6362608712511856,2.82937396825397,1.642907175757078,0.24437898084893586,0.785204528009667,285.37806349206346,99.59484433058809,-0.392772165145106,0.6612450212701937,0.984375,0.9998090267181396,0.013931214809417725,1.0837910175323486,0.04561402648687363
71,-1.734723475976807e-16,0.984375,0.8930248816808065,0.6167725926118538,0.0,0.015625,0.0,63,0.05305789867110174,0.416022390127182,1.123,1.0,64,1.0,51,0.796875,0.9068777027147303,49.362812500000004,35.655649467718916,-0.365511357263407,0.6099754702386972,3.34375,2.063210105030508,-0.34359057481848404,0.6449735421420302,2.8350225000000018,1.4947218221555907,0.2470786176689813,0.714381408876973,288.78232812500005,82.21327991401674,-0.3701700610427738,0.5458427330333213,1.0,0.9993165731430054,0.012539184652268887,1.023047924041748,0.05133636295795441
72,-2.0816681711721685e-17,0.953125,0.8909136975397829,0.6326354255840722,0.0,0.046875,0.0,61,0.045681099173931754,0.4047762155532837,1.136,1.0,64,1.0,49,0.765625,0.8997395129328714,40.204687500000006,29.622861102573193,-0.5221830681079199,0.5067701444399937,2.875,1.7001838135919305,-0.4901250199251331,0.5314890489685333,2.785808437500002,1.6073521899921508,0.22355744417423207,0.7682115193796603,267.602796875,95.44426412394762,-0.5107883800534673,0.6336878669268067,1.0,0.9989245533943176,0.0,1.0648608207702637,0.048992227762937546
73,1.3877787807814457e-17,0.90625,0.8847573475334151,0.5849136430142129,0.0,0.0625,0.0,58,0.05302874021974074,0.4498908817768097,1.149,1.0,62,0.96875,40,0.6451612903225806,0.9028575546208162,40.6133870967742,31.326651898546974,-0.5151912804823879,0.5359175757019984,2.903225806451613,1.7571024298575895,-0.48130144043484024,0.5492821963834168,2.673814677419356,1.4371266753454324,0.17003159145304697,0.6868546132466125,267.48506451612906,84.1690235867343,-0.5115700463803649,0.558827599621119,0.96875,0.9981216192245483,0.004227336961776018,1.1180340051651,0.044247277081012726
74,-6.938893903907228e-17,0.90625,0.907783919367297,0.6114042856944869,0.0,0.09375,0.0,58,0.03822821023995112,0.37379515171051025,1.162,1.0,64,1.0,44,0.6875,0.9009073440437937,40.566562499999996,31.606878811163778,-0.5159923276057039,0.540711529685412,2.734375,1.804873502319484,-0.5340853534571278,0.5642157592535038,2.7913914062500016,1.8482579521495277,0.22622574607644766,0.8833490621823594,260.168265625,91.54266215818491,-0.5601488344784193,0.6077837662459019,1.0,0.9998693466186523,0.00657894741743803,1.1180340051651,0.044905729591846466
75,-1.1102230246251565e-16,0.9375,0.8912718479832014,0.61009272644599,0.0,0.0625,0.0,60,0.05118276046147412,0.42476868629455566,1.175,1.0,64,1.0,46,0.71875,0.9106825494242672,48.0946875,39.58061263772131,-0.38720567933421285,0.6771213865530059,3.09375,2.170244441877458,-0.42174227887536353,0.6784332054107789,2.6649214062500013,1.7343125624489781,0.16578117676496384,0.8288904553548202,276.943453125,103.97077360262868,-0.44877249477122216,0.6902983469118571,1.0,0.9985818266868591,0.00569925457239151,1.0837911367416382,0.04246361926198006
76,5.551115123125783e-17,1.0,0.8937032502144575,0.6116444506119683,0.0,0.0,0.0,64,0.04826055273937041,0.5124541521072388,1.1880000000000002,1.0,64,1.0,45,0.703125,0.8899514048238253,56.36265625,33.08021894020407,-0.2457622278338818,0.5659165491269045,3.5,1.6770509831248424,-0.2947457597829343,0.524257568485886,2.474187812500001,1.564301586834631,0.074622720787655,0.7476360851545011,296.77521875,83.57320402767958,-0.31710246334871117,0.5548717450821775,1.0,1.0013463497161865,0.00124895921908319,1.0,0.04312315955758095
77,-5.551115123125783e-17,0.921875,0.8658772696882991,0.6092482168291414,0.0,0.0625,0.0,59,0.05712911777079602,0.5953898429870605,1.201,1.0,63,0.984375,48,0.7619047619047619,0.9048682660126367,51.87063492063492,41.84595324247589,-0.32260903510301936,0.7158754752111586,3.2698412698412698,2.3176777458341564,-0.3666949476448234,0.7245218611665863,2.6608068253968273,1.798999538458544,0.16381467033998262,0.8598066916556069,295.80469841269854,101.6592998893285,-0.32354608746796665,0.6749516641092489,0.984375,1.0006310939788818,0.0,1.1014961004257202,0.04167806729674339
78,2.7755575615628914e-17,0.96875,0.8899219002454511,0.6101876013845033,0.0,0.03125,0.0,62,0.05660853346165379,0.43424493074417114,1.214,1.0,64,1.0,47,0.734375,0.9024433348834862,56.06515625,39.85436832990314,-0.2508516794384671,0.6818046347776754,3.453125,2.128157121637169,-0.30939920429359924,0.6652764222269142,2.4438589062500014,1.579241538473768,0.060127443836839746,0.7547764262817409,297.95940625000003,99.3878642405788,-0.30924022817089175,0.6598708080271227,1.0,0.9992037415504456,0.0012180268531665206,1.0446385145187378,0.046272676438093185
79,9.020562075079397e-17,0.90625,0.8608379315199524,0.5865622072248118,0.0,0.078125,0.0,58,0.05028605995368855,0.4662160277366638,1.227,1.0,63,0.984375,49,0.7777777777777778,0.9095469023891607,47.0473015873016,37.09171850437046,-0.40512372946531505,0.634542878181156,3.2222222222222223,2.0349676838777584,-0.3815809865128004,0.6361447687829124,2.90692650793651,1.6179695338844569,0.28144413353433867,0.7732859305348935,286.97901587301595,103.48747127152333,-0.38214288209023634,0.6870895336207705,0.984375,0.9993448853492737,0.0036348949652165174,1.1180340051651,0.04143395647406578
80,-2.7755575615628914e-17,0.9375,0.9027212669452032,0.6345137282352514,0.0,0.0625,0.0,60,0.05961696836293244,0.4666905403137207,1.24,1.0,64,1.0,48,0.75,0.900762487592897,44.991718750000004,27.36886441256558,-0.4402894080188027,0.46821012067297124,2.984375,1.5154639089648423,-0.45593364940024833,0.47374434768920853,2.800444843750002,1.651296051473654,0.23055271002422945,0.7892138739391049,278.0450312500001,95.71185994496209,-0.4414587321403113,0.6354645292183926,1.0,0.997401237487793,0.007388092111796141,1.0837911367416382,0.04214845970273018
81,-6.938893903907228e-17,0.953125,0.8778725251799724,0.6129484610436595,0.0,0.015625,0.0,61,0.03947572410236329,0.4339042007923126,1.2530000000000001,1.0,62,0.96875,49,0.7903225806451613,0.8996120570564409,50.49241935483871,40.71859623845833,-0.34618672055782923,0.6965893276043094,3.161290322580645,2.5028599666155906,-0.40062871366644853,0.7824110856270118,2.6715358064516144,1.7111923790129782,0.16894243691709712,0.8178404867441496,277.49454838709676,103.16737222601854,-0.4451135804895002,0.684964284050112,0.96875,0.998195230960846,0.0026212320663034916,1.0648607015609741,0.043391257524490356
82,-1.5265566588595902e-16,0.890625,0.8924259349965212,0.5969493817562672,0.0,0.109375,0.0,57,0.05525126658601465,0.4627547562122345,1.266,1.0,64,1.0,53,0.828125,0.9131653284925001,44.814375,40.01779588020029,-0.44332329854989744,0.6846004553090813,2.953125,2.1464337246640066,-0.4657026124073583,0.6709898129105881,2.552603750000001,1.7254541362896516,0.11210052239549655,0.8246566943523843,268.5414218750001,104.22081674109742,-0.5045565202392224,0.6919584708020698,1.0,0.9980683922767639,0.0013428827514871955,1.1334558725357056,0.047116514295339584
83,1.5265566588595902e-16,0.9375,0.8918950408697128,0.648187282563536,0.0,0.046875,0.0,60,0.04928078246428469,0.4874654710292816,1.279,1.0,63,0.984375,52,0.8253968253968254,0.9054849716177493,40.2488888888889,34.09100123833412,-0.5214268972521032,0.5832084065692722,2.7936507936507935,1.8357882279112332,-0.5155553363245939,0.5738799131952879,2.7286638095238116,1.64934042133099,0.19624596772538427,0.7882792078387973,266.9042380952381,91.31293299430637,-0.5154263562287088,0.6062585139411639,0.984375,0.9981312155723572,0.000458085210993886,1.0837911367416382,0.05286340042948723
84,2.7755575615628914e-17,0.90625,0.8628033666775144,0.6229873740592344,0.0,0.0625,0.0,58,0.04662344604687541,0.4731324315071106,1.292,1.0,62,0.96875,51,0.8225806451612904,0.8993417617286527,42.182419354838714,31.93329043013121,-0.48834921747918614,0.5462955839304845,2.903225806451613,1.7105901398145613,-0.48130144043484024,0.5347421374776149,2.680798870967744,1.9537524849047057,0.17336958916808104,0.9337687000182331,271.4715967741936,82.52786114152893,-0.48510206377045995,0.5479313478795581,0.96875,0.9976706504821777,0.004312410019338131,1.1180340051651,0.04365863278508186
85,-7.632783294297951e-17,0.875,0.9025854457701955,0.6262507917288923,0.0,0.09375,0.0,56,0.03632928026817742,0.4070803225040436,1.305,0.984375,62,0.953125,44,0.7096774193548387,0.9011248537924972,45.961451612903225,33.711330575685416,-0.42369979969906524,0.5767132285416036,2.903225806451613,1.7934439514732436,-0.48130144043484024,0.56064280375255,2.528323387096776,1.6221827625316028,0.10049606221986612,0.7752995842945799,266.6280161290323,106.89217575797562,-0.5172602905166402,0.7096945580645049,0.96875,0.9995602965354919,0.004253308288753033,1.1478067636489868,0.041594550013542175
86,6.245004513516506e-17,0.9375,0.8910388067364693,0.6534726453337754,0.0,0.0625,0.0,60,0.036898058228057695,0.40751737356185913,1.318,1.0,64,1.0,56,0.875,0.9066022555621344,38.189375,25.872243565438524,-0.5566598258788974,0.44260682866669704,2.890625,1.7510460043571099,-0.48524053842157816,0.5473889164899928,2.6958529687500015,1.7482572567610735,0.1805644848494404,0.8355551271495139,274.88453125000007,92.00832477315046,-0.4624423975476039,0.6108754632891299,1.0,0.9976264834403992,0.006523765157908201,1.0837911367416382,0.041183289140462875
87,-1.249000902703301e-16,0.953125,0.8598995047514556,0.6290980685999611,0.0,0.046875,0.0,61,0.034268275183980665,0.3909291923046112,1.331,1.0,64,1.0,46,0.71875,0.8973926021505167,47.05515625,34.21718884530969,-0.40498935660590707,0.585367148481207,3.0625,1.8016919131749467,-0.4315112418824735,0.5632211728004859,2.4880809375000013,1.328704907648233,0.08126274575022012,0.6350359443729906,264.69118750000007,85.71979810713133,-0.5301195735107479,0.56912373430176,1.0,0.9996141195297241,0.003309692721813917,1.0648608207702637,0.03893475607037544
88,-6.938893903907228e-17,0.96875,0.8900493320918852,0.5985641077126098,0.0,0.03125,0.0,62,0.03323341698458864,0.39061933755874634,1.344,1.0,64,1.0,46,0.71875,0.9047097540055471,45.843125,33.96599617977331,-0.42572406043824323,0.5810698949865039,3.03125,1.9523123309296595,-0.4412802048895834,0.6103061420536454,2.791391562500002,1.7271972579661214,0.2262258207539521,0.825489795000694,276.84445312500003,96.93831091729326,-0.44942979041283637,0.6436073663776541,1.0,1.0002474784851074,0.0026773761492222548,1.0446386337280273,0.04310496896505356
89,9.71445146547012e-17,0.96875,0.8879393882328465,0.622144294396944,0.0,0.03125,0.0,62,0.0409718592161149,0.4508667588233948,1.357,1.0,64,1.0,44,0.6875,0.8963077927604618,46.104375000000005,29.7039895192443,-0.4212547520964015,0.5081580407438734,2.828125,1.6158848920560525,-0.504778464435798,0.5051366314957891,3.0176896875000017,1.6217531582643925,0.3343818474924772,0.775094260938006,286.5358281250001,100.29257213438017,-0.3850853606274857,0.6658774803052002,1.0,1.0012998580932617,0.005291005130857229,1.0446386337280273,0.03624241426587105
90,-1.1102230246251565e-16,0.953125,0.9069261863583424,0.590893365956266,0.0,0.03125,0.0,61,0.044637442741116654,0.37429913878440857,1.37,1.0,63,0.984375,52,0.8253968253968254,0.9015095894802787,44.52825396825396,35.131672751019224,-0.4482180855889746,0.6010115907712265,3.2063492063492065,1.886953790693788,-0.3865429994687928,0.5898746168772315,3.460418253968256,1.7348254021480742,0.5459777795084826,0.829135559923,315.41263492063496,101.62199256321207,-0.19336213587487255,0.6747039677167579,0.984375,1.0000808238983154,0.0012259910581633449,1.0648608207702637,0.03977671265602112
91,-9.020562075079397e-17,0.96875,0.904207867960776,0.6159844419289271,0.0,0.03125,0.0,62,0.05534003212810966,0.4169396162033081,1.383,1.0,64,1.0,51,0.796875,0.9044998913540787,48.5315625,34.251463527980725,-0.37973188380563067,0.5859534991995825,3.140625,2.0299875884780674,-0.4070888343646986,0.6345879570155056,3.1864893750000025,1.699101547211677,0.41505729946409564,0.812061842632129,301.4160937500001,96.57979299582405,-0.2862900703105622,0.6412270404461154,1.0,0.997007429599762,0.0016778523568063974,1.0446386337280273,0.0404324047267437
92,-1.8041124150158794e-16,0.96875,0.9005708170513953,0.6213499455414363,0.0,0.03125,0.0,62,0.03143067020947958,0.3614030182361603,1.3960000000000001,1.0,64,1.0,52,0.8125,0.905045232717709,46.5278125,32.60742800099149,-0.41401083726004323,0.5578283252472109,3.140625,1.9110467313425383,-0.4070888343646986,0.5974062343469959,2.9975189062500016,1.683057713727569,0.3247415044440673,0.8043939166018288,293.7010156250001,96.9163775882482,-0.3375131736062818,0.6434617433313166,1.0,0.9991218447685242,0.0021673168521374464,1.0446386337280273,0.038357969373464584
93,-2.7755575615628914e-17,0.9375,0.8862711019814015,0.600742324984148,0.0,0.0625,0.0,60,0.037506697856654975,0.38882526755332947,1.409,1.0,64,1.0,54,0.84375,0.9049676824377823,55.02484375,33.57157935815034,-0.268648721866686,0.5743224485136148,3.65625,1.7872705272286007,-0.24590094474738466,0.5587129492542104,2.6799135937500016,2.0885307794418915,0.1729464832920021,0.9981841026104407,310.9426875000001,116.36276765785573,-0.22303968090344156,0.7725731315927755,1.0,0.9991931319236755,0.0,1.0837911367416382,0.03812059387564659
94,-6.938893903907228e-17,0.953125,0.8813869254510911,0.5942180015442461,0.0,0.03125,0.0,61,0.03418380793001745,0.41745373606681824,1.422,0.984375,63,0.96875,47,0.746031746031746,0.8949728771839147,54.34333333333333,37.30663258618546,-0.28030759340835254,0.6382194994199503,3.5873015873015874,1.7148735029929527,-0.2674546885249764,0.536081146003558,2.682234285714287,1.7741502686519615,0.17405562558887772,0.8479303303749574,302.8012222222222,98.21293498255277,-0.27709371770584046,0.6520700415573689,0.984375,0.9990240335464478,0.0,1.0648607015609741,0.037607185542583466
95,0.0,0.9375,0.8880830685297648,0.6000803107256204,0.0,0.046875,0.0,60,0.052364256497245125,0.4635799825191498,1.4349999999999998,1.0,63,0.984375,48,0.7619047619047619,0.9062889518030189,55.24174603174604,31.34699623794678,-0.26493808769569244,0.5362656144609986,3.507936507936508,1.717075918605369,-0.2922647533049382,0.5367696361361652,2.2624263492063506,1.67662729900323,-0.026585711611762024,0.8013205897376958,280.23380952380955,97.96653654163617,-0.42692666729349293,0.6504341160895403,0.984375,0.9982771873474121,0.00041911148582585156,1.0837911367416382,0.03800622746348381
96,0.0,0.9375,0.8750599677364032,0.6085129215140299,0.0,0.0625,0.0,60,0.04576964394095012,0.48444023728370667,1.448,1.0,64,1.0,47,0.734375,0.9054604954803382,52.733125,41.32349981680369,-0.3078540720160832,0.7069376552931469,3.1875,2.207055447876197,-0.3924353898540337,0.6899405767981768,2.355026250000001,1.75284864368378,0.017671117057158108,0.8377495163729295,279.138203125,108.95972925124967,-0.4342007815446266,0.7234217691749436,1.0,0.9979106783866882,0.0030647986568510532,1.0837911367416382,0.03594575822353363
97,-1.3183898417423734e-16,0.953125,0.902478926250192,0.5760002353261751,0.0,0.046875,0.0,61,0.04946023988442923,0.41944101452827454,1.4609999999999999,1.0,64,1.0,53,0.828125,0.911195754353646,53.8396875,39.1605112393511,-0.2889236643145744,0.669934543742842,3.328125,1.8879112755569314,-0.348475056322039,0.5901739331718847,2.721215625000002,1.8680750789054865,0.19268621200707847,0.8928203810070215,296.06193750000006,110.97385460279533,-0.32183818715548057,0.7367942521571235,1.0,0.9984878301620483,0.0034467901568859816,1.0648608207702637,0.0406595915555954
98,-1.457167719820518e-16,0.96875,0.843403390338344,0.6663373414214527,0.0,0.03125,0.0,62,0.051622686272611115,0.49046558141708374,1.474,1.0,64,1.0,49,0.765625,0.8921947173848028,43.616718750000004,28.999208828361137,-0.46381208350218,0.49610107530489517,2.796875,1.6025340041244054,-0.5145474274429079,0.5009630529256666,2.4815653125000017,1.6162418508920338,0.07814869382549401,0.7724602085898964,259.23435937500005,86.64103739989633,-0.5663493648602508,0.5752401643221466,1.0,0.99880450963974,0.00047755491686984897,1.0446386337280273,0.039171889424324036
99,-5.551115123125783e-17,0.921875,0.8926428182650421,0.6451259755838266,0.0,0.078125,0.0,59,0.058850284322340546,0.3225597143173218,1.4869999999999999,1.0,64,1.0,46,0.71875,0.9043444674075187,43.223906250000006,34.78777675137793,-0.4705320842027721,0.5951284242260674,2.984375,1.9881853181670466,-0.45593364940024833,0.6215202823824953,2.7418318750000017,1.3366621890270605,0.2025394606199342,0.6388390158194485,272.2735156250001,95.67375342929623,-0.47977784391628375,0.6352115267268342,1.0,0.9977031350135803,0.0026490066666156054,1.1014961004257202,0.04278651997447014
100,4.163336342344337e-17,0.96875,0.8770566734094773,0.6036578176280117,0.0,0.03125,0.0,62,0.05320928326820028,0.3960973620414734,1.5,1.0,64,1.0,50,0.78125,0.9055376620047518,41.70609375,32.00033874904625,-0.49649791029885487,0.5474426063650624,2.78125,1.780701669988547,-0.519431908946463,0.5566594797061442,2.7587296875000016,1.759103446698746,0.21061553398807445,0.8407389120744222,269.817328125,84.42375938310683,-0.49608533218635986,0.5605188797091878,1.0,0.9980576634407043,0.000900495273526758,1.0446385145187378,0.0448882095515728
101,2.7755575615628914e-17,0.9375,0.8696751077969869,0.5911552210292083,0.0,0.03125,0.0,60,0.05118548966546774,0.40825167298316956,1.5,1.0,62,0.96875,52,0.8387096774193549,0.9054677638734125,43.08887096774193,30.346307906630024,-0.47284218683794516,0.5191464385500412,2.725806451612903,1.7975732282513885,-0.5367639400881097,0.5619336438194881,2.888374354838712,1.8085112857368335,0.27257739119388547,0.8643526983578753,271.59029032258076,99.75327442897715,-0.4843140157700294,0.6622968941305135,0.96875,0.9983460903167725,0.0033301617950201035,1.0837911367416382,0.04576012119650841
102,2.42861286636753e-17,0.921875,0.8918792398299201,0.6753050681932999,0.0,0.078125,0.0,59,0.05462774499784354,0.36670875549316406,1.5,1.0,64,1.0,48,0.75,0.9048164978946579,42.554218750000004,29.92498161051479,-0.48198869637569886,0.5119386409237634,2.734375,1.6605927734923454,-0.5340853534571278,0.5191126199718661,2.7111067187500018,1.439337945924549,0.18785480151849285,0.6879114591214117,266.38621875,89.57779189192712,-0.518865667924637,0.5947383050100559,1.0,0.9979455471038818,0.006647673435509205,1.1014959812164307,0.04690423607826233
103,-8.326672684688674e-17,0.96875,0.8735146166816834,0.6145798649588153,0.0,0.03125,0.0,62,0.049094459804428024,0.35007691383361816,1.5,1.0,64,1.0,47,0.734375,0.904693912133425,43.94453125,32.94946907433067,-0.45820406382443857,0.5636797588254971,2.6875,1.8360538526960477,-0.5487387979677927,0.5739629493135798,2.7171012500000016,1.9165729326387357,0.19071980396674515,0.9159992525294187,264.300546875,94.30793075925038,-0.5327131733112531,0.6261433520981562,1.0,1.0014638900756836,0.011183597147464752,1.0446386337280273,0.04504243656992912
104,6.938893903907228e-18,0.890625,0.8747935561757338,0.6250329392649239,0.0,0.09375,0.0,57,0.057499419925627855,0.3812328577041626,1.5,1.0,63,0.984375,40,0.6349206349206349,0.9057243358062427,40.27539682539684,28.1422991144239,-0.5209734153697685,0.48144157776344104,2.7142857142857144,1.665986255670086,-0.5403654011045556,0.5207986592638294,2.566649682539684,1.5205794492169273,0.11881357958644517,0.7267397004175712,257.179253968254,93.5473904657494,-0.5799939287684543,0.6210938589649214,0.984375,1.0009007453918457,0.021297192201018333,1.1334558725357056,0.041631780564785004
105,5.551115123125783e-17,0.953125,0.8577895882676859,0.6107555598840044,0.0,0.046875,0.0,61,0.05479034025672779,0.40539300441741943,1.5,1.0,64,1.0,50,0.78125,0.8918430040171748,45.46578125,32.4809718722308,-0.4321794310396474,0.555664989625595,2.828125,1.5667909829887967,-0.504778464435798,0.4897895408861111,3.1283039062500015,2.0113175130827012,0.38724836771126414,0.9612811008692046,293.63864062500005,100.60073119195125,-0.33792730305724855,0.6679234561179825,1.0,0.999048113822937,0.007741935551166534,1.0648608207702637,0.04017508029937744
106,0.0,0.9375,0.873236391445001,0.5976607640173424,0.0,0.0625,0.0,60,0.061771562988554955,0.436064749956131,1.5,1.0,64,1.0,49,0.765625,0.9123603970142776,51.21421875,34.227584992073986,-0.33383860933130044,0.5855449995260171,3.203125,1.9699277231347854,-0.38755090835047873,0.6158128337274889,2.846421093750002,1.8386747865931856,0.25252641627715183,0.8787689221120365,291.65459375000006,112.39810663909657,-0.35110008450872277,0.7462503597937001,1.0,0.9986487627029419,0.002862985711544752,1.0837911367416382,0.04001554474234581
107,-3.3306690738754696e-16,0.984375,0.8587207377903046,0.6075284889971263,0.0,0.015625,0.0,63,0.05138219254350457,0.33704766631126404,1.5,1.0,64,1.0,52,0.8125,0.9025191717819118,53.187031250000004,36.333140161552556,-0.3000889160752637,0.6215655747725568,3.390625,1.808117006549908,-0.3289371303078191,0.565229700784397,2.671482343750001,1.716979063313986,0.16891688516590517,0.8206061516474148,297.314546875,88.17831131433519,-0.31352167520767577,0.5854466637557627,1.0,0.9999440908432007,0.01771058328449726,1.0230478048324585,0.04309096559882164
108,-6.938893903907228e-17,0.96875,0.8499152631528916,0.5981518887290708,0.0,0.03125,0.0,62,0.04837784713891341,0.3965741991996765,1.5,1.0,64,1.0,43,0.671875,0.9026302816606732,48.656875,29.791944636669406,-0.37758811269907744,0.5096627241506321,3.109375,1.4482444922646867,-0.41685779737180856,0.45273109984590204,2.5994279687500015,1.4811185851369446,0.1344795034636587,0.707879931824438,272.81242187500004,94.60078211354231,-0.476199856750994,0.6280876947124686,1.0,1.000124454498291,0.009918846189975739,1.0446386337280273,0.05236753076314926
109,5.898059818321144e-17,0.96875,0.8903904413023302,0.6375451133070669,0.0,0.03125,0.0,62,0.056749600166478335,0.42013019323349,1.5,1.0,64,1.0,53,0.828125,0.9096737459070312,51.41765625000001,35.612580236053326,-0.3303583225722824,0.6092386676497605,3.328125,1.8796167120918563,-0.348475056322039,0.5875809960950705,2.7335135937500015,1.4249794208232978,0.19856385432936682,0.6810490026835746,286.86975,86.40019650784227,-0.38286833645498947,0.5736411373658876,1.0,0.9996269345283508,0.004961660131812096,1.0446386337280273,0.05285456031560898
110,-6.938893903907228e-18,0.921875,0.8599469272767083,0.6138722017434095,0.0,0.0625,0.0,59,0.04173352480605029,0.4350370764732361,1.5,1.0,63,0.984375,47,0.746031746031746,0.9055744577809534,54.89666666666667,33.751836164043645,-0.27084149854716294,0.5774061738581228,3.1904761904761907,1.7804684853180872,-0.3915050124247851,0.5565865845887187,2.52698031746032,1.613444320030288,0.09985416085408044,0.771123167804937,270.7727777777777,92.65765095701092,-0.4897417676151208,0.6151865670329432,0.984375,0.9991111755371094,0.005260850302875042,1.1014961004257202,0.04444711282849312
111,-2.7755575615628914e-17,0.90625,0.8670712914960138,0.6128842125400596,0.0,0.078125,0.0,58,0.04694190706594818,0.40249720215797424,1.5,0.984375,63,0.96875,45,0.7142857142857143,0.9050993815420695,56.20460317460318,38.56456210356025,-0.2484661050714885,0.6597394032877093,3.365079365079365,2.0877692758676036,-0.3369228699088693,0.6526509063466023,2.069560317460318,1.7289054220756097,-0.11876333653232712,0.8263061881683333,257.1692698412698,84.61726249153958,-0.5800602168811011,0.5618036145557703,0.984375,0.999618411064148,0.006094702519476414,1.1180338859558105,0.04031902179121971
112,-2.0816681711721685e-17,0.984375,0.8875600000222524,0.582692552249249,0.0,0.015625,0.0,63,0.051790133119045206,0.3854651153087616,1.5,1.0,64,1.0,54,0.84375,0.9050654953295032,51.829062500000006,39.174167298056176,-0.32332023114640374,0.6701681634063339,3.578125,2.4862414372652952,-0.2703233522651595,0.7772160200764324,2.7872310937500018,1.7895173066772072,0.2242373828498827,0.8552747914726815,306.57703125000006,114.68334785848506,-0.2520248003570901,0.7614228758900777,1.0,0.9995330572128296,0.00041597336530685425,1.0230478048324585,0.04135259613394737
113,1.3877787807814457e-17,0.921875,0.8690041697631448,0.6171161547208246,0.0,0.078125,0.0,59,0.0487504738749268,0.4336499273777008,1.5,1.0,64,1.0,49,0.765625,0.8925366714485916,50.67609375,34.88645943526959,-0.3430445291454768,0.5968166284071672,3.296875,2.2338286045207227,-0.35824401932914895,0.6983100480571826,2.5040748437500016,1.7236130872276638,0.08890680975662096,0.8237767906785236,280.09950000000003,99.86471136930712,-0.4278183952190211,0.663036762970854,1.0,0.9991158843040466,0.0009233610471710563,1.1014961004257202,0.03770727291703224
114,-5.898059818321144e-17,0.953125,0.8636352327026304,0.6343080098559467,0.0,0.046875,0.0,61,0.036045334897568296,0.3947218060493469,1.5,1.0,64,1.0,51,0.796875,0.9058467026493084,53.863749999999996,34.62370338276222,-0.2885120174936153,0.5923215554221314,3.328125,1.9689360031181815,-0.348475056322039,0.6155028152905092,2.4063145312500014,1.7211589794370128,0.04218363442003076,0.8226038841516804,280.33556250000004,90.20044041585858,-0.42625109367964154,0.5988722864346794,1.0,0.999077558517456,0.0026821636129170656,1.0648608207702637,0.040210794657468796
115,-7.632783294297951e-17,0.96875,0.8895894337084985,0.6372701061281975,0.0,0.03125,0.0,62,0.04592051503674131,0.3464083671569824,1.5,1.0,64,1.0,46,0.71875,0.8959695190149177,52.54906249999999,36.62424929771385,-0.3110029028932901,0.6265456953108612,3.421875,2.1050882367195443,-0.3191681673007092,0.6580649315588964,2.5600987500000008,1.5084397233715756,0.11568265291648608,0.7209376880804022,276.58762500000006,87.73114297679952,-0.4511349622028005,0.5824777566918223,1.0,0.9999948143959045,0.0009195402381010354,1.0446386337280273,0.03608961030840874
116,3.8163916471489756e-17,1.0,0.8715026983991265,0.6282612460889596,0.0,0.0,0.0,64,0.050655325557402764,0.3727201223373413,1.5,1.0,64,1.0,55,0.859375,0.8895709157087092,49.82265625,30.199411896290897,-0.3576446261330003,0.5166334296911247,3.28125,2.003658762738805,-0.3631285008327039,0.6263573866261458,2.8151339062500016,1.6638698936784189,0.2375731421931386,0.7952233661242679,295.5475156250001,100.10735051573897,-0.32525361398768804,0.6646477291671639,1.0,0.9987611770629883,0.002223210409283638,1.0,0.03720899298787117
117,0.0,0.90625,0.8931200262801401,0.5995340722410061,0.0,0.09375,0.0,58,0.044695788682996854,0.42863187193870544,1.5,1.0,64,1.0,52,0.8125,0.8989048659432756,53.13875,32.69334472125023,-0.3009148827484869,0.559298136977569,3.453125,2.1060158438091108,-0.30939920429359924,0.658354907857876,2.7829404687500015,1.9639084484520528,0.22218673858482296,0.9386226008845454,302.9788125000001,107.23559399618608,-0.27591463371011815,0.7119746319152787,1.0,0.9990471005439758,0.00042337001650594175,1.1180340051651,0.03810334578156471
118,-4.163336342344337e-17,0.953125,0.910986700507461,0.6071195669317885,0.0,0.046875,0.0,61,0.057632864995666236,0.4126456379890442,1.5,1.0,64,1.0,52,0.8125,0.9066139510187551,52.89203125,32.28422027378892,-0.30513559917897015,0.5522990812612428,3.46875,1.6674151964942625,-0.30451472279004427,0.5212453559054527,2.8089868750000013,2.075073154702832,0.23463525450079656,0.9917522189122671,293.34757812500004,97.31687094146451,-0.33985976884196945,0.64612075884207,1.0,0.9999380111694336,0.001682085799984634,1.0648608207702637,0.03918657824397087
119,2.7755575615628914e-17,0.921875,0.8583956810377412,0.6229935758350934,0.0,0.078125,0.0,59,0.047150856503265566,0.4882919490337372,1.5,1.0,64,1.0,54,0.84375,0.8976723488640074,55.00671875,37.690208279749505,-0.26895879349805785,0.6447814823748728,3.390625,2.043413102966456,-0.3289371303078191,0.6387848643559373,2.3110065625000016,1.7155396837941586,-0.0033674774882959824,0.8199182203186274,284.403171875,94.16010409296811,-0.3992448117202789,0.6251618791338965,1.0,0.9976835250854492,0.003010752610862255,1.1014961004257202,0.03727154806256294
120,-9.71445146547012e-17,0.9375,0.8432062794764836,0.5795081820867535,0.0,0.046875,0.0,60,0.050897469597647724,0.41852322220802307,1.5,1.0,63,0.984375,47,0.746031746031746,0.9021956850391838,55.464285714285715,32.888117008469976,-0.26113101225238,0.5626301844724237,3.3333333333333335,1.9436506316151,-0.346846895820854,0.6075984358078009,2.7066295238095246,1.828556958220152,0.18571498875735823,0.8739332474194175,289.28490476190484,99.11725318998431,-0.3668332788911103,0.65807412657128,0.984375,0.9987935423851013,0.0008916629594750702,1.0837911367416382,0.04640791565179825
121,2.7755575615628914e-17,0.96875,0.9085849138998217,0.6332270923445044,0.0,0.03125,0.0,62,0.04066048706464827,0.45218440890312195,1.5,1.0,64,1.0,50,0.78125,0.8979636654059748,48.8859375,30.317513539967187,-0.3736694488060512,0.5186538417916707,2.8125,1.4776988021921111,-0.509662945939353,0.46193871789649277,2.4326703125000018,1.7663786211748762,0.05478001179430094,0.8442159800579407,258.043921875,69.5926593469331,-0.5742530959750409,0.4620500169402735,1.0,1.0010745525360107,0.0013780432054772973,1.0446386337280273,0.04376588016748428
122,-2.42861286636753e-16,0.96875,0.8918365211256088,0.6875679847443676,0.0,0.03125,0.0,62,0.04057631733742516,0.4002685844898224,1.5,1.0,64,1.0,55,0.859375,0.8972493609834763,44.78984375,27.053335947958175,-0.44374296446477124,0.46281224890662337,2.6875,1.5194057226429023,-0.5487387979677927,0.47497658551326893,2.6178821875000016,1.4877429359577192,0.14329943945103643,0.7110459477359578,266.84642187500003,75.89353499615534,-0.5158102183456492,0.5038837351482268,1.0,0.9980632066726685,0.0,1.0446386337280273,0.04519367218017578
123,-2.7755575615628914e-17,0.921875,0.8939533390231051,0.5942299997563115,0.0,0.0625,0.0,59,0.042716497198626066,0.4322139024734497,1.5,1.0,63,0.984375,55,0.873015873015873,0.8971070984682823,56.84571428571428,37.48558350248188,-0.23749836062388566,0.6412808843883093,3.3174603174603177,2.022299467762919,-0.3518089087768463,0.6321845980759703,2.4165712698412714,1.7337086233956636,0.047085699310437865,0.8286018111232397,279.11942857142867,101.07999363221862,-0.43432543237529025,0.6711054471601761,0.984375,0.9992319345474243,0.0004370629321783781,1.1014959812164307,0.04352574422955513
124,6.938893903907228e-18,0.96875,0.9167193092646138,0.6270866112235471,0.0,0.015625,0.0,62,0.039746927587590165,0.40727415680885315,1.5,1.0,63,0.984375,47,0.746031746031746,0.8944020152353014,43.658095238095235,31.19813480673967,-0.46310423935519385,0.5337189823604342,2.6031746031746033,1.6382305838019897,-0.5750994917965021,0.5121220470488882,2.9603538095238107,1.551104764206539,0.30697896577850037,0.7413288481810286,268.92015873015873,89.7341654116956,-0.5020419537320053,0.5957765235252853,0.984375,0.9993259310722351,0.0009174311999231577,1.0446386337280273,0.041109878569841385
125,-1.3877787807814457e-17,0.953125,0.8615487247216896,0.5955727606510294,0.0,0.046875,0.0,61,0.04282213177248272,0.4597386121749878,1.5,1.0,64,1.0,51,0.796875,0.901658271248442,53.88375,39.837019000077056,-0.2881698694865843,0.6815078328465095,3.25,2.4173849507267144,-0.37289746383981387,0.7556910130429937,2.690175937500001,1.773390769028114,0.1778512270897021,0.8475673381423672,292.10743750000006,110.5642625407668,-0.348093496395518,0.7340748271347886,1.0,0.9981339573860168,0.0013077593175694346,1.0648608207702637,0.04557490348815918
126,-2.7755575615628914e-17,0.921875,0.8915496501377074,0.6058580437626371,0.0,0.0625,0.0,59,0.044793848299815725,0.36950743198394775,1.5,1.0,63,0.984375,49,0.7777777777777778,0.8976251692781274,44.31587301587301,36.12027156443646,-0.45185137156839844,0.6179239464594195,2.7936507936507935,1.8700541555584942,-0.5155553363245939,0.5845916757421805,2.8508495238095253,1.3539146822776829,0.2546429225448352,0.6470846038963295,268.46747619047625,93.6292945128799,-0.5050474715135022,0.6216376485932996,0.984375,0.9973292946815491,0.00873563252389431,1.1014961004257202,0.04577135294675827
127,-6.938893903907228e-17,0.921875,0.8950994873450975,0.6764186635118098,0.0,0.078125,0.0,59,0.03208214902622449,0.36693015694618225,1.5,1.0,64,1.0,47,0.734375,0.8900159167553345,44.79015625,30.062787134397336,-0.4437376184021614,0.5142961351914768,2.703125,1.7291588227733738,-0.5438543164642378,0.5405468343389075,2.570276093750001,1.5882896469902168,0.12054677215190694,0.7591008433162971,275.3904375000001,97.5877104472682,-0.45908350892951866,0.6479189570919863,1.0,0.9970055818557739,0.01503416895866394,1.1014959812164307,0.04139057174324989
128,-1.5265566588595902e-16,0.984375,0.8572705548907084,0.6002520378896028,0.0,0.015625,0.0,63,0.04769354254981123,0.40096887946128845,1.5,1.0,64,1.0,47,0.734375,0.8996143795904039,51.11109375,34.10154359213393,-0.3356028099925537,0.5833887588363732,3.203125,1.993581007728304,-0.38755090835047873,0.6232070117175921,3.007990468750002,1.6907991030301615,0.3297462414198781,0.8080938054471496,303.1566250000001,104.0266518984589,-0.2747340743033049,0.6906693424705443,1.0,0.9990513324737549,0.004278989974409342,1.023047924041748,0.045372799038887024
129,1.3877787807814457e-16,0.9375,0.8980950449903806,0.6142282884946378,0.0,0.0625,0.0,60,0.05029983555985229,0.3378985524177551,1.5,1.0,64,1.0,46,0.71875,0.9081616004436744,43.32890625,33.05329867791127,-0.4687358071658597,0.5654560134222929,2.75,1.9525624189766635,-0.5292008719535729,0.6103843212817959,2.5965485937500015,1.8028762463889028,0.13310334641644392,0.8616595100409705,263.81870312500007,96.09798848874911,-0.5359123025720011,0.6380281717328783,1.0,1.0012387037277222,0.02658289112150669,1.0837911367416382,0.0466473288834095
130,-4.163336342344337e-17,1.0,0.9016640381887555,0.6350715850273136,0.0,0.0,0.0,64,0.038463361980083266,0.3322862684726715,1.5,1.0,64,1.0,50,0.78125,0.9013097259056503,44.525625000000005,28.557975236514494,-0.44826306040140657,0.48855271560062347,3.09375,1.7113476962616334,-0.42174227887536353,0.5349789547866467,2.8162835937500015,1.4497318263188461,0.23812261926896913,0.6928790690202681,286.900515625,79.48569646345823,-0.3826640727052516,0.5277333520818933,1.0,0.9991461634635925,0.000895255128853023,1.0000001192092896,0.04268766567111015
131,2.7755575615628914e-17,0.96875,0.8975998711201453,0.6334823582705954,0.0,0.03125,0.0,62,0.040881414868932,0.31519147753715515,1.5,1.0,64,1.0,50,0.78125,0.8977762275266,46.915,33.15161077346017,-0.40738706568642863,0.5671378778002475,2.9375,1.757795138803154,-0.47058709391091325,0.5494987419214621,2.6441501562500016,1.5054187902358904,0.15585384806795163,0.7194938753002544,269.51968750000003,72.70437930024298,-0.4980614724447421,0.4827098145487058,1.0,1.0008118152618408,0.000974658876657486,1.0446386337280273,0.04108564183115959
132,0.0,0.9375,0.883645199239254,0.6251243219636502,0.0,0.0625,0.0,60,0.038614754530772566,0.37091585993766785,1.5,1.0,64,1.0,46,0.71875,0.9014710601411219,43.770468750000006,29.3978689400741,-0.4611818206981296,0.5029211134401613,2.90625,1.765279280312325,-0.4803560569180232,0.5518383355708402,2.7852035937500013,1.7096284932043433,0.223268367555512,0.8170930493743759,270.14123437500007,93.3008264191264,-0.4939348052528582,0.61945683398286,1.0,1.0014516115188599,0.0038778476882725954,1.0837911367416382,0.04129971191287041
133,-1.1102230246251565e-16,0.9375,0.8818638463815053,0.6187476290226382,0.0,0.0625,0.0,60,0.04108912050771591,0.3936508595943451,1.5,1.0,64,1.0,43,0.671875,0.8943613081382906,42.060156250000006,29.686850913545644,-0.4904408213618851,0.5078648437547192,2.609375,1.6067940469689947,-0.5731612054855676,0.5022947713563065,2.9142456250000013,1.572107119085994,0.2849422032634686,0.7513666302259057,263.37353125000004,89.08181517325258,-0.5388679544225746,0.5914453420249354,1.0,0.9980371594429016,0.0039024390280246735,1.0837911367416382,0.03949678689241409
134,-4.163336342344337e-17,0.984375,0.8612067737276592,0.6451903624761788,0.0,0.015625,0.0,63,0.049744205167238605,0.39151936769485474,1.5,0.984375,64,0.984375,53,0.828125,0.8991818980317582,49.713125000000005,35.78698444769236,-0.3595184210777556,0.6122222703212654,3.234375,1.942470941706722,-0.37778194534336884,0.6072296567014072,2.7718915625000013,1.8263298131012824,0.21690606823102984,0.8728688145301612,287.24665625,91.96537441685237,-0.38036592397597757,0.6105903008446802,1.0,0.9990353584289551,0.0017613386735320091,1.023047924041748,0.044856589287519455
135,2.42861286636753e-17,0.953125,0.9007912009465889,0.6058631304530446,0.0,0.046875,0.0,61,0.05114646439394351,0.400503009557724,1.5,1.0,64,1.0,42,0.65625,0.9008611377060053,50.43046875,36.16890538802319,-0.3472465343568255,0.6187559447501443,3.359375,2.049139968224474,-0.33870609331492907,0.6405751214712103,2.7712635937500014,1.9078968886695378,0.21660593934168995,0.9118526585462949,290.35760937500004,95.30984694989834,-0.3597112176090192,0.6327954242736683,1.0,0.9993240833282471,0.012158054858446121,1.0648608207702637,0.045127518475055695
136,2.7755575615628914e-17,0.90625,0.9063511074616991,0.6586106520409506,0.0,0.09375,0.0,58,0.04937716321618048,0.3780711889266968,1.5,1.0,64,1.0,53,0.828125,0.9019419396286935,44.615781250000005,31.80407805045838,-0.4467207213384624,0.5440850960210454,2.84375,1.9463005773775026,-0.499893982932243,0.6084268269157611,2.593651093750001,1.407083099780489,0.13171852677874288,0.672495706109742,272.35762500000004,104.75668427755882,-0.4792194123445021,0.6955162828848847,1.0,0.9971170425415039,0.0009033423848450184,1.1180338859558105,0.047809671610593796
137,-2.42861286636753e-17,0.953125,0.8602498899229237,0.6144451034046963,0.0,0.046875,0.0,61,0.05134759876399371,0.4285460114479065,1.5,1.0,64,1.0,53,0.828125,0.8958516542889735,57.069218750000005,33.61967710213988,-0.23367478027299168,0.5751452758760501,3.515625,1.7047011055827352,-0.28986127827937935,0.5329011852357489,2.5326940625000014,1.633732955343108,0.10258496545658838,0.7808198375558753,288.37640625,87.21639050332638,-0.3728651184091721,0.5790601349006701,1.0,0.9991523623466492,0.0008609556825831532,1.0648608207702637,0.05013251304626465
138,-4.85722573273506e-17,0.96875,0.8788904018940464,0.6299069469706488,0.0,0.03125,0.0,62,0.050477650479188244,0.45127758383750916,1.5,1.0,64,1.0,53,0.828125,0.8995279405763038,53.23765625,35.02786371867882,-0.2992228539324667,0.5992356880948725,3.390625,1.9253018229293297,-0.3289371303078191,0.6018624731429744,2.799897500000002,1.4899409042905458,0.23029111472705155,0.7120964359880174,291.71462500000007,100.91937324349269,-0.3507015160341201,0.6700390321958938,1.0,0.9983420968055725,0.0025020851753652096,1.0446386337280273,0.04310738295316696
139,-2.7755575615628914e-17,0.953125,0.886134177934928,0.644309551296467,0.0,0.046875,0.0,61,0.04677947433748263,0.42245543003082275,1.5,1.0,64,1.0,53,0.828125,0.9049627553206397,44.04109375,30.122277528288112,-0.4565521304779922,0.5153138611768375,2.796875,1.6972375303342193,-0.5145474274429079,0.5305680207396358,2.9202560937500017,1.612015578897482,0.28781482281714854,0.7704403209445744,267.90900000000005,82.46337493491434,-0.5087553903614351,0.5475032013891338,1.0,0.9985081553459167,0.004422821570187807,1.0648608207702637,0.04035414010286331
140,3.469446951953614e-18,0.96875,0.8718050021317697,0.6107535254741819,0.0,0.03125,0.0,62,0.029190062676891844,0.36911076307296753,1.5,1.0,64,1.0,49,0.765625,0.8989456221300264,52.29546875,35.038573027169264,-0.31534123270119013,0.5994188965227066,3.359375,2.109259256083756,-0.33870609331492907,0.6593688206427661,2.8688314062500018,1.4384523907179165,0.26323711199311806,0.6874882203844271,288.558671875,99.1922918535406,-0.37165499314726685,0.6585723345158063,1.0,0.999668300151825,0.006932409014552832,1.0446386337280273,0.04474281892180443
141,1.5265566588595902e-16,0.953125,0.8475484838251208,0.6140880178909326,0.0,0.046875,0.0,61,0.04502741558886225,0.4513092339038849,1.5,1.0,64,1.0,49,0.765625,0.8981622318651618,54.247031250000006,36.21494808258081,-0.2819550717026237,0.6195436155592056,3.4375,2.0453835214941964,-0.3142836857971542,0.6394008306185299,2.5468325000000016,1.5146152775653556,0.10934223410073199,0.7238892079151674,277.518671875,98.61091343175701,-0.44495341621213325,0.6547123597403827,1.0,0.9982981085777283,0.0,1.0648608207702637,0.04341540113091469
142,-3.469446951953614e-17,0.953125,0.8973230079549258,0.6416499175108814,0.0,0.046875,0.0,61,0.043864060517798065,0.4115636944770813,1.5,1.0,64,1.0,49,0.765625,0.8990462642778865,47.15328125,33.92827618920387,-0.40331069294641153,0.5804246040065758,3.140625,1.9354197501769481,-0.4070888343646986,0.605025406166674,2.6227251562500014,1.7554920634548896,0.14561406869340784,0.8390129019155418,271.710703125,96.94547669287492,-0.4835145530404866,0.6436549424691552,1.0,0.999107837677002,0.0018867924809455872,1.0648608207702637,0.04543330892920494
143,-1.3877787807814457e-17,0.953125,0.88357383452478,0.6153507960446428,0.0,0.03125,0.0,61,0.05167411689900593,0.41680708527565,1.5,1.0,63,0.984375,45,0.7142857142857143,0.893420124255266,49.45333333333334,33.22421769236774,-0.3639627811274179,0.5683799934302916,3.365079365079365,1.9542512657215292,-0.3369228699088693,0.6109122662858045,2.3710119047619056,1.6550465067381694,0.025311237380123072,0.7910063516269804,268.7076666666667,92.78508763223023,-0.5034527628957524,0.6160326637117661,0.984375,0.9994747042655945,0.003314394038170576,1.0648607015609741,0.039067961275577545
144,8.326672684688674e-17,0.984375,0.8818020664510273,0.6443374695651202,0.0,0.015625,0.0,63,0.05911014272004277,0.49149203300476074,1.5,1.0,64,1.0,50,0.78125,0.8885140217569237,43.370312500000004,27.998133250760556,-0.4680274538700534,0.4789752746167257,2.828125,1.505766909045022,-0.504778464435798,0.47071299941731504,2.8449089062500015,1.4302866692567244,0.25180368739160003,0.6835855279131747,276.51729687500006,69.56539326073882,-0.4516018952335622,0.461868987853209,1.0,0.9994162321090698,0.0004672897339332849,1.023047924041748,0.051208026707172394
145,1.3877787807814457e-17,0.9375,0.9156102875868479,0.6320762112542601,0.0,0.0625,0.0,60,0.02982148501124407,0.3399491310119629,1.5,1.0,64,1.0,51,0.796875,0.8977829146879295,44.88640625,28.32590975851369,-0.44209103111832504,0.48458267856069054,2.875,1.625,-0.4901250199251331,0.5079860763697168,2.865305312500001,1.5908624118451546,0.2615518647560603,0.7603304603289992,279.43409375000005,103.15466145379702,-0.43223626014859584,0.6848798927856397,1.0,0.9991167187690735,0.00045599634177051485,1.0837911367416382,0.04654466360807419
146,-4.85722573273506e-17,0.96875,0.9036040599307706,0.6415566164841845,0.0,0.03125,0.0,62,0.06016900324668917,0.3410216271877289,1.5,1.0,64,1.0,47,0.734375,0.8917605461260255,51.03375,29.41142584630164,-0.33692596048849377,0.5031530368625242,3.109375,1.7420999137176374,-0.41685779737180856,0.5445923075775044,2.401560937500001,1.5033189118130423,0.039911720710055845,0.7184902677500407,269.22756250000003,66.5372504825481,-0.5000009925387479,0.4417640883553247,1.0,0.9986070394515991,0.0043923864141106606,1.0446386337280273,0.051510877907276154
147,-6.245004513516506e-17,0.96875,0.9022353887557983,0.6101721281579756,0.0,0.03125,0.0,62,0.04001537780494501,0.38367849588394165,1.5,1.0,64,1.0,50,0.78125,0.9009815793040232,49.93359375000001,37.25100918797316,-0.35574677390650045,0.6372679276778189,3.1875,1.9273929931386593,-0.3924353898540337,0.6025161872043028,2.6992639062500015,1.881173893111375,0.18219469476590983,0.8990807762245915,294.0021875,103.53354694461892,-0.3355135881435116,0.6873954461370348,1.0,0.9990854263305664,0.0008547008619643748,1.0446386337280273,0.052507396787405014
148,4.85722573273506e-17,0.921875,0.9171389694941245,0.6531630836879916,0.0,0.078125,0.0,59,0.041819879368961255,0.4498007595539093,1.5,1.0,64,1.0,50,0.78125,0.896129032205706,42.2696875,26.347489620025353,-0.48685628638197503,0.45073705318800716,2.78125,1.6150536949278187,-0.519431908946463,0.5048767936078745,2.7105287500000017,1.4429824375420137,0.18757856943049372,0.6896532929648289,266.626515625,85.24883237983241,-0.5172702528879597,0.5659968280401108,1.0,0.9972186088562012,0.018214935436844826,1.1014961004257202,0.04354911297559738
149,4.85722573273506e-17,1.0,0.886746175121516,0.6412957210239625,0.0,0.0,0.0,64,0.03644172197406148,0.34325045347213745,1.5,1.0,64,1.0,54,0.84375,0.8918331734959904,43.520624999999995,27.306707502175634,-0.46545599775471164,0.4671467775223152,2.9375,1.529654781315052,-0.47058709391091325,0.4781805111140987,2.4626564062500016,1.8871345696686954,0.06911144630092315,0.9019295982955354,269.51951562500005,83.17903421949106,-0.49806261358300863,0.5522547137995688,1.0,1.0003105401992798,0.0061349691823124886,1.0,0.050187848508358
150,1.1796119636642288e-16,0.90625,0.9097844043682362,0.6111379512160968,0.0,0.09375,0.0,58,0.04339549886581656,0.35951346158981323,1.5,1.0,64,1.0,50,0.78125,0.9075623551124371,44.485625,33.289435912303695,-0.44894735641546857,0.5694957076289513,2.78125,2.0575224026726904,-0.519431908946463,0.643195527616303,2.593815312500001,1.5914690273611696,0.13179701283564674,0.7606203837385287,268.02675,119.41851526407041,-0.5079736069089094,0.7928613092032625,1.0,0.9995221495628357,0.0004553734033834189,1.1180340051651,0.05880061164498329
151,-6.938893903907228e-17,0.9375,0.8893150692184766,0.6657012121124648,0.0,0.046875,0.0,60,0.046471339602320444,0.32281917333602905,1.5,1.0,63,0.984375,52,0.8253968253968254,0.9006451828730335,37.59047619047619,28.422774426900148,-0.5669054275834863,0.4862397812226975,2.4126984126984126,1.609839986477219,-0.6346436472684103,0.503246952808394,2.826433174603176,1.3939040075576095,0.2429734696157883,0.6661969431356906,259.2574126984127,81.03880077922211,-0.5661963057794038,0.5380449550892059,0.984375,0.9982454776763916,0.006310679484158754,1.0837911367416382,0.05060886591672897
152,-4.85722573273506e-17,0.96875,0.888836664057547,0.6422684234302843,0.0,0.03125,0.0,62,0.042466806766595,0.3154386281967163,1.5,1.0,64,1.0,54,0.84375,0.9052600821534162,40.346875,28.20253628194413,-0.5197506096204344,0.4824720791042529,2.40625,1.3546073001058276,-0.6366594650317822,0.4234594753246368,2.8219353125000013,1.6433784463035008,0.2408237792730284,0.78542976518218,266.30901562500003,91.92967181246021,-0.5193782464860661,0.6103532587612334,1.0,0.9988025426864624,0.006320541724562645,1.0446386337280273,0.05058049410581589
153,3.7470027081099033e-16,0.96875,0.919767496085936,0.6104472466817991,0.0,0.03125,0.0,62,0.06324530990490611,0.4238848090171814,1.5,1.0,64,1.0,44,0.6875,0.9015603357186734,46.564062500000006,36.476044181367776,-0.4133906939972996,0.6240102910513812,3.0,1.9525624189766635,-0.45104916789669336,0.6103843212817959,2.5503254687500014,1.4984831209415272,0.11101164970690112,0.7161790690743932,273.5741875,82.7158237706583,-0.4711422282131753,0.549179297545347,1.0,1.000344157218933,0.003738317871466279,1.0446386337280273,0.04782906174659729
154,2.0816681711721685e-17,0.96875,0.9230957377341485,0.6285163865935331,0.0,0.03125,0.0,62,0.045302232471383194,0.35009101033210754,1.5,0.984375,64,0.984375,47,0.734375,0.896273459854541,34.47656250000001,22.263064578660185,-0.620176395746626,0.3808631587994886,2.25,1.224744871391589,-0.6855042800673319,0.38286359493670563,3.157797812500002,1.4595037171880876,0.4013445680796879,0.6975494077167979,266.44275000000005,74.69663966128267,-0.5184903371747377,0.495937128208022,1.0,0.9989713430404663,0.0028763182926923037,1.0446386337280273,0.04739329218864441
155,8.326672684688674e-17,0.96875,0.8959027624899342,0.6767912458603585,0.0,0.03125,0.0,62,0.06579492045261943,0.35510292649269104,1.5,1.0,64,1.0,53,0.828125,0.8911813257696588,35.71125000000001,25.298370902342707,-0.5990541023750752,0.43278935926830836,2.453125,1.4676691501748615,-0.6220060205211173,0.45880338031151047,3.350633593750002,1.554528158865023,0.49350773519836993,0.7429650118223293,274.1083125,83.03103968450503,-0.4675959854396678,0.5512721262962451,1.0,0.9994719624519348,0.0009501187596470118,1.0446386337280273,0.043442584574222565
156,2.0816681711721685e-17,0.9375,0.8510661194721858,0.6482678388769537,0.0,0.0625,0.0,60,0.06047290521546464,0.43692585825920105,1.5,1.0,64,1.0,56,0.875,0.8998602369631595,42.59171875,37.28277775808019,-0.48134716886251594,0.6378114053252361,2.890625,2.0548508727824997,-0.48524053842157816,0.6423603891628739,2.956976875000002,1.7281730421720618,0.3053650071093717,0.8259561574271115,287.465734375,100.33095898454066,-0.37891138764531557,0.6661323440355618,1.0,0.9991692900657654,0.000428265513619408,1.0837911367416382,0.04472716152667999
157,2.7755575615628914e-17,1.0,0.8683035711292177,0.6097134715805959,0.0,0.0,0.0,64,0.06491428630431031,0.3988461494445801,1.5,1.0,64,1.0,53,0.828125,0.9033336214950841,43.5765625,29.785320850774696,-0.46449905254754686,0.5095494083934883,2.9375,1.7842628029525247,-0.47058709391091325,0.5577727141441761,3.0076459375000018,1.7876066160640611,0.32958157752313894,0.8543616035925589,285.910125,96.8353627538612,-0.38923962261745537,0.6429238574974916,1.0,0.9993863105773926,0.0009115770226344466,1.0,0.0474495068192482
158,-1.3183898417423734e-16,0.984375,0.8525877112434024,0.6417596285672665,0.0,0.015625,0.0,63,0.03695966129654925,0.38977035880088806,1.5,1.0,64,1.0,48,0.75,0.8960383772134034,46.5565625,32.917905994437035,-0.41351899949993637,0.5631397965814289,2.984375,1.8665826687760176,-0.45593364940024833,0.5835064653115347,2.7096237500000018,1.735621743637116,0.1871460373262248,0.8295161602102618,283.660390625,93.55979909889477,-0.4041763963495498,0.6211762442223441,1.0,0.9990106225013733,0.0022977942135185003,1.0230478048324585,0.04606291651725769
159,-4.163336342344337e-17,0.96875,0.8880002777422628,0.6021480993190241,0.0,0.03125,0.0,62,0.041873752024393265,0.3600952923297882,1.5,1.0,64,1.0,43,0.671875,0.9055549009501969,44.51484375,29.32208148265716,-0.4484474995614468,0.5016245870645039,2.921875,1.7616104803204935,-0.4754715754144682,0.5506914436860182,2.534018281250001,1.5932427811979055,0.10321785730459919,0.7614681245998087,271.429421875,86.97177822697809,-0.48538207768384845,0.5774360684044167,1.0,0.9974947571754456,0.007078810594975948,1.0446386337280273,0.055131345987319946
160,6.591949208711867e-17,0.921875,0.8824149302001727,0.6435896596492614,0.0,0.046875,0.0,59,0.05377588802017429,0.5080617666244507,1.5,0.984375,62,0.953125,44,0.7096774193548387,0.9019946205926352,41.762741935483874,29.136256161815833,-0.49552880711059355,0.4984455989054166,2.5161290322580645,1.4782502241793036,-0.6023105305874279,0.46211109616830687,2.2984070967741945,1.6911601688222586,-0.009389216077298968,0.8082663717972439,247.5735,80.13408497933833,-0.6437698905639343,0.5320382303198806,0.96875,0.9986135959625244,0.003593429224565625,1.1014961004257202,0.049093034118413925
161,-1.0408340855860843e-16,0.9375,0.9049555122852325,0.6556610155696568,0.0,0.0625,0.0,60,0.025301634597167187,0.3056211769580841,1.5,1.0,64,1.0,41,0.640625,0.8857692670955698,38.17703125,28.672444234386845,-0.5568709953519868,0.49051098257506615,2.328125,1.5212524393982085,-0.661081872549557,0.47555388175861923,2.7189206250000018,1.5520014245733598,0.19158934882553452,0.7417573944741507,243.84604687499998,79.48539008019608,-0.6685177561536724,0.5277313178962078,1.0,0.9963701367378235,0.00800000037997961,1.0837911367416382,0.04667609557509422
162,1.8735013540549517e-16,0.953125,0.8925940626468815,0.6044180727502928,0.0,0.03125,0.0,61,0.04185874332557797,0.347146213054657,1.5,1.0,63,0.984375,42,0.6666666666666666,0.9022999673536517,46.50428571428572,33.117096995036945,-0.4144133194022425,0.5665474367751168,2.8095238095238093,1.8589734567564888,-0.5105933233686016,0.5811277737681096,2.610988253968255,1.7278561726744897,0.14000458024973647,0.8258047140784225,268.627634920635,83.61042077155746,-0.5039841216619888,0.5551188400674907,0.984375,0.9992331266403198,0.0009319664677605033,1.0648608207702637,0.05094175785779953
163,1.3877787807814457e-17,0.9375,0.9141010865569115,0.6351766386715197,0.0,0.0625,0.0,60,0.03602261139127851,0.3489909768104553,1.5,1.0,64,1.0,49,0.765625,0.897695054578844,41.61234375000001,30.86470333073584,-0.49810172908181233,0.5280148366106294,2.46875,1.310638560969423,-0.6171215390175623,0.4097145477696671,2.793585781250002,1.7789003889515274,0.22727451694529324,0.8502005839978324,272.866,87.27043650629925,-0.47584413283131394,0.5794189652259301,1.0,0.9987562298774719,0.0004500450158957392,1.0837911367416382,0.05258101969957352
164,-7.632783294297951e-17,0.921875,0.9093500067621975,0.6016016320800928,0.0,0.0625,0.0,59,0.05348767971204501,0.42234352231025696,1.5,1.0,63,0.984375,45,0.7142857142857143,0.9032143039867441,42.78,31.056768093999164,-0.4781261661400762,0.5313005654092002,2.634920634920635,1.7302315406261022,-0.5651754658845174,0.5408821732515593,3.272975396825399,1.8390280354318187,0.45639208511049134,0.8789377524584503,285.93949206349214,97.727557970538,-0.3890446444069463,0.6488474537337621,0.984375,0.9986680746078491,0.0008525149314664304,1.1014959812164307,0.04997981712222099
165,-4.163336342344337e-17,0.96875,0.9126869680420044,0.6022933159640934,0.0,0.03125,0.0,62,0.03977160993831577,0.3465113937854767,1.5,1.0,64,1.0,42,0.65625,0.9050717490673429,49.0025,32.39593748643493,-0.37167536745257396,0.5542102723441371,3.0,1.7853571071357126,-0.45104916789669336,0.5581148010908669,2.727840781250001,1.7548760769890444,0.19585261286224168,0.8387184997914829,279.38951562500006,93.54849078018185,-0.43253222991903856,0.6211011643374553,1.0,0.9996154308319092,0.0021635654848068953,1.0446386337280273,0.04198295623064041
166,-4.163336342344337e-17,0.96875,0.9182875377516593,0.6818719334364597,0.0,0.03125,0.0,62,0.0471332090265549,0.35089296102523804,1.5,1.0,64,1.0,50,0.78125,0.8971928215167598,43.00625,29.716768808830818,-0.4742556168105386,0.5083766611670383,2.78125,1.6438212912296761,-0.519431908946463,0.5138697402983168,3.195990000000002,1.423186882365596,0.4195979904288689,0.6801922839751848,292.82634375000004,83.94971480859446,-0.343320426245475,0.5573715319035527,1.0,0.9989411234855652,0.003470715833827853,1.0446386337280273,0.039010368287563324
167,1.700029006457271e-16,0.953125,0.8990549152014685,0.6316160664127854,0.0,0.03125,0.0,61,0.04102317619332048,0.31435316801071167,1.5,1.0,63,0.984375,58,0.9206349206349206,0.9031009213258091,39.899365079365076,29.93825184285815,-0.5274063409940252,0.5121656601012192,2.7936507936507935,1.818413141792976,-0.5155553363245939,0.5684483428421805,3.25795396825397,1.625152891098608,0.4492128032219546,0.7767191157410286,292.3217301587302,91.58964347137132,-0.3466707324499296,0.6080956916236265,0.984375,0.9977812767028809,0.011513859033584595,1.0648608207702637,0.04054497927427292
168,1.3183898417423734e-16,0.921875,0.8736971202543227,0.6641868253485441,0.0,0.078125,0.0,59,0.06101491831986943,0.444000244140625,1.5,1.0,64,1.0,55,0.859375,0.9017338798406432,44.901562500000004,24.60881734884051,-0.44183174708174683,0.4209928905647143,2.90625,1.7113476962616334,-0.4803560569180232,0.5349789547866467,2.540780000000001,1.7045918969552887,0.10644952629842486,0.8146858785744238,269.69351562500003,93.8204314260413,-0.4969073666977473,0.6229066734415077,1.0,0.9987790584564209,0.0031847134232521057,1.1014961004257202,0.04172874242067337
169,6.245004513516506e-17,0.984375,0.8680725830887991,0.6356963426797042,0.0,0.015625,0.0,63,0.047244097723251964,0.46841081976890564,1.5,1.0,64,1.0,46,0.71875,0.9001622324136124,49.474374999999995,31.47525401381814,-0.36360281291168767,0.538459771581029,3.078125,1.5542752280001764,-0.4266267603789185,0.4858770305664348,2.5829270312500014,1.7983584034775657,0.1265931109561612,0.859500270150145,276.767203125,82.47171525460638,-0.4499426801937933,0.5475585756899746,1.0,0.9989809393882751,0.0008884940179996192,1.023047924041748,0.040406081825494766
170,2.0816681711721685e-17,0.921875,0.874244670241566,0.6557716208779037,0.0,0.078125,0.0,59,0.054254716696099485,0.47184842824935913,1.5,1.0,64,1.0,49,0.765625,0.9035697154513672,45.2203125,28.3301650172099,-0.43637876321969127,0.484655474974806,2.890625,1.6309236982075526,-0.48524053842157816,0.5098378648066725,2.7377129687500013,1.7352681416234723,0.2005708869319793,0.8293471610687866,281.42053125000007,94.80080313477853,-0.4190476065012302,0.6294157042628707,1.0,0.9998735189437866,0.008658008649945259,1.1014961004257202,0.04331414774060249
171,0.0,0.984375,0.8974909299895877,0.6496398940567727,0.0,0.015625,0.0,63,0.04297787029017494,0.43020713329315186,1.5,1.0,64,1.0,50,0.78125,0.9002920862124624,54.69515625,39.044460394217076,-0.27428881792008675,0.6679492154739988,3.1875,2.1569292408421745,-0.3924353898540337,0.6742707828077096,2.7375584375000015,1.6256674674760712,0.20049703088033544,0.776965050330367,295.183125,82.44874691522388,-0.32767293085291677,0.5474060808478409,1.0,1.0001522302627563,0.00040650405571796,1.023047924041748,0.04105379432439804
172,-1.1102230246251565e-16,0.90625,0.8873385766456867,0.6219211303497396,0.0,0.09375,0.0,58,0.035894274344461866,0.4070900082588196,1.5,1.0,64,1.0,47,0.734375,0.9114912837116498,48.862500000000004,39.37079346577866,-0.37407040350179044,0.673531925977153,2.921875,1.9945604739829275,-0.4754715754144682,0.6235131995450522,2.5420407812500017,1.9198654725822477,0.10705209907973486,0.9175728759881555,273.25746875000004,100.97984467920587,-0.4732450348191601,0.6704405232174739,1.0,0.9995095133781433,0.000454132619779557,1.1180340051651,0.04315585270524025
173,-6.938893903907228e-17,0.9375,0.8636566119889418,0.6529177287935287,0.0,0.0625,0.0,60,0.03817242621431953,0.32605502009391785,1.5,1.0,64,1.0,48,0.75,0.9076574915589707,40.34015625,26.89643520130662,-0.5198655499665463,0.4601280850181986,2.78125,1.6627231993028786,-0.519431908946463,0.5197786056017057,2.735808437500002,1.793524328853163,0.1996606428334068,0.8571898917308235,270.61806250000006,105.10966030441067,-0.4907689764815288,0.6978598142388649,1.0,0.9986358284950256,0.0013654984068125486,1.0837910175323486,0.04586879536509514
174,-3.469446951953614e-17,0.890625,0.9004841755356705,0.6630558129232613,0.0,0.109375,0.0,57,0.03688331871050402,0.3968244791030884,1.5,1.0,64,1.0,45,0.703125,0.9085077436908636,36.77046875,23.640957469882082,-0.5809336231589599,0.40443532413117245,2.484375,1.3577576585587725,-0.6122370575140074,0.4244442988505873,2.5532832812500015,1.7986677712720252,0.11242529486121935,0.859648128164654,249.33210937500002,79.7824418318963,-0.6320938675589893,0.5297035484186972,1.0,0.9984835982322693,0.0024166263174265623,1.1334558725357056,0.0420025996863842
175,2.0816681711721685e-17,0.921875,0.8898838995876959,0.6283715697787514,0.0,0.078125,0.0,59,0.04303550733784919,0.3634815514087677,1.5,1.0,64,1.0,52,0.8125,0.9125970078631362,45.295156250000005,34.676468470716365,-0.43509838122463,0.5932242289063475,2.921875,1.8566155995183817,-0.4754715754144682,0.580390691523786,2.639285000000002,1.9678454089792297,0.15352861461998527,0.9405042161566378,272.23540625000004,91.34429133686993,-0.4800308653919622,0.6064667129502072,1.0,1.000460147857666,0.0022727272007614374,1.1014961004257202,0.04482931271195412
176,1.3877787807814457e-16,0.984375,0.8792980055487345,0.6276012682717808,0.0,0.015625,0.0,63,0.05542146008998492,0.4661875069141388,1.5,1.0,64,1.0,51,0.796875,0.89670939151192,47.84234375,31.97518836644025,-0.3915226248916736,0.5470123487008269,3.125,1.824314939915803,-0.4119733158682536,0.570293285163375,2.905786562500002,1.7187687281863477,0.2808993125416265,0.8214614969658444,294.09256250000004,92.15871579811977,-0.3349135568949164,0.6118739619280211,1.0,0.9982252717018127,0.000856531027238816,1.023047924041748,0.03654623031616211
177,1.3877787807814457e-17,0.953125,0.8896722363643959,0.682466883410292,0.0,0.046875,0.0,61,0.03156781950888411,0.3363713324069977,1.5,1.0,64,1.0,52,0.8125,0.8923542655329616,41.32781250000001,31.932726525303845,-0.5029693190880885,0.5462859369848426,3.046875,1.931884503373584,-0.43639572338602844,0.6039202639188959,3.044682968750002,1.5738908551894581,0.34728290908384285,0.7522191419720844,298.69698437500006,97.1259481177167,-0.30434318890914874,0.6448531554083918,1.0,0.9982088804244995,0.0,1.0648608207702637,0.04228170961141586
178,9.71445146547012e-17,0.953125,0.9058028702608875,0.6223226298791854,0.0,0.046875,0.0,61,0.03794082643704065,0.366555392742157,1.5,1.0,64,1.0,50,0.78125,0.892630442725675,46.932812500000004,32.85395935370414,-0.40708234011766664,0.5620458357972747,3.140625,1.8359873663440607,-0.4070888343646986,0.5739421652267626,2.468299062500001,1.6969233126176841,0.0718082750097393,0.8110207858448018,270.9411875,91.73380327642914,-0.4886236365401492,0.6090528190131264,1.0,0.9983392357826233,0.007877664640545845,1.0648608207702637,0.04654094949364662
179,-1.3877787807814457e-17,0.953125,0.8635061388133002,0.6627258290951151,0.0,0.046875,0.0,61,0.03606141527926088,0.4021241068840027,1.5,1.0,64,1.0,47,0.734375,0.8906200638033925,49.1575,27.949932356805444,-0.3690237203980841,0.4781506826265331,3.15625,1.5634372189186236,-0.40220435286114364,0.48874113137775604,2.0185132812500006,1.3966698168982346,-0.14316055419944465,0.6675188230628809,267.291,85.22831632646368,-0.5128585086090882,0.5658606147829148,1.0,0.9997598528862,0.00046511628897860646,1.0648608207702637,0.046935129910707474
180,0.0,0.96875,0.8644419872472363,0.6899110534472681,0.0,0.03125,0.0,62,0.029242381105219924,0.3921353220939636,1.5,1.0,64,1.0,54,0.84375,0.894601590646843,40.01921875,31.16682226867456,-0.525355956266871,0.5331833062357314,2.765625,1.558667174022408,-0.5243163904500179,0.4872499828294877,2.686526562500002,1.544153685571222,0.17610705930183895,0.738006677275976,266.264078125,90.7440074294346,-0.5196766022728848,0.6024812180402229,1.0,0.9991047978401184,0.0018939394503831863,1.0446385145187378,0.055792436003685
181,-1.3877787807814457e-17,0.9375,0.8958771546681722,0.6962757931636632,0.0,0.046875,0.0,60,0.030824024091435726,0.3517489731311798,1.5,1.0,63,0.984375,54,0.8571428571428571,0.895809849025501,39.269523809523804,26.9362699618151,-0.5381812877551266,0.4608095542141251,2.6666666666666665,1.391584685352615,-0.5552514399725328,0.4350188579990534,2.573338730158732,1.484662525952159,0.1220105164286794,0.7095737088169345,255.7861428571429,65.73692795707422,-0.5892432809060075,0.4364504670636103,0.984375,0.9992805123329163,0.0,1.0837911367416382,0.052202124148607254
182,-1.3877787807814457e-17,0.96875,0.8999356156395327,0.6408011707322544,0.0,0.03125,0.0,62,0.04114240807797188,0.37987104058265686,1.5,1.0,64,1.0,55,0.859375,0.9001011149362919,45.147031250000005,29.137356160074365,-0.43763241490170296,0.4984644170160113,3.21875,1.7272517006794348,-0.3826664268469238,0.539950654972964,2.660857500000002,1.8449306705698674,0.16383888955848436,0.8817588344440769,285.941796875,95.05983584106711,-0.3890293419568567,0.6311355130394267,1.0,0.9990621209144592,0.0,1.0446386337280273,0.044964756816625595
183,8.326672684688674e-17,1.0,0.8858425039798021,0.6405824599517821,0.0,0.0,0.0,64,0.02493986186666343,0.3685818314552307,1.5,1.0,64,1.0,50,0.78125,0.8929477444314686,50.272343750000005,30.348635561493307,-0.34995164203741386,0.5191862586736675,3.265625,1.7787125567035837,-0.3680129823362589,0.5560376693350159,2.6715926562500014,1.588183946316755,0.16896960748386353,0.7590503251563909,288.39120312500006,76.77725694993033,-0.37276687677839376,0.5097510744271679,1.0,0.9986907243728638,0.004880213178694248,0.9999999403953552,0.044359929859638214
184,-2.0816681711721685e-17,0.96875,0.9075896566913974,0.6101129016710547,0.0,0.03125,0.0,62,0.05688678174352524,0.4928009510040283,1.5,1.0,64,1.0,54,0.84375,0.9015312112685729,50.49703125,33.850051591526764,-0.3461078230209257,0.5790863844967749,3.25,1.713913650100261,-0.37289746383981387,0.5357810894467269,2.8696400000000017,1.7829708784357656,0.2636235680773017,0.8521460175691276,296.15709375000006,87.53240393450714,-0.3212064115151032,0.5811582586482125,1.0,1.0002760887145996,0.0016949152341112494,1.0446386337280273,0.04319867119193077
185,-1.6653345369377348e-16,0.953125,0.8612628403257151,0.6299461618571357,0.0,0.046875,0.0,61,0.052581995400435205,0.4136649966239929,1.5,1.0,64,1.0,49,0.765625,0.9063813346085734,55.208124999999995,34.70573281511824,-0.2655132561460041,0.593724865762056,3.515625,1.6297257006548678,-0.28986127827937935,0.5094633626058793,2.012590468750001,1.6309563990305953,-0.14599127967327363,0.7794928212636407,268.0475625,74.10365198129475,-0.507835425438797,0.4920000755051227,1.0,0.9991994500160217,0.0009350163745693862,1.0648608207702637,0.050547901540994644
186,7.979727989493313e-17,0.921875,0.8393624626984031,0.5886828611318001,0.0,0.078125,0.0,59,0.05944032149815982,0.4118701219558716,1.5,1.0,64,1.0,50,0.78125,0.9038912062285547,55.33671875,33.11640317948038,-0.2633133513820472,0.5665355673946205,3.390625,1.8423591152039278,-0.3289371303078191,0.575934017351647,1.9734031250000008,1.6630912445906234,-0.1647203230466414,0.7948512216729626,264.697359375,99.45917283525932,-0.5300785962729897,0.6603442507391747,1.0,0.9975574612617493,0.0014038371155038476,1.1014961004257202,0.049344539642333984
187,-1.249000902703301e-16,0.921875,0.8930124458620103,0.6266225690183517,0.0,0.0625,0.0,59,0.05601569058629001,0.4027005434036255,1.5,1.0,63,0.984375,45,0.7142857142857143,0.9026843696225979,47.03047619047619,33.252097412237404,-0.4054115682648809,0.568856942959791,2.9047619047619047,1.7340134720031548,-0.4808212456326475,0.5420644307785306,3.0530296825396843,1.8736999591860681,0.3512721043094582,0.8955087139396412,288.0006349206349,95.27411483702085,-0.3753599957529627,0.6325581862730618,0.984375,0.9980214834213257,0.004017857369035482,1.1014961004257202,0.04126827418804169
188,2.7755575615628914e-17,0.96875,0.8673108282589144,0.6470458644583029,0.0,0.03125,0.0,62,0.05352777035722674,0.4426189959049225,1.5,1.0,64,1.0,46,0.71875,0.8985046049431586,46.39078125,35.40880740122644,-0.41635508571446617,0.6057526441836073,2.875,1.6441183047457382,-0.4901250199251331,0.5139625887479494,2.6587332812500013,1.5618835046807829,0.16282364888901996,0.746480396577375,268.99326562500005,86.54617088948866,-0.5015565714759331,0.574610312364307,1.0,0.9991869330406189,0.000961538462433964,1.0446386337280273,0.03745902702212334
189,-1.1796119636642288e-16,0.96875,0.8940750586409723,0.5639568421088692,0.0,0.015625,0.0,62,0.05906590344358144,0.3764546513557434,1.5,1.0,63,0.984375,50,0.7936507936507936,0.9076662574349958,48.20507936507936,32.868500377370324,-0.3853171615027463,0.5622945949106534,3.111111111111111,1.8004506588506968,-0.41631507720474686,0.5628331482380535,2.2638366666666676,1.5521889960505202,-0.02591167008822814,0.7418470416406889,265.4782063492064,90.19097511482943,-0.5248942799809335,0.5988094429890932,0.984375,0.9984455704689026,0.005270723719149828,1.0446386337280273,0.04774479568004608
190,-3.122502256758253e-17,0.890625,0.9003928105036417,0.6273678430052838,0.0,0.09375,0.0,57,0.05993288953315151,0.40933069586753845,1.5,1.0,63,0.984375,44,0.6984126984126984,0.9082164165696396,48.52984126984128,33.77552074449935,-0.37976132957905306,0.577811355458137,3.0793650793650795,1.8196597213868566,-0.4262391031167316,0.5688380321201977,2.5088720634920647,1.4282369537913204,0.09119957389990835,0.6826058950475351,267.8129841269842,104.90472503445835,-0.50939287333981,0.6964991772716659,0.984375,0.9985886216163635,0.0023094688076525927,1.1334558725357056,0.04703995957970619
191,-3.469446951953614e-17,0.9375,0.8743356302380562,0.6443371860738573,0.0,0.046875,0.0,60,0.06546933737406993,0.32786181569099426,1.5,1.0,63,0.984375,46,0.7301587301587301,0.9025175939769472,50.906984126984135,35.474047103321,-0.3390945950290895,0.6068687258861546,3.507936507936508,2.114748030868925,-0.2922647533049382,0.6610846490533475,2.5084993650793663,1.6381262326883799,0.09102144790134246,0.7829195430749775,285.91680952380955,93.79684228614852,-0.38919524172486664,0.6227500568875587,0.984375,0.9992210865020752,0.000875273544806987,1.0837911367416382,0.05088279768824577
192,1.3877787807814457e-17,0.921875,0.8984939506498434,0.6208316156667093,0.0,0.078125,0.0,59,0.0631580872913454,0.3401387631893158,1.5,1.0,64,1.0,42,0.65625,0.8956552496557997,49.51890625,29.737792406989644,-0.3628409989897827,0.5087363202775714,3.171875,1.5667909829887967,-0.39731987135758867,0.4897895408861111,2.4610709375000015,1.6914995276360187,0.06835369366590638,0.8084285636003576,269.55189062500006,92.37587132524068,-0.4978476646295009,0.6133157334586173,1.0,0.9991315603256226,0.004054054152220488,1.1014959812164307,0.03999730199575424
193,0.0,0.9375,0.9016705388824146,0.6239882342059173,0.0,0.046875,0.0,60,0.07369497259574573,0.38282710313796997,1.5,1.0,63,0.984375,49,0.7777777777777778,0.9079695900203865,48.62222222222222,31.861341926344572,-0.3781809316418151,0.5450647320715117,3.4444444444444446,1.8150847439901974,-0.3121128051289075,0.5674078630019153,2.747624285714287,1.629968097637668,0.20530786238240906,0.7790204764226079,290.48306349206354,92.15250669817877,-0.35887828382752013,0.6118327375408538,0.984375,1.000415563583374,0.0024370430037379265,1.0837910175323486,0.04459220543503761
194,-2.7755575615628914e-17,1.0,0.8716760342940688,0.5962570516677049,0.0,0.0,0.0,64,0.06202703153863556,0.3955698311328888,1.5,1.0,64,1.0,54,0.84375,0.8991211753485303,47.38203125,34.217350733020275,-0.39939737511599516,0.5853699179590839,3.421875,2.090190537815871,-0.3191681673007092,0.653407809335503,3.2416828125000023,1.9787460860451427,0.4414362316891908,0.9457140424431301,319.41996875000007,94.43099268264783,-0.1667560443543151,0.6269604032688412,1.0,0.9992737770080566,0.0034615383483469486,0.9999999403953552,0.04122769460082054
195,-2.0816681711721685e-17,0.953125,0.8772984977628364,0.623363638496665,0.0,0.046875,0.0,61,0.06476421238373897,0.32343724370002747,1.5,1.0,64,1.0,49,0.765625,0.9048685480213691,46.93734375,28.58535317923912,-0.4070048222098238,0.4890210810276154,3.0625,1.6476782908080085,-0.4315112418824735,0.5150754646566901,2.876287812500002,1.9295519018863796,0.2668007971705729,0.9222023695238113,297.31357812500005,85.00053609478094,-0.313528107077906,0.564348302120986,1.0,0.9996194839477539,0.0017189513891935349,1.0648607015609741,0.0429539680480957
196,-3.469446951953614e-18,1.0,0.9047417098190635,0.6311012384130987,0.0,0.0,0.0,64,0.08342699594501635,0.4090818464756012,1.5,1.0,64,1.0,51,0.796875,0.9028589636903475,47.9159375,28.55136756350024,-0.39026362714705193,0.4884396754929765,3.09375,1.6837342241280242,-0.42174227887536353,0.5263467951779719,3.116285312500002,1.4514518842631874,0.3815042487664676,0.6937011466800806,298.78232812500005,83.21229451755745,-0.3037765618898152,0.5524755405567187,1.0,1.00021493434906,0.00257179606705904,1.0,0.044606149196624756
197,2.7755575615628914e-16,0.953125,0.8896407235841282,0.6381072350240485,0.0,0.046875,0.0,61,0.04320320948915719,0.3179011344909668,1.5,1.0,64,1.0,54,0.84375,0.9033375217925085,41.525000000000006,28.418925527278475,-0.4995959535812678,0.48617393655595664,2.859375,1.5295749767092164,-0.49500950142868805,0.47815556365034817,2.951240312500002,1.8534320821080572,0.3026232972205373,0.8858219652969713,279.19620312500007,93.15678559694742,-0.4338156992495391,0.6185004965623268,1.0,0.9974331855773926,0.0008888888987712562,1.0648608207702637,0.048972178250551224
198,4.5102810375396984e-17,1.0,0.9114798801019788,0.6559796941286019,0.0,0.0,0.0,64,0.03954500337991435,0.28763875365257263,1.5,1.0,64,1.0,45,0.703125,0.8842529087340556,42.0925,22.223070993339334,-0.48988750388176483,0.3801789725239111,3.0625,1.4986973510352248,-0.4315112418824735,0.4685030073957366,2.9170235937500015,1.2774805538079244,0.2862698946104641,0.6105539802223107,279.05640625,72.33301274502858,-0.4347438596197294,0.4802441820417994,1.0,0.9994516968727112,0.00045289855916053057,1.0,0.04844583198428154
199,-5.551115123125783e-17,0.9375,0.8932913526892662,0.6282396217195155,0.0,0.0625,0.0,60,0.04083029504387704,0.36996889114379883,1.5,1.0,64,1.0,44,0.6875,0.8829232152592882,36.9178125,25.047071901518624,-0.5784129546384117,0.428490286653267,2.546875,1.6856905808525477,-0.5926991314997875,0.5269583656250305,3.294217656250002,1.5709518048182445,0.4665445261804917,0.7508144639150529,278.385125,92.98697928515655,-0.4392007307300565,0.6173730930405215,1.0,0.99784255027771,0.007285974454134703,1.0837910175323486,0.04251311346888542
