step,reward_mean,valid_frac,c_mean,qed_mean,tox_mean,undersized_frac,alerts_mean,n_rankable,d_var,d_loss,w_C,unique,n_valid,unique_smiles_frac,n_scaffolds,scaffold_frac,tanimoto_dist,tpsa_mean,tpsa_sd,tpsa_drift_sd,tpsa_spread_ratio,hba_mean,hba_sd,hba_drift_sd,hba_spread_ratio,logp_mean,logp_sd,logp_drift_sd,logp_spread_ratio,mw_mean,mw_sd,mw_drift_sd,mw_spread_ratio,rdkit_valid_frac,ratio_mean,clip_frac,adv_std,kl
0,1.062814032532687,0.984375,0.8619107802708944,0.5625941772915836,0.0,0.015625,0.0,63,6.56309355386497e-07,0.7393994927406311,0.0,1.0,64,1.0,58,0.90625,0.9098405494666016,62.50828125,33.5268727830139,-0.14062656054840467,0.5735576352344093,4.046875,2.109722193648965,-0.12378890715851043,0.6595135380811381,2.3035218750000013,1.836407974625564,-0.006944679294009307,0.8776855310066913,303.98498437500007,99.1649897685501,-0.26923430655706415,0.6583910664201373,1.0,0.9938871264457703,0.03754125535488129,1.0230478048324585,0.0037231280002743006
1,1.029576258967607,0.9375,0.8492086499929428,0.5850039870543496,0.0,0.03125,0.0,60,0.007359491366485392,0.6742426753044128,0.0,1.0,62,0.96875,50,0.8064516129032258,0.9046868150762543,54.72032258064517,36.10164619460528,-0.2738582874263604,0.617605314801022,3.403225806451613,1.9298978530494806,-0.3249980323210812,0.6032992234861205,2.655820322580647,1.805989283325623,0.16143144099630802,0.8631473425458397,298.85304838709686,98.304129132328,-0.30330702532365306,0.6526755114279545,0.96875,0.9942043423652649,0.013640238903462887,1.0837910175323486,0.006579623091965914
2,0.903339145332834,0.84375,0.8702906607477753,0.5155311605113473,0.0,0.15625,0.0,54,4.796208700162674e-07,0.6865693926811218,0.0,1.0,64,1.0,46,0.71875,0.913090801350415,56.3553125,36.464500372312024,-0.24588786030521353,0.6238128064882826,3.609375,2.2263843130454815,-0.2605543892580496,0.6959829118000378,2.354184687500001,1.8984814077926293,0.017268904019590234,0.9073526610254186,285.6538750000001,139.15293108915512,-0.39094095603324935,0.9238850012399518,1.0,0.995100736618042,0.005652173887938261,1.1734495162963867,0.012149663642048836
3,0.9638756938290771,0.859375,0.8840510579672727,0.6087060793058042,0.0,0.109375,0.0,55,0.007379241890830125,0.6773204207420349,0.0,1.0,62,0.96875,49,0.7903225806451613,0.9145946874869665,48.45306451612903,31.953585319996396,-0.3810747802425006,0.5466427767364989,3.3548387096774195,2.0007802848336396,-0.34012416859015465,0.6254575548126307,2.5775727419354855,1.8148324164783236,0.12403410319475533,0.8673737944694507,273.01054838709683,104.07645393057837,-0.47488442550968635,0.6909999955882783,0.96875,0.9967393279075623,0.0075365048833191395,1.1611261367797852,0.01840011402964592
4,1.0864032757815192,0.953125,0.8956697353574096,0.6136696064001187,0.0,0.046875,0.0,61,5.051807395427049e-06,0.6814853549003601,0.0,1.0,64,1.0,51,0.796875,0.8973934739720091,43.7046875,31.561120859410927,-0.46230716687750495,0.5399287300855092,3.09375,1.6271020058681016,-0.42174227887536353,0.5086431777318355,2.7938781250000018,1.943411430767328,0.22741423855563286,0.9288263376907204,268.6345,76.79467762929607,-0.5039385419978882,0.5098667364132393,1.0,0.999184250831604,0.00799200776964426,1.0648607015609741,0.02396765723824501
5,1.0468918904052076,0.9375,0.8842455397049586,0.5792977869169909,0.0,0.0625,0.0,60,8.641690191876078e-06,0.6534045934677124,0.0,1.0,64,1.0,53,0.828125,0.9090226273197434,45.727031249999996,32.99536097505259,-0.42771012269780573,0.5644648499440406,3.234375,1.7918407740016968,-0.37778194534336884,0.5601416395473221,2.8046225000000016,1.7263401604785933,0.23254936245375937,0.8250801572329104,279.04407812500006,92.38798436760882,-0.43482571035540357,0.6133961561854383,1.0,0.9992953538894653,0.014397906139492989,1.0837910175323486,0.03514702990651131
6,0.9418115270705099,0.84375,0.8924942645761702,0.5785305145922925,0.0,0.15625,0.0,54,1.7944934407000115e-05,0.657054603099823,0.0,1.0,64,1.0,50,0.78125,0.9067495320788235,45.183125000000004,25.977084725953663,-0.4370149446702643,0.4444003883729503,3.203125,1.6787242877777757,-0.38755090835047873,0.5247806549260182,3.0829720312500015,2.043158996909092,0.3655826314856216,0.9764992931371319,279.610328125,109.99599879712318,-0.43106617846586753,0.7303019252965626,1.0,0.9971320033073425,0.003227293724194169,1.1734496355056763,0.029063589870929718
7,1.1237702043862479,0.96875,0.897735865846757,0.656219363512576,0.0,0.015625,0.0,62,0.0038092616903150317,0.6476582884788513,0.0,1.0,63,0.984375,51,0.8095238095238095,0.8987345761388155,38.76603174603174,27.06790541029319,-0.5467947280591119,0.46306149453169526,2.9523809523809526,1.7766436291597743,-0.4659352067646704,0.5553909084825402,2.9502685714285732,1.4849696630206337,0.3021588671537641,0.7097205006871293,270.81658730158733,81.20226938099292,-0.4894509008569262,0.5391302803365264,0.984375,0.9993814826011658,0.01165048498660326,1.0446386337280273,0.03193094581365585
8,1.0430712711560437,0.921875,0.8833196358913082,0.6588250403645826,0.0,0.0625,0.0,59,0.0037662490004779004,0.6519538760185242,0.0,1.0,63,0.984375,54,0.8571428571428571,0.8992012118092846,38.574920634920645,25.052838756428503,-0.5500641423485185,0.42858894254897956,2.7777777777777777,1.3966450099973926,-0.5205173492805862,0.436600749975335,2.613346031746033,1.5185190362475416,0.1411314471929638,0.7257549548293818,257.6614920634921,82.671719007642,-0.5767921813116826,0.5488864705907505,0.984375,0.9995532631874084,0.0019990005530416965,1.1014961004257202,0.03143947944045067
9,1.0557173426613538,0.9375,0.8617902435362339,0.6223509062098999,0.0,0.046875,0.0,60,0.0037426978159501604,0.6208100914955139,0.0,1.0,63,0.984375,51,0.8095238095238095,0.9014035672899383,37.62936507936508,24.9271313188532,-0.5662401397920371,0.4264384150872117,2.6666666666666665,1.3093073414159542,-0.5552514399725328,0.4092983994633574,2.82205396825397,2.0511002442317228,0.24088048913263904,0.9802947013304772,258.22620634920634,82.15299836921754,-0.5730428455666595,0.5454425027639649,0.984375,0.9995415806770325,0.003911980427801609,1.0837910175323486,0.03181063011288643
10,1.0724677779108565,0.9375,0.9027642592787742,0.6762676116539471,0.0,0.046875,0.0,60,0.003674106477633939,0.628896176815033,0.0,1.0,63,0.984375,52,0.8253968253968254,0.8961316433793168,33.425555555555555,22.206844488843423,-0.6381563923174935,0.37990137921519335,2.5238095238095237,1.3434986647300842,-0.5999095565764638,0.41998684018719323,3.13547031746032,1.3906687352401745,0.390673453811657,0.6646506899386263,263.7414761904762,68.14718234142067,-0.5364250392131907,0.45245298930616246,0.984375,0.9990792870521545,0.010989011265337467,1.0837911367416382,0.037947893142700195
11,1.125308733784223,1.0,0.8875552038662136,0.6563669586584349,0.0,0.0,0.0,64,0.00013075295200205058,0.5772481560707092,0.0,0.984375,64,0.984375,56,0.875,0.8913802568676881,36.426874999999995,22.419920820765068,-0.5868116189984994,0.38354656133081605,2.90625,1.2338804388999771,-0.4803560569180232,0.38571943560993444,3.246462968750002,1.505058326242792,0.4437208405748778,0.7193215965715825,287.53156250000006,74.93903648568183,-0.3784743316891724,0.4975464855435645,1.0,0.9990752339363098,0.00046533270506188273,0.9999998807907104,0.03521248698234558
12,1.057884101911458,0.96875,0.8663124855487577,0.6208739867967852,0.0,0.03125,0.0,62,9.373296406664424e-05,0.5911450386047363,0.0,1.0,64,1.0,54,0.84375,0.8978289113982927,40.36046875,28.14400193811771,-0.5195180558969055,0.48147070865009917,3.046875,1.8576672830124883,-0.43639572338602844,0.5807194549525576,2.6823301562500013,1.3005643965836204,0.1741014455718057,0.6215865803221838,268.33953125000005,103.68473243985363,-0.5058969427432154,0.6883992195420154,1.0,0.9988510608673096,0.009915716014802456,1.0446385145187378,0.03798306733369827
13,1.0478860190549266,0.953125,0.8755055421688518,0.647558187112598,0.0,0.015625,0.0,61,0.006489397023067835,0.6018344759941101,0.0,1.0,62,0.96875,51,0.8225806451612904,0.8863014364156804,41.042419354838714,25.974547944495885,-0.5078516538799499,0.4443569906369478,2.806451612903226,1.4793057403610452,-0.5115537129729871,0.46244105772135774,2.8124904838709694,1.7236116002026085,0.23630975540410612,0.8237760799756769,269.4236774193548,75.76967384752601,-0.49869891696554147,0.5030613776415662,0.96875,0.9992387294769287,0.003921568859368563,1.0648608207702637,0.03963275998830795
14,1.0252168160248583,0.9375,0.9002801368633906,0.6539565563091302,0.0,0.046875,0.0,60,0.003478171306513302,0.5778697729110718,0.0,1.0,63,0.984375,55,0.873015873015873,0.8844437235421445,31.01333333333333,22.984927359343246,-0.679423243609948,0.39321235438751484,2.4761904761904763,1.3316315670580536,-0.6147955954444408,0.4162771045660788,3.462364761904764,1.732061068462106,0.5469080857778241,0.8278143852643334,277.46661904761913,79.4492030028709,-0.4452990131471953,0.527491059227434,0.984375,0.9980508685112,0.0024666995741426945,1.0837910175323486,0.046151239424943924
15,1.0442591639329577,0.953125,0.8477823543744009,0.6533364005035424,0.0,0.03125,0.0,61,0.0034285981328647758,0.5625894069671631,0.0,1.0,63,0.984375,48,0.7619047619047619,0.892424353154638,37.26142857142856,27.40350057914006,-0.5725345769372574,0.4688026554412038,2.6507936507936507,1.210519108884928,-0.5602134529285251,0.3784165246110896,2.566941269841271,1.7675167882406881,0.1189529396628359,0.8447599511032283,253.66739682539682,71.72432360628466,-0.6033103771924142,0.4762028818600384,0.984375,0.9976534247398376,0.006852925755083561,1.0648608207702637,0.042647942900657654
16,1.0580470962067086,0.984375,0.8998114759959872,0.6838797718780468,0.0,0.015625,0.0,63,0.0008469589726492906,0.5450824499130249,0.0,0.984375,64,0.984375,53,0.828125,0.8917999611792102,39.49484375,19.6218910747814,-0.5343266493262135,0.3356795462707356,2.90625,1.3546073001058276,-0.4803560569180232,0.4234594753246368,2.6070915625000013,1.3839292574125899,0.13814221101166943,0.6614296506828925,262.005375,76.36966896543834,-0.5479516225051237,0.5070449551768554,1.0,0.9972183108329773,0.004550050478428602,1.0230478048324585,0.04886164516210556
17,1.0302548615991736,0.953125,0.9270633605659985,0.6710681340100493,0.0,0.015625,0.0,61,0.006865444820295452,0.5479452610015869,0.0,1.0,62,0.96875,50,0.8064516129032258,0.883371488603926,31.232419354838708,18.67334867125699,-0.6756752513286277,0.3194524516232247,2.370967741935484,1.0354034739163893,-0.6476889393946482,0.32367418349191446,2.8014998387096792,1.2837080638983769,0.231056930123569,0.6135303316519013,245.2388064516129,60.670059314198376,-0.6592707379766599,0.40280975316871737,0.96875,0.9970840215682983,0.007502679713070393,1.0648608207702637,0.042614229023456573
18,0.9941278694021822,0.9375,0.8792146176099778,0.6668881862304084,0.0,0.046875,0.0,60,0.004877508099218246,0.5482767224311829,0.0,1.0,63,0.984375,49,0.7777777777777778,0.8947701630593949,40.73619047619049,30.987539760493462,-0.5130904339061905,0.5301162485922478,2.8253968253968256,1.8130013924095068,-0.5056313104126091,0.566756593097193,2.2148541269841284,1.3815089294262841,-0.04932219048748282,0.6602728887415248,248.35414285714285,76.61397933318248,-0.6385869294764865,0.5086670171962434,0.984375,0.9960811734199524,0.007376185618340969,1.0837911367416382,0.04193706437945366
19,1.0389606726833134,0.984375,0.8873845967981551,0.6642121972444337,0.0,0.015625,0.0,63,0.0022811588007101598,0.5166820287704468,0.0,1.0,64,1.0,49,0.765625,0.8812292487314146,37.4365625,26.02509823581063,-0.5695384907060465,0.44522177470835644,2.84375,1.5433197781082182,-0.499893982932243,0.4824522822553696,2.6957400000000016,1.7735239696179408,0.18051049301391103,0.8476309995030386,271.36659375000005,71.63834697822436,-0.4857992155902451,0.4756320529418089,1.0,0.9984795451164246,0.0019685039296746254,1.0230478048324585,0.03968033194541931
20,0.8989613888665436,0.875,0.8976830707064697,0.6453977789134596,0.0,0.125,0.0,56,0.0038030652765995293,0.5753453969955444,0.0,1.0,64,1.0,45,0.703125,0.9027123718774297,36.01578125,24.53372734654578,-0.5938443643617681,0.41970829583305974,2.40625,1.2589523174052304,-0.6366594650317822,0.3935570757263048,2.423512500000001,1.5859377334600828,0.05040316327372006,0.7579767791082889,235.99685937499999,79.24348998909693,-0.7206312585169387,0.5261252585468585,1.0,0.9967506527900696,0.006648199632763863,1.1478065252304077,0.041151851415634155
21,0.9250868333686992,0.890625,0.896413643109171,0.6710720206990183,0.0,0.109375,0.0,57,0.002886104202217762,0.5279093980789185,0.0,0.984375,64,0.984375,50,0.78125,0.9038404220863463,34.53140625,23.477424120523974,-0.6192381617585959,0.4016376936528739,2.546875,1.5505008011526469,-0.5926991314997875,0.48469711900654494,2.7404414062500013,1.331384627850913,0.2018749055101465,0.6363166791996394,244.81875,89.24140042936214,-0.6620596397430956,0.5925048843815689,1.0,0.9969789385795593,0.00100351229775697,1.1334558725357056,0.03953448683023453
22,0.9443536133484387,0.90625,0.8983681453713055,0.6756681550276646,0.0,0.078125,0.0,58,0.007296943629651468,0.5404829978942871,0.0,1.0,63,0.984375,45,0.7142857142857143,0.886151774808829,38.78650793650794,28.74902792883807,-0.5464444336709611,0.4918211304964439,2.6507936507936507,1.4492332965731212,-0.5602134529285251,0.4530402068126338,2.76939396825397,1.4670710038188888,0.2157123779604818,0.7011660866229046,266.5989206349207,84.88800194846876,-0.5174534656830054,0.5636011485462002,0.984375,0.9973244071006775,0.006806028075516224,1.1180338859558105,0.04559629410505295
23,0.9824645833732226,0.921875,0.8822305091356827,0.6909677003725259,0.0,0.0625,0.0,59,0.010362923850212861,0.583012580871582,0.0,1.0,63,0.984375,56,0.8888888888888888,0.896458170911294,35.09746031746031,22.439452074928848,-0.6095544482059307,0.3838806903151637,2.4285714285714284,1.2562767579307543,-0.629681634312418,0.39272067759736146,3.01006634920635,1.4623058451846793,0.33073837947733126,0.6988886456381201,262.5772857142857,79.62311601407842,-0.5441545071526742,0.5286457285636634,0.984375,0.9993559122085571,0.003475670237094164,1.1014959812164307,0.05464538186788559
24,0.9835863176696634,0.953125,0.9082301044073261,0.6731633431817117,0.0,0.046875,0.0,61,0.009682256781324889,0.5229310989379883,0.0,1.0,64,1.0,51,0.796875,0.8959717509456757,37.84609375000001,29.131454360857283,-0.5625324756558269,0.49836345257401027,2.625,1.4630874888399532,-0.5682767239820126,0.4573711217485721,2.9361921875000014,1.3973145750056941,0.2954312561469988,0.6678269761910178,271.487515625,78.72872690943892,-0.48499637294970666,0.5227075663375337,1.0,0.9972102046012878,0.0036815463099628687,1.0648607015609741,0.053557999432086945
25,0.9629575951490084,0.953125,0.8947889741326942,0.6462600916639664,0.0,0.046875,0.0,61,0.011375449908338466,0.5471120476722717,0.0,1.0,64,1.0,47,0.734375,0.8862470514707577,36.23359375,26.52616823341549,-0.5901181587226968,0.45379377976153157,2.359375,1.4182646471568696,-0.651312909542447,0.44335919591575323,2.8451001562500013,1.6789149487229222,0.25189509265672866,0.8024139399554735,255.322046875,70.45281441846156,-0.592324576525737,0.46776088744156724,1.0,0.9986486434936523,0.008941877633333206,1.0648607015609741,0.05531933158636093
26,0.9467815456520666,0.90625,0.8913224383160986,0.7038721969763386,0.0,0.078125,0.0,58,0.014770615886481932,0.5592679381370544,0.0,1.0,63,0.984375,51,0.8095238095238095,0.8823327829900139,38.23857142857144,28.801141228333677,-0.5558182028794595,0.49271265357455524,2.4444444444444446,1.2696428416394425,-0.6247196213564256,0.39689900647096493,2.619126507936509,1.3386592905604033,0.14389414501654735,0.6397935025914435,248.13311111111113,62.693908533270864,-0.6400544365807799,0.4162467963099379,0.984375,0.9981399774551392,0.003948667552322149,1.1180338859558105,0.06403619050979614
27,0.9422672844857561,0.9375,0.8926736444234848,0.6948304849527654,0.0,0.0625,0.0,60,0.011746451902362412,0.5131634473800659,0.0,1.0,64,1.0,51,0.796875,0.8895475566986545,39.91796875,28.99929833093421,-0.5270880805524651,0.49610260646124515,2.671875,1.4795975751450121,-0.5536232794713477,0.46253228726403806,2.6044035937500007,1.4578978492511576,0.13685753390708724,0.6967819055754295,259.8398125,83.41215808615583,-0.5623295497060669,0.5538025047239631,1.0,0.9980417490005493,0.00747314328327775,1.0837910175323486,0.06062612682580948
28,0.9637210731643051,0.9375,0.882156389951706,0.711675616841468,0.0,0.0625,0.0,60,0.017800416073300067,0.5619586110115051,0.0,1.0,64,1.0,53,0.828125,0.8949520835538091,35.66328125,24.93533543580071,-0.5998747229856886,0.42657876620036367,2.59375,1.3887803777055607,-0.5780456869891225,0.43414221231378525,2.6647673437500012,1.673606537760634,0.1657075447458324,0.7998768591114482,256.67156250000005,66.29221967519905,-0.5833646700752025,0.44013724308530694,1.0,0.9995249509811401,0.021133525297045708,1.0837911367416382,0.0561666265130043
29,0.9375660648220423,0.984375,0.9082466619355338,0.666842251648777,0.0,0.015625,0.0,63,0.014861566200666393,0.4890028238296509,0.0,1.0,64,1.0,52,0.8125,0.8975431981993968,32.2134375,29.00294436662584,-0.6588925811672214,0.49616498065351794,2.484375,1.6487892101099522,-0.6122370575140074,0.5154227456027564,3.2007857812500022,1.3568478954614416,0.4218900670649752,0.6484864921511809,269.49495312500005,77.66261742696537,-0.49822569261530314,0.5156292924353768,1.0,0.9986883401870728,0.002992518711835146,1.0230478048324585,0.04285425320267677
30,0.9622164794977395,0.984375,0.870288030968772,0.6420049059454503,0.0,0.015625,0.0,63,0.020051555373030733,0.5284159183502197,0.0,1.0,64,1.0,54,0.84375,0.8969473930394491,37.108125,25.308571107124465,-0.5751572025090078,0.43296385825517764,2.671875,1.3584767146973848,-0.5536232794713477,0.4246690807007678,2.9249289062500017,1.6402312459034158,0.29004812825745707,0.783925604727368,267.15934375000006,85.71527990355247,-0.5137326205213735,0.5690937363672115,1.0,0.9979928731918335,0.0033444815780967474,1.0230478048324585,0.04828412085771561
31,0.9399041962007699,0.984375,0.87330428759257,0.6866627073430399,0.0,0.015625,0.0,63,0.01785969998471699,0.4903596341609955,0.0,1.0,64,1.0,55,0.859375,0.8886277456643062,36.13,20.580336640832677,-0.5918903784778649,0.3520760582843401,2.671875,1.2381272084785957,-0.5536232794713477,0.38704700472715825,2.9092843750000017,1.3279667414026182,0.28257104315042536,0.6346831481304315,271.1578125,69.90746608259985,-0.4871853873647484,0.4641401290140571,1.0,0.9999381899833679,0.004923683125525713,1.0230478048324585,0.0452464260160923
32,0.8856681211715141,0.953125,0.8914859099466292,0.6509703010846104,0.0,0.03125,0.0,61,0.021337118120615218,0.5049977898597717,0.0,1.0,63,0.984375,49,0.7777777777777778,0.9057944852469694,40.44222222222223,29.818868610670975,-0.5181194665174708,0.5101233233529315,2.873015873015873,1.7682568179852216,-0.49074527154463216,0.5527691341429619,2.792806349206351,1.614201717741525,0.22690199829117733,0.7714851554577656,267.31631746031746,75.10070840297969,-0.512690417131074,0.4986198819739818,0.984375,0.9984491467475891,0.008604206144809723,1.0648607015609741,0.042790718376636505
33,0.9009264023511545,0.953125,0.8754314687408384,0.6577166754091059,0.0,0.03125,0.0,61,0.020166139480328065,0.5506880283355713,0.0,1.0,63,0.984375,52,0.8253968253968254,0.8911801270283594,38.71857142857142,25.65552317509341,-0.5476066507107171,0.4388993061847196,2.7301587301587302,1.224179014898974,-0.5354033881485633,0.3826867043401076,2.9876112698412713,1.514291620050097,0.32000628806373616,0.7237345203282755,272.3367142857143,56.4895830446047,-0.4793582458936238,0.3750541084022943,0.984375,0.9978873133659363,0.011940298601984978,1.0648607015609741,0.036775171756744385
34,0.8321007180318596,0.921875,0.8729500326059633,0.659773631956464,0.0,0.0625,0.0,59,0.01694048819846766,0.4816173017024994,0.0,1.0,63,0.984375,54,0.8571428571428571,0.9034189884557114,40.4331746031746,24.74766872620959,-0.5182742477587469,0.4233682766667309,2.9206349206349205,1.683737219831888,-0.47585923267665514,0.5263477316554191,2.7263682539682548,1.4101265457640262,0.19514883902382488,0.6739502785909444,267.43520634920634,83.22551004467033,-0.5119010721967,0.5525632830655361,0.984375,0.9970517754554749,0.002775208093225956,1.1014959812164307,0.04694690182805061
35,0.9356591186303183,0.953125,0.8785599006004021,0.6913826027919531,0.0,0.03125,0.0,61,0.02893891706842028,0.6036021113395691,0.0,1.0,63,0.984375,52,0.8253968253968254,0.9027013563821836,40.748571428571424,22.63421303130474,-0.5128786279970764,0.3872125439687363,2.761904761904762,1.2688488185213551,-0.5254793622365787,0.3966507894320086,2.9663719047619064,1.3913263689992246,0.3098552303055992,0.664964996804527,278.0008888888889,70.9087616510994,-0.44175180872181585,0.47078808066196065,0.984375,0.9992474317550659,0.008341056294739246,1.0648607015609741,0.0461844727396965
36,0.8958907276632122,0.9375,0.8808990200360616,0.6474452569961733,0.0,0.046875,0.0,60,0.03307821028977245,0.4914487898349762,0.0,1.0,63,0.984375,55,0.873015873015873,0.893806328228059,39.30142857142857,24.048040863815807,-0.537635480220101,0.41139946272766326,2.857142857142857,1.4998110236212974,-0.49570728450062446,0.46885114903718855,2.8990780952380977,1.6577383122671328,0.2776930943524432,0.7922928624664558,278.27780952380954,84.89890487054409,-0.4399132357278117,0.5636735368609576,0.984375,0.9989109635353088,0.0022522523067891598,1.0837910175323486,0.04311012104153633
37,0.7868657948662484,0.875,0.865293700248003,0.6143403402605393,0.0,0.109375,0.0,56,0.028350955049081396,0.49462518095970154,0.0,1.0,63,0.984375,52,0.8253968253968254,0.9063397352671344,47.86857142857143,33.9533042951987,-0.39107393749406044,0.5808527698358703,3.3492063492063493,1.9449464852370304,-0.34188488286486163,0.6080035284828494,2.3131065079365096,1.806569373808998,-0.002363837909839872,0.8634245886866581,275.0459206349207,107.11532547002447,-0.4613708769485013,0.7111761270862947,0.984375,0.9975402355194092,0.00042900044354610145,1.1478067636489868,0.05186409875750542
38,0.9730921805066779,1.0,0.870128549169749,0.6743059084131957,0.0,0.0,0.0,64,0.0321223744469524,0.5063747763633728,0.0,1.0,64,1.0,53,0.828125,0.8850994363772186,48.54359375,35.61055335883537,-0.37952606039515113,0.6092039930497295,3.34375,2.001708254841349,-0.34359057481848404,0.6257476445622955,2.7412556250000017,1.5056987520727254,0.2022640499844812,0.7196276791482116,298.20226562500005,83.00066790210232,-0.3076277998000565,0.5510704774053223,1.0,0.9986099600791931,0.002626970177516341,0.9999999403953552,0.050475895404815674
39,0.8880523669220941,0.96875,0.8963484533371464,0.655545000873174,0.0,0.03125,0.0,62,0.0379561921995476,0.5498347282409668,0.0,1.0,64,1.0,53,0.828125,0.8866659481185948,45.069531250000004,29.918304202323593,-0.4389582384289479,0.5118244078285259,3.03125,1.6860526200270263,-0.4412802048895834,0.5270715415387138,2.569844218750001,1.3975606399408553,0.12034036353032564,0.6679445794884676,274.694390625,71.32572582648945,-0.4637048076900925,0.473556451724518,1.0,0.9977103471755981,0.011649580672383308,1.0446385145187378,0.060358308255672455
40,0.9017192662040969,0.96875,0.8756637294446269,0.6389632045913473,0.0,0.03125,0.0,62,0.029607359024474967,0.5188918709754944,0.0,1.0,64,1.0,59,0.921875,0.8921104586390274,41.54,30.20384283290787,-0.4993393425759947,0.5167092314977636,3.109375,1.7688024506357403,-0.41685779737180856,0.5529397026286703,3.161654843750002,1.8032009087253993,0.4031879822706199,0.8618146778681327,293.983546875,92.71941605994839,-0.3356373497755264,0.6155966471638993,1.0,0.9977894425392151,0.0017722640186548233,1.0446386337280273,0.06062895059585571
41,0.86987992548306,0.953125,0.9054967844095386,0.6950804211845426,0.0,0.046875,0.0,61,0.023413207049749293,0.45988762378692627,0.0,1.0,64,1.0,58,0.90625,0.888774113186579,38.5284375,30.449027140593405,-0.5508593479472009,0.5209036976092569,2.8125,1.27322179921646,-0.509662945939353,0.39801781300452976,2.7189179687500014,1.5745124802222326,0.1915880793079631,0.7525162389704183,266.922828125,89.90101779154028,-0.5153029305161837,0.596884314859274,1.0,1.0006381273269653,0.01877470314502716,1.0648608207702637,0.05416996404528618
42,0.846569960707416,0.90625,0.8696193993091583,0.7162365967846089,0.0,0.078125,0.0,58,0.027690765356032924,0.4726341664791107,0.0,1.0,63,0.984375,55,0.873015873015873,0.9031448406742818,36.32206349206349,24.164929274738455,-0.5886046714262185,0.41339911956977315,2.6031746031746033,1.431390516520063,-0.5750994917965021,0.44746243214759945,2.5610258730158746,1.500032531903983,0.11612575840706295,0.7169195883936952,248.2034285714286,74.27018391254752,-0.6395875743565774,0.4931057392687799,0.984375,0.998624861240387,0.005522088147699833,1.1180338859558105,0.053533826023340225
43,0.8453352145931481,0.953125,0.8750250735243813,0.6689816750339863,0.0,0.046875,0.0,61,0.022603719810935487,0.4657875597476959,0.0,1.0,64,1.0,55,0.859375,0.8942145842348671,37.77859375,25.978617882500235,-0.5636872251795564,0.44442661669579414,2.625,1.2808688457449497,-0.5682767239820126,0.4004083318733446,2.4868078125000013,1.4556783050377986,0.08065427344607937,0.6957211054327531,253.022609375,69.67068678603678,-0.6075913466965901,0.46256806841147724,1.0,0.9990285634994507,0.00410677632316947,1.0648607015609741,0.05483253300189972
44,0.850833821455429,0.984375,0.8605447468303499,0.6505455721644582,0.0,0.015625,0.0,63,0.015540650705476554,0.465282678604126,0.0,1.0,64,1.0,47,0.734375,0.8883706498887974,45.275,26.903972290351476,-0.435443202262966,0.46025702501797416,3.171875,1.5161081704070458,-0.39731987135758867,0.4739457482074739,2.359641250000001,1.424202262889761,0.0198767918209162,0.6806775709086111,264.711,74.24031177618402,-0.5299880313905515,0.4929074077027451,1.0,0.998504102230072,0.0014932802878320217,1.0230478048324585,0.04892195761203766
45,0.8685182420235367,0.953125,0.8653456300008492,0.6595929250219053,0.0,0.03125,0.0,61,0.02837876630011195,0.5068866610527039,0.0,1.0,63,0.984375,50,0.7936507936507936,0.885838061750495,39.81380952380954,24.143026100657977,-0.5288699741352128,0.41302441320180877,2.6984126984126986,1.364340885520273,-0.545327414060548,0.4265022604715252,3.0462773015873035,1.654146534976652,0.34804489818552586,0.7905762226990337,275.5458571428572,79.28051323750259,-0.45805162353688,0.5263710688480246,0.984375,0.9985374808311462,0.0004557885113172233,1.0648608207702637,0.04357253387570381
46,0.8386388145545919,0.953125,0.8831194922572276,0.6876069696626241,0.0,0.046875,0.0,61,0.02216652118705728,0.4312398433685303,0.0,1.0,64,1.0,47,0.734375,0.8884477861480409,42.4803125,27.77164178442362,-0.4832530401829305,0.4751005944258907,2.84375,1.3136155973114814,-0.499893982932243,0.4106451896223516,2.621623281250001,1.495706999214811,0.14508744293385928,0.7148522604863675,263.538921875,74.074953928079,-0.5377698681904902,0.49180953908793557,1.0,0.9983750581741333,0.00046970410039648414,1.0648608207702637,0.046888064593076706
47,0.8568156813679343,0.953125,0.9061215817928314,0.6959711016867846,0.0,0.046875,0.0,61,0.028471166670215133,0.4602236747741699,0.0,1.0,64,1.0,54,0.84375,0.8898825144967148,38.23640625,24.35806150994904,-0.5558552434561137,0.4167031100383098,2.828125,1.1257592923778155,-0.504778464435798,0.3519200282287725,2.828844687500001,1.300103991365895,0.2441260185083136,0.6213665360816985,265.8059375,70.40134016388537,-0.5227183581926721,0.46741913185380685,1.0,0.9983971118927002,0.011831519193947315,1.0648608207702637,0.04772641882300377
48,0.9022154603076603,0.984375,0.9043560472745744,0.6979521517957928,0.0,0.015625,0.0,63,0.021359427894307836,0.41987544298171997,0.0,1.0,64,1.0,53,0.828125,0.8771652592052642,36.882343750000004,26.22517789156703,-0.5790197327446305,0.44864461748158085,2.8125,1.4128318194321643,-0.509662945939353,0.44166085693762047,2.4981390625000017,1.4816209242031595,0.08606988604994413,0.7081200177618595,256.327640625,65.64608919196162,-0.5856480877468524,0.43584735671615443,1.0,0.998641312122345,0.0009823183063417673,1.0230478048324585,0.050841350108385086
49,0.8866267599381636,0.953125,0.8739220114027868,0.6833268285100385,0.0,0.046875,0.0,61,0.027130450677263766,0.5020199418067932,0.0,1.0,64,1.0,46,0.71875,0.8949902191371487,39.97015625,26.176046450678644,-0.5261952880966188,0.4478041062524549,2.75,1.403121520040228,-0.5292008719535729,0.4386253511600913,2.7950696875000016,1.5485453811480328,0.22798372920258633,0.7401056268109446,264.290109375,88.15278377891659,-0.5327824715259942,0.5852771775156436,1.0,0.997434139251709,0.006470880936831236,1.0648605823516846,0.05040111020207405
50,0.829227903203031,0.921875,0.8991807436538954,0.6738250181306731,0.0,0.0625,0.0,59,0.033241484002437344,0.48146122694015503,0.0,1.0,63,0.984375,50,0.7936507936507936,0.8966229603974684,36.40126984126984,25.70765925593478,-0.5872496566999611,0.4397912189924335,2.7142857142857144,1.5371440372922833,-0.5403654011045556,0.4805217035810539,3.0605392063492083,1.3280108483089883,0.35486117628226604,0.6347042284100172,272.65977777777783,74.26714335647748,-0.4772133143249567,0.4930855519530937,0.984375,0.9999507069587708,0.0014662756584584713,1.1014959812164307,0.050958096981048584
51,0.8855217068040548,0.96875,0.8828852945758451,0.6604154197941287,0.0,0.015625,0.0,62,0.025906753772580976,0.5553332567214966,0.0,1.0,63,0.984375,48,0.7619047619047619,0.8787532342643378,36.4168253968254,23.27666205174404,-0.5869835415833813,0.39820317656685067,2.6031746031746033,1.3278420557691668,-0.5750994917965021,0.4150924775070016,3.013048888888891,1.6567441934653977,0.33216384264302734,0.791817737276171,272.8346031746032,88.86500115746108,-0.47605258734135253,0.5900058379075551,0.984375,0.9983421564102173,0.0024727992713451385,1.0446385145187378,0.05044851452112198
52,0.8981173922291666,0.96875,0.8459454880606744,0.7035423070213229,0.0,0.03125,0.0,62,0.03882192692578968,0.5001742243766785,0.0,1.0,64,1.0,54,0.84375,0.894199060247096,35.522031250000005,24.336412545022394,-0.6022911432853445,0.4163327525281131,2.625,1.2930100540985752,-0.5682767239820126,0.4042037563619264,2.8450092187500013,1.2699232812301422,0.25185163034929003,0.6069420873929161,262.87104687500005,76.75810865440168,-0.5422041240151684,0.5096239421928718,1.0,0.9984465837478638,0.0009965122444555163,1.0446385145187378,0.053269125521183014
53,0.8731313599110704,0.96875,0.8780524548022978,0.6819234768515842,0.0,0.03125,0.0,62,0.02919656627204323,0.409376859664917,0.0,1.0,64,1.0,54,0.84375,0.8898989114944023,36.446093749999996,24.708822982463392,-0.5864828361479931,0.42270372697651104,2.625,1.2054563451241194,-0.5682767239820126,0.3768338701505111,2.833455937500002,1.4390343130776104,0.24632990101197164,0.6877663420449349,267.41775,67.67357306516521,-0.5120169710073245,0.4493085315979724,1.0,0.999220609664917,0.005505505483597517,1.0446385145187378,0.0516381673514843
54,0.8774016242285436,0.96875,0.8519155276158163,0.6696397609706429,0.0,0.03125,0.0,62,0.04547936582788094,0.4764350354671478,0.0,1.0,64,1.0,54,0.84375,0.8969504757455131,43.418125,29.45310010609028,-0.4672095062907451,0.5038659751090828,2.765625,1.627327059743984,-0.5243163904500179,0.5087135311074548,2.6761843750000014,1.5146044546482222,0.17116415529949738,0.723884035253154,267.569484375,87.21900039483809,-0.5110095533975207,0.5790774628836572,1.0,0.9976683259010315,0.014064015820622444,1.0446385145187378,0.048203833401203156
55,0.8288218488094317,0.90625,0.8802501410245895,0.6567670395070114,0.0,0.09375,0.0,58,0.04925751823008688,0.5750432014465332,0.0,1.0,64,1.0,49,0.765625,0.8842877766102959,41.44265625,25.80827684836467,-0.5010046410789656,0.4415125244285405,2.90625,1.3999860490376324,-0.4803560569180232,0.43764518155259613,3.133963281250002,1.4873011871697093,0.38995318691302905,0.7108348200753652,277.31837500000006,97.76192067938258,-0.4462832572521981,0.6490755997818187,1.0,0.9990293383598328,0.008816705085337162,1.1180338859558105,0.05455590784549713
56,0.9378347852421429,0.984375,0.866316817109547,0.7101590278357527,0.0,0.015625,0.0,63,0.03905668612161272,0.55681312084198,0.0,1.0,64,1.0,45,0.703125,0.887962214132897,43.335468750000004,31.160131575143797,-0.46862353985105265,0.5330688458628711,2.65625,1.438518660810488,-0.5585077609749026,0.44969073863983955,2.608967968750001,1.3080551175399453,0.1390390131594879,0.6251666657340409,259.37890625,79.52770493193688,-0.5653896675779636,0.5280122610035287,1.0,0.9990325570106506,0.0074404762126505375,1.0230478048324585,0.05657299980521202
57,0.8967342857431654,0.921875,0.8632483608641867,0.689368621804058,0.0,0.078125,0.0,59,0.043024652596666074,0.6029838919639587,0.0,1.0,64,1.0,51,0.796875,0.8945658839651214,39.65921875,34.652669914483475,-0.531514620393428,0.5928170974770827,2.71875,1.8325933639244687,-0.5389698349606828,0.5728811769361054,2.8604559375000016,1.5379970718780238,0.25923417373601715,0.7350642097888048,265.791140625,88.66748720251611,-0.52281659982345,0.5886944736475215,1.0,0.998580813407898,0.0047236657701432705,1.1014961004257202,0.06390701234340668
58,0.8792922636324656,0.984375,0.8999559131879655,0.6752195621376272,0.0,0.015625,0.0,63,0.027011893433942814,0.46028977632522583,0.0,1.0,64,1.0,50,0.78125,0.879849654698374,36.39984375,24.043095064656004,-0.587274053414252,0.41131485296137815,2.734375,1.277719984728657,-0.5340853534571278,0.39942397645629846,2.9912195312500014,1.4202479264269663,0.32173080618513994,0.6787876510508873,266.232625,70.67914126010325,-0.5198854305756896,0.4692635505384502,1.0,1.000255823135376,0.010967099107801914,1.023047685623169,0.06992736458778381
59,0.8179802866638031,0.90625,0.8616271702380016,0.6652644130369707,0.0,0.078125,0.0,58,0.03694617236047032,0.5061469078063965,0.0,1.0,63,0.984375,47,0.746031746031746,0.8833615235401059,39.100952380952386,24.930423799827437,-0.5410651066715301,0.42649474087738787,2.6507936507936507,1.3232803175026244,-0.5602134529285251,0.4136664470310346,2.686018253968254,1.87578822039175,0.17586412034177856,0.8965067692032398,254.03128571428576,90.31226824172892,-0.6008943915287923,0.5996147505008993,0.984375,0.9991623759269714,0.005159958731383085,1.1180340051651,0.06239044666290283
60,0.7348804125571559,0.890625,0.8930374681949615,0.6384792807165075,0.0,0.109375,0.0,57,0.035134771407238294,0.49111899733543396,0.0,1.0,64,1.0,42,0.65625,0.9008060835650469,44.773125,27.445401588597225,-0.44402897881439873,0.46951947278512146,3.109375,1.6781424580097484,-0.41685779737180856,0.5245987709746488,2.7988270312500014,1.4816944318769822,0.22977949914584508,0.7081551497274269,280.9895156250001,97.5398489833118,-0.421909270054565,0.6476011880853215,1.0,0.9996033310890198,0.01021314412355423,1.1334558725357056,0.06280816346406937
61,0.9223007224840801,1.0,0.8624676428735256,0.6867059625768333,0.0,0.0,0.0,64,0.029924409092132495,0.5134644508361816,0.0,1.0,64,1.0,54,0.84375,0.874569874266238,46.81,28.633501903364877,-0.40918334272334106,0.4898447805276509,2.90625,1.5280578972997063,-0.4803560569180232,0.4776813142861769,2.989505468750002,1.758279743524131,0.32091159396417496,0.8403452346518706,286.3820625,65.18939931242541,-0.3861062644168053,0.4328152328031392,1.0,0.999214768409729,0.013869625516235828,0.9999998807907104,0.046968791633844376
62,0.8644349109678856,0.953125,0.8752810183118601,0.6943834665167299,0.0,0.046875,0.0,61,0.030837987540852516,0.5054206848144531,0.0,1.0,64,1.0,52,0.8125,0.8855451338031859,42.11078125,25.55886326848572,-0.4895747592190881,0.43724570646443867,2.75,1.2119199643540823,-0.5292008719535729,0.3788544415792968,2.7436943750000014,1.6360135471893607,0.20342961646987978,0.7819098145616634,274.68803125000005,82.60314067481202,-0.4637470298059596,0.5484311550424846,1.0,0.9981501698493958,0.022445080801844597,1.0648607015609741,0.052656035870313644
63,0.8300630104376703,0.953125,0.8930562851858921,0.6943269409985412,0.0,0.046875,0.0,61,0.03223791036603916,0.4653176963329315,0.0,1.0,64,1.0,52,0.8125,0.8962461931205694,39.663906250000004,26.82209855098424,-0.5314344294542801,0.45885637818034064,2.65625,1.4813291118114165,-0.5585077609749026,0.46307357742850397,2.573650312500001,1.3553070412432957,0.12215943285489186,0.6477500624082568,260.988375,83.46871058993834,-0.5547038413689797,0.5541779765851612,1.0,0.9994586706161499,0.012090680189430714,1.0648608207702637,0.0466056689620018
64,0.8314564141116986,0.953125,0.8698887512332103,0.6463317889760993,0.0,0.046875,0.0,61,0.031129677064115284,0.51796954870224,0.0,1.0,64,1.0,49,0.765625,0.8976160860254431,43.161718750000006,28.659733924242886,-0.47159595066213394,0.49029354221084115,2.9375,1.5090870584562046,-0.47058709391091325,0.4717509007541445,2.5981242187500015,1.6274168525100658,0.1338563943686967,0.7778011444628866,264.50501562500006,86.04783328502027,-0.5313556337332597,0.5713016746322911,1.0,0.9972554445266724,0.0029513034969568253,1.0648607015609741,0.047845520079135895
65,0.8359959502995926,0.984375,0.8518211453680008,0.6638274314294035,0.0,0.015625,0.0,63,0.02233748998345666,0.42561936378479004,0.0,1.0,64,1.0,48,0.75,0.8906007084883703,45.05890625,25.152617167328952,-0.43914000455768315,0.4302958917706947,3.015625,1.3403845938293233,-0.4461646863931384,0.4190133603973996,2.306307031250001,1.6340311156468617,-0.005613552781821208,0.7809623391068057,265.77246875000003,69.95202008742514,-0.5229405689351496,0.46443593864221994,1.0,1.0001978874206543,0.008504251949489117,1.0230478048324585,0.04909445717930794
66,0.8671538785969175,0.984375,0.8665286450395508,0.6743985287004284,0.0,0.015625,0.0,63,0.04106234710394337,0.5492639541625977,0.0,1.0,64,1.0,53,0.828125,0.8896593402236613,47.08,28.506776990305305,-0.4045643446284234,0.48767684670542577,3.09375,1.4547202265384227,-0.42174227887536353,0.4547554585199501,2.520208906250001,1.610703628433974,0.09661785948427994,0.7698132925526653,280.3259375,73.04481969801043,-0.42631499742257645,0.4849701174747864,1.0,0.9990501403808594,0.012575686909258366,1.0230478048324585,0.05048193782567978
67,0.8397526288586941,0.953125,0.851233353380297,0.6829414834303639,0.0,0.015625,0.0,61,0.04280033265859759,0.49547818303108215,0.0,1.0,62,0.96875,53,0.8548387096774194,0.8892480955418842,42.910645161290326,26.393841221437942,-0.4758911670618901,0.4515300085903077,3.0161290322580645,1.2888095968369662,-0.44600712247366886,0.40289066479067503,2.7134412903225824,1.4922178479672088,0.1889705773802108,0.7131846694021267,279.845129032258,82.43444211271746,-0.4295072530821529,0.5473111062585316,0.96875,0.9986938834190369,0.007674943655729294,1.0648607015609741,0.06219173222780228
68,0.7700297776475169,0.953125,0.848432039383982,0.6300807824861604,0.0,0.03125,0.0,61,0.03091488742386774,0.49978721141815186,0.0,1.0,63,0.984375,56,0.8888888888888888,0.8992470430919867,45.632698412698424,30.846489507572677,-0.4293239123118211,0.5277032454458449,3.1587301587301586,1.615464444557705,-0.4014290383367699,0.50500519674194,2.673531587301589,1.2909638246836854,0.16989629248693036,0.6169981211331627,281.801253968254,85.91209065749628,-0.4165198551540397,0.5704004318297377,0.984375,0.99680095911026,0.0021987687796354294,1.0648607015609741,0.06285890936851501
69,0.84044935031982,1.0,0.8533405601046979,0.6599515306038819,0.0,0.0,0.0,64,0.034014143328440244,0.5085955262184143,0.0,1.0,64,1.0,60,0.9375,0.896279101507041,47.73671875,30.575483645739745,-0.3933295940538057,0.5230670396698529,3.28125,1.7181817242364092,-0.3631285008327039,0.5371153185138512,2.6049565625000013,1.4635537736162316,0.1371218175944162,0.6994850755944476,290.57526562500004,76.39644503821057,-0.35826612160401805,0.5072227308933477,1.0,0.9974870085716248,0.01402714941650629,0.9999999403953552,0.0542287640273571
70,0.8186026996941931,0.953125,0.8598311831716632,0.6983653729203763,0.0,0.046875,0.0,61,0.041539133398595274,0.44900116324424744,0.0,1.0,64,1.0,54,0.84375,0.8998632068495576,38.57734375,26.47780788003108,-0.5500226891487582,0.45296645983504213,2.875,1.352081728298996,-0.4901250199251331,0.42266996436294924,2.4834606250000015,1.6318679391219097,0.0790545319513196,0.7799284791131674,262.34275,77.44300752710834,-0.5457116718274508,0.5141712254653629,1.0,1.0000789165496826,0.01161103043705225,1.0648607015609741,0.049062032252550125
71,0.7941369183275737,0.953125,0.8823876986738111,0.6558588045011703,0.0,0.046875,0.0,61,0.040886211896156696,0.5099835395812988,0.0,1.0,64,1.0,55,0.859375,0.8992458806790807,41.594218749999996,28.703993069600063,-0.4984118007131843,0.4910507011296837,2.875,1.375,-0.4901250199251331,0.4298343723128373,2.3736764062500013,1.9754514262270286,0.026584698634790207,0.9441394058199486,268.20360937500004,82.55087312239222,-0.5067993756324836,0.5480841324727536,1.0,0.9984205961227417,0.008620689623057842,1.0648607015609741,0.05171119049191475
72,0.7932493713295053,0.96875,0.8919189322379327,0.6485622909044367,0.0,0.03125,0.0,62,0.03825892817359235,0.4460226893424988,0.0,1.0,64,1.0,58,0.90625,0.8932034830678561,44.22046875,27.363687755724257,-0.4534834905399334,0.46812156153190415,3.234375,1.400247606452159,-0.37778194534336884,0.437726946183212,2.5734670312500016,1.811214934297971,0.12207183614247712,0.8656448694090936,289.46732812500005,91.32671494797795,-0.3656221063507961,0.606350017154106,1.0,0.9996799826622009,0.00390625,1.0446386337280273,0.06718157976865768
73,0.806802006756772,0.96875,0.866673850724774,0.6538780321531782,0.0,0.03125,0.0,62,0.039748173798167766,0.446418821811676,0.0,1.0,64,1.0,58,0.90625,0.8941926853464174,39.92015625,25.615476919005157,-0.5270506581141962,0.4382142188492373,2.96875,1.5808299837427173,-0.4608181309038033,0.49417822821480994,3.078125156250002,1.4470630254814767,0.36326613530564544,0.6916035529516912,286.093,76.2115573030922,-0.3880254515016955,0.5059951965248504,1.0,0.998870849609375,0.0031978071201592684,1.0446385145187378,0.05423752963542938
74,0.8172413728969852,0.96875,0.8767668902873993,0.700669988918994,0.0,0.03125,0.0,62,0.022032358685684542,0.4436737298965454,0.0,1.0,64,1.0,56,0.875,0.8926777839421589,36.44546875,21.31722021993659,-0.5864935282732127,0.3646822206845517,2.640625,1.1641411466720863,-0.5633922424784576,0.36391845750061297,2.883802187500001,1.3341377073407168,0.2703921877020818,0.6376324750725063,266.50237500000003,64.39778726218495,-0.5180944659360383,0.42755944340442803,1.0,0.9995831251144409,0.01645510084927082,1.0446386337280273,0.046907514333724976
75,0.8449399024124771,1.0,0.8915208829566836,0.6629908504563515,0.0,0.0,0.0,64,0.027255976479660944,0.5326947569847107,0.0,1.0,64,1.0,55,0.859375,0.8863912846617079,41.575,29.29306653245781,-0.4987405835636905,0.5011282166952634,2.875,1.3863170633011772,-0.4901250199251331,0.43337216344046353,3.212679843750002,1.5305385247596406,0.4275746680389323,0.7314995014132211,291.650484375,82.15139654758472,-0.3511273680872812,0.5454318677096427,1.0,0.9988433122634888,0.010487915948033333,0.9999998807907104,0.04326237738132477
76,0.7482252384120094,0.921875,0.8490662382820905,0.6843252209583911,0.0,0.078125,0.0,59,0.02954646289985207,0.43600258231163025,0.0,1.0,64,1.0,53,0.828125,0.8896779745688941,39.13250000000001,22.485070810984787,-0.5405254089223444,0.38466110829640415,2.71875,1.3284007066770176,-0.5389698349606828,0.4152671155886875,2.7512839062500016,1.5389870893044175,0.20705692688090463,0.7355373747840546,267.18532812500007,88.08734695283552,-0.5135601011634182,0.5848427195299449,1.0,0.9968312978744507,0.0044247787445783615,1.1014959812164307,0.043592341244220734
77,0.7849446631168825,0.984375,0.8812826252172864,0.6468029483489758,0.0,0.015625,0.0,63,0.029577962588926084,0.45664721727371216,0.0,1.0,64,1.0,53,0.828125,0.8963569641906187,44.9190625,28.747557761418513,-0.4415323675755948,0.4917959797538137,3.09375,1.7021929789245402,-0.42174227887536353,0.5321171277464352,2.6553126562500013,1.4231751291020056,0.16118880896729076,0.6801866666670823,269.93026562500006,73.2263624148269,-0.49533550060530085,0.4861754430963044,1.0,0.9987404346466064,0.0024679170455783606,1.0230478048324585,0.05110614374279976
78,0.8153384231566154,0.96875,0.8669850061978063,0.673391199766772,0.0,0.03125,0.0,62,0.03731477819522895,0.5200335383415222,0.0,1.0,64,1.0,53,0.828125,0.8899438880646374,48.095312500000006,36.11015157510896,-0.38719498720899304,0.6177508197504407,3.109375,2.0164726899650787,-0.41685779737180856,0.6303631076197223,2.7342073437500014,1.4283738910911108,0.19889542244797076,0.6826713423165199,274.0416875,80.6443765783756,-0.4680383321277743,0.535426234804725,1.0,0.99904465675354,0.0008948546019382775,1.0446385145187378,0.048969678580760956
79,0.797795376870398,0.953125,0.9032057347844858,0.6745811990726159,0.0,0.046875,0.0,61,0.026581178002441416,0.423162043094635,0.0,1.0,64,1.0,48,0.75,0.887469394180535,32.65609375,24.70397783108443,-0.6513198834803569,0.4226208390321073,2.34375,1.3488276159317023,-0.656197391046002,0.4216527066561629,3.040806875000002,1.3439349704295083,0.34543038423739963,0.6423149400668393,256.26412500000004,70.73996571411651,-0.586069790206316,0.469667385372051,1.0,0.9989365935325623,0.0030800821259617805,1.0648607015609741,0.05477137118577957
80,0.7689319220408599,0.953125,0.8850554784790414,0.6707649604082415,0.0,0.046875,0.0,61,0.025163703060881372,0.4194062352180481,0.0,1.0,64,1.0,53,0.828125,0.8943594929652297,41.295468750000005,34.45714081152517,-0.5035226365682088,0.589472102832396,2.734375,1.7874754150407217,-0.5340853534571278,0.5587769985808414,2.9324093750000015,1.4910933465737441,0.293623313770557,0.7126472296739845,270.151796875,84.19950436986328,-0.4938646771193783,0.5590299722060046,1.0,0.9977447986602783,0.0028462999034672976,1.0648607015609741,0.05160766839981079
81,0.7884120729614311,0.984375,0.9025313551463778,0.6578854841608017,0.0,0.015625,0.0,63,0.03304860432286361,0.47528719902038574,0.0,1.0,64,1.0,54,0.84375,0.897359613950808,40.01859375,30.449047597338094,-0.5253666483920907,0.5209040475709783,2.84375,1.8975209979075331,-0.499893982932243,0.5931779978807368,3.083863281250002,1.622331736210508,0.366008591969522,0.7753707841827762,282.27996874999997,83.37963945393254,-0.41334150020840377,0.5535866021458659,1.0,0.9979876279830933,0.008535489439964294,1.0230478048324585,0.0525815449655056
82,0.7469166258196505,0.921875,0.8802396357059479,0.6491055819011214,0.0,0.046875,0.0,59,0.03430327361382241,0.40598785877227783,0.0,1.0,62,0.96875,46,0.7419354838709677,0.8932710084173848,42.47758064516128,31.219961960128707,-0.4832997751173587,0.5340923882119951,2.870967741935484,1.679898911779553,-0.4913855312808892,0.5251478503954783,3.0361124193548403,1.2255139674395028,0.3431867347582847,0.5857172764061704,278.6624193548388,85.13132630739645,-0.4373596764787457,0.5652166641080363,0.96875,0.9974620342254639,0.007966260425746441,1.1014959812164307,0.05635840818285942
83,0.8421233755106405,0.96875,0.8513241213175559,0.6892319552699222,0.0,0.03125,0.0,62,0.024168371782145308,0.48275327682495117,0.0,1.0,64,1.0,53,0.828125,0.8876491365773687,37.09703125,25.451587050202264,-0.5753469877316577,0.43541048925006365,2.734375,1.405815905221946,-0.5340853534571278,0.4394676343334388,2.8773490625000013,1.3854733350541253,0.26730800677903166,0.6621676210159841,268.013015625,78.27657914198625,-0.5080647942304023,0.5197055990959956,1.0,0.9992797374725342,0.0019930244889110327,1.0446385145187378,0.050089191645383835
84,0.8074795012274858,0.953125,0.8957505978521754,0.686385299570581,0.0,0.03125,0.0,61,0.0450592467177902,0.4591050446033478,0.0,1.0,63,0.984375,49,0.7777777777777778,0.8895432434813498,36.78047619047619,25.819159578896915,-0.5807624218682393,0.4416986996566736,2.7777777777777777,1.5980587871305674,-0.5205173492805862,0.4995640695892956,3.0537901587301604,1.4673452111378518,0.3516355632784229,0.7012971401794538,274.5328253968254,74.11935172014098,-0.4647774957740882,0.4921043115649016,0.984375,0.9994857907295227,0.009842519648373127,1.0648607015609741,0.049149978905916214
85,0.7682434705574842,0.953125,0.8769645554120423,0.654906281137296,0.0,0.046875,0.0,61,0.04009135409023769,0.43724894523620605,0.0,1.0,64,1.0,56,0.875,0.8960331347292382,31.02921875,22.7027216364503,-0.6791514854272801,0.3883845481044874,2.515625,1.3345433149115093,-0.6024680945068974,0.4171873367922049,3.120912187500002,1.8077883018203063,0.3837155990205442,0.864007158297358,266.92271875,79.20094689350093,-0.5153036566950808,0.5258428000487168,1.0,1.002022385597229,0.01545147318392992,1.0648607015609741,0.047270048409700394
86,0.8095353540056962,0.96875,0.8991995163021549,0.6876506746891716,0.0,0.015625,0.0,62,0.030806763908450822,0.4200003743171692,0.0,1.0,63,0.984375,54,0.8571428571428571,0.8858005247580096,29.67587301587302,24.1050530588091,-0.7023037127150488,0.41237479317233405,2.1746031746031744,1.091666594542819,-0.7090738416082956,0.3412624185019674,3.049096825396827,1.5723164038478306,0.34939245019256404,0.751466654953451,250.5631428571429,60.517065732866655,-0.6239206055135976,0.4017939752474618,0.984375,0.9978749752044678,0.0,1.0446386337280273,0.04940306395292282
87,0.7546022915036811,0.953125,0.8511085358799481,0.6683379985099526,0.0,0.046875,0.0,61,0.036198882579211264,0.43192028999328613,0.0,1.0,64,1.0,50,0.78125,0.9009517920854352,32.60609375,28.2039204177134,-0.6521752534979341,0.4824957580689987,2.421875,1.6183004926079088,-0.6317749835282273,0.5058917646935824,3.024151406250002,1.4589827040204557,0.33747013567825807,0.6973003967535408,266.62803125000005,100.10167042155958,-0.5172601901232442,0.664610017034355,1.0,0.9977591037750244,0.00048590864753350616,1.0648607015609741,0.05502122640609741
88,0.8231330365148505,1.0,0.868292153114453,0.6966447351267413,0.0,0.0,0.0,64,0.04113010723259844,0.41934043169021606,0.0,1.0,64,1.0,53,0.828125,0.8871170589736747,34.595937500000005,20.56751540040979,-0.6181341998296601,0.3518567201914223,2.546875,1.2615675702771532,-0.5926991314997875,0.3943746216002264,3.1222095312500016,1.1800608046786598,0.3843356463378343,0.5639935723900091,266.237515625,64.57863161656888,-0.5198529600050099,0.4287601323533887,1.0,0.9995490908622742,0.003350885584950447,0.9999998807907104,0.04951463267207146
89,0.7766073115123193,0.96875,0.8715085118047653,0.6845947572808045,0.0,0.015625,0.0,62,0.04051778006016744,0.4531219005584717,0.0,1.0,63,0.984375,59,0.9365079365079365,0.8972390548426707,30.054603174603173,18.8863605630815,-0.6958246242644471,0.32309653133630706,2.1746031746031744,1.1203695895251617,-0.7090738416082956,0.350235170379592,3.155259047619049,1.7181546792737288,0.400131200879464,0.8211680208682762,258.08969841269845,75.22528672132715,-0.5739491695233504,0.4994470010213497,0.984375,0.9982538819313049,0.000998502247966826,1.0446385145187378,0.05960322916507721
90,0.8161041564640736,0.96875,0.8853629000725285,0.7105901939688932,0.0,0.03125,0.0,62,0.03548989209470689,0.46371859312057495,0.0,1.0,64,1.0,52,0.8125,0.8799286825741929,38.274375000000006,30.19287798238808,-0.5552056968490158,0.5165216514101266,2.671875,1.5212524393982085,-0.5536232794713477,0.47555388175861923,2.9097823437500017,1.4546681629957996,0.28280904035627913,0.6952383221586799,267.42348437500004,76.70189741317363,-0.5119788984851537,0.5092507360931856,1.0,0.9988259673118591,0.00446650106459856,1.0446383953094482,0.04389481246471405
91,0.8090868236192039,0.984375,0.9045062547638303,0.7013345421752485,0.0,0.015625,0.0,63,0.02259255856274095,0.39882609248161316,0.0,1.0,64,1.0,56,0.875,0.8838384141138895,33.4309375,25.482007728416804,-0.6380643212392126,0.43593090797124534,2.484375,1.4894649574175955,-0.6122370575140074,0.46561689822077024,3.051257031250002,1.4812038525540223,0.3504248903951362,0.707920684194973,268.317875,68.88891131390909,-0.5060407261648188,0.4573775874968259,1.0,0.9983013868331909,0.015949733555316925,1.023047685623169,0.05308028683066368
92,0.8107567703707217,0.984375,0.8498689291023073,0.7137265033054753,0.0,0.015625,0.0,63,0.027950317287890065,0.42135441303253174,0.0,0.984375,64,0.984375,53,0.828125,0.8721950101690538,37.28640625,21.28287834204906,-0.5721072737900835,0.36409472043070573,2.421875,1.2845802755666926,-0.6317749835282273,0.4015685501335715,3.108192187500002,1.7146308610387457,0.37763625275943835,0.8194838611818249,265.45550000000003,72.06924838935296,-0.5250450353786136,0.47849295818928644,1.0,0.9987178444862366,0.002463054144755006,1.0230478048324585,0.05564190819859505
93,0.7361963405401757,0.921875,0.897390725248951,0.6781380158524849,0.0,0.078125,0.0,59,0.0317335844797119,0.4114689230918884,0.0,1.0,64,1.0,54,0.84375,0.8938858094163831,36.38796875,25.114772867508147,-0.5874772037934267,0.42964847418263624,2.390625,1.3183463541023657,-0.6415439465353372,0.4121240564410966,2.8281810937500014,1.535422647136936,0.24380886314801847,0.7338337994567112,254.24867187500004,79.06315339849668,-0.5994510887410675,0.524927940819332,1.0,0.9991806149482727,0.0030257184989750385,1.1014961004257202,0.0537460632622242
94,0.7595696146348461,0.953125,0.8916202065397482,0.6642754090772026,0.0,0.046875,0.0,61,0.023961104327508885,0.43491795659065247,0.0,1.0,64,1.0,52,0.8125,0.8738333868469501,40.09609375,32.34879275264706,-0.5240408248648458,0.5534037485087608,2.6875,1.4456291882775472,-0.5487387979677927,0.4519135379930152,3.0323417187500015,1.5935368761299857,0.34138458109289344,0.761608683163154,276.83171875000005,86.14350458055969,-0.44951433838441385,0.571936869840227,1.0,1.0000784397125244,0.009056244045495987,1.0648607015609741,0.05282517895102501
95,0.7884800562538888,0.953125,0.8526944234722951,0.7076538028047038,0.0,0.046875,0.0,61,0.027860861220220065,0.4633300304412842,0.0,1.0,64,1.0,47,0.734375,0.8809834743692496,44.439687500000005,26.521571701679818,-0.44973322761911766,0.45371514505290084,2.765625,1.2341771993417314,-0.5243163904500179,0.3858122049468135,2.348810000000001,1.3792401617534753,0.014700147230459978,0.6591885629342128,257.076765625,67.90271965230441,-0.5806743847415564,0.4508299159718854,1.0,0.9980728030204773,0.0035750765819102526,1.0648608207702637,0.058409541845321655
96,0.7740473281901363,0.96875,0.8823687131366422,0.6760381827313962,0.0,0.015625,0.0,62,0.028486976141425143,0.38100510835647583,0.0,1.0,63,0.984375,47,0.746031746031746,0.8827575444849641,41.07984126984128,25.947531765790547,-0.5072114621980794,0.4438948140518666,2.6666666666666665,1.4142135623730951,-0.5552514399725328,0.4420927991992297,2.336235555555557,1.345338547188654,0.008690367213257404,0.6429857599664375,239.29707936507936,65.60087475687136,-0.6987199432053475,0.43554716226036777,0.984375,0.9992228150367737,0.0005586592014878988,1.0446386337280273,0.06388016790151596
97,0.7931316381095678,0.96875,0.877983211870155,0.6648741683394018,0.0,0.03125,0.0,62,0.03625236276874633,0.43373653292655945,0.0,0.984375,64,0.984375,47,0.734375,0.8762519359554646,45.024687500000006,30.3221141953747,-0.43972539841346253,0.5187325470456066,2.890625,1.4155077214112963,-0.48524053842157816,0.4424973621358539,2.375094218750001,1.4732408970444695,0.02726232230781086,0.7041149008770208,257.700125,77.84643516093485,-0.5765356837279513,0.5168497226918369,1.0,0.9979406595230103,0.003974168095737696,1.0446385145187378,0.06852718442678452
98,0.7241725228846457,0.90625,0.8759724847201643,0.6873806585657849,0.0,0.09375,0.0,58,0.028385850710505284,0.3948385715484619,0.0,0.984375,64,0.984375,46,0.71875,0.8909263970869954,38.85125,27.897522879504912,-0.5453368652712172,0.47725409271613756,2.484375,1.4576542317624575,-0.6122370575140074,0.4556726485518305,2.3414273437500013,1.4714144160511888,0.011171709834982974,0.7032419598080364,235.77715625000002,78.82106219711736,-0.7220899444412974,0.5233206126219603,1.0,0.997230589389801,0.0010282776784151793,1.1180340051651,0.061843693256378174
99,0.7758868277916469,0.953125,0.8790515021222537,0.6930460583548675,0.0,0.046875,0.0,61,0.03530390076064659,0.4429110586643219,0.0,1.0,64,1.0,49,0.765625,0.8778851355500171,40.21609375,26.078081110938953,-0.5219879368226602,0.4461281739649527,2.625,1.3635890143294642,-0.5682767239820126,0.42626722041235326,2.7460810937500018,1.4858713895042348,0.20457031534638342,0.7101514682599769,259.218015625,69.39935008487389,-0.5664578767354291,0.4607665691075947,1.0,0.9990838766098022,0.008216530084609985,1.0648608207702637,0.05907440930604935
100,0.7714822674763048,0.9375,0.8893702765305836,0.7368103237201912,0.0,0.0625,0.0,60,0.041175966240006356,0.37211450934410095,0.0,1.0,64,1.0,47,0.734375,0.8802150492694062,38.546093750000004,25.92484514281061,-0.5505572954097439,0.4435067049099242,2.4375,1.539835624344365,-0.6268905020246722,0.48136311204000437,2.6327676562500013,1.3197912713874296,0.1504137412427126,0.6307757964740147,254.76962500000005,81.40269259568834,-0.5959922986547256,0.5404609601900378,1.0,0.9981834888458252,0.008495751768350601,1.0837910175323486,0.04582931473851204
101,0.7899654823069956,0.984375,0.8927944136990441,0.6862390230486762,0.0,0.015625,0.0,63,0.03467520632783064,0.45874476432800293,0.0,1.0,64,1.0,49,0.765625,0.883207220317666,44.489999999999995,24.625642948459234,-0.4488725115389306,0.4212807328335466,2.9375,1.260890062614501,-0.47058709391091325,0.394162828086835,2.7925795312500017,1.4406489533295306,0.22679359381830907,0.6885380367916756,275.24553125,68.16716080364708,-0.46004559222818253,0.45258563330765306,1.0,0.9991816878318787,0.0014245014172047377,1.0230478048324585,0.053854454308748245
102,0.8046847474354568,0.984375,0.8641859226756625,0.6858274063125049,0.0,0.015625,0.0,63,0.044895151102888824,0.40062522888183594,0.0,1.0,64,1.0,40,0.625,0.8792329877461849,39.0521875,26.720891315875747,-0.5418993470130781,0.4571249854908665,2.796875,1.4596627125384138,-0.5145474274429079,0.45630051333265637,2.615290937500001,1.4158754169425536,0.14206098772154793,0.6766978712406897,257.13439062500004,77.51986456983492,-0.5802917922026873,0.5146815062654795,1.0,0.9983302354812622,0.0014471779577434063,1.0230478048324585,0.05430010333657265
103,0.7892473786975738,0.96875,0.8772730356262576,0.696997157346493,0.0,0.03125,0.0,62,0.03610714218435135,0.4319630563259125,0.0,1.0,64,1.0,46,0.71875,0.8710589307331844,36.09734375,24.456291256174477,-0.5924490420205951,0.4183835656334193,2.578125,1.3205667284825102,-0.5829301684926775,0.41281816060690674,3.022441093750002,1.5139014883830773,0.3366527157173935,0.7235480623494046,277.27567187500006,75.72199772029073,-0.4465667782415497,0.502744839150245,1.0,0.9977099299430847,0.007012622896581888,1.0446385145187378,0.051414914429187775
104,0.7034925152417191,0.921875,0.8560227529477265,0.6298883212562372,0.0,0.078125,0.0,59,0.039183498032109465,0.37983134388923645,0.0,1.0,64,1.0,42,0.65625,0.889799648956972,38.874375,25.997048202332028,-0.5449412566380876,0.4447419115557637,2.859375,1.6092232938206557,-0.49500950142868805,0.5030541704804349,2.7958757812500012,1.6173844571510418,0.22836899044670278,0.7730063012855424,267.80848437500003,98.40126771048745,-0.5094227487677648,0.6533204484386295,1.0,0.9982985258102417,0.01876804605126381,1.1014959812164307,0.06082659959793091
105,0.7482452962185686,0.984375,0.8851347518345666,0.6734605313494907,0.0,0.015625,0.0,63,0.02596108687698553,0.3024753928184509,0.0,1.0,64,1.0,52,0.8125,0.8803645507780844,46.930625000000006,24.136287765714407,-0.4071197625559356,0.4129091378082263,3.125,1.2930100540985752,-0.4119733158682536,0.4042037563619264,2.663337031250001,1.6246292257838029,0.16502394687247635,0.7764688372210891,280.23856250000006,72.93641545913364,-0.4268951106214251,0.4842503838005821,1.0,0.9982265830039978,0.004249291960150003,1.0230478048324585,0.061341822147369385
106,0.7605738813167058,0.96875,0.8840968810742901,0.6965196148107522,0.0,0.03125,0.0,62,0.020824135660851853,0.30115455389022827,0.0,1.0,64,1.0,50,0.78125,0.8847461309938996,33.696875,18.463639426163386,-0.6335148219582231,0.3158648716099877,2.59375,1.221151480161245,-0.5780456869891225,0.38174027634472796,3.104162656250002,1.3604283336511191,0.37571039460388034,0.6501977125538175,271.08521874999997,60.34660585641626,-0.48766736267266203,0.40066223248118954,1.0,0.9999829530715942,0.010330578312277794,1.0446385145187378,0.058883462101221085
107,0.755533909300564,0.9375,0.8875931481520335,0.6905311356475571,0.0,0.046875,0.0,60,0.0319739970852923,0.3570621609687805,0.0,1.0,63,0.984375,45,0.7142857142857143,0.8808280897777222,36.9368253968254,22.618457473782847,-0.5780876934005769,0.3869430073384474,2.5396825396825395,1.0514600102653457,-0.5949475436204715,0.32869356619960316,2.870950317460319,1.577164777878601,0.26424981599815406,0.7537838675742378,265.5834126984127,66.78811788311874,-0.5241957782152421,0.4434296848100539,0.984375,0.999473512172699,0.0025733401998877525,1.0837910175323486,0.05942313373088837
108,0.7613998794320604,0.96875,0.892474690271962,0.6830764631421065,0.0,0.03125,0.0,62,0.03484356804252701,0.39265528321266174,0.0,1.0,64,1.0,58,0.90625,0.8841378236085699,36.4675,25.82246514665089,-0.5861166308592177,0.44175524932763005,2.59375,1.4330774359747627,-0.5780456869891225,0.44798977466756534,2.8882153125000016,1.507778350600821,0.27250137913042666,0.720621594206103,264.223484375,68.12722155161997,-0.5332248182141007,0.4523204626380899,1.0,1.0010286569595337,0.0015228426782414317,1.0446385145187378,0.05949605628848076
109,0.7535095554719382,0.953125,0.8916599007903553,0.6981057106739572,0.0,0.046875,0.0,61,0.0285421325281617,0.43276238441467285,0.0,1.0,64,1.0,51,0.796875,0.8870542354116763,36.93171875,18.446453212159742,-0.5781750548522728,0.3155708601665,2.65625,1.0784646204210873,-0.5585077609749026,0.3371353914038548,2.7151960937500017,1.6342107965530897,0.18980926115815558,0.7810482150852232,254.97515625,72.85143306097754,-0.5946277047674478,0.4836861559225828,1.0,0.9983335733413696,0.003701745066791773,1.0648607015609741,0.05429542437195778
110,0.7848606400669054,0.953125,0.8310738328050394,0.733754116373038,0.0,0.046875,0.0,61,0.023217528432345945,0.3503401279449463,0.0,1.0,64,1.0,52,0.8125,0.870180140771556,35.690625,24.183223515680766,-0.599406942507326,0.41371208647370095,2.515625,1.1179248004114588,-0.6024680945068974,0.3494709126384097,2.766246875000001,1.2927821320458883,0.21420826871465892,0.6178671557293851,254.617203125,60.56439046305898,-0.5970042808175964,0.40210818069085563,1.0,1.0002604722976685,0.00577731104567647,1.0648607015609741,0.05383569374680519
111,0.7541171656237675,0.953125,0.9034987800433988,0.6882040843396239,0.0,0.046875,0.0,61,0.025723005055144035,0.3902290165424347,0.0,1.0,64,1.0,52,0.8125,0.8805984562072647,33.640468750000004,19.144166085070758,-0.6344797862593025,0.3275069136138169,2.59375,1.114096466873493,-0.5780456869891225,0.34827414947964913,2.8086632812500016,1.3407878716775725,0.23448059738961904,0.64081082819334,258.88795312499997,67.62158519391892,-0.5686492771668468,0.4489633659294169,1.0,0.9972800612449646,0.0010471204295754433,1.0648608207702637,0.05628810450434685
112,0.7327009048758775,0.921875,0.8820444567728851,0.731447777801527,0.0,0.078125,0.0,59,0.024975074245619972,0.41528263688087463,0.0,1.0,64,1.0,54,0.84375,0.8869809885313659,41.850625,26.554894492058803,-0.49402535634179534,0.4542852113687448,2.875,1.4086784586980805,-0.4901250199251331,0.44036248806189415,2.5628853125000015,1.5595224520556064,0.11701445152621232,0.7453519644665935,267.3839375,76.58990628276256,-0.5122414640263354,0.5085071877909769,1.0,1.0000009536743164,0.01543656550347805,1.1014958620071411,0.06250708550214767
113,0.747303396381682,0.96875,0.8723360574053179,0.6691679650867614,0.0,0.03125,0.0,62,0.027240372135252957,0.36220359802246094,0.0,1.0,64,1.0,42,0.65625,0.8754038661728352,42.08109375000001,26.488090432139707,-0.49008263516702455,0.45314236757060006,2.625,1.3975424859373686,-0.5682767239820126,0.4368813070715717,2.621857968750001,1.2706707598169125,0.14519960854515274,0.6072993343388076,260.13875,76.6782690348935,-0.560344799040763,0.5090938590218529,1.0,0.9997875094413757,0.007045797538012266,1.0446386337280273,0.059867408126592636
114,0.7827531847931306,0.984375,0.8780159259599353,0.6927052330773062,0.0,0.015625,0.0,63,0.04181717140460057,0.5037577748298645,0.0,1.0,64,1.0,52,0.8125,0.879744842836846,42.1703125,25.810380601171765,-0.4885563342919101,0.44154851417005214,2.921875,1.2412781655918226,-0.4754715754144682,0.38803201539839355,3.097479531250002,1.297076654393726,0.37251628839466233,0.6199196626773853,290.95060937500006,75.7337386818982,-0.35577408310924863,0.5028227915026992,1.0,0.9993196725845337,0.0,1.0230478048324585,0.056236788630485535
115,0.7631534243211926,0.96875,0.8883231291847844,0.6837060744701877,0.0,0.03125,0.0,62,0.04181595365280253,0.3949119448661804,0.0,1.0,64,1.0,55,0.859375,0.8901916769854019,34.690625000000004,24.90724134633089,-0.616514342858873,0.42609814936429125,2.765625,1.3079347687767153,-0.5243163904500179,0.4088693239005639,3.4265850000000024,1.441907123314685,0.5298076485326216,0.6891393615554401,298.0026093750001,84.01444112279475,-0.30895338750658213,0.5578012725522558,1.0,0.9978277087211609,0.005806163419038057,1.0446386337280273,0.054890505969524384
116,0.7574352911763649,0.96875,0.8732530455435475,0.6586345333227969,0.0,0.015625,0.0,62,0.04379086354020134,0.42372944951057434,0.0,1.0,63,0.984375,49,0.7777777777777778,0.8911702574406134,44.84857142857143,29.25423501329597,-0.44273828655573283,0.500463910350703,2.9365079365079363,1.2955726303118642,-0.47089721972066284,0.40500483515330304,2.9651649206349227,1.978635512275492,0.309278369107518,0.945661195254993,293.40101587301587,75.66467382219264,-0.33950497693420695,0.5023642457322631,0.984375,0.9996233582496643,0.01645907387137413,1.0446385145187378,0.053052883595228195
117,0.7590055855816911,0.953125,0.834882271582963,0.6759638325572896,0.0,0.046875,0.0,61,0.05470859594377338,0.4728224277496338,0.0,1.0,64,1.0,48,0.75,0.8941839289895229,44.201406250000005,29.860527816164954,-0.45380960035913476,0.5108360040596444,2.671875,1.4583240327084375,-0.5536232794713477,0.45588203289305945,2.780028125000002,1.5973433156747687,0.2207948245842244,0.7634279177555049,278.04842187500003,84.20387338084666,-0.44143622059450505,0.559058979598707,1.0,0.9982693791389465,0.019801979884505272,1.0648607015609741,0.05317239463329315
118,0.7152512005621584,0.9375,0.8519335503379504,0.6419232353220585,0.0,0.046875,0.0,60,0.05114759757621536,0.4831477999687195,0.0,1.0,63,0.984375,49,0.7777777777777778,0.8961101360902753,48.32507936507936,34.65484317021838,-0.3832642734605606,0.5928542762330059,3.0952380952380953,1.7612611437054218,-0.4212770901607392,0.5505822386789889,2.411614761904763,1.5674563955990326,0.04471680560037857,0.749143881920725,272.68431746031746,100.53213020955371,-0.4770503867857659,0.6674679901913122,0.984375,0.9971534013748169,0.008426966145634651,1.0837910175323486,0.06419024616479874
119,0.766739838728447,0.96875,0.9033032155806019,0.6737055667865601,0.0,0.015625,0.0,62,0.04320858697992778,0.38649484515190125,0.0,1.0,63,0.984375,36,0.5714285714285714,0.893131185363118,41.24603174603174,24.15756488961207,-0.504368375187275,0.4132731340850731,2.5238095238095237,1.307574306451998,-0.5999095565764638,0.40875664092086406,2.466837142857144,1.2642406870446552,0.07110957094410705,0.6042261709058939,246.19847619047619,66.4093267493133,-0.6528991547772259,0.44091475792790785,0.984375,0.9988466501235962,0.004257583990693092,1.0446385145187378,0.0664590373635292
120,0.8055185462118555,0.984375,0.8214479353692796,0.6872168049448282,0.0,0.015625,0.0,63,0.04967300618058643,0.5588899850845337,0.0,1.0,64,1.0,52,0.8125,0.885022223525834,48.63046875,28.532466892432794,-0.37803985498961046,0.4881163341461128,3.03125,1.5906833240780516,-0.4412802048895834,0.49725844956624493,2.534195781250001,1.469383407514022,0.1033026909493591,0.7022712676573524,275.81770312500004,91.41323846270848,-0.45624674293836637,0.6069244770443032,1.0,1.0004483461380005,0.010275572538375854,1.0230478048324585,0.05550137907266617
121,0.7790499604609761,0.96875,0.8829043473928205,0.6717675795325989,0.0,0.03125,0.0,62,0.037214773954138324,0.39234936237335205,0.0,1.0,64,1.0,40,0.625,0.8792879474971821,39.78140625,22.837749647457844,-0.5294243099129733,0.3906945263474666,2.359375,1.1906824133138945,-0.651312909542447,0.37221543836415427,2.7858726562500014,1.5265054747509132,0.22358813662845395,0.7295719615160976,254.44454687500001,71.29538236514028,-0.598150606076409,0.47335499086697963,1.0,0.9998983144760132,0.007179487030953169,1.0446385145187378,0.052090611308813095
122,0.787513667818639,0.984375,0.8613921900590261,0.6488247221708983,0.0,0.015625,0.0,63,0.05644613736457356,0.49657487869262695,0.0,1.0,64,1.0,41,0.640625,0.8914342504567272,43.159218749999994,25.02728887538857,-0.47163871916301303,0.428151850505095,2.8125,1.529654781315052,-0.509662945939353,0.4781805111140987,2.8165070312500013,1.3817814761812928,0.23822940809996088,0.6604031486547353,265.26759375000006,77.31328436560867,-0.5262926107236344,0.5133099480040482,1.0,0.9971901178359985,0.0014771048445254564,1.0230478048324585,0.05432050675153732
123,0.7849084696245441,0.984375,0.8657627316221358,0.6453544552989571,0.0,0.015625,0.0,63,0.060696620970107064,0.49360430240631104,0.0,1.0,64,1.0,50,0.78125,0.885779208678881,40.9621875,27.856086771383445,-0.5092242123416231,0.47654522862549364,2.71875,1.6998965961198933,-0.5389698349606828,0.5313992628290349,3.278324843750002,1.407607877660929,0.4589487785193019,0.6727465163648807,284.95304687500004,86.19572700155119,-0.39559399918560534,0.5722835927666134,1.0,0.9974009394645691,0.003698566695675254,1.0230478048324585,0.04985971376299858
124,0.8039268635405953,0.953125,0.8799547474892413,0.6894659373287441,0.0,0.046875,0.0,61,0.042275124994456376,0.42505788803100586,0.0,1.0,64,1.0,44,0.6875,0.8738331752387124,42.1340625,31.892616784627343,-0.4891764775546537,0.545599763593093,2.828125,1.5667909829887967,-0.504778464435798,0.4897895408861111,2.7803551562500015,1.6667650138638632,0.22095112460049396,0.7966070483628555,265.7196875,70.4004675330434,-0.5232910021228664,0.4674133381523002,1.0,0.9987664222717285,0.004429134074598551,1.0648608207702637,0.05902085453271866
125,0.8144625568819442,0.984375,0.8839692866045331,0.672838402717794,0.0,0.015625,0.0,63,0.05799493361231206,0.4236248731613159,0.0,1.0,64,1.0,47,0.734375,0.8828849473534397,38.303125,21.870991552382236,-0.5547138590889089,0.37415580857190905,2.671875,1.3352748722173273,-0.5536232794713477,0.41741602659246463,3.1234515625000014,1.5041495681408108,0.3849292578186412,0.7188872683349844,270.786421875,73.27558233856897,-0.4896511796793839,0.4865022313928322,1.0,0.9996213912963867,0.0,1.0230478048324585,0.06339339166879654
126,0.7945398978221008,0.953125,0.862988749977018,0.7146668224548134,0.0,0.03125,0.0,61,0.0405272217135201,0.4302579462528229,0.0,1.0,63,0.984375,42,0.6666666666666666,0.8854263970381315,37.5747619047619,25.05961754082686,-0.5671742581604392,0.4287049099275791,2.4285714285714284,1.243577605447676,-0.629681634312418,0.38875083597083854,2.998725873015875,1.2693408219662503,0.32531835734464837,0.6066637091265492,261.2849047619048,62.941360168776896,-0.5527350765193946,0.4178897143051747,0.984375,0.9964767098426819,0.0015151514671742916,1.0648608207702637,0.07303664088249207
127,0.7786534425440208,0.953125,0.8741414673992844,0.6840505574818554,0.0,0.046875,0.0,61,0.04195391177650229,0.45754265785217285,0.0,1.0,64,1.0,49,0.765625,0.8829855235448697,35.8084375,21.271906665449475,-0.5973914769034093,0.36390702356658894,2.515625,1.172499833422163,-0.6024680945068974,0.3665314399533976,2.8362114062500012,1.3330229556817799,0.24764683879836336,0.6370996950937469,252.69223437500003,79.94235468404375,-0.6097848219248558,0.5307652658000569,1.0,0.9974738955497742,0.004761904943734407,1.0648607015609741,0.07015926390886307
128,0.7745558953655178,0.984375,0.860949835133931,0.6983668271527022,0.0,0.015625,0.0,63,0.022891732736443633,0.4018344283103943,0.0,1.0,64,1.0,52,0.8125,0.8846941205725383,37.74703125,25.486650959355636,-0.5642271775031521,0.43601034158184065,2.703125,1.42170328633474,-0.5438543164642378,0.4444341379613025,2.6882570312500014,1.4917172657499487,0.17693411266074385,0.7129454231261143,259.186609375,68.39114037711165,-0.5666663938187065,0.4540727120697631,1.0,0.9979144930839539,0.0015345268184319139,1.023047924041748,0.07843724638223648
129,0.7351037967484751,0.921875,0.8925556964793447,0.7042948612795787,0.0,0.078125,0.0,59,0.025547487231417518,0.3806297183036804,0.0,1.0,64,1.0,46,0.71875,0.8831236516631469,34.095625,22.63699280733585,-0.6266932460680437,0.3872600987101881,2.265625,1.1890409410003508,-0.6806197985637769,0.3717023029302918,2.983459375000002,1.3280378848392707,0.31802194793954,0.6347171501418792,250.24959375000003,81.75319799721885,-0.6260023677515477,0.5427880881980001,1.0,0.9983484148979187,0.00521648395806551,1.1014958620071411,0.060944486409425735
130,0.7236221312516289,0.90625,0.8723287263820911,0.6876418896585931,0.0,0.09375,0.0,58,0.028898462222793516,0.44328245520591736,0.0,0.984375,64,0.984375,50,0.78125,0.8952831168183201,33.61125,23.4040621807946,-0.6349796431133243,0.40038266157935737,2.28125,1.1245658884654113,-0.6757353170602219,0.35154696203124236,2.6510934375000015,1.52161334224691,0.15917229232164612,0.7272338351444744,246.382796875,76.42211839517157,-0.6516753852560455,0.507393185293712,1.0,0.9986841082572937,0.0058792089112102985,1.1180340051651,0.061914943158626556
131,0.7460547543294759,0.9375,0.8636673601965109,0.6989887384890672,0.0,0.0625,0.0,60,0.022638504176380192,0.43711382150650024,0.0,1.0,64,1.0,47,0.734375,0.8842751986824278,36.6253125,24.46612102535553,-0.5834168692412391,0.41855172743016283,2.578125,1.344022501439243,-0.5829301684926775,0.4201505951130665,2.8233471875000014,1.286231911253359,0.24149856520089,0.6147365692290327,262.8513125,81.89703491520525,-0.5423351474361533,0.5437430718272496,1.0,0.9980193376541138,0.0010111223673447967,1.0837910175323486,0.059034887701272964
132,0.7829224913278635,0.984375,0.8722267491476876,0.7121215455721862,0.0,0.015625,0.0,63,0.014597272148828678,0.3716684877872467,0.0,1.0,64,1.0,48,0.75,0.8831980333570867,35.8134375,22.63720604576885,-0.5973059399016515,0.38726374666543173,2.375,1.1524430571616109,-0.6464284280388921,0.3602615549827987,3.052534062500002,1.3053254244832015,0.3510352296368819,0.6238620470800721,263.70715625,66.06105775464916,-0.5366529013070841,0.43860247820768433,1.0,1.000616192817688,0.0034567902330309153,1.0230478048324585,0.06600156426429749
133,0.7657071151293121,0.96875,0.8981498282763266,0.7125037166260412,0.0,0.03125,0.0,62,0.020609453164310034,0.4181038439273834,0.0,1.0,64,1.0,51,0.796875,0.8839584565359476,31.910156250000004,17.863715974373473,-0.664080934930089,0.3056017409399356,2.34375,1.0340870067358936,-0.656197391046002,0.32326264687795164,3.275321093750002,1.41296146832318,0.4575131781787518,0.6753051902151987,269.502015625,62.00655824147061,-0.4981788022065266,0.4116832372082953,1.0,0.9990120530128479,0.001484413631260395,1.0446385145187378,0.06849302351474762
134,0.71717502411057,0.9375,0.8867690895994504,0.6744321445598493,0.0,0.0625,0.0,60,0.011882966955917635,0.36860477924346924,0.0,1.0,64,1.0,53,0.828125,0.8884110894278315,33.501875,22.798945896342993,-0.6368507650267748,0.39003069504200305,2.5,1.2747548783981961,-0.6073525760104523,0.398497064006557,3.212905625000002,1.4537783926106103,0.427682577032487,0.6948130688360035,267.29365625,78.58070494347257,-0.5128408728358755,0.521724796710333,1.0,0.9991204738616943,0.005964214913547039,1.0837911367416382,0.059455834329128265
135,0.7847353138067005,0.984375,0.8982271807534354,0.6934327493470727,0.0,0.015625,0.0,63,0.015903012620034126,0.41835469007492065,0.0,1.0,64,1.0,48,0.75,0.8751749813704272,34.88984375,19.088014276977212,-0.6131062279450883,0.32654630215229735,2.640625,1.0806130710735458,-0.5633922424784576,0.3378070117221418,3.175346250000002,1.2923798378711815,0.40973159857527564,0.6176748848499143,275.513765625,67.25823317486456,-0.4582646903532467,0.44655094473248574,1.0,0.9997501969337463,0.003477396909147501,1.0230478048324585,0.05110667273402214
136,0.7575964094442427,0.96875,0.8899409521010614,0.6903945591814934,0.0,0.03125,0.0,62,0.016625789139944114,0.4117894768714905,0.0,1.0,64,1.0,56,0.875,0.8795465745471343,37.3975,22.447801674106085,-0.5702067485322788,0.3840235302510636,2.71875,1.3284007066770176,-0.5389698349606828,0.4152671155886875,3.011074218750002,1.417471529965203,0.3312200766425736,0.6774607111570848,273.42257812500003,86.58376011444875,-0.4721488159042394,0.5748598803818619,1.0,0.9976450800895691,0.01643306016921997,1.0446385145187378,0.05131237208843231
137,0.7509879890124529,0.921875,0.8859430607092582,0.7070252412564034,0.0,0.078125,0.0,59,0.01927618462181796,0.38677018880844116,0.0,1.0,64,0.984375,43,0.671875,0.8705831819851301,36.6353125,22.561537234912514,-0.5832457952377237,0.3859692500239869,2.46875,1.237042213305593,-0.6171215390175623,0.3867078278405036,2.5407776562500013,1.5274379739368136,0.10644840613586208,0.7300176364720165,245.68328125,76.736002438651,-0.6563197142616374,0.5094771712912,1.0,0.9995282292366028,0.013171759434044361,1.1014961004257202,0.05940840765833855
138,0.7875241060527653,0.984375,0.8926272799098303,0.6959373134004502,0.0,0.015625,0.0,63,0.014184281128290755,0.3982440233230591,0.0,1.0,64,1.0,48,0.75,0.8754031980260902,35.76890625,24.07458554401739,-0.5980677538235564,0.4118535731990755,2.703125,1.2459896606212268,-0.5438543164642378,0.3895048608592074,2.7956342187500014,1.4481232318977184,0.228253539025225,0.6921102637938751,271.54739062500005,64.66926630523027,-0.4845988418735281,0.4293618877658756,1.0,0.9985631108283997,0.007877892814576626,1.0230478048324585,0.05315630882978439
139,0.8066317097725523,0.984375,0.8616370402631306,0.7151317069174776,0.0,0.015625,0.0,63,0.017476851452747758,0.4370138943195343,0.0,1.0,64,1.0,44,0.6875,0.8660934459402336,37.08578125,24.426597107756297,-0.5755394459856127,0.4178755759483312,2.46875,1.402773480466465,-0.6171215390175623,0.4385165516170161,2.988561406250002,1.177597564790106,0.32046039248385855,0.5628163013045777,263.263921875,70.50544709482222,-0.5395956894171968,0.4681103341969042,1.0,0.998587429523468,0.004719454795122147,1.0230478048324585,0.06965070217847824
140,0.768699856007576,0.953125,0.8716970105640224,0.6879921574522517,0.0,0.046875,0.0,61,0.018990989964775808,0.38928723335266113,0.0,1.0,64,1.0,45,0.703125,0.8699280054739755,34.454375,25.747957192938145,-0.6205559661919261,0.44048061193409155,2.265625,1.2530236866775504,-0.6806197985637769,0.39170374534993607,2.972181250000002,1.5230037723202026,0.3126317256871,0.7278983717692701,251.75206250000002,74.17606694039594,-0.6160269519835007,0.49248086375769734,1.0,0.9991249442100525,0.0020887728314846754,1.0648608207702637,0.07215902954339981
141,0.7756740305912476,0.96875,0.8606928010140696,0.6900542457351735,0.0,0.015625,0.0,62,0.030166254468921697,0.4069445729255676,0.0,1.0,63,0.984375,43,0.6825396825396826,0.8745842049764435,44.71253968253968,29.462034648229995,-0.44506543609561805,0.5040188218984247,2.5873015873015874,1.3289800437418715,-0.5800615047524944,0.4154482203040541,2.474877777777778,1.5370200755734131,0.07495248005115698,0.7345972680567647,255.34388888888887,64.97065247738293,-0.5921795597526741,0.43136289602242867,0.984375,0.9995765686035156,0.0010341261513531208,1.0446385145187378,0.08768509328365326
142,0.764106185276235,0.9375,0.8748574445645014,0.7082278600239232,0.0,0.0625,0.0,60,0.03007667316145033,0.3728781044483185,0.0,1.0,64,1.0,48,0.75,0.881490187209394,38.5365625,22.689303731242916,-0.5507203503193446,0.3881550026282256,2.5,1.2747548783981961,-0.6073525760104523,0.398497064006557,2.507885937500001,1.4943429139191498,0.09072826876132098,0.7142003149799203,246.74837500000004,74.06278865966958,-0.6492481841627925,0.4917287696141519,1.0,0.9977940320968628,0.002175095258280635,1.0837911367416382,0.07049837708473206
143,0.7912828258199004,0.984375,0.9048197529618702,0.6925719023292339,0.0,0.015625,0.0,63,0.034086465385952044,0.4566636085510254,0.0,1.0,64,1.0,50,0.78125,0.8683083574957988,38.035,27.640154723246397,-0.5593007808081676,0.4728511926292836,2.5625,1.3095204274848102,-0.5878146499962325,0.4093650116209249,2.9326157812500018,1.5151951301996207,0.29372196275359225,0.7241663403793271,267.739171875,65.56374966887067,-0.5098829387087689,0.43530067581049503,1.0,0.9985969662666321,0.003501750761643052,1.0230478048324585,0.06632112711668015
144,0.7950139537127521,0.96875,0.8900046377412735,0.6840116481035886,0.0,0.03125,0.0,62,0.03520341575328042,0.38960060477256775,0.0,1.0,64,1.0,43,0.671875,0.8730478533050728,42.6796875,23.106522954078223,-0.47984225223784077,0.39529253890763055,2.484375,1.172499833422163,-0.6122370575140074,0.3665314399533976,2.8117165625000013,1.4118194239517896,0.23593987049899726,0.6747593660658884,256.370296875,71.97100649039166,-0.5853648779770281,0.4778406958457392,1.0,0.9990323185920715,0.00718317087739706,1.0446385145187378,0.07911790907382965
145,0.7839973541646303,0.953125,0.8813772162453073,0.710982295468476,0.0,0.046875,0.0,61,0.018998966988256025,0.36917802691459656,0.0,1.0,64,1.0,41,0.640625,0.8630164712908854,37.93890625,26.410949677476783,-0.560944695060699,0.45182268979716095,2.421875,1.2475562048961963,-0.6317749835282273,0.38999457327748505,2.5785178125000012,1.3666538201919378,0.12448578646542122,0.6531730968561361,245.9844375,56.22963283933209,-0.654320232538709,0.37332820802893646,1.0,0.9983908534049988,0.0011019284138455987,1.0648608207702637,0.07697971910238266
146,0.7912330830316975,0.953125,0.8679916291940407,0.7133260589332377,0.0,0.046875,0.0,61,0.04008858497198242,0.3877517282962799,0.0,1.0,64,1.0,46,0.71875,0.8732479263634284,37.640156250000004,18.81943829629583,-0.5660555309157237,0.3219516653259715,2.328125,1.1865744748539806,-0.661081872549557,0.370931268800942,2.8164595312500014,1.13677895257751,0.2382067061386871,0.5433076159635258,243.77021875,65.81803427715236,-0.669021205608968,0.43698896030295115,1.0,0.9980016350746155,0.008776742033660412,1.0648608207702637,0.07568709552288055
147,0.7994003841496166,0.953125,0.87678126966367,0.7216593972018087,0.0,0.046875,0.0,61,0.04041814167976861,0.37998396158218384,0.0,0.984375,64,0.984375,48,0.75,0.8761740779569672,44.9790625,27.46700285790377,-0.440505923554502,0.46988901434725006,2.71875,1.5357077969132018,-0.5389698349606828,0.4800727250488118,2.501291406250001,1.1266691309700632,0.08757650469697859,0.5384757679926391,261.97034375,69.27737265000812,-0.5481842072318442,0.4599567182357507,1.0,0.9989014863967896,0.00927835050970316,1.0648608207702637,0.05784572660923004
148,0.7520829203942518,0.9375,0.8866008927424749,0.672909908267355,0.0,0.0625,0.0,60,0.04299273315998685,0.43283170461654663,0.0,1.0,64,1.0,46,0.71875,0.8964372692328693,39.270781250000006,25.33712113090492,-0.538159776217482,0.43345227494203603,2.53125,1.5508943992096949,-0.5975836130033424,0.484820160442032,2.556563125000001,1.461862617939093,0.11399285035167316,0.6986768113693879,245.23071875000002,78.19644788377317,-0.6593244350576783,0.519173579633566,1.0,0.9978126883506775,0.015258855186402798,1.0837910175323486,0.07241915166378021
149,0.722937000886193,0.90625,0.840396326420636,0.6748724668154402,0.0,0.078125,0.0,58,0.05380832278397328,0.4513902962207794,0.0,1.0,63,0.984375,43,0.6825396825396826,0.8886875217469835,43.88412698412698,28.03220673999879,-0.4592374237836696,0.4795581834384983,2.7777777777777777,1.5475986974649023,-0.5205173492805862,0.48378990161235697,2.631312222222224,1.6520498384152233,0.14971813688618318,0.7895741358750247,263.033,82.36433039256667,-0.5411288605484179,0.5468456100152872,0.984375,0.9984460473060608,0.014132553711533546,1.1180338859558105,0.0773385614156723
150,0.7929913570915871,0.984375,0.8884170736585345,0.685274102995377,0.0,0.0,0.0,63,0.04165059907646687,0.4220814108848572,0.0,1.0,63,0.984375,49,0.7777777777777778,0.8820903329238811,34.02365079365079,22.31282642740812,-0.6279245376310445,0.38171445466825266,2.3174603174603177,1.0958130535932196,-0.6644157250043643,0.34255862986433094,2.9976796825396836,1.4553513990065698,0.32481834522516423,0.6955648652630453,258.7560793650794,63.54810940409617,-0.569524833203605,0.4219181347892975,0.984375,0.9994450807571411,0.00313152396120131,1.023047924041748,0.06289760768413544
151,0.7937031231429412,0.984375,0.891557999073513,0.7026822150687003,0.0,0.015625,0.0,63,0.04092825301141162,0.4140245318412781,0.0,1.0,64,1.0,56,0.875,0.8896097350996154,36.083125,26.339660025034018,-0.5926922878693436,0.45060310917189994,2.484375,1.3345433149115093,-0.6122370575140074,0.4171873367922049,2.8947915625000014,1.5196685380435557,0.2756444059267786,0.7263043431505872,266.592453125,67.28136680225111,-0.5174964057444496,0.4467045369795152,1.0,1.0001362562179565,0.0015189873520284891,1.023047924041748,0.05711308866739273
152,0.7980267847437046,1.0,0.8746745912358165,0.6865277434822918,0.0,0.0,0.0,64,0.02973282339571261,0.3692564070224762,0.0,1.0,64,1.0,53,0.828125,0.8815794608477597,41.299843749999994,30.20373479038786,-0.5034477916916711,0.5167073831711188,2.71875,1.4412315697000257,-0.5389698349606828,0.45053881245051325,2.725287500000001,1.6307803584423177,0.1946323077662716,0.7794086851243208,265.723046875,69.80918368430964,-0.5232686980567447,0.4634875977812939,1.0,0.9990059733390808,0.00651302607730031,0.9999998807907104,0.05688929185271263
153,0.7764227059223943,0.984375,0.8671361562751588,0.6885869152342107,0.0,0.015625,0.0,63,0.03006298611847113,0.40290606021881104,0.0,1.0,64,1.0,54,0.84375,0.890240540853706,35.9678125,24.128162452616316,-0.5946649849723814,0.4127701348240756,2.34375,1.2527313908017152,-0.656197391046002,0.39161237166679486,2.7777746875000013,1.223256440746596,0.21971782561879472,0.5846383230681304,252.524296875,63.24532425298327,-0.610899817751256,0.4199078382219033,1.0,0.9981655478477478,0.0010509721469134092,1.0230478048324585,0.06581132858991623
154,0.760384233724997,0.984375,0.8866790183006771,0.6762056278057226,0.0,0.015625,0.0,63,0.01869067098268131,0.4162147641181946,0.0,1.0,64,1.0,49,0.765625,0.8888227888073477,32.53390625,21.744496115194554,-0.6534101939608115,0.3719918004852954,2.375,1.243734296383275,-0.6464284280388921,0.38879981862534785,3.193154062500002,1.6883747881743787,0.41824259372781897,0.8069351380372246,263.212890625,75.07713027407993,-0.5399345037425617,0.4984633385258684,1.0,0.9979866147041321,0.003825920633971691,1.023047924041748,0.06934712082147598
155,0.742634916386666,0.96875,0.8375429357251813,0.6577905160702927,0.0,0.03125,0.0,62,0.02996751778420907,0.40800297260284424,0.0,1.0,64,1.0,49,0.765625,0.8895465929771106,41.425312500000004,31.15108951589565,-0.5013013475538127,0.5329141597353106,2.75,1.4469796128487782,-0.5292008719535729,0.45233568991878315,2.7708632812500014,1.6916587653035409,0.21641461557595496,0.8085046690184926,263.623140625,78.1918817976544,-0.5372107104398115,0.5191432637900801,1.0,0.9981569051742554,0.004433497320860624,1.0446386337280273,0.06530611217021942
156,0.7719995089156542,0.984375,0.8766504242306664,0.7254157154007863,0.0,0.015625,0.0,63,0.012693986564572077,0.3554876744747162,0.0,1.0,64,1.0,52,0.8125,0.8781895313173871,33.419375,20.84280907733828,-0.6382621255557774,0.35656627933688745,2.484375,1.0153845869299967,-0.6122370575140074,0.31741614296667975,2.810620625000001,1.353950730427298,0.23541608248460796,0.6471018326057306,257.426890625,56.253613758672564,-0.5783497823524635,0.37348742574372834,1.0,0.9990065693855286,0.0010432967683300376,1.0230478048324585,0.06390569359064102
157,0.725584266367352,0.921875,0.8294631960028309,0.7045716853963276,0.0,0.078125,0.0,59,0.018483378926689317,0.3398537039756775,0.0,1.0,64,1.0,48,0.75,0.8929673751573539,38.716875,24.06292388425345,-0.5476356721934562,0.4116540725167303,2.640625,1.32720556409887,-0.5633922424784576,0.4148935058723948,2.6139820312500013,1.3611605323562372,0.14143541426894773,0.6505476566937819,247.85296875,73.48197628669922,-0.6419143997422939,0.4878725530348684,1.0,0.9978663921356201,0.003737319726496935,1.1014959812164307,0.05445297434926033
158,0.720485354775389,0.921875,0.8740097173189713,0.6838613153613858,0.0,0.03125,0.0,59,0.021152797754154778,0.3970375955104828,0.0,1.0,61,0.953125,43,0.7049180327868853,0.8888052350423699,32.222131147540985,23.117968819588285,-0.6587438554582224,0.3954883479112812,2.1639344262295084,1.2304914101505053,-0.7124089650705199,0.3846600021224585,2.789126721311477,1.5814977398663488,0.22514337155493813,0.7558547462110089,240.21550819672132,64.50913240078799,-0.6926221728197801,0.42829870274098075,0.953125,0.995937705039978,0.005997818894684315,1.1014959812164307,0.056848831474781036
159,0.7906727591588383,0.984375,0.8736992620286488,0.6914782770419325,0.0,0.015625,0.0,63,0.021112111763842888,0.45087912678718567,0.0,0.984375,64,0.984375,47,0.734375,0.8858761511805324,43.3071875,29.904096629305553,-0.46910735851724494,0.5115813531888824,2.65625,1.4276154725625525,-0.5585077609749026,0.44628232767492315,2.7512460937500016,1.4881111144959263,0.20703885492489063,0.7112219135236675,263.43235937500003,71.28407812985998,-0.5384773739158389,0.47327993809342883,1.0,0.9988239407539368,0.013197969645261765,1.0230478048324585,0.062151774764060974
160,0.7933589899027642,1.0,0.8627752144820988,0.6809581437650111,0.0,0.0,0.0,64,0.022786397080026194,0.43978822231292725,0.0,1.0,64,1.0,49,0.765625,0.868702430995619,38.88703125,21.784386085543552,-0.5447247411023883,0.37267421417806706,2.703125,1.3425685212960268,-0.5438543164642378,0.41969607100963763,2.9436514062500017,1.6264298999436895,0.2989962855195291,0.7773294442746563,267.595015625,85.10414750459661,-0.510840042494996,0.5650362145259693,1.0,0.9992120862007141,0.00503271259367466,0.9999999403953552,0.06669998914003372
161,0.7823154294583474,0.96875,0.8586468980196984,0.7068158537968753,0.0,0.03125,0.0,62,0.02175131187874996,0.414169043302536,0.0,1.0,64,1.0,48,0.75,0.8819879407952562,37.981562499999995,24.04996473611955,-0.5602149575144534,0.41143237518138864,2.46875,1.380316426584861,-0.6171215390175623,0.431496323501238,3.071456406250002,1.2623608222893925,0.360078899426813,0.6033277158138113,269.93159375000005,74.08775393657321,-0.4953266827186947,0.49189452282324736,1.0,0.9980996251106262,0.0014698677696287632,1.0446385145187378,0.07419105619192123
162,0.7769092144553807,0.96875,0.8652833070485823,0.7001321464156705,0.0,0.03125,0.0,62,0.022386793481740573,0.3130863606929779,0.0,1.0,64,1.0,47,0.734375,0.8862035739671774,32.933125000000004,22.26613501170275,-0.6465805989767172,0.3809156859268004,2.484375,1.322783375831054,-0.6122370575140074,0.4135110996772342,2.927510937500002,1.4586244278715137,0.2912821740141982,0.6971291636744124,253.174875,70.46133665961341,-0.606580401932144,0.4678174695826369,1.0,0.9978877902030945,0.002655337331816554,1.0446385145187378,0.06488693505525589
163,0.7610736085841073,0.90625,0.8374533159979458,0.718250917045133,0.0,0.078125,0.0,58,0.021838842195446767,0.4306016266345978,0.0,1.0,63,0.984375,40,0.6349206349206349,0.8817463679543133,31.598253968253967,22.09650963888221,-0.6694167721344794,0.378013836764179,2.0793650793650795,1.0435225342154668,-0.7388459193442496,0.3262122570827683,2.6644588888888907,1.5138524869678585,0.16556012305506101,0.7235246428077066,232.10511111111109,61.509646980923364,-0.7464699370231421,0.40838406947267136,0.984375,1.000080943107605,0.01654716022312641,1.118033766746521,0.0715673491358757
164,0.7593745316582021,0.96875,0.887961414552504,0.6776933604648387,0.0,0.03125,0.0,62,0.029474682876034726,0.41650208830833435,0.0,1.0,64,1.0,44,0.6875,0.8867965796626284,40.70015625,26.370672422941475,-0.5137068858399894,0.45113365067876426,2.59375,1.4547202265384227,-0.5780456869891225,0.4547554585199501,2.773422656250001,1.3691648798985592,0.2176378330945883,0.6543732227554176,258.28953125,69.18129826833822,-0.5726224093919391,0.45931884679794854,1.0,0.9987872242927551,0.0062500000931322575,1.0446385145187378,0.06643671542406082
165,0.7592888095443373,0.984375,0.8798554482914153,0.6766253988055586,0.0,0.015625,0.0,63,0.02802642314803371,0.3656826317310333,0.0,1.0,64,1.0,47,0.734375,0.8834027284588679,41.790156249999995,28.777275077968834,-0.49505981945680305,0.4923043657854137,2.765625,1.6652907732210012,-0.5243163904500179,0.5205812467096789,2.827685156250001,1.2837045229943802,0.24357183674971908,0.6135286393263137,276.735296875,74.13929478388974,-0.45015451695202796,0.49223672054351264,1.0,0.9993393421173096,0.0009546539513394237,1.0230478048324585,0.06507088243961334
166,0.7566021289039815,0.953125,0.8640272993533338,0.6912727425076078,0.0,0.03125,0.0,61,0.02335931021419808,0.4109707176685333,0.0,1.0,63,0.984375,43,0.6825396825396826,0.8857850411646745,43.10190476190476,25.648966305922706,-0.47261921250310196,0.4387871351987636,2.6825396825396823,1.4234476013616104,-0.5502894270165404,0.4449794227283503,2.703698730158732,1.4353469321127126,0.18431425688447928,0.6860040098372128,258.80869841269845,67.1797667904568,-0.5691754769342526,0.4460299789498145,0.984375,0.9995039701461792,0.005002501420676708,1.0648608207702637,0.06527280807495117
167,0.7705156233606376,0.953125,0.8702586175965481,0.6933556488192714,0.0,0.046875,0.0,61,0.035758110992005515,0.40083277225494385,0.0,1.0,64,1.0,51,0.796875,0.8851343569378376,38.389062499999994,26.966040258927407,-0.5532436918711979,0.4613188466054099,2.390625,1.1939585877973322,-0.6415439465353372,0.37323959283882757,3.132131718750002,1.5754034885105193,0.3890778172089129,0.7529420839315826,274.55095312500004,69.12358614047511,-0.4646571394435674,0.4589356757867091,1.0,0.9991615414619446,0.0038684720639139414,1.0648608207702637,0.06272964179515839
168,0.7858216090109404,0.953125,0.8552719598910847,0.7021817189159506,0.0,0.046875,0.0,61,0.03543296811508954,0.41905850172042847,0.0,1.0,64,1.0,44,0.6875,0.8792116535363946,34.4384375,23.8322704160471,-0.6208286153850289,0.4077081912936514,2.484375,1.2989441325072453,-0.6122370575140074,0.40605878972050524,2.770685000000001,1.383779682846724,0.21632940854367397,0.6613581636091698,252.098703125,68.16384427467757,-0.613725483579269,0.4525636137113203,1.0,0.9993497729301453,0.002107481472194195,1.0648607015609741,0.05534780025482178
169,0.785163748354716,0.984375,0.9096986594654265,0.6870177508100536,0.0,0.015625,0.0,63,0.03781793606044593,0.31206849217414856,0.0,1.0,64,1.0,51,0.796875,0.8769748236358461,35.201406250000005,19.4819797238361,-0.6077762035230593,0.3332860267763886,2.421875,1.2475562048961963,-0.6317749835282273,0.38999457327748505,3.393855312500002,1.454969090372896,0.5141649517299256,0.6953821461936496,276.26953125,69.09272942461298,-0.45324689791491957,0.4587308072528635,1.0,0.9997773170471191,0.010154739022254944,1.0230478048324585,0.06107654422521591
170,0.7763075749395654,0.9375,0.8565001318852107,0.7129304303513992,0.0,0.0625,0.0,60,0.041933036584019034,0.5339415073394775,0.0,1.0,64,1.0,50,0.78125,0.8833915235060131,36.7965625,18.302943429503184,-0.5804872269310367,0.31311578086023073,2.40625,1.085684547877513,-0.6366594650317822,0.3393923899394017,2.609405000000001,1.338446767754513,0.13924788613870764,0.6396919302859885,250.20278125,65.7431459701002,-0.6263131723194578,0.4364917506278677,1.0,0.9999357461929321,0.015781167894601822,1.0837910175323486,0.058734551072120667
171,0.7584043481491664,0.96875,0.8583226093361455,0.6892686135788336,0.0,0.03125,0.0,62,0.025081838196313433,0.37499427795410156,0.0,1.0,64,1.0,45,0.703125,0.8772358220621914,39.925312500000004,23.74706889602049,-0.5269624480811335,0.4062506147799958,2.59375,1.283534548619553,-0.5780456869891225,0.4012416487619829,2.6998029687500016,1.4895983498388934,0.18245233215536566,0.7119327168744263,260.9156875,64.4877799622909,-0.5551864391159479,0.4281569364302537,1.0,0.9982532858848572,0.0020366599783301353,1.0446386337280273,0.06399037688970566
172,0.7687853582359763,0.96875,0.8818584781500601,0.6832941210036506,0.0,0.03125,0.0,62,0.03396716408044164,0.4015589952468872,0.0,1.0,64,1.0,48,0.75,0.8855693433744958,40.986093749999995,25.810463455810147,-0.508815238551969,0.4415499315975219,2.5625,1.248436522214886,-0.5878146499962325,0.3902697664717506,2.312261562500001,1.475629113044056,-0.0027676677746414752,0.7052563153430428,240.96465625000002,63.69397161236564,-0.6876483167557002,0.4228865650294163,1.0,0.9992146492004395,0.0,1.0446385145187378,0.06997232884168625
173,0.8056156407382727,0.984375,0.8665242810097952,0.7153085414299674,0.0,0.015625,0.0,63,0.024528783244994107,0.3742818236351013,0.0,1.0,64,1.0,47,0.734375,0.8641322560315416,38.44609375,18.851686398137197,-0.5522680354448987,0.3225033465147493,2.65625,1.0928567781278569,-0.5585077609749026,0.3416344780032124,2.7206389062500014,1.343904475705861,0.19241057733911263,0.6423003655397804,268.307,66.24368529244886,-0.5061129290951476,0.4398150063353055,1.0,0.9981974959373474,0.0056584361009299755,1.0230478048324585,0.056312207132577896
174,0.7989874460603222,0.96875,0.8727914517925631,0.71057324155249,0.0,0.03125,0.0,62,0.030307763177005224,0.34519681334495544,0.0,1.0,64,1.0,48,0.75,0.8769745100729212,40.97234375,22.61086981010098,-0.5090504653068026,0.3868132021381088,2.734375,1.1758266706343243,-0.5340853534571278,0.36757143194239855,2.799262500000001,1.263584810312758,0.22998762535002268,0.6039127037865696,268.65103125,60.71626775033423,-0.503828785244601,0.40311654714526196,1.0,1.0002946853637695,0.013615733943879604,1.0446385145187378,0.061355385929346085
175,0.7422210550824895,0.953125,0.8771614920897562,0.6766435478671184,0.0,0.046875,0.0,61,0.025748742578668594,0.43965965509414673,0.0,1.0,64,1.0,51,0.796875,0.8939790912105952,37.89609375,24.83014559066682,-0.5616771056382497,0.424779241406741,2.546875,1.4023383095298367,-0.5926991314997875,0.43838051421600194,2.7167137500000016,1.4838908210559383,0.19053460375635375,0.7092048832449599,261.35534375000003,91.43212598018732,-0.5522674074297509,0.6070498778818765,1.0,0.9990456700325012,0.008333333767950535,1.0648607015609741,0.07284466922283173
176,0.7624833729782083,0.984375,0.8821704860717531,0.6834945782286911,0.0,0.015625,0.0,63,0.01793025516325232,0.4090574383735657,0.0,1.0,64,1.0,48,0.75,0.8844256093546387,35.534375,24.645577561894854,-0.6020799738122552,0.4216217622464431,2.625,1.4842927608797396,-0.5682767239820126,0.4640000343281681,2.8912220312500017,1.3744665532343594,0.2739383983435564,0.656907083445009,267.691703125,65.43752056582292,-0.5101981003500606,0.43446259662586706,1.0,0.9994449615478516,0.00927281565964222,1.0230478048324585,0.060030825436115265
177,0.7217437289563371,0.921875,0.8830588975195157,0.6879989063958359,0.0,0.046875,0.0,59,0.02108517923463826,0.3929794728755951,0.0,1.0,62,0.96875,43,0.6935483870967742,0.8855418370343091,40.51903225806452,27.71515794125368,-0.5168054464833001,0.47413430270738854,2.7580645161290325,1.5521627353882685,-0.5266798492420606,0.4852166509767221,2.8093917741935495,1.4651627754902663,0.23482877041262215,0.7002540755572642,272.1462258064517,90.17139003468746,-0.48062296556228096,0.5986794107889115,0.96875,0.9972161054611206,0.0027372261974960566,1.1014959812164307,0.05997785925865173
178,0.7845550194922866,1.0,0.8473473922349513,0.6671092360892497,0.0,0.0,0.0,64,0.02213565508134065,0.4709557890892029,0.0,1.0,64,1.0,49,0.765625,0.876524980497946,40.968281250000004,31.47377964049438,-0.5091199641207307,0.5384345488863118,2.84375,1.6509348677340363,-0.499893982932243,0.5160934928013357,3.0985921875000018,1.4621958323618864,0.3730480669019997,0.6988360665466957,285.11271875000006,77.91779572096902,-0.39453388173584886,0.5173235104200553,1.0,0.998478889465332,0.003271027933806181,0.9999998807907104,0.06125513091683388
179,0.7597269272214928,0.953125,0.8754836342862395,0.6866502167467162,0.0,0.046875,0.0,61,0.03354666803906422,0.530978262424469,0.0,0.984375,64,0.984375,48,0.75,0.8859349852938466,41.75171875,27.954018749249606,-0.4957173851578155,0.4782205901780689,2.875,1.625,-0.4901250199251331,0.5079860763697168,2.526582968750001,1.681221563330776,0.09966425359021,0.8035163541765481,263.296734375,83.57189549073198,-0.5393778357481009,0.5548630572475053,1.0,0.9985035061836243,0.006163328420370817,1.0648608207702637,0.07006577402353287
180,0.7929260058183575,0.96875,0.8806210102573517,0.7216378846353316,0.0,0.03125,0.0,62,0.029316086621848928,0.3299933075904846,0.0,1.0,64,1.0,45,0.703125,0.8823448638458884,34.94921875,18.474445129073523,-0.6120904760492152,0.3160497290957513,2.59375,1.0265042316035526,-0.5780456869891225,0.32089221968566134,2.5822276562500015,1.3834689845488308,0.1262588544474064,0.6612096696991361,245.40896874999999,62.749087065562364,-0.658140970935277,0.41661314589363363,1.0,0.998967170715332,0.005923532415181398,1.0446385145187378,0.06995311379432678
181,0.7885976681729965,0.96875,0.8407975401609175,0.7108903194380892,0.0,0.03125,0.0,62,0.038084829659090984,0.3931252956390381,0.0,1.0,64,1.0,49,0.765625,0.8772247379474177,40.9584375,24.715089344539983,-0.5092883650929413,0.42281092814130306,2.640625,1.5038200056439601,-0.5633922424784576,0.47010438414360656,2.5927573437500016,1.6159609460233362,0.13129137145477587,0.7723259540330376,259.321234375,67.53384397325868,-0.5657725713363597,0.4483808212634584,1.0,0.9982857704162598,0.0031880978494882584,1.0446385145187378,0.06295734643936157
182,0.7930867386571194,0.984375,0.8501238132280017,0.7130546708662782,0.0,0.015625,0.0,63,0.022104960597655127,0.32718953490257263,0.0,1.0,64,1.0,50,0.78125,0.8719748799376444,43.791250000000005,25.75092076630465,-0.46082630753457404,0.4405313109701435,2.625,1.2686114456365274,-0.5682767239820126,0.39657658505022386,2.5586429687500014,1.4712252660045817,0.11498688260994742,0.7031515581862887,259.190125,58.67580530750625,-0.5666430523541603,0.3895692029983076,1.0,0.998873233795166,0.002492522355169058,1.0230478048324585,0.07194817066192627
183,0.7679637141565943,0.96875,0.8684331611279519,0.6963773260422044,0.0,0.03125,0.0,62,0.02279562186294927,0.3747680187225342,0.0,1.0,64,1.0,48,0.75,0.8845519536679489,39.401875,22.581881556003587,-0.5359171029526465,0.38631728846977237,2.609375,1.3064406260427606,-0.5731612054855676,0.40840224469751285,2.6380020312500014,1.4524846189936285,0.1529154376330803,0.6941947278139031,259.30126562500004,62.733461371116164,-0.5659051508549806,0.4165094014405358,1.0,0.9995141625404358,0.004731861408799887,1.0446386337280273,0.07255598902702332
184,0.7707310062686907,0.9375,0.8895306785901388,0.7366308367726233,0.0,0.046875,0.0,60,0.030294607841440092,0.32973045110702515,0.0,1.0,63,0.984375,47,0.746031746031746,0.8723784138037092,36.83539682539682,21.907392303534035,-0.579822872579091,0.37477853079495993,2.492063492063492,1.110884330598266,-0.6098335824884485,0.34727001378536154,2.590744920634922,1.4556630042904568,0.13032956194688106,0.6957137926543613,250.81388888888893,68.80562609889307,-0.622255814868964,0.45682462781156385,0.984375,0.9975119233131409,0.01419989112764597,1.0837910175323486,0.06826438754796982
185,0.7781103256480428,0.953125,0.8906706991742869,0.7206317871380602,0.0,0.046875,0.0,61,0.025414005342141725,0.3082725703716278,0.0,1.0,64,1.0,44,0.6875,0.8720773589182342,33.304218750000004,17.86171987490702,-0.6402321496275102,0.30556759286722146,2.515625,1.0751771293024233,-0.6024680945068974,0.336107699271873,3.310703593750002,1.148648692055376,0.4744237496475868,0.5489805920889241,274.81695312500005,61.34726066964753,-0.46289107236609855,0.407305929930657,1.0,0.9990072250366211,0.0010389609960839152,1.0648607015609741,0.06386222690343857
186,0.7977943505097096,1.0,0.8631795370019972,0.6985458950706414,0.0,0.0,0.0,64,0.037749814730026685,0.3517153859138489,0.0,1.0,64,1.0,51,0.796875,0.8753040613184526,35.488125,18.97627358003607,-0.6028711910785143,0.3246347093141644,2.671875,1.1187980087464404,-0.5536232794713477,0.34974388351591157,3.0710131250000017,1.3588281907169553,0.35986703934742553,0.6494329465975247,286.46259375,65.92437531741363,-0.38557158926893925,0.4376949956796023,1.0,0.9990995526313782,0.003409644355997443,0.9999998807907104,0.06293331831693649
187,0.8160092541705097,1.0,0.8585324953310192,0.7249336280973531,0.0,0.0,0.0,64,0.039829176786466164,0.4428287446498871,0.0,1.0,64,1.0,55,0.859375,0.8758341456054018,35.405625,19.21465756224594,-0.6042825516075169,0.3287128395352247,2.34375,0.9717694878416383,-0.656197391046002,0.30378176570122034,3.315045781250002,1.5032685229450926,0.4764990374890292,0.7184661850946971,285.03665624999996,59.73180544557556,-0.39503888728878167,0.3965803574255505,1.0,0.999383807182312,0.0004955401527695358,0.9999999403953552,0.055584561079740524
188,0.7814345949420978,1.0,0.9084437740966678,0.6739788517705334,0.0,0.0,0.0,64,0.02411430196994793,0.3179110288619995,0.0,1.0,64,1.0,50,0.78125,0.8678239400086621,35.90921875,19.891090208989258,-0.5956673717117299,0.3402848436339193,2.46875,1.0601997158554608,-0.6171215390175623,0.3314256577388949,3.318080312500002,1.4437604382652642,0.4779493492979047,0.6900251275393596,284.972125,70.71374477680688,-0.3954673328380028,0.46949329539414536,1.0,0.9980737566947937,0.016814572736620903,0.9999999403953552,0.0670047253370285
189,0.7644253484724788,0.953125,0.8451880619662707,0.6970666429584725,0.0,0.046875,0.0,61,0.028356136490139315,0.4363430440425873,0.0,1.0,64,1.0,43,0.671875,0.8744558226477086,42.37796875,23.23325022863834,-0.4850038756876591,0.39746051312899094,2.625,1.125,-0.5682767239820126,0.3516826682559578,2.609554375000001,1.249585861605601,0.1393192778327133,0.5972221018618629,264.619265625,67.77930912049283,-0.5305970880054374,0.4500105502679555,1.0,1.0016175508499146,0.031584061682224274,1.0648607015609741,0.07283507287502289
190,0.7978206600894819,0.984375,0.8903537250700451,0.6999623152782096,0.0,0.015625,0.0,63,0.020326111910448245,0.32971128821372986,0.0,1.0,64,1.0,45,0.703125,0.8714082660572829,34.77640625,23.02501318995194,-0.615046848672467,0.3938981187401621,2.40625,1.2589523174052304,-0.6366594650317822,0.3935570757263048,2.968742500000002,1.4424543930474476,0.3109882231748848,0.6894009214771136,266.08918750000004,68.67425261876609,-0.5208377623291645,0.45595239330741066,1.0,0.9975014925003052,0.014795918017625809,1.0230478048324585,0.06625528633594513
191,0.7894303731827781,0.953125,0.8434731200581691,0.7396867122269507,0.0,0.03125,0.0,61,0.03949913410111644,0.4528384506702423,0.0,1.0,63,0.984375,46,0.7301587301587301,0.8712357748233149,38.94142857142858,21.30901350812239,-0.5437941443466578,0.3645418251799764,2.4761904761904763,1.0367400503370112,-0.6147955954444408,0.32409200639140984,2.562419365079366,1.2376377819310027,0.11679175846728841,0.5915116841340983,250.09685714285717,61.35685852294747,-0.6270164395312443,0.4073696534371509,0.984375,0.9983147978782654,0.009664293378591537,1.0648608207702637,0.06851859390735626
192,0.7425277295612034,0.9375,0.8992523908615112,0.6753146361546903,0.0,0.0625,0.0,60,0.04110815599193039,0.34624606370925903,0.0,1.0,64,1.0,38,0.59375,0.8824885891834902,36.80796875,25.936807230488558,-0.5802920956457769,0.44371134513287114,2.4375,1.2231491119238078,-0.6268905020246722,0.38236474965001765,2.3925012500000014,1.508134028318916,0.035581769662106785,0.7207915854015166,237.0206875,61.96392502191171,-0.7138337053419422,0.41140018034562814,1.0,0.9965134859085083,0.01088139321655035,1.0837910175323486,0.08083909004926682
193,0.7392436191356733,0.90625,0.8771320902581873,0.6942241919787168,0.0,0.09375,0.0,58,0.03163002132648448,0.31464719772338867,0.0,1.0,64,1.0,41,0.640625,0.8661249069489628,41.35171875,25.4480876341111,-0.5025603452984344,0.43535062333799546,2.6875,1.3564084008881692,-0.5487387979677927,0.4240225117059095,2.353058281250001,1.4666917584850563,0.01673055389188393,0.700984831614864,247.72403125,74.49095525904659,-0.6427704609219974,0.49457151748945816,1.0,0.9974289536476135,0.014099783264100552,1.1180338859558105,0.07883056998252869
194,0.7858162483914434,0.953125,0.8749744530583992,0.7296240217305016,0.0,0.046875,0.0,61,0.03826064289806403,0.3887879550457001,0.0,1.0,64,1.0,47,0.734375,0.8735883946732741,37.33375,21.946138719316895,-0.5712973453046899,0.3754413812419448,2.25,1.0307764064044151,-0.6855042800673319,0.32222773064852644,2.7299426562500013,1.4729068399800906,0.1968571746486067,0.7039552429709416,250.16500000000002,60.76159033031272,-0.6265640152584449,0.4034174596128031,1.0,1.0014160871505737,0.016508253291249275,1.0648608207702637,0.0707353800535202
195,0.79765776971783,0.984375,0.8477123233060988,0.6970628178841679,0.0,0.015625,0.0,63,0.0295329385632793,0.39976146817207336,0.0,1.0,64,1.0,50,0.78125,0.8682007783508563,39.6771875,21.77141456336367,-0.5312072217933611,0.37245230515496686,2.65625,1.3718002542279981,-0.5585077609749026,0.4288341099743143,2.8932360937500015,1.3745797242641777,0.2749009913725664,0.6569611719573512,265.358015625,61.6858595581,-0.5256922682555126,0.40955400643202317,1.0,1.0007277727127075,0.012096773833036423,1.0230478048324585,0.06721426546573639
196,0.7812668004387395,0.96875,0.897934237194638,0.6982319769377182,0.0,0.03125,0.0,62,0.026488661933920788,0.36031374335289,0.0,1.0,64,1.0,46,0.71875,0.8711203420470961,42.22171875000001,31.1220921610903,-0.48767690699258825,0.5324180903775196,2.59375,1.3546073001058276,-0.5780456869891225,0.4234594753246368,2.4673368750000018,1.4775710266778168,0.07134841093893707,0.7061844258295832,252.81954687500001,67.43164109788563,-0.6089395496887648,0.44770226061150736,1.0,0.9978947043418884,0.007007007021456957,1.0446385145187378,0.061877019703388214
197,0.8250418023497615,0.984375,0.8858887359263405,0.7475848909862738,0.0,0.015625,0.0,63,0.030262155556280923,0.5164869427680969,0.0,1.0,64,1.0,52,0.8125,0.8618622801081344,44.34015625000001,25.539697500422477,-0.45143594856035757,0.4369178299971359,2.6875,1.1439378261076953,-0.5487387979677927,0.35760276178175476,2.645585468750001,1.328574341895678,0.15653983562144147,0.6349735422959761,272.91010937500005,54.61883986464665,-0.47555127525614355,0.36263358982889954,1.0,0.9984248876571655,0.008204633370041847,1.0230478048324585,0.06186310574412346
198,0.7166135473327095,0.9375,0.8624070569872856,0.6812529846467027,0.0,0.0625,0.0,60,0.044710073795361384,0.42789730429649353,0.0,1.0,64,1.0,53,0.828125,0.8904253974183052,43.82703125,28.916907180298924,-0.4602141833657454,0.49469310806190275,2.96875,1.5508943992096949,-0.4608181309038033,0.484820160442032,2.9222331250000018,1.5043875067706922,0.28875971727766564,0.7190009877783761,282.70546875,89.77572345415985,-0.410516456819445,0.5960524419110002,1.0,0.9989383220672607,0.0027272726874798536,1.083790898323059,0.07448530197143555
199,0.7577594677645296,0.96875,0.8800509307653673,0.7153972252049163,0.0,0.03125,0.0,62,0.012329830160914115,0.37201428413391113,0.0,1.0,64,1.0,58,0.90625,0.8718511541748374,38.82078125,20.160418778565795,-0.5458581063756783,0.3448923552997747,2.6875,1.197327753791751,-0.5487387979677927,0.37429281709368484,3.1909578125000015,1.3427076756879992,0.41719292672892305,0.6417283716943497,289.924203125,73.06702556218929,-0.36258875335824553,0.4851175499772414,1.0,1.0003019571304321,0.006448640953749418,1.0446386337280273,0.06500601023435593
