step,reward_mean,valid_frac,c_mean,qed_mean,d_var,d_loss,w_C,unique,n_valid,unique_smiles_frac,n_scaffolds,scaffold_frac,tanimoto_dist,tpsa_mean,tpsa_sd,tpsa_drift_sd,tpsa_spread_ratio,hba_mean,hba_sd,hba_drift_sd,hba_spread_ratio,logp_mean,logp_sd,logp_drift_sd,logp_spread_ratio,mw_mean,mw_sd,mw_drift_sd,mw_spread_ratio,rdkit_valid_frac,ratio_mean,clip_frac,adv_std,kl
0,1.254812700368465,0.984375,0.8242963074691712,0.5538446742028162,0.004315220573852132,0.7506815791130066,0.2,1.0,63,0.984375,49,0.7777777777777778,0.9208022223937068,61.797777777777775,32.02878756926285,-0.15278142789887472,0.547929291722037,3.984126984126984,2.027525378010891,-0.14340436462516767,0.6338182532404796,1.9513980952380958,1.4976327494255495,-0.17523731954102525,0.7157726458907289,285.5093333333335,101.60726669754504,-0.391900618735589,0.6746061975417889,0.984375,0.9945364594459534,0.0492359921336174,1.0230478048324585,0.004191836342215538
1,1.2639608886620428,0.984375,0.8388358264688461,0.5311471125115853,0.004230513027703483,0.7037125825881958,0.21300000000000002,1.0,63,0.984375,48,0.7619047619047619,0.9155498853076718,62.84698412698413,34.19960617219271,-0.13483223483161633,0.5850663546529443,3.888888888888889,2.0939149261164007,-0.1731764423611218,0.6545720785045266,1.6677731746031754,1.691949461991339,-0.3107918872154263,0.8086436034384676,269.91876190476194,100.84325318520355,-0.4954118778292894,0.6695336444933395,0.984375,0.9975329637527466,0.022211719304323196,1.0230478048324585,0.012094647623598576
2,1.286476862053806,0.96875,0.854044976734346,0.5702401472588216,0.008243121857315655,0.6893847584724426,0.226,1.0,62,0.96875,41,0.6612903225806451,0.9166159868934093,50.77290322580645,32.81587658569262,-0.34138837068503236,0.5613943386384065,3.370967741935484,2.208735377246752,-0.3350821231671302,0.6904657341701931,1.9204940322580657,1.68948115112538,-0.19000748461418795,0.8074639087502431,250.52762903225812,107.04593678299746,-0.6241563942238383,0.7107154313129594,0.96875,0.9972017407417297,0.028328612446784973,1.0446385145187378,0.027057399973273277
3,1.3441125272301577,1.0,0.8563602278009057,0.5648239658729031,4.34444493043612e-07,0.686522901058197,0.23900000000000002,1.0,64,1.0,48,0.75,0.9106065031060797,46.2553125,30.94145509914399,-0.4186726038558399,0.5293278598404769,3.0,1.7940875118009154,-0.45104916789669336,0.5608439850976338,2.212021250000001,1.5888374781793102,-0.05067612445773653,0.7593626715781786,248.37157812500004,93.199442316063,-0.6384711706323157,0.6187837094467736,1.0,1.0008937120437622,0.03705533593893051,0.9999998807907104,0.05491677299141884
4,1.361119257592038,0.96875,0.8704718932990105,0.6421719046682647,0.008166094061647972,0.6899126172065735,0.252,1.0,62,0.96875,47,0.7580645161290323,0.8972899421071129,34.32145161290322,23.06284988172567,-0.6228299397910745,0.39454540617431333,2.338709677419355,1.3068497999325581,-0.6577730302406971,0.4085301552444859,2.8642522580645173,1.6940539155932561,0.26104857210314364,0.8096493976315876,242.96727419354843,85.58150045898893,-0.674352235481832,0.5682055278232802,0.96875,0.9977664947509766,0.0345538929104805,1.0446385145187378,0.07978519052267075
5,1.40165941660797,0.984375,0.9110390482440828,0.6235834297384929,0.004122412873824302,0.6853837966918945,0.265,1.0,63,0.984375,54,0.8571428571428571,0.9014693077785881,29.575873015873015,17.91604252599884,-0.7040144527502037,0.3064969122076066,2.3492063492063493,1.2492376107905396,-0.6544916990923797,0.3905201922209019,2.622896666666668,1.6952811472914777,0.14569603970050712,0.8102359358734189,229.88647619047617,79.42344332109755,-0.761200230595532,0.527320031686434,0.984375,0.9958202242851257,0.024726854637265205,1.023047924041748,0.1250164657831192
6,1.4240292901218394,0.984375,0.9007339617089619,0.619707632083527,0.00408411720928048,0.6617823839187622,0.278,0.984375,63,0.96875,46,0.7301587301587301,0.8865654348335408,24.502857142857145,17.29250222225158,-0.7908005662796397,0.29582975859607696,1.6984126984126984,1.033332114206971,-0.8579342302880659,0.32302666232789123,2.6245363492063505,1.7100320652125007,0.14647970305876337,0.817285930976489,206.63258730158728,77.84285860336817,-0.9155909358202756,0.5168259766746596,0.984375,0.9975684881210327,0.0313267819583416,1.0230478048324585,0.1792997121810913
7,1.4552433701597387,1.0,0.9030730398371816,0.6138997986498544,8.531305824344138e-06,0.6723206043243408,0.29100000000000004,1.0,64,1.0,46,0.71875,0.8661371939079017,22.35609375,19.656297783502136,-0.8275261071012927,0.33626815561160034,1.625,1.1388041973930374,-0.8808835402095306,0.3559979544535714,2.642761406250001,1.3756533102764623,0.15519011441070985,0.6574742773905082,195.682703125,57.77053716879602,-0.9882910484005999,0.3835588110582418,1.0,0.9999992847442627,0.02457956038415432,0.9999999403953552,0.1862698197364807
8,1.4346051225145153,0.96875,0.9288142198516477,0.6181892736883634,0.007852337665110766,0.6251187324523926,0.30400000000000005,0.984375,62,0.953125,40,0.6451612903225806,0.8743586813299096,21.135967741935485,14.086513621154081,-0.8483992912005873,0.24098362807460533,1.5161290322580645,0.9287858096056752,-0.9149173468149459,0.2903447748981279,2.6232587096774203,1.1589362035024449,0.14586907309860275,0.5538973644357655,185.415,55.84637349706958,-1.0564619222738516,0.3707836151473495,0.96875,0.998352587223053,0.000687285210005939,1.0446385145187378,0.2767753005027771
9,1.490774288544358,1.0,0.9152205474674702,0.6105720823214238,1.9408271185929887e-05,0.6169109344482422,0.317,0.953125,64,0.953125,32,0.5,0.8654494691223632,14.95734375,16.0572540307126,-0.9540994854523023,0.2746978732498949,1.078125,0.9237269533660908,-1.0518403928339546,0.28876334195531866,2.512896875000001,1.1816350523967785,0.09312317632069674,0.5647459620896317,175.96914062499997,58.47392635393873,-1.1191762879151546,0.3882288579850391,1.0,0.9988099932670593,0.004683840554207563,0.9999999403953552,0.2449733167886734
10,1.5150750833711513,1.0,0.9078304190188646,0.6534422806149192,3.7966610862610016e-05,0.5981307625770569,0.33,1.0,64,1.0,43,0.671875,0.8559103291485097,17.44265625,16.57748088920135,-0.9115822495160977,0.2835976023916897,1.296875,1.0259094669487168,-0.983457651784185,0.32070629220050845,2.905463750000002,1.2927774465788056,0.2807450288179696,0.6178649163758638,192.028,58.61520448628284,-1.0125559012840002,0.38916685294105113,1.0,0.9975639581680298,0.03685329481959343,0.9999998211860657,0.2266046106815338
11,1.506197787110932,1.0,0.9267003228887916,0.6198033974739499,7.504820326926977e-05,0.5831916332244873,0.343,0.984375,64,0.984375,44,0.6875,0.8657658900065467,15.45890625,12.601633837174088,-0.9455190549634794,0.2155811951361407,1.203125,0.7741868213648434,-1.0127645408055148,0.2420160773921659,3.1454548437500014,1.4341538615144662,0.3954454186361923,0.6854337984157753,200.10528124999996,70.67007199711311,-0.958928004700992,0.4692033365279848,1.0,1.0014725923538208,0.030927835032343864,1.0,0.22631029784679413
12,1.494639678351609,0.984375,0.9013833763107421,0.6523066034286845,0.0037200419038387455,0.5507274270057678,0.356,0.984375,63,0.96875,32,0.5079365079365079,0.8425199408819739,20.89206349206349,16.408327556528057,-0.8525718588505915,0.28070382860884924,1.3492063492063493,1.0104019341485428,-0.9670985153198977,0.3158585317443023,3.1388349206349226,1.378716489043888,0.39228151888474083,0.6589382808800405,202.6725238095238,60.37645899432889,-0.9418831830308736,0.4008604379098611,0.984375,0.999891459941864,0.002801120514050126,1.0230478048324585,0.25349777936935425
13,1.5385392539504106,1.0,0.9194531571120024,0.6825769482877709,0.00012001212307225797,0.5302440524101257,0.369,1.0,64,1.0,41,0.640625,0.8369076762627565,15.5709375,15.779608847214615,-0.9436024915178451,0.26994808594011616,1.203125,0.9711412020787709,-1.0127645408055148,0.30358535928920927,3.6401950000000025,1.2930858344479705,0.6318995632208958,0.6180123060487709,223.301203125,56.99785165090099,-0.8049221627650013,0.3784286815304551,1.0,0.9973992109298706,0.006836544256657362,1.0,0.2698442339897156
14,1.5545519160113783,1.0,0.9239468444138765,0.6874211496497724,0.0002959492542736119,0.4936748147010803,0.382,1.0,64,1.0,36,0.5625,0.8149121925580286,16.35453125,15.254971518500893,-0.930197239523625,0.26097290511844423,1.140625,0.8815325344960332,-1.0323024668197347,0.2755730790097796,3.512836406250002,1.0713463629286868,0.571030302943083,0.5120350240424524,217.33751562499998,49.77737117750903,-0.8445171708629774,0.33048938511104486,1.0,0.9996485114097595,0.004569190554320812,0.9999998807907104,0.27767589688301086
15,1.5333471293909535,1.0,0.9254151536151767,0.6561449020500751,0.0003249953832344802,0.48198822140693665,0.395,0.984375,64,0.984375,42,0.65625,0.8322914237709895,12.358281250000001,10.587583168901128,-0.9985626881784953,0.18112602402569408,1.03125,0.8094896154367887,-1.0664938373446193,0.25305197145093244,3.7627471875000023,1.255429916265577,0.6904716687923174,0.6000151861265504,218.68146875,58.9660318549398,-0.835594195796347,0.39149611860142713,1.0,0.9993159174919128,0.0006510416860692203,0.9999998807907104,0.27060967683792114
16,1.5373925079320454,1.0,0.9262625258415937,0.6693353081206062,0.000515675046776933,0.45136141777038574,0.40800000000000003,0.953125,64,0.953125,36,0.5625,0.8193461929060762,14.135468750000001,15.15553229534593,-0.9681596301162301,0.25927175851728546,1.078125,0.7767055326022855,-1.0518403928339546,0.24280344369309914,3.468249062500002,1.2155808347371946,0.5497204050249062,0.580969874428588,209.504234375,56.96723932740373,-0.8965250660666533,0.37822543560303656,1.0,0.9980702996253967,0.0019907099194824696,0.9999999403953552,0.2368084341287613
17,1.4885801570604014,0.984375,0.9054705339764791,0.6471493776038527,0.003171320808459576,0.46228858828544617,0.42100000000000004,0.984375,63,0.96875,30,0.47619047619047616,0.8060375375527156,14.937777777777777,14.82392590337366,-0.9544342083723751,0.25359883521068377,1.0476190476190477,0.8984743935292003,-1.0613767614837524,0.28086921962311345,3.63526412698413,1.4613389022797918,0.6295429213629531,0.6984265087879998,216.41025396825395,62.59568690982854,-0.8506735854651511,0.41559466858265587,0.984375,0.9970827102661133,0.006734006572514772,1.0230478048324585,0.3593493103981018
18,1.5185413312147138,1.0,0.9082777313888073,0.6731562807277462,0.0010533641578846925,0.4333864450454712,0.434,0.96875,64,0.96875,29,0.453125,0.7983193096536579,11.8975,13.90995697782707,-1.0064454574967316,0.23796320289248485,0.953125,0.8183383984483437,-1.0909162448623944,0.25581816133566276,3.447572343750002,1.2730300137046842,0.5398382562179287,0.6084269067681806,205.666546875,54.00456910586644,-0.9220048162447103,0.3585552313186234,1.0,0.9997625946998596,0.006271777208894491,0.9999998807907104,0.30211934447288513
19,1.5173394995869858,1.0,0.9236406767740846,0.6668767142790344,0.0024867500668215477,0.4197976589202881,0.44700000000000006,0.984375,64,0.984375,39,0.609375,0.8144817365798563,14.42359375,13.359518653284667,-0.9632305603899406,0.22854663410570308,1.15625,0.8518133231524382,-1.0274179853161798,0.2662826509708657,3.324481406250002,1.285396444153841,0.48100866261205977,0.6143372694029532,207.9718125,60.1448578311342,-0.9066993511126321,0.39932275674662204,1.0,1.0001980066299438,0.006770480889827013,0.9999999403953552,0.3729104697704315
20,1.5089705430877425,1.0,0.9076185110025108,0.6948429477165032,0.0019030252427725647,0.37557581067085266,0.46,0.953125,64,0.953125,31,0.484375,0.802741396880815,15.56046875,15.774960521908556,-0.9437815846152754,0.2698685651781412,1.09375,0.8964992679863157,-1.0469559113303997,0.28025178191550265,3.437794687500002,1.1120201723285106,0.5351651620382262,0.5314745029024961,208.69148437500002,52.62473898925538,-0.9019211977103099,0.3493940563507791,1.0,0.9974725842475891,0.004864489194005728,0.9999998807907104,0.26117366552352905
21,1.509264262245522,1.0,0.9315255060791969,0.6890259742580731,0.0033602644024304483,0.39946648478507996,0.47300000000000003,0.984375,64,0.984375,42,0.65625,0.8272018196675929,15.209687500000001,15.553562189329613,-0.9497825398948415,0.2660810152655482,0.96875,0.7699178121721825,-1.0860317633588392,0.24068155602000219,3.437800000000002,1.1822451545113766,0.5351677010733686,0.5650375518702351,216.18165625,56.56329823945547,-0.8521913257064774,0.37554352937498275,1.0,0.9992585182189941,0.012226512655615807,0.9999998807907104,0.23244628310203552
22,1.50595830326805,1.0,0.9051343323662877,0.693986063264251,0.006606538527332619,0.3882492184638977,0.48600000000000004,1.0,64,1.0,38,0.59375,0.828723920347756,20.5259375,16.68461573564383,-0.8588353227759289,0.28543040110138274,1.484375,0.9012523838387336,-0.9248438737415253,0.2817376383292875,3.144996250000002,1.2653592235205149,0.3952262401613947,0.6047607597850156,222.17364062500002,58.853564443447056,-0.812408444753867,0.3907494081024593,1.0,1.00057852268219,0.014743589796125889,0.9999998807907104,0.20570431649684906
23,1.4708421908193634,0.984375,0.9320128247851417,0.693976347650011,0.005002097326334767,0.37895360589027405,0.49900000000000005,0.953125,63,0.9375,34,0.5396825396825397,0.8080272101679498,17.33031746031746,15.58228205960004,-0.9135040741662052,0.26657233758430887,1.2222222222222223,0.8809166301912131,-1.0067946189678365,0.275380543125949,3.3390661904761925,1.0889805978979554,0.48797925643710127,0.5204630602396133,222.28352380952376,58.474850229483664,-0.8116788918420068,0.3882349919180601,0.984375,0.9991292953491211,0.01138519961386919,1.0230478048324585,0.2006203532218933
24,1.512932656740809,0.984375,0.9283648388726371,0.7569001330327666,0.011213188957520739,0.4161158502101898,0.512,1.0,63,0.984375,42,0.6666666666666666,0.8297061275314289,22.89015873015873,17.885973176842832,-0.8183896436719761,0.30598250381328435,1.3174603174603174,0.8130951412613141,-0.9770225412318825,0.2541790833997634,3.1871215873015895,0.9947933253476388,0.41535945649962064,0.4754475694202315,232.96357142857138,45.33087373254578,-0.7407703185871273,0.30096753267646487,0.984375,1.000975251197815,0.014142604544758797,1.0230478048324585,0.18258464336395264
25,1.5377340284804015,1.0,0.9283592561259866,0.7043377968196445,0.011804693007241792,0.46909165382385254,0.525,0.984375,64,0.984375,37,0.578125,0.8482222904633846,24.601406249999997,19.381925848195813,-0.7891146472494595,0.3315743650690863,1.734375,1.019224391081277,-0.8466921696846458,0.3186164919173487,3.090977500000002,1.247046955744351,0.3694087334128005,0.5960086672820759,235.12679687499997,55.337830514367525,-0.7264079079026158,0.3674072203382223,1.0,1.0004346370697021,0.01642129197716713,1.0,0.2023945152759552
26,1.552796204376104,1.0,0.9114313805475831,0.7378021396182668,0.017286025365951814,0.4074193835258484,0.538,1.0,64,1.0,45,0.703125,0.8446931543777253,27.1284375,18.671114992377767,-0.7458837119548386,0.31941423918438105,1.9375,1.0439558180306292,-0.7831939101384312,0.32634770455674916,3.1037334375000016,1.21491693062121,0.37550525549987,0.5806525707332073,251.96189062500002,51.3781125420024,-0.6146338296395553,0.34111726715380447,1.0,0.9989030361175537,0.02271498180925846,0.9999999403953552,0.18338410556316376
27,1.5691323437239655,1.0,0.9289949471130967,0.7104477068192556,0.020416570524769535,0.49017825722694397,0.551,1.0,64,1.0,50,0.78125,0.8490685952595345,33.116718750000004,20.71334058755126,-0.6434397871934253,0.35435141004919074,2.125,1.0680004681646913,-0.7245801320957717,0.33386422608246286,2.930481093750002,1.3288987435515431,0.2927017186913474,0.6351285855344732,259.09885937499996,59.58833461154208,-0.5672489967737739,0.3956278043557629,1.0,1.000280499458313,0.014833759516477585,0.9999998807907104,0.18462742865085602
28,1.5888079519669396,0.984375,0.9340448710653517,0.7283926563029658,0.0340724844905155,0.513399064540863,0.5640000000000001,1.0,63,0.984375,49,0.7777777777777778,0.8622879807273366,33.560317460317464,20.29878876425991,-0.6358509664605945,0.34725950604168176,2.126984126984127,1.015624969717231,-0.7239598804762726,0.317491288264473,2.8991750793650803,1.11576126898822,0.2777394465607576,0.5332625077759741,263.67441269841265,65.95117710290133,-0.5368702972035423,0.43787294211180977,0.984375,1.0016478300094604,0.014740846119821072,1.0230478048324585,0.1621360033750534
29,1.5932053018206203,1.0,0.9259745641611516,0.7052464716444904,0.028998471649336336,0.562719464302063,0.577,1.0,64,1.0,38,0.59375,0.8604536764017516,36.973906250000006,22.497332801439175,-0.5774533363999419,0.38487087907621426,2.359375,1.2166448164419228,-0.651312909542447,0.38033146254762257,2.442243437500001,1.2961136216990436,0.059355353121018375,0.6194593946575945,253.92565625000003,79.77446533356925,-0.6015957025035505,0.5296505896552051,1.0,0.9999153017997742,0.012315270490944386,0.9999998807907104,0.1906755119562149
30,1.5932041251302693,1.0,0.9211756605654955,0.6797828742275016,0.032880423944229145,0.5836710333824158,0.5900000000000001,1.0,64,1.0,41,0.640625,0.858517059123043,44.42484375000001,25.327453730598066,-0.4499871655930859,0.43328689085462807,2.828125,1.3176053978240223,-0.504778464435798,0.4118924284579599,2.4492948437500015,1.4037540453425608,0.06272547420761268,0.6709046310586226,281.45115625000005,75.04550791024633,-0.4188442764100743,0.4982533865872283,1.0,1.0000475645065308,0.018772894516587257,0.9999998807907104,0.21284548938274384
31,1.6585871610602434,1.0,0.9145561051554978,0.6918560205161775,0.03140560844958849,0.6642727851867676,0.603,1.0,64,1.0,49,0.765625,0.8697422200610967,45.1178125,32.70005220125564,-0.43813227175572483,0.5594128845233716,2.65625,1.5229366163764007,-0.5585077609749026,0.47608036696173556,2.078125937500001,1.3282427952629268,-0.11466951812334114,0.6348150842156147,263.190375,79.42982171457633,-0.5400839928554982,0.5273623800726371,1.0,1.0020524263381958,0.006436781492084265,0.9999999403953552,0.2014523595571518
32,1.634219073140585,1.0,0.9375670989975333,0.6866718939361354,0.03481993356513748,0.6137641072273254,0.6160000000000001,1.0,64,1.0,48,0.75,0.8694824411745087,46.0371875,30.321319153606158,-0.4224041555575211,0.5187189459477759,2.6875,1.4017288432503627,-0.5487387979677927,0.43818999090277755,2.325409843750001,1.6735592051826378,0.003516369525449453,0.7998542371671817,275.429265625,88.05783777034743,-0.45882571542108913,0.5846467977416923,1.0,0.998343288898468,0.003931847866624594,0.9999998211860657,0.22303718328475952
33,1.591108985052796,0.953125,0.9364410277272834,0.6737511279927761,0.057268783893307036,0.6580889821052551,0.629,1.0,61,0.953125,45,0.7377049180327869,0.885602229011711,44.46311475409836,25.46069607054504,-0.4493324482041196,0.4355663209078779,2.7049180327868854,1.2589907784279524,-0.543293802193338,0.39356909890416675,2.0773293442622958,1.3792037597984552,-0.11505023873035897,0.6591711651284621,265.36773770491806,73.94075499264277,-0.5256277199650322,0.4909185453973142,0.953125,1.000185489654541,0.005766458343714476,1.0648608207702637,0.20011776685714722
34,1.6640848161043267,1.0,0.9285268327221274,0.7017050620418591,0.044822874732698144,0.6359226107597351,0.6420000000000001,1.0,64,1.0,43,0.671875,0.8723408654839838,47.709531250000005,21.906800558679798,-0.3937947015008633,0.37476840757883256,2.90625,1.1688502630790651,-0.4803560569180232,0.36539055938784337,1.7660528125000008,1.4044289134638825,-0.26382050756205255,0.6712271748471523,270.207140625,73.74862771834881,-0.49349723059750356,0.4896429451950046,1.0,1.0005311965942383,0.006529850885272026,0.9999999403953552,0.2268344908952713
35,1.674703548192067,1.0,0.9105546365026385,0.6681849576437825,0.03427940009393582,0.6460394859313965,0.655,1.0,64,1.0,46,0.71875,0.8941640943494236,44.14921875,26.347934235005,-0.45470239281498115,0.4507446593944663,2.75,1.2624381172952597,-0.5292008719535729,0.3946467605319331,1.8650571875000008,1.5813840814590532,-0.216502749937101,0.7558004247634117,259.94871875,84.96982072816887,-0.561606483004354,0.5641443720542718,1.0,1.0000829696655273,0.015930814668536186,0.9999999403953552,0.23853616416454315
36,1.6392019487604907,0.984375,0.9234289053886656,0.6637828771334435,0.02873616644532841,0.5693119168281555,0.6679999999999999,1.0,63,0.984375,50,0.7936507936507936,0.8861491699502984,46.255396825396836,28.535773361702784,-0.4186711612675164,0.4881728992396646,2.984126984126984,1.3626778432593494,-0.45601118085268566,0.42598238212508605,2.0816723809523823,1.4953755074925563,-0.11297454503038071,0.7146938286497105,280.81800000000004,79.31617165316473,-0.423048022304881,0.5266078175470307,0.984375,1.0000667572021484,0.011735121719539165,1.0230478048324585,0.2378072440624237
37,1.6987462765817665,1.0,0.8952306946739554,0.6914812058427127,0.02913543493083304,0.6422718167304993,0.681,1.0,64,1.0,56,0.875,0.8825879686304173,45.901250000000005,29.303180261492095,-0.4247296927928095,0.5013012363068999,3.046875,1.3161222338274663,-0.43639572338602844,0.41142878128305327,1.9824100000000011,1.3374279238663673,-0.16041561299510831,0.6392049880861418,286.26698437500005,69.87373391484734,-0.3868703083562762,0.46391616934894664,1.0,0.9989551305770874,0.007185122463852167,0.9999998807907104,0.27561911940574646
38,1.7314713299264026,1.0,0.9342164043337107,0.6698562608464115,0.027792355550189583,0.6333145499229431,0.6940000000000001,1.0,64,1.0,48,0.75,0.8798174568199014,31.370625000000004,20.22078740700705,-0.6733109120260096,0.345925105595193,2.609375,1.1807993518693174,-0.5731612054855676,0.36912592599138405,2.6752190625000014,1.4310771809841356,0.17070279767861107,0.6839633419473254,278.88746875000004,71.37582150818145,-0.4358654947960445,0.47388905448451646,1.0,1.0001994371414185,0.028460543602705002,0.9999999403953552,0.22870399057865143
39,1.6944016256306191,0.984375,0.9315149244808015,0.661910425282014,0.03415433587888471,0.6027551293373108,0.7070000000000001,1.0,63,0.984375,50,0.7936507936507936,0.8842551815922051,28.447619047619046,22.76612519151706,-0.7233159450833462,0.38946921810472585,2.4761904761904763,1.1664236870396085,-0.6147955954444408,0.36463199517781486,2.381156984126985,1.4013304260919006,0.030159936303607287,0.6697462961034462,260.872507936508,71.0443688408587,-0.555473123347161,0.47168842424580254,0.984375,0.9995259642601013,0.01259328331798315,1.0230478048324585,0.2752029597759247
40,1.681719191498941,0.96875,0.9026277262356973,0.665931813101667,0.030894217290797388,0.611426055431366,0.72,1.0,62,0.96875,54,0.8709677419354839,0.8746820608652714,25.546612903225807,17.601616947676618,-0.7729446186177795,0.3011179079584816,2.4516129032258065,0.9618097752177789,-0.6224787122795258,0.3006682916473346,2.7026969354838726,1.54855359911465,0.18383546311789112,0.7401095544732582,267.80490322580647,66.5864879475122,-0.5094465252703598,0.44209099311416344,0.96875,0.9988604784011841,0.011220196262001991,1.0446385145187378,0.27204206585884094
41,1.7839391397036555,1.0,0.9215754019096494,0.6913531246123708,0.018508973126354904,0.5981436371803284,0.7330000000000001,1.0,64,1.0,60,0.9375,0.8528942104976774,22.008593750000003,16.268415898143278,-0.8334709287234552,0.2783103038550119,2.25,0.9842509842514764,-0.6855042800673319,0.307683566555655,3.000530000000002,1.6406856379689272,0.32618061462731457,0.7841427750657755,271.53109375,63.68838840001541,-0.4847070425291791,0.42284949612897177,1.0,1.0012823343276978,0.021791767328977585,0.9999998807907104,0.25010931491851807
42,1.735394425636001,0.984375,0.9426178601053026,0.6921585679275142,0.026639670611433006,0.491565465927124,0.746,1.0,63,0.984375,55,0.873015873015873,0.8661507356831954,23.877619047619046,16.330385712091097,-0.8014967646899166,0.27937044627192814,2.3174603174603177,1.124410206249196,-0.6644157250043643,0.35149829470928806,2.651078095238097,1.2947823920017008,0.1591649597019491,0.6188231520252663,259.82547619047614,64.61996376934164,-0.5624247334814897,0.42903455097839954,0.984375,0.9998841285705566,0.03407984599471092,1.023047685623169,0.2775161564350128
43,1.765245407014429,1.0,0.9373123752884567,0.6991284846618692,0.022031199060732955,0.5257101058959961,0.7590000000000001,1.0,64,1.0,49,0.765625,0.8597217369751148,25.5475,18.642237493122977,-0.7729294426981128,0.3189202202434779,2.328125,1.09050858977589,-0.661081872549557,0.34090041831860146,2.380074531250002,1.752939332925853,0.0296425930763658,0.8377928600289608,255.43345312500003,51.65747955491591,-0.5915849114492359,0.34297208250732825,1.0,1.0003424882888794,0.052870091050863266,0.9999999403953552,0.284162312746048
44,1.8173902939324478,1.0,0.9504060335457325,0.6883160756779867,0.024290544480972447,0.5268533229827881,0.772,1.0,64,1.0,47,0.734375,0.8435155726573562,23.832812500000003,18.75642227251359,-0.8022632882384063,0.32087362497856614,2.125,0.8926785535678563,-0.7245801320957717,0.27905740054543343,2.6423714062500014,1.3153250249663442,0.15500371936025167,0.6286412164047377,246.125203125,59.79878282419817,-0.6533856402982886,0.3970250436786353,1.0,0.9989840388298035,0.0512692891061306,0.9999998211860657,0.3478184938430786
45,1.7882232864107563,1.0,0.9600713700056076,0.6932182720825452,0.02214348719373034,0.48673951625823975,0.7850000000000001,0.96875,64,0.96875,43,0.671875,0.848606757671074,20.913125,15.448872114474085,-0.8522115512023142,0.26429004024216124,1.9375,0.8454843286542927,-0.7831939101384312,0.26430416415087893,2.2512362500000007,0.9958952358234973,-0.03193386316612742,0.4759742121349708,222.59521875,51.13268328344064,-0.8096094400653578,0.3394877764267613,1.0,0.9979761838912964,0.03827228024601936,0.9999998807907104,0.3017885684967041
46,1.8109744626412727,1.0,0.9557992340996861,0.6888999670847354,0.017218038857262294,0.5230140089988708,0.798,0.984375,64,0.984375,44,0.6875,0.8510036234242022,23.524843750000002,15.016854592443316,-0.8075318329404219,0.25689934353389754,1.921875,1.0353847035643322,-0.7880783916419862,0.3236683157519184,2.300113906250001,1.1115621831945262,-0.008573470337899307,0.5312556133954744,221.23035937499998,54.11248311831777,-0.8186712190411549,0.3592717102080514,1.0,1.000135064125061,0.035184167325496674,0.9999998807907104,0.2509126365184784
47,1.7323308934699067,0.984375,0.9455997390406472,0.690743623298854,0.019525770097521933,0.5538245439529419,0.8109999999999999,0.984375,63,0.96875,41,0.6507936507936508,0.8454307374754777,25.201269841269834,16.23593550005993,-0.7788525406372895,0.27775464868142247,2.015873015873016,0.7451869583686034,-0.758693971168219,0.2329505225498771,2.3552955555555566,1.2913315479813834,0.017799827884379858,0.6171738693450323,231.38652380952382,59.49266410395439,-0.7512408895630682,0.39499261437931427,0.984375,0.9974273443222046,0.01904243789613247,1.0230478048324585,0.26253679394721985
48,1.812510131972748,1.0,0.955529345665127,0.7108163144046764,0.017335736654273314,0.5153142213821411,0.8240000000000001,1.0,64,1.0,49,0.765625,0.839729511563188,27.352812500000002,15.232988613198783,-0.7420452390009603,0.26059683475655093,2.0,0.7288689868556626,-0.7636559841242113,0.22784941342792536,2.677391406250001,1.2715978115886675,0.17174103901936547,0.6077424057792533,249.763640625,60.54140560996439,-0.6292287805908545,0.401955576208409,1.0,0.9999575614929199,0.016235413029789925,1.0,0.3209964334964752
49,1.7986695997836235,1.0,0.9492389615625143,0.7251522552933951,0.0074128158229440355,0.49925124645233154,0.837,0.984375,64,0.984375,35,0.546875,0.8237217579059269,31.347187500000004,19.748638518638284,-0.673711866721749,0.33784786553633056,2.140625,0.9162966819622343,-0.7196956505922166,0.2864405884680527,2.497382812500001,1.386855282031382,0.08570844692966383,0.6628281032635653,247.65307812499998,64.53350460330296,-0.6432415435464562,0.4284605183216841,1.0,0.9993777871131897,0.017489712685346603,0.9999998807907104,0.2713271677494049
50,1.7797141480258118,1.0,0.9423774909228086,0.7363973189922313,0.011253927741704872,0.47022736072540283,0.8500000000000001,0.984375,64,0.984375,36,0.5625,0.8060435875684786,29.831875000000004,17.21984773043522,-0.6996349243169528,0.2945868291172362,2.171875,0.820721624166806,-0.7099266875851067,0.25656317393986283,2.549845781250001,1.1306718395131907,0.11078238976903741,0.5403888066102459,246.310625,56.438723218333244,-0.6521545595882136,0.37471643221904694,1.0,0.9990015029907227,0.004034291487187147,0.9999998807907104,0.2868664562702179
51,1.74984139866062,1.0,0.9216662771068513,0.7263865827418547,0.011180820615557164,0.4318156838417053,0.863,1.0,64,1.0,38,0.59375,0.8248097860682063,28.658281249999998,18.717330585139496,-0.7197120624482765,0.32020486783224006,2.0,0.75,-0.7636559841242113,0.2344551121706385,2.585422031250001,1.185497860776988,0.1277855613430682,0.5665921373792225,233.07334375,58.34403146510008,-0.7400415017341484,0.38736644036583084,1.0,0.9993917346000671,0.0011043621925637126,0.9999999403953552,0.3170143663883209
52,1.7419663253930033,1.0,0.9551995834335685,0.7186524878220413,0.0015572916352005156,0.483918696641922,0.8760000000000001,0.953125,64,0.953125,42,0.65625,0.8333027488205687,29.28,16.429348929583302,-0.709076070885963,0.2810634496536445,2.109375,0.7524374454896566,-0.7294646135993266,0.2352170742448882,2.6154845312500012,1.0759231653647638,0.14215351314923952,0.5142224428142751,239.3879375,56.89466160669071,-0.6981167042549582,0.3777435667191682,1.0,0.9971060156822205,0.007970244623720646,0.9999999403953552,0.3445671498775482
53,1.756754706744984,1.0,0.952168557792902,0.7282168220331071,0.0023790184358969367,0.40065282583236694,0.889,0.953125,64,0.9375,33,0.515625,0.8153632663784798,22.354375000000005,14.481833218186674,-0.8275555104456468,0.24774651868785422,1.703125,0.6999930245188162,-0.8564611326917557,0.21882259077629806,2.9443451562500016,1.0552542090623132,0.299327853638133,0.5043440039606378,236.22221875,51.80413099703922,-0.7191350187696212,0.34394575274716765,1.0,0.9986622929573059,0.004851751960813999,0.9999998807907104,0.3193727433681488
54,1.7604501329824338,1.0,0.9383136704564095,0.7270579520626199,0.0016405230922968898,0.3992888033390045,0.9020000000000001,0.984375,64,0.984375,42,0.65625,0.8130491843103067,24.724843750000005,16.37012150537026,-0.7870029525185652,0.2800502223958411,1.75,0.75,-0.8418076881810909,0.2344551121706385,2.982807343750001,1.0598612783346977,0.3177103187145543,0.5065458883439498,239.049734375,56.424767761828846,-0.7003621531442796,0.37462377706008654,1.0,0.9991413950920105,0.011363636702299118,0.9999998211860657,0.3103295564651489
55,1.7490761714147687,0.984375,0.9451982539797587,0.7416650264292554,0.005156280698238653,0.3289129137992859,0.915,0.96875,63,0.953125,36,0.5714285714285714,0.7938929621548853,27.26650793650794,16.253338231837436,-0.7435216857207846,0.2780523641811508,1.9682539682539681,0.815879192120406,-0.773580010036196,0.2550493966750396,3.1240171428571446,1.2109417634174924,0.3851995690473796,0.5787526951139312,258.06126984126985,61.26185858075528,-0.5741379167566568,0.4067389155790041,0.984375,0.9993855953216553,0.007113821338862181,1.0230478048324585,0.32113829255104065
56,1.8005817415347265,1.0,0.9570196773856878,0.7642270387871368,0.0011781330479765872,0.32571619749069214,0.9280000000000002,0.9375,64,0.9375,35,0.546875,0.7893178748404153,24.720625000000005,17.096721348240283,-0.7870751243637982,0.29248045680318985,1.953125,0.7588990277863057,-0.7783094286348763,0.23723700891443575,3.1856376562500017,0.8515924894751281,0.41465023238875515,0.407006730886521,259.78315625,51.038924043695204,-0.5627057103747053,0.33886527602629923,1.0,0.9971643090248108,0.012096773833036423,0.9999998807907104,0.321869820356369
57,1.8081462535556052,1.0,0.9348728191107512,0.7696951362100344,0.0024440211784492903,0.34616586565971375,0.9410000000000001,0.953125,64,0.953125,28,0.4375,0.7874861655187578,21.965937500000003,16.802182960737387,-0.8342006662697009,0.28744167068927867,1.703125,0.7640289486498532,-0.8564611326917557,0.23884065714308844,3.2929037500000016,1.075877314222126,0.4659165630477571,0.5142005289013378,253.72549999999995,39.91798134378166,-0.6029246098850345,0.2650294460536182,1.0,1.0008854866027832,0.013319126330316067,0.9999998807907104,0.28803780674934387
58,1.8284831768457845,1.0,0.9543640883639455,0.7679204570835441,0.0042170900469323215,0.3199023902416229,0.954,0.984375,64,0.984375,32,0.5,0.7999025711348949,20.570781250000003,14.406707672197296,-0.8580681627914142,0.24646131589598536,1.59375,0.5510997527671374,-0.8906525032166406,0.17227753913630714,3.1084439062500016,0.9442380161713364,0.3777565582186883,0.4512853658180294,246.07709375,35.21675519937152,-0.65370505527312,0.2338163606499421,1.0,1.0007939338684082,0.02124183066189289,0.9999997615814209,0.2510412335395813
59,1.8322873848953867,1.0,0.9516602223739028,0.7517011545867327,0.005641324931510629,0.3323882520198822,0.9670000000000001,0.9375,64,0.9375,36,0.5625,0.8065460193548472,20.230312500000004,15.29227490523708,-0.863892698004855,0.2616110690898088,1.6875,0.6817945071647321,-0.8613456141953107,0.21313361020617663,2.9553075000000018,0.9666708451836785,0.3045671526546049,0.4620068229864423,238.759421875,55.475164087692406,-0.7022896394165641,0.3683190259866441,1.0,1.0011534690856934,0.03320631384849548,0.9999998807907104,0.35271573066711426
60,1.8317701195005078,1.0,0.9436562843620777,0.7580926759708528,0.006339003858469299,0.27346107363700867,0.98,0.984375,64,0.984375,41,0.640625,0.7948209566888135,21.955312500000005,14.293616578820904,-0.8343824323984361,0.2445266212854012,1.875,0.8003905296791061,-0.8027318361526511,0.25020753522164213,3.4276001562500023,0.9392606635382377,0.5302928282773446,0.44890650967650153,274.84321875,53.94520577066745,-0.46271668569097996,0.3581610973640983,1.0,0.9999299645423889,0.010458167642354965,0.9999998211860657,0.30254778265953064
61,1.824724003535405,0.984375,0.9445943955391173,0.7265710266174688,0.015510610548424744,0.33591508865356445,0.9930000000000001,0.96875,63,0.953125,38,0.6031746031746031,0.7943068593908608,22.724761904761902,15.572210683722181,-0.8212191533809146,0.26640004252507543,1.8412698412698412,0.8009190991455787,-0.813276113684135,0.25037276963971117,3.133466825396827,1.1898254097560013,0.3897159127750729,0.568660428944106,256.91679365079364,54.56511872550862,-0.5817364946549533,0.36227691638831383,0.984375,0.9989936351776123,0.007894736714661121,1.0230478048324585,0.27742883563041687
62,1.839565400260404,0.984375,0.9470726464475904,0.7630259124534883,0.006053038586168817,0.2925011217594147,1.006,0.921875,63,0.90625,32,0.5079365079365079,0.7780082479169805,25.124126984126985,15.72319918120392,-0.7801722543786943,0.2689830631999741,1.9206349206349207,0.7193821710237879,-0.788466048904173,0.2248837701345862,3.1309526984127003,0.9095473212751233,0.3885143209133671,0.43470543293182967,268.03696825396827,47.7286921436679,-0.5079057643452907,0.31688748814124335,0.984375,0.9994823932647705,0.006588950753211975,1.023047685623169,0.26431283354759216
63,1.8681325629584484,1.0,0.9443226032890379,0.7409704621500913,0.017004681079941478,0.31703972816467285,1.0190000000000001,0.984375,64,0.984375,44,0.6875,0.8079829870051078,20.921718750000004,14.022960140726298,-0.8520645344805431,0.23989639324119302,1.84375,0.7749747979773278,-0.812500799159761,0.24226240425225642,3.159020000000002,1.1546382539471522,0.4019286955174628,0.5518432195018512,261.00759375,55.36137950878945,-0.554576241362795,0.3675635703523428,1.0,0.9980174899101257,0.009264024905860424,0.9999998807907104,0.29601404070854187
64,1.8949591617523018,1.0,0.9492326024919748,0.7609925018081298,0.020142377844442783,0.3886273503303528,1.032,0.96875,64,0.96875,40,0.625,0.7971159266754235,25.343593750000004,17.270129864087906,-0.7764177485510454,0.2954470257081627,1.953125,0.9088056637009917,-0.7783094286348763,0.28409884509910344,3.086705625000002,0.9401751522154592,0.36736705044824364,0.4493435767614615,267.520375,45.32882600423132,-0.5113356077222673,0.3009539370916537,1.0,0.9994480609893799,0.016658253967761993,0.9999999403953552,0.26505598425865173
65,1.9063357053816894,1.0,0.9596757423132658,0.7371835873520282,0.015236320198384116,0.3191870450973511,1.0450000000000002,1.0,64,1.0,40,0.625,0.8105699335658636,23.410781250000003,14.65103689853208,-0.8094831457930203,0.2506411537884783,1.890625,0.8313615996514393,-0.7978473546490962,0.2598893028008529,3.0172134375000015,1.108067410974254,0.33415423045970577,0.5295853358458888,258.98456250000004,51.91684348217202,-0.5680078537211233,0.34469409037578685,1.0,0.9989219307899475,0.0456453301012516,1.0,0.3159419000148773
66,1.93112288623163,1.0,0.9585292171686888,0.7068326622744803,0.04130402238349902,0.41856616735458374,1.058,1.0,64,1.0,53,0.828125,0.8322809192101548,22.30953125,16.525527547336377,-0.8283226704301616,0.2827088157728048,1.796875,0.9549163494123452,-0.827154243670426,0.2985133597533974,3.5204546875000027,1.388737419372551,0.5746713540148789,0.6637276445063266,269.43543750000003,55.66542518023283,-0.4986208376751058,0.3695822359552865,1.0,0.9999529719352722,0.05282237008213997,0.9999999403953552,0.4161333441734314
67,1.912561105495469,0.984375,0.9581175238367111,0.6910494155397944,0.02721299251172035,0.481222927570343,1.0710000000000002,1.0,63,0.984375,47,0.746031746031746,0.8176193275832985,17.755873015873014,12.681172976005302,-0.9062239249054912,0.21694190302774358,1.6349206349206349,0.8028043565969392,-0.8777822821120355,0.2509621139693502,3.7955292063492094,1.4043057585882552,0.7061393766321312,0.6711683146952119,268.43315873015877,41.11557331231322,-0.5052753171407542,0.27298067818844723,0.984375,0.9985358119010925,0.03505045175552368,1.0230478048324585,0.26873859763145447
68,1.9345423238273596,1.0,0.9477870780974627,0.658324364719732,0.04631006053031461,0.40860939025878906,1.084,0.984375,64,0.984375,49,0.765625,0.8248986802573653,14.6090625,14.148518442617721,-0.9600576722309896,0.24204436937911003,1.359375,0.7779618302815376,-0.9639197257699651,0.2431961709108442,3.660785156250003,1.4671684668296812,0.6417403406905521,0.7012126677070443,248.49531249999998,56.42170016433035,-0.6376496548201407,0.37460341020689475,1.0,1.0039998292922974,0.021350258961319923,0.9999999403953552,0.32925236225128174
69,1.919837358946325,1.0,0.9548856196925044,0.6782217857071522,0.020098411056465638,0.35023733973503113,1.097,1.0,64,1.0,51,0.796875,0.8180508222692853,17.59609375,16.8029842603542,-0.9089573327746572,0.287455378842625,1.5,0.8660254037844386,-0.9199593922379704,0.2707254442492041,4.0686893750000035,1.6626483742811096,0.8366924623216189,0.7946395579968386,270.923625,56.15093864517653,-0.4887402401230365,0.3728057297376355,1.0,0.9975929856300354,0.013669821433722973,0.9999999403953552,0.31982868909835815
70,1.9358049791523642,1.0,0.9571777358651161,0.6630530699474313,0.026476298173610226,0.33550238609313965,1.1099999999999999,1.0,64,0.984375,56,0.875,0.8182399686567494,15.81953125,15.20468445801403,-0.9393496987117027,0.26011262424219306,1.46875,0.8654614015078893,-0.9297283552450804,0.2705491332931869,3.554599843750003,1.5597675069947268,0.5909905543280328,0.7454690850505484,250.80503124999998,53.94042552175294,-0.622314623832971,0.3581293596188727,1.0,0.9993047714233398,0.042904291301965714,0.9999998807907104,0.3999372124671936
71,1.9732918025062287,1.0,0.9667935678735375,0.6882550946191175,0.022273442571870604,0.35014912486076355,1.123,1.0,64,1.0,51,0.796875,0.819423648247801,16.669843750000002,15.51567196540601,-0.9248030623502778,0.26543281203547736,1.65625,0.7119241093684073,-0.8711145772024207,0.22255232922526916,3.034781875000002,1.1419145643103026,0.3425508196758301,0.545762109830369,241.747484375,61.26539106802885,-0.6824508469102903,0.40676236899808466,1.0,1.0025622844696045,0.06714761257171631,0.9999999403953552,0.3248043954372406
72,1.9356148457572095,0.984375,0.9594017768663073,0.7056046685843846,0.03073015973843903,0.3660149574279785,1.136,1.0,63,0.984375,48,0.7619047619047619,0.8249379306401161,18.829999999999995,14.923278183630824,-0.887848404559631,0.2552984944448822,1.7936507936507937,0.7798805394627458,-0.828162152552112,0.2437959724792482,2.9255814285714306,1.1677627214625605,0.2903599921831698,0.5581158753602479,244.17460317460313,52.074806167800205,-0.6663363559137323,0.34574285991923226,0.984375,0.9984302520751953,0.06154683977365494,1.0230478048324585,0.3269098103046417
73,2.034373027617993,1.0,0.9706939328461885,0.7179374007926163,0.038058652493119974,0.36552485823631287,1.149,1.0,64,1.0,41,0.640625,0.8397129185848892,19.830625,16.914966179669857,-0.8707303120828641,0.2893710983684926,1.859375,0.8075268474639093,-0.8076163176562061,0.25243839680393726,2.7715496875000016,1.1115884451019993,0.2167426738518621,0.5312681649071888,237.918359375,54.72076105452552,-0.7078737476546976,0.3633102802722886,1.0,1.002708077430725,0.042941492050886154,0.9999999403953552,0.29273080825805664
74,2.0403462769255145,1.0,0.9584323158487678,0.7193537487821633,0.0470955876765352,0.3936153054237366,1.162,1.0,64,1.0,49,0.765625,0.8525489883678612,23.282343750000003,18.12714295454019,-0.811680377525672,0.31010829175304666,2.078125,0.9731502886887513,-0.7392335766064365,0.30421341345788055,2.6965784375000013,1.2107732312880939,0.18091121250139483,0.5786721475376155,251.760734375,63.89666444278466,-0.6159693763709541,0.4242323136558899,1.0,1.0005954504013062,0.022030651569366455,0.9999998807907104,0.3210532069206238
75,2.028064787643239,1.0,0.9623563876375556,0.7068420411856078,0.0332411668819115,0.36441516876220703,1.175,1.0,64,1.0,46,0.71875,0.8492981244623382,25.722343750000007,15.630342061015043,-0.7699383206678968,0.26739451926941127,2.109375,0.9034169078421103,-0.7294646135993266,0.28241428328663115,3.012586718750002,1.2328527627304282,0.3319429548831335,0.589224751069135,275.7991875,63.55653697075424,-0.4563696746516419,0.42197408835327493,1.0,0.999394416809082,0.008219177834689617,0.9999998807907104,0.2808232009410858
76,2.088721845876341,1.0,0.9587989086285233,0.7252768751617918,0.037164837418176534,0.4778277277946472,1.1880000000000002,0.984375,64,0.984375,46,0.71875,0.8550526914426102,25.051875000000003,18.055954858698975,-0.7814082979973483,0.3088904484972267,1.984375,0.9435999466802656,-0.7685404656277663,0.29497577512417356,2.9164967187500013,1.232883046862434,0.28601808206633506,0.5892392249468614,257.5935,57.00361445557643,-0.5772436044126698,0.3784669428071889,1.0,1.000918984413147,0.021852731704711914,1.0,0.2705458700656891
77,2.0473564765245262,1.0,0.9535823306068778,0.7061473762773004,0.042616434225209984,0.5019826889038086,1.201,1.0,64,1.0,47,0.734375,0.8536716573690599,25.944843750000004,22.68547408256186,-0.7661319240896777,0.388089487295033,2.03125,0.9995115994824673,-0.7538870211171014,0.3124541388966882,2.7705673437500016,1.14008238993428,0.21627317638301904,0.5448864476886577,260.377359375,69.96455139130444,-0.5587605879070678,0.4645191383535695,1.0,0.9990208148956299,0.02025202475488186,0.9999998807907104,0.36954036355018616
78,2.095516843369348,1.0,0.9448992824181914,0.7594395519549157,0.05057843700046563,0.58284592628479,1.214,1.0,64,1.0,47,0.734375,0.8461011852027526,28.7971875,18.048006682590845,-0.7173357376181944,0.3087544758664803,2.171875,0.7817186094593118,-0.7099266875851067,0.24437056568887802,3.018725468750002,1.1492005017496547,0.3348768846677533,0.5492443218217665,271.9283125,66.04736060984835,-0.4820697682550128,0.43851153807051135,1.0,0.9990699291229248,0.0026258204597979784,1.0,0.289102166891098
79,2.0258197526385424,0.984375,0.9461160188629514,0.6867367032871092,0.03289678270584395,0.46981292963027954,1.227,0.984375,63,0.96875,43,0.6825396825396826,0.8449052869057435,27.45746031746032,22.431670706678755,-0.7402549868917511,0.3837475713332265,1.9365079365079365,1.166639671429394,-0.7835040359481807,0.3646995133702606,3.142877777777779,1.3429089640793188,0.3942137459645843,0.6418245746683413,268.8496825396826,84.09486919702239,-0.5025098698212735,0.5583352626800665,0.984375,0.9992226362228394,0.005647263024002314,1.0230478048324585,0.2931033670902252
80,2.046295391341385,1.0,0.9303144230507314,0.7435913655040949,0.022929537315017175,0.3807983994483948,1.24,0.984375,64,0.984375,42,0.65625,0.8255099343022789,31.595312500000002,19.44441645183377,-0.6694670930095213,0.33264341684373067,2.078125,0.8533882377763359,-0.7392335766064365,0.26677498001727246,2.8582387500000017,1.1725377225281777,0.25817449995156,0.5603980203975935,266.511484375,69.27081233169935,-0.5180339856079037,0.45991316198694304,1.0,1.000219702720642,0.004694835748523474,0.9999999403953552,0.29909393191337585
81,2.054127333969558,1.0,0.9485050067305565,0.7023451989950011,0.027349391053232426,0.35071423649787903,1.2530000000000001,1.0,64,1.0,42,0.65625,0.8391008786390459,29.692187500000003,21.25597926678147,-0.7020246143035596,0.3636345471810167,2.109375,0.9373697826231652,-0.7294646135993266,0.2930281833737083,3.2010985937500016,1.3482986810141844,0.42203957142836346,0.6444005145658566,276.7955625,76.45093936613762,-0.449754392379789,0.5075845378048542,1.0,0.9997128844261169,0.0008385744295082986,0.9999999403953552,0.3185431659221649
82,2.0168254216090222,1.0,0.9177802032791078,0.7133025386511291,0.019918678085352463,0.25318023562431335,1.266,0.984375,64,0.984375,40,0.625,0.8337382367834524,36.0278125,19.111383916787496,-0.5936385409512885,0.32694609593660334,2.3125,0.7880950133074057,-0.665966354053112,0.24636387299481155,2.930545468750002,1.4713925635844636,0.2927324858230737,0.7032315157269136,275.356828125,59.936687475867714,-0.45930665333057863,0.39794064091601633,1.0,1.0023303031921387,0.028109028935432434,0.9999998807907104,0.3234436511993408
83,2.0613597090620934,1.0,0.928866253234446,0.7594314165950669,0.02622946567163708,0.4024749994277954,1.279,1.0,64,1.0,42,0.65625,0.8146788266086511,38.419375,25.33235362603276,-0.5527251237980415,0.4333707153275101,2.359375,0.9900629320275555,-0.651312909542447,0.30950042104601566,3.3443906250000017,1.420430640704691,0.49052399551845527,0.6788749767868257,305.3158125,73.68241172760362,-0.26039847295807256,0.4892033140624593,1.0,0.9995100498199463,0.01897456683218479,0.9999999403953552,0.3288428485393524
84,2.0910192347315872,1.0,0.9431171137839556,0.778468903005475,0.009949690292198573,0.31904634833335876,1.292,1.0,64,1.0,42,0.65625,0.8245349890760608,42.531718749999996,22.59765575194468,-0.4823736128836088,0.38658714395496035,2.375,0.960143218483576,-0.6464284280388921,0.3001473146525929,2.9247909375000014,1.1870514026224281,0.2899821880212571,0.5673346309963253,286.26739062499996,62.74701320895115,-0.3868676111203737,0.4165993768339176,1.0,0.9998989701271057,0.004098360426723957,0.9999999403953552,0.2598278224468231
85,2.0603104676665573,1.0,0.9223224241286516,0.7512542421064983,0.013360026399358113,0.29854923486709595,1.305,1.0,64,1.0,41,0.640625,0.8398428006631438,39.696875000000006,23.250400324174528,-0.53087041984894,0.39775390667939575,2.15625,0.8518133231524382,-0.7148111690886617,0.2662826509708657,2.8424165625000017,1.326857496129506,0.2506125065222642,0.6341529998518353,273.280921875,60.55292679427869,-0.47308932131567827,0.40203206938251024,1.0,1.0007569789886475,0.007282658014446497,0.9999998807907104,0.24557654559612274
86,2.099237899679613,1.0,0.942960144020617,0.7580268733553956,0.01779149398950234,0.2859480381011963,1.318,1.0,64,1.0,52,0.8125,0.833812946409599,40.01640625,22.948532317393653,-0.5254040708303597,0.3925897298340718,2.46875,0.9995115994824673,-0.6171215390175623,0.3124541388966882,2.784908125000001,1.247409714097422,0.2231271523950885,0.5961820425680372,282.56393750000007,71.56711262096823,-0.41145613231214395,0.47515910311799425,1.0,0.9999324679374695,0.0021551724057644606,0.9999998211860657,0.3111204206943512
87,2.134932026671118,1.0,0.9552707457914948,0.7598715359882031,0.03373195431922153,0.33097928762435913,1.331,1.0,64,1.0,44,0.6875,0.8420480872381911,39.831562500000004,23.627176567643325,-0.528566266864091,0.4041995687193685,2.4375,0.9662265521087692,-0.6268905020246722,0.3020490062092144,2.5815712500000014,1.071754424955148,0.12594513425230386,0.5122300515860739,274.02304687500003,57.01573677158948,-0.46816209375978907,0.3785474271049833,1.0,0.9989696741104126,0.0030837005469948053,1.0,0.26916617155075073
88,2.0992086343096745,0.984375,0.9456728181195637,0.7583478766910035,0.012894690976405995,0.29041388630867004,1.344,1.0,63,0.984375,45,0.7142857142857143,0.8357553344913573,43.07873015873016,20.575003673518044,-0.4730156697175981,0.3519848250774269,2.5873015873015874,1.0178552090083428,-0.5800615047524944,0.31818847626869295,2.707959047619049,1.2095287367291854,0.18635041608444022,0.578077358752736,283.0548095238095,59.38403717767324,-0.40819706118244353,0.39427140220551066,0.984375,0.9992796182632446,0.004524887073785067,1.023047924041748,0.2595652639865875
89,2.142881902552519,1.0,0.9491513445973396,0.7247432778272545,0.015491442189810885,0.3623065650463104,1.357,1.0,64,1.0,49,0.765625,0.8303753439381267,42.48625,24.590069229009913,-0.4831514649933432,0.4206721589729335,2.609375,1.0697135641726714,-0.5731612054855676,0.33439975157140955,2.540495625000001,1.3588900859420117,0.10631361324079887,0.6494625285554672,278.5199375,68.22830818286572,-0.43830566336960064,0.45299161215468886,1.0,0.9998461008071899,0.0013525699032470584,0.9999998807907104,0.2709577679634094
90,2.147352316406201,1.0,0.9489903934299946,0.7561472055033092,0.023856042202974298,0.32951122522354126,1.37,1.0,64,1.0,48,0.75,0.8366556700807567,40.795781250000005,20.101307311706083,-0.5120709906813726,0.34388111177083835,2.515625,0.935283838936074,-0.6024680945068974,0.29237610315885687,2.6492656250000013,1.4334380327161385,0.15829871487763048,0.6850916780440217,277.10959375,48.21332201584656,-0.4476694290267014,0.32010511544204256,1.0,0.9995534420013428,0.008294930681586266,0.9999999403953552,0.2962425947189331
91,2.1932132534282256,1.0,0.9522205172106624,0.7820875094491816,0.018178288027915337,0.3259159028530121,1.383,1.0,64,1.0,46,0.71875,0.8192885050743168,38.05125,22.899968374705235,-0.5590227855524548,0.39175892702385146,2.328125,0.9023352948738069,-0.661081872549557,0.28207616370021943,2.8130034375000013,1.2550077922208538,0.2365549144235067,0.5998134378377915,272.31039062499997,56.1310453474772,-0.4795330178881579,0.3726736511732404,1.0,1.0008440017700195,0.012487992644309998,0.9999998807907104,0.23407110571861267
92,2.2141502870586525,1.0,0.9616478439420462,0.749865952790356,0.024045162991562917,0.3116900324821472,1.3960000000000001,1.0,64,1.0,38,0.59375,0.8258963701609527,36.780156250000005,22.34286075098903,-0.5807678952180542,0.3822282638660392,2.078125,1.0503673092661443,-0.7392335766064365,0.32835198041915414,2.7981843750000013,1.20480661235382,0.2294723505711112,0.5758204853906406,270.05987500000003,51.65015071024117,-0.4944749786123732,0.3429234237430578,1.0,0.9995232820510864,0.01672862470149994,0.9999998807907104,0.24927052855491638
93,2.226747772805753,1.0,0.9594060080125928,0.7305529989921518,0.037700692550346006,0.42604124546051025,1.409,1.0,64,1.0,46,0.71875,0.8152370478887587,29.89265625,18.636930930462665,-0.6985951151393354,0.31882943875155734,2.125,0.8003905296791061,-0.7245801320957717,0.25020753522164213,2.8775329687500015,1.124577864098737,0.2673959022014635,0.5374762762131444,264.81334375000006,51.001309918293664,-0.5293085354226575,0.33861554268600064,1.0,1.0039948225021362,0.009859886020421982,0.9999998211860657,0.26694899797439575
94,2.231526665260253,1.0,0.9644765602424741,0.7420995243741682,0.024027241525870845,0.3542498052120209,1.422,1.0,64,1.0,52,0.8125,0.819647653904545,26.70390625,16.777185086560586,-0.7531463380103314,0.2870140220477985,2.125,0.9270248108869579,-0.7245801320957717,0.2897942746952889,3.308106093750002,1.2652329333857097,0.473182310817931,0.6047004011797606,276.187015625,56.69326681182374,-0.4537947480227738,0.3764064362049272,1.0,0.9987005591392517,0.02818991057574749,0.9999998807907104,0.27701687812805176
95,2.2411317687463628,1.0,0.9571643155068159,0.7180126923670376,0.04011450895568572,0.35516172647476196,1.4349999999999998,1.0,64,1.0,45,0.703125,0.8180737239259482,23.5390625,19.2841302726126,-0.8072885870916733,0.32990133700497426,1.984375,0.9268931218727432,-0.7685404656277663,0.28975310781182306,3.0006151562500016,1.0452250280800677,0.3262213138670979,0.49955069704975974,250.75492187499998,45.766914201304004,-0.6226473175076327,0.3038625579257803,1.0,1.0005077123641968,0.01610305905342102,0.9999998807907104,0.3737618029117584
96,2.2441813989304595,1.0,0.9659272292628884,0.7261185319207939,0.020511567906096033,0.36864352226257324,1.448,1.0,64,0.984375,56,0.875,0.8095679118912023,23.1471875,17.315119158262924,-0.8139925496044359,0.2962166755751483,1.875,0.7806247497997998,-0.8027318361526511,0.24402861770331824,3.041941875000002,1.1255541832607894,0.3459728416278362,0.5379428943143606,252.04557812499996,51.99435233146865,-0.6140781990435192,0.34520869874779914,1.0,0.9985283613204956,0.010770059190690517,0.9999998807907104,0.2687813937664032
97,2.255283109677938,1.0,0.968184057623148,0.7154782926234019,0.021643867921816336,0.296987384557724,1.4609999999999999,0.984375,64,0.984375,52,0.8125,0.8155538409849077,17.801875,16.47809254690527,-0.9054369505460654,0.28189732622975405,1.78125,0.8744417862270764,-0.8320387251739809,0.27335646276875025,3.1689812500000016,1.1016731567647189,0.4066895357645885,0.5265292913945289,240.23999999999995,43.56497747510323,-0.6924595631677567,0.2892431295091924,1.0,0.999505877494812,0.009428730234503746,0.9999998807907104,0.27753201127052307
98,2.2198289835274547,0.984375,0.9593323904370504,0.7212861760966147,0.0101322775721813,0.2864534258842468,1.474,0.96875,63,0.953125,44,0.6984126984126984,0.8265409355544225,18.6984126984127,17.219825249039488,-0.8900995212090648,0.29458644451899896,1.7142857142857142,0.8247860988423226,-0.8529722173320736,0.2578337564278134,3.51382031746032,0.9571420006787884,0.5715005495576826,0.4574526449036228,248.27207936507938,48.07377427646158,-0.6391317777155671,0.31917860917037716,0.984375,0.9996322989463806,0.005437737796455622,1.0230478048324585,0.39903396368026733
99,2.2498501918188465,1.0,0.9541895613074303,0.7109788955814773,0.02656348137305896,0.3456708490848541,1.4869999999999999,1.0,64,1.0,52,0.8125,0.82992413160033,19.1203125,16.16229997640632,-0.8828819123950724,0.27649493629818434,1.921875,0.8159482118216818,-0.7880783916419862,0.2550709727041124,3.433660625000002,1.1226355155947154,0.5331893446323651,0.5365479578864394,251.86951562500002,46.36922555996605,-0.6152471395879807,0.3078615137938949,1.0,0.9988878965377808,0.008611409924924374,0.9999998807907104,0.32697659730911255
100,2.2717981338125925,1.0,0.9714476643130183,0.7060371250283667,0.008463968022607543,0.2983359098434448,1.5,1.0,64,1.0,48,0.75,0.8043964692662988,15.748593750000001,14.041270293672184,-0.9405632549241406,0.24020963235813636,1.71875,0.8379429798619952,-0.8515766511882008,0.2619466871148575,3.400156875000002,1.142556436337058,0.5171766954739115,0.5460688835965611,250.407375,46.71755848330076,-0.6249548028227252,0.310174217958932,1.0,0.9994500279426575,0.012161415070295334,0.9999998807907104,0.28175002336502075
101,2.27903457831047,1.0,0.962886793538928,0.7465727560289963,0.012095176926851216,0.3284706473350525,1.5,1.0,64,1.0,53,0.828125,0.810423718156857,23.32390625,16.35548031406326,-0.810969351198561,0.27979974967452864,2.015625,0.8002380017063674,-0.7587715026206564,0.25015985393769863,3.317650312500002,1.0468045064205662,0.47774383680637356,0.5003055866522603,257.55174999999997,41.99254393602216,-0.5775207972716336,0.27880319302468615,1.0,0.9991654753684998,0.0,0.9999998211860657,0.2918185889720917
102,2.2645730869065512,1.0,0.9616460967808962,0.7270415937098511,0.006072617562401896,0.33734315633773804,1.5,0.984375,64,0.984375,47,0.734375,0.8161845150876146,20.943281250000002,16.860596543298772,-0.8516956561604629,0.2884409752321244,1.90625,0.8046495743489833,-0.7929628731455411,0.2515389416160632,3.264495312500002,1.2474243495886959,0.4523391473009422,0.596189037396587,250.27807812499998,38.77096885972831,-0.6258132500188046,0.2574140288147754,1.0,0.9992156624794006,0.019188595935702324,1.0,0.32061004638671875
103,2.280625934700198,1.0,0.9676226545125246,0.7282026749640078,0.024863589227463616,0.32396790385246277,1.5,1.0,64,1.0,50,0.78125,0.8422907382688881,24.07390625,17.08031182176458,-0.7981388009349005,0.29219973246419073,2.078125,0.9237269533660908,-0.7392335766064365,0.28876334195531866,3.328203437500002,1.186428113917753,0.4827875554393715,0.5670367388692533,258.01439062500003,52.38541585887039,-0.574449164277227,0.3478051063453292,1.0,1.0008249282836914,0.0030690536368638277,0.9999998807907104,0.2657425105571747
104,2.282297759402143,1.0,0.9712297935038805,0.7213170493917989,0.021062544858205464,0.32517677545547485,1.5,1.0,64,1.0,52,0.8125,0.8185879078949279,19.83328125,18.701145357193994,-0.8706848705506802,0.31992798065799527,2.046875,1.0066914792402883,-0.7490025396135465,0.31469861824867706,3.7940175000000025,1.0110074910918083,0.705416877705878,0.4831969033741442,268.736046875,46.654515100172034,-0.5032643367619585,0.3097556508784963,1.0,0.9983729124069214,0.022051282227039337,0.9999998211860657,0.2605496644973755
105,2.2719025294212423,1.0,0.9557419661432505,0.7236195940428974,0.025781386047905194,0.2791828215122223,1.5,0.984375,64,0.984375,44,0.6875,0.814823737008873,20.833437500000002,19.31111372198905,-0.8535747971678281,0.33036295367632285,1.859375,0.9661002066944194,-0.8076163176562061,0.30200950977148955,3.297467343750002,1.0927909268977916,0.4680976689126369,0.5222841537426587,245.39162499999998,50.1736749596153,-0.6582561221603705,0.3331205845932035,1.0,0.9992132186889648,0.011074197478592396,0.9999999403953552,0.2553315758705139
106,2.2526648926040638,0.984375,0.9599428148496718,0.7623875601974013,0.01921777130756083,0.30327293276786804,1.5,0.96875,63,0.953125,45,0.7142857142857143,0.8269013902908148,19.84666666666666,16.23320220930713,-0.8704558808688914,0.2777078891822371,1.9523809523809523,0.7853534524986019,-0.7785420229921883,0.24550684239887724,3.5065144444444463,1.0188216797675518,0.5680088096360499,0.48693158566262357,255.9421746031746,39.57508635915523,-0.5882073315462083,0.2627528462664834,0.984375,1.0016083717346191,0.04093567281961441,1.023047685623169,0.33035311102867126
107,2.278604859874024,1.0,0.9574383022263646,0.747644899877849,0.02627247340581141,0.37751486897468567,1.5,1.0,64,1.0,48,0.75,0.8270704443988276,25.43984375,17.377313649211892,-0.774771161267209,0.297280661631473,2.1875,0.9164298936634487,-0.7050422060815518,0.2864822313538536,3.600379687500002,1.15811343606473,0.612870390958188,0.5535041342355902,268.298890625,53.86437195752555,-0.506166770073367,0.3576244133936616,1.0,0.9994029998779297,0.024813896045088768,0.9999998807907104,0.305362731218338
108,2.2394504451912303,0.984375,0.964632755234128,0.7371384592356639,0.022727283604437612,0.27789366245269775,1.5,0.96875,63,0.953125,46,0.7301587301587301,0.8354460500717442,27.76238095238095,22.54910125364066,-0.7350385875147157,0.385756502713605,2.1746031746031744,1.1483553808054556,-0.7090738416082956,0.3589837194913325,3.347026666666669,1.2029797253315342,0.49178385479914505,0.5749473502657666,259.6165714285715,60.35923065944807,-0.5638117252947462,0.4007460529661295,0.984375,0.99957674741745,0.005368472542613745,1.0230478048324585,0.3138180375099182
109,2.2841325890011173,1.0,0.9568236777558923,0.7550730778469753,0.026744080327147583,0.2599979341030121,1.5,0.96875,64,0.96875,37,0.578125,0.8094273557857162,27.243281250000003,20.23747730501256,-0.7439190339457157,0.3462106263621998,2.015625,1.0531528186236792,-0.7587715026206564,0.3292227496309851,3.437320625000002,1.0513542657625508,0.5349385904905135,0.5024800805551397,259.990015625,60.58316444295094,-0.5613322986008208,0.40223282771266106,1.0,1.0012563467025757,0.001400560257025063,0.9999999403953552,0.3492973744869232
110,2.279430514014122,1.0,0.9496715748682618,0.7555130165194013,0.023769020239833155,0.2926727831363678,1.5,0.96875,64,0.96875,37,0.578125,0.8182904796463988,27.40265625,19.816544480101367,-0.7411925420146879,0.3390095600053363,1.953125,0.8556738481308167,-0.7783094286348763,0.26748947739332335,3.4711932812500024,0.9885443991104663,0.55112755323636,0.4724609824425679,262.055921875,49.03682462391935,-0.547616024114874,0.3255726374131966,1.0,0.9979743957519531,0.01308139506727457,0.9999998211860657,0.2379482090473175
111,2.2963052096244496,1.0,0.9683589097112417,0.76977424507547,0.008591154706156913,0.2681836783885956,1.5,0.984375,64,0.984375,44,0.6875,0.8073598831264917,27.07515625,21.526054198356604,-0.7467952156298195,0.3682548271603892,1.921875,0.9404900235382617,-0.7880783916419862,0.29400359195203946,3.5471656250000025,1.1025253085599607,0.5874374733561729,0.5269365654377913,270.38684374999997,42.36360580889966,-0.49230411866975676,0.2812668026389449,1.0,0.9990921020507812,0.0009469697251915932,0.9999998211860657,0.23268625140190125
112,2.2588592793072797,1.0,0.9460016284137964,0.770788996397097,0.00948609337843915,0.2820999324321747,1.5,0.984375,64,0.984375,43,0.671875,0.8015700883461161,31.336406250000003,20.762498522515564,-0.6738963058817892,0.3551923745230804,2.046875,0.8914469890997445,-0.7490025396135465,0.27867240509807806,3.441089687500002,1.0458380790363322,0.5367399612465866,0.49984369618803287,275.707125,46.56779945362597,-0.4569809098032188,0.3091799153579459,1.0,1.0004945993423462,0.014097744598984718,0.9999998807907104,0.27063223719596863
113,2.288008308528238,1.0,0.9571436932310462,0.7745608498569951,0.026900036234118824,0.33542072772979736,1.5,0.984375,64,0.984375,48,0.75,0.8195754950289076,37.71515625,23.504279662980228,-0.5647724758893576,0.40209712216933097,2.46875,1.2865743031399313,-0.6171215390175623,0.40219189674471156,3.2425312500000016,1.0481500004285838,0.4418417305369426,0.5009486467125577,278.315046875,60.24547127181786,-0.43966600392333943,0.3999907645855027,1.0,0.9997884631156921,0.009026127867400646,0.9999998807907104,0.28598469495773315
114,2.2739100471320874,1.0,0.9561281017959118,0.7789048168831618,0.013529672207819787,0.29670506715774536,1.5,1.0,64,1.0,40,0.625,0.8223286640015766,36.37765625,26.31340816379239,-0.587653623859552,0.4501540080716661,2.234375,1.0568554108178658,-0.6903887615708868,0.3303802051885986,3.2625342187500017,1.082211193121815,0.45140186994585235,0.5172277178169921,274.56482812499996,47.8352747896867,-0.46456501846349313,0.31759512762306025,1.0,0.9991995692253113,0.0027764923870563507,0.9999999403953552,0.31498634815216064
115,2.2853304592750945,1.0,0.9592118402943015,0.7852566214624714,0.013164988380937276,0.28481900691986084,1.5,0.953125,64,0.953125,34,0.53125,0.8102702665716677,33.41140625,21.420834693353125,-0.6383984501523289,0.3664547949635031,2.140625,0.9821403206136077,-0.7196956505922166,0.30702375871569365,3.4363845312500017,0.986739642116796,0.5344911975629105,0.4715984240556438,272.482671875,43.67246635648095,-0.47838918238556316,0.28995678580466283,1.0,0.9989197254180908,0.0029154520016163588,0.9999999403953552,0.2967521548271179
116,2.2941244723379643,1.0,0.959674246609211,0.7924636099826154,0.017066401659546666,0.3229977786540985,1.5,1.0,64,1.0,42,0.65625,0.8135208209561792,33.8575,19.13677766435614,-0.6307669457767557,0.3273805169426863,2.265625,0.9055762581776313,-0.6806197985637769,0.28308931092013817,3.1245262500000015,1.0999973931794407,0.3854428896924606,0.5257283836046972,270.8660625,43.26179269245376,-0.4891224177025359,0.28723017964818964,1.0,0.9997472167015076,0.010043041780591011,0.9999997615814209,0.29947373270988464
117,2.2808375280426656,1.0,0.9606739077717066,0.7677045383427838,0.010858526029809593,0.2515798807144165,1.5,1.0,64,1.0,40,0.625,0.8200964757997193,32.659062500000005,23.50753175305935,-0.651269095885563,0.4021527569762938,2.265625,0.9394510947223383,-0.6806197985637769,0.2936788157226066,3.077203750000002,1.0698273651512964,0.36282576206343664,0.5113090402799833,265.999515625,46.70747080767442,-0.5214331252848503,0.3101072423506167,1.0,0.9984468221664429,0.0014612762024626136,0.9999999403953552,0.32331371307373047
118,2.264227585705322,1.0,0.9558543497696519,0.7629400364359133,0.00714510814685011,0.176373690366745,1.5,0.953125,64,0.953125,36,0.5625,0.7935731367065413,27.0065625,18.200899464273565,-0.7479686763726835,0.3113700738935883,1.734375,0.8522431339559152,-0.8466921696846458,0.2664170127577208,3.5426212500000025,0.8902790044953968,0.5852655528243087,0.4254964101666853,264.72101562500006,53.805356488252016,-0.5299215341515557,0.35723258904273925,1.0,1.000232219696045,0.00634765625,0.9999999403953552,0.3013843297958374
119,2.2949466102800162,1.0,0.9682343956083059,0.756659255049646,0.02157418061866276,0.2862486243247986,1.5,0.984375,64,0.984375,37,0.578125,0.8090659475697788,26.3271875,19.26095276627934,-0.7595910164865158,0.3295048301249806,1.96875,0.9514585842273956,-0.7734249471313213,0.2974324387876679,3.3088654687500023,1.079966032700697,0.47354524348829496,0.5161546747657573,262.67543750000004,57.91330007484115,-0.5435028431025056,0.38450666394639993,1.0,1.0005147457122803,0.010396975092589855,0.9999998807907104,0.3123433291912079
120,2.2944991280332943,1.0,0.9617914399132133,0.7809792260459341,0.009621476230389125,0.23901653289794922,1.5,0.984375,64,0.984375,40,0.625,0.7915104132640978,29.210625,16.920115420982654,-0.7102628967853516,0.2894591885011374,1.96875,0.8472151069828724,-0.7734249471313213,0.2648452172537718,3.5094921875000025,1.002067815810246,0.5694319803209029,0.4789243104890446,279.955109375,51.26837100710744,-0.42877705510288455,0.3403886547033952,1.0,0.9993751049041748,0.01247689500451088,0.9999998211860657,0.34982454776763916
121,2.2850684056789428,1.0,0.97299790289253,0.7616455932536197,0.010909362752777277,0.24642662703990936,1.5,0.984375,64,0.984375,39,0.609375,0.7975006486900298,27.802343750000002,19.7512334853886,-0.7343549279366788,0.3378922586714272,2.015625,0.8748604799480887,-0.7587715026206564,0.27348734927985036,3.6177837500000027,1.1872364398816335,0.6211884194399044,0.567423066968803,285.58793750000007,47.622401017298,-0.3913787381682893,0.3161817841603827,1.0,0.9980982542037964,0.020036429166793823,0.9999998807907104,0.30653539299964905
122,2.2973437241156285,1.0,0.9751044157892466,0.7668249694338538,0.004480085502271068,0.25847646594047546,1.5,0.96875,64,0.96875,34,0.53125,0.7936259302608996,25.945468750000003,16.054066650860566,-0.7661212319644579,0.2746433454666938,1.796875,0.7941128599733164,-0.827154243670426,0.24824509288158725,3.4421851562500025,1.0801963252778304,0.5372635252284634,0.5162647398850777,266.741421875,52.68072754747602,-0.5165073500867553,0.3497657839800588,1.0,0.9996898174285889,0.012036590836942196,0.9999998211860657,0.26539257168769836
123,2.2892706666791094,1.0,0.9600978512316942,0.7777862562432154,0.018186977960280855,0.23324444890022278,1.5,0.9375,64,0.9375,32,0.5,0.7868419828308469,25.6484375,18.481213199046046,-0.7712026644751285,0.31616551317837854,1.84375,0.7545435292281023,-0.812500799159761,0.23587545037707225,3.332225468750002,1.0652599157261613,0.4847098290747285,0.5091260916490489,264.3063125,37.237390058949416,-0.5326748933093979,0.24723206253372446,1.0,0.998680591583252,0.010309278033673763,0.9999999403953552,0.29966112971305847
124,2.2801289381646344,1.0,0.9707536706700921,0.7514104329999085,0.005048053357973106,0.18073785305023193,1.5,0.96875,64,0.96875,37,0.578125,0.7862610182528318,24.17515625,19.390320232672433,-0.7964066766493063,0.3317179711650326,1.59375,0.8425917976695477,-0.8906525032166406,0.2633999392488983,3.4641128125000025,1.0807159148995131,0.5477435421339866,0.5165130704844398,263.64475,56.96403433005998,-0.5370672382377358,0.3782041565041938,1.0,0.998879075050354,0.0014157621189951897,0.9999998807907104,0.27216318249702454
125,2.280818891605473,1.0,0.9685425795614719,0.7586768991770775,0.004817831735719978,0.1991422176361084,1.5,0.953125,64,0.953125,39,0.609375,0.7990804034777901,23.862187500000005,18.050406805383744,-0.8017607583530796,0.3087955357279913,1.71875,0.8190839013800723,-0.8515766511882008,0.2560512106336387,3.4871582812500024,0.9476837557493062,0.5587578019044855,0.4529322089013687,263.57854687500003,40.50686423000187,-0.5375067839500967,0.26893924559436355,1.0,0.999798059463501,0.01318359375,0.9999998807907104,0.36238017678260803
126,2.289546161111785,1.0,0.9695578785613179,0.7649847342023838,0.020096939042649104,0.2526589035987854,1.5,0.984375,64,0.984375,31,0.484375,0.7929421491054067,32.089375000000004,20.692368450938016,-0.661014968023335,0.3539926313119206,2.09375,0.9955957701296244,-0.7343490951028816,0.31123002394980576,3.320724843750002,1.076214596358739,0.47921326605632186,0.5143617281856269,268.1081875,50.687777964365786,-0.5074329148501825,0.336533894334247,1.0,0.9993277192115784,0.00048007682198658586,1.0,0.34678027033805847
127,2.2916841062926854,1.0,0.9740673573687673,0.7643529099733543,0.01047060792942475,0.307494193315506,1.5,0.96875,64,0.96875,37,0.578125,0.8088543081571158,32.909062500000005,19.7240634060554,-0.6469922457976762,0.3374274492466908,2.078125,0.9731502886887513,-0.7392335766064365,0.30421341345788055,3.180097500000002,1.308237011451386,0.4120023921226875,0.6252535993873769,267.93776562500005,49.79610100818081,-0.5085644053115279,0.33061373901072905,1.0,0.9989169836044312,0.0004782400792464614,0.9999998807907104,0.3332383930683136
128,2.255794853324662,0.984375,0.974171381148081,0.7641552283452909,0.009601373740429039,0.20115923881530762,1.5,0.921875,63,0.90625,34,0.5396825396825397,0.7962280712412797,29.507936507936513,23.15851594600495,-0.7051766697899594,0.39618200383599583,1.8571428571428572,0.9233675918888247,-0.8083141007281425,0.28865100310803565,3.23965777777778,1.0891194165514406,0.44046839463988646,0.520529406675308,261.35252380952386,45.834474283584946,-0.5522861300013124,0.3043111129523497,0.984375,0.9992002844810486,0.004444444552063942,1.023047685623169,0.321031779050827
129,2.2859386585131825,1.0,0.9718941487371922,0.782389406444145,0.00386335337096235,0.16861408948898315,1.5,0.953125,64,0.953125,36,0.5625,0.7897675132185193,28.4046875,18.76486019205429,-0.7240503922561766,0.32101797584628305,1.890625,0.9205498951034647,-0.7978473546490962,0.28777017188686976,3.358038906250002,0.8527785380854271,0.4970470008319546,0.40757358624693857,264.093234375,40.25874789631994,-0.534089593540568,0.2672919144353489,1.0,0.9997081160545349,0.001480019767768681,0.9999998211860657,0.3124118447303772
130,2.281241932721802,1.0,0.9655849570408463,0.770706870351566,0.00705992876289613,0.22533074021339417,1.5,0.890625,64,0.890625,36,0.5625,0.7905384772336381,22.715,18.28556645622443,-0.8213861541938701,0.31281850602145295,1.6875,0.7261843774138906,-0.8613456141953107,0.2270101862175187,3.3310956250000023,1.19863494863151,0.4841698360419301,0.5728708249523522,253.909890625,48.87786593487295,-0.6017003760045591,0.3245172550545408,1.0,1.0001670122146606,0.007645260076969862,0.9999999403953552,0.3236270546913147
131,2.294198842422616,1.0,0.9702940583229065,0.7823949584956884,0.013895317867384162,0.21699130535125732,1.5,0.9375,64,0.9375,36,0.5625,0.7861610458021052,24.75734375,20.542526259733393,-0.7864469620071399,0.35142922095743,1.9375,0.9164298936634487,-0.7831939101384312,0.2864822313538536,3.531866562500002,0.9082009798363389,0.5801255002109053,0.4340619678538386,268.65759375000005,44.76192098750023,-0.5037852145107816,0.29719005631683937,1.0,0.999933123588562,0.0014778325567021966,0.9999997615814209,0.3206469714641571
132,2.289834097898825,1.0,0.9701622435823083,0.7781138362257389,0.0035068317745728813,0.19192929565906525,1.5,0.953125,64,0.953125,33,0.515625,0.7806637431419696,25.063281250000003,16.05130592960892,-0.7812131667120885,0.2745961167029828,1.75,0.75,-0.8418076881810909,0.2344551121706385,3.5927320312500024,1.0121383733496199,0.6092153005156047,0.4837373927472399,268.77806250000003,43.42839573038413,-0.5029853803256734,0.2883363155139607,1.0,0.9988458156585693,0.008964143693447113,0.9999998211860657,0.3134371340274811
133,2.246451511096671,0.984375,0.973642037028358,0.7654672039371778,0.004319412634341229,0.18418309092521667,1.5,0.9375,63,0.921875,35,0.5555555555555556,0.7712330015630275,22.809841269841268,15.737447554491178,-0.8197636666208464,0.26922681582615754,1.8412698412698412,0.8396210257421075,-0.813276113684135,0.2624712556949232,3.546469682539684,0.9850735731623091,0.5871048573817954,0.470802149679134,268.6895396825397,42.31031311661737,-0.5035731142862804,0.28091297380695457,0.984375,0.9976454377174377,0.009955201297998428,1.0230478048324585,0.33957618474960327
134,2.309364107204523,1.0,0.9727465817704797,0.7911253181078319,0.0059498968578544555,0.2254221886396408,1.5,0.953125,64,0.953125,25,0.390625,0.7734368231169055,29.38078125,19.121715919397726,-0.7073519656942837,0.3271228496416898,2.0,0.9185586535436918,-0.7636559841242113,0.2871476962025293,3.3724689062500017,0.9744194510115978,0.5039436176989167,0.46571016086920525,267.73190625,41.28299890228679,-0.5099311777354972,0.27409227526505664,1.0,1.0004606246948242,0.0033849128521978855,0.9999997615814209,0.32789894938468933
135,2.2910471747481234,1.0,0.9774870537221432,0.7629855273329456,0.007864266323958506,0.20026274025440216,1.5,0.890625,64,0.890625,34,0.53125,0.7675529149400324,25.8121875,13.72773350155967,-0.7684013276675626,0.2348458329305278,1.9375,0.7880950133074057,-0.7831939101384312,0.24636387299481155,3.7545990625000027,0.9291040854193212,0.6865773863038133,0.44405231508429516,276.3575,52.03682984345081,-0.4526628426020583,0.34549072181337986,1.0,0.9999269247055054,0.003671408863738179,1.0,0.3788893222808838
136,2.3048948692689297,1.0,0.9744896301999688,0.7907667780316123,0.004685721374926572,0.12357978522777557,1.5,0.890625,64,0.890625,31,0.484375,0.7502631074040027,28.05109375,17.11419112509297,-0.7300994620992315,0.29277931926986095,1.984375,0.8748604799480887,-0.7685404656277663,0.27348734927985036,3.6137781250000023,0.77139943827735,0.6192739869424874,0.3686795826187622,271.93121875,33.98837202562296,-0.4820504726443213,0.22566069492936375,1.0,0.998993456363678,0.011342154815793037,0.9999998211860657,0.37163153290748596
137,2.3003599881063264,1.0,0.9735696027055383,0.7956704898928569,0.007927212261475015,0.17604300379753113,1.5,0.90625,64,0.90625,32,0.5,0.7638797971385836,30.342499999999998,16.936693892256542,-0.6908994580124441,0.2897428030464364,2.03125,0.9348922063532245,-0.7538870211171014,0.2922536761440013,3.7619421875000025,0.654545756812189,0.6900869302907302,0.3128309983804214,285.087296875,39.58681404666195,-0.39470266645947716,0.2628307104875377,1.0,0.9979981184005737,0.01624883897602558,0.9999997615814209,0.4036291241645813
138,2.310537229336778,1.0,0.9743410684168339,0.7979347639326835,0.02027801616097322,0.20502658188343048,1.5,0.859375,64,0.859375,30,0.46875,0.7246319382120432,34.985625,16.159423515688143,-0.6114676597551667,0.27644572753308294,2.484375,0.9998779222360098,-0.6122370575140074,0.3125686538863849,3.511952968750002,0.6769456937752655,0.5706080763343923,0.3235367352534944,291.37362500000006,45.264788617747655,-0.35296553435523603,0.3005287704751276,1.0,1.0013056993484497,0.00297745643183589,0.9999998807907104,0.3405846655368805
139,2.300838421112683,1.0,0.9747592927888036,0.7875052556905113,0.004795363165054157,0.16128696501255035,1.5,0.84375,64,0.84375,28,0.4375,0.7432972601883061,33.201093750000005,19.298892383792676,-0.6419963502887635,0.3301538783509658,2.3125,0.9333240326917549,-0.665966354053112,0.29176345436839746,3.4836875000000025,0.8101179893810234,0.5570989905039113,0.3871845730973437,282.96878125,48.27436616960549,-0.4087682329948738,0.32051040893913124,1.0,1.0003629922866821,0.01457597129046917,0.9999998807907104,0.3430376946926117
140,2.304838647275397,1.0,0.9722843486815691,0.7997060857855304,0.00814895112279635,0.19753813743591309,1.5,0.96875,64,0.96875,32,0.5,0.7571608272600159,35.00796875,17.190216710720183,-0.6110854162785617,0.2940799194001465,2.34375,0.9051717723725149,-0.656197391046002,0.28296286590039155,3.220515625000002,0.9587581148530043,0.4313196701965607,0.4582250440909294,274.85310937500003,41.876452746858995,-0.4626510183707238,0.27803242299774905,1.0,0.9987547397613525,0.010022778995335102,0.9999997615814209,0.2937382161617279
141,2.2978266347819725,1.0,0.9684802060946822,0.7983879738509557,0.004793648585157619,0.13456013798713684,1.5,0.9375,64,0.9375,32,0.5,0.7545665563838496,38.64984375,17.040873427236235,-0.5487824026232709,0.29152504405977203,2.65625,0.955555303213791,-0.5585077609749026,0.2987131010669838,3.251310625000002,0.9011131706392995,0.446037710142375,0.43067444848737213,280.468921875,45.18463284621248,-0.42536567412453175,0.29999658826017506,1.0,1.0006773471832275,0.00738688837736845,0.9999998807907104,0.3513289988040924
142,2.3017103576853515,1.0,0.9760311478748918,0.7971364124569925,0.006686253973640876,0.20754484832286835,1.5,0.953125,64,0.953125,36,0.5625,0.7709238604186377,38.683437500000004,18.534024389176622,-0.5482077008927111,0.317068975350984,2.640625,0.9900629320275555,-0.5633922424784576,0.30950042104601566,3.0787137500000012,1.0043521493208023,0.3635474454639292,0.48001607577100364,278.85,53.691353622755244,-0.43611426293818334,0.35647568412735975,1.0,0.99946129322052,0.014751899987459183,0.9999999403953552,0.36566993594169617
143,2.2911911820359343,1.0,0.9724820340052247,0.7907727165457864,0.010400129335020969,0.12289748340845108,1.5,0.9375,64,0.9375,29,0.453125,0.7573246230725903,43.760312500000005,19.368443404216656,-0.46135556773295,0.3313437155022175,2.828125,0.94463431251199,-0.504778464435798,0.29529912493364346,3.016979531250002,1.2678273416883692,0.3340424382359334,0.6059403623758736,290.1951250000001,65.59250644283333,-0.3607900082304121,0.43549160209526816,1.0,0.9984627962112427,0.01605902798473835,0.9999999403953552,0.41177642345428467
144,2.308950172817665,1.0,0.9680571109056473,0.8122846195846318,0.00955045510364275,0.15528127551078796,1.5,0.96875,64,0.96875,33,0.515625,0.7634643898819438,37.55375,18.042203518763998,-0.5675337172273496,0.3086551988195888,2.4375,0.9164298936634487,-0.6268905020246722,0.2864822313538536,3.136937187500002,1.0335773648753717,0.3913745238502787,0.4939838591760105,272.224296875,38.70166772798676,-0.48010462441992774,0.25695391435161713,1.0,0.9999253749847412,0.004297994077205658,0.9999998211860657,0.3551842272281647
145,2.3034445294883765,1.0,0.9684262126684189,0.7938060737652843,0.008264040081249941,0.12690730392932892,1.5,0.921875,64,0.921875,30,0.46875,0.7730855118500002,37.67984375,18.0399010436057,-0.5653765809642717,0.3086158094552563,2.5,0.9682458365518543,-0.6073525760104523,0.30268024829002493,3.183484375000002,1.0778640139499793,0.41362110170351185,0.5151500442757455,274.70634375,61.76111590946069,-0.46362544671063627,0.41005365968205526,1.0,1.0002167224884033,0.02247191034257412,0.9999999403953552,0.36563634872436523
146,2.300683483215417,1.0,0.9558422407135367,0.7992184637108192,0.030902991116255135,0.20430558919906616,1.5,0.90625,64,0.90625,29,0.453125,0.7428489213364963,37.17703125,20.808320276971504,-0.573978395703534,0.3559762656213684,2.375,0.8926785535678563,-0.6464284280388921,0.27905740054543343,3.408130781250002,0.9287030216236131,0.5209877125452438,0.44386063224727446,276.77081250000003,50.248203665925665,-0.4499187162901924,0.33361540675313234,1.0,1.0011030435562134,0.005845323670655489,0.9999999403953552,0.3836979269981384
147,2.3166476123781403,1.0,0.9716131733730435,0.8088633830347726,0.005362812679496188,0.1225631907582283,1.5,0.984375,64,0.984375,22,0.34375,0.7390473078523008,34.61015625,16.31742526145243,-0.6178909539809115,0.279148726654116,2.1875,0.899218410621135,-0.7050422060815518,0.281101804437442,3.5609842187500025,0.9108570659357135,0.5940418771492393,0.4353314070910563,281.21582812500003,31.17771014610975,-0.42040670217686,0.20699972721769244,1.0,0.9998859763145447,0.0013927576364949346,0.9999998211860657,0.30931100249290466
148,2.319631086674157,1.0,0.9738693786785007,0.8167114807306699,0.008761186083333358,0.10668241232633591,1.5,0.859375,64,0.859375,21,0.328125,0.7134975819154032,34.649375,16.24823748855164,-0.6172200231233744,0.2779651037236703,2.1875,0.8267972847076845,-0.7050422060815518,0.25846246683802604,3.4903607812500024,0.8268761410579908,0.5602883920303654,0.39519389752662193,276.25017187500004,37.9342086206314,-0.45337543157968574,0.25185848479220435,1.0,0.9999717473983765,0.0,0.9999997615814209,0.2836475372314453
149,2.3131671592534806,1.0,0.9744964158162475,0.8006478359055815,0.01146802551403622,0.12984409928321838,1.5,0.96875,64,0.96875,27,0.421875,0.7464087117000274,36.596718749999994,15.700725108124734,-0.5839060339700414,0.26859859023427857,2.34375,0.8143008887997114,-0.656197391046002,0.25455600829891595,3.3084764062500023,0.9580443556331434,0.4733592965028616,0.4578839128452854,276.587703125,44.91185275162608,-0.45113444350358867,0.29818550576228847,1.0,1.000138521194458,0.0008892841287888587,0.9999998211860657,0.4041869640350342
150,2.3191791151796615,1.0,0.9734590528532863,0.8163787387349022,0.012324412713043773,0.13679549098014832,1.5,0.890625,64,0.890625,29,0.453125,0.7483014069821832,38.58734375,14.561293538241578,-0.5498516151452426,0.24910587819509553,2.40625,0.6782042004440846,-0.6366594650317822,0.21201125585295474,3.333330000000002,1.040347406764924,0.48523772435184803,0.4972195060980845,278.774765625,51.179986345293656,-0.43661377027946713,0.33980183800646835,1.0,0.9996230602264404,0.0,0.9999998211860657,0.37378308176994324
151,2.317765229896355,1.0,0.9741930915042758,0.815030966910155,0.003649394059318687,0.11600383371114731,1.5,0.90625,64,0.90625,26,0.40625,0.7297346104116722,39.70578125,17.828216032167898,-0.5307180570645591,0.304994429216168,2.390625,0.8770901375428868,-0.6415439465353372,0.2741843554418377,3.266311250000002,0.9718188118669239,0.4532070492546393,0.46446722172921634,280.73840625,40.73001829529373,-0.42357647306220164,0.270420843518857,1.0,0.9988961815834045,0.01998262293636799,0.9999998807907104,0.41693568229675293
152,2.2991252509964903,1.0,0.970688296481967,0.8105345542451299,0.00537482043780747,0.13771598041057587,1.5,0.9375,64,0.9375,25,0.390625,0.7579152835776723,39.13125,15.59571280232167,-0.5405467931727839,0.26680210267706644,2.3125,0.7880950133074057,-0.665966354053112,0.24636387299481155,3.1200043750000015,0.9907330511811628,0.3832817227211997,0.47350701811732027,266.02301562499997,36.821220298003865,-0.5212771005618412,0.24446896586664194,1.0,0.9993405938148499,0.0023288310039788485,0.9999998807907104,0.3271949887275696
153,2.310280780196229,1.0,0.9719218937680125,0.7963929746795575,0.010920596082336621,0.14670877158641815,1.5,1.0,64,1.0,29,0.453125,0.7583877745211259,37.14203125,17.196894085459835,-0.5745771547158381,0.29419415192311504,2.296875,0.9130937708554363,-0.6708508355566669,0.2854393366242968,2.9816187500000013,1.091399222315242,0.3171422469401805,0.5216190079839726,261.91420312500003,48.283080685092145,-0.5485569444856823,0.32056826765678936,1.0,0.9975467920303345,0.032316796481609344,0.9999998807907104,0.3983350694179535
154,2.3204326082150892,1.0,0.9735323851928115,0.8090382992226081,0.027032292983019575,0.23062114417552948,1.5,0.984375,64,0.984375,27,0.421875,0.7376334184675156,44.945781249999996,22.344379522928097,-0.441075279222452,0.3822542461056435,2.515625,1.0306579740025301,-0.6024680945068974,0.322190707872435,3.0787109375000017,1.1130659762730257,0.363546101268854,0.5319743302845666,284.89718750000003,46.491643482617896,-0.3959648691222801,0.30867428921828416,1.0,1.0006933212280273,0.014660150744020939,0.9999999403953552,0.3100700378417969
155,2.3114366044607486,1.0,0.9694906556978822,0.816779513939899,0.00878603086002878,0.12250939011573792,1.5,0.84375,64,0.84375,21,0.328125,0.7221408745512805,42.91203125,14.608351761459039,-0.475867454687411,0.2499109220595091,2.46875,0.7281987623581903,-0.6171215390175623,0.22763989668161283,3.2997403125000018,0.8247623825058824,0.4691840025660899,0.39418365616257783,291.669296875,39.17143945636593,-0.3510024653169999,0.2600728932366398,1.0,0.9998024106025696,0.0017985611921176314,1.0,0.4000164568424225
156,2.326067525404329,1.0,0.9743857150897384,0.8420584659733952,0.006901460254410774,0.13916374742984772,1.5,0.8125,64,0.8125,26,0.40625,0.7186691052111965,43.17375,15.82010829806484,-0.4713901272516545,0.2706409262598288,2.421875,0.7459198913925007,-0.6317749835282273,0.23317964240898567,3.274040937500002,0.964724765454051,0.45690134538692245,0.461076721372596,286.10154687500005,40.8268070229023,-0.38796870580788795,0.27106345774930657,1.0,0.9994800686836243,0.003566651837900281,0.9999997615814209,0.3934468626976013
157,2.314778915867973,1.0,0.9745520260185003,0.8066192235212026,0.007787815112375748,0.16409988701343536,1.5,0.875,64,0.875,24,0.375,0.7155406501270902,42.052343750000006,19.22051148368159,-0.4905744729271316,0.3288129849128509,2.390625,0.8947273938887755,-0.6415439465353372,0.2796978819951146,3.307607656250002,1.1358195620780607,0.47294408957956463,0.5428490886800535,275.302734375,41.49614522128917,-0.45966580066505913,0.2755074282600707,1.0,0.9997566342353821,0.0004460303171072155,0.9999998211860657,0.3988002836704254
158,2.3041551638868008,1.0,0.9760373588651419,0.7975672874257449,0.013820672145097688,0.1587475836277008,1.5,0.90625,64,0.90625,26,0.40625,0.7206591486265158,43.053593750000005,18.22625967587593,-0.473445688325145,0.31180392118646993,2.4375,0.8816709987291178,-0.6268905020246722,0.2756163638728456,3.3356828125000026,0.976558314790183,0.48636221820994263,0.466732400925444,284.65981250000004,42.640984607268926,-0.39754088480842337,0.2831084175404027,1.0,0.9988829493522644,0.0055626872926950455,0.9999999403953552,0.37457263469696045
159,2.3154861651525565,1.0,0.9699762323871255,0.8191915117263855,0.0021945144985989653,0.11295817047357559,1.5,0.921875,64,0.921875,19,0.296875,0.6975557375934835,41.28578125,17.529775277072105,-0.5036883645091146,0.2998888837375262,2.25,0.75,-0.6855042800673319,0.2344551121706385,3.219095625000002,0.989112673602387,0.430641001038481,0.4727325812953776,274.65665625,39.01771385025765,-0.4639553394095522,0.25905225514674596,1.0,0.9997680187225342,0.006610841955989599,0.9999997615814209,0.31364718079566956
160,2.320208870741342,1.0,0.9772608336061239,0.8227551602986989,0.003132998953496512,0.06790275871753693,1.5,0.890625,64,0.890625,23,0.359375,0.7208920001648262,42.96359375,17.433744162470116,-0.4749853543567843,0.2982460410138247,2.421875,0.8254674338670182,-0.6317749835282273,0.2580467464006678,3.1906781250000016,1.0031221414770422,0.41705925399642285,0.4794282107092038,280.4819375,33.59009601563897,-0.42527925883579026,0.22301640113621218,1.0,0.9972044229507446,0.012085944414138794,0.9999998807907104,0.4153766632080078
161,2.328787319905789,1.0,0.9768993305042386,0.826538932969425,0.002942431649969459,0.09086233377456665,1.5,0.8125,64,0.8125,18,0.28125,0.7009181535534444,39.20828125,13.75026392413609,-0.5392289887394538,0.23523126988963214,2.078125,0.6915717492603353,-0.7392335766064365,0.21619004272916878,2.9518185937500014,1.0095212411907004,0.30289967866354445,0.4824865710015523,252.66290625,30.386994231043353,-0.6099795416090906,0.20174988757397327,1.0,0.9998762607574463,0.0032198713161051273,0.9999997615814209,0.3771854639053345
162,2.3206356136179154,1.0,0.9734143987298012,0.8269217867974736,0.002478862964755082,0.06491556763648987,1.5,0.875,64,0.875,18,0.28125,0.7012735116053918,46.324687499999996,18.320043324248545,-0.41748577795645136,0.31340831560560894,2.328125,0.7716598890541091,-0.661081872549557,0.2412261411276848,2.7707229687500012,1.0690735101065323,0.2163475551771922,0.5109487457950932,261.79125,41.63145453710452,-0.5493732733057367,0.27640579415456806,1.0,0.9997297525405884,0.004275534301996231,0.9999997615814209,0.37814199924468994
163,2.3302430641358454,1.0,0.9712945548817515,0.8284343892483084,0.008951583622758556,0.13486924767494202,1.5,0.8125,64,0.8125,19,0.296875,0.6910205163161873,43.848749999999995,14.900113411900595,-0.4598426320143602,0.25490220542084097,2.375,0.8003905296791061,-0.6464284280388921,0.25020753522164213,2.663406093750001,1.0136854229564667,0.16505695432932824,0.48447678348962436,251.07453125,41.82728429916021,-0.6205253190307986,0.27770597646868495,1.0,0.9996905326843262,0.0037157454062253237,0.9999997019767761,0.4943919777870178
164,2.3299457109324484,1.0,0.9793022070080042,0.8111180534892486,0.003701061994744657,0.10732513666152954,1.5,0.78125,64,0.78125,13,0.203125,0.6533767261367772,45.2271875,17.3029949059359,-0.4362611498422744,0.29600926113662673,2.46875,0.8094896154367887,-0.6171215390175623,0.25305197145093244,2.494300000000001,1.1235138792533907,0.08423505977199346,0.5369677595235667,252.73853125,32.00817383544825,-0.6094774407717464,0.21251346624315828,1.0,0.9999769926071167,0.001406469731591642,0.9999997615814209,0.4067220389842987
165,2.33328355041642,1.0,0.978990949690342,0.8266538025334212,0.008355008593666242,0.09489491581916809,1.5,0.78125,64,0.78125,16,0.25,0.6497698789390527,49.8615625,14.082225523105135,-0.35697904133807296,0.24091026986453534,2.53125,0.6839396446324778,-0.5975836130033424,0.21380419480033896,2.2678982812500004,1.0422948298849326,-0.0239704781518101,0.498150249766592,250.924578125,40.99730855678391,-0.6215209102985656,0.27219547709384123,1.0,0.9996035099029541,0.001832340843975544,0.9999999403953552,0.5723142027854919
166,2.3390128667156773,1.0,0.9723557038232684,0.8401852552500431,0.0032819070155750483,0.06825229525566101,1.5,0.71875,64,0.71875,11,0.171875,0.6113501803745423,50.685937499999994,16.082279525803976,-0.34287612817326635,0.2751259944134188,2.515625,0.6612532490468384,-0.6024680945068974,0.2067122729046342,2.413540312500001,1.0284137645862823,0.045637095601300685,0.4915159885697746,257.62385937500005,42.60824236901941,-0.5770420378988348,0.2828910303636542,1.0,1.000778079032898,0.0013274336233735085,0.9999998807907104,0.4427293539047241
167,2.33074103584795,1.0,0.9749859273433685,0.8312736351958431,0.005386509959683999,0.08709420263767242,1.5,0.875,64,0.875,18,0.28125,0.6657851434619303,54.476718749999996,18.973935580709092,-0.27802571568437784,0.3245947122236561,2.765625,0.8613613407711075,-0.5243163904500179,0.2692674263599221,2.1674218750000005,0.9265246251902783,-0.07199177254373632,0.4428194981110952,257.87509375,46.91902446127224,-0.5753740049724593,0.3115118210827119,1.0,0.9981832504272461,0.009790832176804543,0.9999998807907104,0.5584635138511658
168,2.3422497372628284,1.0,0.9763938961550593,0.833435727336869,0.01211306517986364,0.06872785836458206,1.5,0.78125,64,0.78125,15,0.234375,0.619789544389616,49.44453125,14.829368868238237,-0.36411336189092913,0.2536919501897215,2.515625,0.6612532490468384,-0.6024680945068974,0.2067122729046342,2.350175000000001,1.0132148023124228,0.015352529907064434,0.4842518569288722,259.43134375,45.23927580834034,-0.5650415166667803,0.3003593820061502,1.0,0.9991344809532166,0.007206443231552839,0.9999997615814209,0.4505213797092438
169,2.334955969157143,1.0,0.9721308737061918,0.843056222525158,0.008694354101076848,0.08032836019992828,1.5,0.84375,64,0.84375,16,0.25,0.6230446582271582,51.67375,15.25917679832369,-0.32597722426350356,0.26104484652396315,2.625,0.6959705453537527,-0.5682767239820126,0.21756513637116606,2.3342843750000006,1.20988730030667,0.007757827730933192,0.5782487292043201,270.524140625,41.06060461640331,-0.4913925566743551,0.27261572178191384,1.0,1.0011996030807495,0.02276490069925785,0.9999998807907104,0.4868945777416229
170,2.3444735443267017,1.0,0.9815343553200364,0.833381795630466,0.004928951368001155,0.058179423213005066,1.5,0.78125,64,0.78125,12,0.1875,0.5986455326166675,49.8928125,14.168104856149384,-0.3564444350770871,0.24237944199684716,2.59375,0.7008644216251814,-0.5780456869891225,0.21909499545138877,2.4646531250000008,1.0138901720244342,0.0700657501269678,0.4845746404456631,270.1680625,45.808129052015374,-0.4937566839434122,0.3041361977413598,1.0,0.9997212290763855,0.0004173622583039105,0.9999997615814209,0.520080029964447
171,2.3460116919891134,1.0,0.9825819553807378,0.8429485216532735,0.004335069104059315,0.049405526369810104,1.5,0.75,64,0.75,13,0.203125,0.6171938421492452,51.737812500000004,15.851169462845439,-0.3248812814284825,0.27117230204111586,2.671875,0.6859001271139991,-0.5536232794713477,0.21441705498715716,2.411599531250001,0.9914169650089689,0.044709526321755885,0.4738338851748668,274.82529687500005,38.73766961469794,-0.46283567529024283,0.2571929434751035,1.0,0.9997982978820801,0.011447261087596416,0.9999997019767761,0.48516884446144104
172,2.3404913591369816,1.0,0.9798587430268526,0.8198148365935595,0.011387350390921308,0.06338757276535034,1.5,0.78125,64,0.78125,16,0.25,0.6586592178521937,50.697656249999994,15.66560361729914,-0.34267565082539664,0.26799775282978194,2.734375,0.8147504890302306,-0.5340853534571278,0.2546965563955537,2.3933800000000005,1.0399623997770315,0.036001755945671385,0.4970354973879946,271.41779687499996,52.18579528269037,-0.48545926012661406,0.34647975548977705,1.0,1.0004717111587524,0.02147487923502922,0.9999998211860657,0.4482000470161438
173,2.3501432593706686,1.0,0.982770181261003,0.84432612496435,0.012533593458414063,0.09479691833257675,1.5,0.640625,64,0.640625,10,0.15625,0.5674800954453881,52.179375,14.575820932605305,-0.3173272949607525,0.24935440414654061,2.65625,0.6665852814906732,-0.5585077609749026,0.20837910259092324,1.9730373437500004,0.7811842670231576,-0.16489514308395056,0.3733561047926134,255.412671875,38.15463955981251,-0.5917228854396633,0.253322002929585,1.0,1.0003877878189087,0.0004217629611957818,0.9999997019767761,0.4711296856403351
174,2.341144007166556,1.0,0.9840810829773545,0.8295156025927705,0.003644945048686767,0.10024173557758331,1.5,0.734375,64,0.734375,8,0.125,0.5630133807193496,49.27703125000001,14.230862882271877,-0.3669788514498131,0.2434530686749975,2.484375,0.6371858907532401,-0.6122370575140074,0.19918865265346547,2.1425687500000006,1.024468232772954,-0.08386997636021028,0.48963027677123433,250.51553124999998,46.88379343752779,-0.6242367156334491,0.31127790998819843,1.0,0.9991359710693359,0.006595218554139137,0.9999997615814209,0.4994978904724121
175,2.3462556183158623,1.0,0.9836684856563807,0.8519120392805917,0.0009074966279088616,0.04483084753155708,1.5,0.703125,64,0.703125,16,0.25,0.5854713651754949,53.986875000000005,16.963975421739296,-0.2864056688253309,0.2902095190935004,2.734375,0.7124383196986248,-0.5340853534571278,0.22271307487946973,2.269795468750001,1.03369593405461,-0.02306374389593394,0.49404052765843853,270.149,48.390755697757,-0.49388324655117266,0.3212831597430053,1.0,1.0005580186843872,0.02042553201317787,0.9999998211860657,0.48222583532333374
176,2.330845333701147,1.0,0.9787409044802189,0.8267956231273978,0.0101028220236777,0.06509498506784439,1.5,0.734375,64,0.734375,17,0.265625,0.6102799451835644,54.6646875,14.043296440022324,-0.2748100590245479,0.24024429445491904,2.796875,0.7110662658114221,-0.5145474274429079,0.2222841614820987,2.217195312500001,1.0397300201599353,-0.04820325358398642,0.4969244347970865,272.115421875,44.80919523511773,-0.48082748364195566,0.29750392658875424,1.0,0.9982828497886658,0.007179053965955973,0.9999998807907104,0.5657647848129272
177,2.3385714033844254,1.0,0.9827394271269441,0.8331102342771025,0.02031762175215024,0.10030534863471985,1.5,0.71875,64,0.71875,14,0.21875,0.62021429717727,58.894999999999996,16.740448489362524,-0.20244040947489358,0.28638555437197777,2.875,0.7603453162872774,-0.4901250199251331,0.23768912855807098,1.9651487500000004,1.0176853336608715,-0.16866538623799507,0.4863884849193084,268.8585625,54.24697814016781,-0.5024509126574922,0.3601646697199792,1.0,0.9992128610610962,0.006116208154708147,0.9999997615814209,0.4634970724582672
178,2.3448973322798645,1.0,0.9803666407242417,0.8570786660636484,0.0005302451294855878,0.058050449937582016,1.5,0.671875,64,0.671875,11,0.171875,0.5643857551658056,55.24984375,14.125191867301695,-0.26479955678758793,0.24164531231634825,2.796875,0.6887417762666934,-0.5145474274429079,0.21530537388161655,2.0930546875000005,0.9618861593991538,-0.10753453066300456,0.4597200492730211,268.72271875,33.8926463560261,-0.5033528268475481,0.2250251387130342,1.0,0.999118447303772,0.0031208202708512545,0.9999997019767761,0.48027053475379944
179,2.337088436229002,1.0,0.9839027589187026,0.8481280514816926,0.0014332456956817207,0.06450886279344559,1.5,0.703125,64,0.703125,15,0.234375,0.5799622972992899,57.10078125,13.53549884847797,-0.2331348279493961,0.23155719775881833,2.859375,0.6341132464907195,-0.49500950142868805,0.19822812311315918,1.9467534375000004,0.93121482622872,-0.17745716880629311,0.44506111416037863,269.865796875,40.06414474204918,-0.495763531195153,0.265999875999525,1.0,0.9998753666877747,0.024390242993831635,0.9999997019767761,0.5310350060462952
180,2.337714362802468,1.0,0.9842126965522766,0.8352371554269843,0.0026051960126558743,0.08768641948699951,1.5,0.625,64,0.625,14,0.21875,0.561807271813441,52.02890625,14.38387477320388,-0.31990142410739936,0.24607070435171854,2.640625,0.6929824019230214,-0.5633922424784576,0.21663102236685397,2.1387265625000005,1.102914854805522,-0.08570629618824438,0.5271227436226562,259.869046875,36.13636880641757,-0.5621354524608869,0.23992199717398824,1.0,0.9991686940193176,0.0017628911882638931,0.9999997615814209,0.43508651852607727
181,2.3450701924802546,1.0,0.9864913923665881,0.8402974290651832,0.0011694433739227392,0.08669208735227585,1.5,0.5625,64,0.5625,8,0.125,0.5057152371535598,52.53640625,14.381970632443279,-0.3112194184289892,0.24603812945340123,2.6875,0.7261843774138906,-0.5487387979677927,0.2270101862175187,2.0449498437500004,0.8854001388770021,-0.13052556855550845,0.42316462451765813,253.85903125000002,35.8952676511685,-0.6020380491916572,0.2383212422393076,1.0,0.9991739988327026,0.0032756200525909662,0.9999997019767761,0.52060467004776
182,2.3498076009554802,1.0,0.9847056157886982,0.8523007807345397,0.0011751813989876922,0.10681672394275665,1.5,0.640625,64,0.640625,14,0.21875,0.5740859613925634,48.7215625,15.467623971010987,-0.3764814777388367,0.2646108357592728,2.578125,0.7246699140815769,-0.5829301684926775,0.22653675465691078,2.1895846875000005,0.8454216053007392,-0.06139936599440711,0.4040574430222687,256.42132812499995,37.31699732530352,-0.5850260636516635,0.2477606030308495,1.0,0.9986153841018677,0.003271027933806181,0.9999997019767761,0.6109737157821655
183,2.349040118014337,1.0,0.9849386382848024,0.8530733681972995,0.004933184501881742,0.0876678079366684,1.5,0.625,64,0.625,12,0.1875,0.5503046059997405,54.998437499999994,11.213544853595304,-0.26910046415721917,0.19183460117048626,2.734375,0.5927211480747081,-0.5340853534571278,0.18528867101035376,1.9937031250000001,0.8379734242073168,-0.15501822170226662,0.40049768894346854,261.420578125,36.81210394939954,-0.5518342935876203,0.24440843923830802,1.0,0.9992625117301941,0.002599653322249651,0.9999997019767761,0.5506348609924316
184,2.3534972211684826,1.0,0.9838773235678673,0.859912628249598,0.00043759685870233705,0.05257577449083328,1.5,0.609375,64,0.609375,8,0.125,0.5302071937117225,52.230624999999996,13.706922734858287,-0.31645054069273576,0.23448981481294456,2.65625,0.7545435292281023,-0.5585077609749026,0.23587545037707225,2.1945562500000007,0.9430535594007582,-0.059023277166087074,0.45071927125516337,261.24328125,41.617245166693216,-0.5530114295796339,0.27631145317233136,1.0,0.9997968077659607,0.004714757204055786,0.9999997615814209,0.5269249081611633
185,2.3425295373128296,1.0,0.9842483764514327,0.8440154579079444,0.009373545231273582,0.05318226292729378,1.5,0.625,64,0.625,15,0.234375,0.5311115905185642,53.13249999999999,14.375741611304788,-0.30102180400068423,0.2459315670949868,2.78125,0.624218261107443,-0.519431908946463,0.1951348832358753,2.0880390625000005,0.9964484795414027,-0.10993167854750609,0.4762386272393677,261.5533125,45.92936359947027,-0.5509530236262072,0.3049411163237354,1.0,1.0005857944488525,0.007674943655729294,0.9999997615814209,0.4981156587600708
186,2.3560213974060806,1.0,0.9871392026543617,0.8552366297524145,0.012341318361947596,0.05954252928495407,1.5,0.5,64,0.5,10,0.15625,0.43741084841824607,56.012187499999996,9.78621694475673,-0.25175783705083815,0.16741673120104816,2.84375,0.592102978796763,-0.499893982932243,0.18509542708048568,1.907890625,0.8998167227828181,-0.19603110700345816,0.4300548293498706,261.8560625,42.76745520394095,-0.5489429604393514,0.28394810008570454,1.0,0.9997856616973877,0.008236434310674667,0.9999997019767761,0.5081904530525208
187,2.3505297097469526,1.0,0.9853022415190935,0.859539356062483,0.0031947597123866862,0.09302676469087601,1.5,0.53125,64,0.53125,8,0.125,0.4565192126722858,55.4121875,11.422427564438472,-0.26202227726176636,0.1954080413313968,2.890625,0.5337715891418351,-0.48524053842157816,0.16686063707433188,1.9676656250000002,0.7523265263539898,-0.16746248100050137,0.3595639508742902,259.76621875,31.762237811525484,-0.5628181643638955,0.21088061092355848,1.0,0.9985924363136292,0.005213269963860512,0.9999998211860657,0.5463625192642212
188,2.3491565202243496,1.0,0.9874748587608337,0.8511137055625517,0.0005513853067774812,0.023453082889318466,1.5,0.53125,64,0.53125,8,0.125,0.47448365574841156,53.453906249999996,13.939055139381253,-0.29552337860644473,0.23846099679168625,2.765625,0.744609534840241,-0.5243163904500179,0.23277001601906086,1.9229984375,0.7409270577062965,-0.18881053912331944,0.35411573412099234,258.4743125,31.580533857343905,-0.5713955820154033,0.2096742147907541,1.0,0.9996978640556335,0.004343629349023104,0.9999997615814209,0.516462504863739
189,2.3493286055226785,1.0,0.9848645562306046,0.8579241907709777,0.0005286015459571014,0.03532703220844269,1.5,0.625,64,0.625,8,0.125,0.4809349646088611,54.52859375,11.979706651665596,-0.2771382692911413,0.20494163778413602,2.828125,0.650833299989329,-0.504778464435798,0.20345492580451327,2.1068234375,0.879333363040966,-0.10095394899377494,0.4202650937789966,266.44309375,34.26213623380352,-0.5184880548982046,0.22747831130175838,1.0,0.9993539452552795,0.007688611280173063,0.9999997615814209,0.532065749168396
190,2.3600210013981147,1.0,0.9876466291025281,0.864619499956043,0.0016298115272104772,0.03947075083851814,1.5,0.5625,64,0.5625,9,0.140625,0.4373316926394404,55.993906249999995,11.998683992576474,-0.25207058171351493,0.2052662907527062,2.890625,0.5894167535581255,-0.48524053842157816,0.1842556947609652,1.9124581250000001,0.679361175459332,-0.19384813420097374,0.32469118097242516,258.03071875,27.852096300968064,-0.5743407561418915,0.18491981321664427,1.0,0.9998600482940674,0.00939199235290289,0.9999995827674866,0.515886664390564
191,2.350629581444088,1.0,0.9884473038837314,0.8529168693463399,0.0007425384251323198,0.022835571318864822,1.5,0.4375,64,0.4375,6,0.09375,0.35721869921668115,55.76515624999999,10.020070170691717,-0.2559838995439314,0.1714173519606188,2.90625,0.4911323014219285,-0.4803560569180232,0.15353130509400278,1.8287798437500002,0.7281387929648365,-0.23384099947243292,0.34800376168058134,260.577546875,32.80748553871211,-0.5574314730458997,0.21782037633251816,1.0,0.9980131387710571,0.0,0.9999997019767761,0.5838735699653625
192,2.365144627740243,1.0,0.9863575613126159,0.8695330104903689,0.0047860468584530365,0.05227905139327049,1.5,0.53125,64,0.53125,7,0.109375,0.44363780001056496,51.63609375,13.417788288451675,-0.3266214248079915,0.2295434760828437,2.671875,0.560543472332878,-0.5536232794713477,0.17522971024309883,2.1990687500000003,0.9770331970234889,-0.05686659084507773,0.466959364253236,262.28284375,28.320442915199727,-0.5461094103833143,0.18802933027017235,1.0,0.9994560480117798,0.0063091483898460865,0.9999996423721313,0.4888171851634979
193,2.3507770718378533,1.0,0.9831374092027545,0.853450443380804,0.010094455889181718,0.08903170377016068,1.5,0.59375,64,0.59375,9,0.140625,0.48437668918328447,53.5003125,12.702966554208656,-0.2947294883088807,0.21731473449516112,2.8125,0.49607837082461076,-0.509662945939353,0.15507748010281563,2.0987940625000006,0.9456634266989488,-0.10479147657909452,0.4519666208621789,260.71001562500004,37.98077384533366,-0.5565519666618076,0.252167647612887,1.0,0.9997568726539612,0.01440329197794199,0.9999997615814209,0.7207386493682861
194,2.355956155781053,1.0,0.9865703256800771,0.8610965051970876,0.0007246553938061209,0.0404680073261261,1.5,0.484375,64,0.484375,6,0.09375,0.4314060497810198,53.45984374999999,12.545113402759096,-0.2954218034168575,0.21461427743656009,2.8125,0.7680128579652817,-0.509662945939353,0.2400860543503237,2.02803109375,0.831805105762307,-0.1386116487092104,0.3975496273337216,258.63975,38.22664887385501,-0.5702971845637915,0.2538000979626736,1.0,0.997381865978241,0.020597321912646294,0.9999996423721313,0.5447772741317749
195,2.3613942716515703,1.0,0.9853408196941018,0.8743574232744704,0.006999872805824375,0.04898589104413986,1.5,0.59375,64,0.59375,7,0.109375,0.460404923965117,56.268125,8.058268826762669,-0.24737941177336403,0.1378560309598213,2.828125,0.48588474392081915,-0.504778464435798,0.15189088285061017,2.0113171875,0.7938660374936323,-0.14659982665491905,0.379417179784271,264.866703125,29.317061727494814,-0.5289542638607714,0.194646231297166,1.0,0.9988563060760498,0.01588829979300499,0.9999995827674866,0.5168450474739075
196,2.3485705113251836,1.0,0.9812152869999409,0.8731152638014853,0.0004791461273240349,0.03429221361875534,1.5,0.515625,64,0.515625,10,0.15625,0.4813332163159223,56.066562499999996,9.367296871755146,-0.2508276221567228,0.16025009779691068,2.796875,0.5640170514931264,-0.5145474274429079,0.17631557476529833,2.3157451562500007,0.9014088618102095,-0.0011027328187238905,0.4308157699507616,274.87007812499996,39.05506821675995,-0.4625383569018491,0.2593002638568189,1.0,1.0002129077911377,0.002351834438741207,0.9999997615814209,0.5826284289360046
197,2.3605608166496617,1.0,0.9851567102596164,0.8739928469681579,0.00010512474675123401,0.021500568836927414,1.5,0.40625,64,0.40625,5,0.078125,0.4036929227493742,57.719375,9.228490849503777,-0.2225522970131812,0.15787548760305076,2.890625,0.4716058835245803,-0.48524053842157816,0.14742721376278475,2.0899484375000004,0.8589961946932945,-0.10901911944630338,0.4105452283422121,272.814421875,31.31777299803415,-0.47618657805116377,0.2079296535017528,1.0,0.998656690120697,0.0042432816699147224,0.9999996423721313,0.4890393912792206
198,2.3574845517367677,1.0,0.9853724567219615,0.8709066125211306,0.000997810756740566,0.01765536516904831,1.5,0.5,64,0.5,9,0.140625,0.4102370118369463,57.356874999999995,8.560450644351322,-0.2287537296406171,0.14644705636257802,2.921875,0.5094325120906595,-0.4754715754144682,0.15925207568744765,2.0099156250000005,0.8338571481410115,-0.1472696838675038,0.3985303723150587,271.745171875,29.23846716418432,-0.4832857029480939,0.19412441448990778,1.0,0.9992414712905884,0.004061372019350529,0.9999997019767761,0.5842592120170593
199,2.345766402242647,1.0,0.9837451605126262,0.8582857477512384,0.00015763618684519544,0.030877122655510902,1.5,0.640625,64,0.640625,11,0.171875,0.5356565187032194,53.1353125,10.903883191429728,-0.30097368943719544,0.18653709514229422,2.734375,0.537418235059995,-0.5340853534571278,0.16800060344471693,2.3831140625000007,1.117768534970903,0.031095294565374885,0.5342218525045015,268.04940625,32.165572818484236,-0.5078231841373909,0.21355849316784592,1.0,0.9985249638557434,0.002914035925641656,0.9999998211860657,0.6047758460044861
