step,reward_mean,valid_frac,c_mean,qed_mean,tox_mean,undersized_frac,alerts_mean,n_rankable,d_var,d_loss,w_C,unique,n_eff_group,eff_group_frac,n_valid,unique_smiles_frac,n_scaffolds,scaffold_frac,tanimoto_dist,tpsa_mean,tpsa_sd,tpsa_drift_sd,tpsa_spread_ratio,hba_mean,hba_sd,hba_drift_sd,hba_spread_ratio,logp_mean,logp_sd,logp_drift_sd,logp_spread_ratio,mw_mean,mw_sd,mw_drift_sd,mw_spread_ratio,rdkit_valid_frac,ratio_mean,clip_frac,adv_std,kl,kl_clipped,entropy
0,1.2751109820592346,0.984375,0.7622086000998342,0.6199023015501886,0.0,0.015625,0.0,63,0.0002655712758837471,0.68936687707901,0.2,0.96875,61,0.9682539682539683,64,0.96875,55,0.859375,0.8959905579852304,64.84265625,49.99522693599695,-0.10069147285276173,0.8552883628605549,4.09375,2.5044881587861423,-0.10913546264784553,0.7829200695976545,2.703581875000002,1.8964900753455025,0.18425840759420295,0.906400931507568,341.8497187500001,123.91300028705491,-0.017837085591707855,0.8227017679599131,1.0,0.9917013645172119,0.0458715595304966,1.0230478048324585,0.0042481073178350925,0.0042481073178350925,1.9971369504928589
1,1.301653061085444,0.984375,0.8102247585793809,0.6009876457913652,0.0,0.015625,0.0,63,0.0001972673554605992,0.7337684035301208,0.21300000000000002,0.96875,61,0.9682539682539683,64,0.96875,56,0.875,0.8927336742662896,100.77531250000006,307.3225156135286,0.5140228633105128,5.25748931164524,6.421875,18.097655828431897,0.6186522813818448,5.65745056970748,3.4918317187499954,7.076724115705907,0.5609914060548075,3.3822214067370417,495.59154687500086,1305.6864931855343,1.0029087079474457,8.668909507934318,1.0,0.9832439422607422,0.010554090142250061,1.0230478048324585,0.002333488781005144,0.002333488781005144,3.060474395751953
2,1.340657892831924,0.96875,0.8274008783722117,0.640020648997089,0.0,0.03125,0.0,62,0.00017580999059005494,0.718434751033783,0.226,1.0,62,1.0,64,1.0,54,0.84375,0.8888779900687471,56.938750000000006,41.953216708465874,-0.23590676141260758,0.7177104742669438,4.109375,2.4310310794753325,-0.10425098114429056,0.75995688590493,2.7172168750000014,1.748749375794096,0.19077506531984573,0.8357903285648773,334.64651562500006,132.38707732016286,-0.06566167164953554,0.8789641305918889,1.0,0.9942960143089294,0.0,1.0446386337280273,0.0027216211892664433,0.0027216211892664433,2.056006669998169
3,1.3695111975439476,0.96875,0.8203861732336302,0.6680381228600263,0.0,0.03125,0.0,62,0.00022203970635562508,0.6808295249938965,0.23900000000000002,1.0,62,1.0,64,1.0,51,0.796875,0.8995800671584423,62.60671875,45.29630110639166,-0.13894255082629933,0.7749019574712712,3.859375,2.697609980959998,-0.18240268520117006,0.8432912675714804,2.7010309375000014,1.7735510965783094,0.18303922266079545,0.8476439644546967,323.18418750000006,129.62847015773045,-0.14176407891534756,0.8606487723616587,1.0,0.9971022605895996,0.003076923079788685,1.0446386337280273,0.0036953375674784184,0.0036953375674784184,2.10863995552063
4,1.3197032997154392,0.96875,0.7209807706456031,0.6301877468028328,0.0,0.03125,0.0,62,0.00017852663336339388,0.6708677411079407,0.252,1.0,62,1.0,64,1.0,54,0.84375,0.9007564394780674,82.02109375,65.92817552830664,0.1931869348737694,1.1278596932098166,5.03125,4.088737389158174,0.1839334275654526,1.278167177615151,2.3332787500000016,1.6788026226632298,0.007277203313966314,0.802360255284796,366.6648125000001,175.69248381492767,0.1469190049954134,1.1664838775347581,1.0,0.9919450283050537,0.009554140269756317,1.0446385145187378,0.004195051733404398,0.004195051733404398,2.0989460945129395
5,1.386702050426193,0.96875,0.8111477219049008,0.6930815741540013,0.0,0.03125,0.0,62,0.00018691907909165729,0.7086743116378784,0.265,0.984375,61,0.9838709677419355,64,0.984375,55,0.859375,0.8925096394638877,57.876875000000005,36.11377688444363,-0.2198578814578124,0.6178128393686271,3.984375,2.0116239358724584,-0.14332683317273032,0.628847354040158,2.7734296875000015,1.6158563396191532,0.21764119358227707,0.7722759588638428,335.89510937500006,121.62540254559767,-0.05737182084123412,0.807513606088938,1.0,0.9947969913482666,0.013029315508902073,1.0446385145187378,0.005525943823158741,0.005525943823158741,2.114212989807129
6,1.3156591527637889,0.953125,0.6885917686292382,0.6423194130655774,0.0,0.046875,0.0,61,0.00018564520735400171,0.7103323340415955,0.278,1.0,61,1.0,64,1.0,60,0.9375,0.8942604295501961,65.2875,56.06468317934205,-0.09308135272762834,0.9591209807316569,4.453125,3.215828467809656,0.003207611933918757,1.005289898855794,2.1054231250000015,1.914109935218648,-0.10162320878632576,0.9148220973284027,319.4524062500001,123.43990938961447,-0.1665406804414376,0.8195607519500646,1.0,0.9971261024475098,0.0,1.0648608207702637,0.005221234634518623,0.005221234634518623,2.1267783641815186
7,1.3275803784958708,0.953125,0.751131149344757,0.6324747849615139,0.0,0.046875,0.0,61,0.0002403916705865318,0.7063136100769043,0.29100000000000004,1.0,61,1.0,64,1.0,54,0.84375,0.898377778752743,72.19390625,46.76663462799853,0.0250693039815493,0.8000555416757001,4.390625,2.6316415237214583,-0.01633031408030112,0.8226690781826994,2.035321875000001,1.8265799607042907,-0.13512712168619664,0.8729883690816607,315.30243750000005,122.65737099970231,-0.19409377511023074,0.8143652057572855,1.0,0.9924587607383728,0.0,1.0648608207702637,0.008396989665925503,0.008396989665925503,2.1504364013671875
8,1.279721668506955,0.921875,0.789141175605483,0.6048320416086997,0.0,0.078125,0.0,59,0.00019535381780501349,0.7017771601676941,0.30400000000000005,0.984375,58,0.9830508474576272,64,0.984375,49,0.765625,0.9002103242121378,65.2971875,48.07170076006094,-0.09291562478672251,0.822381830482137,4.359375,2.9494024156386325,-0.026099277087411058,0.9220032989265436,2.160781250000001,1.7924701460166472,-0.07516556647181434,0.8566860597744009,311.665546875,130.39291951203802,-0.21824036457326498,0.8657242191174287,1.0,0.9890180826187134,0.0,1.1014959812164307,0.00841964315623045,0.00841964315623045,2.164525032043457
9,1.3168902349531966,0.953125,0.7541920496303527,0.5959101302117568,0.0,0.046875,0.0,61,0.00021748987442682301,0.7036895751953125,0.317,1.0,61,1.0,64,1.0,53,0.828125,0.9082517826158696,65.38453125,42.69438688698168,-0.09142140028726727,0.7303899692394413,4.21875,2.5462518409418973,-0.07005961061940577,0.795975681310303,2.6676484375000014,1.7969806146346055,0.16708452324559334,0.8588417752247485,335.7234218750001,140.07000344970427,-0.05851171422981622,0.929973765539284,1.0,0.9879793524742126,0.0063492064364254475,1.0648607015609741,0.008467636071145535,0.008467636071145535,2.110452651977539
10,1.3975969884246817,0.96875,0.8236495631957247,0.6574301451824395,0.0,0.03125,0.0,62,0.00018097056255552356,0.7030996680259705,0.33,0.984375,61,0.9838709677419355,64,0.984375,52,0.8125,0.8992881179835163,68.62578125,84.99436683180627,-0.03597203889781486,1.454032661017972,4.078125,4.874373958199658,-0.1140199441514005,1.52376252417512,2.3676906250000007,1.801181769918604,0.023723878126772176,0.8608496586892219,323.15629687500007,223.59210599009032,-0.14194925453407883,1.4845062299661276,1.0,0.9875043630599976,0.017182130366563797,1.0446386337280273,0.01191022526472807,0.01191022526472807,2.1832337379455566
11,1.3548796892465242,0.90625,0.8634293567517708,0.7075027111227773,0.0,0.09375,0.0,58,0.0002151578457060784,0.7141938805580139,0.343,0.984375,58,1.0,64,0.984375,54,0.84375,0.9090678307142918,47.48765625,38.971276832358676,-0.3975904059538629,0.666697234982135,3.3125,1.9515618744994994,-0.353359537825594,0.6100715442582956,2.6729362500000016,1.6369798460651375,0.1696117593423941,0.7823716436070695,299.1175781250001,98.33379962368693,-0.3015507198307121,0.6528725042022452,1.0,0.9932980537414551,0.0037174720782786608,1.1180340051651,0.011118346825242043,0.011118346825242043,2.272202253341675
12,1.406654885828416,0.953125,0.8355103639549897,0.653116532384623,0.0,0.046875,0.0,61,0.00019844681569591068,0.7138245105743408,0.356,0.984375,60,0.9836065573770492,64,0.984375,53,0.828125,0.8930898695234593,61.6340625,41.82420033301406,-0.15558217069948388,0.7155033394801841,3.90625,2.6143758217784985,-0.16774924069050515,0.8172717020683774,2.7278184375000007,2.360294462705619,0.1958419339791423,1.1280697576225263,334.6036562500001,184.59478220172042,-0.06594623003731127,1.225589351575049,1.0,0.9886767864227295,0.009868420660495758,1.0648605823516846,0.010039296932518482,0.010039296932518482,2.171903133392334
13,1.377115408980105,0.96875,0.7431518544232653,0.6291020151072665,0.0,0.03125,0.0,62,0.00031334033811682756,0.6941512227058411,0.369,1.0,62,1.0,64,1.0,56,0.875,0.8914475409293902,63.93328125,51.84855425463567,-0.11624851504745,0.8869939752829669,4.203125,2.8238918595397737,-0.07494409212296074,0.8827678435815342,2.813290000000002,1.7406724005754228,0.23669187296619168,0.8319300511201694,347.82857812500004,138.9202069960942,0.021858653893263923,0.9223398645524005,1.0,0.9915616512298584,0.0,1.0446386337280273,0.010113484226167202,0.010113484226167202,2.1411635875701904
14,1.382558491933018,0.96875,0.7247958109984475,0.6389519615283639,0.0,0.03125,0.0,62,0.00026351372995902524,0.6993274688720703,0.382,1.0,62,1.0,64,1.0,56,0.875,0.8961797150832791,72.19453125000001,59.14861729495689,0.025079996106769253,1.0118790763052745,4.59375,3.0807808973537862,0.04716794546591348,0.963073107816323,2.1362023437500013,2.4799904009004914,-0.08691271126843472,1.185276758749458,338.7010000000001,130.29476538362934,-0.038742531157810824,0.8650725395132925,1.0,0.9938437938690186,0.0,1.0446385145187378,0.011943145655095577,0.011943145655095577,2.0321044921875
15,1.3721378800570805,0.953125,0.7398672306788017,0.6567345587435983,0.0,0.046875,0.0,61,0.00023771163543637088,0.6820385456085205,0.395,0.96875,59,0.9672131147540983,64,0.96875,52,0.8125,0.9020086483421929,70.248125,63.50677001004991,-0.008217954858734524,1.0864357395955533,4.484375,3.996061293245513,0.012976574941028695,1.249195998331498,2.3775375000000007,2.196048647962691,0.028430054440830986,1.049570765503051,334.8185156250001,163.80261592805772,-0.06451970346410447,1.0875428841871893,1.0,0.9944776892662048,0.013559321872889996,1.0648608207702637,0.014981645159423351,0.014981645159423351,2.1518993377685547
16,1.4099553037840822,0.9375,0.8295562994355957,0.6679026454003697,0.0,0.0625,0.0,60,0.00022364513492727028,0.6969259977340698,0.40800000000000003,0.984375,59,0.9833333333333333,64,0.984375,57,0.890625,0.8925884103834494,54.71421875,41.94740411383818,-0.27396270810088535,0.7176110358835666,3.515625,2.3116024440580176,-0.28986127827937935,0.7226226804207262,2.6163603125000017,1.790453546306398,0.1425720805602251,0.8557222541212052,307.26148437500007,102.14567376056496,-0.24748047655959732,0.6781808704300448,1.0,0.9921808242797852,0.007067137863487005,1.0837910175323486,0.016330422833561897,0.016330422833561897,2.2930188179016113
17,1.3831975597741946,0.921875,0.8091338977722798,0.6490532943432726,0.0,0.078125,0.0,59,0.00033161300819094393,0.6991486549377441,0.42100000000000004,0.984375,58,0.9830508474576272,64,0.984375,51,0.796875,0.8959617834566291,59.8240625,44.56640213345804,-0.1865465653357843,0.7624152835251127,3.90625,2.4220262049573287,-0.16774924069050515,0.7571419007513285,2.0438034375000016,2.281668966627157,-0.13107347740375053,1.0904918004203092,304.9536250000001,118.1714460113859,-0.26280316250551805,0.7845815800660835,1.0,0.9916560053825378,0.0,1.1014959812164307,0.012602917850017548,0.012602917850017548,2.0645182132720947
18,1.4596539647688063,0.96875,0.8138592159375548,0.6699215764036239,0.0,0.03125,0.0,62,0.0001937802748759659,0.7057136297225952,0.434,1.0,62,1.0,64,1.0,57,0.890625,0.9009219642792061,63.83984375,53.87338957837242,-0.1178469877677977,0.921633643812086,4.015625,2.752795099417136,-0.13355787016562037,0.8605425117555049,2.2092826562500014,1.8917534551724786,-0.05198499707367593,0.904137130081534,314.84226562500004,159.15327929480065,-0.1971490172095336,1.0566743114049921,1.0,0.9888648390769958,0.0,1.0446386337280273,0.020623937249183655,0.020623937249183655,2.152672290802002
19,1.4454792112185255,0.96875,0.8324962273961113,0.6434691302939224,0.0,0.03125,0.0,62,0.00017483371311019839,0.691216766834259,0.44700000000000006,0.984375,61,0.9838709677419355,64,0.984375,57,0.890625,0.8912433385783866,61.579531249999995,46.03131917610849,-0.15651505862490425,0.7874762058555383,4.375,2.478028450199876,-0.021214795583856087,0.774648584338194,2.640365000000002,2.033092550362011,0.15404478552894707,0.9716881756702592,336.39754687500005,125.29659000297181,-0.05403596246816776,0.8318879042230902,1.0,0.9933675527572632,0.009646302089095116,1.0446386337280273,0.019589735195040703,0.019589735195040703,2.1178016662597656
20,1.4282387063773123,0.953125,0.7759657415454505,0.6594066350062309,0.0,0.046875,0.0,61,0.00017719111322199443,0.7176249027252197,0.46,1.0,61,1.0,64,1.0,57,0.890625,0.9001683514529037,62.1859375,50.48727372809997,-0.14614102413047372,0.8637060043247557,3.984375,2.8912161557681917,-0.14332683317273032,0.9038138774802582,2.4379526562500016,1.819244453531159,0.057304634178454855,0.8694824659286501,312.40726562500004,117.05134554120933,-0.21331583425327902,0.7771448411042938,1.0,0.9861044883728027,0.0033783784601837397,1.0648607015609741,0.020502083003520966,0.020502083003520966,2.1458423137664795
21,1.4765364827199141,0.96875,0.8288492682960725,0.6652303668813747,0.0,0.03125,0.0,62,0.0002531802326065887,0.6931753754615784,0.47300000000000003,0.984375,61,0.9838709677419355,64,0.984375,55,0.859375,0.8908357535316782,53.253437500000004,53.35915169334678,-0.2989528777706688,0.9128363704370196,3.921875,2.83562541326865,-0.16286475918695018,0.8864358324557526,3.2593962500000018,1.8006345311649015,0.449902121629203,0.8605881135735574,349.24896875,180.41363552567964,0.03128912426904458,1.197829255745638,1.0,0.9897587895393372,0.006451612804085016,1.0446386337280273,0.014645394869148731,0.014645394869148731,2.185781478881836
22,1.426786831262042,0.984375,0.7491052337286491,0.6082933844732565,0.0,0.015625,0.0,63,0.00021180628134674618,0.6907252073287964,0.48600000000000004,0.984375,62,0.9841269841269841,64,0.984375,56,0.875,0.895140210517683,77.7934375,80.17576609820196,0.12086272685629865,1.3715989291339439,5.015625,4.519029858207954,0.17904894606189764,1.4126795364114808,2.6593043750000014,2.2071709060850666,0.16309659516683475,1.054886493359287,381.7733593750001,206.4981752162389,0.24722993441018812,1.371013642130684,1.0,0.9846217632293701,0.008849557489156723,1.023047924041748,0.018914636224508286,0.018914636224508286,2.2372241020202637
23,1.4467033267650702,0.953125,0.7405922111795574,0.6762795088516573,0.0,0.046875,0.0,61,0.000246272795622806,0.6945170164108276,0.49900000000000005,1.0,61,1.0,64,1.0,53,0.828125,0.8949731833354602,65.16765625,38.24123047927898,-0.09513156773850909,0.6542080397448137,3.84375,2.009498926971597,-0.18728716670472503,0.6281830617732047,2.196464375000001,1.800803901083031,-0.05811131548491765,0.8606690615592903,312.99839062500007,111.17127391279772,-0.20939114853459953,0.7381049880362657,1.0,0.9945946931838989,0.006535947788506746,1.0648608207702637,0.020001640543341637,0.020001640543341637,2.0889971256256104
24,1.5294765846871308,0.96875,0.8185889254053754,0.706691889145345,0.0,0.03125,0.0,62,0.00011824885600894217,0.7093316316604614,0.512,0.984375,61,0.9838709677419355,64,0.984375,51,0.796875,0.8866539894926364,50.82984375,33.91050378810503,-0.34041426634142635,0.5801205644257696,3.328125,1.6960863729111793,-0.348475056322039,0.5302081610826426,3.099641875000002,1.6994211343414818,0.37354975037514876,0.8122145848351696,315.2355625,99.62573175262557,-0.1945377816358164,0.6614500936730819,1.0,0.9924468994140625,0.003267973894253373,1.0446385145187378,0.021868618205189705,0.021868618205189705,2.11557674407959
25,1.4187231009836427,0.921875,0.7999887680477005,0.666168675845683,0.0,0.078125,0.0,59,0.00014663176618471326,0.6876229047775269,0.525,0.984375,58,0.9830508474576272,64,0.984375,50,0.78125,0.9020581306728417,53.46546875,35.3570305035685,-0.2953255742898799,0.6048668760664119,3.484375,1.8455367401856295,-0.2996302412864893,0.5769273645803418,2.5007859375000008,1.4751227839517294,0.08733492297092361,0.7050143224283946,295.4668750000001,118.12645415209454,-0.3257890153144512,0.7842828633689084,1.0,0.9946035146713257,0.003289473708719015,1.1014961004257202,0.02019873820245266,0.02019873820245266,2.143322229385376
26,1.4753132078362108,0.984375,0.7826100388275725,0.6219033823591201,0.0,0.015625,0.0,63,0.00023232430261114958,0.6906298398971558,0.538,1.0,63,1.0,64,1.0,51,0.796875,0.8943612198167931,85.54203125000001,88.60505749144077,0.25342102229904506,1.5158021916779312,5.09375,4.43254564979313,0.20347135357967247,1.3856439833649652,2.3971250000000017,1.9490424627589569,0.03779162636609979,0.9315176107476761,395.6220625000001,222.77320048361938,0.3391763203301142,1.4790692297611046,1.0,0.9966551661491394,0.01479289960116148,1.023047924041748,0.02249939739704132,0.02249939739704132,2.156902551651001
27,1.493349348980677,0.96875,0.794995321621818,0.6540246491005637,0.0,0.03125,0.0,62,0.00019621964536438354,0.6780428290367126,0.551,0.96875,60,0.967741935483871,64,0.96875,51,0.796875,0.8990617547171622,88.02359375000002,213.5241330430181,0.2958741054839315,3.6528428286839327,5.640625,13.604189597670821,0.3744282062040964,4.252762397483394,3.428029374999996,7.025256725789387,0.5304979673813517,3.3576232868897247,468.85054687500076,1085.7200071978625,0.8253658518625187,7.208475037824142,1.0,0.9794067144393921,0.0026315790601074696,1.0446386337280273,0.018665794283151627,0.018665794283151627,3.0465075969696045
28,1.4329364700936376,0.9375,0.7833880740528305,0.6332217688112274,0.0,0.0625,0.0,60,0.00017905940610252104,0.6958631277084351,0.5640000000000001,1.0,60,1.0,64,1.0,54,0.84375,0.9040067861867769,65.1203125,53.41778098070289,-0.09594149622390258,0.9138393651281463,4.28125,3.4481369516740488,-0.0505216846051859,1.0779111143792834,2.378219375000002,1.9565135488221423,0.028755947069116997,0.9350883119367192,328.25451562500007,155.14689951280778,-0.10810039630810661,1.0300745541387746,1.0,0.9893690347671509,0.022653721272945404,1.0837911367416382,0.02345791645348072,0.02345791645348072,2.1599109172821045
29,1.4044662118129039,0.90625,0.746600861372105,0.6653450933198012,0.0,0.09375,0.0,58,0.00020026785996004812,0.7027231454849243,0.577,0.984375,57,0.9827586206896551,64,0.984375,49,0.765625,0.9031152598801568,59.38546875,46.074255315797274,-0.1940497642087206,0.7882107315867444,3.71875,2.8475249669669274,-0.22636301873316478,0.8901557140518995,2.3729501562500013,1.7097486566428903,0.0262375975953147,0.8171504798107637,291.93667187500006,121.93177248222867,-0.3492272691333972,0.8095477033017582,1.0,0.9907382726669312,0.010169491171836853,1.1180340051651,0.025715027004480362,0.025715027004480362,2.195070743560791
30,1.5124189085870516,0.953125,0.8231919711974801,0.6570423562899184,0.0,0.046875,0.0,61,0.0001559346051005475,0.6902874708175659,0.5900000000000001,1.0,61,1.0,64,1.0,55,0.859375,0.8979732725344158,58.70890625,51.54952546208559,-0.2056239897590643,0.8818783700121728,3.859375,2.680177160072632,-0.18240268520117006,0.8378416489360164,2.673402812500002,1.7754620433658161,0.16983474636990578,0.8485572747697755,328.56559375000006,121.04092773504328,-0.1060350397852375,0.8036330733049911,1.0,0.9916557669639587,0.006666666828095913,1.0648607015609741,0.030824512243270874,0.030824512243270874,2.1518054008483887
31,1.54767613061767,0.96875,0.7861697106592117,0.6748689788431816,0.0,0.03125,0.0,62,0.00021099105102100665,0.6851747632026672,0.603,1.0,62,1.0,64,1.0,54,0.84375,0.8858863262617233,61.03859374999999,36.47603900452955,-0.1657690930025694,0.6240102024891371,3.890625,2.2087693653650216,-0.17263372219406012,0.6904763590876348,2.803147656250002,1.6030619657098253,0.23184448149170941,0.7661610666320139,328.03323437500006,120.60805823717565,-0.1095695599565507,0.8007591012409896,1.0,0.9907670617103577,0.009287925437092781,1.0446385145187378,0.021472958847880363,0.021472958847880363,2.056041955947876
32,1.4879837378645013,0.96875,0.7751849636796021,0.5991331779808737,0.0,0.03125,0.0,62,0.00013557633578855418,0.6970802545547485,0.6160000000000001,0.96875,60,0.967741935483871,64,0.96875,54,0.84375,0.9061324901180376,102.14171875000001,269.7505450269905,0.5373985220721182,4.614730568824778,6.078125,15.298391140390384,0.5111936883036355,4.7823813478007065,3.4552106249999963,6.909808702493071,0.543488866010258,3.3024465173316635,489.40657812500046,1155.4450289745105,0.9618445362010232,7.671403855250931,1.0,0.9789758324623108,0.007499999832361937,1.0446386337280273,0.020032424479722977,0.020032424479722977,2.927284002304077
33,1.5298740176756311,0.984375,0.7325032808714442,0.6507156029527866,0.0,0.015625,0.0,63,0.00016860333794076698,0.7125526070594788,0.629,0.984375,62,0.9841269841269841,64,0.984375,54,0.84375,0.9008762805835698,74.825625,70.14730536242554,0.07009117025047266,1.2000380364172454,4.71875,3.6463541294695996,0.08624379749435322,1.1398751552515545,2.385231562500001,1.6777274160110347,0.03210732410215894,0.8018463752894393,349.51593750000006,219.01205563634758,0.033061623216744024,1.4540976730379551,1.0,0.9932971596717834,0.012158054858446121,1.023047924041748,0.025617709383368492,0.025617709383368492,2.1648337841033936
34,1.5572787067519154,0.96875,0.8196551373769199,0.6374195283795602,0.0,0.03125,0.0,62,0.00013818780255241137,0.6912941336631775,0.6420000000000001,0.984375,61,0.9838709677419355,64,0.984375,54,0.84375,0.8926910591228048,64.29468750000001,60.39302479303668,-0.11006579363914851,1.0331676535753926,4.09375,2.9139682457947274,-0.10913546264784553,0.9109263359059754,2.6789023437500012,2.2243426843752245,0.17246317048488374,1.063093504848659,336.59543750000006,153.36385060278985,-0.052722097363836075,1.0182362685090787,1.0,0.9958340525627136,0.009146341122686863,1.0446386337280273,0.023941079154610634,0.023941079154610634,2.101663827896118
35,1.5992204158737169,0.953125,0.8413146140023333,0.7050905696915534,0.0,0.046875,0.0,61,0.00023139115370284283,0.6959691643714905,0.655,0.96875,59,0.9672131147540983,64,0.96875,55,0.859375,0.8876483266278875,55.15765625,34.28819137756228,-0.2663766452574961,0.5865818172264256,3.734375,1.8135099556867615,-0.2214785372296098,0.5669155734441458,2.5896406250000013,1.6319064741122922,0.1298017792786962,0.7799468963733642,308.97850000000005,87.83053939262818,-0.23608060901519198,0.583137684276835,1.0,0.9972769618034363,0.0031645570416003466,1.0648605823516846,0.01746433414518833,0.01746433414518833,2.150669813156128
36,1.5826187222052306,0.96875,0.8182440396518477,0.666582147538398,0.0,0.03125,0.0,62,0.000137363634784996,0.70579993724823,0.6679999999999999,1.0,62,1.0,64,1.0,53,0.828125,0.8964233613779015,61.75515625,40.740667335913706,-0.1535105714381637,0.6969669067046764,3.890625,2.592761483317546,-0.17263372219406012,0.8105149125372351,2.4987740625000017,1.792121478289349,0.08637337542697258,0.8565194189061369,324.44353125000004,139.0935738897974,-0.13340285509545688,0.9234909080234239,1.0,0.9914298057556152,0.023178808391094208,1.0446386337280273,0.025848666206002235,0.025848666206002235,2.1915953159332275
37,1.5763332064295321,0.953125,0.8205226339766236,0.6598491692959181,0.0,0.046875,0.0,61,0.000189523281624384,0.6976472735404968,0.681,0.984375,60,0.9836065573770492,64,0.984375,59,0.921875,0.8923050696470916,55.18718750000001,44.3736190443133,-0.2658714423408644,0.7591172660381056,3.671875,2.2364500853752585,-0.2410164632438297,0.6991295408409204,2.585067812500002,2.274158377487201,0.1276162674410697,1.0869022192877076,315.19425,136.84031618116978,-0.19481206977919208,0.9085307416465074,1.0,0.9928668141365051,0.009493670426309109,1.0648608207702637,0.026465611532330513,0.026465611532330513,2.156048059463501
38,1.6168442183383545,0.96875,0.854182404496016,0.6346143420345719,0.0,0.03125,0.0,62,0.0001831362191235008,0.6955173015594482,0.6940000000000001,1.0,62,1.0,64,1.0,54,0.84375,0.8897242816947625,56.1678125,46.888208354711566,-0.24909549787112864,0.8021353520908097,3.78125,2.7183907808665038,-0.20682509271894492,0.8497874872689143,2.8665259375000014,1.9028857278574305,0.2621352454187933,0.9094576442580178,323.90740625000007,148.81048912466647,-0.13696237656879467,0.9880049083649889,1.0,0.9952192902565002,0.008928571827709675,1.0446385145187378,0.019235597923398018,0.019235597923398018,2.0319840908050537
39,1.5182444744859258,0.953125,0.7475670766024316,0.6453137445758133,0.0,0.046875,0.0,61,0.00020749115594287382,0.6955916285514832,0.7070000000000001,1.0,61,1.0,64,1.0,59,0.921875,0.896629193865697,67.27859375,52.30698787767235,-0.05901891480891488,0.8948365828068655,4.265625,2.6530771491562395,-0.05540616610874087,0.8293700008037119,2.8335696875000016,2.002915534879694,0.24638426623502185,0.9572654927894605,354.92879687500005,160.00784616427603,0.06899949064965853,1.062348079877458,1.0,0.9948408603668213,0.0028653296176344156,1.0648608207702637,0.025156857445836067,0.025156857445836067,2.101152181625366
40,1.6368727502153897,0.984375,0.8332436195914708,0.6520925018292827,0.0,0.015625,0.0,63,0.00014915966693071405,0.6872473955154419,0.72,0.984375,62,0.9841269841269841,64,0.984375,56,0.875,0.8954590168308688,58.792812500000004,43.50235501774408,-0.2041885719483172,0.7442122035236849,4.015625,2.666295343613494,-0.13355787016562037,0.8335020984892705,2.8468860937500016,1.7216328507341319,0.25274865652962136,0.8228303643166479,334.53957812500005,117.33072662760878,-0.06637166713110258,0.7789997498966154,1.0,0.9876302480697632,0.015974441543221474,1.023047924041748,0.02806805819272995,0.02806805819272995,2.144735336303711
41,1.5020666543315824,0.921875,0.7996973774190677,0.6227188657797285,0.0,0.078125,0.0,59,0.0002031013331881494,0.6936293244361877,0.7330000000000001,1.0,59,1.0,64,1.0,51,0.796875,0.896303676398768,61.50921875,42.564063161629065,-0.1577179227121223,0.728160469094529,4.203125,2.9110763017095582,-0.07494409212296074,0.9100222944728027,2.8188050000000016,1.9326546721608093,0.23932769015408448,0.9236852952208966,344.5171562500001,179.98234219189908,-0.00012703465202583517,1.1949657483865344,1.0,0.9889420866966248,0.014749262481927872,1.1014961004257202,0.02478663995862007,0.02478663995862007,2.190908432006836
42,1.6038358860060995,0.96875,0.8051077200760764,0.6276672110409706,0.0,0.03125,0.0,62,0.00021813031407179936,0.7043230533599854,0.746,0.96875,60,0.967741935483871,64,0.96875,55,0.859375,0.8930756873381396,65.11218749999999,52.84259844897716,-0.09608049385175901,0.9039994872826977,4.28125,2.775274479668633,-0.0505216846051859,0.867569719246693,2.5872032812500017,1.7712764778005579,0.12863688489083536,0.8465568421935359,328.54884375000006,136.36684352833666,-0.10614624889631871,0.9053871910290249,1.0,0.9952055811882019,0.006410256493836641,1.0446386337280273,0.02660435624420643,0.02660435624420643,2.1888327598571777
43,1.717177786188055,1.0,0.8609876597765833,0.6611213593635838,0.0,0.0,0.0,64,0.00015682545194508398,0.704467236995697,0.7590000000000001,1.0,64,1.0,64,1.0,56,0.875,0.8881606483725965,58.9059375,42.04762878713964,-0.20225329728354846,0.7193256194948375,3.796875,2.3196153203440866,-0.20194061121538995,0.7251275601653392,2.3730468750000018,1.8215916335625937,0.0262838229704086,0.870604267827097,304.3756718750001,100.85534826687663,-0.26664039553703195,0.6696139479728211,1.0,0.996329128742218,0.003225806402042508,0.9999999403953552,0.022576892748475075,0.022576892748475075,2.134831666946411
44,1.5441770664208132,0.9375,0.799894376595815,0.6153175486198919,0.0,0.0625,0.0,60,0.00018862924533552192,0.6972920894622803,0.772,1.0,60,1.0,64,1.0,52,0.8125,0.8977241933656797,63.7571875,41.51184561621952,-0.11926102132810526,0.7101597622882857,4.1875,2.536452985962878,-0.07982857362651571,0.7929124924526367,2.9447476562500015,1.7321116920239512,0.2995202228889266,0.8278385800883449,343.9066562500001,139.55063156579803,-0.004180357775313966,0.926525473865864,1.0,0.9902310967445374,0.02373887225985527,1.0837911367416382,0.024502404034137726,0.024502404034137726,2.1478445529937744
45,1.6145822745160534,0.9375,0.8356244508177042,0.6709630631300333,0.0,0.0625,0.0,60,0.00019594367765248303,0.6899712085723877,0.7850000000000001,1.0,60,1.0,64,1.0,58,0.90625,0.8982148804481109,49.254062499999996,29.80059629849869,-0.36737178705163787,0.5098107315932519,3.375,1.7544586059522749,-0.3338216118113741,0.5484557190097102,2.895457812500002,1.5832471544981441,0.27596283080464534,0.7566908544893838,303.62621875,104.46305708336398,-0.2716162770790193,0.6935667891979785,1.0,0.9972810745239258,0.0,1.0837910175323486,0.03155118599534035,0.03155118599534035,2.231691598892212
46,1.5294052140944427,0.9375,0.7899085552742083,0.5956584158212382,0.0,0.0625,0.0,60,0.00023453803060260927,0.6943197250366211,0.798,1.0,60,1.0,64,1.0,55,0.859375,0.8905296977033932,70.97375,60.229602239575684,0.0041956025213567855,1.0303719185268634,4.828125,3.3659818752297226,0.12043516801923801,1.0522288774950943,2.572546250000001,1.8515409855471583,0.12163176161028473,0.8849181421203289,350.5923281250001,169.5131768904758,0.04020815722166332,1.1254572966293115,1.0,0.9972978234291077,0.008849557489156723,1.0837910175323486,0.025787200778722763,0.025787200778722763,2.131683588027954
47,1.6116117123695282,0.953125,0.7707382995696341,0.6794195964207844,0.0,0.046875,0.0,61,0.00023756772815598424,0.690076470375061,0.8109999999999999,0.984375,60,0.9836065573770492,64,0.984375,56,0.875,0.8977756374827993,55.2290625,37.558168998183255,-0.2651550699511435,0.6425226335229883,3.46875,2.135772328105222,-0.30451472279004427,0.6676569876758074,2.3945001562500012,1.5549307903554075,0.036537118973210415,0.7431574439171148,288.77701562500005,109.90104742015268,-0.3702053325891988,0.7296715098799162,1.0,0.9959277510643005,0.003401360474526882,1.0648608207702637,0.031229063868522644,0.031229063868522644,2.116562843322754
48,1.5202207899738924,0.921875,0.790185358754154,0.600371312191528,0.0,0.078125,0.0,59,0.00014717824007521771,0.7043468952178955,0.8240000000000001,1.0,59,1.0,64,1.0,52,0.8125,0.9101350885830335,93.00218750000002,217.94147624325637,0.3810449019528921,3.7284120873005935,6.125,13.485524646820382,0.5258471328143004,4.215666925000244,3.1806159374999963,6.606842663658585,0.4122501720815876,3.157648132470774,458.4215000000005,1033.308797729898,0.7561237603763692,6.860498678682458,1.0,0.9726401567459106,0.015384615398943424,1.1014961004257202,0.029312483966350555,0.029312483966350555,2.942568063735962
49,1.6171736719151648,0.953125,0.7735594152549251,0.6630572307758088,0.0,0.046875,0.0,61,0.00016402499088564114,0.6839499473571777,0.837,1.0,61,1.0,64,1.0,53,0.828125,0.9041905248015465,62.26671875,48.5026553092292,-0.1447590669458253,0.8297543424880788,3.71875,2.891089489707989,-0.22636301873316478,0.9037742808064541,2.178533593750001,1.7021494369191779,-0.06668108183325859,0.8135185389291069,298.5330625,158.08366710541637,-0.3054315235960453,1.049572781806004,1.0,0.9905053973197937,0.0035211266949772835,1.0648608207702637,0.03419710695743561,0.03419710695743561,2.157630443572998
50,1.6783711035052844,0.953125,0.8486378201451458,0.6714485920567588,0.0,0.046875,0.0,61,0.00021216291692368813,0.6958259344100952,0.8500000000000001,1.0,61,1.0,64,1.0,53,0.828125,0.8891168096697156,56.861562500000005,48.74533494405997,-0.23722723887724265,0.8339059601582961,3.640625,2.740706954304856,-0.25078542625093964,0.8567636751978587,2.657143437500002,1.7323590147164751,0.16206380528388625,0.8279567845133513,321.1755937500001,127.72200920208006,-0.15509983565927377,0.8479911109772464,1.0,0.9975587725639343,0.003322259057313204,1.0648608207702637,0.02832535281777382,0.02832535281777382,2.095808982849121
51,1.6104450636848617,0.9375,0.8206851428374649,0.6286419521136644,0.0,0.0625,0.0,60,0.000165323405008976,0.6917983293533325,0.863,0.984375,59,0.9833333333333333,64,0.984375,50,0.78125,0.9054939130125575,61.10109375000001,45.718514545435646,-0.16469988048059733,0.7821249318068002,3.8125,2.310810193417019,-0.19705612971183498,0.7223750174701894,2.400560625000002,1.947024186068861,0.03943363532823138,0.9305530036053954,319.21254687500004,129.2467533681855,-0.16813319076252703,0.8581144210273264,1.0,1.0009642839431763,0.016286645084619522,1.0837911367416382,0.036804284900426865,0.036804284900426865,2.1102638244628906
52,1.6359443653908547,0.921875,0.8622975513591604,0.6403421492612399,0.0,0.078125,0.0,59,0.0002108863119808528,0.6945348381996155,0.8760000000000001,1.0,59,1.0,64,1.0,55,0.859375,0.9001271029838782,54.926874999999995,33.17209547736433,-0.2703247124948767,0.5674883178310188,3.765625,2.1267800448976852,-0.21170957422249986,0.6648459386516832,2.8257785937500017,1.8864960334041498,0.242660621843592,0.9016244188102803,316.97323437500006,139.88595593517672,-0.18300077001972284,0.928751809689295,1.0,0.9955439567565918,0.01315789483487606,1.1014959812164307,0.026477273553609848,0.026477273553609848,2.1951704025268555
53,1.7271213825000906,0.953125,0.8522925147267638,0.6941920748016484,0.0,0.046875,0.0,61,0.00020329558815856616,0.6920499205589294,0.889,0.96875,59,0.9672131147540983,64,0.96875,54,0.84375,0.8964157273403407,49.9134375,30.413342991746134,-0.3560915949448364,0.5202932345887225,3.453125,1.9359242584292908,-0.30939920429359924,0.6051831188851994,2.250287812500001,1.7767781858240546,-0.03238715561656096,0.8491863066669905,277.584859375,98.90357134617086,-0.44451397423961453,0.6566554180396569,1.0,0.99269038438797,0.016949152573943138,1.0648607015609741,0.036808211356401443,0.036808211356401443,2.1372814178466797
54,1.6977430248339884,0.953125,0.8349339618790345,0.653655559217266,0.0,0.046875,0.0,61,0.00017284402543815344,0.6918061971664429,0.9020000000000001,1.0,61,1.0,64,1.0,57,0.890625,0.9005728099765473,57.714687500000004,45.104803685720036,-0.22263248795232898,0.7716259344295531,3.5625,2.3310070248714396,-0.2752078337687145,0.7286886846490397,2.454879531250002,1.8297013890082847,0.06539459756237463,0.8744802121232641,299.31943750000005,113.74688681960644,-0.3002105048064044,0.7552053833709211,1.0,0.9917276501655579,0.003246753243729472,1.0648607015609741,0.03361177444458008,0.03361177444458008,2.2079570293426514
55,1.625077204223274,0.921875,0.8178692052172403,0.6366469541076522,0.0,0.078125,0.0,59,0.00014816696419969549,0.7009484171867371,0.915,1.0,59,1.0,64,1.0,48,0.75,0.90921242869264,63.81171875,54.910465263767314,-0.11832813340268501,0.9393753127569917,3.65625,2.469936423776936,-0.24590094474738466,0.7721189617212897,2.057383125000001,1.7847512703594335,-0.12458325551459092,0.8529969310113016,295.05809375,152.50179559401082,-0.32850305707201366,1.0125127836595613,1.0,0.9957053065299988,0.013888888992369175,1.1014961004257202,0.03120775707066059,0.03120775707066059,2.238048553466797
56,1.7531565006781737,0.96875,0.8610928008152593,0.6556848304586185,0.0,0.03125,0.0,62,0.0002543253573345783,0.702744722366333,0.9280000000000002,0.984375,61,0.9838709677419355,64,0.984375,48,0.75,0.8977881064716848,53.94890625,39.212607671082154,-0.2870552154324288,0.6708257782573521,3.828125,2.1905670463090146,-0.19217164820828,0.6847861900795791,2.705544375000002,1.8738245040448667,0.18519635704683027,0.8955682384146157,322.9836875000001,119.85669695526971,-0.14309526857336421,0.7957705507776107,1.0,0.9936526417732239,0.01342281885445118,1.0446386337280273,0.023711707442998886,0.023711707442998886,2.1784069538116455
57,1.6261985425587513,0.90625,0.821366438577915,0.6620912034209285,0.0,0.09375,0.0,58,0.00018964144802583512,0.6939787864685059,0.9410000000000001,1.0,58,1.0,64,1.0,52,0.8125,0.9010613266714386,54.387656250000006,34.21117314481244,-0.2795493435281874,0.5852642354844055,3.671875,2.015988339344997,-0.2410164632438297,0.6302116963144407,2.4961900000000012,1.5856334998471442,0.08513835886267684,0.7578313749040969,300.09234375000005,121.0694961219613,-0.2950789097609352,0.8038227488222554,1.0,0.9899316430091858,0.023178808391094208,1.1180340051651,0.02913341112434864,0.02913341112434864,2.158391237258911
58,1.7183196899642612,0.96875,0.8144000325832637,0.6476036380738139,0.0,0.03125,0.0,62,0.0001965700317685859,0.6855463981628418,0.954,0.984375,61,0.9838709677419355,64,0.984375,50,0.78125,0.9004509756907012,66.6615625,64.60622474408788,-0.06957471543208041,1.1052445518991445,4.453125,3.5263724610958214,0.003207611933918757,1.1023680678955619,2.630132031250002,1.5721759399159387,0.1491540811020346,0.7513995221799316,345.6736250000001,168.24002281650124,0.0075511660453288845,1.11700438123611,1.0,0.9881718754768372,0.021604938432574272,1.0446386337280273,0.041322577744722366,0.041322577744722366,2.1493427753448486
59,1.5603773170036628,0.9375,0.7320596776902676,0.5853865975061783,0.0,0.0625,0.0,60,0.0002485940046765137,0.6925579905509949,0.9670000000000001,1.0,60,1.0,64,1.0,56,0.875,0.901898996205315,76.83515625,70.46509696722615,0.1044690258631676,1.20547462462893,4.78125,3.838410926086471,0.10578172350857311,1.1999134189768108,2.3535445312500016,2.2308671911192484,0.016962950284923787,1.0662118016788353,351.4810312500001,182.4838636575993,0.046108568239355274,1.211574224717942,1.0,0.9948116540908813,0.006097560748457909,1.0837910175323486,0.03629443794488907,0.03629443794488907,2.2026002407073975
60,1.5637109485524454,0.890625,0.7848917485721278,0.6464188676284105,0.0,0.109375,0.0,57,0.00020704093145032434,0.6946450471878052,0.98,1.0,57,1.0,64,1.0,55,0.859375,0.9022029020555475,60.4040625,47.4521496061674,-0.17662427313188683,0.8117829208542172,3.953125,2.665929056515758,-0.15309579617984026,0.833387594645822,2.4575685937500014,1.6128293901642894,0.06667979740948568,0.7708292706680109,317.6371562500001,130.90408130206677,-0.17859276037517835,0.8691180011047586,1.0,1.0000966787338257,0.010204081423580647,1.1334559917449951,0.04393661767244339,0.04393661767244339,2.1234686374664307
61,1.6660961172906237,0.953125,0.7578374422842362,0.6573820323537202,0.0,0.046875,0.0,61,0.00022225691713473935,0.6978793144226074,0.9930000000000001,0.953125,58,0.9508196721311475,64,0.953125,50,0.78125,0.8955707750286301,60.200312499999995,41.42932166536575,-0.1801099059535147,0.7087479920224389,3.625,2.218529918662356,-0.2556699077544946,0.6935275745785336,2.4021946875000015,1.6523924412092703,0.04021461266705101,0.7897378780931877,317.1776093750001,105.2266754255453,-0.18164385288078408,0.6986367185734584,1.0,0.9985300302505493,0.012987012974917889,1.0648609399795532,0.043250128626823425,0.043250128626823425,2.242680311203003
62,1.783995604238331,0.984375,0.8386137807919156,0.6342655100606563,0.0,0.015625,0.0,63,0.00026810009321246494,0.6991087198257446,1.006,1.0,63,1.0,64,1.0,54,0.84375,0.8974090932856879,71.00453125,102.81148180240027,0.004722189688427915,1.758837179929468,4.453125,4.795602437064086,0.003207611933918757,1.4991380097435303,2.703338437500001,1.8369319775079624,0.18414206004267436,0.8779359708623452,376.680515625,309.23688642669146,0.21341676269000995,2.0531318957034075,1.0,0.990246593952179,0.012738853693008423,1.023047924041748,0.0320499911904335,0.0320499911904335,2.2199153900146484
63,1.685124250474745,0.921875,0.8367225484827817,0.6452534349284281,0.0,0.078125,0.0,59,0.00023086407318723742,0.6983778476715088,1.0190000000000001,1.0,59,1.0,64,1.0,54,0.84375,0.8979713559405087,58.77765625,51.46033216657599,-0.2044478559848954,0.8803525045972163,3.75,2.9895651857753496,-0.21659405572605483,0.9345584546298604,2.4530801562500013,2.014556809287167,0.06453461142412144,0.9628292772268486,318.99803125000005,152.08527975119435,-0.16955743505920035,1.0097473892338384,1.0,0.9955664277076721,0.007326007355004549,1.1014961004257202,0.04096022620797157,0.04096022620797157,2.194571018218994
64,1.5964243783890413,0.890625,0.7921936049273139,0.6482218272292175,0.0,0.109375,0.0,57,0.00023936116121885034,0.7070088982582092,1.032,0.984375,56,0.9824561403508771,64,0.984375,56,0.875,0.9004358644913065,60.02671875000001,62.710502361413894,-0.18307964373329086,1.0728136701433517,4.0,3.7332961307670196,-0.13844235166917535,1.1670538174735898,2.530604687500002,2.1339766661907955,0.10158637787055898,1.0199043291583647,324.47042187500006,165.56690968314035,-0.13322431882664074,1.099256647780554,1.0,0.9893985390663147,0.009868420660495758,1.1334559917449951,0.045289598405361176,0.045289598405361176,2.1677820682525635
65,1.6563621937340156,0.921875,0.8055914557870414,0.6201960335556854,0.0,0.078125,0.0,59,0.0001994001830641877,0.6845249533653259,1.0450000000000002,1.0,59,1.0,64,1.0,57,0.890625,0.9003881721807576,64.1784375,59.48849897298296,-0.112054528930016,1.0176935682434223,4.3125,3.652375083421745,-0.04075272159807596,1.1417573464971873,2.819097031250002,1.6120983373770978,0.2394672624094159,0.7704798742035074,337.4726562500001,172.7260448398181,-0.04689793513032728,1.146788651176634,1.0,0.991585373878479,0.012658228166401386,1.1014961004257202,0.06681474298238754,0.06681474298238754,2.291252374649048
66,1.7584499085115568,0.953125,0.8159991643223606,0.6634295730125452,0.0,0.046875,0.0,61,0.00026884216337360787,0.6902844309806824,1.058,0.953125,58,0.9508196721311475,64,0.953125,53,0.828125,0.8940831361374583,58.67031250000001,47.39687740138947,-0.20628422849138164,0.8108373571187684,3.90625,3.131087820151329,-0.16774924069050515,0.9787993947862664,2.657797812500002,1.9563789455877334,0.16237655467143425,0.9350239802016691,322.082703125,149.62624570102585,-0.14907721910720378,0.9934210017211426,1.0,0.9929197430610657,0.006493506487458944,1.0648608207702637,0.04779668524861336,0.04779668524861336,2.14011812210083
67,1.7218892039069935,0.953125,0.7870430343891265,0.6548080832653054,0.0,0.046875,0.0,61,0.00029116913701364346,0.6916224360466003,1.0710000000000002,1.0,61,1.0,64,1.0,56,0.875,0.892021478230086,84.385625,213.4029552123386,0.23363791761126365,3.6507697910207666,5.5,11.732700030257314,0.33046787267210165,3.667722002211243,3.1523289062500046,3.4179381573276215,0.3987307807555322,1.6335557828176974,436.5164843750003,837.5389767383422,0.6106886967419697,5.560714334264688,1.0,0.9841278791427612,0.011428571306169033,1.0648608207702637,0.026264561340212822,0.026264561340212822,2.7803215980529785
68,1.825485306786826,0.984375,0.8314164943756566,0.6350983355729435,0.0,0.015625,0.0,63,0.0002925385920855715,0.6919472813606262,1.084,1.0,63,1.0,64,1.0,58,0.90625,0.890993882864412,65.245625,55.17464648943729,-0.09379772511734921,0.9438947667498905,4.25,3.225871975140985,-0.06029064761229584,1.0084295677063984,2.554648750000002,1.902244265541611,0.11307790157033666,0.9091510663074425,342.1953750000001,139.9269926398563,-0.015542152797548558,0.9290242667310334,1.0,0.9952003359794617,0.020338982343673706,1.023047924041748,0.05632000416517258,0.05632000416517258,2.167243719100952
69,1.6625751149271322,0.921875,0.776787512067516,0.6338569193483345,0.0,0.078125,0.0,59,0.00018389689736067276,0.6885386109352112,1.097,0.984375,59,1.0,64,0.984375,54,0.84375,0.9046839085945579,60.93656250000001,52.34269341377643,-0.16751458244468787,0.8954474117077647,4.03125,2.984170477285103,-0.1286733886620654,0.932872031984249,2.5164096875000013,2.076863254646273,0.09480207596989826,0.9926077721668396,324.3369218750001,129.34485370202034,-0.13411067204033253,0.8587657434704633,1.0,0.9997971057891846,0.006756756920367479,1.1014961004257202,0.031579457223415375,0.031579457223415375,2.133570432662964
70,1.7201015654026466,0.953125,0.7885525833326773,0.6061944612701302,0.0,0.046875,0.0,61,0.00032394659916415067,0.7002041935920715,1.1099999999999999,1.0,61,1.0,64,1.0,58,0.90625,0.8996323663230255,97.26953125000003,290.75334749486177,0.45404805992181485,4.974033919147115,6.046875,16.133650477631374,0.5014247252965256,5.043489109939919,3.0162690625000046,5.292553567289077,0.3337028796243824,2.529502023663673,470.3924687500005,1183.7382527490934,0.835603210732691,7.859252468122155,1.0,0.9736998677253723,0.005167958792299032,1.0648608207702637,0.05333224684000015,0.05333224684000015,3.074583053588867
71,1.7503159468459957,0.953125,0.7763629635093642,0.6455534573655444,0.0,0.046875,0.0,61,0.00024259311108485045,0.6921756267547607,1.123,0.984375,60,0.9836065573770492,64,0.984375,50,0.78125,0.9014643985127742,56.19140625,42.63206333952136,-0.24869187014408425,0.729323775361709,3.46875,2.291074734158622,-0.30451472279004427,0.7162055783846341,2.767596406250002,1.8303712044626774,0.21485325831834898,0.8748003410602369,307.60770312500006,120.31172843086105,-0.24518180913111104,0.798791663966535,1.0,0.9974667429924011,0.012944984249770641,1.0648608207702637,0.03409223258495331,0.03409223258495331,2.204533338546753
72,1.7982219098810968,1.0,0.778557257464854,0.6009714065805007,0.0,0.0,0.0,64,0.0003238132412783359,0.7090669870376587,1.136,1.0,64,1.0,64,1.0,54,0.84375,0.8970228049954455,83.5721875,102.2765072528381,0.2197221166378019,1.7496851561322193,5.203125,5.474884951702181,0.23766272410455727,1.7114863539635676,2.582190937500002,1.97361490598448,0.1262413052339219,0.9432616666320569,393.8665625000001,277.20615973815825,0.32752094155381245,1.8404686931770298,1.0,0.9994387626647949,0.005730659235268831,1.0,0.0790691003203392,0.0790691003203392,2.1580610275268555
73,1.8597875374240416,0.96875,0.840939401979408,0.6661898516824641,0.0,0.03125,0.0,62,0.00024008792250653985,0.697849452495575,1.149,0.984375,61,0.9838709677419355,64,0.984375,53,0.828125,0.8952200212437097,57.599843750000005,37.19078773248942,-0.22459716596145196,0.6362376951291057,3.78125,2.1025932648755443,-0.20682509271894492,0.6572849863541664,2.7545909375000015,1.5717303376809348,0.2086374762570876,0.7511865528181932,330.07560937500006,122.7285912063202,-0.09600951767329838,0.8148380616300614,1.0,0.9973089694976807,0.0032573288772255182,1.0446385145187378,0.04483864828944206,0.04483864828944206,2.0913705825805664
74,1.7435607315377406,0.953125,0.7946175496842041,0.602988476085325,0.0,0.046875,0.0,61,0.0002935009059370755,0.6947744488716125,1.162,0.953125,58,0.9508196721311475,64,0.953125,51,0.796875,0.8981986207874701,72.26468750000001,70.04168002359269,0.026280187162682427,1.198231061458564,5.03125,4.465033419527787,0.1839334275654526,1.3957998816280492,2.8470200000000023,1.9826469445793935,0.2528126551507126,0.9475784032721631,368.08207812500007,199.76755632752793,0.1563287274027087,1.3263267081820322,1.0,0.9929602742195129,0.015197568573057652,1.0648608207702637,0.046318668872117996,0.046318668872117996,2.1748056411743164
75,1.8136080157070031,0.9375,0.842660802975297,0.6716541656336018,0.0,0.0625,0.0,60,0.00016055120209451114,0.6834298968315125,1.175,0.984375,59,0.9833333333333333,64,0.984375,56,0.875,0.8968624686592366,62.015,38.80047845226912,-0.14906532037806636,0.6637753187145471,3.96875,2.2006302364322816,-0.1482113146762853,0.6879320119051058,2.809803125000001,1.8752062507868934,0.2350253697826854,0.8962286249625667,334.7496562500001,144.92053096990983,-0.06497688494967797,0.962178115019701,1.0,0.9930928349494934,0.013071895577013493,1.0837911367416382,0.05938413366675377,0.05938413366675377,2.1721832752227783
76,1.8629024143000128,0.96875,0.8380564593019024,0.6504028104022963,0.0,0.03125,0.0,62,0.00016455951293108963,0.6954755187034607,1.1880000000000002,1.0,62,1.0,64,1.0,61,0.953125,0.89849836747004,62.997656250000006,45.2905828629897,-0.13225462650136624,0.7748041331920863,4.203125,2.762356826040944,-0.07494409212296074,0.8635315726730114,2.717353281250001,1.6835715507590332,0.19084025878100355,0.804639497831078,326.71239062500007,116.71796516464616,-0.11833910379623222,0.7749314121293979,1.0,0.9903662800788879,0.0032573288772255182,1.0446386337280273,0.06034514307975769,0.06034514307975769,2.1799843311309814
77,1.87261493927352,1.0,0.7901608143583871,0.6502182242934356,0.0,0.0,0.0,64,0.00017927000499045817,0.7017844915390015,1.201,0.953125,61,0.953125,64,0.953125,58,0.90625,0.8832296806412014,64.60374999999999,47.71837121657129,-0.10477853771799878,0.8163372805256301,4.296875,2.748179439988408,-0.045637203101630934,0.8590996251566996,2.759620625000002,1.5867577314526038,0.21104134511696646,0.7583686856908318,346.94801562500004,118.32222711710969,0.016012291333476245,0.785582668587599,1.0,0.9890751242637634,0.012861736118793488,1.0,0.0678749531507492,0.0678749531507492,2.3101277351379395
78,1.834552338022486,0.96875,0.7997675040556539,0.6536837396184744,0.0,0.03125,0.0,62,0.00026851071083307254,0.6943842172622681,1.214,1.0,62,1.0,64,1.0,53,0.828125,0.898921658114072,60.62921875000001,39.31788390417455,-0.1727724350214837,0.6726267809243666,4.03125,2.4364981915650996,-0.1286733886620654,0.7616659424092711,2.5164875000000015,1.529434687946417,0.09483926536698505,0.7309719380324551,327.2326250000001,113.22905598684417,-0.11488508574264178,0.7517673232752833,1.0,0.9931454062461853,0.01840490847826004,1.0446386337280273,0.09448948502540588,0.09448948502540588,2.2285516262054443
79,1.78898362503771,0.953125,0.8017737153978621,0.6082342156324438,0.0,0.046875,0.0,61,0.00027055277511228867,0.7004644274711609,1.227,1.0,61,1.0,64,1.0,54,0.84375,0.8919538196240367,58.11234375,42.00489736113321,-0.2158296232812841,0.7185945958825531,4.09375,2.220070029863923,-0.10913546264784553,0.6940090238378919,2.7542990625000017,2.1684751510002087,0.2084979786792606,1.0363923979193654,337.40048437500013,135.53647606433213,-0.04737710946249515,0.899874090877222,1.0,0.9977434873580933,0.015625,1.0648608207702637,0.09776423871517181,0.09776423871517181,2.263719081878662
80,1.9167059054790188,0.984375,0.8267673612350509,0.650507584858249,0.0,0.015625,0.0,63,0.00023514273451344706,0.6947245001792908,1.24,1.0,63,1.0,64,1.0,59,0.921875,0.886557303785861,58.24187500000001,41.79506134382835,-0.21361368032949765,0.7150048471263447,4.09375,2.4794073762695796,-0.10913546264784553,0.7750796460266571,3.1212367187500023,1.7082824906622736,0.38387070419674724,0.8164497462673341,354.93304687500006,122.24067677388919,0.06902770788679861,0.811598626984429,1.0,0.9925847053527832,0.015290520153939724,1.0230478048324585,0.11907965689897537,0.11907965689897537,2.2801718711853027
81,1.9288114575585755,0.984375,0.8206724710171185,0.6690631111963898,0.0,0.015625,0.0,63,0.00015813287909488462,0.6976091861724854,1.2530000000000001,1.0,63,1.0,64,1.0,52,0.8125,0.8921552224535514,51.97734375,36.91264947659319,-0.32078352443802594,0.6314794726324078,3.71875,2.368205742223424,-0.22636301873316478,0.7403172572481909,2.889303125000002,1.7183087875336138,0.2730212839145981,0.8212416747577053,333.32554687500004,119.40938734087375,-0.07443204540795664,0.7928007057271599,1.0,0.9968263506889343,0.018987340852618217,1.023047924041748,0.10996874421834946,0.10996874421834946,2.354689598083496
82,1.8464001194420527,0.9375,0.8370251884063085,0.6557962678992546,0.0,0.0625,0.0,60,0.000170231067259715,0.6847538948059082,1.266,0.984375,59,0.9833333333333333,64,0.984375,54,0.84375,0.8984798214472283,66.5059375,68.56234962879478,-0.07223705461178995,1.1729235641425437,4.375,4.428247395979588,-0.021214795583856087,1.3843003199249762,2.765427968750001,2.4095474818302107,0.21381688391519865,1.1516095498916512,346.57125,310.9749582950265,0.013510812513045981,2.064671563015216,1.0,0.9894589781761169,0.012269938364624977,1.0837911367416382,0.09223918616771698,0.09223918616771698,2.5773134231567383
83,2.042019258741552,1.0,0.8931753042852506,0.639982595187937,0.0,0.0,0.0,64,0.00016263945263282533,0.6934536695480347,1.279,1.0,64,1.0,64,1.0,58,0.90625,0.8862372042939259,53.528281250000006,39.05967940035348,-0.2942510157052982,0.6682095731049269,3.90625,2.329959428294836,-0.16774924069050515,0.7283611988185368,3.189316250000002,1.7017603693744436,0.41640836486990224,0.8133325895326133,352.9804843750001,135.71954658642494,0.056063962217814144,0.901089560132572,1.0,0.9896610379219055,0.012012012302875519,0.9999999403953552,0.11975585669279099,0.11975585669279099,2.4063963890075684
84,1.8483709431521567,1.0,0.7725467627751641,0.5699560942550136,0.0,0.0,0.0,64,0.00025891590391659606,0.699962854385376,1.292,0.984375,63,0.984375,64,0.984375,58,0.90625,0.894010642185317,78.49625,66.04540155974148,0.13288602166587052,1.1298651258611954,5.1875,4.175355523784771,0.2327782426010023,1.3052445969083382,2.8990293750000022,2.0416246247350704,0.27766980919542233,0.9757659613966222,398.2675468750001,235.20034824743888,0.3567406167911871,1.5615774122141886,1.0,0.9972830414772034,0.014204545877873898,1.0,0.11418890953063965,0.11418890953063965,2.273052453994751
85,1.7814040496288148,0.9375,0.7761594052116076,0.6147920882690111,0.0,0.0625,0.0,60,0.00020432515677747034,0.6919848918914795,1.305,1.0,60,1.0,64,1.0,58,0.90625,0.8829345651547527,66.62765625,55.79526130030521,-0.07015476322525008,0.9545118727835076,4.5,3.2307119958300214,0.017861056444583665,1.0099425911644735,2.907809687500002,1.8129311402739234,0.2818662368658796,0.8664651060744389,355.7427812500001,137.30223423692772,0.07440381774086742,0.9115975772508774,1.0,0.9909034371376038,0.005602241028100252,1.0837911367416382,0.16427519917488098,0.16427519917488098,2.260843515396118
86,1.8113214512060918,0.921875,0.8199822619809942,0.623742450796424,0.0,0.078125,0.0,59,0.00022932793248866905,0.7001599073410034,1.318,0.96875,57,0.9661016949152542,64,0.96875,56,0.875,0.8906114195344834,64.0390625,50.58946257988014,-0.11443887285401291,0.865454189923624,4.546875,3.2109660126471287,0.03251450095524857,1.0037698622283873,2.894881562500001,1.8520003953877309,0.27568742016919195,0.8851377106342125,351.44812500000006,156.09203818525833,0.04589009213120472,1.036349660503652,1.0,0.9910476803779602,0.0031250000465661287,1.1014961004257202,0.16257205605506897,0.16257205605506897,2.37587308883667
87,1.9320919078307062,0.984375,0.8202580556509986,0.604618678537709,0.0,0.015625,0.0,63,0.0001793650516623696,0.6873066425323486,1.331,0.984375,62,0.9841269841269841,64,0.984375,59,0.921875,0.8991157858556019,72.19546875,44.381834400802695,0.025096034294598692,0.7592578094306004,4.71875,2.775274479668633,0.08624379749435322,0.867569719246693,2.7540781250000017,1.8763751761465488,0.20839238468833585,0.8967872965046054,358.68476562500007,142.97440388773953,0.09393668145182504,0.9492570963415385,1.0,0.992175281047821,0.012158054858446121,1.023047924041748,0.1372346729040146,0.1372346729040146,2.2159998416900635
88,1.9402929422852973,0.96875,0.8151616554466947,0.6516425085686525,0.0,0.03125,0.0,62,0.00016848479639607668,0.6889376640319824,1.344,1.0,62,1.0,64,1.0,58,0.90625,0.8884298658348282,59.233125,44.6256506211324,-0.19665596973102661,0.7634288711239816,4.0625,2.4550649176752946,-0.11890442565495546,0.7674700275463474,2.270573906250001,1.7273465479462804,-0.022691700570058884,0.8255611460606547,311.15121875,124.69314655215484,-0.22165516896641815,0.8278814319990228,1.0,0.994601845741272,0.006116208154708147,1.0446386337280273,0.14166615903377533,0.14166615903377533,2.3797879219055176
89,1.935978129746439,0.96875,0.8130486632787413,0.6413089201825326,0.0,0.03125,0.0,62,0.0001444724884438614,0.689866304397583,1.357,1.0,62,1.0,64,1.0,53,0.828125,0.8953610020881462,57.17046875,42.24466007044882,-0.23194265598739766,0.722696312540187,3.84375,2.399340729763074,-0.18728716670472503,0.7500502665762442,2.9539968750000014,1.6449598846978728,0.30394075774945833,0.7861855915650412,328.5899843750001,126.1033878114121,-0.10587310189120958,0.8372445171842191,1.0,0.9933435916900635,0.006042296066880226,1.0446386337280273,0.17140214145183563,0.17140214145183563,2.4354567527770996
90,1.9064045603923203,0.984375,0.7783559453156259,0.6362731440388399,0.0,0.015625,0.0,63,0.00019871665933775175,0.7033315896987915,1.37,0.984375,62,0.9841269841269841,64,0.984375,58,0.90625,0.8883759634615233,64.31328124999999,50.11896781205593,-0.10974770291386228,0.857405247567147,4.515625,2.8061995401922153,0.022745537948138633,0.8772371039586134,3.1721903125000024,1.7265579479632034,0.40822326234564466,0.8251842457179953,372.18259375000014,147.97657073141252,0.18355348547022224,0.9824682323513746,1.0,0.9950814843177795,0.0,1.023047924041748,0.11637216806411743,0.11637216806411743,2.3168513774871826
91,1.9635804716351892,1.0,0.7877282324479893,0.6256068670519912,0.0,0.0,0.0,64,0.00021519621979620204,0.6914631724357605,1.383,1.0,64,1.0,64,1.0,56,0.875,0.8849560448290713,63.35546875,53.23842250696646,-0.12613338481307837,0.9107710079114948,4.34375,3.4242642914208594,-0.030983758590966026,1.0704483580626527,3.2626309375000018,1.9165613915386657,0.45144809532094604,0.9159937366219062,373.55028125000007,212.5785888450631,0.19263404135749798,1.4113836358421818,1.0,0.9827712178230286,0.02185792289674282,0.9999999403953552,91.72391510009766,61.998165130615234,2.4123716354370117
92,1.878917583891537,0.953125,0.7975458262763062,0.6269877769030452,0.0,0.046875,0.0,61,0.00019511638578169322,0.6967732310295105,1.3960000000000001,1.0,61,1.0,64,1.0,54,0.84375,0.8978698964457229,68.70265625,54.793498794399284,-0.03465690749578965,0.9373743205378058,4.640625,3.5415709239509803,0.061821389976578385,1.1071192109802652,2.2038300000000017,1.9060376722405048,-0.05459101793739698,0.910964072033211,338.7691250000001,152.30805914253406,-0.03829022544483123,1.0112264995668594,1.0,0.9877121448516846,0.009146341122686863,1.0648608207702637,0.19800807535648346,0.19800807535648346,2.5095632076263428
93,1.8858517266801873,0.953125,0.7925443673720125,0.6281182384536373,0.0,0.046875,0.0,61,0.00023714039738825798,0.6982951760292053,1.409,0.984375,60,0.9836065573770492,64,0.984375,57,0.890625,0.899018080445855,64.01781249999999,55.76248482595482,-0.11480240511148344,0.9539511525146833,4.296875,3.1507920011284463,-0.045637203101630934,0.9849590560678939,3.0815820312500017,1.8902060325160173,0.3649183004083467,0.903397561045299,354.07707812500007,170.26255217643876,0.0633446318389903,1.1304326613706945,1.0,0.9905657172203064,0.0260869562625885,1.0648608207702637,0.16511614620685577,0.16511614620685577,2.550318717956543
94,1.944759732493887,0.96875,0.804607609587331,0.6435628932482804,0.0,0.03125,0.0,62,0.00018298445062964164,0.6847639679908752,1.422,0.984375,61,0.9838709677419355,64,0.984375,54,0.84375,0.8940100938012943,62.3009375,56.26661823182636,-0.14417367309004578,0.9625755645195166,4.265625,3.3784343059137614,-0.05540616610874087,1.0561215922055256,2.8280821875000015,2.182631254237983,0.24376159228786623,1.0431581096560314,344.1929531250001,149.43553172422196,-0.002279532642533215,0.9921547848954039,1.0,0.9983288645744324,0.019480518996715546,1.0446386337280273,0.18477970361709595,0.18477970361709595,2.3263347148895264
95,1.755623165841593,0.90625,0.7798107660793024,0.5849647817482742,0.0,0.09375,0.0,58,0.00017584316279595376,0.6893531084060669,1.4349999999999998,0.96875,56,0.9655172413793104,64,0.96875,60,0.9375,0.8936630411301429,74.6859375,67.66044978232182,0.06770148026386578,1.157494402391932,4.71875,3.1248437460935548,0.08624379749435322,0.9768474546747768,2.5500415625000015,1.9963833880116355,0.11087596068178777,0.9541435444687586,361.7370312500001,198.1755365243596,0.11420174097062936,1.3157567316367171,1.0,0.9898316264152527,0.011299435049295425,1.1180340051651,0.17429830133914948,0.17429830133914948,2.292670726776123
96,1.9545808388524786,0.984375,0.7733900452417041,0.6344723705431681,0.0,0.015625,0.0,63,0.00019023911295648426,0.6869848966598511,1.448,1.0,63,1.0,64,1.0,55,0.859375,0.905318821954211,61.860625000000006,48.10829235547002,-0.15170627530733635,0.8230078175543019,4.109375,2.72211537400144,-0.10425098114429056,0.8509518204705696,2.588609531250002,2.2809689230479937,0.12930898242854633,1.0901572243734856,330.318171875,168.700313066966,-0.09439906035946967,1.1200604092715447,1.0,0.9945448040962219,0.00917431153357029,1.023047924041748,0.2666849195957184,0.2666849195957184,2.588920831680298
97,1.971283735685315,0.96875,0.8058327488120525,0.6370272522900879,0.0,0.03125,0.0,62,0.00014979752630655315,0.6859743595123291,1.4609999999999999,1.0,62,1.0,64,1.0,55,0.859375,0.8881711643689106,57.725781250000004,43.75789720884275,-0.222442702729679,0.7485838660935215,4.0,2.3048861143232218,-0.13844235166917535,0.7205231099655974,3.093086875000002,1.9026139576784196,0.3704168797193665,0.9093277554984541,347.4566718750001,133.26903628704127,0.019389438163828838,0.8848197647839275,1.0,0.9964451193809509,0.008670520037412643,1.0446386337280273,0.17436504364013672,0.17436504364013672,2.3331329822540283
98,1.9103759822350352,0.953125,0.7650926999869894,0.6584112035008043,0.0,0.046875,0.0,61,0.0001892304510927882,0.6894434094429016,1.474,0.984375,60,0.9836065573770492,64,0.984375,53,0.828125,0.8940292483704454,58.6925,41.671425011631165,-0.2059046580460818,0.7128897508934505,3.796875,2.525987971937911,-0.20194061121538995,0.7896410577365154,2.7706470312500016,1.6303972462818315,0.21631126191015596,0.779225582020513,324.47760937500004,149.0539121427229,-0.13317659849912464,0.989621078959303,1.0,1.0002107620239258,0.00920245423913002,1.0648608207702637,0.22221079468727112,0.22221079468727112,2.3389787673950195
99,1.9129531222997973,0.953125,0.7885786374328566,0.6257801346135768,0.0,0.046875,0.0,61,0.00015516257623248916,0.6912139058113098,1.4869999999999999,1.0,61,1.0,64,1.0,52,0.8125,0.8929042455208114,66.1875,46.94000126491264,-0.07768469241123578,0.8030213941409912,4.4375,3.0097497819586265,-0.001676869569636212,0.9408682969795528,2.5981006250000016,1.6362487991094488,0.13384511806556404,0.7820222499296513,341.089671875,135.14588936683103,-0.022883302746860363,0.8972808491202524,1.0,0.9971067905426025,0.005847953259944916,1.0648608207702637,0.14843645691871643,0.14843645691871643,2.2472002506256104
100,1.9222094756951797,0.953125,0.8018673384165178,0.5828538630527166,0.0,0.046875,0.0,61,0.00020292819914829226,0.6980146765708923,1.5,1.0,61,1.0,64,1.0,51,0.796875,0.8995259991191434,75.17546875000001,52.376039695220115,0.07607608734220933,0.8960178798946572,4.75,3.087272258807117,0.09601276050146317,0.9651023516532309,2.6712246875000023,2.0886975140106534,0.16879374196149632,0.9982637910677676,368.2017343750001,177.11579204658412,0.15712316711601113,1.1759337189220462,1.0,0.9913721680641174,0.005376344081014395,1.0648608207702637,0.17718423902988434,0.17718423902988434,2.2379558086395264
101,2.0288692151042973,1.0,0.78717636608053,0.6335131323621719,0.0,0.0,0.0,64,0.00014945365172440938,0.6939306259155273,1.5,1.0,64,1.0,64,1.0,59,0.921875,0.889697951261398,62.96906250000001,49.32455479141289,-0.13274379123016827,0.8438149059785246,4.34375,3.0578727798095198,-0.030983758590966026,0.9559118741250442,2.935858437500002,2.0961530111948683,0.2952717449980491,1.001827041769933,350.76871875000006,112.84538033971381,0.04137927630281575,0.7492199664000073,1.0,0.9948739409446716,0.014705882407724857,0.9999998807907104,0.20926769077777863,0.20926769077777863,2.2861509323120117
102,1.988136293848792,0.96875,0.8258770579291929,0.5720021404950224,0.0,0.03125,0.0,62,0.00019787093877792947,0.6899377703666687,1.5,0.984375,61,0.9838709677419355,64,0.984375,53,0.828125,0.8974812986790727,64.72859374999999,52.97268266720084,-0.10264278570536037,0.9062248900832685,4.234375,3.224622979415578,-0.06517512911585081,1.0080391231291972,2.9784450000000025,2.017907910916033,0.3156253974750721,0.9644308894248073,349.93970312500005,169.230194260536,0.03587515148319299,1.1235784759291905,1.0,0.9963037967681885,0.005899704992771149,1.0446386337280273,0.16337482631206512,0.16337482631206512,2.3701047897338867
103,1.959152145053735,0.96875,0.7887789770480125,0.6240162746972248,0.0,0.03125,0.0,62,0.00017159803017414987,0.6983930468559265,1.5,0.984375,61,0.9838709677419355,64,0.984375,57,0.890625,0.8875582107074556,58.50140625,44.63954226871016,-0.20917377533201026,0.7636665211006369,4.328125,3.072329569622211,-0.03586824009452099,0.96043116516126,3.1651250000000015,1.4868633806860014,0.40484649496117725,0.7106255765840274,346.32281250000005,149.46972427759778,0.011861349018464895,0.9923818012217633,1.0,0.9918137192726135,0.01652892492711544,1.0446386337280273,0.20201510190963745,0.20201510190963745,2.2703118324279785
104,1.9214458281642663,0.953125,0.7863033527477843,0.6187962192267574,0.0,0.046875,0.0,61,0.00013968135360602706,0.6923176646232605,1.5,0.984375,60,0.9836065573770492,64,0.984375,53,0.828125,0.8995620387708586,63.26421875,53.49175680667675,-0.12769443509515707,0.9151048991994175,4.21875,3.266634114421142,-0.07005961061940577,1.021172090289391,3.042698593750002,1.8911359675617834,0.34633450478062894,0.9038420105062699,360.7481562500001,214.06643866224812,0.10763625382314113,1.421261991399882,1.0,0.9859963059425354,0.0117647061124444,1.0648608207702637,0.17186126112937927,0.17186126112937927,2.4096662998199463
105,2.0252396610179897,0.96875,0.8254525791252812,0.6477138727639807,0.0,0.03125,0.0,62,0.00012675886372563359,0.6972711682319641,1.5,1.0,62,1.0,64,1.0,55,0.859375,0.8947923615668377,54.72625000000001,46.57023383758664,-0.27375688469040566,0.7966956347247637,3.640625,2.9599788190754,-0.25078542625093964,0.9253095547320493,3.094821875000002,2.1110795327501264,0.37124609872589315,1.008960964176244,339.0808750000001,181.31787566113172,-0.03622040810873763,1.203832822412359,1.0,0.9885370135307312,0.0181818176060915,1.0446386337280273,0.24198901653289795,0.24198901653289795,2.3802433013916016
106,2.042996471730441,1.0,0.7979312957031652,0.6219785648837939,0.0,0.0,0.0,64,0.00019716237404176704,0.6919214725494385,1.5,1.0,64,1.0,64,1.0,55,0.859375,0.8990447226516493,60.82062500000001,47.11951535971454,-0.1694979716729454,0.8060924136295129,3.9375,2.7207248574598646,-0.1579802776833952,0.850517135521596,2.5661321875000014,1.8120721871645233,0.1185662500632821,0.8660545814381105,317.90618750000004,125.12689833848123,-0.17680656776827922,0.8307612618848282,1.0,0.9948329329490662,0.006211180239915848,1.0,0.2006804645061493,0.2006804645061493,2.3223090171813965
107,1.9288065822593468,0.96875,0.7835871166279239,0.6047236885326984,0.0,0.03125,0.0,62,0.00022314027083551648,0.7055536508560181,1.5,1.0,62,1.0,64,1.0,58,0.90625,0.8938890980620421,72.23390625,76.49426840491849,0.025753599995611297,1.3086180742016462,4.6875,4.00731752547761,0.07647483448724329,1.2527147732522916,2.960468906250002,2.220507733528471,0.3070339746505158,1.061260643677925,373.53025000000014,216.75291085033618,0.19250104687950767,1.4390984202943091,1.0,0.9880083203315735,0.0031152646988630295,1.044638752937317,0.23657295107841492,0.23657295107841492,2.2305526733398438
108,2.006207673115254,1.0,0.7930897832266055,0.6013476163489921,0.0,0.0,0.0,64,0.00016114399177669016,0.6920197606086731,1.5,1.0,64,1.0,64,1.0,56,0.875,0.9009733479967688,71.511875,55.715665292486406,0.013401522335533243,0.9531501920113664,4.828125,3.5556059939727573,0.12043516801923801,1.1115066695353033,2.7851859375000014,2.0258946149284274,0.2232599289975386,0.9682480230078505,361.2119062500001,161.65369408966492,0.11071525234635961,1.0732754401614786,1.0,1.0033544301986694,0.003105590119957924,0.9999999403953552,0.20789019763469696,0.20789019763469696,2.355327844619751
109,1.9160462486568086,0.984375,0.7793893364095499,0.5667948091283336,0.0,0.015625,0.0,63,0.0002079372386094532,0.6835598349571228,1.5,1.0,63,1.0,64,1.0,55,0.859375,0.903876187073124,89.79593750000001,106.49725852866402,0.32619429957574375,1.8218912379920769,5.71875,5.8722566733326635,0.39885061372187125,1.8357074627213201,2.8468151562500026,2.155518413574647,0.25271475294271956,1.0301999063136875,425.146921875,364.3673138577972,0.5352021929206418,2.419162094398344,1.0,0.9862056970596313,0.005376344081014395,1.023047924041748,0.25533872842788696,0.25533872842788696,2.5845417976379395
110,1.9570028688674475,0.984375,0.7744973220285916,0.5953472671043019,0.0,0.015625,0.0,63,0.00015703747175524127,0.6940160989761353,1.5,1.0,63,1.0,64,1.0,57,0.890625,0.9038324252261177,65.09312500000001,46.88796840191922,-0.09640660367095996,0.8021312471223254,4.34375,2.6646924658391633,-0.030983758590966026,0.8330010279714352,2.5546868750000016,2.119308497987077,0.11309612288135888,1.0128938831264034,330.09462500000006,124.97139009408069,-0.09588326628506527,0.8297287882355396,1.0,0.9917091131210327,0.008746355772018433,1.0230478048324585,0.2297808974981308,0.2297808974981308,2.342709541320801
111,1.9839791462075218,0.984375,0.781117811562523,0.633017040745922,0.0,0.015625,0.0,63,0.00017197678737060958,0.7045798301696777,1.5,1.0,63,1.0,64,1.0,59,0.921875,0.8993600780850781,62.630468750000006,41.92832662076765,-0.13853625006794995,0.7172846695719051,4.375,2.540300179112697,-0.021214795583856087,0.794115151254614,2.7332975000000017,1.9574299189929525,0.19846057534107206,0.9355262782552494,349.6503593750001,129.17215409766234,0.03395409708113948,0.8576191303668974,1.0,0.993696391582489,0.0029498524963855743,1.023047924041748,0.22042785584926605,0.22042785584926605,2.3868865966796875
112,1.883432548710138,0.953125,0.7595057517412256,0.6229098777950132,0.0,0.046875,0.0,61,0.00013066056152574702,0.6957574486732483,1.5,1.0,61,1.0,64,1.0,53,0.828125,0.8969995546093635,67.34078125,56.65120950564204,-0.057955048349552916,0.9691549214123931,4.46875,3.530973440497677,0.008092093437473726,1.1038063654179042,2.393081875000002,1.7326658294724602,0.03585927126767734,0.8281034223387955,327.1268281250001,155.23099673848517,-0.11558750821571166,1.0306329050469525,1.0,0.9839000105857849,0.015105740167200565,1.0648608207702637,0.24609525501728058,0.24609525501728058,2.546165704727173
113,2.029728963385286,1.0,0.8014439126709476,0.6341765538020527,0.0,0.0,0.0,64,0.00019211234984268188,0.70081627368927,1.5,0.96875,62,0.96875,64,0.96875,55,0.859375,0.8920994106776428,65.49671875,40.231032062276235,-0.08950216381032798,0.68824837204529,4.5625,2.714975828621684,0.03739898245880354,0.8487199499200923,2.868313750000002,1.9348347466349534,0.26298970542173655,0.9247272313532331,364.0707656250001,146.26315585377085,0.12969622009560866,0.9710922714286377,1.0,0.9925898909568787,0.012195121496915817,0.9999999403953552,0.2789980173110962,0.2789980173110962,2.5032641887664795
114,1.8654488300634926,0.953125,0.7616770634519272,0.5854515293321632,0.0,0.046875,0.0,61,0.00023709309160234595,0.6978016495704651,1.5,0.984375,60,0.9836065573770492,64,0.984375,55,0.859375,0.8997608877704949,75.74968750000001,89.63773661188878,0.0858994773878243,1.533468646826119,4.984375,4.858922808542547,0.1692799830547877,1.5189323894737559,2.666173125000002,2.0036329950468073,0.16637941825103092,0.9576083928511296,373.8396875000001,266.1323138902713,0.19455551071892166,1.7669455556848621,1.0,0.9938798546791077,0.024793388321995735,1.0648608207702637,0.26680484414100647,0.26680484414100647,2.397160530090332
115,2.0001260278435913,0.96875,0.8157134052486189,0.6230743894987074,0.0,0.03125,0.0,62,0.0001847527971841267,0.6916294693946838,1.5,1.0,62,1.0,64,1.0,53,0.828125,0.897230537351471,71.86687500000002,108.64908636688749,0.0194746494603328,1.8587034183081699,4.640625,5.772692145730188,0.061821389976578385,1.8045829127383135,2.950486562500002,1.5774432875069357,0.3022630529403242,0.7539169773594342,377.79739062499993,340.3351944977651,0.22083208662665557,2.2596044447609342,1.0,0.9804578423500061,0.008571428246796131,1.0446386337280273,0.38747507333755493,0.38747507333755493,2.519122362136841
116,1.8730930111599493,0.953125,0.7625848613679409,0.5804742459032418,0.0,0.046875,0.0,61,0.00022145939738856652,0.6829870343208313,1.5,1.0,61,1.0,64,1.0,59,0.921875,0.8919937543005554,76.26875,46.53325600108485,0.09477928738279909,0.7960630400715935,4.71875,2.8310154428225927,0.08624379749435322,0.8849947242717078,2.5480971875000016,2.2547309888816764,0.10994667381964648,1.0776171703661628,352.43293750000004,149.71853677190782,0.052428606919661856,0.9940337544347854,1.0,0.9849631190299988,0.005319148767739534,1.0648608207702637,0.36890196800231934,0.36890196800231934,2.495328426361084
117,1.9597709063503517,1.0,0.7715963368536904,0.569303622858683,0.0,0.0,0.0,64,0.00016724090001677457,0.6998215913772583,1.5,0.984375,63,0.984375,64,0.984375,57,0.890625,0.8895985475604274,72.27453125,52.31209488880438,0.026448588134892755,0.894923950490901,4.640625,2.8249291335137947,0.061821389976578385,0.8830921024961085,2.8524175000000014,2.0571867117513314,0.25539231485545427,0.9832036434341467,372.04117187500015,155.7437630671927,0.18261453615642007,1.0340373401280234,1.0,0.9835869669914246,0.05428571254014969,0.9999999403953552,0.37101981043815613,0.37101981043815613,2.435818672180176
118,1.9132724426370626,0.984375,0.7604474433594279,0.5918073462140669,0.0,0.015625,0.0,63,0.00016723652486856644,0.6916370391845703,1.5,0.984375,62,0.9841269841269841,64,0.984375,55,0.859375,0.9036666670577257,69.64531249999999,60.84812789767934,-0.018530509633151775,1.0409532845877467,4.6875,3.7950419958150663,0.07647483448724329,1.1863559957614735,3.032063437500002,2.1184287613540236,0.34125158045793114,1.0124734252953569,379.4240000000001,206.56112483309272,0.2316317154427823,1.3714315866640103,1.0,0.9783539772033691,0.08381503075361252,1.0230478048324585,0.4509354829788208,0.4509354829788208,2.671461343765259
119,2.091211407007165,1.0,0.8311573136306833,0.6240957967201479,0.0,0.0,0.0,64,0.00013122799198834242,0.6934831142425537,1.5,0.984375,63,0.984375,64,0.984375,57,0.890625,0.8957195596457171,65.36109375000001,78.3653671137079,-0.09182235498300641,1.3406277089101697,4.40625,3.8353566897356495,-0.01144583257674615,1.198958643875174,2.948307812500002,1.8910251429436944,0.30122174982189787,0.903789043428627,362.78153125000006,244.84235390635607,0.12113654195715569,1.6255940616690026,1.0,0.9845070838928223,0.038567494601011276,1.0,0.3508136570453644,0.3508136570453644,2.485410690307617
120,1.9044770069808497,0.96875,0.7607667787421134,0.6109708842453354,0.0,0.03125,0.0,62,0.00019100285171581074,0.6948195099830627,1.5,1.0,62,1.0,64,1.0,55,0.859375,0.8999312187739374,71.5209375,53.310147477952945,0.01355655815121912,0.9119980357053638,4.65625,3.1879595256997852,0.06670587148013335,0.9965778775911982,2.819959062500002,1.8575941793130908,0.23987925820003259,0.8878111814983691,361.9092031250001,154.53709491880298,0.11534485029432696,1.026025848059222,1.0,0.981322705745697,0.011111111380159855,1.0446386337280273,0.4265086352825165,0.4265086352825165,2.5347023010253906
121,1.8374701929752235,0.96875,0.7316337970475997,0.5719630453853356,0.0,0.03125,0.0,62,0.00015940637210687392,0.693014919757843,1.5,1.0,62,1.0,64,1.0,57,0.890625,0.8985397208555876,80.49265625000001,69.2768991584268,0.1670393426489516,1.1851476490169686,5.140625,3.9364768015796816,0.21812479809033739,1.2305694800953073,2.4293435937500014,2.1074959147294106,0.053190053052589795,1.0072482240177951,366.9106250000001,190.12376029588435,0.1485510401964671,1.262298171816209,1.0,0.985381007194519,0.00800000037997961,1.0446386337280273,0.43483448028564453,0.43483448028564453,2.511146068572998
122,1.9319632141094707,0.96875,0.7933747820075481,0.5716028211770771,0.0,0.03125,0.0,62,0.0002373960931701946,0.6889356970787048,1.5,1.0,62,1.0,64,1.0,59,0.921875,0.8933795304010863,69.64843750000001,51.332677738537996,-0.018477049007052753,0.8781686691901225,4.8125,2.8111107680061274,0.11555068651568304,0.8787723872492885,3.089254062500002,2.23924346358787,0.3685850405415839,1.0702151240620208,373.9577656250001,155.3181518029749,0.19533947270813878,1.03121155801699,1.0,0.9797884225845337,0.0793650820851326,1.0446386337280273,0.4644376039505005,0.4644376039505005,2.5118634700775146
123,2.033711428489907,0.984375,0.8225724621424599,0.6119885979380283,0.0,0.015625,0.0,63,0.0001275779927732768,0.6952444911003113,1.5,1.0,63,1.0,64,1.0,59,0.921875,0.8982968427902679,71.26171875,75.28388509407839,0.009121999216341463,1.2879115623242734,4.5,3.848701079585163,0.017861056444583665,1.2031301911005292,2.9759200000000017,1.8050955941860822,0.3144186090073601,0.8627202163092785,358.5141562500001,207.3006659131565,0.09280394611237032,1.3763416586712898,1.0,0.9811363816261292,0.024096384644508362,1.023047924041748,0.46638262271881104,0.46638262271881104,2.6005935668945312
124,1.9562138043679491,0.984375,0.805839728268366,0.5415430185811838,0.0,0.015625,0.0,63,0.0001582300721094229,0.6990142464637756,1.5,1.0,63,1.0,64,1.0,58,0.90625,0.901864964581384,70.96515625,58.12093727716016,0.004048585799585872,0.9942981428075408,4.921875,3.355521045139637,0.1497420570405678,1.0489587507055356,2.961357031250002,2.6346309461334427,0.30745844158433233,1.259185046522833,378.3627968750001,182.4931032460696,0.22458601656470173,1.2116355695788696,1.0,0.9853958487510681,0.0026385225355625153,1.0230478048324585,0.541954755783081,0.541954755783081,2.559992790222168
125,2.159997622233651,1.0,0.8718705471837893,0.6259091386953216,0.0,0.0,0.0,64,0.000199091783309707,0.6883527636528015,1.5,0.984375,63,0.984375,64,0.984375,57,0.890625,0.8905099442118767,64.67765625,40.26683660835969,-0.1035141939107671,0.688860894749545,3.921875,2.101373713639485,-0.16286475918695018,0.6569037463250356,2.8986078125000017,2.3794494378443343,0.27746832928911724,1.1372246103340928,332.3076406250001,127.54192037796435,-0.08119028118267295,0.8467954382581081,1.0,1.0028586387634277,0.012618296779692173,1.0,0.4561321437358856,0.4561321437358856,2.6012654304504395
126,2.001728910208027,1.0,0.7925857109366916,0.5787343699206253,0.0,0.0,0.0,64,0.00014619245251846678,0.695163369178772,1.5,1.0,64,1.0,64,1.0,54,0.84375,0.8999636844288151,72.261875,91.43158596518698,0.02623207259919362,1.5641567458833552,4.703125,5.413177461932594,0.08135931599079826,1.6921961720493046,3.0261281250000023,2.125288201637954,0.3384148807837669,1.0157517989308438,383.367453125,261.6527987032582,0.2578136806142236,1.7372044869074004,1.0,0.9859174489974976,0.011661808006465435,1.0,0.49725034832954407,0.49725034832954407,2.6503918170928955
127,1.9237263111173393,0.96875,0.7631977829000642,0.6336036264000989,0.0,0.03125,0.0,62,0.00015506452093488107,0.6942446827888489,1.5,1.0,62,1.0,64,1.0,56,0.875,0.8926378872492079,74.62734375,64.85112506835819,0.06669909352451732,1.1094341597926605,4.6875,3.4499773549981456,0.07647483448724329,1.078486437003004,2.3263740625000016,1.8769107643668093,0.003977204403806682,0.8970432734106065,345.0769062500001,160.22023972875968,0.0035893414630610732,1.063758235071822,1.0,0.988278329372406,0.005586592014878988,1.0446386337280273,0.4218670725822449,0.4218670725822449,2.604085922241211
128,1.738540145127173,0.984375,0.6746151164647133,0.5264137100284346,0.0,0.015625,0.0,63,0.0002098886315054149,0.702827513217926,1.5,1.0,63,1.0,64,1.0,57,0.890625,0.9036957839547121,113.43624999999999,245.87640426962992,0.7306185899489284,4.206306084839421,7.15625,14.132430291266255,0.8482229120489284,4.417894038910079,3.308127968750004,4.624237436902511,0.4731927656685186,2.2100896676493353,525.3736562500002,981.0663999332131,1.2006425533036793,6.513643119296186,1.0,0.9658232927322388,0.02654867246747017,1.023047924041748,0.46983179450035095,0.46983179450035095,3.1272201538085938
129,1.9086334509967982,0.953125,0.8041042027170541,0.583807281349394,0.0,0.046875,0.0,61,0.00016188347216609402,0.6892473697662354,1.5,0.96875,59,0.9672131147540983,64,0.96875,50,0.78125,0.8974117018219288,71.88671875,56.600431398938106,0.019814124436058445,0.9682862400119153,4.65625,3.3504605560280813,0.06670587148013335,1.0473768073158183,2.662554218750002,1.941328094842393,0.1646498125764846,0.9278306363962329,352.30581250000006,178.41013152257457,0.05158457956168001,1.1845272916123275,1.0,0.9784606099128723,0.015337423421442509,1.0648608207702637,0.4793787896633148,0.4793787896633148,2.7122623920440674
130,1.9244810580889102,0.96875,0.8086481121999602,0.5524796433915398,0.0,0.03125,0.0,62,0.00014545714702511592,0.6927213072776794,1.5,1.0,62,1.0,64,1.0,61,0.953125,0.8935080695630071,73.984375,58.39756876026068,0.05569956970473357,0.9990305883387837,4.828125,3.347362242777886,0.12043516801923801,1.0464082534749992,3.1442525000000012,2.4754043682661737,0.3948707752414496,1.1830849285333611,387.58048437499997,231.20798318039,0.2857854692870497,1.5350707035444473,1.0,0.9782575964927673,0.08174386620521545,1.0446386337280273,0.5284830331802368,0.5284830331802368,2.633941411972046
131,2.0293184208472224,0.953125,0.8546459326734308,0.64294216247564,0.0,0.046875,0.0,61,0.00016401330585336018,0.6941843628883362,1.5,1.0,61,1.0,64,1.0,56,0.875,0.8864319830720188,57.878437500000004,40.77285456567388,-0.21983115114476312,0.697517546530391,4.359375,2.458195396907048,-0.026099277087411058,0.7684486366922523,2.798392187500002,1.8423165956127683,0.22957167165168435,0.8805094738452803,337.7287031250001,121.85458840159143,-0.04519795033248439,0.8090352511825172,1.0,0.9843169450759888,0.008645533584058285,1.0648608207702637,0.5075507164001465,0.5075507164001465,2.5387556552886963
132,1.9571658036412067,1.0,0.7551289096591063,0.6034471487159101,0.0,0.0,0.0,64,0.00021258041111928464,0.6837552785873413,1.5,1.0,64,1.0,64,1.0,55,0.859375,0.885542754611713,75.30140625,52.645856581595865,0.07823055057398216,0.900633745391495,4.890625,2.823546016868682,0.1399730940334579,0.8826597308052085,2.993674687500002,1.7888025029235433,0.32290421380847906,0.8549331610067019,379.23498437500007,140.65099329129495,0.2303767745689488,0.9338311603948368,1.0,0.9868867993354797,0.005586592014878988,1.0,0.525443971157074,0.525443971157074,2.577176332473755
133,1.9012889469873802,0.96875,0.7579955312032853,0.5983702834704876,0.0,0.03125,0.0,62,0.00022109371785511054,0.6897205710411072,1.5,1.0,62,1.0,64,1.0,56,0.875,0.903136653534395,68.4375,51.943472520616105,-0.03919304162025465,0.8886177800597688,4.25,2.6040833319999575,-0.06029064761229584,0.8140541996076535,2.526910937500002,2.4073999178131213,0.09982100167150548,1.1505831516779894,331.41839062500003,126.4698602505773,-0.08709432309485018,0.8396776559421488,1.0,0.9871406555175781,0.008450704626739025,1.0446386337280273,0.5362823009490967,0.5362823009490967,2.5515735149383545
134,1.8277961119275348,0.953125,0.7672538123414164,0.5317360719319393,0.0,0.046875,0.0,61,0.0001535096989037537,0.6953192353248596,1.5,1.0,61,1.0,64,1.0,57,0.890625,0.900010885013147,73.43828125,48.25636145093617,0.0463573252940059,0.8255408948501327,5.28125,3.2281416383888732,0.2620851316223321,1.0091390799082294,3.106569375000002,2.3724888378477393,0.3768606522009202,1.1338978888274613,390.1719375000001,177.83079337066417,0.30299103337301264,1.1806808629025136,1.0,0.9807870984077454,0.015306122601032257,1.0648608207702637,0.5072526931762695,0.5072526931762695,2.6638312339782715
135,1.94254727127255,0.984375,0.7800583565045917,0.5844398557101746,0.0,0.015625,0.0,63,0.00017467715003362748,0.6929016709327698,1.5,0.984375,62,0.9841269841269841,64,0.984375,59,0.921875,0.8916526838615896,65.06375,49.96525688228271,-0.09690913355628694,0.8547756531531079,4.78125,3.3046782653535276,0.10578172350857311,1.033064951188443,3.3237121875000026,2.4711413462978444,0.48064102525893226,1.1810474767515864,393.6870781250001,204.06022451727526,0.32632928198385913,1.3548272343640244,1.0,0.983749270439148,0.007556675001978874,1.023047924041748,0.4857105612754822,0.4857105612754822,2.536478042602539
136,1.8331599678276513,0.984375,0.7265417746135167,0.5307861964362703,0.0,0.015625,0.0,63,0.00021896542385351262,0.6863495707511902,1.5,0.984375,62,0.9841269841269841,64,0.984375,53,0.828125,0.8930237532407131,87.6109375,71.92147168784919,0.28881462980761313,1.2303894100365012,5.796875,4.40943479761012,0.4232730212396461,1.37841937344373,3.2450160937500017,2.302701441858303,0.44302932688607743,1.1005439780664,429.8936093750001,248.28844198542652,0.5667171121717034,1.648473846264881,1.0,0.9771642684936523,0.02425876073539257,1.023047924041748,0.5271332263946533,0.5271332263946533,2.6945862770080566
137,1.987385394642751,1.0,0.7905155927874148,0.5787142491393118,0.0,0.0,0.0,64,0.00016423450203433,0.6890580058097839,1.5,1.0,64,1.0,64,1.0,59,0.921875,0.8852053295872359,72.78156249999999,50.865981240497,0.03512257471938811,0.8701847053554702,5.015625,3.02847005258018,0.17904894606189764,0.9467203811774741,3.2740600000000013,2.240083403452871,0.45691045604243335,1.070616561583864,392.4933281250001,185.5684672104759,0.31840355802247494,1.2320539870554545,1.0,0.9871911406517029,0.010362694039940834,0.9999999403953552,0.5257583856582642,0.5257583856582642,2.5312447547912598
138,1.9152085055570969,0.984375,0.760585025603336,0.5689720671631725,0.0,0.015625,0.0,63,0.00018955926330261968,0.6944283246994019,1.5,1.0,63,1.0,64,1.0,58,0.90625,0.8947768311217417,107.66562500000003,333.0413862226578,0.6318981977952823,5.6974723277452535,7.0,17.857946410491884,0.7993780970133787,5.582515771745501,3.999191249999998,6.172489873700528,0.8034768045879193,2.9500552858015547,535.1985937500006,1265.1735652602922,1.265873751262094,8.399930003345474,1.0,0.9631434679031372,0.008869179524481297,1.023047924041748,0.49379435181617737,0.49379435181617737,3.167487859725952
139,2.0214417168263896,0.984375,0.8262870121333334,0.5928887948014135,0.0,0.015625,0.0,63,0.00020414790674649365,0.6833139061927795,1.5,1.0,63,1.0,64,1.0,59,0.921875,0.8897441636326457,70.29171875,64.93098546617323,-0.007472179124659273,1.110800363590316,4.765625,4.076388519188891,0.10089724200501814,1.2743068366900459,3.350768125000002,1.9868966120803795,0.4935720325294776,0.9496094724728756,388.7676562500001,209.81166465489187,0.29366751877477326,1.3930130579545383,1.0,0.9776195287704468,0.10109289735555649,1.023047924041748,0.5783917903900146,0.5783917903900146,2.706268787384033
140,1.9224027423971193,0.96875,0.8061993405703576,0.5415294280582549,0.0,0.03125,0.0,62,0.00016999922715488138,0.6857246160507202,1.5,1.0,62,1.0,64,1.0,57,0.890625,0.8918500993310918,71.64328125,52.805994660132086,0.0156495416629787,0.9033732916125417,4.921875,2.9649235208306806,0.1497420570405678,0.9268553022049623,3.4507371875000024,2.3581876542030846,0.541350849065299,1.1270628379375618,394.4866875,184.25413917992068,0.33163816842003474,1.2233277033571168,1.0,0.9685066938400269,0.11609498411417007,1.0446386337280273,0.6682775616645813,0.6682775616645813,2.659116506576538
141,1.9355916423707542,0.96875,0.7800533266798142,0.6067578199676309,0.0,0.03125,0.0,62,0.0002387778414197411,0.6915724873542786,1.5,0.984375,61,0.9838709677419355,64,0.984375,58,0.90625,0.893141818397247,67.13109374999999,55.68826206316921,-0.061542256360768224,0.952681393996512,4.4375,3.254204011736203,-0.001676869569636212,1.017286355463671,3.013881875000002,1.8084188726264416,0.33256195671536504,0.8643085308030688,367.96989062500006,158.31830170252724,0.1555838753340864,1.0511306029984575,1.0,0.9693613648414612,0.09803921729326248,1.0446386337280273,0.635586678981781,0.635586678981781,2.619795799255371
142,1.8066455404812707,0.96875,0.7425587420622187,0.5065313877950498,0.0,0.03125,0.0,62,0.00020902058434668289,0.6962661743164062,1.5,1.0,62,1.0,64,1.0,59,0.921875,0.8987500286486431,94.29531250000001,122.02244632096323,0.4031669090324863,2.087486841087892,5.828125,6.246385673681621,0.433041984246756,1.9526627383787918,3.2346326562500023,2.8011867142467737,0.4380667080226302,1.33878804857829,444.4402031249999,379.10065971013734,0.663297038153608,2.5169819329351024,1.0,0.9599636793136597,0.1270270198583603,1.0446386337280273,0.7760695815086365,0.7760695815086365,2.755290985107422
143,1.8035671735422212,0.96875,0.7412816548059064,0.5069188861801053,0.0,0.03125,0.0,62,0.0002804261925145844,0.6982234120368958,1.5,1.0,62,1.0,64,1.0,59,0.921875,0.8951901906475401,89.3778125,72.95551528733002,0.319041267803753,1.2480792078737746,6.125,4.466892096301409,0.5258471328143004,1.3963809166566472,2.949254375000003,2.3685074347082735,0.3016741461422817,1.1319950328298303,431.5781875000001,204.16457178997436,0.5779016158032316,1.3555200324201804,1.0,0.9678493142127991,0.09947644174098969,1.0446386337280273,0.7084195017814636,0.7084195017814636,2.6896603107452393
144,1.9336745910306392,0.984375,0.7709867287249792,0.5782815284957133,0.0,0.015625,0.0,63,0.0003126634017931165,0.6868658661842346,1.5,1.0,63,1.0,64,1.0,59,0.921875,0.891258609068087,68.57531250000001,53.44962181135937,-0.03683542800930689,0.9143840789657126,4.53125,2.738434486618221,0.0276300194516936,0.8560532863093598,2.7592159375000023,2.134612049709444,0.2108479303811143,1.0202080018327722,359.8067812500001,131.26618056494374,0.10138613579662953,0.8715221048150694,1.0,0.9729421734809875,0.0865921750664711,1.023047924041748,0.9310895800590515,0.9310895800590515,2.6957926750183105
145,1.9186959744067154,1.0,0.7598535718861967,0.5402346752567364,0.0,0.0,0.0,64,0.00023140391836332097,0.6960446238517761,1.5,1.0,64,1.0,64,1.0,61,0.953125,0.9020273343897458,75.76515625,68.9212053043226,0.08616410748701224,1.1790626518522231,5.0,3.570714214271425,0.17416446455834267,1.1162296021817337,3.3971643750000027,2.3545776155965568,0.5157464719136634,1.1253374704293035,406.7822812500001,195.60315337840842,0.41327291774261,1.2986777798145377,1.0,0.9855394959449768,0.013698630034923553,1.0,0.8638820648193359,0.8638820648193359,2.7097647190093994
146,1.903920598775953,0.984375,0.7745017036795616,0.5206375963086307,0.0,0.015625,0.0,63,0.00020174629532652196,0.6898728609085083,1.5,1.0,63,1.0,64,1.0,57,0.890625,0.8935433147286174,81.231875,74.98353562772547,0.17968545375257172,1.2827733637580006,5.59375,4.425489909320775,0.3597747616934315,1.3834383107997748,3.2068778125000024,2.0358420799116446,0.42480166827584226,0.9730022748988256,416.7110156250001,228.29736140068582,0.4791932594742611,1.5157460670779102,1.0,0.9813652038574219,0.012285011820495129,1.0230478048324585,0.7839300036430359,0.7839300036430359,2.610365390777588
147,1.993856790323562,1.0,0.7885116420220584,0.5766652457912929,0.0,0.0,0.0,64,0.0002392036509061971,0.6926628351211548,1.5,0.984375,63,0.984375,64,0.984375,57,0.890625,0.9046893197027933,112.90625000000004,394.4082759436124,0.7215516677626094,6.747300278530869,6.828125,21.614198666255824,0.7456488004742741,6.756745830367299,3.4305781249999994,5.058841451956542,0.5317161068297018,2.4178025838427604,523.9398750000007,1450.0145488787446,1.1911231778829425,9.627153972275847,1.0,0.9654144048690796,0.01927710883319378,1.0,0.6824847459793091,0.6824847459793091,3.2936267852783203
148,2.0597005174624416,1.0,0.8147640140959993,0.6239227845112432,0.0,0.0,0.0,64,0.0003100313331907932,0.6875950694084167,1.5,1.0,64,1.0,64,1.0,63,0.984375,0.8936934357531441,56.5678125,43.17483466488139,-0.24225253773050967,0.7386091817239828,3.96875,2.5918667862179956,-0.1482113146762853,0.8102352241254567,3.513798281250002,2.1751218571263116,0.5714900176588771,1.0395690982366919,364.6730000000001,140.9942539764476,0.13369466484225334,0.9361101881957294,1.0,0.9952467679977417,0.02187499962747097,1.0000001192092896,0.8788175582885742,0.8788175582885742,2.761422872543335
149,1.9346392917694533,0.984375,0.7767425413642611,0.5786752848902582,0.0,0.015625,0.0,63,0.0001807549908503089,0.6930378675460815,1.5,1.0,63,1.0,64,1.0,60,0.9375,0.8977325967583447,73.59515625,58.30238122260175,0.04904104872415485,0.9974021770235744,4.984375,2.992136504134629,0.1692799830547877,0.9353622662756622,2.695045937500002,2.3704537853190684,0.1801787755402989,1.1329252639075453,370.5492656250001,147.23088085811884,0.17270924852185285,0.9775173363542852,1.0,0.9830722808837891,0.010610079392790794,1.023047924041748,0.7116473317146301,0.7116473317146301,2.545950174331665
150,1.9208770250460616,0.96875,0.790049976398868,0.5687855099620667,0.0,0.03125,0.0,62,0.00027689521684922877,0.6927525401115417,1.5,1.0,62,1.0,64,1.0,57,0.890625,0.8974483486086439,92.34359375,188.08964319214255,0.3697780750026149,3.217724828067641,5.984375,10.78264257310679,0.4818867992823057,3.370727565298206,3.0951250000000026,3.4016035793578334,0.37139097308402225,1.6257488995230924,443.9859062500001,665.4333177111157,0.6602808022350586,4.418044641580335,1.0,0.9283850789070129,0.09068010002374649,1.0446386337280273,0.9067533612251282,0.9067533612251282,2.727079153060913
151,1.9554579721931633,1.0,0.774398845678661,0.5629155850325592,0.0,0.0,0.0,64,0.00020364048792569762,0.6931939721107483,1.5,1.0,64,1.0,64,1.0,62,0.96875,0.8966837716376731,74.57203125,68.64755092089246,0.06575284044257237,1.174381136756928,5.09375,3.931915682908269,0.20347135357967247,1.2291436433090013,2.8594982812500027,2.213892022169015,0.2587764753128367,1.058098756876222,387.90182812500007,181.44396344442984,0.28791898288639367,1.2046699633257192,1.0,0.9840224981307983,0.007499999832361937,1.0,0.7562114000320435,0.7562114000320435,2.544466018676758
152,1.9258090971853568,1.0,0.7484454299556091,0.5612982745562722,0.0,0.0,0.0,64,0.00024432152041293,0.6992424726486206,1.5,0.984375,63,0.984375,64,0.984375,58,0.90625,0.89552932214774,81.14734375,65.36433921781689,0.17823934381660503,1.1182139197135292,5.109375,3.335964944266501,0.20835583508322744,1.0428453802737605,2.784947500000002,2.169985060477089,0.22314597112614487,1.037114038055598,377.5076875000001,241.2876857073881,0.2189086462082269,1.6019933756632798,1.0,0.9823038578033447,0.009950248524546623,1.0000001192092896,0.846794843673706,0.846794843673706,2.5639448165893555
153,1.7345505512825512,0.921875,0.7313392541166079,0.5655804246408175,0.0,0.078125,0.0,59,0.0002897316764366026,0.690649151802063,1.5,1.0,59,1.0,64,1.0,53,0.828125,0.9085752224350051,75.60171875,50.9150877244005,0.08336811674205624,0.8710247896354641,5.046875,3.0894461857062665,0.18881790906900758,0.9657819360198854,2.5446187500000015,2.110587848550362,0.10828420322136689,1.0087259705833602,368.1761718750001,168.6346907842285,0.15695344873380115,1.11962471997421,1.0,0.990393340587616,0.011627906933426857,1.1014961004257202,0.9243943095207214,0.9243943095207214,2.566800594329834
154,2.0451115567473384,1.0,0.8209609218174592,0.5907457487906677,0.0,0.0,0.0,64,0.00028538412969647455,0.691821813583374,1.5,1.0,64,1.0,64,1.0,58,0.90625,0.8975612428093944,67.51078125000001,57.50808463013829,-0.055046790289789864,0.9838138272184322,4.71875,3.572764816986979,0.08624379749435322,1.1168706345679904,3.3218459375000022,2.0029366585238044,0.47974907714888576,0.9572755885399984,390.02971875000003,202.24749415069004,0.30204679332724604,1.3427918831581827,1.0,0.9948632717132568,0.008196720853447914,1.0,0.7362461686134338,0.7362461686134338,2.5917935371398926
155,1.961484978756701,0.984375,0.7920256053644513,0.5682476671278758,0.0,0.015625,0.0,63,0.00018928506405457499,0.6959508061408997,1.5,0.984375,62,0.9841269841269841,64,0.984375,61,0.953125,0.8894164803268968,69.655625,55.65319647364718,-0.018354089567026242,0.9520815129179955,4.890625,3.1280844153211405,0.1399730940334579,0.9778605099644588,3.099997500000002,1.8371247663689736,0.3737197163746854,0.8780281116045914,375.3541562500001,165.94708728285383,0.20461059868595233,1.1017807798950092,1.0,0.984726071357727,0.005797101650387049,1.023047924041748,0.8354457020759583,0.8354457020759583,2.7248339653015137
156,1.8741797021666344,0.953125,0.7964502711032257,0.509235920351247,0.0,0.046875,0.0,61,0.0002758810833861638,0.687870442867279,1.5,1.0,61,1.0,64,1.0,56,0.875,0.9001828028747807,83.1225,84.90041594789155,0.2120291325422156,1.452425405633461,5.328125,4.461833589946514,0.276738576132997,1.3947995930901769,3.198188437500002,2.4590062542844575,0.4206487029128234,1.1752476790896556,410.8855312500001,257.6715776202559,0.4405158302825477,1.710771767047195,1.0,0.9825076460838318,0.009950248524546623,1.0648608207702637,0.614425778388977,0.614425778388977,2.631969451904297
157,1.9961871760089767,0.96875,0.8384679677265305,0.5698888929439713,0.0,0.015625,0.0,62,0.004016669861399624,0.6924417018890381,1.5,0.96875,61,0.9838709677419355,63,0.96875,57,0.9047619047619048,0.8947054134378425,71.63444444444444,68.3512886695386,0.01549836689251095,1.1693128598139668,4.936507936507937,4.363895943476719,0.15431641273437335,1.364183617238438,3.0895257142857164,2.499577166696822,0.3687148727167259,1.1946379797723417,389.6082857142858,232.70835289020195,0.2992487519372738,1.5450321830501998,0.984375,0.9706426858901978,0.04656319320201874,1.0446386337280273,0.5132676959037781,0.5132676959037781,3.0879077911376953
158,1.935364339579983,0.984375,0.7939182491529555,0.5356625823984971,0.0,0.015625,0.0,63,0.00021771391126333152,0.6903462409973145,1.5,1.0,63,1.0,64,1.0,62,0.96875,0.8860383413555545,75.245,70.90269752008734,0.0772655862729028,1.212960832480785,5.125,3.887077951366553,0.2132403165867824,1.2151270628048814,3.7493231250000028,2.0913304209348995,0.6840558256973311,0.9995221521421195,432.8880156250001,238.75607646976056,0.5865980230540022,1.585185136085875,1.0,0.9929105639457703,0.017766498029232025,1.023047924041748,0.650795578956604,0.650795578956604,2.5492892265319824
159,1.8744167573355277,0.96875,0.7699562485419935,0.5520559633202136,0.0,0.03125,0.0,62,0.0003306537544389418,0.6923515796661377,1.5,0.96875,60,0.967741935483871,64,0.96875,60,0.9375,0.8987613194946865,75.575625,52.18846738250104,0.08292172051413305,0.8928090052461063,5.21875,3.2999467325246328,0.24254720560811224,1.0315858417749264,3.178546875000002,2.4610778146372407,0.41126129257110533,1.1762377524139753,397.3883125000001,198.81348433141073,0.3509030721180056,1.3199922903554253,1.0,0.981137216091156,0.01291989628225565,1.0446386337280273,0.6975138783454895,0.6975138783454895,2.6109206676483154
160,1.7824999376976627,0.984375,0.6972626566532112,0.5300640503885214,0.0,0.015625,0.0,63,0.00023440183211241583,0.6841994524002075,1.5,1.0,63,1.0,64,1.0,58,0.90625,0.8915893106051764,114.60984375000001,282.81781417931063,0.7506957280802523,4.838277573714941,7.375,15.845444929064,0.9166056530986979,4.953394090983167,3.612773124999997,6.420935098108696,0.6187936612355341,3.0687962092367305,554.7563125000006,1159.9861414304185,1.3957242895882869,7.701553889850413,1.0,1.0035690069198608,0.006521739065647125,1.023047924041748,1.3980642557144165,1.3438563346862793,3.1320407390594482
161,1.916804489382539,1.0,0.7614907966926694,0.5408522033255183,0.0,0.0,0.0,64,0.00045444021114336155,0.6897429823875427,1.5,1.0,64,1.0,64,1.0,57,0.890625,0.8881853034939969,83.5471875,75.34027642280617,0.21929443162901335,1.2888762713611752,5.484375,3.840541089400685,0.32558339116854673,1.2005793225485117,3.307019375000002,2.7057995061787397,0.47266292877628907,1.2931990653451342,442.5585625000001,256.05146669943844,0.6508041676293982,1.7000152837422957,1.0,0.9949030876159668,0.004950494971126318,1.0,0.6312316060066223,0.6312316060066223,2.4080348014831543
162,1.9133567568917078,0.96875,0.7875945176328382,0.5404685506241613,0.0,0.03125,0.0,62,0.000422543625908697,0.6929211020469666,1.5,1.0,62,1.0,64,1.0,58,0.90625,0.897575638864625,74.88578125000001,67.72371911405669,0.07112028730287052,1.1585767761798953,4.96875,3.92097225666033,0.16439550155123273,1.2257226536710122,2.9627200000000022,2.1789229954469493,0.30810985345338243,1.0413857991830375,371.7422656250001,177.4735605989349,0.18062999297080068,1.178309069529792,1.0,0.9946110248565674,0.005102040711790323,1.044638752937317,0.6050598621368408,0.6050598621368408,2.4501514434814453
163,1.9710374315641812,1.0,0.8003339010756463,0.544379824512995,0.0,0.0,0.0,64,0.0003612641969253094,0.6929370760917664,1.5,0.984375,63,0.984375,64,0.984375,60,0.9375,0.8958775576137482,78.01546875000001,51.95477591526378,0.12466110434060336,0.888811151757338,5.171875,2.869857833477993,0.22789376109744733,0.8971371203491579,3.619354062500002,2.644276227133523,0.6219389283570145,1.26379487380154,421.6923750000001,173.79083036445166,0.5122662474187256,1.1538581348594181,1.0,0.9848160147666931,0.02864583395421505,1.0,0.7318177223205566,0.7318177223205566,2.551727294921875
164,1.8383228689779516,0.984375,0.71955472035777,0.5571861567283345,0.0,0.015625,0.0,63,0.00036915887133246914,0.6915069222450256,1.5,0.984375,62,0.9841269841269841,64,0.984375,55,0.859375,0.8974349024222548,80.22265625,69.03394885494264,0.1624203445540337,1.180991400909735,5.359375,4.363797040350868,0.28650753914010696,1.364152699447151,3.3190700000000017,2.27282724659935,0.4784223566094446,1.0862660238799953,407.69117187500007,239.03026319240377,0.4193073606367167,1.5870055576796316,1.0,0.9974551796913147,0.007731958758085966,1.023047924041748,0.6306115984916687,0.6306115984916687,2.538116693496704
165,2.015011444765454,0.984375,0.8139823181998163,0.6051027443772689,0.0,0.015625,0.0,63,0.00043707982401366773,0.6903948187828064,1.5,0.984375,62,0.9841269841269841,64,0.984375,52,0.8125,0.8932218208124327,65.0340625,50.26146581623037,-0.0974170095042234,0.8598430179738555,4.515625,2.883098309002834,0.022745537948138633,0.9012761832483168,2.8774425000000017,2.0490065581413486,0.2673526639265375,0.9792940533190428,354.59240625000007,149.80492708130458,0.0667660755820586,0.9946073299281611,1.0,0.9957751631736755,0.008450704626739025,1.023047924041748,0.5409835577011108,0.5409835577011108,2.5721054077148438
166,1.9592895345255674,0.96875,0.8008774980421989,0.6057453601869738,0.0,0.03125,0.0,62,0.0002830994009533261,0.6941518783569336,1.5,1.0,62,1.0,64,1.0,50,0.78125,0.8941684548723698,61.490468750000005,46.22313772038603,-0.15803868646871375,0.7907577224873452,4.375,2.7357585785299112,-0.021214795583856087,0.8552167792013559,2.9896428125000023,2.1775797719942083,0.3209772354903583,1.0407438243029077,344.410546875,150.06525508819593,-0.0008348515969022396,0.9963357386586643,1.0,0.9900195002555847,0.0058139534667134285,1.0446386337280273,0.6286155581474304,0.6286155581474304,2.5632870197296143
167,1.8986338711493738,0.984375,0.7437735060377727,0.5801124305466449,0.0,0.015625,0.0,63,0.000390939109075526,0.6941359043121338,1.5,1.0,63,1.0,64,1.0,59,0.921875,0.889177823757585,72.3196875,65.18355385871764,0.027221094182017392,1.1151211521977202,5.015625,4.025280221223735,0.17904894606189764,1.2583300343803512,2.9307303125000024,2.0933615665837344,0.29282082931053083,1.0004929098234092,382.37326562500004,187.0878630377685,0.2512129219203107,1.2421417876126906,1.0,0.9906147718429565,0.008403361774981022,1.0230478048324585,0.5530813932418823,0.5530813932418823,2.5818042755126953
168,2.084325860787085,1.0,0.8504139973083511,0.5840492977712779,0.0,0.0,0.0,64,0.0005414804680180163,0.6880155801773071,1.5,1.0,64,1.0,64,1.0,57,0.890625,0.8909377393546917,70.60171875,72.95665201753982,-0.0021688850156796114,1.2480986543725654,4.953125,4.420936296122689,0.15951102004767775,1.3820148202755898,3.6254553125000006,2.777286136162739,0.624854935540628,1.3273651012501886,413.1645781250001,309.6684007659344,0.4556472199590343,2.055996870395109,1.0,0.9844434857368469,0.014888337813317776,0.9999999403953552,0.4048216938972473,0.4048216938972473,2.552016496658325
169,1.9854474082621734,1.0,0.7724007538054138,0.6280412883106211,0.0,0.0,0.0,64,0.0004939860573202537,0.6812751293182373,1.5,0.984375,63,0.984375,64,0.984375,58,0.90625,0.899313625578324,62.875468749999996,60.47245173242336,-0.13434493698182107,1.0345264420261786,4.21875,3.6804753004876964,-0.07005961061940577,1.1505416658894765,3.174004531250002,2.1574765003122947,0.4090903428467954,1.031135746509241,351.5715781250001,208.65554766429682,0.04670974062621665,1.385337192710959,1.0,0.99005526304245,0.014577259309589863,0.9999999403953552,0.6084109544754028,0.6084109544754028,2.4426207542419434
170,1.9551133124143485,1.0,0.7685548046720214,0.5817313374793436,0.0,0.0,0.0,64,0.0005133277982071157,0.6919850707054138,1.5,0.984375,63,0.984375,64,0.984375,58,0.90625,0.9017855853871276,57.53671874999999,52.09770493549499,-0.22567707060864362,0.8912562957282878,4.296875,3.0551170573932187,-0.045637203101630934,0.9550504165140775,3.831417031250003,2.0409895768043516,0.7232914610763032,0.9754624491117764,374.5842031250001,150.9494285189352,0.19949861047070197,1.00220607545115,1.0,0.9901875257492065,0.005763688590377569,1.0,0.5764501094818115,0.5764501094818115,2.4602813720703125
171,1.846476820255753,0.953125,0.7730238328947395,0.5527747093164882,0.0,0.046875,0.0,61,0.0005135492465233558,0.6824671030044556,1.5,1.0,61,1.0,64,1.0,57,0.890625,0.8975057596973219,79.56265625,82.17614138700378,0.1511294603220126,1.4058201500528185,5.390625,4.325134345818058,0.2962765021472169,1.352066477602472,3.101294062500002,1.8144001226427433,0.3743393903044546,0.8671671856712562,400.2688125000001,216.29597839085827,0.3700277195490152,1.4360646858081785,1.0,0.9906272292137146,0.014005602337419987,1.0648608207702637,0.5055636167526245,0.5055636167526245,2.483844757080078
172,1.8643526574271323,0.953125,0.7609272147910516,0.5828514759278829,0.0,0.046875,0.0,61,0.0005480863231101891,0.6816669702529907,1.5,0.984375,60,0.9836065573770492,64,0.984375,54,0.84375,0.8948589583693601,70.0975,59.020063511275545,-0.010794757036686402,1.0096798552611317,4.6875,3.557013318783049,0.07647483448724329,1.1119466088636465,3.197430000000002,2.2156937224631257,0.42028621830748475,1.0589598543563032,370.26312500000006,182.02797606133075,0.17080946078749618,1.208547427444272,1.0,0.9903674721717834,0.01092896144837141,1.0648608207702637,0.43845897912979126,0.43845897912979126,2.427619695663452
173,1.8714470591510655,0.9375,0.7937791204700867,0.5743903508104806,0.0,0.0625,0.0,60,0.00042439524558867867,0.6945847868919373,1.5,1.0,60,1.0,64,1.0,55,0.859375,0.8991826316247156,69.45859375,59.52814874775597,-0.021724782042541933,1.0183718728143127,4.875,3.6550478793033614,0.13508861252990292,1.1425928807081653,2.7960743750000017,1.7481137604517805,0.22846390555452856,0.8354865450935874,366.14309375000005,200.37801046613436,0.14345513165679236,1.3303797268154807,1.0,0.9874757528305054,0.005305039696395397,1.0837911367416382,0.5261303186416626,0.5261303186416626,2.506861686706543
174,1.969169491590624,1.0,0.7710682176693808,0.5898546530248087,0.0,0.0,0.0,64,0.0005801780141810008,0.6847569942474365,1.5,0.984375,63,0.984375,64,0.984375,58,0.90625,0.8929679930947864,79.708125,82.9851803387772,0.1536180524669016,1.4196607033008024,5.359375,4.338660462559268,0.28650753914010696,1.3562948338928635,3.244545000000002,2.0042301390215913,0.44280417421094437,0.9578937894698754,401.29456250000004,243.37927848273645,0.3768380327246296,1.6158801919791221,1.0,0.9898867607116699,0.005249343812465668,1.0,0.434642493724823,0.434642493724823,2.3466849327087402
175,2.0145345313794136,0.984375,0.8210493589914034,0.5921086343075213,0.0,0.015625,0.0,63,0.0005240586133783967,0.6818665862083435,1.5,0.984375,62,0.9841269841269841,64,0.984375,58,0.90625,0.8902630226569068,59.992656249999996,43.34499178978854,-0.18366236455776563,0.7415201277824377,4.203125,2.6111520894760227,-0.07494409212296074,0.8162639413769307,2.9190779687500017,2.41691346979933,0.28725175443555534,1.1551300209151902,343.0918906250001,143.01260076935935,-0.009589871858643734,0.9495106988042857,1.0,0.9907065629959106,0.0028985508251935244,1.023047924041748,0.5530521273612976,0.5530521273612976,2.5458831787109375
176,1.9657839007285656,0.984375,0.7818358003620117,0.625774567349958,0.0,0.015625,0.0,63,0.0006141736085937229,0.6965048313140869,1.5,1.0,63,1.0,64,1.0,59,0.921875,0.8949844715037675,72.1003125,60.001593233241266,0.023468158229896743,1.026471277171742,4.71875,3.174452462630367,0.08624379749435322,0.9923554776084831,3.0902518750000016,2.049570578553344,0.3690619310833416,0.9795636189937953,378.97281250000003,203.86564986107237,0.22863612375287437,1.353535385136845,1.0,0.9971706867218018,0.008522727526724339,1.023047924041748,0.5683980584144592,0.5683980584144592,2.409912347793579
177,2.0376088166127326,1.0,0.812701673945412,0.596875503237914,0.0,0.0,0.0,64,0.0006573593106385714,0.681675374507904,1.5,1.0,64,1.0,64,1.0,60,0.9375,0.8907570091662772,65.66874999999999,52.2650666823692,-0.08655915634360108,0.8941194201355992,4.609375,2.8152330470806497,0.05205242696946845,0.8800610397863762,3.2943906250000023,2.20869208776079,0.4666271941776302,1.0556135208854482,379.03176562500005,173.5402457755425,0.22902753417834965,1.1521944160902697,1.0,0.9913087487220764,0.01075268816202879,1.0,0.5031375288963318,0.5031375288963318,2.549976348876953
178,1.8752385131394416,0.96875,0.7674133153406963,0.5551089794656544,0.0,0.03125,0.0,62,0.0005097353613806324,0.6933498382568359,1.5,1.0,62,1.0,64,1.0,60,0.9375,0.8980160698019335,79.93421875000001,82.27692571820882,0.15748592876513454,1.407544307955906,5.484375,5.465780443758695,0.32558339116854673,1.7086402227220363,3.017439062500002,2.2499346410019063,0.3342620647757565,1.0753248229172756,402.61495312500006,244.35846938855974,0.38560456810888094,1.6223813830367586,1.0,0.9904378652572632,0.005305039696395397,1.0446386337280273,0.5458784699440002,0.5458784699440002,2.3646576404571533
179,1.7775121510142133,0.96875,0.6945171149507645,0.5701393305043069,0.0,0.03125,0.0,62,0.00047760544710909506,0.7044633030891418,1.5,1.0,62,1.0,64,1.0,59,0.921875,0.9009037134865813,86.30593750000001,118.72801406627295,0.26648947234884424,2.0311276695758553,5.53125,5.7959273147185,0.3402368356792116,1.811846384940258,2.766920625000001,2.5933539177457274,0.21453027811272646,1.2394572675764162,408.767375,337.24084030340475,0.42645264976352626,2.2390599445027126,1.0,0.9913374185562134,0.014409221708774567,1.0446386337280273,0.49976304173469543,0.49976304173469543,2.5783474445343018
180,2.0448962132748063,0.984375,0.8205777412014348,0.6210690906021034,0.0,0.015625,0.0,63,0.0006172227188887423,0.6892080903053284,1.5,0.96875,61,0.9682539682539683,64,0.96875,53,0.828125,0.8901295639580892,59.83328125,43.787982228813625,-0.18638885648879341,0.7490985425747475,3.859375,2.554818899525953,-0.18240268520117006,0.7986538022186993,3.0111548437500018,1.9647739960998007,0.3312586102347356,0.9390362772883305,332.48350000000005,124.95612894419692,-0.08002268925616299,0.8296274641213516,1.0,0.9905539751052856,0.016853932291269302,1.023047924041748,0.36708343029022217,0.36708343029022217,2.3616530895233154
181,1.9421312037682796,1.0,0.7647489342198242,0.5812556627090877,0.0,0.0,0.0,64,0.0004963314459463511,0.6824994683265686,1.5,0.984375,63,0.984375,64,0.984375,58,0.90625,0.8882648287030392,77.73359375000001,62.61383134857234,0.119838955866511,1.0711598804242817,4.984375,3.4255117660540884,0.1692799830547877,1.070838327136071,2.9372556250000024,1.9846648417348374,0.29593951124051693,0.9485428290211604,397.1405000000001,200.35545246721833,0.3492577582171213,1.3302299563672884,1.0,0.9948285222053528,0.0054054055362939835,0.9999999403953552,0.43752577900886536,0.43752577900886536,2.353097915649414
182,2.048063668820448,1.0,0.822400527773425,0.6034410383412274,0.0,0.0,0.0,64,0.00045935485155093516,0.6859115362167358,1.5,1.0,64,1.0,64,1.0,55,0.859375,0.8931673390973285,73.47796875,64.24935214118133,0.04703627524545792,1.0991393894067236,5.0,4.003904344511741,0.17416446455834267,1.2516477896173428,3.150126562500002,1.9840853226803745,0.39767820133397175,0.9482658559868059,393.36381250000005,210.702393641621,0.32418300838389713,1.3989269193771299,1.0,0.991706371307373,0.008356546051800251,1.0,0.4105299413204193,0.4105299413204193,2.4120516777038574
183,2.034682067966247,1.0,0.8153733854414895,0.5846591691543349,0.0,0.0,0.0,64,0.0005373268800166996,0.6834694147109985,1.5,1.0,64,1.0,64,1.0,62,0.96875,0.8942575107119646,71.1240625,68.45648236103061,0.006767058636698691,1.1711124504087778,4.703125,3.453619874041583,0.08135931599079826,1.079625113284221,3.032722187500002,1.7793106071071376,0.34156642081559646,0.8503966420332527,381.80875000000003,195.58118456994077,0.2474649051532837,1.298531921207899,1.0,0.9909559488296509,0.005934718064963818,1.0,0.49129995703697205,0.49129995703697205,2.514328718185425
184,1.9591552806420092,0.96875,0.8111393181306701,0.5969345448549411,0.0,0.03125,0.0,62,0.0003932362467462012,0.701385498046875,1.5,0.984375,61,0.9838709677419355,64,0.984375,54,0.84375,0.8886822406944517,70.96265625000001,54.83088959593704,0.004005817298707043,0.9380139799491773,4.984375,3.261959665504005,0.1692799830547877,1.0197108256957865,2.7948615625000017,2.034861841413641,0.22788425876700522,0.9725337836057572,385.20946875000004,194.2440138705992,0.27004346689804126,1.2896539770384894,1.0,0.9944441914558411,0.0025316455867141485,1.0446386337280273,0.4241330325603485,0.4241330325603485,2.4219679832458496
185,2.004693212326611,1.0,0.7878483971435344,0.6133374272532596,0.0,0.0,0.0,64,0.0004586008371321897,0.683350145816803,1.5,0.96875,62,0.96875,64,0.96875,58,0.90625,0.8931282046819046,77.21140625000001,70.87195068103432,0.11090568524543745,1.2124348339955604,4.96875,3.588038940354466,0.16439550155123273,1.121645429644567,2.7427456250000013,1.936767945810331,0.20297617466443757,0.9256511768861581,391.57503125000005,214.72763474850305,0.3123066637432268,1.4256519035791526,1.0,0.9925830364227295,0.005524862091988325,1.0,0.43603381514549255,0.43603381514549255,2.4133949279785156
186,1.972555234417806,0.984375,0.7854139135470466,0.5963710424303917,0.0,0.015625,0.0,63,0.0005365291345835318,0.6819258332252502,1.5,0.96875,61,0.9682539682539683,64,0.96875,57,0.890625,0.888946832220695,68.10015625,71.63811842108281,-0.04496411620759693,1.22554197226101,4.59375,3.9793166420253616,0.04716794546591348,1.2439615062247262,2.8711665625000022,2.144091474859035,0.26435316729323904,1.0247385606252724,364.27373437500006,234.41714985698053,0.13104380064872867,1.5563774840468392,1.0,0.9910433888435364,0.010958904400467873,1.0230478048324585,0.4361303150653839,0.4361303150653839,2.4140074253082275
187,1.9045478588740143,0.984375,0.7665425901493382,0.5367314991492348,0.0,0.015625,0.0,63,0.0005968950728257863,0.6918447613716125,1.5,1.0,63,1.0,64,1.0,60,0.9375,0.8903278371076969,80.88046874999999,65.18181510277827,0.17367380634778568,1.1150914066037518,5.125,3.6293077852394937,0.2132403165867824,1.1345463518534629,3.460771406250002,2.1814410804606816,0.5461465637068814,1.042589282729687,414.4365468750001,180.9831057414208,0.46409226557160566,1.2016101677742825,1.0,0.9927026629447937,0.007556675001978874,1.0230478048324585,0.6201494932174683,0.6201494932174683,2.4778923988342285
188,1.9697799120195207,1.0,0.784742394258501,0.5607262456272928,0.0,0.0,0.0,64,0.0006558232891424381,0.692129909992218,1.5,0.96875,62,0.96875,64,0.96875,54,0.84375,0.8988482123996968,82.59843749999999,92.28055354831585,0.20306378554548268,1.578680374213426,5.03125,4.4615326332438725,0.1839334275654526,1.3947055119735419,3.0485731250000017,2.1297863037908833,0.34914215490566314,1.0179016040020294,414.26226562500005,291.34619046538944,0.46293515136918023,1.934349304988153,1.0,0.9887190461158752,0.017241379246115685,1.0,0.43515804409980774,0.43515804409980774,2.560488224029541
189,1.983520540383081,0.953125,0.8383773877972462,0.5879906843296459,0.0,0.046875,0.0,61,0.0007028514305870981,0.6976048946380615,1.5,1.0,61,1.0,64,1.0,53,0.828125,0.8952157216679054,58.75421875000001,42.540550059791755,-0.20484881068063465,0.7277582210478915,4.1875,2.877037321620976,-0.07982857362651571,0.8993814772796791,3.1149315625000016,2.345789882709567,0.3808572428701646,1.121137496288571,350.83804687500003,174.80279776905297,0.041839569983661916,1.1605769405614401,1.0,0.9980127811431885,0.017142856493592262,1.0648608207702637,0.37067997455596924,0.37067997455596924,2.418191432952881
190,1.9449834846350096,0.96875,0.7901436060426696,0.5908153208166634,0.0,0.03125,0.0,62,0.0005992893359099338,0.6995919942855835,1.5,1.0,62,1.0,64,1.0,58,0.90625,0.8919277973057149,65.8534375,43.228738170441595,-0.08339963334117453,0.7395313305739531,4.671875,2.8616793992994745,0.07159035298368832,0.894580486078885,3.0243712500000015,2.1767466780262796,0.33757520692665327,1.040345658681911,357.357359375,156.20728499370708,0.08512356687832383,1.0371148243915642,1.0,0.9937891364097595,0.010582010261714458,1.0446386337280273,0.43427127599716187,0.43427127599716187,2.4051265716552734
191,1.9698844974920298,1.0,0.7747463006526232,0.5782496225002056,0.0,0.0,0.0,64,0.0007537709322251165,0.6858506202697754,1.5,1.0,64,1.0,64,1.0,60,0.9375,0.8884639076104492,74.30296875000002,53.64348849929527,0.061149880535484626,0.9177006340110606,4.8125,2.7264617638984046,0.11555068651568304,0.8523105315783431,3.259489375000002,2.24266368372514,0.44994662942170044,1.0718497704852654,399.43085937500007,172.70996886994786,0.36446425553952444,1.1466819171874378,1.0,0.9931554794311523,0.013477088883519173,1.0000001192092896,0.4564889371395111,0.4564889371395111,2.455258846282959
192,1.797403233676989,0.9375,0.7595319166779518,0.552050755949639,0.0,0.0625,0.0,60,0.0005578868066455978,0.6910009384155273,1.5,1.0,60,1.0,64,1.0,58,0.90625,0.9034368093713039,80.03687500000001,73.81972972372884,0.15924211033247299,1.2628636702268359,5.28125,4.158833783345999,0.2620851316223321,1.3000797882312363,3.0361046875000017,1.9876697477094345,0.34318303942630324,0.9499789818436165,399.5933593750001,259.9311615014858,0.3655431499007602,1.7257739350976427,1.0,0.9926416277885437,0.018237082287669182,1.0837911367416382,0.6055524349212646,0.6055524349212646,2.5777082443237305
193,1.8499310488955991,0.953125,0.7656294509279923,0.5445966653728401,0.0,0.046875,0.0,61,0.0007333257674610612,0.6843494176864624,1.5,1.0,61,1.0,64,1.0,49,0.765625,0.8998944450972076,77.43546875000001,62.5365663764431,0.11473881213670602,1.0698380776129157,4.84375,3.666651870235297,0.12531964952279298,1.1462203673689306,2.6827540625000017,2.1342769448330747,0.17430404564067362,1.0200478431395936,364.81940625000004,209.7333558805024,0.13466670716578913,1.3924931385999286,1.0,0.9874851107597351,0.0,1.0648608207702637,0.570774495601654,0.570774495601654,2.401595115661621
194,2.0355575534299897,0.96875,0.836712159216404,0.6262967459611436,0.0,0.03125,0.0,62,0.0005383470627720729,0.6993484497070312,1.5,1.0,62,1.0,64,1.0,59,0.921875,0.8957303873949187,61.442968750000006,48.32194825722597,-0.15885128798541223,0.8266629146031117,4.15625,2.292779086065642,-0.08959753663362566,0.7167383704080189,2.7934539062500017,2.2335940404638635,0.22721148913175676,1.067515061220328,336.06379687500004,141.28114112605627,-0.05625184550239781,0.9380149323681832,1.0,0.9913158416748047,0.011661808006465435,1.0446386337280273,0.4843008518218994,0.4843008518218994,2.4535586833953857
195,2.006566455148941,0.953125,0.8412503702718703,0.6203027010620507,0.0,0.046875,0.0,61,0.000515567268432746,0.7010972499847412,1.5,1.0,61,1.0,64,1.0,56,0.875,0.8884138093807785,60.4184375,48.85801460670084,-0.17637835425183332,0.8358336162585708,4.265625,2.932800429516983,-0.05540616610874087,0.9168134049020015,3.1015540625000018,1.9740774799658958,0.37446365367142687,0.9434827474028434,355.3261406250001,178.16862290151107,0.07163759484256477,1.1829238313695263,1.0,0.9867202043533325,0.005747126415371895,1.0648608207702637,0.4463401436805725,0.4463401436805725,2.479738473892212
196,1.839851868997592,0.953125,0.7623245412575417,0.5536173970845176,0.0,0.046875,0.0,61,0.0008611441998768793,0.6968640089035034,1.5,1.0,61,1.0,64,1.0,61,0.953125,0.899751679293965,75.82078125,77.27615836046813,0.08711570663156692,1.3219941787020872,5.046875,4.040535575189878,0.18881790906900758,1.263098962014131,3.1702912500000022,2.413824234567617,0.40731563195971837,1.1536535641026435,398.1099062500001,219.26277196905485,0.35569398552094617,1.4557622665002783,1.0,0.9961094856262207,0.008823529817163944,1.0648608207702637,0.397940456867218,0.397940456867218,2.47497820854187
197,2.0190543060126487,0.984375,0.8057131884353501,0.624336354202559,0.0,0.015625,0.0,63,0.0007346030510574147,0.6831965446472168,1.5,0.984375,62,0.9841269841269841,64,0.984375,55,0.859375,0.8981337927025489,55.706875000000004,35.382575729225465,-0.2569809402206698,0.6053038884687961,3.890625,2.187444195716773,-0.17263372219406012,0.6838099656983843,2.676193125000002,2.0060483905561055,0.1711683372397323,0.958762797384034,320.29765625000005,98.75051043589899,-0.160928769925534,0.6556391930980082,1.0,0.9933776259422302,0.02616279013454914,1.023047924041748,0.38938403129577637,0.38938403129577637,2.4809014797210693
198,1.9907400809945468,0.984375,0.7944382255276045,0.6137048008171377,0.0,0.015625,0.0,63,0.0009310005169899794,0.6935957074165344,1.5,1.0,63,1.0,64,1.0,59,0.921875,0.8921412536454151,70.0109375,70.60223617029489,-0.012275616379617195,1.207820719879719,4.453125,3.596568188478428,0.003207611933918757,1.1243117307454134,2.889879375000002,2.122034523694093,0.2732966945500511,1.0141967490218142,367.78481250000004,217.02480538544407,0.15435507690054442,1.440903623252947,1.0,0.9931347966194153,0.01092896144837141,1.023047924041748,0.45595499873161316,0.45595499873161316,2.3450000286102295
199,1.8896357430019515,1.0,0.7317125468980521,0.5585489649766895,0.0,0.0,0.0,64,0.0007039058012968079,0.6880189776420593,1.5,1.0,64,1.0,64,1.0,58,0.90625,0.8935468288398026,81.72625,63.205761246009054,0.1881429248013677,1.0812862621597819,5.0,3.7123106012293743,0.17416446455834267,1.160493597897978,2.8306796875000018,2.4796635176735484,0.24500303111752222,1.1851205294787397,392.30662500000005,182.88853376950502,0.3171639706453203,1.214260971191146,1.0,0.9903666973114014,0.005291005130857229,0.9999998807907104,0.31281232833862305,0.31281232833862305,2.353543281555176
200,1.9797280729933242,1.0,0.7665885073365644,0.5940469277822279,0.0,0.0,0.0,64,0.0005009678876668443,0.6918898820877075,1.5,0.953125,61,0.953125,64,0.953125,54,0.84375,0.8917549814503976,64.15125,47.89490283096416,-0.11251963637707363,0.8193572775277539,4.140625,2.6743409672992335,-0.09448201813718062,0.8360172152942342,2.6492710937500012,2.1511190141754697,0.15830132859027712,1.028097274844466,337.53682812500006,117.78894625193978,-0.04647187559748204,0.7820420303206042,1.0,0.9953163862228394,0.00920245423913002,1.0,0.3807571232318878,0.3807571232318878,2.3850388526916504
201,1.934694157772397,0.921875,0.8524704406322059,0.5921054422648376,0.0,0.078125,0.0,59,0.000722391694498069,0.6864582896232605,1.5,0.984375,58,0.9830508474576272,64,0.984375,55,0.859375,0.8914178117549527,58.0159375,63.973061755484956,-0.21747888359642548,1.0944127791653322,4.171875,3.6338456192269644,-0.08471305513007069,1.135964909688855,3.506248906250002,2.3386795810009953,0.5678818993664292,1.1177392269405095,378.1993906250001,261.9867244550891,0.22350110529260556,1.7394215368195338,1.0,0.9823256731033325,0.0,1.1014961004257202,0.40402916073799133,0.40402916073799133,2.5274899005889893
202,1.8357610845348833,0.9375,0.771358577751865,0.5843146514107791,0.0,0.0625,0.0,60,0.0006148644787899862,0.6948959827423096,1.5,0.984375,59,0.9833333333333333,64,0.984375,51,0.796875,0.8944730781747776,108.9728125,265.76779969475206,0.6542607776923198,4.546596149927919,6.796875,15.413244799015391,0.7358798374671641,4.818285384355552,3.358657187499994,7.586183408389388,0.49734249971603106,3.625710356906933,496.44793750000076,1161.7545356806943,1.008594584970999,7.713294878066192,1.0,0.9687727689743042,0.0950118750333786,1.0837911367416382,0.409333735704422,0.409333735704422,3.0532915592193604
203,1.9492819399630732,0.96875,0.7890664184045407,0.5883272191022673,0.0,0.03125,0.0,62,0.0006419765121830047,0.6933168172836304,1.5,1.0,62,1.0,64,1.0,55,0.859375,0.8895704961593132,68.279375,55.32308694938646,-0.04189814930084301,0.9464341971266086,4.65625,3.2366009852158175,0.06670587148013335,1.0117835293871649,2.6244884375000015,2.0274666416978513,0.14645680432819294,0.9689993512360782,353.1455312500001,150.02517249406523,0.05715976617336506,0.9960696162907178,1.0,0.9838399291038513,0.02432432398200035,1.0446386337280273,0.3538704216480255,0.3538704216480255,2.3942348957061768
204,2.0562829881615174,1.0,0.8102898318611551,0.6337923489570897,0.0,0.0,0.0,64,0.000617588145701644,0.6891104578971863,1.5,0.96875,62,0.96875,64,0.96875,57,0.890625,0.8951626089296443,75.22765625,84.5496439366798,0.07696887979805549,1.446424608405544,4.90625,4.4360693116203676,0.14485757553701287,1.3867455040702406,2.5571887500000017,1.8716125134488821,0.11429185907845048,0.8945110484178155,361.6282968750001,203.76847907165998,0.11347981540718348,1.3528902342643907,1.0,0.9966557621955872,0.008450704626739025,1.0,0.35832321643829346,0.35832321643829346,2.35610032081604
205,1.8993440843607234,0.96875,0.7630046894473415,0.5864828519762726,0.0,0.03125,0.0,62,0.0006212455163380447,0.6869078278541565,1.5,1.0,62,1.0,64,1.0,58,0.90625,0.8994965490000792,70.36265625,66.39617944209468,-0.006258622912221405,1.1358660235290796,4.640625,3.506098203042094,0.061821389976578385,1.096030196634011,2.9168887500000023,2.2645938141636894,0.28620544792434843,1.0823309698946335,357.69440625000004,209.6298413277943,0.08736133901930618,1.3918058692631743,1.0,0.9903395175933838,0.012269938364624977,1.0446386337280273,0.5162723660469055,0.5162723660469055,2.5609078407287598
206,1.9095320056400056,0.953125,0.777050001821557,0.6420957797078469,0.0,0.046875,0.0,61,0.0006310180186029562,0.6983340382575989,1.5,0.984375,60,0.9836065573770492,64,0.984375,55,0.859375,0.8967169670956426,66.8215625,50.38658729075222,-0.06683753137583293,0.8619835211310767,4.625,2.8695600708122493,0.05693690847302341,0.8970440377102283,2.5501596875000017,1.8908355996969057,0.11093241687495556,0.9036984538823469,340.5176875000001,129.34597785069457,-0.026680907158566785,0.8587732070868683,1.0,0.988586962223053,0.012195121496915817,1.0648608207702637,0.3084667921066284,0.3084667921066284,2.374300003051758
207,1.948625202428255,0.984375,0.7733299248511829,0.6019401367936724,0.0,0.015625,0.0,63,0.0007375762130239069,0.6861381530761719,1.5,1.0,63,1.0,64,1.0,57,0.890625,0.895285894383638,100.50875000000002,287.6523048452985,0.5094626719043029,4.920983141033814,6.40625,17.0337154178852,0.6137677998782899,5.32485554531068,3.530312187500006,4.080967177587376,0.5793826083992243,1.950441238424686,509.0605156250005,1181.960033779514,1.0923339044768783,7.847446250157101,1.0,0.9771496653556824,0.062034741044044495,1.0230478048324585,0.3906661868095398,0.3906661868095398,3.1799514293670654
208,2.0245870971283324,0.984375,0.8071796675877911,0.6418000997501795,0.0,0.015625,0.0,63,0.0008686906095715908,0.6982543468475342,1.5,1.0,63,1.0,64,1.0,60,0.9375,0.8951847249513738,57.686875,51.47730006016607,-0.22310828752460643,0.8806427811459843,4.09375,3.1707587321491366,-0.10913546264784553,0.9912007922827432,3.330223437500002,1.6885378863033962,0.483752986213541,0.8070130885089885,356.82651562500007,155.82332358245034,0.08159910947172654,1.0345655702282601,1.0,0.9954569339752197,0.017804155126214027,1.023047924041748,0.3008435368537903,0.3008435368537903,2.255021572113037
209,2.0607642459972366,1.0,0.818610813235864,0.626670695278891,0.0,0.0,0.0,64,0.0006951656869043608,0.6877655982971191,1.5,0.96875,62,0.96875,64,0.96875,56,0.875,0.8929787729309986,61.986093749999995,67.56412032324339,-0.14955983116947835,1.1558464557698294,4.140625,3.372069039829256,-0.09448201813718062,1.0541317666404073,3.3369734375000024,1.9009782968975975,0.4869790543945526,0.9085460142836485,367.2618437500001,189.0335595086408,0.1508829043745298,1.2550599473117678,1.0,0.9891766309738159,0.015576324425637722,1.0,0.3252280056476593,0.3252280056476593,2.4759788513183594
210,1.9619753198553669,1.0,0.7744238250306807,0.5777996654905256,0.0,0.0,0.0,64,0.0009786975223315527,0.6880112886428833,1.5,0.984375,63,0.984375,64,0.984375,59,0.921875,0.9019104270818166,113.69296874999999,295.87698899669266,0.7350103803829272,5.061686105576738,7.25,17.137313091613866,0.8775298010702582,5.357240884263574,3.7093853124999963,6.769158169431224,0.6649681062713354,3.2352245603904604,532.4430156250007,1263.541795298178,1.2475785038712852,8.389096111585728,1.0,0.9764233827590942,0.01179245300590992,0.9999999403953552,0.2965671122074127,0.2965671122074127,3.0115153789520264
211,1.915865197712459,0.984375,0.7516157488737788,0.6089684557179241,0.0,0.015625,0.0,63,0.0007065825781858359,0.6863606572151184,1.5,0.953125,60,0.9523809523809523,64,0.953125,56,0.875,0.8932495391035619,81.73421875,64.67574614965527,0.18827924939791915,1.1064338824171882,5.421875,3.948119360451885,0.30604546515432685,1.2342090233570884,2.500213125000002,1.7074310643998896,0.08706115524056333,0.8160428189823631,385.9261093750001,194.9742891232006,0.27480149477093313,1.2945025299749913,1.0,1.0215483903884888,0.01621621660888195,1.0230478048324585,0.19248339533805847,0.19248339533805847,2.3869245052337646
212,1.9052031591542335,0.96875,0.7790980181626735,0.5674921764676698,0.0,0.03125,0.0,62,0.0006995563171106088,0.6885822415351868,1.5,1.0,62,1.0,64,1.0,59,0.921875,0.8951936696972858,76.7325,67.73246941091105,0.10271284429582916,1.1587264710113778,5.078125,4.005093192970047,0.19858687207611753,1.2520194317488706,2.796291250000002,2.714182829478507,0.2285675579303446,1.2972057575745433,384.3307656250001,213.0819051328725,0.2642094493795026,1.4147253287950161,1.0,0.9963178038597107,0.01666666753590107,1.044638752937317,0.3168448507785797,0.3168448507785797,2.3488543033599854
213,2.014855441032171,0.96875,0.803352961917558,0.6763955148214462,0.0,0.03125,0.0,62,0.0008076750328498278,0.6949039697647095,1.5,0.984375,61,0.9838709677419355,64,0.984375,53,0.828125,0.8903990858246903,52.32875,43.38358220211305,-0.31477187703324017,0.7421803094158044,3.703125,2.608158399019316,-0.23124750023671975,0.8153280933344889,2.772467500000002,1.858838042042328,0.21718132951147484,0.888405668309086,318.8051562500001,121.86952593606762,-0.17083799967411276,0.8091344267007764,1.0,0.9916662573814392,0.012269938364624977,1.0446386337280273,0.30185016989707947,0.30185016989707947,2.3555099964141846
214,2.0870650730342524,0.984375,0.8367319214675162,0.6650955206365877,0.0,0.015625,0.0,63,0.000734058816448491,0.69597327709198,1.5,0.984375,62,0.9841269841269841,64,0.984375,54,0.84375,0.8917467477362274,55.3059375,40.824203211711236,-0.2638399385491183,0.698395988375662,3.796875,2.3061039079744434,-0.20194061121538995,0.720903800561728,2.897763437500002,1.9031042839120609,0.2770647720564742,0.9095621000704045,326.3715625000001,101.45351885744826,-0.12060198097908123,0.6735854118326654,1.0,0.9895893931388855,0.014925372786819935,1.023047924041748,0.30758848786354065,0.30758848786354065,2.346705913543701
215,2.0258039320151444,1.0,0.8014691668795422,0.6117352507668656,0.0,0.0,0.0,64,0.0008302085143802179,0.6907013654708862,1.5,0.984375,63,0.984375,64,0.984375,58,0.90625,0.8875347647049502,69.19015625,47.39974368641761,-0.026317049824410455,0.8108863918042664,4.6875,2.6093282181435127,0.07647483448724329,0.8156937867664661,2.916112500000002,2.0615111577205334,0.2858344500835319,0.9852704519588498,369.7004687500001,134.38436582976377,0.16707378906171816,0.8922248278889291,1.0,0.9963728785514832,0.022038567811250687,1.0,0.34785714745521545,0.34785714745521545,2.3221991062164307
216,2.0462788880883505,1.0,0.8151007399428636,0.5957304869873578,0.0,0.0,0.0,64,0.0009056449798420648,0.6886103749275208,1.5,0.984375,63,0.984375,64,0.984375,52,0.8125,0.8943682902322432,86.6103125,224.67727971866083,0.27169653733084626,3.84364417404368,5.953125,14.165792520518398,0.47211783627519577,4.428323299178844,4.232855312499993,7.715165742350951,0.9151532782289707,3.6873556611300424,491.34909375000086,1104.8218107879175,0.9747415771513304,7.335298595871771,1.0,0.9726952910423279,0.03750000149011612,1.0,0.29592013359069824,0.29592013359069824,3.028001070022583
217,1.8857497607026166,0.9375,0.7901583512624105,0.6059327237556976,0.0,0.0625,0.0,60,0.0009248222289358612,0.687615692615509,1.5,0.984375,59,0.9833333333333333,64,0.984375,53,0.828125,0.9016889237142144,70.07953125000002,59.381217817318074,-0.011102155636752925,1.0158582665632863,4.796875,3.5802395498590593,0.11066620501212808,1.1192072870132828,2.596835000000002,2.1338129443527865,0.1332402302816245,1.0198260805936037,358.79943750000007,196.19899482460048,0.0946980281553931,1.3026337796698428,1.0,0.9924090504646301,0.016574585810303688,1.0837911367416382,0.2334166318178177,0.2334166318178177,2.3552353382110596
218,1.9068217313535052,0.96875,0.7646483047715118,0.6012511928475853,0.0,0.03125,0.0,62,0.0007990540191116428,0.6927937865257263,1.5,1.0,62,1.0,64,1.0,54,0.84375,0.9002977590951929,76.27890625,55.872728424663585,0.09495303441761963,0.9558371338939894,5.09375,3.5475288494246247,0.20347135357967247,1.108981699093902,2.2541771875000016,1.9904187520245191,-0.03052828318226131,0.9512928300436695,356.67053125000007,172.3197798451299,0.08056347462478279,1.1440913157185633,1.0,0.9945641756057739,0.015424164943397045,1.0446386337280273,0.31801867485046387,0.31801867485046387,2.4130699634552
219,1.7898520749928646,0.90625,0.7908758517226269,0.5418324987149318,0.0,0.09375,0.0,58,0.0007511938209460755,0.688460111618042,1.5,1.0,58,1.0,64,1.0,55,0.859375,0.9029552388173823,71.69015625,57.844588108249894,0.016451451054457472,0.9895705269381755,4.8125,3.5393987836919423,0.11555068651568304,1.1064401851294878,2.4402545312500012,2.5824009298573145,0.058404783170182946,1.2342224400632587,347.0677656250001,156.77096660532195,0.01680735348583337,1.0408573038518933,1.0,0.9927588701248169,0.017766498029232025,1.1180340051651,0.3566018044948578,0.3566018044948578,2.4885787963867188
220,2.0018559002651255,1.0,0.7818965862970799,0.6103292890353009,0.0,0.0,0.0,64,0.0007578831431273641,0.675946831703186,1.5,1.0,64,1.0,64,1.0,57,0.890625,0.8887755812297657,71.65296875000001,56.07389941741187,0.015815269603884526,0.9592786466060526,4.578125,3.0913421817027955,0.042283463962358506,0.9663746372919404,2.8661403125000016,2.2975066070837866,0.26195094133845226,1.0980611793742991,372.54290625000004,188.97649816269467,0.18594572623657665,1.2546810970693938,1.0,0.9877579212188721,0.00542005430907011,1.0,0.3438599109649658,0.3438599109649658,2.418802499771118
221,2.005456701717602,0.984375,0.812665047153594,0.5955245842076268,0.0,0.015625,0.0,63,0.0007878749904270087,0.6932235360145569,1.5,1.0,63,1.0,64,1.0,58,0.90625,0.8911304328989793,66.50078125,50.856277153878935,-0.0723252646448526,0.8700186936606489,4.359375,2.895941057648619,-0.026099277087411058,0.9052909140140859,3.0095415625000026,2.2189401710143777,0.3304875650039734,1.0605114490781529,368.8553750000001,185.66802628999395,0.16146291594423867,1.2327149946216196,1.0,0.9932832717895508,0.01939058117568493,1.0230478048324585,0.337991327047348,0.337991327047348,2.4439101219177246
222,1.8856652612749893,1.0,0.7284392768633552,0.5657677082704698,0.0,0.0,0.0,64,0.0010237870937819227,0.6905145049095154,1.5,1.0,64,1.0,64,1.0,62,0.96875,0.8974658912823189,80.59812500000001,61.097282285993494,0.16884363877977884,1.0452156684579819,5.09375,3.476343040826092,0.20347135357967247,1.0867285301073333,2.9400765625000025,2.4501058921288363,0.29728773890116467,1.1709938753637699,393.4301718750001,173.05369739057468,0.3246235914946828,1.1489640511117463,1.0,0.9875140190124512,0.008474576286971569,1.0,0.43395182490348816,0.43395182490348816,2.471853494644165
223,2.107935065173355,0.96875,0.8721104544256965,0.6615118339081627,0.0,0.03125,0.0,62,0.00098623748557635,0.6884984374046326,1.5,1.0,62,1.0,64,1.0,53,0.828125,0.896100221693787,56.47328125,38.91889507579703,-0.2438697216699919,0.6658011193015176,3.734375,2.3733032590410774,-0.2214785372296098,0.7419107757512237,2.8034420312500012,1.725835568997288,0.23198517390960316,0.8248389947851699,317.27375000000006,120.30338069854902,-0.181005541630334,0.7987362404507162,1.0,0.9979474544525146,0.015673981979489326,1.0446386337280273,0.33453047275543213,0.33453047275543213,2.3404388427734375
224,1.9371548248722592,0.984375,0.7679077637574029,0.5882976233279236,0.0,0.015625,0.0,63,0.0008351964053351334,0.6874381303787231,1.5,0.984375,62,0.9841269841269841,64,0.984375,55,0.859375,0.8961807368845406,71.89140625000002,59.658722980884875,0.019894315375206615,1.0206056584960452,4.859375,3.673669774132536,0.13020413102634795,1.1484142119628373,2.991681875000002,1.9158776460246918,0.3219517769200387,0.9156669500076039,368.70257812500006,176.64498910471931,0.16044844402514974,1.1728078934498551,1.0,0.9942302703857422,0.018766755238175392,1.023047924041748,0.19675210118293762,0.19675210118293762,2.309217929840088
225,2.109267430700954,0.984375,0.8533433503101743,0.6587814141555101,0.0,0.015625,0.0,63,0.0009195330828962447,0.6878909468650818,1.5,1.0,63,1.0,64,1.0,57,0.890625,0.8869688804151266,58.0609375,41.63787239846788,-0.21670905058060583,0.7123157529072256,4.078125,2.659327261616178,-0.1140199441514005,0.8313238285608772,2.923330937500001,1.8214094777223009,0.2892844014221049,0.870517208988526,340.98790625000004,138.60275838814943,-0.02355896034058404,0.9202322121641315,1.0,0.9935325384140015,0.0202312134206295,1.0230478048324585,0.17710484564304352,0.17710484564304352,2.2992563247680664
226,1.945814625522332,0.9375,0.8227705259496967,0.6392576085887803,0.0,0.0625,0.0,60,0.0007326334748419917,0.6926083564758301,1.5,1.0,60,1.0,64,1.0,54,0.84375,0.9032903615275574,59.23859375000001,43.699165390599404,-0.196562413635354,0.7475791173654582,3.9375,2.4677608777999542,-0.1579802776833952,0.7714388712198689,2.734280000000002,1.7680699414050352,0.19893014748741933,0.8450243229288172,330.1619687500001,123.98415534857287,-0.09543614756420693,0.8231741913115752,1.0,0.9916250705718994,0.0030959751456975937,1.0837911367416382,0.3250601887702942,0.3250601887702942,2.380772829055786
227,1.9874510297056442,0.96875,0.8126426444899651,0.6091764531150718,0.0,0.03125,0.0,62,0.0007239184997833775,0.6854889392852783,1.5,1.0,62,1.0,64,1.0,60,0.9375,0.8909477205952522,68.31015625,49.52931103435708,-0.04137156213377188,0.8473177530010495,4.515625,2.8228542044135048,0.022745537948138633,0.882443465516169,2.6398665625000017,1.7809759988453489,0.15380656429058068,0.8511925927437064,348.46431250000006,146.71560957755946,0.026079516862071016,0.9740962700213489,1.0,0.9895104765892029,0.011904762126505375,1.0446385145187378,0.36740201711654663,0.36740201711654663,2.4455323219299316
228,2.035336272536452,0.984375,0.8112610807967564,0.6581141433690628,0.0,0.015625,0.0,63,0.0008060247097673921,0.6952798366546631,1.5,0.984375,62,0.9841269841269841,64,0.984375,58,0.90625,0.895182735463955,62.451562499999994,43.49123982261938,-0.14159687091209414,0.7440220514307011,4.09375,2.6851370425920535,-0.10913546264784553,0.8393921420192753,2.846758125000002,1.857068809601973,0.2526874956536898,0.8875600883860277,338.90951562500004,123.91054985439503,-0.037358122960629465,0.8226854986800403,1.0,0.9930763244628906,0.0058309040032327175,1.023047924041748,0.2847553789615631,0.2847553789615631,2.348271608352661
229,1.8983599355715228,0.921875,0.824050786447222,0.5880900227753798,0.0,0.078125,0.0,59,0.000920731247484589,0.6818759441375732,1.5,1.0,59,1.0,64,1.0,54,0.84375,0.8960564392064461,66.08078125,39.66075056434445,-0.07951037279250243,0.6784923381470909,4.203125,2.418546099286718,-0.07494409212296074,0.7560539959975036,2.9364400000000015,2.4682215110676093,0.2955496946686443,1.179651982302689,346.8405156250001,160.20935750068105,0.015298561217582211,1.0636859841517499,1.0,0.9942212700843811,0.011627906933426857,1.1014959812164307,0.36709851026535034,0.36709851026535034,2.4246914386749268
230,2.0670446955556265,0.96875,0.8479491392931631,0.6618732700777206,0.0,0.03125,0.0,62,0.0008555262271321049,0.6805451512336731,1.5,1.0,62,1.0,64,1.0,59,0.921875,0.8950521499657803,54.7884375,49.74445770695057,-0.27269301823104397,0.8509983532634096,3.734375,3.0630978370556496,-0.2214785372296098,0.9575452626353633,3.073499062500002,1.7883999523436795,0.3610551584390899,0.8547407675819692,324.4412187500001,147.53753474682608,-0.13341820859213574,0.9795533188242987,1.0,0.9945229887962341,0.0063492064364254475,1.0446386337280273,0.3050723969936371,0.3050723969936371,2.4151477813720703
231,2.0004283135246093,0.984375,0.7905358422606711,0.6396598672488182,0.0,0.015625,0.0,63,0.00109105164750777,0.685062825679779,1.5,1.0,63,1.0,64,1.0,60,0.9375,0.8924684882991102,67.12281250000001,48.7131581771275,-0.06168392701992916,0.8333554993243639,4.421875,2.860314053451998,-0.0065613510731911805,0.894153669660456,2.820521875000002,2.0470421143802806,0.24014824657012532,0.9783551748729735,354.64153125000007,138.56967946882457,0.06709223364664753,0.920012589643914,1.0,0.9901044964790344,0.015576324425637722,1.023047924041748,0.22378064692020416,0.22378064692020416,2.530587673187256
232,1.9695918216681474,0.984375,0.7944473656160491,0.5945078089076227,0.0,0.015625,0.0,63,0.0007937430878917212,0.6955195069313049,1.5,1.0,63,1.0,64,1.0,55,0.859375,0.8895998384299619,81.03375,80.93317991366395,0.17629605005792137,1.384556310506845,4.84375,3.989120947965855,0.12531964952279298,1.2470263990901045,2.6389950000000013,2.31680967998291,0.1533900131722082,1.1072868133410556,388.55081250000006,206.24935773482392,0.29222781724157826,1.3693616558065274,1.0,0.9922810196876526,0.011204482056200504,1.0230478048324585,0.27338454127311707,0.27338454127311707,2.3853671550750732
233,2.042566669426462,0.96875,0.8425306230783463,0.6271781737071754,0.0,0.03125,0.0,62,0.0009769989765348957,0.6860289573669434,1.5,1.0,62,1.0,64,1.0,56,0.875,0.8932022287522113,64.14015625,46.22085454952218,-0.11270942159972362,0.7907186633693064,4.28125,2.527775393008643,-0.0505216846051859,0.790199817746695,2.7409614062500016,1.7243829995355124,0.2021234322440912,0.8241447595079339,350.6576406250001,129.79386967531534,0.040641789763006114,0.8617469176347259,1.0,0.9859330058097839,0.014084506779909134,1.0446386337280273,0.24571363627910614,0.24571363627910614,2.334530830383301
234,1.886440588573625,0.890625,0.8487203144713452,0.6375157795174135,0.0,0.109375,0.0,57,0.0011070601821201362,0.6933752298355103,1.5,1.0,57,1.0,64,1.0,57,0.890625,0.8982529832476179,50.0759375,37.05264311248381,-0.35331164238770996,0.6338743998082573,3.65625,2.108159371940366,-0.24590094474738466,0.6590249893624819,2.9891864062500018,2.2468173550876425,0.3207591025006188,1.0738349596729613,321.98042187500005,155.2157510932167,-0.1497563001157275,1.0305316838733307,1.0,0.9870098829269409,0.012461058795452118,1.1334558725357056,0.2665717899799347,0.2665717899799347,2.37929105758667
235,1.9596853913077872,1.0,0.7790641534957103,0.5519627784824093,0.0,0.0,0.0,64,0.001408460075263873,0.6945540308952332,1.5,1.0,64,1.0,64,1.0,52,0.8125,0.9014079352328868,72.76015625,69.07378705260112,0.03475636943061283,1.1816729289063628,4.859375,3.6694140689454766,0.13020413102634795,1.1470838495135076,3.1696089062500024,2.2911586233955403,0.40698951529892036,1.0950272492720428,374.30695312500006,209.11168595053684,0.19765785070668596,1.3883656544030698,1.0,0.9905923008918762,0.01785714365541935,1.0,0.2974088191986084,0.2974088191986084,2.414494752883911
236,2.0111075232302675,0.96875,0.826998469810332,0.629837386653808,0.0,0.03125,0.0,62,0.000872204675730872,0.682770848274231,1.5,1.0,62,1.0,64,1.0,57,0.890625,0.8868749748947596,68.22765625,61.42975097983334,-0.042782922662774704,1.050903343507856,4.53125,3.372539612443418,0.0276300194516936,1.0542788708471245,3.2335556250000024,1.9011810594485385,0.437551955986248,0.9086429218116324,376.61350000000004,186.00819478091887,0.21297182250584298,1.2349734922630282,1.0,0.9866554737091064,0.005524862091988325,1.0446386337280273,0.28263938426971436,0.28263938426971436,2.40828800201416
237,1.9765923228047946,0.96875,0.7950104724976325,0.6523317003192717,0.0,0.03125,0.0,62,0.001155990435165219,0.6856474280357361,1.5,1.0,62,1.0,64,1.0,57,0.890625,0.899489853860212,63.6159375,44.518884466269974,-0.12167744162776128,0.7616023797687548,4.078125,2.419353526125316,-0.1140199441514005,0.7563064031308543,2.7910371875000015,1.6714186775792725,0.22605645217444872,0.7988312019091383,337.88593750000007,112.20327622011474,-0.04415401629814672,0.7449568124679361,1.0,0.986840009689331,0.01277955248951912,1.0446385145187378,0.31936654448509216,0.31936654448509216,2.39399790763855
238,2.0241290628750157,0.96875,0.828393412453513,0.6505700367304406,0.0,0.03125,0.0,62,0.001025825820146409,0.6937074661254883,1.5,0.984375,61,0.9838709677419355,64,0.984375,55,0.859375,0.8850427070255682,62.05375000000001,39.368610771304844,-0.14840240861444376,0.6734945857489443,4.28125,2.153984316911337,-0.0505216846051859,0.6733501795136583,2.6635418750000017,1.7641584430639978,0.16512184908046984,0.8431548769528026,338.86979687500013,118.68889545877654,-0.037621829640077,0.7880171080107864,1.0,1.0013459920883179,0.005899704992771149,1.0446386337280273,0.1834554821252823,0.1834554821252823,2.2253072261810303
239,1.9535545067515405,0.96875,0.7938864875224328,0.5977142060378229,0.0,0.03125,0.0,62,0.0011209170401589273,0.6917698383331299,1.5,1.0,62,1.0,64,1.0,58,0.90625,0.8869109648696903,66.6090625,43.997817940167145,-0.07047285395053679,0.7526882860969238,4.46875,2.645566751662108,0.008092093437473726,0.8270221993544684,2.7088925000000015,2.2391783406377552,0.1867965466066151,1.0701839994579885,349.52820312500006,154.4386785251654,0.03314305899304881,1.0253724271844604,1.0,0.9896541237831116,0.014164306223392487,1.0446386337280273,0.2504630982875824,0.2504630982875824,2.453735828399658
240,2.0500291885315676,1.0,0.7899354161927477,0.655401743365783,0.0,0.0,0.0,64,0.0010457988418948174,0.6816319823265076,1.5,1.0,64,1.0,64,1.0,60,0.9375,0.8940858354703296,59.2346875,47.92987175188708,-0.19662923941797736,0.8199555048578439,3.921875,2.5390985574362803,-0.16286475918695018,0.7937395161280394,2.796402500000001,1.505534775663204,0.22862072831332741,0.7195493089145533,320.60675000000003,104.95182377360705,-0.15887658836265312,0.6968118822814433,1.0,0.9873369336128235,0.009287925437092781,0.9999999403953552,0.275846391916275,0.275846391916275,2.4847230911254883
241,1.9321261156242993,0.953125,0.7989957437041353,0.6061726081092924,0.0,0.03125,0.0,61,0.004734807426331443,0.6798984408378601,1.5,0.984375,61,1.0,63,0.984375,55,0.873015873015873,0.8956809223594169,59.71380952380952,40.38114075090835,-0.1884327071394243,0.6908163414779653,4.26984126984127,2.385181429366582,-0.054088131417305424,0.7456239727592878,2.8111066666666678,2.0316213256958657,0.23564837930764185,0.9709850243987673,342.1933492063494,122.11881651706614,-0.01555560275045185,0.810789554098613,0.984375,0.8396868705749512,0.16750000417232513,1.0648608207702637,0.8053445219993591,0.8053445219993591,2.4030263423919678
242,2.032835881224753,0.984375,0.8307321496189587,0.5921348411979772,0.0,0.015625,0.0,63,0.0014484870219678148,0.674250602722168,1.5,0.984375,62,0.9841269841269841,64,0.984375,58,0.90625,0.8948454431891106,63.64609375,43.776584802022995,-0.12116154658590998,0.7489035622316628,4.328125,2.568162569693554,-0.03586824009452099,0.8028251244665833,3.1192331250000023,2.205248873515241,0.3829131145605178,1.0539678847494527,353.76998437500004,148.0375157121807,0.06130572897593968,0.9828728674042755,1.0,0.9948136806488037,0.013812154531478882,1.023047924041748,0.2599516212940216,0.2599516212940216,2.2393693923950195
243,1.9908606308779189,0.953125,0.838198145698817,0.6276533018111616,0.0,0.046875,0.0,61,0.0011040308482224855,0.6931601762771606,1.5,1.0,61,1.0,64,1.0,57,0.890625,0.8952637786860966,60.4478125,40.127111567054556,-0.17587582436650673,0.6864705625288017,4.046875,2.041978877063864,-0.12378890715851043,0.6383365155627769,2.685030937500002,2.195981258611768,0.17539224623173152,1.0495385577044214,329.6312500000001,122.5598958451031,-0.09895977505206538,0.8137180340978539,1.0,0.9993412494659424,0.006410256493836641,1.0648608207702637,0.25474265217781067,0.25474265217781067,2.3737645149230957
244,1.9846430231793646,0.984375,0.8014651836147384,0.5906205501968652,0.0,0.015625,0.0,63,0.001565651494632341,0.6889881491661072,1.5,1.0,63,1.0,64,1.0,59,0.921875,0.8957788282729884,103.63953125000003,284.8079775613614,0.5630222001611704,4.872324095456673,6.40625,15.117992953348669,0.6137677998782899,4.72598764489638,3.2982067187499986,6.430574286291419,0.46845104286246275,3.0734031245385176,498.61776562500074,1169.1894192029624,1.0230008331489242,7.762657671349997,1.0,0.8496870398521423,0.16788321733474731,1.023047924041748,0.38916459679603577,0.38916459679603577,2.5239779949188232
245,2.012724605660438,0.984375,0.8190487158440408,0.6098112941364657,0.0,0.015625,0.0,63,0.0008726916334192318,0.7053278684616089,1.5,0.984375,62,0.9841269841269841,64,0.984375,55,0.859375,0.8920263824880522,71.13421875,48.067263996816465,0.006940805671519237,0.8223059289970487,4.8125,2.994134891750871,0.11555068651568304,0.9359869758659641,2.352825937500002,1.9818937501878096,0.016619508443153692,0.947218424537229,361.30679687500003,140.63424521489026,0.11134526440941539,0.9337199640551779,1.0,0.9962074160575867,0.008771929889917374,1.023047924041748,0.22112467885017395,0.22112467885017395,2.375593900680542
246,1.9666953674931082,0.96875,0.7947252871648919,0.6268454375790493,0.0,0.03125,0.0,62,0.000983473026876376,0.6915838122367859,1.5,0.96875,60,0.967741935483871,64,0.96875,51,0.796875,0.8976511237771639,59.73953125,43.000933871751826,-0.18799267527175098,0.7356341912344638,4.078125,2.4704800109239904,-0.1140199441514005,0.7722888907686726,2.6994453125000017,1.8544604373315798,0.18228139534827464,0.8863134533066577,333.42632812500005,111.67564749687139,-0.07376292342430565,0.7414537007489627,1.0,0.9933418035507202,0.018575850874185562,1.0446386337280273,0.19795264303684235,0.19795264303684235,2.2866406440734863
247,1.8748862513125077,0.953125,0.780354198190521,0.5679769771490447,0.0,0.046875,0.0,61,0.0011437335443850167,0.6802554726600647,1.5,0.984375,60,0.9836065573770492,64,0.984375,52,0.8125,0.9055969818291383,81.19125000000001,106.47960817833855,0.17899046561329027,1.821589286382714,5.3125,5.276347576685978,0.27185409462944204,1.6494222172575836,2.7242578125000025,2.4020282263644326,0.19414018301365962,1.1480158268097187,389.95556250000004,298.9840221447814,0.30155444403508996,1.985059542101768,1.0,0.9856604933738708,0.021276595070958138,1.0648608207702637,0.21613536775112152,0.21613536775112152,2.570080041885376
248,1.9366557512089524,0.96875,0.78794607435984,0.6042369436526978,0.0,0.03125,0.0,62,0.001345298457688434,0.6809989213943481,1.5,0.984375,61,0.9838709677419355,64,0.984375,55,0.859375,0.890915632253754,67.17671874999999,49.04483612135837,-0.060761731219728866,0.8390296467040996,4.6875,3.091697551507909,0.07647483448724329,0.9664857283153003,2.8477284375000016,1.7860436405180768,0.2531512429547101,0.8536146012700998,365.053359375,166.02219883773896,0.1362200038264409,1.1022794717905735,1.0,0.9911372661590576,0.015625,1.0446386337280273,0.1793946474790573,0.1793946474790573,2.244694948196411
249,2.1247966804795055,0.96875,0.8888789834154229,0.6567664718532182,0.0,0.03125,0.0,62,0.0007315013931977352,0.6945715546607971,1.5,0.96875,60,0.967741935483871,64,0.96875,55,0.859375,0.8880951482966277,53.7140625,33.820980670230334,-0.2910727814837375,0.5785890566075685,4.046875,2.1318249774254454,-0.12378890715851043,0.666423018947269,3.0891596875000022,1.7629596686981124,0.36853993532905327,0.8425819394953218,338.79904687500004,128.07468628809787,-0.038091563646584774,0.8503326575584256,1.0,0.9944305419921875,0.017241379246115685,1.0446386337280273,0.16560465097427368,0.16560465097427368,2.20346999168396
