step,reward_mean,valid_frac,c_mean,qed_mean,d_var,d_loss,w_C,unique,n_valid,unique_smiles_frac,n_scaffolds,scaffold_frac,tanimoto_dist,tpsa_mean,tpsa_sd,tpsa_drift_sd,tpsa_spread_ratio,hba_mean,hba_sd,hba_drift_sd,hba_spread_ratio,logp_mean,logp_sd,logp_drift_sd,logp_spread_ratio,mw_mean,mw_sd,mw_drift_sd,mw_spread_ratio,rdkit_valid_frac,ratio_mean,clip_frac,adv_std,kl
0,1.033609930272179,0.96875,0.7908735662218063,0.5272671960274481,0.007247624314161332,0.7462701797485352,0.0,1.0,62,0.96875,52,0.8387096774193549,0.913178348303675,69.82016129032257,37.76536151844897,-0.015539301376119587,0.6460671589170199,4.580645161290323,2.379674598904257,0.0430712835597062,0.7439025000209557,1.9346874193548398,1.8553891730307674,-0.18322395357808707,0.8867573295566901,309.9063064516129,104.5611324587261,-0.22992057732926516,0.6942179459330817,0.96875,0.990598738193512,0.07593924552202225,1.0446385145187378,0.006070071831345558
1,1.0944199154986554,1.0,0.8257507998496294,0.5584306365548866,1.1396955577316816e-06,0.7048537731170654,0.0,1.0,64,1.0,54,0.84375,0.9232715073253558,57.935781250000005,37.67734435326684,-0.2188501486558541,0.6445614140344409,3.71875,2.273960957778299,-0.22636301873316478,0.7108556952367516,1.714847343750001,1.5693682134055198,-0.28829344584770433,0.7500576085271545,269.9218125,103.99196430101513,-0.49539162386005403,0.6904390393733942,1.0,0.9959847927093506,0.022486772388219833,0.9999999403953552,0.015464039519429207
2,1.0705928593298073,0.96875,0.8614343380735766,0.582285960870342,0.007375646623338834,0.7117704153060913,0.0,1.0,62,0.96875,55,0.8870967741935484,0.9151885745908684,46.91887096774194,31.49117434502105,-0.40732084349151937,0.5387321270606463,3.0806451612903225,1.7716257077280855,-0.425838940781571,0.5538222720397001,2.078982258064517,1.5982076595718901,-0.11426025167505509,0.7638410188434982,243.2806129032258,85.44815505838858,-0.6722718701462767,0.5673202010490992,0.96875,0.9947649240493774,0.030425963923335075,1.0446385145187378,0.03660266846418381
3,1.0795503137179636,0.96875,0.841651915542541,0.5652200011980782,0.007410861389821607,0.6876274347305298,0.0,1.0,62,0.96875,47,0.7580645161290323,0.9099501675152027,44.3733870967742,24.25561710425486,-0.4508674551605705,0.4149505525763232,3.0,1.5554275420956378,-0.45104916789669336,0.4862372518071111,2.3212140322580663,1.8315497415580853,0.001511040051723137,0.875363606397072,244.6275967741936,95.86555863719404,-0.6633287728966618,0.6364849886176439,0.96875,0.9964210391044617,0.024071166291832924,1.0446385145187378,0.0531977117061615
4,1.1438625663604554,0.984375,0.8910654504147787,0.6142451558172648,0.0037834636667811567,0.6786618828773499,0.0,0.984375,63,0.984375,47,0.746031746031746,0.9023485903311167,33.63428571428572,24.258850174552443,-0.6345855619266547,0.4150058620042686,2.3333333333333335,1.4253932901995967,-0.659453712048372,0.4455876583213626,2.6415969841269855,1.768453321542595,0.15463359512769864,0.845207554108523,227.021253968254,83.2283840533143,-0.7802234435139466,0.5525823646145831,0.984375,0.9998562335968018,0.014560279436409473,1.0230478048324585,0.08999127149581909
5,1.1667857868670188,1.0,0.8922587255947292,0.649476970309905,6.595324642286659e-06,0.6453933119773865,0.0,1.0,64,1.0,48,0.75,0.9043170225327936,27.39875,21.44175675667691,-0.7412593677973112,0.3668127170769635,2.03125,1.262051281644292,-0.7538870211171014,0.39452583307068073,2.7642817187500013,1.40431387013102,0.2132690497444604,0.6711721914937323,226.3345625,81.26747116060551,-0.7847826284555331,0.5395631777664744,1.0,0.9975227117538452,0.01056338008493185,0.9999999403953552,0.08710046857595444
6,1.1548877915971767,1.0,0.906740106176585,0.591450007708694,1.0798969281791129e-05,0.6527358889579773,0.0,0.984375,64,0.984375,43,0.671875,0.8933349873762914,26.59796875,20.470330677874344,-0.7549586532350735,0.3501941422349544,1.8125,1.248436522214886,-0.822269762166871,0.3902697664717506,2.9999143750000017,1.6182733805817902,0.32588638526080543,0.7734311498181783,223.800453125,79.60641204131461,-0.8016074673197899,0.528534825043509,1.0,0.9987310171127319,0.018890200182795525,0.9999999403953552,0.14763586223125458
7,1.1934094351727507,1.0,0.9025773117318749,0.6646448206924651,1.7271008688143213e-05,0.650028645992279,0.0,0.984375,64,0.984375,45,0.703125,0.8769631766412342,26.71875,19.699883050097025,-0.7528924000363632,0.337013786216668,1.859375,1.1574107349489204,-0.8076163176562061,0.36181448491993373,2.883412968750002,1.1763792537760207,0.2702061660391447,0.5622340265790791,226.75609375,77.14920510460536,-0.7819839349865512,0.5122205683764041,1.0,0.9993658065795898,0.012948793359100819,0.9999999403953552,0.12285327166318893
8,1.1852985264988853,0.984375,0.886329816447364,0.6739697484065841,0.0037600376879379006,0.6540496349334717,0.0,1.0,63,0.984375,48,0.7619047619047619,0.871829451550788,26.29460317460317,18.979034700844586,-0.7601484495862646,0.32468194491325464,1.9523809523809523,1.3144927373183106,-0.7785420229921883,0.41091938956727225,3.012229523809526,1.3032527562297394,0.3317722385524835,0.6228714442501037,224.9373492063492,72.79660448259602,-0.7940592164183837,0.48332212980534967,0.984375,0.9990776181221008,0.015290520153939724,1.0230478048324585,0.16227945685386658
9,1.1818318430594523,1.0,0.9077599849551916,0.6658337616747838,4.087340026131202e-05,0.6117057800292969,0.0,1.0,64,1.0,47,0.734375,0.8860051529010848,23.254375000000003,16.97896979308153,-0.8121588501292544,0.29046603380707176,1.78125,1.0528050329951886,-0.8320387251739809,0.32911402947293295,2.798379843750001,1.223237812688999,0.22956577212885293,0.5846294200482951,209.883859375,68.61686787811071,-0.8940046028550592,0.4555713959344011,1.0,0.9966531991958618,0.006369426846504211,0.9999999403953552,0.18800850212574005
10,1.180223681409534,1.0,0.8877241029404104,0.628174059593551,5.957714426094163e-05,0.5886655449867249,0.0,0.96875,64,0.96875,40,0.625,0.8664932086117977,23.62953125,15.573694611195297,-0.8057409019661194,0.2664254286664507,1.6875,1.1162856937182344,-0.8613456141953107,0.3489585167135836,3.1256321875000017,1.4196762765200976,0.38597145706711805,0.6785144389656685,217.80353125,76.4656970285469,-0.8414231300626069,0.5076825190895212,1.0,0.9990540742874146,0.006301197223365307,0.9999999403953552,0.17800194025039673
11,1.1805450644618287,1.0,0.8989048153162003,0.647491566548589,8.079526402206597e-05,0.5670477151870728,0.0,1.0,64,1.0,41,0.640625,0.8569308011190397,23.5440625,22.163910609278627,-0.8072030500899157,0.37916689214883326,1.71875,1.4627537173085563,-0.8515766511882008,0.4572667824927947,3.0400942187500015,1.2010741057926622,0.3450897801407884,0.5740365860347343,212.98398437499998,70.40793819114351,-0.8734217881989027,0.4674629384655244,1.0,0.9986414909362793,0.007697241846472025,0.9999998807907104,0.20342768728733063
12,1.177449498557175,1.0,0.8809228260070086,0.6563047249560139,9.904190078830246e-05,0.5832244753837585,0.0,0.984375,64,0.984375,44,0.6875,0.8518277810902847,22.1025,20.671725934836694,-0.8318644369091929,0.353639491524712,1.53125,1.1314916868894795,-0.9101904292308605,0.35371201382642387,3.0973148437500013,1.2418977595410599,0.3724375783052456,0.5935476809073763,207.69303125,68.76954180721307,-0.9085502773812058,0.4565850515726548,1.0,0.9991676211357117,0.01819322444498539,0.9999999403953552,0.1681523472070694
13,1.1854029509475645,1.0,0.8662285185419023,0.6851567024920839,8.830411646129285e-05,0.5671617984771729,0.0,0.984375,64,0.984375,38,0.59375,0.830852573828117,19.7475,16.254457273314298,-0.8721523647370863,0.2780715080717055,1.359375,1.0363274624244019,-0.9639197257699651,0.3239630285976351,3.370035781250002,1.2430174619195393,0.502780739603669,0.5940828270133637,214.89920312499999,61.360222705801995,-0.8607059807533172,0.40739198942430116,1.0,0.9996076822280884,0.007019782904535532,0.9999999403953552,0.24362468719482422
14,1.1263419880161014,0.984375,0.8966409970843603,0.6559130735168249,0.0030312458582818914,0.5365700721740723,0.0,0.984375,63,0.96875,40,0.6349206349206349,0.8503283169059105,18.965555555555557,17.656575804379585,-0.8855294014008657,0.3020581111229626,1.3968253968253967,1.0006296833317134,-0.9522124764519206,0.31280365952907646,3.2560123809523827,1.3500821117176722,0.4482848487013166,0.6452528803503841,216.5756349206349,64.46923568656274,-0.8495755634529691,0.42803381449476874,0.984375,0.9974796175956726,0.012459016405045986,1.0230478048324585,0.3020651042461395
15,1.1402209447910199,0.984375,0.8960215586518484,0.6836055893513774,0.0028547023178915726,0.49587953090667725,0.0,0.96875,63,0.953125,36,0.5714285714285714,0.8175904570258098,22.319523809523808,18.49755585987283,-0.8281517237138512,0.3164450936199519,1.3174603174603174,0.9730560078726416,-0.9770225412318825,0.30418394063212517,3.3492344444444457,1.1843109565760017,0.4928390313383494,0.5660248731011913,215.00634920634923,71.02879285731207,-0.8599946004271868,0.4715850098407616,0.984375,0.9996864199638367,0.0019543974194675684,1.023047924041748,0.2987038195133209
16,1.119903835050619,0.984375,0.8951642891717335,0.6680842423758294,0.0026830958675879662,0.46342113614082336,0.0,0.9375,63,0.921875,25,0.3968253968253968,0.7936142374664872,22.24031746031746,17.215514778988403,-0.8295067384401086,0.2945127035821317,1.3174603174603174,0.8877543780387024,-0.9770225412318825,0.2775180697107192,2.8904674603174616,1.1261749218045523,0.27357776171010695,0.5382395676276585,197.54279365079364,65.4064658490442,-0.9759412565257292,0.4342564134946527,0.984375,0.9994704127311707,0.002162941498681903,1.0230478048324585,0.28626561164855957
17,1.1301765769332073,1.0,0.8848253563046455,0.6974725519059284,0.0001841230835690896,0.4734463393688202,0.0,1.0,64,1.0,41,0.640625,0.8288345887682463,29.310312500000002,17.45196765130923,-0.7085575028128067,0.29855779753319733,1.640625,0.9077304717673633,-0.8759990587059756,0.2837627327718984,3.0090228125000014,1.1510722048057922,0.33023963569006176,0.5501388761437972,215.100109375,51.32774173269912,-0.8593720938593973,0.3407828377253233,1.0,0.9988487362861633,0.005340454168617725,0.9999999403953552,0.33418887853622437
18,1.1432263270452452,1.0,0.8827338805422187,0.7225220000207729,0.00020129454776243727,0.41301998496055603,0.0,0.9375,64,0.9375,28,0.4375,0.7936435524232144,25.33828125,19.23133905201087,-0.7765086316154131,0.3289982164590936,1.375,0.8569568250501305,-0.9590352442664101,0.26789054472336343,3.1028457812500014,1.1436537100954192,0.3750810125985661,0.5465933102569622,213.37375,56.812590189972425,-0.8708339978295736,0.37719866586553147,1.0,1.0005977153778076,0.002051983494311571,1.0,0.28701213002204895
19,1.124952771941009,1.0,0.8975551249459386,0.695576975005562,0.0007802003833229991,0.43746593594551086,0.0,1.0,64,1.0,33,0.515625,0.8284349699020512,24.87515625,17.485775825670018,-0.7844314964032233,0.2991361675071423,1.390625,0.7419818794114854,-0.9541507627628552,0.23194859302133464,3.050533906250002,1.0585800859739811,0.3500792829057445,0.5059335603574812,212.12521875,64.2565628957144,-0.8791234336785054,0.4266218054188641,1.0,1.000356912612915,0.010890454985201359,0.9999998807907104,0.2283392995595932
20,1.1232069006752994,1.0,0.9003110304474831,0.7318962406476286,0.0008239750061389238,0.4542127251625061,0.0,0.96875,64,0.96875,35,0.546875,0.8085228384497498,30.89640625,19.692275719745062,-0.68142356203647,0.3368836445707305,1.546875,0.8826396401561625,-0.9053059477273054,0.2759191677854201,3.2713290625000013,0.9839982236196483,0.45560524262419916,0.4702882013912757,238.855234375,56.72491785327411,-0.7016535067028047,0.3766165785442997,1.0,1.0005370378494263,0.0,0.9999999403953552,0.24404525756835938
21,1.1161775607589348,1.0,0.89693742711097,0.7406225916125582,0.0010211177418247787,0.4066633880138397,0.0,0.984375,64,0.984375,34,0.53125,0.8038232603876807,31.788281249999997,21.628852370350085,-0.6661658993479339,0.3700134366440889,1.71875,0.9264979425233496,-0.8515766511882008,0.2896295720535703,2.9903846875000015,1.1694636806833316,0.32133180428025243,0.558928825052,233.323921875,59.954586733758525,-0.7383778258811546,0.39805948035237754,1.0,0.9993788599967957,0.004181601107120514,0.9999998807907104,0.2842838168144226
22,1.083664475186993,1.0,0.9034224348142743,0.7298158597570343,0.001354862848693763,0.3760772943496704,0.0,1.0,64,1.0,40,0.625,0.8164026015506276,32.606562499999995,23.837564710108158,-0.6521672344040195,0.4077987629017327,1.734375,1.0931918218569878,-0.8466921696846458,0.341739214956673,3.4008745312500017,1.2618175717416658,0.5175196892506564,0.6030680768054648,253.430796875,58.65301995666436,-0.6048812470530404,0.3894179230811255,1.0,0.9984805583953857,0.008903728798031807,0.9999998807907104,0.3722025156021118
23,1.0455737207667766,0.96875,0.905925968962331,0.7170126146717123,0.005359430307583929,0.4092799127101898,0.0,0.96875,62,0.9375,38,0.6129032258064516,0.8148940182918618,29.5016129032258,20.322851923432623,-0.7052848502274105,0.3476711641393723,1.5806451612903225,0.814156739620901,-0.894749165122848,0.2545109462830662,3.0542343548387114,1.0703050623320525,0.3518478606016711,0.5115373489725753,228.95532258064515,62.36068471834722,-0.7673824852360911,0.41403440680255005,0.96875,0.9991946816444397,0.010664993897080421,1.0446383953094482,0.28624460101127625
24,1.0793768984570966,0.984375,0.888264761084602,0.7483307154348559,0.008250445127804425,0.3728661835193634,0.0,0.984375,63,0.96875,31,0.49206349206349204,0.8026352860131076,37.01015873015874,23.475929346992068,-0.5768331507081299,0.40161212196362867,1.7619047619047619,0.9379864573139147,-0.8380861784640966,0.2932209600854316,2.829268412698414,1.0032108198531846,0.2443285320461051,0.4794705932999619,237.1633968253968,58.05027122902327,-0.712886208194457,0.38541606336731693,0.984375,0.999290943145752,0.012842965312302113,1.0230478048324585,0.2876562774181366
25,1.07892472073065,1.0,0.8795095402747393,0.7436488842364384,0.005847590322603983,0.4000730514526367,0.0,0.96875,64,0.96875,30,0.46875,0.7986761228806016,42.886875,26.311630975851248,-0.47629781272750454,0.4501236050060571,1.890625,1.0018293813694026,-0.7978473546490962,0.3131786933130729,2.593682656250001,1.0782182379367866,0.1317336116345892,0.5153193406806033,239.77603125000002,56.54509028227184,-0.6955400140487686,0.37542264037599793,1.0,0.9988946318626404,0.009456264786422253,0.9999998807907104,0.2851513922214508
26,1.0747082687602307,0.984375,0.9140127622891986,0.7507514423466638,0.011997245028479344,0.39710986614227295,0.0,0.953125,63,0.9375,36,0.5714285714285714,0.7995775969532288,41.39825396825397,23.790255811036324,-0.5017642486893171,0.40698943062511994,2.0317460317460316,1.0074051842934875,-0.7537319582122267,0.31492172731308316,2.6733193650793665,1.1378634947670168,0.16979486384123926,0.5438259577484936,248.6432539682539,56.401578079343345,-0.6366674196454203,0.3744698126436407,0.984375,0.9997351169586182,0.007936508394777775,1.0230478048324585,0.28507205843925476
27,1.077997912388577,1.0,0.9070458821952343,0.7445216749077526,0.015895319845964748,0.4001099467277527,0.0,1.0,64,1.0,33,0.515625,0.8069242983911221,44.40078125,23.46262462038611,-0.4503988124140451,0.4013845126790126,2.359375,1.0806130710735458,-0.651312909542447,0.3378070117221418,2.854127500000001,1.1204674358945033,0.25620958546131034,0.5355117544886985,272.69509375,55.322527223805615,-0.4769788392277748,0.36730561643732634,1.0,1.0001393556594849,0.004672897048294544,0.9999999403953552,0.27516600489616394
28,1.0716948025103943,1.0,0.914850240573287,0.7341538397828371,0.015408079259493914,0.42186224460601807,0.0,1.0,64,1.0,36,0.5625,0.8107316544143615,48.80250000000001,32.41327790235045,-0.3750968475228832,0.5545069217814662,2.53125,1.380316426584861,-0.5975836130033424,0.431496323501238,2.5899878125000013,1.2662716154343001,0.1299677126930066,0.6051968247511896,277.41496874999996,58.646460234977326,-0.44564193754631815,0.38937437079349835,1.0,1.0010286569595337,0.019860973581671715,0.9999999403953552,0.2643444538116455
29,1.067053016449945,1.0,0.9216763670556247,0.7220718602715325,0.028119713702000105,0.4236951172351837,0.0,1.0,64,1.0,38,0.59375,0.8283024203829863,46.541250000000005,28.67403117914361,-0.4137809565678193,0.49053813107435595,2.375,1.231107225224513,-0.6464284280388921,0.38485251011212895,2.317620781250001,1.1024641181707817,-0.00020630405842605028,0.5269073203463077,251.55471875,67.74356365886099,-0.6173371861933474,0.449773223640298,1.0,0.9980483055114746,0.012486428022384644,0.9999998211860657,0.27310657501220703
30,1.020137074998149,0.984375,0.9060684224915883,0.7417301845285647,0.015749236511146236,0.39285993576049805,0.0,1.0,63,0.984375,34,0.5396825396825397,0.8046560479552192,58.78714285714286,25.89568006067785,-0.2042855647985246,0.44300776617359333,2.888888888888889,1.3698697784375502,-0.4857832585886398,0.4282306300836581,2.0194223809523817,1.2909080870453538,-0.14272606269970856,0.6169714821077543,272.6323015873016,55.25347664063595,-0.47739573836786786,0.36684716545380774,0.984375,0.9962053894996643,0.014070351608097553,1.0230478048324585,0.21238136291503906
31,1.0870516413241451,1.0,0.9036409622058272,0.7247375007199831,0.04205102036671607,0.4941246807575226,0.0,1.0,64,1.0,39,0.609375,0.8204035515881433,48.8503125,25.389133131171366,-0.374278899943575,0.43434206505367895,2.765625,1.1824522651570337,-0.5243163904500179,0.3696426379517572,2.1542706250000005,1.3849893829645812,-0.07827722871640688,0.6619363228771379,271.99239062500004,66.05554774690988,-0.4816443311612215,0.43856589533826734,1.0,1.0012779235839844,0.027233636006712914,0.9999998807907104,0.22487393021583557
32,1.06780976020797,1.0,0.9297638591378927,0.7213691805046781,0.03793837905321246,0.3980324864387512,0.0,1.0,64,1.0,33,0.515625,0.812596205362328,40.82390625000001,20.713917092228378,-0.5115898450464853,0.3543612725455067,2.453125,1.1029744939820685,-0.6220060205211173,0.34479734494389214,2.501036875000001,1.2780540948069206,0.08745485504265296,0.6108280961285872,266.97825000000006,68.85596601965588,-0.5149349652950966,0.45715885216021646,1.0,1.0003951787948608,0.016251904889941216,0.9999998211860657,0.22553497552871704
33,1.074257962914324,1.0,0.9179770145565271,0.7249291490380385,0.03843397365618886,0.5287173390388489,0.0,1.0,64,1.0,41,0.640625,0.8190221609215791,47.474218750000006,26.930245473531215,-0.39782028664608676,0.4607064908811395,2.703125,1.1816260975346644,-0.5438543164642378,0.3693843723216581,2.0717028125000008,1.3185112044253615,-0.11773936096558713,0.6301640063561048,271.58015624999996,70.61247278150897,-0.48438129942396035,0.4688209151807423,1.0,1.0012773275375366,0.02268339693546295,0.9999998211860657,0.19743840396404266
34,1.0804379443873684,1.0,0.9229326387867332,0.7300806247151834,0.05288401351915507,0.5756801962852478,0.0,1.0,64,1.0,39,0.609375,0.8360147314114107,41.90921875000001,22.006581281565488,-0.49302296960244674,0.3764753963526048,2.515625,0.9012523838387336,-0.6024680945068974,0.2817376383292875,2.273195468750001,1.4145174647858394,-0.021438761404757783,0.6760488569823028,266.5714375,71.50210997758107,-0.5176359358325133,0.47472752782312766,1.0,1.0008164644241333,0.034978438168764114,0.9999998807907104,0.22604623436927795
35,1.0934620807749709,0.984375,0.9142513672510783,0.7358281102261669,0.044497295721558035,0.5372642278671265,0.0,1.0,63,0.984375,47,0.746031746031746,0.8471027593260263,47.24571428571429,25.90579421087385,-0.4017294039987383,0.44318079299021196,2.761904761904762,1.0795984808337746,-0.5254793622365787,0.3374898438975114,1.990639206349207,1.4622192300423773,-0.15648257880871563,0.6988472491411463,277.7975396825397,60.74565677147328,-0.4431019152577657,0.4033116711402721,0.984375,0.9985758066177368,0.02737819030880928,1.0230478048324585,0.2155970185995102
36,1.0668674830188762,0.984375,0.9218587383391366,0.7065008819172736,0.05045162776189784,0.5049065947532654,0.0,1.0,63,0.984375,49,0.7777777777777778,0.8636933140544573,32.22857142857143,24.21309162200671,-0.6586336789922582,0.41422305212636146,2.2698412698412698,1.1575336287939388,-0.6793017638723414,0.3618529023735589,3.1254212698412718,1.5425338015935692,0.38587065191931924,0.737232476363793,284.7329047619048,68.28251557368331,-0.3970555997055371,0.4533515139903221,0.984375,1.0004703998565674,0.038721296936273575,1.0230478048324585,0.21517421305179596
37,1.0833718374090608,0.984375,0.8937884711083912,0.7120936803416151,0.043316353615023506,0.6263840794563293,0.0,1.0,63,0.984375,56,0.8888888888888888,0.8386689604235816,33.47666666666667,20.078455246342163,-0.6372820140773033,0.34349017233979806,2.507936507936508,0.9236404143476924,-0.6048715695324562,0.28873628926829764,2.6498620634920655,1.2525542203087283,0.1585837743207681,0.5986407874266018,288.86179365079374,61.409672342743704,-0.3696424616108265,0.4077203028671415,0.984375,0.9986759424209595,0.01480836234986782,1.0230478048324585,0.2296760082244873
38,1.0502585389896675,1.0,0.8654354200698435,0.6888165351787394,0.0465725055745623,0.6062641739845276,0.0,1.0,64,1.0,60,0.9375,0.8702371459615014,34.216875,23.918920392324882,-0.6246189737754185,0.40919054712828745,2.65625,1.325456878778031,-0.5585077609749026,0.41434685492166357,2.954413906250002,1.569301403941037,0.30414007200814186,0.7500256778771459,310.9751093750001,82.14078045973832,-0.2228244207304065,0.5453613837876989,1.0,0.9993110299110413,0.019591836258769035,1.0,0.27180829644203186
39,1.0070098897487223,0.984375,0.8705777289375426,0.7252514636027142,0.04362320219678804,0.6268414855003357,0.0,1.0,63,0.984375,62,0.9841269841269841,0.846777097130248,26.348095238095237,19.570602902291583,-0.7592333394404753,0.3348021389706531,2.3968253968253967,1.175675186485156,-0.6396056602244027,0.36752407696481815,2.9206163492063517,1.5528905525271075,0.28798700187859544,0.7421823407556964,293.48303174603177,57.45392323404146,-0.3389604448546459,0.38145670035734763,0.984375,0.9991071820259094,0.036858271807432175,1.023047924041748,0.27404943108558655
40,0.983258083658237,1.0,0.888536115642637,0.6943526648614582,0.031998410328503285,0.5213448405265808,0.0,1.0,64,1.0,63,0.984375,0.8635983034797711,28.06484375,25.971331971051967,-0.7298642353443977,0.4443019736917227,2.375,1.3169567191065923,-0.6464284280388921,0.4116896470693496,2.9939085937500023,1.5995372547355973,0.3230160060322516,0.7644764802733148,289.841109375,76.31436038091012,-0.36314044184026995,0.5066777421308528,1.0,0.9986806511878967,0.01049979031085968,1.0,0.283852756023407
41,0.9279952876467233,1.0,0.8520533749833703,0.7011028845288082,0.026452389742869693,0.5209130048751831,0.0,1.0,64,1.0,63,0.984375,0.8748273728880304,29.235468750000003,22.80782472157907,-0.7098378848078678,0.390182588659968,2.546875,1.2738927483799412,-0.5926991314997875,0.3982275562863761,3.0343729687500023,1.4388006857478135,0.3423553886473648,0.687654683127176,311.57971875000004,86.22865960149743,-0.2188102075277136,0.5725022438212769,1.0,0.9991992712020874,0.012703454121947289,0.9999998807907104,0.27947020530700684
42,0.8962562585952633,0.984375,0.8565289382896726,0.7040736632454794,0.03232385359025173,0.5102249979972839,0.0,1.0,63,0.984375,57,0.9047619047619048,0.8834441849940193,32.50190476190476,24.338988309447817,-0.653957656229502,0.41637681716135005,2.888888888888889,1.5847598697585632,-0.4857832585886398,0.49540673737036056,2.740665555555558,1.449858800734045,0.2019820345386579,0.6929397546677756,305.2330793650795,77.53337651685773,-0.2609477671903991,0.5147712168098009,0.984375,1.000035285949707,0.03526148945093155,1.0230478048324585,0.28012481331825256
43,0.8876930587157701,0.984375,0.8497521196092878,0.6868992166603348,0.021989774054657057,0.47227156162261963,0.0,1.0,63,0.984375,59,0.9365079365079365,0.8832336021485656,37.0136507936508,27.509976505017708,-0.5767734105799183,0.47062418173299436,2.6984126984126986,1.2678555903311657,-0.545327414060548,0.3963402995296861,2.2190126984127003,1.351220699844976,-0.04733465938167852,0.6457970526361282,282.53411111111114,82.06160518976581,-0.4116541601446872,0.5448357114657134,0.984375,0.9971593618392944,0.04305614158511162,1.0230478048324585,0.2743721008300781
44,0.9588336965574058,1.0,0.9099369901232421,0.7190655563281293,0.028646375096200896,0.5232440829277039,0.0,1.0,64,1.0,62,0.96875,0.8731532406326697,30.783125,16.758822478306016,-0.6833615097325437,0.28669988555688897,2.640625,1.0211388785934066,-0.5633922424784576,0.3192149737632229,2.4698920312500015,1.4128102221394834,0.07256961216495728,0.6752329042150917,275.85031250000003,66.33391556310846,-0.4560302378872223,0.44041407667516647,1.0,0.9980741143226624,0.02723214216530323,0.9999999403953552,0.21515658497810364
45,0.9493785497660456,1.0,0.9024251694791019,0.6576654305401068,0.03721688814011132,0.5747888088226318,0.0,1.0,64,1.0,57,0.890625,0.874914164666476,43.538906250000004,27.51768971482183,-0.4651432530920348,0.47075613470110894,3.140625,1.4346949534221551,-0.4070888343646986,0.44849542164698714,2.0532326562500014,1.6975913836680148,-0.1265669140583919,0.811340081068228,297.43960937500003,85.85106090521278,-0.312691341508894,0.5699952339490836,1.0,0.9989283680915833,0.032861895859241486,0.9999999403953552,0.26968786120414734
46,1.0281851479986353,1.0,0.8927872951608151,0.7110526529382354,0.03407148868798745,0.7392187118530273,0.0,1.0,64,1.0,48,0.75,0.8550331155682755,36.893125000000005,22.17260012908669,-0.5788352935845904,0.37931554724305244,2.984375,1.3634994900530766,-0.45593364940024833,0.4262392345133366,2.4461243750000015,1.5207988100171612,0.06121019297009176,0.7268445408468743,281.111375,72.11556746866887,-0.4211002030234812,0.47880048676461906,1.0,0.9993733763694763,0.02892386168241501,0.9999998807907104,0.26641610264778137
47,0.9614688349829879,1.0,0.9232398602180183,0.6908050555764927,0.0237482732457618,0.6435152888298035,0.0,0.984375,64,0.984375,52,0.8125,0.8835163231751372,43.420468750000005,26.646134418856583,-0.46716941082117114,0.45584608932452025,2.765625,1.3198270187320003,-0.5243163904500179,0.4125869222968674,2.2294934375000013,1.643532636475486,-0.042325536584193434,0.7855034582203527,269.82478125,89.29446906504573,-0.49603584828152253,0.5928572256233996,1.0,0.9994608759880066,0.028260869905352592,0.9999998807907104,0.23796911537647247
48,0.964444140230502,0.984375,0.9018118868744562,0.6968302616704253,0.02872767409328777,0.6241623759269714,0.0,1.0,63,0.984375,44,0.6984126984126984,0.8667589537172987,45.451428571428565,31.925090687725554,-0.432424968058086,0.5461553076543715,2.761904761904762,1.305838971504961,-0.5254793622365787,0.40821416338798244,2.3436315873015885,1.5364120979615346,0.012225197240164474,0.7343066936525502,272.9337777777779,89.88364123872364,-0.47539413244816525,0.5967689458448027,0.984375,1.0005276203155518,0.01128472201526165,1.0230478048324585,0.23298996686935425
49,0.9669446654083558,1.0,0.9161870256066322,0.7006806464680592,0.020235438703712715,0.6524367332458496,0.0,1.0,64,1.0,49,0.765625,0.8663325552590329,35.274531249999995,22.38540079002995,-0.6065252248723526,0.3829560133448827,2.484375,1.1590970017108146,-0.6122370575140074,0.36234162340367976,2.7055676562500013,1.676385221055769,0.18520748399495432,0.8012048919653064,267.02896875,80.33105014932136,-0.5145982257665807,0.5333459510045238,1.0,1.001250982284546,0.015089163556694984,0.9999998807907104,0.30242007970809937
50,0.9536197396014721,1.0,0.9206733806058764,0.73626404778576,0.015549685923184443,0.6572117805480957,0.0,0.984375,64,0.984375,46,0.71875,0.8537699929089064,36.689062500000006,26.4312184451662,-0.582326272468828,0.45216943572065627,2.453125,1.2238475127134916,-0.6220060205211173,0.3825830744973315,2.741370937500001,1.2204066149811503,0.20231916198257313,0.5832762886646738,270.33039062500006,63.92183575117772,-0.49267893072044305,0.42439943478013725,1.0,0.999793291091919,0.0077981650829315186,0.9999999403953552,0.2714507281780243
51,0.9379599229205244,1.0,0.9210722199641168,0.720451471583003,0.007549407694821886,0.5745692253112793,0.0,1.0,64,1.0,43,0.671875,0.8567814677687728,38.09390625,25.282581183568084,-0.5582930480062092,0.43251923822779254,2.390625,1.3876372398343164,-0.6415439465353372,0.4337848596233465,2.5748946875000014,1.5695049720313587,0.12275416449826174,0.750122970401421,262.072875,90.02174604913183,-0.5475034663858414,0.5976858720060882,1.0,0.9968847632408142,0.008620689623057842,0.9999999403953552,0.24251225590705872
52,0.964295148896832,1.0,0.92392559023574,0.7318277052787416,0.020887550361856088,0.613987386226654,0.0,1.0,64,1.0,32,0.5,0.8322928903448087,36.67937500000001,21.951374663318354,-0.5824920004097335,0.3755309546321961,2.28125,1.082080605823799,-0.6757353170602219,0.3382657730881217,2.8206753125000015,1.264750231081924,0.2402215798792397,0.6044697003585542,259.88160937500004,62.39720871576942,-0.5620520456275756,0.4142769024017414,1.0,0.9999206066131592,0.015369360335171223,0.9999999403953552,0.19219094514846802
53,0.9510285630308382,1.0,0.9200329291634262,0.7276540069066457,0.016524571190034844,0.6190389394760132,0.0,0.984375,64,0.984375,36,0.5625,0.8443829378730316,34.97265625,21.639989981093706,-0.6116895213534758,0.3702039722100397,2.359375,1.2166448164419228,-0.651312909542447,0.38033146254762257,3.159035781250002,1.2684080183575663,0.40193623794538585,0.6062178886760147,272.498578125,66.27995429563451,-0.478283575225973,0.440055808938534,1.0,0.9987198710441589,0.01927710883319378,0.9999999403953552,0.21522077918052673
54,0.9202975857639966,0.984375,0.8788887536714948,0.7355379164730801,0.009416950438447487,0.5410425066947937,0.0,1.0,63,0.984375,38,0.6031746031746031,0.844509677517894,40.709841269841284,21.75836022445957,-0.5135412003281519,0.3722289793530096,2.1587301587301586,0.8945398605463726,-0.7140358545642879,0.2796392577940095,2.9444557142857155,1.344744846175867,0.2993806933064548,0.6427020088632691,257.35325396825397,65.34456773063664,-0.578838681883193,0.4338454502274465,0.984375,0.9991593956947327,0.011380504816770554,1.0230478048324585,0.23604083061218262
55,0.9185152369870354,1.0,0.876022114418447,0.7131881831058904,0.004956333316767102,0.5315726399421692,0.0,0.96875,64,0.96875,43,0.671875,0.8406214399191915,46.1303125,29.437601272052447,-0.4208110288997833,0.5036008303502155,2.34375,1.325456878778031,-0.656197391046002,0.41434685492166357,2.8466656250000018,1.2956419538746948,0.2526432865712092,0.619233967611648,264.64071875,67.90914400079642,-0.5304546532017858,0.4508725694695016,1.0,0.9975088238716125,0.013740457594394684,0.9999999403953552,0.24905946850776672
56,0.9247988436988839,0.984375,0.8751318435820322,0.741625944800535,0.01927954933483468,0.55729079246521,0.0,1.0,63,0.984375,31,0.49206349206349204,0.8458559738754838,45.79539682539683,28.604283552309827,-0.42654056542922825,0.4893449304985401,2.5238095238095237,1.2830660557435696,-0.5999095565764638,0.40109519469559646,2.7887230158730176,1.2208449322597201,0.22495042618167654,0.5834857762832786,273.68931746031745,68.51443686907545,-0.47037784012089356,0.4548913206232392,0.984375,0.9984112977981567,0.005314009729772806,1.023047924041748,0.27403679490089417
57,0.9348983357961256,1.0,0.9065527217462659,0.7541035256500782,0.007925378534989192,0.4620696008205414,0.0,0.984375,64,0.984375,32,0.5,0.8124817870164296,41.128125000000004,22.662741647567156,-0.5063854530957881,0.3877005944286131,2.203125,1.1205423840154374,-0.7001577245779967,0.35028918711505874,3.123140781250002,1.360294065090231,0.3847807242628073,0.6501335407713004,271.935015625,68.56486687835566,-0.48202526386261185,0.4552261431010821,1.0,0.9994717240333557,0.003461918793618679,0.9999999403953552,0.20689836144447327
58,0.9131347021337098,0.984375,0.9092935929222713,0.7256735556587747,0.010978687197826246,0.4604420065879822,0.0,0.96875,63,0.953125,32,0.5079365079365079,0.8289438275650907,36.93222222222222,23.482794812470377,-0.5781664417514015,0.4017295722301658,1.9523809523809523,1.1876156107942788,-0.7785420229921883,0.37125673499249867,3.257997142857144,1.3417074607053783,0.44923343792025494,0.6412503329195935,266.5889047619048,75.36934813108854,-0.5175199645686651,0.5004034751300465,0.984375,0.9971717000007629,0.01975683867931366,1.0230478048324585,0.25280654430389404
59,0.9267517097207163,1.0,0.8747886857017875,0.7252760445538828,0.010800773545494163,0.4159301519393921,0.0,0.90625,64,0.90625,24,0.375,0.7898969874486261,39.328125,20.067816886980385,-0.537178773728573,0.34330817766711247,1.890625,1.0018293813694026,-0.7978473546490962,0.3131786933130729,2.9572439062500013,1.310098293384911,0.3054926309640323,0.6261431730794712,245.69134375,59.12321131576065,-0.6562661845029454,0.39253968804131434,1.0,0.9976456165313721,0.010857763700187206,0.9999998807907104,0.24223841726779938
60,0.9282721547840799,1.0,0.8676107367500663,0.7165625459458735,0.017440480581348054,0.4449215531349182,0.0,0.96875,64,0.96875,23,0.359375,0.8230200454571863,39.0265625,20.701517699400537,-0.5423377241470866,0.3541491511682847,1.953125,1.06697129032369,-0.7783094286348763,0.33354249807425557,2.624857968750001,1.3708265196214435,0.1466334166256023,0.6551673802425735,235.15806249999997,64.53637889445453,-0.7262003244779204,0.42847960174639776,1.0,1.000964879989624,0.01710914447903633,0.9999999403953552,0.25288358330726624
61,0.916040851671531,1.0,0.8991641066968441,0.7233611068474513,0.005862769064013932,0.38443851470947266,0.0,0.96875,64,0.96875,24,0.375,0.8220246085663634,32.02312500000001,19.979797208289554,-0.662148333296625,0.3418023897849339,1.796875,0.9384110156935499,-0.827154243670426,0.2933536799287921,2.8742804687500016,1.2242461558680084,0.2658414152742428,0.5851113435809384,232.32321875,61.93497800200142,-0.7450218440893597,0.4112079909514387,1.0,0.9974151849746704,0.007403188850730658,0.9999999403953552,0.2683190405368805
62,0.9369566159848395,1.0,0.8816670179367065,0.7438804694925576,0.009412530117323785,0.4326275587081909,0.0,1.0,64,0.984375,26,0.40625,0.8309057409006636,34.4553125,22.584983047975566,-0.6205399280040965,0.3863703469346241,1.65625,0.9051717723725149,-0.8711145772024207,0.28296286590039155,3.208104843750002,1.4906403474975038,0.42538811071624677,0.7124307250953347,252.82964062500002,73.69456345309828,-0.6088725337505573,0.489283993620093,1.0,1.000636100769043,0.005923532415181398,0.9999999403953552,0.22915811836719513
63,0.9366616061422923,1.0,0.882086000405252,0.7558990708806211,0.008309220799865957,0.402170866727829,0.0,0.96875,64,0.96875,24,0.375,0.807841772997603,36.682500000000005,20.55243507470587,-0.582438539783635,0.3515987350221736,2.015625,1.0382104118987634,-0.7587715026206564,0.3245516514379325,3.2832992187500016,1.0517486468470993,0.4613262115426971,0.5026685694837405,262.688203125,70.58762283196764,-0.5434180876512437,0.46865592767035996,1.0,0.9986505508422852,0.006305832881480455,0.9999999403953552,0.2983163893222809
64,0.9538731001334677,1.0,0.8799604522064328,0.7680516618512048,0.013079830549063129,0.3865104913711548,0.0,1.0,64,1.0,21,0.328125,0.8046342134950439,35.81828125,21.433045423093716,-0.5972230759311987,0.36666368880575995,1.78125,0.909477013178453,-0.8320387251739809,0.2843087135218286,3.4567428125000017,1.3447757786772832,0.5442211536163485,0.6427167926200954,263.32435937500003,57.16514027041722,-0.5391944237066909,0.37953936921227016,1.0,0.9993347525596619,0.010498687624931335,0.9999998807907104,0.23485109210014343
65,0.9444652108484255,1.0,0.8813448585569859,0.7324529937326962,0.021353374647353852,0.3484291732311249,0.0,1.0,64,1.0,25,0.390625,0.8308639000302306,32.07921875,21.665297879377253,-0.6611887150581555,0.3706369245580326,1.796875,0.9384110156935499,-0.827154243670426,0.2933536799287921,2.7626904687500007,1.0367886168679565,0.21250853404178832,0.49551863219445313,227.75634374999998,58.52896788002149,-0.7753429252337766,0.3885942979365744,1.0,1.0022926330566406,0.010065127164125443,0.9999999403953552,0.2875065803527832
66,0.9477339207480233,1.0,0.855235711671412,0.7280471815650977,0.025276811610968758,0.4431852102279663,0.0,0.984375,64,0.984375,25,0.390625,0.8499073525278612,35.361875,19.215054797199382,-0.605031000372897,0.3287196351926069,1.875,0.960143218483576,-0.8027318361526511,0.3001473146525929,2.705247968750001,1.1384668966080829,0.1850546938213813,0.5441143452269864,232.26635937499998,59.67076674851118,-0.7453993533759499,0.3961751001573663,1.0,1.0000308752059937,0.027010804042220116,1.0,0.26807692646980286
67,0.9483491566886711,1.0,0.8681093705818057,0.7623762268127104,0.01276660457836773,0.33280321955680847,0.0,0.984375,64,0.984375,32,0.5,0.8164946310045289,30.163281249999997,17.916505488540405,-0.693965424919198,0.30650483229315295,1.71875,0.7997802432543579,-0.8515766511882008,0.25001675552541475,3.414129375000002,1.1305234922991372,0.5238546566086052,0.5403179061321719,253.76926562500003,62.787926534048495,-0.6026340345863973,0.41687101471543714,1.0,0.9982525110244751,0.017347509041428566,0.9999998807907104,0.31085577607154846
68,0.9523880947554786,1.0,0.8686263393610716,0.7633509906309364,0.02084623095342323,0.4150852859020233,0.0,0.984375,64,0.984375,30,0.46875,0.8120942355145357,38.7059375,20.2984470402564,-0.5478227843848014,0.3472536600323439,2.109375,1.0475743932413584,-0.7294646135993266,0.327478895832655,3.0512460937500014,1.1328679625962292,0.3504196629698427,0.5414384129509533,256.52346875,49.80865828126949,-0.5843479163017211,0.3306971111407467,1.0,0.9990577697753906,0.02774694748222828,0.9999998807907104,0.21974752843379974
69,0.9526283250443232,1.0,0.8068495653569698,0.745241126188132,0.03509810078665524,0.42965880036354065,0.0,0.96875,64,0.96875,23,0.359375,0.8077888228241684,38.72640625,24.312149892542635,-0.5474726172838557,0.4159176816185514,2.046875,1.1100350149319616,-0.7490025396135465,0.34700451191894593,2.700046406250001,1.132159872342142,0.1825686797068936,0.5410999911082874,238.307171875,59.883823906835104,-0.7052922854157566,0.39758966118343747,1.0,1.00030517578125,0.009580838494002819,0.9999999403953552,0.2146735042333603
70,0.9553389870966966,1.0,0.8442047233693302,0.7215779344272681,0.05450166894423135,0.4887189567089081,0.0,1.0,64,1.0,37,0.578125,0.8355494969577288,35.93265625,24.283534817996244,-0.5952664170159905,0.4154281520821969,2.234375,1.2715908773559992,-0.6903887615708868,0.39750797571421526,2.7605012500000012,1.2354843697798508,0.2114622275305814,0.5904824908864783,242.468703125,56.42599047554453,-0.6776624232635681,0.37463189508429123,1.0,1.0005719661712646,0.014201183803379536,0.9999999403953552,0.2423633635044098
71,0.9504009338951016,1.0,0.7939864108338952,0.7297869749365121,0.05636435401385777,0.40572816133499146,0.0,0.96875,64,0.96875,33,0.515625,0.8185296767428495,42.06515625,21.72049298705225,-0.4903552843601275,0.37158116936247554,2.59375,1.1821425199611086,-0.5780456869891225,0.3695458094922173,2.496376093750001,1.238806257349714,0.08522729977016702,0.5920701406331499,252.517890625,55.92591351207339,-0.6109423510866508,0.37131170913922773,1.0,1.0013084411621094,0.0394962802529335,0.9999999403953552,0.26857349276542664
72,0.9451225445527305,1.0,0.8393462896347046,0.7277395166319018,0.05411247275632705,0.38505733013153076,0.0,1.0,64,1.0,37,0.578125,0.820650870815353,38.0465625,21.970680620626975,-0.5591029764916028,0.37586122937304456,2.5,1.224744871391589,-0.6073525760104523,0.38286359493670563,2.6877851562500013,1.0047438791366077,0.17670858659808975,0.48020329756275526,254.982171875,59.59180978004517,-0.5945811255781982,0.3956508772154695,1.0,0.9975804090499878,0.021615471690893173,0.9999999403953552,0.32551440596580505
73,0.9501958364346702,1.0,0.8399067069403827,0.7090045958333737,0.05316282975779201,0.44195759296417236,0.0,0.984375,64,0.984375,43,0.671875,0.8435644979867875,35.6215625,22.611623961661703,-0.6005884223441046,0.38682610371078385,2.3125,1.0588171466310885,-0.665966354053112,0.3309934571754497,2.496511406250001,1.2730597139321818,0.08529197048879579,0.6084411015769062,234.01801562499998,55.66411164394103,-0.7337694946008849,0.36957351492821877,1.0,1.0003122091293335,0.06557376682758331,0.9999999403953552,0.2792939841747284
74,0.9841467989058693,1.0,0.8436549352481961,0.6977614317678701,0.062053329312615826,0.6943324208259583,0.0,1.0,64,1.0,52,0.8125,0.8679618340574251,40.3228125,23.34906010345692,-0.5201622564413936,0.39944171902217496,2.546875,1.368503830602969,-0.5926991314997875,0.4278036254799568,2.5457021875000008,1.1603759729521257,0.10880201703542056,0.5545854821260778,251.100234375,65.45666988401142,-0.620354666990007,0.43458973564995984,1.0,1.0037453174591064,0.05135440081357956,0.9999999403953552,0.25775331258773804
75,0.95473263611424,1.0,0.8160250433720648,0.6881335081161193,0.0676857640211523,0.5529752969741821,0.0,1.0,64,1.0,47,0.734375,0.8752568831796715,33.7128125,21.11282026612844,-0.6332421727651203,0.3611854688429179,2.390625,1.1126711595862455,-0.6415439465353372,0.3478285887064368,2.725953906250002,1.3762860391916383,0.19495080732164258,0.6577766813342794,247.476734375,53.509672605824946,-0.6444123514080815,0.35526944028299273,1.0,0.999987781047821,0.052901022136211395,1.0,0.26938292384147644
76,0.9572719632143007,1.0,0.8346435870043933,0.7043472496207346,0.05262416708371545,0.5780128240585327,0.0,0.984375,64,0.984375,58,0.90625,0.8767657455164947,28.286406250000002,18.83705717521877,-0.726073876954008,0.32225307854145174,1.90625,1.0711960313126632,-0.7929628731455411,0.3348631809042043,2.470661250000001,1.2304670632470989,0.07293724951808478,0.5880845393368944,222.09073437499995,47.559878777390395,-0.8129588883577824,0.31576667713214795,1.0,1.0020703077316284,0.019302615895867348,0.9999999403953552,0.2921202778816223
77,0.9118884681174737,1.0,0.8096780106425285,0.6787286847028139,0.03952063569793698,0.5122971534729004,0.0,1.0,64,1.0,59,0.921875,0.8892236773489741,28.0540625,24.28450629508646,-0.7300486745044379,0.41544477152971154,1.78125,1.2926323674966522,-0.8320387251739809,0.40408568895576746,2.6170425000000015,1.5168489594489143,0.1428981225435189,0.7249567649597675,226.01826562500003,63.71879210597978,-0.7868826340857725,0.42305135697159096,1.0,1.0005457401275635,0.016615385189652443,0.9999999403953552,0.39120516180992126
78,0.8882841689381481,0.96875,0.810834280906185,0.6879830331337727,0.04162437714811154,0.5384933948516846,0.0,1.0,62,0.96875,52,0.8387096774193549,0.8916908310096195,24.606774193548386,18.533350129254224,-0.7890228156901126,0.3170574405165505,1.8225806451612903,1.00841929240907,-0.8191184837774808,0.3152387444224059,2.652515967741936,1.4754242758899416,0.15985217077350267,0.7051584162874609,219.34043548387098,73.72246472666845,-0.8312190850676379,0.4894692399384077,0.96875,0.9989939332008362,0.026700573042035103,1.0446385145187378,0.3134683668613434
79,0.8708386269760495,1.0,0.8059317297302186,0.6821786039950262,0.022540107148792052,0.4174811840057373,0.0,1.0,64,0.984375,55,0.859375,0.8895562863835493,28.602031250000003,22.988358614993015,-0.7206743537180509,0.39327105425162395,1.84375,1.1621471238616907,-0.812500799159761,0.36329511237837014,2.709640156250001,1.2549814180465648,0.1871538784641645,0.5998008326697213,230.09175,67.30742509211932,-0.7598373459456575,0.4468775470841444,1.0,0.9962340593338013,0.02944640815258026,0.9999999403953552,0.36827465891838074
80,0.8823693131347622,0.984375,0.835620693744175,0.721173622892141,0.031090932957458003,0.44364604353904724,0.0,1.0,63,0.984375,56,0.8888888888888888,0.8795413513703778,27.516984126984124,16.869385404346627,-0.739236689251778,0.2885913297967042,1.873015873015873,0.9676032161351219,-0.8033520877721502,0.3024793607675074,2.9256985714285726,1.1909452837988506,0.29041597897488225,0.5691956570946802,236.32722222222216,49.19109193438026,-0.7184378639752171,0.3265968720678381,0.984375,0.9995176792144775,0.05466429144144058,1.023047685623169,0.30956628918647766
81,0.8977169327909017,1.0,0.873380908742547,0.7180128422821006,0.03209250035184829,0.42438986897468567,0.0,1.0,64,1.0,55,0.859375,0.8769216216085223,31.210312500000004,19.19933665591975,-0.6760534421448671,0.328450738656954,2.109375,1.0325512623472988,-0.7294646135993266,0.3227825627140938,2.6349046875000015,1.3099334473981514,0.1514351054675204,0.6260643872435226,235.087015625,49.988052794984256,-0.7266720295414335,0.3318881740901834,1.0,0.9979569315910339,0.05226071551442146,0.9999998807907104,0.2571170926094055
82,0.9408771508114868,1.0,0.8905056403018534,0.7343535812980675,0.04528452926975632,0.4987797141075134,0.0,0.984375,64,0.984375,52,0.8125,0.8614465520453516,34.065937500000004,20.448574348132286,-0.6272011220159801,0.3498219479918767,2.1875,1.0135796712641785,-0.7050422060815518,0.31685191402682916,2.6663806250000013,1.0993503178466872,0.166478589976595,0.52541912299111,249.73514062500004,73.18647709252444,-0.6294180020634401,0.48591063048505406,1.0,0.9986457228660583,0.020624302327632904,0.9999998807907104,0.3088763356208801
83,0.9241895901014531,0.984375,0.864195056850948,0.7406850759530801,0.03569900098554697,0.5176551342010498,0.0,1.0,63,0.984375,50,0.7936507936507936,0.8516901787049632,34.33238095238095,20.948690659867307,-0.6226429672050509,0.3583776379590669,2.1746031746031744,1.134448786362263,-0.7090738416082956,0.3546364232778788,2.8126985714285726,1.223356827120788,0.23640920794461692,0.5846863013329582,245.70568253968253,70.96177117401447,-0.6561709842608812,0.47114002943343675,0.984375,0.9970200657844543,0.02375565655529499,1.0230478048324585,0.254296213388443
84,0.9492036462864104,1.0,0.886752299964428,0.7526286820758903,0.04335112952897474,0.592900812625885,0.0,0.96875,64,0.96875,42,0.65625,0.8333080944632146,38.96671875,20.222770199601698,-0.5433614951368745,0.34595902602192374,2.234375,0.9141626547693796,-0.6903887615708868,0.2857734770215514,2.862813750000001,1.0129154206430881,0.2603610572742451,0.4841087716433287,245.647515625,62.29970847142672,-0.6565571747609515,0.41362956416272334,1.0,0.9987096190452576,0.019875070080161095,0.9999999403953552,0.25340959429740906
85,0.9361081070162678,1.0,0.8979415697976947,0.7609038752549373,0.033342637777707476,0.4533413350582123,0.0,0.953125,64,0.953125,41,0.640625,0.8125651582620527,38.9,17.70958585766477,-0.5445028795040793,0.3029649753271691,2.390625,0.8947273938887755,-0.6415439465353372,0.2796978819951146,2.9067356250000014,1.0121052613934167,0.28135290370207666,0.4837215673504521,251.21910937500002,49.68514737484347,-0.619565414268826,0.329877079014629,1.0,1.0008416175842285,0.023411370813846588,0.9999998211860657,0.28388750553131104
86,0.9445607521379062,1.0,0.8894694885239005,0.7711824683060253,0.02597922277663721,0.49039578437805176,0.0,0.921875,64,0.921875,34,0.53125,0.7956248864453598,41.8278125,21.278402450368397,-0.494415618912315,0.3640181495597945,2.15625,0.8332682266233364,-0.7148111690886617,0.2604853273882712,3.141197343750001,0.883570306563877,0.3934106060020208,0.4222900817321827,256.962890625,41.981095262524576,-0.5814304407131609,0.2787271812752697,1.0,0.9995405673980713,0.031099196523427963,0.9999998807907104,0.21891944110393524
87,0.9009464738585702,1.0,0.8671305645257235,0.7636317464833107,0.018271903423090284,0.40031155943870544,0.0,0.984375,64,0.984375,44,0.6875,0.8277815952752945,39.3965625,16.941113564597625,-0.536007986017014,0.28981841215059795,2.484375,0.935283838936074,-0.6122370575140074,0.29237610315885687,2.916807812500001,0.9302097892301453,0.28616676497717736,0.4445807707704763,248.635515625,53.67873608358349,-0.6367187972140476,0.3563919118697285,1.0,0.997629702091217,0.007843137718737125,0.9999999403953552,0.2930102050304413
88,0.9062501493248878,1.0,0.8654412049800158,0.7665551792945746,0.0053362236240107296,0.3516930937767029,0.0,0.921875,64,0.921875,42,0.65625,0.8006991043466993,41.6259375,21.627697427051586,-0.4978691753582836,0.3699936785666982,2.15625,0.939061200082295,-0.7148111690886617,0.2935569320005185,2.966618125000001,0.9616070456969346,0.309972907827916,0.45958665077915245,247.5165,48.98837826273188,-0.644148333509106,0.3252509850691501,1.0,0.9998012781143188,0.013842746615409851,0.9999999403953552,0.3693545162677765
89,0.901866975398345,1.0,0.8613439491018653,0.7727415029331525,0.007517494452061911,0.46755746006965637,0.0,0.890625,64,0.890625,42,0.65625,0.7955482676537318,46.63203125,21.556905301701434,-0.4122279253796555,0.3687826093365962,2.546875,1.0297100244122128,-0.5926991314997875,0.3218943723690617,2.734126718750001,0.9599383689592642,0.19885688885580854,0.45878913004910915,248.404296875,45.08071525493181,-0.6382539394022749,0.299306643009308,1.0,0.9982906579971313,0.016233766451478004,0.9999998807907104,0.33647093176841736
90,0.909087121502544,1.0,0.8574352893047035,0.7739348895843892,0.0059937404311821325,0.3442843556404114,0.0,0.859375,64,0.859375,31,0.484375,0.7459957721632773,42.1353125,19.47924921300469,-0.4891550933042143,0.33323931483443137,2.328125,0.7511384588576197,-0.661081872549557,0.234811002169525,2.9159946875000013,0.8247812708226974,0.2857781432453723,0.39419268356966963,242.00090625,50.87133792278037,-0.6807682904059749,0.3377526131285986,1.0,0.9975968599319458,0.002913752803578973,0.9999999403953552,0.30098217725753784
91,0.8799860579695735,1.0,0.8395643988624215,0.7346942796835614,0.0039310347930415586,0.3147798776626587,0.0,0.859375,64,0.859375,34,0.53125,0.7878340809306786,43.54703125,20.1653048792728,-0.46500425546417845,0.3449759437807274,2.25,0.770551750371122,-0.6855042800673319,0.24087972942205768,2.603784375000001,1.143628744221212,0.13656158695798204,0.5465813781662378,231.6581875,69.27866027543111,-0.7494372192627163,0.4599652672314937,1.0,0.9981641173362732,0.009696969762444496,0.9999998807907104,0.40296411514282227
92,0.9112198928071468,1.0,0.8543661162257195,0.7813879860573766,0.010290828620017765,0.3582257926464081,0.0,0.828125,64,0.828125,26,0.40625,0.7429382278350052,44.72203125,20.64544056653971,-0.4449030600511106,0.3531898172058676,2.328125,0.9363273916611646,-0.661081872549557,0.292702324853813,2.895030937500001,0.740618984373711,0.2757588118631976,0.3539684947764483,243.990765625,44.42972407414256,-0.6675569177331181,0.29498448476827654,1.0,0.9998852610588074,0.005238649435341358,0.9999999403953552,0.32576295733451843
93,0.9357959287281155,1.0,0.838558659888804,0.82673166368411,0.0050473105249755,0.28255072236061096,0.0,0.796875,64,0.796875,25,0.390625,0.671028030585576,52.60796875,15.879778727568072,-0.3099951700913316,0.2716617321864893,2.421875,0.6568077986557407,-0.6317749835282273,0.2053225948111758,2.737487656250001,0.7249096627635372,0.20046320197093698,0.34646044402209913,255.748375,32.99097372980412,-0.58949403492513,0.21903861863850269,1.0,1.000352382659912,0.0016872890992090106,0.9999998211860657,0.3052907884120941
94,0.9301068512512,1.0,0.8646978298202157,0.8208702665409986,0.0030666347320172215,0.2699131369590759,0.0,0.71875,64,0.71875,25,0.390625,0.646022342884604,46.7440625,15.782415424170464,-0.41031136193402123,0.2699960991757173,2.28125,0.6952686081652184,-0.6757353170602219,0.21734570602146666,2.686944062500001,0.7941879477663,0.17630659759303452,0.3795710323009812,242.237671875,39.65499989363523,-0.6791963205736863,0.2632834201848641,1.0,0.9976935982704163,0.0023242300376296043,0.9999997615814209,0.3437547981739044
95,0.9250512464500015,1.0,0.8603949835523963,0.8123046875826628,0.006818166764846259,0.30434587597846985,0.0,0.78125,64,0.78125,22,0.34375,0.6880337606359362,53.45953125,21.498626586197858,-0.29542714947946724,0.3677856120185026,2.484375,0.8837453588987045,-0.6122370575140074,0.2762648230011693,2.7426140625000004,0.701363718690949,0.2029132962059091,0.33520698906440266,253.15054687499997,48.82390118576971,-0.6067419248668021,0.32415896420215323,1.0,0.9962223768234253,0.016538036987185478,0.9999999403953552,0.35971203446388245
96,0.9273543220419111,1.0,0.8572297459468246,0.8123362397588123,0.0067555728156543735,0.2586323618888855,0.0,0.765625,64,0.765625,21,0.328125,0.614587195486539,59.877343749999994,22.77941040187028,-0.18563506166080346,0.3896964935169929,2.671875,0.8670115249378176,-0.5536232794713477,0.2710337124433765,2.798961875000001,0.7672429147417951,0.229843945831961,0.36669303027480976,269.9475625,44.659053203436194,-0.4952206605997351,0.2965070811034271,1.0,0.9980783462524414,0.005801687948405743,0.9999998807907104,0.4591488242149353
97,0.9169038908653407,1.0,0.8677309462800622,0.7964654197370797,0.005231904133470826,0.21638992428779602,0.0,0.703125,64,0.703125,23,0.359375,0.6061948140173143,55.29203125,23.90441742516482,-0.264077838335257,0.4089424390627949,2.625,1.0532687216470449,-0.5682767239820126,0.32925898170611057,2.883057968750001,0.6683924145552053,0.2700364987496245,0.3194488149668066,264.005359375,60.22679456551276,-0.5346730264143745,0.39986676339707794,1.0,0.999098539352417,0.0027457440737634897,0.9999998211860657,0.5950823426246643
98,0.9389521379282957,1.0,0.8559343479573727,0.8302121601761006,0.01447846428973562,0.22927802801132202,0.0,0.546875,64,0.546875,14,0.21875,0.5576849343633465,49.61875,18.078862182463254,-0.361132931985933,0.30928233325584475,2.265625,0.7340424779091466,-0.6806197985637769,0.22946668199493653,2.811284375000001,0.6157760229018828,0.2357333125224073,0.29430154579459644,242.46556249999998,43.671490872147864,-0.677683274971896,0.28995030922283854,1.0,0.9995653629302979,0.0005941770505160093,0.9999998807907104,0.4305829405784607
99,0.9426377969527027,1.0,0.8571411985903978,0.8436120619324791,0.012088843526505555,0.21831293404102325,0.0,0.6875,64,0.6875,23,0.359375,0.618238178385674,51.06234375,17.001980559462357,-0.3364367957596917,0.2908596881999445,2.40625,0.7228145941387736,-0.6366594650317822,0.2259567689965076,2.8046650000000004,0.6505628226533936,0.23256967473489853,0.310927410653495,252.0085,40.36814060424075,-0.6143243736895971,0.2680182109014169,1.0,0.9999707341194153,0.0017281105974689126,0.9999998211860657,0.37904077768325806
100,0.9321168777741118,1.0,0.8566181836649776,0.814722434642914,0.01815223696974874,0.18922720849514008,0.0,0.640625,64,0.640625,17,0.265625,0.5838971744961456,48.161562499999995,18.18425686022373,-0.3860616219357032,0.3110853622032155,2.28125,0.7173900177030623,-0.6757353170602219,0.22426100942755708,2.7294704687500007,0.706513525466405,0.19663149923094395,0.3376682672535368,245.71276562499997,45.27854960400061,-0.6561239571789788,0.30062013447804053,1.0,0.9989613890647888,0.0,0.9999998211860657,0.41081157326698303
101,0.940245586695551,1.0,0.8650892376899719,0.835669562775319,0.013274966113003632,0.2272300273180008,0.0,0.578125,64,0.578125,18,0.28125,0.5294172196251747,49.467812499999994,18.628571257341335,-0.36371508022649474,0.3186864264766627,2.40625,0.7441175562369161,-0.6366594650317822,0.23261622015422342,2.825276562500001,0.7051610748488137,0.2424206830226289,0.33702188237889974,256.382578125,37.71322127699578,-0.5852833384608809,0.2503912724909557,1.0,0.9986513257026672,0.002855511149391532,0.9999997615814209,0.33348822593688965
102,0.9457635116053129,1.0,0.8712705941870809,0.8176170464598196,0.04237948789027512,0.2911123037338257,0.0,0.703125,64,0.703125,24,0.375,0.6056156643461728,45.717812499999994,18.008683796708844,-0.42786783154479663,0.3080817635147187,2.359375,0.7366984521328928,-0.651312909542447,0.2302969576410042,2.6928623437500008,0.888637546941142,0.17913515741924196,0.4247118984650169,245.10873437499995,49.86727278211952,-0.6601343320075024,0.33108627332200047,1.0,1.0006158351898193,0.0,0.9999998807907104,0.3731091022491455
103,0.9360804865622583,1.0,0.8666019337251782,0.8096340731819435,0.03839397890746266,0.283139705657959,0.0,0.609375,64,0.609375,20,0.3125,0.5748328892220631,43.85046875,17.995819169817565,-0.45981322867000596,0.3078616831921163,2.28125,0.7388494010960556,-0.6757353170602219,0.23096935894824638,2.8296859375000007,0.868845250689671,0.24452808219087283,0.41525244703301356,244.432453125,48.09896678396848,-0.6646243998674058,0.3193458710429592,1.0,1.0004180669784546,0.009467455558478832,0.9999998807907104,0.30497920513153076
104,0.9332471848364696,1.0,0.8649398814886808,0.8264331636538493,0.021841545217397326,0.2143719345331192,0.0,0.75,64,0.734375,25,0.390625,0.6259901070167053,48.96187499999999,16.201275786473573,-0.37237035559185566,0.2771617110850307,2.453125,0.7691246546399355,-0.6220060205211173,0.24043360956907958,2.936078593750001,0.5371195125413994,0.2953769656014524,0.25670876574965557,261.6370625,39.60165758639207,-0.5503969780708012,0.2629292619417876,1.0,0.9992517232894897,0.011738400906324387,0.9999998211860657,0.4563955068588257
105,0.9513099613141345,1.0,0.8838874436914921,0.804350015344673,0.06396790989682241,0.3200032413005829,0.0,0.765625,64,0.765625,29,0.453125,0.6543414833357304,49.211406249999996,17.785368272401925,-0.3681015245978836,0.3042614154356846,2.65625,0.955555303213791,-0.5585077609749026,0.2987131010669838,2.634310937500001,0.8558740586469176,0.1511513309515978,0.4090530470450261,261.89225,51.2647418776419,-0.5487026989642918,0.34036455964298556,1.0,0.9991880655288696,0.023822715505957603,0.9999998807907104,0.3399035334587097
106,0.945253078232772,1.0,0.8855037409812212,0.80460775053063,0.0548224026945615,0.2632707357406616,0.0,0.78125,64,0.78125,28,0.4375,0.6753679619790129,47.98468749999999,17.352100014186863,-0.3890874933728831,0.296849321882782,2.59375,0.9137619698258403,-0.5780456869891225,0.28564822017704133,2.658261250000001,0.91574101785709,0.16259804814886164,0.43766562366752176,265.3723125,42.60241188993701,-0.5255973462996923,0.28285231977285236,1.0,0.9981376528739929,0.03781979903578758,0.9999999403953552,0.3745390772819519
107,0.9471239255758421,1.0,0.906579558737576,0.7992904752372799,0.05454931401377554,0.393893301486969,0.0,0.90625,64,0.90625,31,0.484375,0.7386969838157598,43.3028125,17.833032680669984,-0.4691822033937829,0.30507682955044585,2.46875,0.7493486755176124,-0.6171215390175623,0.2342515036978683,2.411576406250001,0.9614326852937493,0.04469847405113564,0.4595033176608199,250.73451562499997,45.22087915339559,-0.6227828017418418,0.30023724017670106,1.0,1.0008020401000977,0.010053222998976707,0.9999998211860657,0.46915531158447266
108,0.9509479878795175,1.0,0.916595783084631,0.7976475005980753,0.060278322022666614,0.3536575436592102,0.0,0.875,64,0.875,36,0.5625,0.7247911393077264,37.776875000000004,16.15995812136823,-0.5637166285239106,0.27645487324648244,2.328125,0.8111467095260881,-0.661081872549557,0.2535699903583778,2.4236885937500006,0.9287425400438415,0.05048732482094204,0.4438795195240245,245.62214062499996,37.48543809303955,-0.6567256482650525,0.2488789402278501,1.0,0.9989113211631775,0.03901560604572296,0.9999998807907104,0.3132919669151306
109,0.9394128326040494,1.0,0.9241609498858452,0.7494241906118965,0.03636463868684178,0.3362349569797516,0.0,0.875,64,0.875,37,0.578125,0.7463424450561741,36.35859375,15.96564670111928,-0.5879797336787534,0.2731307099874059,2.40625,0.8609360821222444,-0.6366594650317822,0.2691344876076278,2.242811093750001,1.155928912359447,-0.035960548869560446,0.5524600716554007,248.284390625,53.48076687102608,-0.639050038953056,0.35507752499510425,1.0,0.999745786190033,0.01355332974344492,0.9999999403953552,0.3370409607887268
110,0.9299530072651736,1.0,0.9172442089766264,0.7660922586059202,0.03263408725799221,0.32134687900543213,0.0,0.90625,64,0.90625,38,0.59375,0.7567240565117626,42.87859375000001,15.45895178238036,-0.4764394833866657,0.26446247715644455,2.640625,0.7779618302815376,-0.5633922424784576,0.2431961709108442,2.1131200000000003,1.0082386609888065,-0.09794459492992302,0.4818735797157856,258.6970625,48.25037546611526,-0.569916666821771,0.32035112626394546,1.0,0.9996556639671326,0.005033556837588549,0.9999998807907104,0.4472184479236603
111,0.936935520296243,1.0,0.9249217789620161,0.7651903482850211,0.025493306113025693,0.29600444436073303,0.0,0.828125,64,0.828125,30,0.46875,0.7306608969623474,37.523125,18.560870540854893,-0.5680576313631157,0.31752824321564255,2.625,0.8385254915624212,-0.5682767239820126,0.262128784242943,2.0633575000000004,1.1463716525043819,-0.12172788646437943,0.547892312853018,251.00340624999995,42.85481059954019,-0.6209975427935243,0.28452808312407696,1.0,0.9984944462776184,0.0035005833487957716,0.9999998807907104,0.349372535943985
112,0.9650617108340867,1.0,0.9239036738872528,0.7903426251146187,0.02922088005968055,0.3517603874206543,0.0,0.828125,64,0.828125,32,0.5,0.712481728280761,40.202031250000005,14.541107159928485,-0.5222285096401037,0.24876054173964565,2.78125,0.7173900177030623,-0.519431908946463,0.22426100942755708,1.7982012500000004,0.9105376291827887,-0.24845561107494393,0.43517873675854424,254.367609375,36.7850948995553,-0.5986614210605172,0.2442291167055124,1.0,0.9985274076461792,0.009620826691389084,0.9999998211860657,0.33842894434928894
113,0.9579444692479637,1.0,0.9210013570263982,0.7653683999978467,0.027693110407483755,0.29054585099220276,0.0,0.78125,64,0.78125,30,0.46875,0.6787346668976972,33.9640625,15.697597718157189,-0.6289439384267941,0.26854508872204835,2.625,0.8569568250501305,-0.5682767239820126,0.26789054472336343,2.0732904687500007,0.9886508651020186,-0.11698056284551177,0.4725118663755615,244.976265625,40.59317542674285,-0.661013838391594,0.2695122958311349,1.0,0.9990377426147461,0.017431724816560745,0.9999998807907104,0.30087512731552124
114,0.9580462345124479,1.0,0.9229751843959093,0.7683744672407716,0.033089474211817335,0.3026282489299774,0.0,0.8125,64,0.8125,29,0.453125,0.7340219352824715,35.42078125,18.942560817564992,-0.6040232675709387,0.324057971589615,2.5625,0.9333240326917549,-0.5878146499962325,0.29176345436839746,2.021757031250001,1.0118848965369656,-0.1416102492124585,0.48361624704650985,243.80590624999996,42.677815987465465,-0.6687842638088661,0.2833529539613909,1.0,0.9992743134498596,0.01989467442035675,0.9999998807907104,0.42807021737098694
115,0.9691005903004174,1.0,0.9206367796286941,0.7883267298922642,0.0478914243117195,0.2855839729309082,0.0,0.8125,64,0.8125,30,0.46875,0.7288460980267851,33.074375,12.888476548233891,-0.6441641786770611,0.22048832823216394,2.40625,0.764827390657526,-0.6366594650317822,0.23909025555704935,2.101286250000001,1.112421180753524,-0.10360037038726248,0.5316661592758669,245.70551562499998,34.694146772182734,-0.6561720924658646,0.23034658043315334,1.0,0.9990084171295166,0.02896871417760849,0.9999998807907104,0.27563923597335815
116,0.9674073978333351,1.0,0.914505148306489,0.7855899518076002,0.06405431731690717,0.3288952112197876,0.0,0.828125,64,0.828125,30,0.46875,0.7533552169486752,34.372031250000006,13.862291948358449,-0.6219646536896237,0.23714777815059684,2.359375,0.7576111201500411,-0.651312909542447,0.23683440020866794,2.243695625000001,1.034186462921574,-0.035537799518340574,0.4942749690761542,244.6946875,44.74051577739517,-0.662883334091962,0.29704793963694137,1.0,0.997471034526825,0.042294323444366455,0.9999999403953552,0.2925318777561188
117,0.957623477575728,1.0,0.9212118415161967,0.7794524658151302,0.04650016949678942,0.28071674704551697,0.0,0.859375,64,0.859375,29,0.453125,0.7933577948218222,29.51796875,17.86485649079005,-0.7050050442085557,0.30562125221088143,2.125,0.8926785535678563,-0.7245801320957717,0.27905740054543343,2.508130156250001,0.9325074252443865,0.09084498970036997,0.4456788937981932,235.96181249999998,38.77586114407835,-0.7208639469835013,0.25744651040246036,1.0,0.997976541519165,0.02841918356716633,0.9999999403953552,0.33430618047714233
118,0.9791881723398477,1.0,0.8753325007855892,0.7996432990351974,0.053690380640277036,0.3402346670627594,0.0,0.84375,64,0.84375,25,0.390625,0.7628441638013772,29.7653125,12.71539126029332,-0.7007736356528528,0.21752728891640177,1.765625,0.744609534840241,-0.836923206677536,0.23277001601906086,2.864406250000001,0.9175716195608054,0.26112217039695046,0.43854053417247907,232.33571874999998,40.49824812355652,-0.7449388522154186,0.26888204024876544,1.0,0.9978029131889343,0.03414028510451317,0.9999998211860657,0.40420427918434143
119,0.9639169795805694,1.0,0.8661786196753383,0.8063186880535282,0.055010113227418535,0.3078002333641052,0.0,0.875,64,0.875,23,0.359375,0.7850683709176105,32.030625,16.205497511936343,-0.6620200277939885,0.2772339338326966,2.015625,0.8195308776214597,-0.7587715026206564,0.2561909384533882,2.963859062500001,0.8258475877123893,0.3086542524589275,0.3947023148272563,243.951625,36.53523988797496,-0.6678167860383963,0.24257024185554024,1.0,0.9991883039474487,0.01997716911137104,0.9999999403953552,0.3691886067390442
120,0.9236766689641831,1.0,0.8570665745064616,0.7874651635296549,0.031187617337037947,0.3180418014526367,0.0,0.96875,64,0.96875,25,0.390625,0.7901738756047082,29.530625,19.018672146981633,-0.7047885286728565,0.325360038573234,1.75,0.7288689868556626,-0.8418076881810909,0.22784941342792536,3.3058903125000016,0.9409869093602761,0.47212330913101136,0.4497315447459952,250.004125,50.800114250455934,-0.6276321206760683,0.3372797342457843,1.0,1.0007351636886597,0.010273972526192665,0.9999999403953552,0.27264052629470825
121,0.9102671070770393,1.0,0.8186491797678173,0.8113472710231727,0.02890816676828138,0.34332191944122314,0.0,0.859375,64,0.859375,26,0.40625,0.7707670762660044,34.6315625,14.939307654091396,-0.6175247486921364,0.2555727170134745,1.921875,0.7767055326022855,-0.7880783916419862,0.24280344369309914,3.2669684375000014,0.9306024792157822,0.45352114283726247,0.44476845146198224,253.879578125,52.15564421661521,-0.6019016312988665,0.34627957201178483,1.0,0.9995684027671814,0.006655573844909668,0.9999998807907104,0.33732765913009644
122,0.9020704620622053,1.0,0.8522201860323548,0.8124822181394744,0.02116227575410897,0.4171796441078186,0.0,0.90625,64,0.90625,23,0.359375,0.7663609666701292,27.5153125,15.368725850809616,-0.7392652864438339,0.2629189460229725,1.734375,0.755028714271848,-0.8466921696846458,0.2360271225288788,3.4695856250000014,0.8223849837246915,0.5503591963957478,0.393047411634937,253.20217187499998,41.145648255448414,-0.606399168427425,0.2731803562596044,1.0,0.9986996650695801,0.0016224986175075173,0.9999998211860657,0.2992023825645447
123,0.9017381635482196,1.0,0.8364952243864536,0.8148740991275396,0.019003185445615214,0.31048473715782166,0.0,0.875,64,0.875,18,0.28125,0.749885415932593,32.9471875,17.252475227191134,-0.6463400261592737,0.29514500076670847,1.75,0.7905694150420949,-0.8418076881810909,0.24713738784316056,3.360492968750002,0.868662947182839,0.49821988571276393,0.41516531761928355,252.0860625,47.85383032209747,-0.613809409111792,0.3177183242956,1.0,1.000746250152588,0.009534492157399654,0.9999998807907104,0.28998157382011414
124,0.8969250897694708,1.0,0.8436782602220774,0.8222035421942708,0.013961612067814712,0.3709685802459717,0.0,0.890625,64,0.890625,24,0.375,0.7580484809175476,34.1728125,13.69330704084458,-0.6253727686034086,0.2342568856843879,2.046875,0.8183383984483437,-0.7490025396135465,0.25581816133566276,3.318716406250002,0.9730585294741521,0.4782533614174625,0.46505972743678947,260.586859375,44.03283507859051,-0.5573696440998134,0.29234939984927616,1.0,0.9974779486656189,0.002776235342025757,0.9999998807907104,0.3552960157394409
125,0.8925123121373245,1.0,0.8447539964690804,0.8118010354618206,0.019304137193417455,0.3650740385055542,0.0,0.890625,64,0.890625,21,0.328125,0.7568420004865382,36.93234375,20.43545721764835,-0.5781643627270532,0.34959754798922454,1.9375,0.8637671850678283,-0.7831939101384312,0.27001950968585914,3.292381250000002,0.7839656371764256,0.46566684147374554,0.37468542179277237,264.40440624999997,54.03161221327948,-0.5320236145786446,0.3587347799715355,1.0,0.9991650581359863,0.004177545662969351,0.9999998211860657,0.3002292811870575
126,0.8960858797163127,1.0,0.849464746657759,0.8207389094486224,0.014428510712316952,0.3898414075374603,0.0,0.90625,64,0.90625,21,0.328125,0.7391698781450816,38.75796875,16.203538211190896,-0.5469326649602598,0.27720041529043515,2.03125,0.8472151069828724,-0.7538870211171014,0.2648452172537718,3.2099789062500017,0.9278476547467898,0.42628379270150246,0.4434518216006951,265.8660625,46.01746563054723,-0.5223191672790152,0.3055260565363036,1.0,0.9984978437423706,0.005907626356929541,0.9999998807907104,0.4196469783782959
127,0.8991793408376181,1.0,0.830981875769794,0.8251097657364608,0.03032895689152966,0.2968740165233612,0.0,0.828125,64,0.828125,24,0.375,0.7017855630938853,46.58265625,16.069932642417513,-0.4130726032720132,0.2749147713362327,2.296875,0.7640289486498532,-0.6708508355566669,0.23884065714308844,3.176343750000001,0.7937021615731804,0.41020833976202464,0.3793388575779593,271.736359375,48.98024898759169,-0.4833442122192223,0.32519701196693673,1.0,0.9986433982849121,0.00977869238704443,0.9999999403953552,0.4719032943248749
128,0.9134699886414503,1.0,0.8244408220052719,0.8481630990478287,0.01486090348465793,0.32097214460372925,0.0,0.84375,64,0.84375,20,0.3125,0.692966862749258,46.301874999999995,16.125056286238973,-0.4178760405269711,0.2758577935799225,2.203125,0.7110662658114221,-0.7001577245779967,0.2222841614820987,2.985220625000001,0.6848905181872028,0.31886371276677006,0.3273338530666905,264.82485937499996,38.58594835026866,-0.5292320791587899,0.2561856129109664,1.0,0.9980214834213257,0.006871035788208246,0.9999998211860657,0.48554104566574097
129,0.9094911179193048,1.0,0.8218073239549994,0.8340464427429416,0.026585549838285732,0.262449711561203,0.0,0.765625,64,0.765625,25,0.390625,0.7147460436997533,45.3521875,15.852512958198261,-0.434122724798331,0.271195285753987,2.21875,0.7997802432543579,-0.6952732430744418,0.25001675552541475,2.9190568750000008,0.8196418832119524,0.28724167297248926,0.3917363850747202,257.54387499999996,46.14253352436205,-0.5775730821522166,0.30635642604650926,1.0,0.999634325504303,0.009825327433645725,0.9999999403953552,0.30059975385665894
130,0.9065134234770371,1.0,0.8288180618546903,0.8375560404959314,0.020401693732253572,0.26405367255210876,0.0,0.859375,64,0.859375,23,0.359375,0.6987256436496299,47.713750000000005,18.01899176043155,-0.39372252965563026,0.30825810597693226,2.21875,0.7997802432543579,-0.6952732430744418,0.25001675552541475,2.9077712500000006,0.851567418159193,0.2818478661998481,0.40699474840139593,262.56032812499996,40.34931006227629,-0.5442670945216622,0.2678931883442202,1.0,0.9997416734695435,0.0058792089112102985,0.9999998211860657,0.3508847951889038
131,0.9104473506380933,1.0,0.8603708753362298,0.8411440478450711,0.006324343953023099,0.21747879683971405,0.0,0.828125,64,0.828125,19,0.296875,0.6877256752015418,45.585,16.768106538157493,-0.43013990815398634,0.2868587116856559,2.09375,0.6782042004440846,-0.7343490951028816,0.21201125585295474,2.8390964062500013,0.8537120375241576,0.249025684235729,0.40801973925972085,257.133109375,35.926539230298296,-0.5803002988697665,0.23852886519555414,1.0,1.000545620918274,0.006521739065647125,0.9999997615814209,0.31101322174072266
132,0.9153899636028148,1.0,0.8286690022796392,0.8344465887696482,0.042732566341636316,0.3898143172264099,0.0,0.875,64,0.875,28,0.4375,0.7287889257289429,47.559374999999996,18.882615175323966,-0.3963634845849005,0.32303245748846715,2.3125,0.9499177595981665,-0.665966354053112,0.29695076650595964,3.1187168750000014,1.0818696888905965,0.38266638008667336,0.5170645006415825,274.9495,50.96411008831364,-0.46201104728279496,0.3383685599979737,1.0,0.9997143745422363,0.010510510765016079,0.9999998807907104,0.4401755928993225
133,0.9176015258509742,1.0,0.8281181650236249,0.8527863881993005,0.0098816471769985,0.20712251961231232,0.0,0.78125,64,0.765625,19,0.296875,0.6642394019744288,44.33046875,14.25787977638237,-0.45160167650126326,0.24391525749880108,2.015625,0.5992752784614096,-0.7587715026206564,0.18733753684368054,2.998553437500001,0.7462414908815943,0.32523594419930946,0.356655693197576,255.23420312499996,42.56469017058759,-0.592907801919859,0.282601872078685,1.0,0.9998750686645508,0.0,0.9999998211860657,0.3732679784297943
134,0.8993661447082423,1.0,0.8389829620718956,0.8235161883111584,0.015855151253761496,0.2579955756664276,0.0,0.8125,64,0.8125,24,0.375,0.6987339676187343,45.134531249999995,16.25082872210748,-0.43784625740609745,0.2780094329935144,2.171875,0.9109522404467756,-0.7099266875851067,0.284769879621391,3.1186420312500016,1.0624532729948353,0.38263060956216643,0.5077846959733455,267.716234375,59.00383451727476,-0.5100352287974511,0.39174710370439875,1.0,0.9991524815559387,0.003632589476183057,0.9999999403953552,0.5875044465065002
135,0.9076565824836713,1.0,0.841769584454596,0.8435448717855392,0.0025376480849021903,0.154429093003273,0.0,0.734375,64,0.734375,18,0.28125,0.6418680076408927,45.99359375,16.603014444595924,-0.42314993129159634,0.2840344151462231,2.078125,0.6685966529792083,-0.7392335766064365,0.209007871028205,3.1355248437500016,0.9025822615678042,0.3906995138899045,0.4313765799687738,262.073484375,42.77877818023215,-0.5474994205319866,0.28402327728738447,1.0,0.9989687204360962,0.0016286644386127591,1.0,0.3801363706588745
136,0.9164678711507375,1.0,0.8224970893934369,0.8409075451972368,0.01857062662857192,0.2767895758152008,0.0,0.8125,64,0.8125,21,0.328125,0.6945554993404882,48.2284375,18.152934957152073,-0.38491756453719345,0.3105495258675963,2.21875,0.7597028613214512,-0.6952732430744418,0.23748829275663447,2.9614776562500014,0.852395101828413,0.30751609261756674,0.40739032824572385,265.14237499999996,46.21062332188211,-0.5271239818208411,0.3068084980379066,1.0,0.9990797638893127,0.008785529993474483,0.9999997615814209,0.4009290337562561
137,0.9131562044642234,1.0,0.8248582682572305,0.8374211684161288,0.03812003685027919,0.2540964186191559,0.0,0.75,64,0.75,23,0.359375,0.642588427039592,49.64671875,18.701779749422204,-0.3606544593823507,0.31993883345982316,2.1875,0.7880950133074057,-0.7050422060815518,0.24636387299481155,3.1690643750000014,0.8241753577930857,0.4067292641968175,0.39390309590370065,272.94528125,47.21765068027687,-0.4753177568708419,0.31349450504456544,1.0,0.9999611973762512,0.0015392509521916509,0.9999997615814209,0.36282727122306824
138,0.9044981822266913,1.0,0.8435332700610161,0.8379822031480553,0.02004424812527991,0.2082957625389099,0.0,0.828125,64,0.828125,23,0.359375,0.6898461330503957,43.624531250000004,17.82408350814351,-0.46367843193693353,0.3049237324732204,2.03125,0.7493486755176124,-0.7538870211171014,0.2342515036978683,3.2834785937500017,0.7330370958635629,0.46141194131750735,0.3503448371061424,270.751453125,39.104755997084986,-0.4898833494467341,0.2596301584169112,1.0,0.9980562329292297,0.006742738652974367,0.9999998211860657,0.4967751204967499
139,0.9125402110325296,1.0,0.8419508608058095,0.8453768670636321,0.0075272982199125395,0.2087937444448471,0.0,0.703125,64,0.703125,17,0.265625,0.6413937210948008,44.182656249999994,18.65663900282781,-0.45413036411572644,0.3191665926356651,2.0625,0.8076779989575054,-0.7441180581099914,0.2524856477911184,3.0824131250000013,0.6746213049784748,0.36531551005313356,0.32242582610717946,260.477671875,57.43887173281881,-0.5580945781186899,0.38135676817397995,1.0,0.9981867671012878,0.009952855296432972,0.9999999403953552,0.3950616717338562
140,0.9214294425354118,1.0,0.857211509719491,0.8633480624514525,0.00927241576631083,0.18971896171569824,0.0,0.75,64,0.75,11,0.171875,0.6347233744231977,41.470468749999995,17.206099793177227,-0.5005288415066883,0.2943516376505558,1.96875,0.6839396446324778,-0.7734249471313213,0.21380419480033896,3.2406600000000014,0.642550400630177,0.4409473927467621,0.30709798550654177,257.90125,29.69733562859639,-0.5752003444762375,0.19717100279023397,1.0,0.9965046644210815,0.018826134502887726,0.9999998211860657,0.37440812587738037
141,0.8879408554347903,0.984375,0.844048922024076,0.8281432343363214,0.016732681743350703,0.17162205278873444,0.0,0.6875,63,0.671875,21,0.3333333333333333,0.6808862177289563,39.15968253968253,16.77575972005242,-0.5400603863334237,0.28698963773229563,1.9206349206349207,0.7411185733288097,-0.788466048904173,0.23167871765539955,3.09338634920635,0.8300175966681288,0.3705600092316825,0.3966953123393517,249.21814285714285,45.309862421225546,-0.6328505311496709,0.3008280312284306,0.984375,0.999453067779541,0.001692047342658043,1.023047685623169,0.4317338764667511
142,0.9106080770742045,1.0,0.8287945529446006,0.8455782024007064,0.005662698173990336,0.18466077744960785,0.0,0.78125,64,0.765625,18,0.28125,0.6728331390509376,40.894062500000004,16.70787900950009,-0.5103896539905721,0.28582837524072946,1.828125,0.7614683081882003,-0.8173852806633161,0.23804018348086778,3.2493112500000016,0.7479480273377548,0.4450821367987585,0.35747130845105085,252.62628125,35.66398390291176,-0.6102227077997382,0.23678566850490987,1.0,0.998014509677887,0.005030743312090635,0.9999997019767761,0.41170501708984375
143,0.9019366400120974,1.0,0.8263509459793568,0.8310154526265048,0.00925508219283662,0.19375452399253845,0.0,0.6875,64,0.6875,21,0.328125,0.6603238538999081,42.285624999999996,14.109789584163721,-0.4865836371888724,0.24138181929237906,2.0,0.7071067811865476,-0.7636559841242113,0.22104639959961486,3.1923182812500013,0.8977803093281564,0.417843143757906,0.42908155399439396,253.50170312499998,48.617132423495946,-0.604410475648109,0.3227861540378651,1.0,1.000409722328186,0.003393665188923478,0.9999998211860657,0.5905744433403015
144,0.9231735388816457,1.0,0.84067468252033,0.8717982004935614,0.0023181604575715237,0.15957075357437134,0.0,0.578125,64,0.578125,16,0.25,0.5862605179284637,40.99640624999999,10.797817975056857,-0.5086388184858437,0.18472259502243002,1.96875,0.3521696146745201,-0.7734249471313213,0.11009062201547354,3.2219721875000014,0.47907651983552224,0.4320158138906202,0.22896792843126912,250.70831249999998,31.8623773996636,-0.622956773457591,0.21154547268958104,1.0,0.9995875954627991,0.006436512805521488,0.9999997019767761,0.6515421271324158
145,0.9155043867678997,1.0,0.8713338244706392,0.8524305051314711,0.00816298813254581,0.16789670288562775,0.0,0.5625,64,0.5625,16,0.25,0.56645414000086,41.87,16.15821907729933,-0.4936939004599842,0.2764251227233667,1.96875,0.7493486755176124,-0.7734249471313213,0.2342515036978683,3.2087356250000014,0.7804575433317055,0.42568958380066185,0.37300877735892735,255.132234375,41.40578641881705,-0.5935848081315341,0.2749075045525312,1.0,0.9989262223243713,0.0005636978312395513,0.9999998211860657,0.39249733090400696
146,0.9267831697755856,1.0,0.8294639391824603,0.8742275422849325,0.013317712064665853,0.1714630126953125,0.0,0.515625,64,0.515625,16,0.25,0.5311791591508288,43.767343749999995,14.426396622401448,-0.46123528132422836,0.24679814264962946,2.171875,0.7614683081882003,-0.7099266875851067,0.23804018348086778,3.2019870312500016,0.5809711448236906,0.42246418771718824,0.2776670406520723,259.73515625000005,30.54259946176547,-0.5630243991706392,0.20278300514938774,1.0,0.9998819231987,0.0011210762895643711,0.9999998211860657,0.44252219796180725
147,0.9217987124887079,1.0,0.8505340898409486,0.8514432441256059,0.024182493406288613,0.18701612949371338,0.0,0.53125,64,0.53125,15,0.234375,0.5170075678207224,41.82359375,12.199004488992573,-0.49448779075754806,0.20869325368351707,2.171875,0.48588474392081915,-0.7099266875851067,0.15189088285061017,3.1220154687500017,0.6313715493469603,0.3842428968776303,0.3017552097398685,255.94581250000002,35.36873784982783,-0.5881831782762287,0.23482542664737566,1.0,0.9994490146636963,0.0011580776190385222,0.9999998807907104,0.4182433784008026
148,0.9192995299714559,1.0,0.8276734761893749,0.8507174177523611,0.001848152960728206,0.16660284996032715,0.0,0.53125,64,0.53125,13,0.203125,0.49850677383312547,39.897968750000004,10.835133562237406,-0.5274302285594961,0.18536096771168076,2.0625,0.46351240544347894,-0.7441180581099914,0.14489713734764445,3.0929734375000013,0.6400908007468039,0.37036266385132427,0.30592245411072405,243.560765625,39.97627977616156,-0.6704118381966954,0.2654165097457016,1.0,0.9999603629112244,0.019300362095236778,0.9999997615814209,0.32269927859306335
149,0.922543963699869,1.0,0.8720139442011714,0.8579309354508464,0.014326262801793607,0.23777398467063904,0.0,0.671875,64,0.65625,20,0.3125,0.6096026532488673,40.14937499999999,12.382272594696621,-0.5231293211898651,0.21182849453946587,2.078125,0.5392323102105436,-0.7392335766064365,0.1685676957019274,3.1895485937500014,0.6586751871580643,0.4165194103186327,0.3148046019129445,254.42503125,31.854040914659066,-0.5982801771395999,0.21149012384857233,1.0,0.9995325207710266,0.0028620492666959763,0.9999997615814209,0.4520098567008972
150,0.9186535947485306,1.0,0.8478195341303945,0.8471571547714973,0.014106422788208135,0.14510279893875122,0.0,0.53125,64,0.53125,19,0.296875,0.4837690320810527,41.490624999999994,10.598542334178555,-0.5001840204683524,0.18131350685361378,2.1875,0.5266343608235224,-0.7050422060815518,0.16462949085305528,2.9197010937500014,0.675352686129897,0.28754956832226525,0.32277537950877866,243.49451562499996,34.686054400504474,-0.6708516951285839,0.23029285234593674,1.0,0.998053252696991,0.002385211642831564,0.9999998211860657,0.5160753726959229
151,0.9294768942404956,1.0,0.8402273412793875,0.8627339298332236,0.010324032347166232,0.1708257496356964,0.0,0.53125,64,0.53125,17,0.265625,0.5061924754759659,40.552499999999995,11.833809086680416,-0.5162329004231476,0.20244570972961864,2.09375,0.45821494683172437,-0.7343490951028816,0.1432411156769268,3.0184654687500014,0.5687492160569595,0.3347526213007808,0.2718257405772665,243.21978124999998,32.835135316203555,-0.6726757527779689,0.21800395288036395,1.0,0.9998416900634766,0.0,0.9999997019767761,0.4149048924446106
152,0.934668295193984,1.0,0.834653003141284,0.8730697966127642,0.01808725262400332,0.16873577237129211,0.0,0.46875,64,0.46875,13,0.203125,0.4666112229808761,43.84468749999999,12.130345724765792,-0.45991213082828847,0.20751868071624704,2.234375,0.605758499218129,-0.6903887615708868,0.18936423584333875,3.0769375000000014,0.5090741554835116,0.36269851159629646,0.2433048792267584,250.905296875,27.62240131933211,-0.62164892526412,0.1833947878597757,1.0,0.9996780157089233,0.012933568097651005,0.9999995827674866,0.3238898813724518
153,0.9235798813623793,1.0,0.8464409047737718,0.8516907156367252,0.0307691818815224,0.14953793585300446,0.0,0.578125,64,0.578125,19,0.296875,0.5390706662926028,40.820468749999996,11.81433417369652,-0.5116486517351939,0.2021125445963916,2.1875,0.5266343608235224,-0.7050422060815518,0.16462949085305528,3.0318362500000013,0.7918106454739912,0.34114299936683845,0.37843483388885335,250.294640625,30.338146709406537,-0.6257032857858323,0.20142557178533146,1.0,0.9974586963653564,0.02162478119134903,0.9999997615814209,0.37644389271736145
154,0.9265640966727128,1.0,0.8543872302398086,0.8455301536348441,0.04417203624431726,0.3181837797164917,0.0,0.59375,64,0.59375,22,0.34375,0.5958588826862014,39.64703125,12.285076525973432,-0.5317231168352126,0.2101657224792218,2.1875,0.582961190818051,-0.7050422060815518,0.18223764184583352,2.9435015625000016,0.8139510411647527,0.2989246697930108,0.38901652663744124,249.88070312499997,39.09679447125417,-0.6284515616913954,0.25957729906106075,1.0,0.9991045594215393,0.010477298870682716,0.9999998807907104,0.3398424983024597
155,0.9235631699857038,1.0,0.8702155821956694,0.8328340446342595,0.027977987680903857,0.228418231010437,0.0,0.640625,64,0.640625,22,0.34375,0.6381298857197173,38.37234374999999,12.266719679455301,-0.5535297062208254,0.2098516845566442,2.296875,0.5777025483542547,-0.6708508355566669,0.18059375436754735,2.737343750000001,0.8692516233222913,0.20039442398957794,0.4154466671544551,244.79884374999997,41.078756082911475,-0.662191804302347,0.2727362357195373,1.0,0.9997916221618652,0.010544815100729465,0.9999997615814209,0.34069836139678955
156,0.9232249856021226,1.0,0.8255884759128094,0.852967544262417,0.017991595599477092,0.18007846176624298,0.0,0.53125,64,0.53125,14,0.21875,0.5183538691942886,43.712031249999995,15.436378115073609,-0.4621815344061733,0.2640763003924253,2.3125,0.7043392293490403,-0.665966354053112,0.22018124403094708,2.985121875000001,0.8288533064324384,0.3188165165841218,0.39613885609004457,255.00428125,37.21496074349198,-0.5944343337011648,0.24708314646004198,1.0,0.9986392259597778,0.0040462426841259,0.9999997019767761,0.35955893993377686
157,0.9161990123853756,1.0,0.861495572142303,0.8403382671758431,0.03094366593055839,0.26012328267097473,0.0,0.65625,64,0.65625,19,0.296875,0.6117711375388798,37.29515625,14.151115017043214,-0.5719575840370075,0.24208879001734954,2.109375,0.5894167535581255,-0.7294646135993266,0.1842556947609652,3.0839359375000015,0.6614440776076592,0.3660433170089702,0.31612795441311414,251.016703125,42.60486914392814,-0.6209092601876192,0.2828686343419302,1.0,1.0011011362075806,0.008705745451152325,0.9999997019767761,0.3908957540988922
158,0.9237544232646491,1.0,0.8469481621868908,0.8559662770612583,0.029715237435403052,0.23980456590652466,0.0,0.5625,64,0.5625,22,0.34375,0.5573833123996904,41.4271875,10.253423280292477,-0.5012692711781536,0.17540941702983748,2.3125,0.6817945071647321,-0.665966354053112,0.21313361020617663,3.0387467187500015,0.7306619688509673,0.34444576134465316,0.3492096783385579,257.581421875,40.220229472323965,-0.5773237953108655,0.2670361771402539,1.0,1.0031014680862427,0.020114943385124207,0.9999999403953552,0.4054330289363861
159,0.9267146088222243,1.0,0.8552808705717325,0.8493792869683813,0.038014637554091735,0.2465512603521347,0.0,0.546875,64,0.546875,21,0.328125,0.5705511060838782,36.883906249999995,8.90916568364911,-0.5789930024315814,0.15241266414845078,2.171875,0.5170435033679468,-0.7099266875851067,0.16163132343897582,3.347251250000002,0.7167020061353523,0.4918911912651674,0.34253770922375026,260.73356249999995,38.279523773273276,-0.5563956307192715,0.2541511529216475,1.0,1.000628113746643,0.011325028724968433,0.9999997019767761,0.5046359896659851
160,0.9185648495778882,1.0,0.8399943523108959,0.8581019613232788,0.020496949684521155,0.2060452550649643,0.0,0.625,64,0.625,22,0.34375,0.5635662515348173,41.19875,10.908926175957925,-0.5051772429459602,0.18662336749758474,2.265625,0.6185211066527965,-0.6806197985637769,0.1933539139202518,3.3787268750000017,0.6612582198942674,0.5069345264192335,0.31603912631602243,273.056125,42.8890913667523,-0.4745818264286682,0.28475568513296295,1.0,0.9990217685699463,0.0026910656597465277,0.9999998807907104,0.4529932141304016
161,0.9170846629831899,1.0,0.8323565754108131,0.8600526119020854,0.02235931940379299,0.221112459897995,0.0,0.5625,64,0.5625,22,0.34375,0.5483094046058139,39.33593749999999,10.24011836460369,-0.5370451221633268,0.1751818045105058,2.15625,0.47495887979908324,-0.7148111690886617,0.14847538325297982,3.3334246875000018,0.6699284394992523,0.48528297891938715,0.3201829366256555,264.588421875,36.58869892671981,-0.5308018704543874,0.24292517511990264,1.0,0.9997783303260803,0.004422332625836134,0.9999998807907104,0.3647650480270386
162,0.9055790661922892,0.984375,0.8415595628912487,0.846246383055361,0.0273798359114625,0.1948307454586029,0.0,0.609375,63,0.59375,22,0.3492063492063492,0.600928140364138,38.01603174603174,12.934711333030725,-0.5596252783227723,0.221279285205851,2.1904761904761907,0.5870870479018072,-0.7041118286523032,0.18352741289299632,3.3657338095238116,0.7163638033680685,0.5007246723293766,0.3423760699368963,264.8621746031746,34.766489617199596,-0.5289843303017694,0.23082688989508832,0.984375,0.9993852972984314,0.004393190611153841,1.023047685623169,0.46688321232795715
163,0.9253131641952961,1.0,0.8353262115269899,0.8531845185965321,0.043377357520448766,0.2974516749382019,0.0,0.625,64,0.625,23,0.359375,0.6000413837755129,38.2671875,12.092825671233493,-0.5553286562890427,0.20687681013925852,2.109375,0.6153552708598505,-0.7294646135993266,0.19236425207231986,3.402627968750002,0.7432310888533006,0.5183577202026775,0.35521691361305296,270.22740625,42.1298963844704,-0.4933626800218765,0.2797151239916566,1.0,0.9994615912437439,0.005425936076790094,0.9999998807907104,0.45309874415397644
164,0.913209679826583,1.0,0.8229985516518354,0.8442166453228466,0.03923648390644332,0.2852477431297302,0.0,0.75,64,0.75,34,0.53125,0.6719696206545088,39.1125,11.547207319304526,-0.5408675569293755,0.1975426985536583,2.265625,0.5927211480747081,-0.6806197985637769,0.18528867101035376,3.530915000000002,0.7222235708754777,0.5796707142103877,0.34517666393745594,273.44540625,35.73475400289559,-0.47199725199445436,0.237255535962243,1.0,0.9982829689979553,0.0037214248441159725,0.9999999403953552,0.43143895268440247
165,0.9111159454142707,1.0,0.8241068627685308,0.8476457077579842,0.02513548804299817,0.19553914666175842,0.0,0.625,64,0.625,26,0.40625,0.5745916299861857,40.87296875,12.684722562950418,-0.5107505132167377,0.2170026272326963,2.34375,0.8143008887997114,-0.656197391046002,0.25455600829891595,3.603752968750002,0.7454788736499347,0.6144826035961476,0.3562912109478948,282.21878125,53.07557095031717,-0.4137477454313457,0.35238728749326736,1.0,0.9988112449645996,0.00821355264633894,0.9999997615814209,0.5786909461021423
166,0.904314643373573,1.0,0.8291990524157882,0.8444669482201488,0.02129609598212242,0.1923169046640396,0.0,0.5625,64,0.5625,21,0.328125,0.5396840762746637,37.35828125,10.067991289646532,-0.5708776793898162,0.17223715772787293,2.078125,0.443871022229431,-0.7392335766064365,0.1387571070747963,3.420438437500002,0.8161757540126914,0.5268699848727921,0.3900797970567927,261.0030625,51.19789244041053,-0.5546063259170989,0.33992072283756586,1.0,0.9974029660224915,0.017905589193105698,0.9999998211860657,0.4418332576751709
167,0.9173186787562377,1.0,0.8217942486517131,0.8604501307877246,0.019902129894030698,0.2319319099187851,0.0,0.546875,64,0.546875,22,0.34375,0.5431285278473534,36.84406249999999,11.4546473536331,-0.5796746254143383,0.19595923816439176,2.109375,0.5337715891418351,-0.7294646135993266,0.16686063707433188,3.3050609375000017,0.6848575282077815,0.47172692093877044,0.3273180859670011,259.68328125,45.04994880736159,-0.5633688154474955,0.2991023737982387,1.0,0.9994336366653442,0.0022650056052953005,0.9999997615814209,0.3594150245189667
168,0.9159752691217675,1.0,0.8082305314019322,0.8503894425975711,0.03533862388592737,0.22782225906848907,0.0,0.484375,64,0.484375,24,0.375,0.5169886158413187,37.471406249999994,12.821492559759216,-0.5689424047250474,0.21934240632418425,2.1875,0.7043392293490403,-0.7050422060815518,0.22018124403094708,3.3334275000000018,0.7191444448049022,0.48528432311446257,0.34370503865721796,257.997375,50.54205917460601,-0.5745621369656299,0.33556641629979844,1.0,0.9986255168914795,0.0022358859423547983,0.9999999403953552,0.3669169843196869
169,0.9152808294461706,0.984375,0.812436361634542,0.8671793610499827,0.03202469064440561,0.1825256645679474,0.0,0.4375,63,0.421875,17,0.2698412698412698,0.4211759311480051,41.15428571428571,12.185869870050144,-0.50593791128302,0.20846855449880392,2.2222222222222223,0.7002141269877072,-0.6941878027403184,0.21889170891515816,3.2673003174603186,0.6543977043803814,0.4536797602268765,0.31276023878940273,262.69874603174605,41.47830143809495,-0.5433480896042321,0.2753889571396316,0.984375,0.9999130964279175,0.001123595517128706,1.0230475664138794,0.33135244250297546
170,0.9216616680004539,1.0,0.808904008474201,0.8507570648537521,0.02467372737300122,0.23331063985824585,0.0,0.578125,64,0.578125,24,0.375,0.5497153823091112,41.20406249999999,13.699676971414098,-0.5050863598815927,0.23436585863685222,2.3125,0.7043392293490403,-0.665966354053112,0.22018124403094708,3.1612639062500016,0.611452294755122,0.40300113915513625,0.29223508034309886,259.705078125,39.63071956051924,-0.5632240983673105,0.26312221455724716,1.0,0.9993852376937866,0.001125492388382554,0.9999998211860657,0.6066319346427917
171,0.9237485219917776,1.0,0.8036214676685631,0.864218719559473,0.007195486700077682,0.132448211312294,0.0,0.4375,64,0.4375,17,0.265625,0.44803377875963646,40.8196875,11.128921916670265,-0.5116620168917185,0.1903869227095859,2.15625,0.5650981662507851,-0.7148111690886617,0.1766535386076666,3.2554968750000017,0.520308089311261,0.4480384698346354,0.2486739809259125,253.359328125,35.95465537401533,-0.6053557530922992,0.2387155381119603,1.0,0.9983558058738708,0.002332361415028572,0.9999997019767761,0.4889904260635376
172,0.9122532481455128,0.984375,0.8180687455903917,0.8761604423833591,0.012139068593856463,0.16152623295783997,0.0,0.453125,63,0.4375,17,0.2698412698412698,0.4855143293565767,38.895079365079354,12.95336150194421,-0.5445870587756505,0.22159834111207796,2.111111111111111,0.5665577237325317,-0.7289218934322649,0.17710980622513645,3.2689320634920644,0.6319412657009691,0.4544596304420627,0.3020274977105159,257.31301587301596,32.470438598477934,-0.5791058366774031,0.21558260375842367,0.984375,0.9993681907653809,0.0011560693383216858,1.0230475664138794,0.4428691565990448
173,0.9253528014927452,1.0,0.8247714536264539,0.8549116238653063,0.05451723272184757,0.25470075011253357,0.0,0.546875,64,0.546875,23,0.359375,0.5560588659335812,41.98234375,15.942714121796701,-0.49177199095174,0.27273839317184095,2.40625,0.878897569401577,-0.6366594650317822,0.27474937096073104,3.0632214062500016,0.9322357429100009,0.35614309624597884,0.44554904702274073,264.183296875,48.71587878764471,-0.5334916370888216,0.323441765702312,1.0,0.9999710321426392,0.0005431830650195479,0.9999998807907104,0.444100946187973
174,0.9298537886742759,1.0,0.8139889389276505,0.8774905435238554,0.019986023992575753,0.130495086312294,0.0,0.484375,64,0.484375,16,0.25,0.4834775820878261,41.90718749999999,9.865684921222842,-0.4930577190094111,0.16877622168958126,2.21875,0.5144399260360728,-0.6952732430744418,0.16081742741845656,3.431191250000002,0.6064980696576358,0.5320091413561451,0.2898672776840517,270.83062499999994,33.459625878390746,-0.4893576996651596,0.22215016424152453,1.0,0.9986985921859741,0.0010899183107540011,0.9999998211860657,0.43562212586402893
175,0.9239380520787285,1.0,0.7782318429090083,0.8676159051662038,0.013899616273977167,0.18792714178562164,0.0,0.578125,64,0.578125,21,0.328125,0.5369623505214112,43.30109374999999,13.067555375479033,-0.4692116067381373,0.22355190142433212,2.328125,0.6137662294188236,-0.661081872549557,0.19186750688658685,3.3141920312500015,0.5698698565247704,0.4760909996061344,0.2723613350299418,270.76867187499994,37.41706155329357,-0.48976902814038065,0.2484249644544794,1.0,0.9989428520202637,0.002744237193837762,0.9999997019767761,0.4502279460430145
176,0.9225418027295218,1.0,0.7886618161574006,0.8725769199906435,0.017812928170551485,0.14246287941932678,0.0,0.46875,64,0.46875,18,0.28125,0.510712250510763,42.52156249999999,15.402839249099296,-0.4825473599184294,0.26350253758486586,2.296875,0.6294761587026152,-0.6708508355566669,0.1967785378631524,3.4192409375000015,0.593165529294203,0.5262976564806792,0.2834951763153819,272.28915625,43.99155537508691,-0.4796740003340152,0.2920753294533161,1.0,0.9984025955200195,0.001614639419130981,0.9999997615814209,0.37463656067848206
177,0.9118951649340064,1.0,0.8203218504786491,0.8589460947986371,0.011842474194965601,0.14000383019447327,0.0,0.484375,64,0.484375,18,0.28125,0.512083741119,41.844843749999995,12.005217224214892,-0.4941242585000778,0.20537805736193399,2.390625,0.6985965283158799,-0.6415439465353372,0.21838603654442437,3.3729557812500017,0.8190389748029492,0.5041763128019731,0.3914482334251869,264.666515625,42.22190337446024,-0.5302833787219399,0.2803259905928523,1.0,0.9978305697441101,0.007575757801532745,0.9999998211860657,0.4876706004142761
178,0.9085055796085362,1.0,0.8087209090590477,0.8567789214558631,0.011935358066569254,0.1272280365228653,0.0,0.375,64,0.375,15,0.234375,0.463591321641755,40.059999999999995,14.041348092330738,-0.5246582950962846,0.24021096329093505,2.234375,0.744609534840241,-0.6903887615708868,0.23277001601906086,3.346404531250002,0.6620536959056126,0.49148651386996134,0.3164193129603126,258.1941875,39.578183955493,-0.5732554299104256,0.2627734122924662,1.0,0.9983015060424805,0.0017291066469624639,0.9999999403953552,0.4524632394313812
179,0.91883372097819,1.0,0.8093955335207283,0.8713018034387721,0.014616400804242119,0.16411732137203217,0.0,0.390625,64,0.390625,16,0.25,0.4012467218759891,39.44109374999999,8.697196588051286,-0.5352461720951094,0.14878642396790343,2.203125,0.5355980156563316,-0.7001577245779967,0.16743159045210215,3.321590468750002,0.5475373495006697,0.47962697942953486,0.2616878253539914,255.30431249999998,36.78244457740464,-0.5924423212468912,0.2442115202893659,1.0,0.9980891346931458,0.0028935184236615896,0.9999998211860657,0.552544891834259
180,0.9261903982969768,1.0,0.7949347132816911,0.8727550852194778,0.01337102333277303,0.1398162990808487,0.0,0.359375,64,0.359375,13,0.203125,0.38461208498778465,41.51265624999999,12.659101869083603,-0.4998071230543574,0.21656432376543228,2.25,0.6846531968814576,-0.6855042800673319,0.21402725609710455,3.3717481250000017,0.501897914015749,0.5035991303720878,0.23987509489218006,265.455609375,45.693068773685894,-0.5250443091997168,0.30337227229217906,1.0,0.9986770153045654,0.0005656108842231333,0.9999997019767761,0.45541906356811523
181,0.916438310019212,1.0,0.7990519059821963,0.8765935058476424,0.0012515656071139156,0.08805617690086365,0.0,0.453125,64,0.453125,16,0.25,0.4322179796176412,40.8684375,11.489472656897433,-0.5108280311245806,0.19655500856969876,2.15625,0.47495887979908324,-0.7148111690886617,0.14847538325297982,3.4200671875000017,0.5129510414791948,0.5266925511228364,0.24515778271595576,263.9136875,33.69877116448156,-0.535281668069891,0.22373793347647503,1.0,0.9975773096084595,0.002839295892044902,0.9999998807907104,0.461875855922699
182,0.9048654992203748,1.0,0.8312196787446737,0.8551437933817618,0.01333497142251,0.14930114150047302,0.0,0.453125,64,0.453125,14,0.21875,0.44019071487154104,37.564843749999994,11.952627848117162,-0.5673439320046997,0.20447838985079203,2.015625,0.4838707052250632,-0.7587715026206564,0.15126128062617086,3.4061909375000017,0.7498965884867873,0.5200605913307238,0.3584025960246285,256.123578125,47.95830001476697,-0.5870029300889426,0.3184119351407762,1.0,0.9990272521972656,0.0034822982270270586,0.9999999403953552,0.5377026200294495
183,0.918524627848673,1.0,0.8149779452942312,0.8712938200891973,0.009405001715010115,0.15223850309848785,0.0,0.359375,64,0.359375,15,0.234375,0.40121200643753807,36.507812499999986,8.65746489105464,-0.5854269887825462,0.14810671792073546,2.03125,0.4990224819584785,-0.7538870211171014,0.155997829310994,3.416643750000002,0.5724234721981953,0.525056367006032,0.2735817999589149,256.19046875000004,34.37065027751182,-0.5865588198235144,0.2281987740086615,1.0,0.9986969828605652,0.0028935184236615896,0.9999997615814209,0.4076952338218689
184,0.9292223104661461,1.0,0.8029366433620453,0.8892045206449872,0.00412063119071001,0.06577911227941513,0.0,0.328125,64,0.328125,10,0.15625,0.30047529955326313,38.379374999999996,8.192548038270816,-0.5534094198121036,0.14015319918998126,2.015625,0.33034960174790584,-0.7587715026206564,0.10326953724444136,3.445268750000002,0.3822015011233446,0.5387372857736544,0.18266786689019615,258.40028125,24.490909641046375,-0.5718871013888202,0.16260371885079966,1.0,0.999666154384613,0.0017381227808073163,0.9999997615814209,0.4829588830471039
185,0.91316226181079,0.984375,0.7971153722869025,0.884895400722495,0.01630176556256804,0.13730007410049438,0.0,0.375,63,0.359375,12,0.19047619047619047,0.3905848483651627,40.67047619047618,9.541112448628287,-0.5142146345007211,0.16322363045781463,2.2063492063492065,0.4767192831009907,-0.6991498156963107,0.14902569732446552,3.372293968253969,0.5521940863372596,0.5038600085281536,0.26391344765560126,264.8082063492064,24.104889868252773,-0.5293426444241819,0.16004079850499991,0.984375,0.999161422252655,0.007373794447630644,1.0230478048324585,0.45913586020469666
186,0.9229604250568977,1.0,0.8162305168807507,0.8817405505511698,0.0054867457990798564,0.13485604524612427,0.0,0.375,64,0.375,15,0.234375,0.3934949865543307,40.669374999999995,8.032310314248011,-0.5142334730070606,0.1374119482937024,2.171875,0.5464283890639284,-0.7099266875851067,0.1708172390016062,3.336184375000002,0.4986400490392443,0.48660193299839244,0.23831804384940475,263.33101562499996,23.91491083083169,-0.5391502305338176,0.15877946119899028,1.0,0.9989204406738281,0.0011402508243918419,0.9999998211860657,0.4440386891365051
187,0.9351944679157397,1.0,0.8195243654772639,0.8822319893137405,0.021044042005414307,0.15866521000862122,0.0,0.421875,64,0.421875,15,0.234375,0.4103523989938974,37.99875,10.250497929978817,-0.5599209240709111,0.17535937189085316,2.09375,0.45821494683172437,-0.7343490951028816,0.1432411156769268,3.3599107812500018,0.4657933543405571,0.4979416373321517,0.22261942509105934,257.100421875,28.72024706859947,-0.5805173226201228,0.19068376994218186,1.0,1.0006420612335205,0.0017441860400140285,0.9999997615814209,0.5006288886070251
188,0.9269908769042087,1.0,0.8077464425005019,0.8746636248000877,0.019492542162626768,0.09091074019670486,0.0,0.40625,64,0.40625,16,0.25,0.3854170746680683,40.2584375,10.68245308010261,-0.5212635453390243,0.18274900157793356,2.15625,0.47495887979908324,-0.7148111690886617,0.14847538325297982,3.405828437500002,0.7580801747325672,0.519887339521003,0.36231382672004675,264.67695312499995,33.51105422535493,-0.5302140805071992,0.22249161503258502,1.0,0.9991060495376587,0.005122367758303881,0.9999997615814209,0.48019784688949585
189,0.9255243213019377,1.0,0.8227221323177218,0.8796681631971511,0.015135010124991407,0.10013552010059357,0.0,0.421875,64,0.421875,17,0.265625,0.398775974945653,39.459374999999994,10.49857458702728,-0.5349334274324327,0.17960331858085468,2.109375,0.5036487956651937,-0.7294646135993266,0.15744404650972,3.3428865625000017,0.6397906727990682,0.48980514986312157,0.30577901215184666,257.877546875,34.504718345797336,-0.5753577178171985,0.22908889882647682,1.0,0.9994345903396606,0.001714285695925355,0.9999998211860657,0.3798137605190277
190,0.9297517230177547,1.0,0.8330776635557413,0.8811868916198802,0.017271603955117378,0.11540799587965012,0.0,0.390625,64,0.390625,16,0.25,0.39302760535267633,38.65781249999999,10.862531281420724,-0.5486460780267197,0.18582967146246904,2.125,0.4841229182759271,-0.7245801320957717,0.15134012414501247,3.3478575000000017,0.6194833673185874,0.49218093998142476,0.2960734192551566,259.62032812499996,30.716615824162815,-0.5637867832726321,0.20393836067033067,1.0,1.00005304813385,0.0,0.9999997019767761,0.38300999999046326
191,0.9313405310312673,1.0,0.8085225080139935,0.8826135969374709,0.022159772215612918,0.11892600357532501,0.0,0.390625,64,0.390625,11,0.171875,0.35025401405315926,41.78640624999999,12.332146174630797,-0.4951239722081214,0.21097096180320998,2.171875,0.6263656954008576,-0.7099266875851067,0.19580618583339743,3.446743750000002,0.6327360182683323,0.5394422414132088,0.3024073385948637,266.174609375,28.966534097351683,-0.5202706166106191,0.19231895570566634,1.0,1.0001685619354248,0.005076142027974129,0.9999997019767761,0.35585281252861023
192,0.9269483797279927,1.0,0.808042821008712,0.8869933800477336,0.008306694431491766,0.09225423634052277,0.0,0.390625,64,0.390625,16,0.25,0.37513794819417157,38.66171874999999,8.84172415925754,-0.5485792522440964,0.15125891499036556,2.09375,0.42274216432714634,-0.7343490951028816,0.13215208207543946,3.382953125000002,0.6270028887415395,0.5089544035525669,0.29966726944760397,259.30351562499993,26.548344172702294,-0.5658902123176719,0.17626374663427613,1.0,0.9991229176521301,0.004055619705468416,0.9999996423721313,0.4365517199039459
193,0.926257056571615,1.0,0.8044794052839279,0.8862680013672948,0.008075931168188173,0.07314559072256088,0.0,0.421875,64,0.421875,15,0.234375,0.3796824874695517,38.54781249999999,9.384138624021054,-0.5505278920653899,0.16053821639554516,2.140625,0.5552923638724019,-0.7196956505922166,0.173588177945604,3.469039531250002,0.6032864114436804,0.5500981985186039,0.2883323105177813,264.375671875,23.18714626620661,-0.5322143921488665,0.15394757759849143,1.0,0.9991809725761414,0.0016977929044514894,0.9999996423721313,0.5511788129806519
194,0.9218407194930713,1.0,0.8139398610219359,0.8634960249981591,0.027064287812350582,0.13277293741703033,0.0,0.390625,64,0.390625,13,0.203125,0.4040364664935612,37.54640625,7.939923127616598,-0.5676593496986814,0.1358314437046457,2.046875,0.41191957270200213,-0.7490025396135465,0.12876886616417252,3.4285685937500023,0.795044641228693,0.5307556794483147,0.379980476970597,258.15792187500006,42.80847466160494,-0.573496210084697,0.28422044261847146,1.0,0.9997000098228455,0.0011325028026476502,0.9999997615814209,0.41544535756111145
195,0.918255591241395,1.0,0.8187604695558548,0.8576267811615097,0.02563481604650259,0.1887548416852951,0.0,0.5,64,0.5,14,0.21875,0.4395594273767043,38.775625,13.201326031288486,-0.546630612422803,0.22584036958855347,2.078125,0.5094325120906595,-0.7392335766064365,0.15925207568744765,3.273040781250002,0.8193075080904929,0.4564233346826018,0.39157657515770355,254.117078125,37.57983209877369,-0.6003247856939836,0.2495056550618255,1.0,0.9995124340057373,0.0,0.9999999403953552,0.5492141842842102
196,0.9218377670131941,1.0,0.8107096245512366,0.8769528729487208,0.015013211981882333,0.07613598555326462,0.0,0.4375,64,0.4375,12,0.1875,0.4151916499133058,40.707499999999996,10.858626323112881,-0.5135812533686578,0.18576286777734066,2.046875,0.41191957270200213,-0.7490025396135465,0.12876886616417252,3.498836093750002,0.3170760893776981,0.5643390492126433,0.15154208635569277,267.851734375,33.33541597031331,-0.5091355968839286,0.22132549119885173,1.0,0.9990702271461487,0.0005589714855886996,0.9999999403953552,0.5489218235015869
197,0.9261808080494702,1.0,0.7941251522861421,0.8840286340251879,0.005515783492281583,0.08812130242586136,0.0,0.28125,64,0.28125,5,0.078125,0.2678231871450908,38.932343749999994,9.269527317740422,-0.5439495620239589,0.15857751489418861,2.015625,0.33034960174790584,-0.7587715026206564,0.10326953724444136,3.5488453125000023,0.3936430556869101,0.5882402565262161,0.18813619801891093,262.3686875,23.420575629984928,-0.5455394636890228,0.15549739682512057,1.0,0.9987544417381287,0.001716247177682817,0.9999997615814209,0.3914695382118225
198,0.9168528751803946,1.0,0.8104027132503688,0.86755792330442,0.007805686506476699,0.10699311643838882,0.0,0.46875,64,0.453125,14,0.21875,0.44076369765436096,35.9134375,10.792107390755234,-0.5955951998664968,0.18462490177054092,1.953125,0.41191957270200213,-0.7783094286348763,0.12876886616417252,3.6319846875000024,0.5894110346538977,0.6279755590857239,0.2817007680642905,261.95475,31.114927113043354,-0.5482877395945858,0.20658288869242106,1.0,0.9984399080276489,0.006853226572275162,0.9999999403953552,0.4369249641895294
199,0.9049912077831344,1.0,0.8273544805124402,0.8515669581997276,0.014828990552657718,0.11192601174116135,0.0,0.421875,64,0.421875,12,0.1875,0.40682772411529167,39.2296875,11.341998827470567,-0.5388627834506785,0.19403211472831758,2.109375,0.5036487956651937,-0.7294646135993266,0.15744404650972,3.2860500000000017,0.8020251287755896,0.4626409090039635,0.38331670345400287,256.91167187499997,37.711094650668905,-0.5817704999166351,0.2503771530746325,1.0,0.9978882670402527,0.009106431156396866,0.9999998807907104,0.47501200437545776
