step,reward_mean,valid_frac,c_mean,qed_mean,tox_mean,undersized_frac,alerts_mean,n_rankable,d_var,d_loss,w_C,unique,n_valid,unique_smiles_frac,n_scaffolds,scaffold_frac,tanimoto_dist,tpsa_mean,tpsa_sd,tpsa_drift_sd,tpsa_spread_ratio,hba_mean,hba_sd,hba_drift_sd,hba_spread_ratio,logp_mean,logp_sd,logp_drift_sd,logp_spread_ratio,mw_mean,mw_sd,mw_drift_sd,mw_spread_ratio,rdkit_valid_frac,ratio_mean,clip_frac,adv_std,kl
0,-1.3877787807814457e-17,0.984375,0.8619107802708944,0.5625941772915836,0.0,0.015625,0.0,63,6.56309355386497e-07,0.7393994927406311,0.2,1.0,64,1.0,58,0.90625,0.9098405494666016,62.50828125,33.5268727830139,-0.14062656054840467,0.5735576352344093,4.046875,2.109722193648965,-0.12378890715851043,0.6595135380811381,2.3035218750000013,1.836407974625564,-0.006944679294009307,0.8776855310066913,303.98498437500007,99.1649897685501,-0.26923430655706415,0.6583910664201373,1.0,0.9976441264152527,0.02186468616127968,1.023047924041748,0.0026219836436212063
1,1.249000902703301e-16,0.921875,0.8114638320975385,0.5410028723124907,0.0,0.0625,0.0,59,0.0037397030270719532,0.6739909648895264,0.21300000000000002,1.0,63,0.984375,54,0.8571428571428571,0.9100727169093742,60.0720634920635,35.67579870447637,-0.18230391307697308,0.6103201712986852,3.9047619047619047,2.1946130708196026,-0.16821442940512948,0.6860510049202124,2.5028001587301603,1.9853093709821412,0.0882975918627955,0.9488508727687838,311.49947619047623,103.81231264281445,-0.21934296595849112,0.6892462691517368,0.984375,0.9950367212295532,0.018460329622030258,1.1014961004257202,0.006171141751110554
2,-8.326672684688674e-17,0.828125,0.873409019888572,0.6100069421152646,0.0,0.171875,0.0,53,6.259161009229599e-07,0.7107208371162415,0.226,1.0,64,1.0,46,0.71875,0.9262220820488639,41.70875,26.849581555165813,-0.49645246876667104,0.45932654093573805,2.90625,1.765279280312325,-0.4803560569180232,0.5518383355708402,2.4477860937500013,1.6187760023670454,0.06200438822715319,0.7736713708772146,252.48317187500004,113.46658867654543,-0.6111728610165222,0.7533443859185314,1.0,0.9963494539260864,0.004170528147369623,1.1848078966140747,0.012038981541991234
3,-1.1102230246251565e-16,0.921875,0.8755578883623673,0.5949632351158962,0.0,0.078125,0.0,59,2.136623338730914e-06,0.6790869235992432,0.23900000000000002,1.0,64,1.0,52,0.8125,0.9110053778730196,48.308125000000004,34.03978352030716,-0.38355431857167943,0.5823322045618923,3.359375,2.101838388024874,-0.33870609331492907,0.6570490067052345,2.709360781250002,1.6567955088478654,0.18702035508667292,0.7918422627461822,289.918765625,106.95533130540153,-0.3626248548234101,0.7101138698429575,1.0,0.9997984170913696,0.012189616449177265,1.1014961004257202,0.015308009460568428
4,-1.0408340855860843e-17,0.9375,0.8894467537601789,0.5823299911525468,0.0,0.046875,0.0,60,0.003775085887443359,0.6618505120277405,0.252,1.0,63,0.984375,52,0.8253968253968254,0.9117378568053119,48.68571428571428,30.09180596764771,-0.3770947474925105,0.5147925719896257,3.4603174603174605,1.6215355922694772,-0.3071507921729152,0.506903078898964,2.848901904761907,1.8764449842677724,0.25371208523546435,0.8968206603207026,279.5030952380953,95.21344231972652,-0.4317781351244554,0.6321553602005029,0.984375,1.000482439994812,0.011388523504137993,1.0837911367416382,0.024293426424264908
5,4.163336342344337e-17,0.890625,0.8777339939485517,0.5689926743584237,0.0,0.078125,0.0,57,0.007447551055672233,0.6565755605697632,0.265,1.0,62,0.96875,53,0.8548387096774194,0.9101579638370412,53.695,34.07287288937467,-0.29139889130293883,0.5828982776459103,3.4838709677419355,1.7296460152844533,-0.2997878052059588,0.5406991340386859,2.440280161290324,1.8093424851376734,0.058417032689822054,0.864749958497005,278.00245161290326,97.71331031607252,-0.4417414332502634,0.6487528585702935,0.96875,0.9970690608024597,0.004291845485568047,1.1334558725357056,0.031200844794511795
6,-2.7755575615628914e-17,0.84375,0.8819288203009853,0.5467667071244405,0.0,0.125,0.0,54,0.007503861504694426,0.6553872227668762,0.278,0.984375,62,0.953125,49,0.7903225806451613,0.9066523323670274,43.631774193548395,29.349812964408915,-0.46355452400192754,0.5020990006251728,3.2903225806451615,2.1204617328444897,-0.3602923502822526,0.6628707912368018,3.548633870967744,1.9132843863733016,0.5881392010003845,0.9144275377933149,310.74625806451627,119.58994981345646,-0.2243438446592827,0.7939995231642075,0.96875,0.9978585839271545,0.001195219112560153,1.1734496355056763,0.03443664312362671
7,7.632783294297951e-17,0.96875,0.8866690594342447,0.6181460401313955,0.0,0.015625,0.0,62,0.0038275768910109188,0.6587185263633728,0.29100000000000004,1.0,63,0.984375,48,0.7619047619047619,0.90606775133218,45.88761904761905,26.281670401497895,-0.4249628829523634,0.44961105746583196,3.142857142857143,1.5415632434512991,-0.4063910512927622,0.4819031775486769,3.0358888888888904,1.4686953353794776,0.34307990149551615,0.7019424131952051,288.65403174603176,88.82973303719493,-0.3710218655956096,0.5897716805162534,0.984375,0.9991729855537415,0.010591350495815277,1.0446386337280273,0.03543300926685333
8,-2.7755575615628914e-17,0.90625,0.8538419421890686,0.576462539683631,0.0,0.046875,0.0,58,0.010868050182142142,0.6257497072219849,0.30400000000000005,1.0,61,0.953125,53,0.8688524590163934,0.9119470320762884,48.159508196721305,33.05133416251247,-0.38609676572433527,0.5654224056708688,3.2950819672131146,1.9946178589187058,-0.3588045336000487,0.6235311384671253,2.867926721311477,1.7942797128294192,0.2628047304680788,0.8575509169471562,296.22449180327874,107.8230304454789,-0.3207589322557763,0.7158748280551326,0.953125,0.9986171722412109,0.007127882447093725,1.1180340051651,0.03788534179329872
9,-6.938893903907228e-17,0.9375,0.8877994095285734,0.5544297428229399,0.0,0.0625,0.0,60,7.283237527919151e-05,0.6399369835853577,0.317,1.0,64,1.0,53,0.828125,0.9123211717864915,48.4434375,33.85692618480883,-0.38123947346161075,0.5792039909163051,3.3125,1.7309228030157786,-0.353359537825594,0.5410982665863738,2.996106718750002,1.7725610082925005,0.32406656916119747,0.8471707655931796,296.3555468750001,105.58809173045542,-0.3198888117764441,0.70103628788685,1.0,1.0002862215042114,0.005167958792299032,1.0837910175323486,0.04279434680938721
10,-3.382710778154774e-17,0.90625,0.8783742523398893,0.6025557205133378,0.0,0.0625,0.0,58,0.007179789360081794,0.6429815888404846,0.33,1.0,62,0.96875,50,0.8064516129032258,0.9098495365413993,44.348548387096784,28.357604819847293,-0.4512923809112379,0.4851248986640913,2.967741935483871,1.5446864379113392,-0.4611332587427423,0.4828795094252894,3.1704832258064535,1.629628065214502,0.4074073841138986,0.7788579626772911,292.3993870967742,88.18886089146427,-0.3461551408649049,0.5855167060897811,0.96875,0.9996073246002197,0.010620220564305782,1.1180340051651,0.0389566570520401
11,-4.85722573273506e-17,0.96875,0.9069138361561683,0.6041824047488114,0.0,0.03125,0.0,62,0.0001663572528935375,0.5905972123146057,0.343,1.0,64,1.0,53,0.828125,0.9010406032387933,45.25078125,30.419095478040575,-0.43585752211523,0.5203916446747783,2.96875,1.776308936390289,-0.4608181309038033,0.5552862812414571,2.9272884375000015,1.6552311940983693,0.2911758332482313,0.7910946203701176,280.08370312500006,95.85273429079241,-0.4279232761997141,0.6363998432944485,1.0,0.9987540245056152,0.0021673168521374464,1.0446386337280273,0.03575772047042847
12,2.7755575615628914e-17,0.96875,0.8755001550720584,0.6577488609590078,0.0,0.03125,0.0,62,0.00017611842440708788,0.6221675276756287,0.356,1.0,64,1.0,56,0.875,0.8975786779471191,43.74390625,25.775559439684542,-0.4616362360199676,0.44095281461978436,3.0,1.571225636247067,-0.45104916789669336,0.4911758437222519,2.8701251562500016,1.4997799369740816,0.2638554417278119,0.7167988641765042,279.76865625000005,84.30465494844039,-0.43001498264255966,0.5597281036909738,1.0,0.9981675744056702,0.0009136592270806432,1.0446386337280273,0.03633754327893257
13,-1.3877787807814457e-17,0.984375,0.9255735363279071,0.6231938276292627,0.0,0.0,0.0,63,0.003542673200870002,0.5813315510749817,0.369,1.0,63,0.984375,51,0.8095238095238095,0.9028977976995114,38.009365079365075,25.1338465195186,-0.5597393276584494,0.42997477478374513,2.8412698412698414,1.370972881377091,-0.5006692974566168,0.4285754675815591,3.2589568253968277,1.4354381690053892,0.4496921047802766,0.6860476152351977,283.4141111111111,68.48939402636567,-0.4058115322192272,0.45472505242761524,0.984375,0.9997876286506653,0.0013458949979394674,1.0230478048324585,0.03243476524949074
14,1.3877787807814457e-17,0.890625,0.9064399720283977,0.586264225982307,0.0,0.078125,0.0,57,0.006477152811157551,0.5829362273216248,0.382,1.0,62,0.96875,51,0.8225806451612904,0.9118678894350356,44.70258064516129,28.12308470527852,-0.44523580933516615,0.4811128691736726,3.129032258064516,1.8620477018918469,-0.41071280451249753,0.5820888037521769,3.275938870967744,1.7245056581282863,0.45780843616765726,0.8242033824684191,300.7115483870968,113.24179790859138,-0.29096779350607616,0.7518519213523563,0.96875,0.9974678754806519,0.0012360939290374517,1.1334558725357056,0.034178003668785095
15,-2.7755575615628914e-17,0.9375,0.8887527177731196,0.608383892738792,0.0,0.0625,0.0,60,0.0005437246513580929,0.5492757558822632,0.395,1.0,64,1.0,56,0.875,0.9057410137866675,39.336875,27.596509905862643,-0.5370290839754971,0.47210454326502954,2.671875,1.4258187066997683,-0.5536232794713477,0.44572064641905185,3.036582343750002,1.5916595534346611,0.3434113285566124,0.7607114430130981,271.669890625,87.94316552291697,-0.48378552150890475,0.583885448565428,1.0,0.9995604157447815,0.012404580600559711,1.0837911367416382,0.03529651090502739
16,2.7755575615628914e-17,0.921875,0.902423629316233,0.6795113532604561,0.0,0.078125,0.0,59,0.0012164032305335428,0.5869885683059692,0.40800000000000003,1.0,64,1.0,56,0.875,0.8979876712946723,33.595625,22.031069316634973,-0.6352469462438173,0.37689432297236125,2.53125,1.2743717815064801,-0.5975836130033424,0.39837730530693094,3.0751356250000024,1.556216114321727,0.36183733061797696,0.7437717465467496,261.70121875000007,91.45356742383485,-0.5499710222777977,0.6071922351289416,1.0,0.9989870190620422,0.007414272520691156,1.1014961004257202,0.0370081402361393
17,0.0,0.9375,0.8942478388547898,0.6165662342436659,0.0,0.046875,0.0,60,0.005090709459034294,0.5599964261054993,0.42100000000000004,1.0,63,0.984375,47,0.746031746031746,0.9096661034328566,39.10396825396825,27.804320695394185,-0.5410135129244383,0.4756596456389168,2.888888888888889,1.755816737653947,-0.4857832585886398,0.5488802802369876,2.8769685714285727,1.469436653851431,0.2671261563881139,0.7022967160002962,261.05860317460315,87.48482590903753,-0.554237571943877,0.5808423714888408,0.984375,1.0013561248779297,0.008530805818736553,1.0837911367416382,0.037308219820261
18,-9.71445146547012e-17,0.9375,0.9019978220264117,0.6454180577592379,0.0,0.046875,0.0,60,0.00581632389583669,0.5144340395927429,0.434,1.0,63,0.984375,50,0.7936507936507936,0.908606846712486,34.920952380952386,21.4950586949494,-0.6125740401409973,0.3677245746745044,2.5555555555555554,1.1377752976163447,-0.5899855306644792,0.35567631337016226,2.949165555555557,1.3815959677813825,0.3016316961298992,0.6603144875071411,265.1404126984127,78.9092043655711,-0.5271370102277181,0.5239058193206176,0.984375,0.998482882976532,0.010169491171836853,1.0837911367416382,0.03452630341053009
19,-8.326672684688674e-17,0.953125,0.908833315137957,0.6406100570057702,0.0,0.015625,0.0,61,0.00875386212243507,0.5321356058120728,0.44700000000000006,1.0,62,0.96875,51,0.8225806451612904,0.8962868885472817,39.14306451612903,25.21636543536818,-0.5403446775154048,0.4313864589137595,2.935483870967742,1.366310876422411,-0.47121734958879125,0.4271180930554397,2.7218287096774207,1.6185634833339746,0.1929792272619061,0.7735698003749258,264.71708064516133,86.06039410754009,-0.5299476598596147,0.571385070328224,0.96875,0.9968505501747131,0.0014197822893038392,1.0648608207702637,0.032044678926467896
20,1.3877787807814457e-16,0.96875,0.8862602364632391,0.639864849551391,0.0,0.03125,0.0,62,0.0049040041158859,0.54341721534729,0.46,1.0,64,1.0,54,0.84375,0.9100849834796477,38.96703125,26.9592467717298,-0.5433561490742645,0.4612026277001373,2.890625,1.572390571510463,-0.48524053842157816,0.4915400104260533,2.7572679687500017,1.3863985848877265,0.20991692593637631,0.6626098312452682,266.12712500000004,91.3252082735273,-0.5205858819917529,0.6063400138152196,1.0,0.9983819127082825,0.013875598087906837,1.0446386337280273,0.035017065703868866
21,-1.3877787807814457e-17,0.96875,0.9020046154337544,0.6562977174178437,0.0,0.03125,0.0,62,0.006847249956248552,0.49098941683769226,0.47300000000000003,1.0,64,1.0,53,0.828125,0.9033158115679959,37.0978125,25.596367996062327,-0.5753336225751331,0.4378873148541674,2.578125,1.497964113179952,-0.5829301684926775,0.46827379224426224,3.097755937500002,1.2953652903340624,0.37264839289957447,0.6191017401382731,274.31440625,86.32766500134804,-0.46622765691806245,0.5731595753143889,1.0,1.0003668069839478,0.0022831049282103777,1.0446386337280273,0.03310415893793106
22,4.163336342344337e-17,0.953125,0.8965637517757103,0.6548187223316666,0.0,0.03125,0.0,61,0.011891149450457784,0.5490040183067322,0.48600000000000004,1.0,63,0.984375,46,0.7301587301587301,0.8951612011154738,35.00349206349207,25.745944920879957,-0.6111620007469013,0.44044618719037587,2.5714285714285716,1.4333254231707058,-0.5850235177084867,0.4480672971553543,3.067892063492065,1.4005320536956947,0.35837537161087235,0.6693647251724835,276.63847619047624,81.32753804409018,-0.45079734335561983,0.5399619828242505,0.984375,1.001078724861145,0.015355979092419147,1.0648608207702637,0.029454343020915985
23,-5.551115123125783e-17,0.953125,0.8678559011123219,0.6132617622192474,0.0,0.046875,0.0,61,0.01259784491014132,0.5922049283981323,0.49900000000000005,1.0,64,1.0,54,0.84375,0.9111768079197022,44.22375,32.23843094332446,-0.45342735688252994,0.551515744853158,2.9375,1.6571341979453564,-0.47058709391091325,0.5180314456814394,2.7280504687500016,2.1109542068601863,0.19595283007286496,1.0089010664183489,278.70503125000005,98.13208906462009,-0.4370767611962162,0.6515332772189906,1.0,0.9989325404167175,0.005371531005948782,1.0648608207702637,0.03098243474960327
24,-1.3877787807814457e-16,0.921875,0.8932815184027462,0.625345297186361,0.0,0.078125,0.0,59,0.01695825171944668,0.5396037101745605,0.512,1.0,64,1.0,51,0.796875,0.9118333909852313,46.468593750000004,30.132212770720326,-0.4150239161246114,0.515483827346715,3.046875,1.5853793660745683,-0.43639572338602844,0.4956003961413716,2.469013906250001,1.579545930014994,0.0721499245914089,0.7549219059655511,273.3672656250001,88.9803791344689,-0.4725160549464289,0.5907718726694291,1.0,0.9991756081581116,0.0008810572908259928,1.1014961004257202,0.031905319541692734
25,-6.938893903907228e-17,0.96875,0.8838051831529986,0.615117161291356,0.0,0.03125,0.0,62,0.014997953477854604,0.5101191997528076,0.525,1.0,64,1.0,55,0.859375,0.9131748781853573,44.15890625,26.436530130979953,-0.45453666487407557,0.45226030485641383,2.984375,1.5051182210627176,-0.45593364940024833,0.4705102151324418,2.6707279687500014,1.6689334871531556,0.16855634217567564,0.7976434398709975,279.600140625,98.36398504182496,-0.4311338168431298,0.6530729157556031,1.0,0.997637927532196,0.012618296779692173,1.0446386337280273,0.026143573224544525
26,-6.938893903907228e-17,0.890625,0.8508385764925104,0.6090731434607636,0.0,0.078125,0.0,57,0.020103091493479823,0.5183411836624146,0.538,1.0,62,0.96875,50,0.8064516129032258,0.9076378061236454,52.47887096774193,37.18918317870775,-0.3122036975369172,0.6362102453851771,3.532258064516129,1.9152843799246497,-0.2846616689368854,0.5987309521785408,2.0318477419354846,1.6519834317047986,-0.13678753503968352,0.7895423977156902,277.97390322580645,95.62160690665056,-0.4419309759817164,0.6348653077161238,0.96875,0.9997580051422119,0.009644892998039722,1.1334558725357056,0.02643236517906189
27,-8.673617379884035e-17,0.90625,0.8865169060641321,0.5740422671399933,0.0,0.078125,0.0,58,0.01987771185884469,0.44410011172294617,0.551,1.0,63,0.984375,55,0.873015873015873,0.9140328293895624,42.72603174603175,28.393701545018107,-0.47904942266698497,0.4857424197929682,2.984126984126984,1.676088260471657,-0.45601118085268566,0.5239566148223636,3.2895428571428598,1.8648257740548164,0.4643102712690587,0.8912674211567766,303.07409523809525,109.40540475066855,-0.27528201827101706,0.7263807647642598,0.984375,0.9978920221328735,0.0037578288465738297,1.1180340051651,0.030952081084251404
28,-5.204170427930421e-17,0.953125,0.8614669171024542,0.5939559147972577,0.0,0.015625,0.0,61,0.029470439885514205,0.46133628487586975,0.5640000000000001,0.984375,62,0.96875,54,0.8709677419354839,0.9042597391344886,49.84903225806451,28.5393610881803,-0.35719340120336507,0.48823427591286733,3.338709677419355,1.7500557446153497,-0.34516621401317915,0.5470793545448829,3.0788532258064536,1.8802777480672095,0.3636141059767021,0.8986524762227317,310.1465161290323,96.8965550349281,-0.22832574122783753,0.6433301344636099,0.96875,0.9996228814125061,0.001689902856014669,1.0648608207702637,0.0319100096821785
29,4.163336342344337e-17,0.9375,0.9003553509712219,0.5788968447006528,0.0,0.0625,0.0,60,0.03184145667835547,0.5064526796340942,0.577,1.0,64,1.0,45,0.703125,0.9091815694844013,44.73468750000001,34.24381431225709,-0.44468654451541123,0.5858226410038231,3.296875,1.9499974959919821,-0.35824401932914895,0.6095825088736858,2.535012343750002,1.6994230973680298,0.1036929555862568,0.8122155230362785,272.71090625,107.18971551131888,-0.4768738545072393,0.7116700286006616,1.0,0.9968511462211609,0.00855855830013752,1.0837910175323486,0.02653081715106964
30,4.163336342344337e-17,0.90625,0.8525975202691967,0.6239298681698243,0.0,0.09375,0.0,58,0.03427020884881623,0.579058051109314,0.5900000000000001,1.0,64,1.0,54,0.84375,0.9056951426392938,44.564062500000006,37.38424399558046,-0.44760549470039396,0.6395472288723184,3.140625,2.0145345887760278,-0.4070888343646986,0.6297572439774862,2.977211250000002,1.7821346286086088,0.3150357439019871,0.8517463436493102,295.7272500000001,105.8267618020131,-0.324060294580256,0.7026209020062301,1.0,0.9979022741317749,0.0038314175326377153,1.1180340051651,0.026890834793448448
31,9.367506770274758e-17,0.921875,0.8707380446337037,0.6045149907233446,0.0,0.078125,0.0,59,0.03151192189254415,0.4861523509025574,0.603,0.984375,64,0.984375,51,0.796875,0.9085118768675471,45.07421875,29.748994458042585,-0.4388780474898001,0.5089279582496925,3.0625,1.5499495959546556,-0.4315112418824735,0.48452480850451285,2.6192110937500015,1.8938986835601836,0.14393457162417303,0.9051624120137677,276.099875,99.4834687398647,-0.4543733051239865,0.6605055597513584,1.0,0.9998730421066284,0.002369668334722519,1.1014961004257202,0.03128476440906525
32,-6.938893903907228e-18,0.984375,0.8527828360360766,0.6025066112297154,0.0,0.0,0.0,63,0.02599859494589277,0.44076430797576904,0.6160000000000001,1.0,63,0.984375,50,0.7936507936507936,0.898171609548622,49.6784126984127,35.80331895612647,-0.3601122583181333,0.6125017112965935,3.4285714285714284,1.9737506453393052,-0.31707481808489996,0.6170079052665293,3.1986520634920654,1.9626804074369872,0.42087028647739905,0.9380356758410373,315.56657142857154,98.57502947883329,-0.1923400975339429,0.6544741136205781,0.984375,1.0004456043243408,0.009744214825332165,1.023047924041748,0.027498245239257812
33,-4.5102810375396984e-17,0.96875,0.893317902761121,0.6217901831861994,0.0,0.03125,0.0,62,0.035173087224483306,0.48954495787620544,0.629,1.0,64,1.0,54,0.84375,0.9002739166770736,42.933125,33.07508781521789,-0.4755065954612456,0.5658287689175121,3.046875,1.8064959823855131,-0.43639572338602844,0.5647229575813377,3.273030781250002,1.7526701273809224,0.4564185553223336,0.8376641970004197,299.44621875000007,90.77989087338348,-0.29936875972495564,0.6027194607807654,1.0,0.9991949200630188,0.006625441834330559,1.0446385145187378,0.03109167329967022
34,1.1102230246251565e-16,0.96875,0.8840521458656557,0.6602642121365804,0.0,0.03125,0.0,62,0.03975004814981464,0.46261921525001526,0.6420000000000001,1.0,64,1.0,50,0.78125,0.8948868661421177,40.70625,29.43260954600356,-0.5136026376190972,0.503515434894252,2.828125,1.6061861611827566,-0.504778464435798,0.5021047421160406,2.9674245312500016,1.6902185123674942,0.31035831842704126,0.8078163202526277,272.85959375000004,86.96196283769684,-0.47588666616670844,0.5773709006004237,1.0,0.9989672899246216,0.0038554216735064983,1.0446386337280273,0.041485272347927094
35,2.7755575615628914e-17,0.96875,0.9111258925930146,0.6147269510054094,0.0,0.015625,0.0,62,0.036728741919721156,0.4643523395061493,0.655,1.0,63,0.984375,53,0.8412698412698413,0.9025254267092249,45.40428571428572,33.912496021298075,-0.43323145978894445,0.5801546463565967,2.9047619047619047,1.5707069049972042,-0.4808212456326475,0.4910136847977546,2.7351203174603187,1.8811852186422264,0.19933176547566772,0.8990861891038082,271.48593650793646,84.62779631953522,-0.48500685726044884,0.561873552325781,0.984375,0.9997900128364563,0.00046317739179357886,1.0446386337280273,0.041109926998615265
36,8.326672684688674e-17,0.9375,0.8701083650191624,0.6441553028794721,0.0,0.046875,0.0,60,0.05325662693215729,0.4717269241809845,0.6679999999999999,1.0,63,0.984375,51,0.8095238095238095,0.8981366199034981,43.19619047619047,27.302044427697588,-0.47100622904138467,0.4670670044403502,2.873015873015873,1.5583066052412549,-0.49074527154463216,0.48713726657078044,2.9622514285714296,1.7740366687624691,0.30788590628653073,0.8478760368951266,275.86377777777784,105.44561137389324,-0.45594083719634876,0.7000903109435775,0.984375,0.9982633590698242,0.0035413899458944798,1.0837911367416382,0.038014110177755356
37,-1.1102230246251565e-16,0.984375,0.8937056556580558,0.6688051587311671,0.0,0.015625,0.0,63,0.054624522615694976,0.5562167167663574,0.681,1.0,64,1.0,54,0.84375,0.8902235372190375,36.6759375,21.74536349422777,-0.582550807098442,0.37200663908567316,2.484375,1.3462005271782507,-0.6122370575140074,0.4208314608049993,3.137127031250002,1.4184624406230777,0.3914652570178698,0.6779343030598396,266.413796875,81.98503716345515,-0.5186825671027542,0.5443273495467134,1.0,0.9989379644393921,0.003315964015200734,1.0230478048324585,0.04608609527349472
38,1.8735013540549517e-16,0.953125,0.8677513482140713,0.6259639623648943,0.0,0.046875,0.0,61,0.03339705808265315,0.41068562865257263,0.6940000000000001,1.0,64,1.0,52,0.8125,0.9019007429451527,44.84796875,25.88099424406882,-0.44274859681933765,0.4427565300293732,2.8125,1.4670868242881878,-0.509662945939353,0.45862134127007054,2.9416987500000014,1.6620294329848129,0.29806304074966555,0.7943437436528539,276.506390625,93.54931603965926,-0.4516743056435763,0.6211066435238968,1.0,0.9999392628669739,0.001784121268428862,1.0648608207702637,0.039601899683475494
39,0.0,0.921875,0.8890145188671047,0.6427991295939381,0.0,0.046875,0.0,59,0.03568468868082006,0.45219579339027405,0.7070000000000001,1.0,62,0.96875,52,0.8387096774193549,0.9080907886710357,39.54548387096774,22.922968033733028,-0.5334603285029677,0.39215239139878894,2.7096774193548385,1.1554512702304718,-0.5418059855111341,0.36120194289278934,2.482436290322582,1.4318060016402423,0.07856496550546327,0.6843116715959668,248.1292903225806,77.43230425666258,-0.6400798041327864,0.5141001627076355,0.96875,0.9990758299827576,0.002989536616951227,1.1014961004257202,0.041212063282728195
40,8.326672684688674e-17,0.96875,0.8828526807408179,0.6316300279610788,0.0,0.03125,0.0,62,0.04043121120282914,0.4705275893211365,0.72,1.0,64,1.0,47,0.734375,0.9068084680878492,41.273125,29.71319913328713,-0.5039048800448138,0.5083155932983874,2.984375,1.5761125782681262,-0.45593364940024833,0.49270353510854376,2.825430625000002,1.58293378386451,0.24249431504176075,0.7565410833738236,262.68471875,86.95432925760313,-0.5434412216361046,0.5773202185910751,1.0,0.9981520771980286,0.0024654832668602467,1.0446386337280273,0.03335682675242424
41,0.0,0.921875,0.9015060915785321,0.6496940834902853,0.0,0.078125,0.0,59,0.031649821895394156,0.3851998448371887,0.7330000000000001,1.0,64,1.0,50,0.78125,0.9062221498951426,40.512187499999996,31.686572593369004,-0.5169225424998193,0.5420748831231258,2.875,1.4947825928876748,-0.4901250199251331,0.4672792273149302,2.5876443750000013,1.5753745824514207,0.1288476994851638,0.7529282686845461,268.303828125,82.72411836783812,-0.5061339882831603,0.5492343682784302,1.0,0.9986628890037537,0.004219409078359604,1.1014961004257202,0.03141780197620392
42,-5.551115123125783e-17,0.96875,0.8701077983264001,0.583649924102929,0.0,0.03125,0.0,62,0.04422466413107244,0.3797965347766876,0.746,1.0,64,1.0,48,0.75,0.9024843052712752,39.7421875,27.374275017155135,-0.5300952407705106,0.4683026820518287,2.875,1.375,-0.4901250199251331,0.4298343723128373,2.8923023437500017,1.7444160065591652,0.2744547186075266,0.8337192552900057,285.758484375,112.25682397840464,-0.39024641778820435,0.7453123347724023,1.0,0.9984520077705383,0.00045045046135783195,1.0446386337280273,0.032386139035224915
43,-1.1796119636642288e-16,0.984375,0.8528984193764035,0.6421600975650199,0.0,0.015625,0.0,63,0.04135066652060823,0.46753814816474915,0.7590000000000001,1.0,64,1.0,52,0.8125,0.8989343070740944,44.27203125,30.274552958078893,-0.45260139020930684,0.5179188979179723,2.90625,1.4654217609616693,-0.4803560569180232,0.45810083112475036,2.567326406250001,1.6031816707979174,0.11913701022780677,0.7662182780062063,272.42543750000004,83.98746247466703,-0.4787691814283711,0.5576221518670942,1.0,0.9997100830078125,0.00044247787445783615,1.023047924041748,0.034716129302978516
44,2.1510571102112408e-16,0.9375,0.8780921255548795,0.6273124142060541,0.0,0.0625,0.0,60,0.054148856536707146,0.5423352122306824,0.772,1.0,64,1.0,50,0.78125,0.9064399263972152,43.0940625,26.705788623369536,-0.4727533732171684,0.45686661768377645,2.90625,1.5980334594431995,-0.4803560569180232,0.49955615198158515,2.915608906250002,1.7325534875393451,0.2855937644875273,0.8280497300816376,283.930859375,95.96377328204174,-0.402380659677147,0.6371370700115944,1.0,0.9981862902641296,0.0,1.0837911367416382,0.032701294869184494
45,-3.469446951953614e-18,0.921875,0.8387735885078624,0.6079098042227246,0.0,0.0625,0.0,59,0.04795080013773294,0.41586336493492126,0.7850000000000001,1.0,63,0.984375,48,0.7619047619047619,0.906419072599439,45.13095238095238,34.206685307522726,-0.4379074825517008,0.5851874602551778,2.8412698412698414,1.8704583022668595,-0.5006692974566168,0.5847180147579715,2.7038761904761928,1.5285613850382116,0.18439907156352414,0.7305545551103002,274.7119523809524,96.851046963788,-0.4635882090471972,0.6430279904553405,0.984375,0.9983581900596619,0.0014258555602282286,1.1014961004257202,0.03520125895738602
46,6.591949208711867e-17,0.890625,0.8779146796778629,0.6175583192612555,0.0,0.078125,0.0,57,0.05789573980228106,0.4562777876853943,0.798,1.0,62,0.96875,47,0.7580645161290323,0.9017825142344583,45.61548387096774,29.1553684912855,-0.4296184083690763,0.4987725611773049,2.838709677419355,1.7057166537293271,-0.5014696221269381,0.5332186525085807,2.5879951612903236,1.6930152998496435,0.12901535289102212,0.8091530057496963,271.0533548387097,107.9257446446394,-0.487878918329388,0.7165567835646285,0.96875,0.9957723021507263,0.016090866178274155,1.1334558725357056,0.03385326638817787
47,-1.3877787807814457e-16,0.96875,0.8774016667758265,0.6263951127828048,0.0,0.03125,0.0,62,0.05596121586538974,0.5045028328895569,0.8109999999999999,1.0,64,1.0,55,0.859375,0.9043834202101696,49.54,33.57040586588134,-0.3624801397636173,0.5743023731115596,3.421875,2.0062767716282317,-0.3191681673007092,0.6271757940499247,2.6105853125000014,1.4405061918384472,0.13981200000535962,0.6884698059318448,292.89729687500005,91.96797401688946,-0.34284934362101616,0.6106075604989663,1.0,0.9989384412765503,0.0008861320093274117,1.0446386337280273,0.03862910345196724
48,6.938893903907228e-18,0.921875,0.8621989619933953,0.5792673175527837,0.0,0.078125,0.0,59,0.06642135487294723,0.48998621106147766,0.8240000000000001,1.0,64,1.0,50,0.78125,0.9143132552293189,51.3515625,34.44516571753711,-0.3314890148142676,0.5892672401052949,3.234375,1.9901490796859918,-0.37778194534336884,0.622134167618763,2.565065156250001,1.8663990724872404,0.1180562773871679,0.892019357158566,289.58525000000003,104.84385224123187,-0.36483918176000346,0.6960950214971138,1.0,0.9995467662811279,0.0016849199309945107,1.1014961004257202,0.034779176115989685
49,0.0,0.890625,0.8963159359337991,0.5504126845935889,0.0,0.09375,0.0,57,0.05405306364027766,0.46598005294799805,0.837,1.0,63,0.984375,43,0.6825396825396826,0.9079809213621561,57.44285714285714,43.030663685720214,-0.22728279869967596,0.7361427910643981,3.5238095238095237,2.245681166200304,-0.2873027403489459,0.7020152396279767,2.4469185714285726,2.0573271863870297,0.06158976805567491,0.9832707813234008,296.26947619047627,111.66421294715057,-0.3204602651684467,0.7413777827722423,0.984375,0.997962236404419,0.0,1.1334558725357056,0.037840571254491806
50,4.163336342344337e-17,0.90625,0.8246115625932299,0.6424635285824407,0.0,0.078125,0.0,58,0.041375862801085704,0.47407862544059753,0.8500000000000001,1.0,63,0.984375,52,0.8253968253968254,0.9028702359733132,51.67126984126984,36.31493913992848,-0.32601965333183575,0.6212542026088266,3.4285714285714284,2.021427169218202,-0.31707481808489996,0.6319119116051065,1.9827887301587312,1.7529527483345433,-0.16023460420780924,0.8377992717360884,273.278873015873,98.26571206625763,-0.4731029244083496,0.6524204470835944,0.984375,0.9988570809364319,0.0022251892369240522,1.1180338859558105,0.03689055144786835
51,-3.2612801348363973e-16,0.953125,0.8641343605322916,0.6212870600942048,0.0,0.046875,0.0,61,0.03311415100246619,0.43804997205734253,0.863,1.0,64,1.0,45,0.703125,0.8967818413980699,43.3546875,29.94574640958785,-0.46829475700054646,0.5122938726547256,2.765625,1.5384873608109362,-0.5243163904500179,0.4809416356693835,2.761408437500002,1.5851666092719368,0.2118958051199093,0.7576082310776242,276.59790625000005,89.53959261039205,-0.45106670138648397,0.5944846866134317,1.0,0.9990735054016113,0.0034904014319181442,1.0648608207702637,0.037496987730264664
52,3.122502256758253e-17,0.890625,0.881697600347954,0.5935804863703059,0.0,0.09375,0.0,57,0.055608845846297876,0.49638742208480835,0.8760000000000001,1.0,63,0.984375,51,0.8095238095238095,0.9085997888285707,47.87809523809523,39.523471381227075,-0.39091100987166494,0.6761438482015686,3.0793650793650795,1.9864748013902234,-0.4262391031167316,0.620985563178789,2.9402865079365097,2.2400544780862273,0.2973880793889372,1.0706027371090563,294.4256666666667,115.0090007258922,-0.3327019617741735,0.7635849992277131,0.984375,0.9971738457679749,0.0078060803934931755,1.1334558725357056,0.037727970629930496
53,7.979727989493313e-17,0.921875,0.8679584244550285,0.6235651646057823,0.0,0.046875,0.0,59,0.04726182636330095,0.4248321056365967,0.889,1.0,62,0.96875,53,0.8548387096774194,0.9092027132092777,46.41,27.903988268531126,-0.41602630286396003,0.47736469871463755,3.064516129032258,1.3897199502282591,-0.4308809862045954,0.43443592908872086,2.6345456451612916,1.7865154101487013,0.1512635061986985,0.8538400769729332,276.1316774193549,95.06642479811657,-0.4541621577337363,0.6311792594308548,0.96875,0.9977602958679199,0.007633587811142206,1.1014961004257202,0.05224433168768883
54,5.551115123125783e-17,0.9375,0.8992711375157039,0.6621941419512891,0.0,0.0625,0.0,60,0.056189877910163846,0.416053831577301,0.9020000000000001,1.0,64,1.0,55,0.859375,0.9086854703329885,40.17671875,27.17092914855689,-0.5226615407115024,0.4648239628678854,2.71875,1.3046641090717563,-0.5389698349606828,0.40784689338323304,3.055833906250002,1.8357641607776545,0.35261234384787205,0.877377829174212,278.65290625,102.31245318656828,-0.4374228373105513,0.6792881773979531,1.0,0.9982226490974426,0.002526315860450268,1.0837911367416382,0.05344788357615471
55,3.122502256758253e-17,0.953125,0.8810968296449693,0.6416557490362657,0.0,0.046875,0.0,61,0.05028542676680916,0.49667081236839294,0.915,1.0,64,1.0,54,0.84375,0.9025847058729051,36.24515625,28.161270500912877,-0.589920354406132,0.48176612886733194,2.515625,1.4894649574175955,-0.6024680945068974,0.46561689822077024,2.9937203125000016,1.5337617634196101,0.32292601963970224,0.7330400032918483,275.45635937500003,86.65931337830337,-0.45864583053432156,0.5753615049378353,1.0,0.9985959529876709,0.0013556258054450154,1.0648608207702637,0.044789280742406845
56,5.551115123125783e-17,0.96875,0.8848792348177202,0.6488346855030166,0.0,0.03125,0.0,62,0.05669531441929856,0.5348694920539856,0.9280000000000002,1.0,64,1.0,57,0.890625,0.9010893315498202,31.024218750000003,22.614000765889447,-0.6792370224290378,0.3868667646522651,2.234375,1.2592431692786743,-0.6903887615708868,0.3936479980044559,3.2655621875000023,1.5255155124164896,0.45284904529955217,0.7290988228512852,267.603375,76.38292142870934,-0.5107845416792975,0.5071329429177511,1.0,0.9967706799507141,0.011859582737088203,1.0446386337280273,0.04008476063609123
57,1.249000902703301e-16,0.984375,0.8885368170246245,0.6493800141025573,0.0,0.015625,0.0,63,0.05091108029109927,0.4873674511909485,0.9410000000000001,1.0,64,1.0,56,0.875,0.903362015850548,36.96859375,29.767727431901164,-0.5775442194643097,0.5092484307332663,2.78125,1.6246994914444948,-0.519431908946463,0.5078921353469311,3.209719687500002,1.6944551806636945,0.4261599027220513,0.8098411766650532,287.904125,80.69682826800342,-0.37600075888635526,0.5357744799258125,1.0,1.0013009309768677,0.007791017647832632,1.023047924041748,0.04266509786248207
58,1.3877787807814457e-17,0.953125,0.8850108734408363,0.6196025464275187,0.0,0.046875,0.0,61,0.04239703183234164,0.4792034327983856,0.954,1.0,64,1.0,54,0.84375,0.8939169194099742,44.768750000000004,38.384164357681406,-0.44410382369093665,0.6566532668264433,2.96875,1.8871998933605312,-0.4608181309038033,0.5899515502483471,2.729649531250002,1.925156005134252,0.19671707965074642,0.9201014120958039,278.33929687500006,81.99731228820858,-0.43950499968789314,0.5444088483952052,1.0,1.0003808736801147,0.014918414875864983,1.0648608207702637,0.04436812922358513
59,8.153200337090993e-17,0.96875,0.887219722232511,0.6249842264116303,0.0,0.03125,0.0,62,0.03785538677834033,0.4528891444206238,0.9670000000000001,1.0,64,1.0,50,0.78125,0.886069620004225,41.693749999999994,29.735489817514356,-0.4967090797719444,0.5086969289575725,2.96875,1.6485670861387474,-0.4608181309038033,0.5153533081353102,3.3477109375000023,1.859745601478298,0.49211089248249473,0.8888394236600132,302.58320312500007,82.41354190835767,-0.27854122278051496,0.5471723424884858,1.0,0.9984351396560669,0.0070391553454101086,1.044638752937317,0.044493623077869415
60,-3.8163916471489756e-17,0.984375,0.9086009457943931,0.6539834877980725,0.0,0.015625,0.0,63,0.03462840643633542,0.45571884512901306,0.98,1.0,64,1.0,54,0.84375,0.8970169091551923,33.77078125,21.478934178681875,-0.6322504781509916,0.36744872611924084,2.6875,1.4670868242881878,-0.5487387979677927,0.45862134127007054,3.6700457812500025,1.4435841337414386,0.6461663270088895,0.6899408652557326,297.1038906250001,84.58666864101531,-0.31492029576326946,0.5616004912768834,1.0,0.9995321035385132,0.002187226666137576,1.023047924041748,0.04697597771883011
61,2.7755575615628914e-17,0.9375,0.9174300869305928,0.6149699195686795,0.0,0.0625,0.0,60,0.02720433732158225,0.3884951174259186,0.9930000000000001,1.0,64,1.0,46,0.71875,0.8849295196988632,34.8546875,25.364310862456794,-0.6137076599886975,0.4339174205651451,2.59375,1.2956507776017425,-0.5780456869891225,0.40502926452878873,3.459615156250002,1.744359621577674,0.545593950175875,0.8336923068759796,291.39532812500005,100.35732478639997,-0.35282143971410573,0.6663073958199031,1.0,0.9998401999473572,0.001372997765429318,1.0837911367416382,0.046894967555999756
62,3.469446951953614e-17,0.921875,0.9044245663335768,0.6390452613523024,0.0,0.078125,0.0,59,0.024179673437297558,0.3904615640640259,1.006,1.0,64,1.0,51,0.796875,0.8934558610209147,30.146250000000002,21.995915707523977,-0.6942567853314352,0.37629293610749764,2.34375,1.3603624287299323,-0.656197391046002,0.425258567760798,3.2655982812500026,1.7045408286962107,0.45286629580302024,0.8146614712135837,262.85025,89.22237021569343,-0.5423422017454382,0.5923785361340594,1.0,0.9984378814697266,0.010496183298528194,1.1014959812164307,0.04363332688808441
63,-2.42861286636753e-17,0.96875,0.9042488927802732,0.6030478991320235,0.0,0.03125,0.0,62,0.0288993489486426,0.430752158164978,1.0190000000000001,1.0,64,1.0,46,0.71875,0.8945775898343578,35.397968750000004,27.021219160809963,-0.6044135301414583,0.4622628141708735,2.703125,1.475632147377862,-0.5438543164642378,0.46129266751476905,3.4417076562500024,1.5674284441011415,0.5370353107756585,0.7491305228928794,292.53000000000003,102.60208682895424,-0.345287956096936,0.6812111564969952,1.0,0.9977350831031799,0.0017459624214097857,1.0446386337280273,0.03879960626363754
64,0.0,0.921875,0.9164734159485769,0.6370458701938454,0.0,0.0625,0.0,59,0.0242785600965057,0.44423794746398926,1.032,1.0,63,0.984375,50,0.7936507936507936,0.8994195413898366,38.88650793650793,26.115841094237435,-0.5447336936358065,0.44677414911650754,2.6507936507936507,1.415994015756458,-0.5602134529285251,0.4426493810628443,3.045157936507938,1.6479930554120135,0.34750991328693676,0.7876352531248138,272.3131904761906,87.40147646111464,-0.47951442869639266,0.580288985338834,0.984375,0.9997165203094482,0.0009341429104097188,1.1014961004257202,0.048657000064849854
65,9.71445146547012e-17,0.96875,0.8914175980514095,0.6296441541190041,0.0,0.03125,0.0,62,0.034488434029523674,0.40312910079956055,1.0450000000000002,1.0,64,1.0,46,0.71875,0.8884926693963033,33.250625,22.66894619263046,-0.6411489993651011,0.38780673806501026,2.484375,1.286858911992686,-0.6122370575140074,0.4022808674120414,3.5052550000000022,1.7167019098059093,0.5674068757622762,0.8204736900009463,283.95929687500006,72.81993149922965,-0.4021918531639304,0.48347700603126026,1.0,0.998170793056488,0.0028462999034672976,1.0446386337280273,0.03959986940026283
66,-6.245004513516506e-17,0.984375,0.9149402200229584,0.6435204061400255,0.0,0.015625,0.0,63,0.025449030663380008,0.4150548279285431,1.058,1.0,64,1.0,55,0.859375,0.889751891291568,34.34265625,24.74630971492186,-0.6224671835749506,0.4233450275165494,2.625,1.6723860200324565,-0.5682767239820126,0.5227992692257564,2.819571875000001,1.251328605099491,0.23969420734464922,0.5980550217630929,252.7949375,72.96794130213007,-0.6091029399405866,0.4844596949036101,1.0,0.9989266991615295,0.0009975061984732747,1.0230478048324585,0.04209980368614197
67,0.0,0.9375,0.8916653032104175,0.6620809741004836,0.0,0.0625,0.0,60,0.05420780281010275,0.4456223249435425,1.0710000000000002,1.0,64,1.0,53,0.828125,0.8983108187575853,43.64875000000001,27.759551087193397,-0.46326411208466944,0.47489375402784395,2.90625,1.5177980555726114,-0.4803560569180232,0.4744740178288715,3.005597187500002,1.5789128154212537,0.3286024060881988,0.7546193176920993,282.87970312500005,85.20872220716316,-0.409359653836547,0.5657305225685967,1.0,0.997541606426239,0.002289377385750413,1.0837911367416382,0.04267759993672371
68,-6.938893903907228e-18,0.984375,0.9285704020469908,0.6485436696324073,0.0,0.015625,0.0,63,0.037583550226838,0.44442421197891235,1.084,1.0,64,1.0,52,0.8125,0.8992116710492515,31.021875,16.210984014993507,-0.6792771178986118,0.2773277936370255,2.421875,1.1012022903967282,-0.6317749835282273,0.3442433420233719,3.642318437500003,1.3210966776936457,0.6329144305028391,0.6313996971773889,279.15781250000003,81.11873759763279,-0.43407058804238124,0.5385756835977498,1.0,0.9978893399238586,0.005594405811280012,1.0230478048324585,0.0330636091530323
69,-1.3877787807814457e-17,0.921875,0.9055504879709018,0.610503261573351,0.0,0.078125,0.0,59,0.05145417710588576,0.4790481626987457,1.097,1.0,64,1.0,55,0.859375,0.9057851037024313,39.87109375,32.17595006936409,-0.527889989943944,0.5504468595280034,2.828125,1.824783270521461,-0.504778464435798,0.5704396885029517,3.4977392187500023,1.779158496653252,0.5638148131332292,0.8503239429672854,293.542671875,109.9286620590621,-0.3385644731694325,0.7298548531304205,1.0,0.9970182776451111,0.018101545050740242,1.1014961004257202,0.03851306065917015
70,-5.551115123125783e-17,0.96875,0.8633586735494675,0.6148101165832982,0.0,0.03125,0.0,62,0.04536161874868624,0.4398525655269623,1.1099999999999999,1.0,64,1.0,51,0.796875,0.8980885101803945,44.109218750000004,26.328774320164403,-0.45538668882904304,0.45041688306058664,2.9375,1.3905372163304368,-0.47058709391091325,0.4346914120429333,2.8467031250000017,1.7067513269237162,0.2526612091722148,0.8157179479537225,267.98151562500004,80.76594273442869,-0.5082739337527338,0.5362333550526189,1.0,0.9991694688796997,0.0071839080192148685,1.0446386337280273,0.040220219641923904
71,4.163336342344337e-17,0.90625,0.9102238355011776,0.6799000600013534,0.0,0.09375,0.0,58,0.03593512786236244,0.36716288328170776,1.123,1.0,64,1.0,52,0.8125,0.9024859259796131,34.111875,21.783567550664767,-0.6264152508123311,0.37266021117419396,2.515625,1.2989441325072453,-0.6024680945068974,0.40605878972050524,2.7180381250000014,1.3673054758743062,0.1911675702818688,0.6534845465838196,252.43118750000002,84.12346682292998,-0.6115180034722754,0.5585251323252137,1.0,1.0003278255462646,0.0029325513169169426,1.1180340051651,0.038982175290584564
72,-2.949029909160572e-17,0.953125,0.8475786105531161,0.6434734691933965,0.0,0.046875,0.0,61,0.04667575943572318,0.40871790051460266,1.136,1.0,64,1.0,53,0.828125,0.899766558078337,38.07,31.13662684444158,-0.5587020217958634,0.532666741024593,2.625,1.71846588560844,-0.5682767239820126,0.5372041492956566,2.846437656250002,1.3439786670155698,0.2525343320925959,0.642335824239567,265.563125,84.49179402176068,-0.52433047534398,0.5609705854815715,1.0,0.9986438751220703,0.008750607259571552,1.0648608207702637,0.04076064005494118
73,9.020562075079397e-17,0.96875,0.8805171659877223,0.6178435067471595,0.0,0.03125,0.0,62,0.052543522918123434,0.44144004583358765,1.149,1.0,64,1.0,53,0.828125,0.8986873988058325,45.349843750000005,24.58969108769132,-0.4341628202679048,0.42066568995800685,3.25,1.3110110602126894,-0.37289746383981387,0.40983099357215175,2.903442812500002,1.7534285404444692,0.27977914997877523,0.8380266699266969,290.98051562500007,73.06236632750655,-0.3555755250508443,0.4850866156878452,1.0,0.9985030889511108,0.009615384973585606,1.0446386337280273,0.04212750867009163
74,2.6020852139652106e-18,0.9375,0.8836572458346684,0.6382216145247397,0.0,0.0625,0.0,60,0.07094209299866541,0.5105492472648621,1.162,1.0,64,1.0,51,0.796875,0.9008557757136927,45.87203125,32.934156480188214,-0.42522954964683135,0.5634178001470814,2.90625,1.8768220313870998,-0.4803560569180232,0.5867073598575842,2.5818039062500016,1.6791027150763986,0.12605632905604294,0.8025036802604237,274.08489062500007,93.4912242755165,-0.46775149146346473,0.6207209519745561,1.0,0.9989475607872009,0.017343679443001747,1.0837911367416382,0.03934086114168167
75,-2.7755575615628914e-17,1.0,0.920353839173913,0.6496930175955031,0.0,0.0,0.0,64,0.053882104060482265,0.46791213750839233,1.175,1.0,64,1.0,53,0.828125,0.8939453938595626,41.21015625,23.056758803832032,-0.5049821116607004,0.39444120366621443,2.984375,1.3168640246339027,-0.45593364940024833,0.4116606701453602,2.8645104687500016,1.7263807157310995,0.26117198029224553,0.8250995400491598,285.09251562500003,81.84774703145328,-0.39466801735210644,0.5434158323204358,1.0,0.9986965656280518,0.003911342937499285,0.9999999403953552,0.0358976386487484
76,-6.938893903907228e-18,0.9375,0.8568799989918868,0.621307765195598,0.0,0.046875,0.0,60,0.028499327075912254,0.435334175825119,1.1880000000000002,1.0,63,0.984375,54,0.8571428571428571,0.8946596822345699,41.798888888888875,24.48629944826687,-0.4949104267072055,0.41889692778936993,2.9047619047619047,1.4443572274383907,-0.4808212456326475,0.45151591436472044,3.0021490476190484,1.5873655154191664,0.32695441581358825,0.7586591675449735,281.5096031746033,90.25279094124355,-0.41845622682616057,0.5992198598909597,0.984375,0.9995155930519104,0.004828797187656164,1.0837911367416382,0.034462396055459976
77,1.5265566588595902e-16,0.953125,0.9029303789138794,0.6603574966958387,0.0,0.046875,0.0,61,0.03308599319653584,0.42145130038261414,1.201,1.0,64,1.0,55,0.859375,0.8911522288099283,40.123125,29.706773368785363,-0.523578390449093,0.5082056651724909,3.046875,1.555531335066896,-0.43639572338602844,0.4862696981974029,3.014754218750002,1.7117554425371768,0.33297888122125835,0.8181095950877504,293.04926562500003,95.00148964872251,-0.3418403699135762,0.6307481322522257,1.0,0.9981726408004761,0.009166303090751171,1.0648608207702637,0.03423033654689789
78,1.3877787807814457e-17,0.90625,0.9017962011797674,0.6415704054650405,0.0,0.09375,0.0,58,0.03481852595099193,0.42766034603118896,1.214,1.0,64,1.0,48,0.75,0.9004606489660517,41.93328125000001,32.27993218775248,-0.4926113227814876,0.5522257232566756,2.8125,1.9754350786598884,-0.509662945939353,0.6175344706040243,2.8916871875000014,1.472872059508087,0.27416071327353014,0.7039386201303414,272.07015625,90.98032649772063,-0.48112801796546495,0.6040502230262306,1.0,0.9978036880493164,0.0019203072879463434,1.1180338859558105,0.03688277676701546
79,5.551115123125783e-17,1.0,0.861489751143381,0.602200389332156,0.0,0.0,0.0,64,0.038498781766065686,0.35554245114326477,1.227,1.0,64,1.0,52,0.8125,0.9019016750398413,58.20343750000001,36.84071521507955,-0.21427124603051026,0.630248864421701,3.84375,2.0172595116890637,-0.18728716670472503,0.6306090734537959,2.4700648437500012,1.6858308744419932,0.0726522054845914,0.8057193100154043,306.80835937500007,101.46102438411506,-0.25048893198996575,0.6736352436505049,1.0,0.9984681606292725,0.0016556291375309229,0.9999999403953552,0.04433358460664749
80,8.673617379884035e-17,0.9375,0.901751975218455,0.593378933265432,0.0,0.046875,0.0,60,0.045830154914275695,0.4033551812171936,1.24,1.0,63,0.984375,43,0.6825396825396826,0.8944494253448783,51.712539682539685,32.58167436859444,-0.3253136336347877,0.557387747547288,3.142857142857143,1.9342948582466573,-0.4063910512927622,0.6046737572817458,2.5899534920634935,1.3620988220904493,0.12995130971994343,0.6509960991613539,282.59250793650784,91.98813522541887,-0.41126644318693606,0.6107414178171083,0.984375,0.9984418749809265,0.002158894669264555,1.0837910175323486,0.041164956986904144
81,-5.551115123125783e-17,0.96875,0.8867765790031802,0.5871112472609388,0.0,0.0,0.0,62,0.05001796304506799,0.44505491852760315,1.2530000000000001,1.0,62,0.96875,52,0.8387096774193549,0.8993196783946493,50.61064516129032,31.832241510515196,-0.344164184354977,0.5445668996075221,3.6129032258064515,2.06627948886849,-0.259451441821763,0.6459330524514019,2.8913116129032277,1.5618898748447547,0.27398121264297487,0.7464834411082338,310.84117741935495,89.66409180874967,-0.22371364184877457,0.5953112803555017,0.96875,0.9986849427223206,0.0004120313096791506,1.0446386337280273,0.04643896594643593
82,9.71445146547012e-17,0.953125,0.8874093059633599,0.6391382996891926,0.0,0.046875,0.0,61,0.059394562366474495,0.4993877112865448,1.266,1.0,64,1.0,53,0.828125,0.8908544952598901,46.2015625,34.0239836465925,-0.41959212662473555,0.5820619097967517,2.96875,1.8283253095387593,-0.4608181309038033,0.5715469540431029,2.8138984375000016,1.424643404724736,0.23698266716750763,0.6808884084844816,291.80712500000004,93.40945781669748,-0.3500873761669554,0.620178075843122,1.0,0.9983053803443909,0.0013077593175694346,1.0648608207702637,0.04468540847301483
83,-2.0816681711721685e-17,0.96875,0.8967061287933781,0.6871135030580747,0.0,0.03125,0.0,62,0.04840410198579474,0.46292635798454285,1.279,1.0,64,1.0,49,0.765625,0.8884750845473386,43.89609375,26.073483873539242,-0.45903270352896663,0.44604952718424473,2.921875,1.4927395902752094,-0.4754715754144682,0.46664057077270293,2.648843125000001,1.3241923530848387,0.1580967869063003,0.6328792319741693,279.29065625,85.0310967623057,-0.4331885919020715,0.5645512050863278,1.0,0.9990915060043335,0.0036730945575982332,1.0446386337280273,0.04320400208234787
84,3.469446951953614e-17,0.90625,0.9117358491338533,0.6388321960709962,0.0,0.09375,0.0,58,0.04350953341367175,0.4433082044124603,1.292,1.0,64,1.0,43,0.671875,0.9058082369123918,47.47,32.225878333646705,-0.39789245849132,0.551301002333944,3.046875,1.840768245699333,-0.43639572338602844,0.5754367007007821,2.328693125000001,1.6341808364818788,0.005085567920995532,0.7810338960878255,263.28037500000005,101.6158432577538,-0.5394864513631213,0.6746631403260844,1.0,0.999247670173645,0.003314394038170576,1.1180340051651,0.04817955195903778
85,-7.28583859910259e-17,0.9375,0.9209379136562348,0.659770657895479,0.0,0.0625,0.0,60,0.03817140768157452,0.3637999892234802,1.305,1.0,64,1.0,50,0.78125,0.8857526402782219,39.90984375000001,29.409917146059524,-0.5272270781803213,0.5031272269234719,2.625,1.340475661845451,-0.5682767239820126,0.4190418288799815,2.8489009375000016,1.5090108724371407,0.25371162294615246,0.7212106607955183,266.79984375000004,96.17402718350908,-0.5161194668159226,0.6385330192344921,1.0,0.9978258609771729,0.004219409078359604,1.0837911367416382,0.04338681325316429
86,5.551115123125783e-17,0.984375,0.8841068595647812,0.6175510461138329,0.0,0.015625,0.0,63,0.03117592063612684,0.3720978796482086,1.318,1.0,64,1.0,47,0.734375,0.8845038520581638,45.1084375,29.538010798521857,-0.43829265363402053,0.505318576318637,3.140625,1.7398562036487384,-0.4070888343646986,0.5438909085163283,2.673114687500001,1.698430453129788,0.16969704105217887,0.8117411025930109,277.18175,80.09883952225844,-0.44719035843437566,0.5318042233974027,1.0,0.9996724724769592,0.0032392411958426237,1.023047924041748,0.044112466275691986
87,5.551115123125783e-17,0.953125,0.8505734335936483,0.6378003648333281,0.0,0.046875,0.0,61,0.03827778382907583,0.4480625092983246,1.331,1.0,64,1.0,55,0.859375,0.8969951862694205,41.6125,25.233945700682643,-0.4980990560505076,0.4316872115507805,3.15625,1.4813291118114165,-0.40220435286114364,0.46307357742850397,2.728359062500002,1.7720508689683903,0.19610031814364048,0.8469269516314916,276.10485937500005,80.5104095022166,-0.45434021211425213,0.5345367805089762,1.0,0.9988341331481934,0.0004708097840193659,1.0648608207702637,0.04153573140501976
88,1.0408340855860843e-16,0.921875,0.8812153773792719,0.6504677559305643,0.0,0.078125,0.0,59,0.029190585181805846,0.34842243790626526,1.344,1.0,64,1.0,47,0.734375,0.9083416817351166,37.12078125,24.341788098394673,-0.5749406869733085,0.41642471427176375,2.515625,1.172499833422163,-0.6024680945068974,0.3665314399533976,2.702250000000001,1.6757981053404092,0.18362185654848628,0.8009242882130259,259.01128125,94.07495109742767,-0.567830458590574,0.624596518600168,1.0,0.9978802800178528,0.0004597701190505177,1.1014959812164307,0.047961194068193436
89,5.551115123125783e-17,0.9375,0.8793829716742039,0.6666817628845376,0.0,0.0625,0.0,60,0.018802878783227707,0.4052431285381317,1.357,1.0,64,1.0,45,0.703125,0.8869028116103312,39.08171875000001,24.536305533502766,-0.5413941440964464,0.419752401909514,2.96875,1.5906833240780516,-0.4608181309038033,0.49725844956624493,2.9582435937500016,1.6275445056907893,0.30597041763584054,0.7778621545168921,274.09876562500006,94.38458003640321,-0.4676593704833901,0.6266522534699284,1.0,0.9989916086196899,0.009657170623540878,1.0837911367416382,0.04230901226401329
90,5.551115123125783e-17,0.9375,0.8854258912305037,0.6137389220058764,0.0,0.0625,0.0,60,0.03473862108616208,0.39157140254974365,1.37,1.0,64,1.0,53,0.828125,0.8967706287232526,45.696250000000006,34.728043985552944,-0.42823670986487666,0.594106551886994,2.96875,1.8283253095387593,-0.4608181309038033,0.5715469540431029,2.6743232812500013,1.5408659560587354,0.1702746715470893,0.7364353528955309,278.89698437500005,95.55127925580926,-0.4358023172320067,0.6343983778334676,1.0,0.9985330104827881,0.0004452359862625599,1.0837911367416382,0.039817363023757935
91,-9.71445146547012e-17,0.984375,0.8958665175097329,0.6531960386184819,0.0,0.015625,0.0,63,0.049273742604477554,0.3837653398513794,1.383,1.0,64,1.0,48,0.75,0.9003007006979805,39.75765625,24.625271175041625,-0.5298306106713226,0.42127437275685153,2.734375,1.3138943486350034,-0.5340853534571278,0.410732329186117,2.6052395312500014,1.4345778602186328,0.13725705855450449,0.68563644267182,262.033890625,67.44807329765743,-0.5477622972926953,0.4478113597356704,1.0,1.0005851984024048,0.003853564616292715,1.0230478048324585,0.04139238968491554
92,9.71445146547012e-17,0.9375,0.874059704442819,0.6217811773881776,0.0,0.046875,0.0,60,0.04443902982271773,0.3949553370475769,1.3960000000000001,1.0,63,0.984375,45,0.7142857142857143,0.9030067687683081,42.405714285714275,26.824763181207977,-0.4845292217002269,0.45890196307636694,2.9682539682539684,1.6131233036079364,-0.460973193808678,0.504273340123293,2.8469522222222237,1.7053407838610526,0.2527802617088946,0.8150437986066995,273.8005396825397,96.62102586875682,-0.46963939686920336,0.6415007999175291,0.984375,0.9985954761505127,0.009659613482654095,1.0837910175323486,0.04032458737492561
93,1.942890293094024e-16,0.96875,0.8931836485862732,0.6259488051855677,0.0,0.015625,0.0,62,0.04463630635259945,0.4192197918891907,1.409,1.0,63,0.984375,52,0.8253968253968254,0.8999966331169131,38.02047619047618,30.746924607009326,-0.5595492454323211,0.5259999488309457,2.8253968253968256,1.795405799641615,-0.5056313104126091,0.5612560908623864,3.6114998412698434,1.8029010425946486,0.6181851130685345,0.8616713610410248,304.1233333333334,90.21702959855924,-0.26831575941227254,0.5989824278234378,0.984375,0.9995432496070862,0.0013268465409055352,1.0446385145187378,0.039088670164346695
94,9.71445146547012e-17,0.9375,0.8893074279030164,0.639890374863458,0.0,0.046875,0.0,60,0.05078053637586183,0.4457071125507355,1.422,1.0,63,0.984375,55,0.873015873015873,0.8991942181125321,35.1484126984127,22.252203686580014,-0.6086827854261138,0.38067735717049817,2.5873015873015874,1.539273386971512,-0.5800615047524944,0.4811873528049127,3.559779682539685,1.6225261542803298,0.5934661858987236,0.7754637035826081,293.63268253968255,89.93465190194837,-0.33796686087049665,0.597107623487363,0.984375,1.0001184940338135,0.00043122036731801927,1.0837911367416382,0.03556857630610466
95,2.0816681711721685e-16,0.984375,0.8832577992053259,0.6406015665385761,0.0,0.015625,0.0,63,0.03109101450158921,0.3835199475288391,1.4349999999999998,1.0,64,1.0,46,0.71875,0.8864182681915425,37.13703125,22.583193466027417,-0.5746626917175959,0.3863397318397752,2.515625,1.3918533900432903,-0.6024680945068974,0.4351028569169108,3.6206975000000026,1.3578821331178306,0.622581005538041,0.6489807915874596,289.0908750000001,77.76631686431239,-0.3681215103743774,0.516317789285943,1.0,0.9981546998023987,0.011484098620712757,1.023047924041748,0.03499153256416321
96,3.5388358909926865e-16,0.984375,0.8783440973077502,0.6069419292677745,0.0,0.015625,0.0,63,0.04888093945138444,0.441676527261734,1.448,1.0,64,1.0,48,0.75,0.9004247417556374,42.2409375,32.00640432587038,-0.48734812414208206,0.5475463726161558,2.859375,1.8697191257980434,-0.49500950142868805,0.5844869431554246,3.439658750000002,1.748201215687054,0.5360560646632139,0.8355283431012585,294.494765625,95.69475554183056,-0.3322431896110162,0.6353509671009101,1.0,1.0000882148742676,0.006687472108751535,1.0230478048324585,0.03677915781736374
97,0.0,0.984375,0.8584016358095502,0.6261271647553219,0.0,0.015625,0.0,63,0.03878887286712426,0.42308858036994934,1.4609999999999999,1.0,64,1.0,48,0.75,0.8938616143258152,43.005625,29.542391621775902,-0.47426630893575833,0.5053935208159133,2.921875,1.7437808016992846,-0.4754715754144682,0.5451177646178823,2.823063750000002,1.5197301201801645,0.2413631002082895,0.7263337754722808,275.173375,84.93972652554507,-0.46052466282050797,0.5639445661126307,1.0,0.9996041655540466,0.0009199631749652326,1.023047924041748,0.04693005979061127
98,-3.469446951953614e-17,0.953125,0.8963322825119143,0.6393382382929238,0.0,0.046875,0.0,61,0.0382829658603632,0.41367438435554504,1.474,1.0,64,1.0,48,0.75,0.891963978829879,38.9646875,24.271042801090022,-0.5433962445438386,0.41521444614778386,2.78125,1.780701669988547,-0.519431908946463,0.5566594797061442,2.8744443750000017,1.3259861521075034,0.26591975197613826,0.633736553151969,262.874796875,86.42598655753444,-0.5421792264529862,0.5738123665301269,1.0,0.9993037581443787,0.0,1.0648608207702637,0.04283702373504639
99,-1.3877787807814457e-17,0.953125,0.9027940406173957,0.6279027340392525,0.0,0.046875,0.0,61,0.03866848283480431,0.45259350538253784,1.4869999999999999,1.0,64,1.0,50,0.78125,0.8953635561272926,41.79531250000001,42.22378931689271,-0.49497160942374013,0.7223392682034641,3.140625,2.3642334083958376,-0.4070888343646986,0.7390754786173561,3.154612343750002,1.7201623828732926,0.39982211780176474,0.822127574749677,288.43543750000003,103.50676118961921,-0.37247318928448453,0.6872176061368465,1.0,0.9992392659187317,0.0008779631461948156,1.0648608207702637,0.03638915345072746
100,6.938893903907228e-18,0.953125,0.8955389227046341,0.6055112461370337,0.0,0.046875,0.0,61,0.03017009705257491,0.3527200222015381,1.5,1.0,64,1.0,42,0.65625,0.9031644824123222,45.01078125,34.21567058311365,-0.43996329819960134,0.5853411749619807,2.875,1.71846588560844,-0.4901250199251331,0.5372041492956566,2.7205107812500016,1.7082556256358659,0.19234934178567686,0.8164369065033525,267.12835937500006,104.99962566798867,-0.5139383366289053,0.6971292557848568,1.0,0.9991976618766785,0.003314394038170576,1.0648608207702637,0.04348937049508095
101,-1.8041124150158794e-16,0.890625,0.9032885474071168,0.6919517637036983,0.0,0.078125,0.0,57,0.03418173245667636,0.4528435468673706,1.5,1.0,62,0.96875,42,0.6774193548387096,0.9028083807312749,35.38403225806451,27.400826009428243,-0.6046519472884949,0.4687569005063756,2.532258064516129,1.5524979033333082,-0.5972684851644035,0.4853214267609225,2.591530322580647,1.5605556172381196,0.1307049338322749,0.745845751328969,241.85045161290324,79.16456099871098,-0.6817672113880392,0.5256012213612252,0.96875,0.998801589012146,0.0,1.1334558725357056,0.04470977932214737
102,-1.1102230246251565e-16,0.9375,0.8874577631553014,0.6383476681433288,0.0,0.0625,0.0,60,0.03993417145933782,0.4166646897792816,1.5,1.0,64,1.0,48,0.75,0.9004782570732972,35.9921875,24.286900498825368,-0.5942479920888125,0.41548573013159623,2.5,1.357847561400027,-0.6073525760104523,0.4244724030915617,3.115689531250002,1.6674181569977353,0.3812195034429908,0.7969192089972007,267.543859375,91.16223311815924,-0.5111796867391002,0.6052579647312314,1.0,0.9990904331207275,0.004764173645526171,1.0837910175323486,0.045002203434705734
103,0.0,0.953125,0.8855039995224749,0.5925317880835772,0.0,0.046875,0.0,61,0.03907203926446131,0.4486071467399597,1.5,1.0,64,1.0,55,0.859375,0.9095914653983898,43.57546875,34.77697895742633,-0.4645177637666814,0.5949437020420237,3.0,1.741048534648015,-0.45104916789669336,0.5442636393139015,3.2337826562500025,2.047286817036945,0.43766046239983625,0.9784721270884511,293.13759375000006,107.28762294233303,-0.34125392858433895,0.7123200702944723,1.0,0.9984123706817627,0.0029387068934738636,1.0648608207702637,0.0417482852935791
104,2.7755575615628914e-17,0.9375,0.8900908266504606,0.6227611531978458,0.0,0.0625,0.0,60,0.04858710826441526,0.46583130955696106,1.5,1.0,64,1.0,51,0.796875,0.910075313811305,37.249375,29.185200277441563,-0.5727407822093518,0.4992829054862784,2.765625,1.7206665450850724,-0.5243163904500179,0.5378920904482476,3.0189582812500015,1.5191618760629126,0.3349881541489964,0.7260621911366196,267.040015625,85.19205437284272,-0.5145248816979849,0.5656198589842131,1.0,0.9979217052459717,0.003800475038588047,1.0837911367416382,0.03885615989565849
105,7.632783294297951e-17,0.953125,0.902272421805585,0.6571650236587386,0.0,0.046875,0.0,61,0.027703527429246942,0.3376859426498413,1.5,1.0,64,1.0,48,0.75,0.9037392086422139,32.44796875,27.47058848680755,-0.6548803611785226,0.46995035513641914,2.515625,1.4789374088767246,-0.6024680945068974,0.4623259147887279,3.260824375000002,1.4448829624141235,0.4505846740175005,0.690561622271071,274.76592187500006,75.53374175767925,-0.4632298866914635,0.5014949419408267,1.0,0.9986336827278137,0.00638977624475956,1.0648608207702637,0.044420648366212845
106,7.28583859910259e-17,0.921875,0.8895840488247952,0.6541363682811541,0.0,0.0625,0.0,59,0.026584979382972912,0.3762210011482239,1.5,1.0,63,0.984375,52,0.8253968253968254,0.8969543116807129,36.303015873015866,24.962222735974112,-0.58893052667101,0.4270387380088023,2.5714285714285716,1.5605685341118036,-0.5850235177084867,0.4878443609535358,3.3482455555555584,1.5531938102000487,0.4923664057118316,0.7423272785230035,276.5814285714286,84.56398299375874,-0.4511761024603116,0.561449873326692,0.984375,0.9982590079307556,0.004549590405076742,1.1014961004257202,0.041730765253305435
107,-1.3183898417423734e-16,0.96875,0.8777047448581264,0.6273699633961917,0.0,0.03125,0.0,62,0.02595305674042216,0.328904390335083,1.5,1.0,64,1.0,52,0.8125,0.9002684243612675,34.980625,25.34669491983866,-0.6115531967569243,0.4336160575822068,2.6875,1.5599979967935855,-0.5487387979677927,0.48766600709894864,3.306641562500002,1.4826714010035442,0.47248235857115745,0.7086220784700983,282.72990625000006,80.7523818771618,-0.41035420770588976,0.5361433197760725,1.0,1.0016162395477295,0.006451612804085016,1.0446386337280273,0.044418178498744965
108,6.591949208711867e-17,0.96875,0.8784134056298963,0.639684904672187,0.0,0.03125,0.0,62,0.031869080341798514,0.4404831528663635,1.5,1.0,64,1.0,54,0.84375,0.8986851384662035,35.27109375,27.089868961776297,-0.606584031561061,0.46343723380005863,2.5,1.224744871391589,-0.6073525760104523,0.38286359493670563,3.590869062500002,1.6023600090878851,0.6083249206331462,0.7658255762731263,290.83817187500006,81.87878382145061,-0.3565205950153497,0.5436218964294756,1.0,0.9988645911216736,0.006329114083200693,1.0446386337280273,0.040074869990348816
109,-6.591949208711867e-17,0.953125,0.8705197562936877,0.6085677013204563,0.0,0.046875,0.0,61,0.02778068250400601,0.45598822832107544,1.5,1.0,64,1.0,50,0.78125,0.9103019203381706,41.46921875,27.192533287230678,-0.5005502257571276,0.46519355351742825,2.96875,1.6485670861387474,-0.4608181309038033,0.5153533081353102,3.0066767187500023,1.881389308279802,0.32911835296464814,0.8991837308943055,282.7788125,96.39808198832255,-0.4100295019990951,0.640020597483852,1.0,0.9985011219978333,0.007674943655729294,1.0648608207702637,0.04735954850912094
110,-5.551115123125783e-17,0.984375,0.8677144419579279,0.6365444370845268,0.0,0.015625,0.0,63,0.03523742937221466,0.3984413743019104,1.5,1.0,64,1.0,52,0.8125,0.9001777135560407,38.79609375,23.091039700037566,-0.5462804453218572,0.39502766068201234,2.90625,1.1821425199611086,-0.4803560569180232,0.3695458094922173,3.152130937500002,1.6180094788347588,0.3986361643577222,0.7733050216657322,283.52582812500003,85.62981923710831,-0.40506980387252656,0.5685263330986943,1.0,0.9997780323028564,0.011680143885314465,1.023047924041748,0.05136372894048691
111,2.0816681711721685e-16,0.984375,0.8803163776322017,0.628871762810254,0.0,0.015625,0.0,63,0.03770040482150222,0.4984031617641449,1.5,1.0,64,1.0,51,0.796875,0.900583160954259,41.4909375,26.412234541895423,-0.5001786744057425,0.4518446704871681,2.890625,1.4907756737266007,-0.48524053842157816,0.4660266370731058,2.7183271875000017,1.659841072100796,0.19130572366462056,0.7932978471467061,276.850265625,83.94116277381482,-0.4493911991914538,0.5573147519521628,1.0,0.9989261627197266,0.004098360426723957,1.0230478048324585,0.054713405668735504
112,-1.0408340855860843e-16,0.921875,0.8757296164157027,0.6877942163306269,0.0,0.078125,0.0,59,0.03425641780026255,0.468000590801239,1.5,1.0,64,1.0,47,0.734375,0.8939984677317763,38.862812500000004,28.537846552251338,-0.5451390609546523,0.48820836614038376,2.546875,1.4353754680831772,-0.5926991314997875,0.44870815516856544,2.641103750000001,1.401554800080857,0.15439786076875733,0.669853532516249,260.333796875,79.14493874081192,-0.5590498145877529,0.5254709423249052,1.0,0.9989860653877258,0.028005793690681458,1.1014961004257202,0.0499681793153286
113,-1.6653345369377348e-16,0.96875,0.8780670865408836,0.618939392533737,0.0,0.03125,0.0,62,0.04531079748072789,0.48807668685913086,1.5,1.0,64,1.0,52,0.8125,0.8990448100204128,41.199062500000004,30.251581039196843,-0.5051718968833502,0.5175259081048138,3.140625,1.852930006604405,-0.4070888343646986,0.579238550057037,2.9931118750000016,1.5754719151910843,0.32263522543838613,0.7529747875074201,294.63160937500004,90.49380462644555,-0.33133463607104474,0.6008200340813908,1.0,1.0005472898483276,0.009290540590882301,1.0446386337280273,0.0480559840798378
114,-5.551115123125783e-17,0.96875,0.84364187212721,0.6252704372613633,0.0,0.03125,0.0,62,0.03218309465826566,0.5877691507339478,1.5,1.0,64,1.0,47,0.734375,0.8904213951270543,45.146093750000006,31.05775082493436,-0.43764845308953254,0.5313173773807465,3.234375,1.7476965867606997,-0.37778194534336884,0.5463418657189626,2.762798906250002,1.5635075224186628,0.2125603602296968,0.7472565731624968,291.84950000000003,83.15762168447796,-0.3498060337142948,0.5521125484870434,1.0,0.9995296597480774,0.0030448019970208406,1.0446386337280273,0.04366049915552139
115,2.3592239273284576e-16,0.984375,0.8847267050591726,0.6222579085486877,0.0,0.015625,0.0,63,0.025285349115695403,0.38060301542282104,1.5,1.0,64,1.0,55,0.859375,0.8959048938431882,44.49250000000001,30.90381074802912,-0.44882974303805157,0.5286838628549806,3.15625,1.60291482540402,-0.40220435286114364,0.5010821002534386,2.7960087500000013,1.6256951204739518,0.22843254100276855,0.7769782666943036,290.134890625,95.38076017158768,-0.36118992532296657,0.6332662419660848,1.0,0.9979509115219116,0.004816112108528614,1.0230478048324585,0.044516317546367645
116,1.1102230246251565e-16,0.9375,0.9032427209119002,0.6483080153272821,0.0,0.0625,0.0,60,0.024293213369031355,0.35792237520217896,1.5,1.0,64,1.0,48,0.75,0.8922804271796771,39.105000000000004,24.927784510962862,-0.5409958624320119,0.4264495895061382,2.71875,1.3632308819492023,-0.5389698349606828,0.42615526578917157,3.1766329687500017,1.8583315274247707,0.41034656782228085,0.8881635867252461,293.610859375,102.73804510362561,-0.3381117524970831,0.6821138310564182,1.0,1.0000046491622925,0.007089240942150354,1.0837911367416382,0.03568307310342789
117,-4.85722573273506e-17,0.96875,0.9173560286721876,0.6448356803927643,0.0,0.03125,0.0,62,0.03117090112793775,0.3721406161785126,1.5,1.0,64,1.0,53,0.828125,0.8994887078935243,42.87265625,30.541866053121836,-0.4765410585762532,0.5224919300540831,2.796875,1.5630467793303564,-0.5145474274429079,0.4886190773011386,2.772225156250002,1.5260978612215468,0.217065504702476,0.7293771483253956,280.0123125,84.32062839948243,-0.4283972635397611,0.5598341570217968,1.0,0.9998863339424133,0.005300353281199932,1.0446386337280273,0.036611299961805344
118,-2.7755575615628914e-17,0.984375,0.8640326857566833,0.5923041913622994,0.0,0.015625,0.0,63,0.0276032963444328,0.4186156392097473,1.5,1.0,64,1.0,47,0.734375,0.8994365483434053,54.162343750000005,37.99289718742617,-0.28340385466989537,0.64995970270047,3.375,2.1028254801575903,-0.3338216118113741,0.6573575784341662,2.2339375000000015,1.76866357579671,-0.040201559010019115,0.845308042191356,276.91826562500006,95.48933081423982,-0.4489397233972134,0.6339870804531809,1.0,0.9986861944198608,0.004415011033415794,1.0230478048324585,0.03611394017934799
119,-1.3877787807814457e-16,0.96875,0.894004923682059,0.6717097356436807,0.0,0.03125,0.0,62,0.039803476311760205,0.419404000043869,1.5,1.0,64,1.0,48,0.75,0.883460272316419,37.09328125,31.04956969582507,-0.5754111404829761,0.5311774195297462,2.453125,1.4134364981756344,-0.6220060205211173,0.44184988363445715,3.2186998437500023,1.5952178630553628,0.4304518429203678,0.7624120873753992,276.17296875,79.5686721213524,-0.45388801014111535,0.5282842565091046,1.0,0.9976293444633484,0.009694619104266167,1.0446386337280273,0.032980065792798996
120,7.112366251504909e-17,0.984375,0.8853821579426054,0.6163384129313428,0.0,0.015625,0.0,63,0.06775589440207191,0.4562236964702606,1.5,1.0,64,1.0,52,0.8125,0.9009624048508743,42.82390625,29.167675581089952,-0.47737504434339106,0.49898310348975206,2.921875,1.6134656749912593,-0.4754715754144682,0.5043803677514009,2.8272495312500014,1.4488411415253044,0.24336363586803728,0.6924533786688969,273.644015625,74.55317401389854,-0.4706786148573712,0.4949846095742143,1.0,0.9991827011108398,0.0022810217924416065,1.023047924041748,0.04889671877026558
121,0.0,0.9375,0.9019143000245095,0.6377197487832599,0.0,0.046875,0.0,60,0.046506779593881366,0.3430508077144623,1.5,1.0,63,0.984375,44,0.6984126984126984,0.9020880713846136,40.41523809523809,28.10064947886057,-0.5185810947809255,0.48072906077336314,2.5714285714285716,1.411003084764672,-0.5850235177084867,0.4410891820154908,3.072021428571431,1.4615737781027842,0.3603489439501794,0.6985387644056361,268.3877460317461,87.45844789891879,-0.5055768279361139,0.5806672386495932,0.984375,1.0004478693008423,0.005957836750894785,1.0837910175323486,0.05032796040177345
122,9.367506770274758e-17,0.984375,0.9015005382280501,0.6104752896490233,0.0,0.015625,0.0,63,0.05942596140818075,0.49774256348609924,1.5,1.0,64,1.0,53,0.828125,0.8887386730849547,39.262656250000006,25.000577820959176,-0.5382987738453383,0.4276948938031594,2.671875,1.3116626793406145,-0.5536232794713477,0.4100346941531254,2.966517187500002,1.5930832146809988,0.3099246661602096,0.7613918620127054,276.74323437500004,79.05071867315282,-0.45010181711207514,0.5248453823266734,1.0,0.9991337060928345,0.0,1.0230478048324585,0.0487007275223732
123,6.591949208711867e-17,0.984375,0.8912781439130268,0.6234310076766445,0.0,0.015625,0.0,63,0.0656060397098567,0.4947546124458313,1.5,1.0,64,1.0,54,0.84375,0.889765426279058,44.63125,31.40617233821244,-0.4464560912392745,0.5372779636994865,2.9375,1.6571341979453564,-0.47058709391091325,0.5180314456814394,3.1434210937500016,1.576273218721852,0.39447341624165433,0.7533577593331893,292.4197187500001,96.90986279148612,-0.3460201519047819,0.6434184893159861,1.0,0.9990979433059692,0.0008312552236020565,1.023047924041748,0.04507984220981598
124,-1.457167719820518e-16,0.96875,0.9039977015026154,0.6306111597049662,0.0,0.03125,0.0,62,0.048167335713585446,0.41367456316947937,1.5,1.0,64,1.0,52,0.8125,0.898932566658642,40.6003125,25.182693522086627,-0.5154149528438391,0.4308104200126494,2.796875,1.3483750347640675,-0.5145474274429079,0.4215112266982641,3.176535468750002,1.6686456377843266,0.4102999690596663,0.7975058662873378,278.39084375000004,82.07619477146278,-0.43916276194772824,0.5449325768037174,1.0,0.9987807273864746,0.004422821570187807,1.0446386337280273,0.044743869453668594
125,-2.7755575615628914e-17,0.96875,0.8751873388405769,0.6044164818118132,0.0,0.03125,0.0,62,0.029651214324138395,0.3642685115337372,1.5,1.0,64,1.0,50,0.78125,0.9064594211295122,47.39921875,31.91324006704974,-0.39910334167245287,0.5459525743420559,3.15625,1.6975971069426339,-0.40220435286114364,0.5306804268383822,2.8779965625000017,1.6143020359123283,0.2676174703563955,0.7715331011257368,291.70396875000006,101.63566198374484,-0.35077226660665506,0.6747947237828142,1.0,0.9994322061538696,0.004308487754315138,1.0446386337280273,0.04361056163907051
126,-4.163336342344337e-17,0.96875,0.8546790826705194,0.6009558814042445,0.0,0.03125,0.0,62,0.033811844525913015,0.43055927753448486,1.5,1.0,64,1.0,53,0.828125,0.9007068246180626,53.813125,38.97229259659194,-0.2893780796364123,0.6667146120675362,3.6875,2.3774658252012792,-0.23613198174027472,0.7432120223059008,2.7493767187500016,1.6448004526994076,0.2061454132647605,0.7861093932691473,299.53292187500006,114.85535126427847,-0.29879310733933107,0.7625648666877628,1.0,0.9986485838890076,0.012913639657199383,1.0446385145187378,0.048724304884672165
127,-4.85722573273506e-17,0.921875,0.9180122750290369,0.6345251029396004,0.0,0.078125,0.0,59,0.022996962875329142,0.404213011264801,1.5,1.0,64,1.0,48,0.75,0.8913628817672236,38.794531250000006,27.8822728141067,-0.5463071756349064,0.47699320374198306,2.65625,1.4918397827850014,-0.5585077609749026,0.46635928481797134,2.7864306250000013,1.537647452912928,0.2238548099959167,0.7348971142897273,266.52145312500005,91.2240467091754,-0.5179677995884353,0.6056683667915087,1.0,0.9982488751411438,0.0033285783138126135,1.1014959812164307,0.04168787598609924
128,6.245004513516506e-17,0.96875,0.8712156732236186,0.6774214568876984,0.0,0.03125,0.0,62,0.029061907690085258,0.4055962562561035,1.5,1.0,64,1.0,48,0.75,0.8870422999413874,45.407343749999995,31.628550059745642,-0.433179144747691,0.5410822684110199,2.609375,1.3534352992939855,-0.5731612054855676,0.42309309988223076,2.9594725000000017,1.401690606325984,0.3065577562062956,0.6699184392134617,276.5368125,84.61090785986819,-0.4514723241703719,0.5617614239325212,1.0,0.9991552233695984,0.0004520795773714781,1.0446386337280273,0.046668555587530136
129,-6.938893903907228e-18,1.0,0.8707745503634214,0.6596082840453407,0.0,0.0,0.0,64,0.046103008990470755,0.43687164783477783,1.5,1.0,64,1.0,56,0.875,0.8941175027017977,42.8834375,25.566792929180494,-0.47635661941621305,0.4373813623445961,2.890625,1.4482444922646867,-0.48524053842157816,0.45273109984590204,3.044327343750002,1.5487574905945207,0.3471129430843062,0.7402070015570493,279.97451562500004,83.50290601305304,-0.4286482102185906,0.5544050119647213,1.0,0.9989724159240723,0.0034542314242571592,0.9999999403953552,0.04287457838654518
130,1.3877787807814457e-17,0.984375,0.8968496284787617,0.6058754495563512,0.0,0.0,0.0,63,0.03283620472138063,0.4227273166179657,1.5,1.0,63,0.984375,46,0.7301587301587301,0.9084244076080781,44.67476190476191,31.386056901121773,-0.4457117156644541,0.5369338408639301,3.0,1.7089865185644153,-0.45104916789669336,0.5342408345441719,3.1296873015873032,1.8065808227911788,0.3879095421822906,0.8634300605677125,289.9446984126985,90.68303463365886,-0.36245267797160086,0.6020763983137539,0.984375,0.9996621608734131,0.0017482517287135124,1.0230478048324585,0.04737577959895134
131,-1.6653345369377348e-16,0.96875,0.8861488118287055,0.6389203352163321,0.0,0.03125,0.0,62,0.029179549259303814,0.4598409831523895,1.5,1.0,64,1.0,56,0.875,0.9019815094997375,48.33140625,38.443214976247255,-0.38315603690724503,0.6576634693992558,2.890625,1.8381137367897016,-0.48524053842157816,0.5746068831218947,2.973368906250002,1.45675929886246,0.3131993493964488,0.696237751326325,285.76642187500005,92.6253932153943,-0.39019371794825153,0.6149723965988733,1.0,0.9988572001457214,0.014329136349260807,1.0446386337280273,0.04499439522624016
132,1.3877787807814457e-17,0.9375,0.884917609890302,0.6225525033073535,0.0,0.0625,0.0,60,0.02602777474252428,0.3761869966983795,1.5,1.0,64,1.0,52,0.8125,0.8916483444803365,40.969843749999995,31.438382367944538,-0.5090932338076816,0.5378289935734487,2.90625,1.982097610487435,-0.4803560569180232,0.6196172234666482,3.417515625000002,1.83902449852571,0.5254730674794125,0.8789360620435975,304.4003593750001,100.74051936276804,-0.2664764865859979,0.6688515586980542,1.0,0.9995556473731995,0.0004284490132704377,1.0837911367416382,0.04079199582338333
133,-2.42861286636753e-17,1.0,0.9076383006758988,0.634945073106253,0.0,0.0,0.0,64,0.029702096076595307,0.39465248584747314,1.5,1.0,64,1.0,53,0.828125,0.9014522324306424,42.779375,30.606105593645445,-0.4781368582652959,0.5235909015922199,2.75,1.4577379737113252,-0.5292008719535729,0.4556988268558507,3.584951718750002,1.4859287803524985,0.6054968088719637,0.7101788974139717,300.91815625000004,79.92113635879964,-0.2895960516090101,0.5306243899141447,1.0,0.999413013458252,0.0008602150483056903,1.0000001192092896,0.038460247218608856
134,-8.673617379884035e-17,0.96875,0.8978358449474457,0.6379314324872305,0.0,0.03125,0.0,62,0.026578298323050063,0.3868084251880646,1.5,1.0,64,1.0,53,0.828125,0.9048428490027184,42.384531249999995,30.072615290414525,-0.48489160837285217,0.5144642693911803,2.875,1.653594569415369,-0.4901250199251331,0.5169249336760521,2.9922653125000016,1.580406674561933,0.32223062272068426,0.755333286794419,281.96089062500005,80.99399600589955,-0.4154599715305947,0.5377474805212419,1.0,0.9989224672317505,0.0030634573195129633,1.0446385145187378,0.03721762076020241
135,3.3306690738754696e-16,0.96875,0.8336409440925044,0.6408661483426611,0.0,0.03125,0.0,62,0.02908214690858102,0.3950457274913788,1.5,1.0,64,1.0,52,0.8125,0.889858975828069,48.76734375000001,34.05992743689916,-0.37569827956649227,0.5826768146076798,3.40625,1.8933993074626387,-0.32405264880426415,0.591889529353283,2.9376589062500016,1.8452266813119118,0.29613225387883113,0.8819003086420245,299.67753125,92.1268074956621,-0.29783299509767414,0.6116621115428016,1.0,0.9996246695518494,0.0,1.0446386337280273,0.03989117220044136
136,6.938893903907228e-17,0.96875,0.8864432760784703,0.617571091863701,0.0,0.015625,0.0,62,0.028803314910299836,0.3675784468650818,1.5,1.0,63,0.984375,49,0.7777777777777778,0.8923760575351186,47.84380952380952,30.46042274397216,-0.3914975493122893,0.5210986467585048,3.0793650793650795,1.5866665396317208,-0.4262391031167316,0.4960027753690053,3.3137842857142883,1.8928247044476554,0.47589612332484343,0.904649118703842,311.2494761904762,86.85718481925164,-0.22100280343731546,0.5766752426725347,0.984375,0.9982895851135254,0.00042122998274862766,1.0446386337280273,0.041363392025232315
137,-2.0816681711721685e-16,0.96875,0.8604732066873582,0.6296265527995062,0.0,0.03125,0.0,62,0.03614741603005808,0.36969736218452454,1.5,1.0,64,1.0,53,0.828125,0.897599725511593,48.743125000000006,36.39130952554984,-0.37611259941875635,0.6225607013706533,3.09375,1.982097610487435,-0.42174227887536353,0.6196172234666482,2.968017343750002,1.632480837049898,0.31064164487793855,0.7802214051137143,291.054265625,100.33462554205221,-0.35508587299459143,0.6661566875938655,1.0,1.0003819465637207,0.0004142502148170024,1.0446386337280273,0.04572952911257744
138,-2.7755575615628914e-17,0.9375,0.9020728049178918,0.596900250585912,0.0,0.0625,0.0,60,0.035286520455176607,0.38328611850738525,1.5,1.0,64,1.0,47,0.734375,0.8989620627684829,47.27921875,35.17779139175949,-0.4011562297146386,0.6018005608220394,2.78125,1.6342883581241103,-0.519431908946463,0.5108896804308759,3.411210468750002,2.0482681327529733,0.5224596061528303,0.9789411332228223,299.4717343750001,112.71735526781173,-0.299199352562273,0.7483699631497184,1.0,0.9983362555503845,0.002988898428156972,1.0837911367416382,0.042629424482584
139,9.020562075079397e-17,0.9375,0.8797924461464087,0.6316898426963599,0.0,0.0625,0.0,60,0.027485811411929906,0.4234769344329834,1.5,1.0,64,1.0,47,0.734375,0.8892393944976649,40.779062499999995,35.53981951271128,-0.5123570050310002,0.60799392082568,2.703125,1.7471377262182282,-0.5438543164642378,0.5461671621040654,3.3341464062500026,1.7662589517407346,0.4856279143112415,0.8441587857240557,288.541109375,95.26586546674875,-0.37177159673015425,0.6325034158172445,1.0,0.9990487098693848,0.00621945783495903,1.0837912559509277,0.04184659197926521
140,6.938893903907228e-17,0.9375,0.8945007969935735,0.6592061244544442,0.0,0.046875,0.0,60,0.023913609079896016,0.388129323720932,1.5,1.0,63,0.984375,46,0.7301587301587301,0.8912879990200574,48.84206349206349,32.408506337743916,-0.374420019024848,0.5544252927154389,3.015873015873016,1.568459597083889,-0.446087154940701,0.49031116102589023,2.6529288888888893,1.4557809211576809,0.16004952066586603,0.695770149373377,272.8854285714286,83.44806738357954,-0.4757151397472452,0.5540409191147715,0.984375,0.999704897403717,0.002795899286866188,1.0837911367416382,0.04657391458749771
141,2.0816681711721685e-17,1.0,0.8811617712490261,0.6075720791437568,0.0,0.0,0.0,64,0.04004555403170167,0.39758968353271484,1.5,1.0,64,1.0,55,0.859375,0.8956148660487928,54.48609375000001,26.6035127859783,-0.2778653338060819,0.45511694398723485,3.625,1.709349291397168,-0.2556699077544946,0.5343542398044326,2.8559262500000018,1.6890581038088042,0.25706927288954684,0.8072617191966035,311.57954687500006,96.33238159783197,-0.21881134866598015,0.6395843896018135,1.0,0.999190628528595,0.003673469414934516,1.0,0.03857056424021721
142,-7.632783294297951e-17,0.90625,0.9028644726194185,0.6378374719889472,0.0,0.078125,0.0,58,0.041832788053029736,0.386091023683548,1.5,1.0,63,0.984375,46,0.7301587301587301,0.8943010311098546,52.245873015873016,34.807285026334796,-0.31618968678062925,0.5954621600959225,3.1587301587301586,1.9615862483524327,-0.4014290383367699,0.6132052318531355,2.4881953968253985,1.6836978576325017,0.08131744998543257,0.8046998644363431,276.9974444444445,94.49798772406594,-0.4484140275090417,0.6274052067914058,0.984375,0.9999039769172668,0.0034722222480922937,1.1180340051651,0.03619718924164772
143,-1.3877787807814457e-17,0.96875,0.8835425367278438,0.652639018055873,0.0,0.03125,0.0,62,0.05130118904037917,0.5277087092399597,1.5,1.0,64,1.0,54,0.84375,0.8773368078673138,39.9640625,29.546369368690524,-0.5262995363175111,0.5054615697248789,3.0625,1.6189792308735773,-0.4315112418824735,0.5061039429018649,3.3352107812500025,1.5688416401752703,0.4861366174697843,0.7498059402096612,314.00184375000003,91.96876384560196,-0.20272887211412766,0.6106128044481617,1.0,0.9997297525405884,0.005799503065645695,1.0446386337280273,0.03924136981368065
144,-3.469446951953614e-17,0.953125,0.8986779571068092,0.6320185931406799,0.0,0.046875,0.0,61,0.038990320441643474,0.3934180438518524,1.5,1.0,64,1.0,56,0.875,0.9034925157238825,40.10046875,32.896323380702796,-0.5239659799883079,0.5627705741676444,2.96875,1.9761764692202972,-0.4608181309038033,0.6177662343466949,2.995807812500002,1.594449113126018,0.3239237110956819,0.7620446740885527,284.68975000000006,98.11659337141968,-0.39734211927033414,0.651430395889653,1.0,0.9998793601989746,0.0021786491852253675,1.0648609399795532,0.041476525366306305
145,2.0816681711721685e-17,0.984375,0.9028529912706406,0.6290297239805487,0.0,0.015625,0.0,63,0.030486892549789583,0.4165829122066498,1.5,1.0,64,1.0,49,0.765625,0.8990406217749998,49.578281249999996,34.261482452725225,-0.36182524709390973,0.5861248969562788,3.375,1.5662455107677085,-0.3338216118113741,0.4896190225517361,2.7846859375000017,1.495767423862998,0.22302096098413046,0.7148811396026439,301.037640625,87.97489380488183,-0.2888027530339749,0.5840961037316039,1.0,0.9986640810966492,0.0036585365887731314,1.023047924041748,0.04561207816004753
146,-4.163336342344337e-17,0.96875,0.8823329835168777,0.6783005142870462,0.0,0.03125,0.0,62,0.04422587339067036,0.43144309520721436,1.5,1.0,64,1.0,54,0.84375,0.8959381069463566,40.109843749999996,29.845411576372772,-0.5238055981100121,0.5105774044937096,3.0,1.6007810593582121,-0.45104916789669336,0.5004150704432843,2.8055767187500016,1.5235383254677006,0.2330054179718482,0.7281538539767075,278.25240625000004,80.19617956079622,-0.4400818969516271,0.5324504979740234,1.0,0.9971023201942444,0.0028694404754787683,1.0446386337280273,0.041485175490379333
147,-3.8163916471489756e-17,0.921875,0.8931465906611944,0.6644927552304086,0.0,0.0625,0.0,59,0.03872572852881977,0.38805267214775085,1.5,1.0,63,0.984375,45,0.7142857142857143,0.8826966283947849,33.68539682539682,20.32026315488556,-0.6337111836864646,0.34762687703942025,2.5238095238095237,1.3316315670580534,-0.5999095565764638,0.41627710456607875,3.20063396825397,1.6981177213904017,0.42181751016483254,0.8115916368280293,279.1789206349207,107.3572171117426,-0.43393044374858364,0.7127821303372468,0.984375,0.9980916380882263,0.0,1.1014961004257202,0.04741189256310463
148,-1.2750217548429532e-16,0.96875,0.9039120972156525,0.6217649950479407,0.0,0.03125,0.0,62,0.030620378132054215,0.37325263023376465,1.5,1.0,64,1.0,51,0.796875,0.8911226601735851,32.6809375,19.23765551583908,-0.6508948715028731,0.32910627473460885,2.546875,1.1582541752029216,-0.5926991314997875,0.3620781500924152,3.597934375000002,1.6362608224497681,0.6117016880176133,0.7820279963171526,287.19990625,83.28698337276342,-0.3806763135845175,0.552971426001204,1.0,1.0001980066299438,0.0070391553454101086,1.0446386337280273,0.04973838850855827
149,1.5959455978986625e-16,0.9375,0.8967859625816346,0.6399452665357029,0.0,0.046875,0.0,60,0.02545866668034648,0.35761186480522156,1.5,1.0,63,0.984375,52,0.8253968253968254,0.8905628170800488,35.22952380952382,24.286645976526188,-0.607295185175377,0.4154813759167258,2.5238095238095237,1.4677176197545183,-0.5999095565764638,0.45881853223249086,3.1407582539682557,1.5188559055091866,0.39320074917631775,0.725915956785849,279.5947936507937,87.15171252279464,-0.4311693172758735,0.5786307151561052,0.984375,0.9990502595901489,0.0013863216154277325,1.0837911367416382,0.05699262022972107
150,2.7755575615628914e-17,1.0,0.9117075535468757,0.6583249551523256,0.0,0.0,0.0,64,0.02932901145334063,0.34042394161224365,1.5,1.0,64,1.0,54,0.84375,0.8891189115299236,39.34421875,27.98956992148412,-0.5369034515041653,0.47882877831445153,2.671875,1.436735530421309,-0.5536232794713477,0.44913331992595973,3.2690387500000018,1.3564767939655995,0.45451061976778123,0.6483091293767126,283.92071875000005,76.87386541123489,-0.40244798683488153,0.5103924918065472,1.0,1.0011290311813354,0.013759431429207325,1.0000001192092896,0.04836021363735199
151,1.457167719820518e-16,0.96875,0.8865535989884408,0.6637910606701906,0.0,0.03125,0.0,62,0.023416708446592546,0.3516455888748169,1.5,1.0,64,1.0,47,0.734375,0.8869571174567201,39.31328125,27.111951818725604,-0.5374327117025413,0.46381501407479636,2.8125,1.4563975247163805,-0.509662945939353,0.45527979336322566,3.0532320312500016,1.4348981029503685,0.3513688140480987,0.6857894982106427,272.25515625,86.07675955691727,-0.4798997382311352,0.5714937262731602,1.0,0.999264121055603,0.0032925682608038187,1.0446386337280273,0.0491892546415329
152,-4.85722573273506e-17,0.96875,0.872952593430396,0.6585491879231561,0.0,0.03125,0.0,62,0.013975639792568051,0.32695305347442627,1.5,1.0,64,1.0,56,0.875,0.8933979815282166,35.85734375,27.961559396461347,-0.5965548181049665,0.47834959104882996,2.8125,1.5699820858850588,-0.509662945939353,0.490787101402766,3.381517187500002,1.3991646430096583,0.5082681172890601,0.6687111903421729,290.49417187500006,75.4906213987777,-0.35880453138621143,0.5012086507896061,1.0,0.9989635348320007,0.0067811934277415276,1.0446386337280273,0.046565745025873184
153,2.42861286636753e-17,0.921875,0.8984374469619686,0.6598764940238541,0.0,0.0625,0.0,59,0.02767120099960003,0.37861165404319763,1.5,1.0,63,0.984375,53,0.8412698412698413,0.8974330626566563,38.277619047619034,28.481425398736,-0.5551501996276376,0.4872431468789008,2.9206349206349205,1.7117853605768778,-0.47585923267665514,0.5351157716348117,3.0782388888888907,1.4571515378071325,0.3633204922311954,0.6964252164491045,286.07157142857153,95.23486747746993,-0.3881677232855941,0.6322976093197519,0.984375,0.9991546273231506,0.012118492275476456,1.1014961004257202,0.04960547015070915
154,-7.28583859910259e-17,0.921875,0.8987866645142183,0.6424627625366134,0.0,0.0625,0.0,59,0.031350117885998445,0.4705984592437744,1.5,1.0,63,0.984375,51,0.8095238095238095,0.8899619178786947,39.264285714285705,31.692711180176953,-0.5382708979474443,0.5421798983852422,2.7301587301587302,1.7566775025088155,-0.5354033881485633,0.5491493611977886,2.973502857142859,1.6064563873739925,0.3132633693539693,0.7677833830355258,272.2664761904763,90.72797743680422,-0.479824581185293,0.6023747893100102,0.984375,0.99787437915802,0.007626738399267197,1.1014961004257202,0.046567901968955994
155,-1.249000902703301e-16,0.9375,0.881343903640906,0.6885664682156162,0.0,0.03125,0.0,60,0.019388645988932966,0.3522113263607025,1.5,1.0,62,0.96875,51,0.8225806451612904,0.8855010738820601,40.95258064516129,29.681008424280435,-0.509388560653468,0.5077648939518097,2.725806451612903,1.788578051528641,-0.5367639400881097,0.5591216902627861,2.9589011290322604,1.6589086459983522,0.306284677436135,0.7928522071200041,284.2505161290323,78.91102739953237,-0.400258346634339,0.523917923080994,0.96875,0.9986236095428467,0.002758620772510767,1.0837911367416382,0.04974215850234032
156,9.020562075079397e-17,0.9375,0.8961790526906649,0.6747669339485635,0.0,0.0625,0.0,60,0.022523832622468255,0.35102707147598267,1.5,1.0,64,1.0,52,0.8125,0.8999668471351995,42.794375,28.44569606477182,-0.47788024726002265,0.4866319108584814,2.9375,1.6189792308735773,-0.47058709391091325,0.5061039429018649,2.8108259375000015,1.62501228092544,0.2355142087251139,0.7766519130735346,281.257640625,87.63760014781175,-0.42012909435852674,0.5818566931181058,1.0,0.9996514320373535,0.03055434301495552,1.0837910175323486,0.043355878442525864
157,6.245004513516506e-17,1.0,0.8663906916044652,0.6555718801052175,0.0,0.0,0.0,64,0.047350571681722485,0.4663550853729248,1.5,1.0,64,1.0,53,0.828125,0.8985468982182847,45.67015625,27.574371564245777,-0.42868310609279997,0.4717258137918705,3.203125,1.382702149551739,-0.38755090835047873,0.4322421167623146,2.7783981250000016,1.5998962135272994,0.22001578886051326,0.7646480396120118,291.59665625,84.4144580089474,-0.35148475184444045,0.5604571246314504,1.0,0.9964464902877808,0.007705479394644499,1.0,0.04213767498731613
158,-1.3877787807814457e-17,0.9375,0.899082250893116,0.6374580685484369,0.0,0.0625,0.0,60,0.03163162652416686,0.3598442077636719,1.5,1.0,64,1.0,42,0.65625,0.8967096311276838,44.51609375,33.16679983513198,-0.4484261153110073,0.5673977231592315,2.796875,1.778163444224124,-0.5145474274429079,0.5558660130310612,2.8196571875000016,1.6158858294615353,0.2397349812619372,0.7722900531219423,275.97828125000007,87.9818650753646,-0.45518060857774906,0.5841423884356931,1.0,0.9989752173423767,0.0009402915020473301,1.0837911367416382,0.04297871142625809
159,-3.9898639947466563e-17,0.953125,0.8949508901502266,0.6401161606595276,0.0,0.046875,0.0,61,0.035061635951636985,0.40294593572616577,1.5,1.0,64,1.0,44,0.6875,0.8991249354343621,42.442968750000006,28.807661181515993,-0.4838918946648085,0.4928241930239185,2.8125,1.539835624344365,-0.509662945939353,0.48136311204000437,2.597991406250001,1.4507347871163734,0.13379291849013494,0.6933584201188909,264.292046875,88.20940000281824,-0.5327696077855334,0.5856530724370094,1.0,0.9993659257888794,0.0033653846476227045,1.0648608207702637,0.04711265116930008
160,-4.163336342344337e-17,1.0,0.8791566602885723,0.6151104367622753,0.0,0.0,0.0,64,0.05602724292104842,0.4477423429489136,1.5,1.0,64,1.0,46,0.71875,0.8970920158550276,47.77734375,31.82063615221789,-0.39263460591452415,0.544368362096907,3.046875,1.633914849181254,-0.43639572338602844,0.5107729189894171,2.7141920312500014,1.5482463698197197,0.18932938351623,0.7399627185247176,283.998140625,84.30387812103226,-0.40193395591565845,0.5597229460619875,1.0,0.9996533393859863,0.000895255128853023,0.9999998807907104,0.047506093978881836
161,1.1796119636642288e-16,0.953125,0.8810429856425426,0.5891393843316659,0.0,0.046875,0.0,61,0.06465471920443627,0.48256292939186096,1.5,1.0,64,1.0,46,0.71875,0.9047879680753885,53.41671875,37.213167278812726,-0.29615956005701777,0.6366205509877445,3.265625,1.9544995163404364,-0.3680129823362589,0.6109898711214077,2.9396656250000017,1.730068332084275,0.2970913370651444,0.82686198475742,302.96756250000004,95.44793536954377,-0.27598932639666574,0.6337122416109445,1.0,0.9995318651199341,0.0015816527884453535,1.0648608207702637,0.047414105385541916
162,-8.326672684688674e-17,0.9375,0.8772489686806997,0.6022331155380168,0.0,0.046875,0.0,60,0.054934245360977366,0.4189939796924591,1.5,1.0,63,0.984375,47,0.746031746031746,0.9003414565157895,49.53111111111111,31.777806227093492,-0.36263220554451997,0.5436356534207771,3.111111111111111,1.773805085041142,-0.41631507720474686,0.5545035602428933,2.863755396825398,1.7087034039682794,0.2608111042166399,0.8166509159004408,298.8212222222223,110.496513420746,-0.30351833036871734,0.7336250170205171,0.984375,0.9983797073364258,0.0016440608305856586,1.0837911367416382,0.05040616914629936
163,3.0531133177191805e-16,0.96875,0.8653513981449988,0.5908096528050941,0.0,0.03125,0.0,62,0.051150347450934816,0.37448763847351074,1.5,1.0,64,1.0,46,0.71875,0.8969839056756882,54.4321875,41.6127153594889,-0.27878752960628267,0.7118853813697528,3.59375,2.2480460265528373,-0.26543887076160455,0.7027545110936049,2.865255000000002,1.7343508724186636,0.2615278185997115,0.8289087650695192,312.33676562500006,104.99565900814405,-0.21378390842230727,0.6971029197421534,1.0,0.999293863773346,0.0015337422955781221,1.0446386337280273,0.053913313895463943
164,-1.3877787807814457e-17,0.953125,0.8523115784418388,0.6078439684359243,0.0,0.046875,0.0,61,0.043362819270800566,0.3882924020290375,1.5,1.0,64,1.0,44,0.6875,0.8916750684511696,48.644375,32.04537378248809,-0.3778019552034718,0.5482130387119972,3.234375,1.9584926242840437,-0.37778194534336884,0.6122381438825115,3.1132032812500023,1.5343891410906985,0.3800312349963185,0.7333398496832816,295.75526562500005,106.72165046193807,-0.3238742890427855,0.7085623809547021,1.0,0.9988651275634766,0.002822580747306347,1.0648608207702637,0.053898200392723083
165,-1.5959455978986625e-16,0.96875,0.8741887952050855,0.5944302476776526,0.0,0.03125,0.0,62,0.05034261361899929,0.3836526870727539,1.5,1.0,64,1.0,46,0.71875,0.8950842166514708,47.598906250000006,34.18534522995506,-0.39568720766475324,0.5848223870046946,3.078125,1.9389485512449782,-0.4266267603789185,0.6061285334336513,3.0276562500000015,1.7882632443925357,0.3391452267747455,0.8546754299269652,300.8603281250001,102.02219850847034,-0.28997999276583025,0.6773610750255092,1.0,0.9997866153717041,0.0008322929497808218,1.0446386337280273,0.05481066182255745
166,-2.7755575615628914e-17,0.96875,0.8864020339904293,0.6403871618503122,0.0,0.03125,0.0,62,0.052961691880445035,0.45500266551971436,1.5,1.0,64,1.0,48,0.75,0.8966664840380602,48.05484375,35.486560131627094,-0.3878873023169697,0.6070827912709972,3.078125,1.9389485512449782,-0.4266267603789185,0.6061285334336513,2.9569371875000017,1.5795313160757432,0.30534603902330737,0.7549149214374894,289.88414062500004,101.65455613050312,-0.3628547423142269,0.6749201686344936,1.0,1.0008662939071655,0.0,1.0446386337280273,0.05306965857744217
167,1.0061396160665481e-16,0.953125,0.8946116718112446,0.6268971559894359,0.0,0.046875,0.0,61,0.051140856408456156,0.41552290320396423,1.5,1.0,64,1.0,47,0.734375,0.9024714107272241,47.9015625,34.10333479930656,-0.3905095460271054,0.5834194017345878,3.328125,1.837582374854254,-0.348475056322039,0.5744407757589899,2.8885375000000018,1.5832690867207726,0.27265536414406666,0.7567013366887261,295.32642187500005,102.61471831973064,-0.3267215327580231,0.6812950213842115,1.0,0.9974689483642578,0.001692047342658043,1.0648608207702637,0.051667287945747375
168,4.163336342344337e-17,0.921875,0.8911154148942333,0.6345447579243975,0.0,0.0625,0.0,59,0.06415100277707228,0.4335741698741913,1.5,1.0,63,0.984375,49,0.7777777777777778,0.90003419601366,40.5931746031746,29.26773356474896,-0.5155370637024993,0.5006948354745753,2.9047619047619047,1.6106223357416918,-0.4808212456326475,0.5034915205211389,2.948144285714287,1.6240516627511612,0.3011435944796551,0.7761927990400321,274.280126984127,100.71167013436789,-0.4664552489590328,0.6686600185759194,0.984375,0.9978076815605164,0.004512635525316,1.1014961004257202,0.046892814338207245
169,0.0,0.96875,0.8766719963281385,0.6508854300429066,0.0,0.03125,0.0,62,0.03312383405905603,0.2971501350402832,1.5,1.0,64,1.0,49,0.765625,0.8968863920045177,37.57765625,24.75253766928425,-0.5671247434376955,0.423451571625198,2.75,1.3919410907075054,-0.5292008719535729,0.4351302727423321,2.984088281250002,1.5900957738829724,0.3183225248939049,0.7599640564273471,264.93718750000005,80.6907898142028,-0.5284862934315853,0.5357343885180829,1.0,1.0008012056350708,0.00047214352525770664,1.0446386337280273,0.04023049771785736
170,-4.163336342344337e-17,0.96875,0.8958988841022214,0.6631326450367793,0.0,0.03125,0.0,62,0.046747930555444614,0.4883008301258087,1.5,1.0,64,1.0,57,0.890625,0.8971000153084513,45.854375000000005,32.97592620358638,-0.42553160218428826,0.5641323715278272,2.9375,1.6851835953390955,-0.47058709391091325,0.5267998784977966,2.8049825000000017,1.567148777699091,0.2327214194234134,0.7489968602438493,279.261921875,86.01055750518819,-0.43337936947229383,0.5710541876866203,1.0,1.000345230102539,0.0013268465409055352,1.0446386337280273,0.039367806166410446
171,-8.326672684688674e-17,0.953125,0.9139064008095226,0.6613225705131447,0.0,0.046875,0.0,61,0.027329661728904525,0.3404679298400879,1.5,1.0,64,1.0,43,0.671875,0.8915416067356312,34.40171875,27.80597213025285,-0.6214567777416873,0.47568789739619843,2.421875,1.5391219848910611,-0.6317749835282273,0.4811400234825727,2.8851031250000014,1.5404712888085141,0.2710139526019686,0.7362467271980455,260.09903125,82.27684029770488,-0.5606085057202111,0.5462647326613773,1.0,0.9978490471839905,0.0060240961611270905,1.0648608207702637,0.03967297077178955
172,0.0,0.984375,0.9001138919875735,0.621122858826524,0.0,0.015625,0.0,63,0.03746540277493079,0.39078885316848755,1.5,1.0,64,1.0,45,0.703125,0.9055692411961366,39.32625,31.39297799170222,-0.5372108501042322,0.5370522427313592,2.8125,1.919269066598011,-0.509662945939353,0.5999765923931645,3.336743750000002,1.7445604409523747,0.4868692784633929,0.8337882856900318,285.5472812500001,96.2267392700486,-0.3916486692382829,0.6388829932217933,1.0,1.0005457401275635,0.0022143488749861717,1.023047924041748,0.04658662527799606
173,-2.7755575615628914e-17,0.96875,0.8880443577804873,0.6801754049409162,0.0,0.03125,0.0,62,0.033516134858280006,0.40284860134124756,1.5,1.0,64,1.0,52,0.8125,0.8894176717830875,34.471875,26.778317831024697,-0.6202565866857741,0.45810740387631377,2.484375,1.4999186175839674,-0.6122370575140074,0.46888478364330416,3.078159531250002,1.645444166936233,0.3632825643565674,0.7864170474939008,267.54890625,68.73132063439103,-0.5111461787699964,0.4563312878321162,1.0,1.0002191066741943,0.00047778309090062976,1.044638752937317,0.037090882658958435
174,6.938893903907228e-17,0.984375,0.8590818213091956,0.641816593279664,0.0,0.015625,0.0,63,0.03535913430659411,0.35813289880752563,1.5,1.0,64,1.0,58,0.90625,0.9039630597416399,42.237187500000005,31.3237177245908,-0.48741227689340033,0.535867379613429,2.859375,1.852930006604405,-0.49500950142868805,0.579238550057037,2.8433004687500016,1.5783736449788583,0.25103495716346746,0.754361628713084,279.99415625000006,81.17691624513306,-0.42851780923666033,0.5389619519961028,1.0,0.9997328519821167,0.004514672793447971,1.023047924041748,0.04596031829714775
175,-2.7755575615628914e-17,0.953125,0.878380965013973,0.596054612749445,0.0,0.046875,0.0,61,0.027697257663539837,0.37228280305862427,1.5,1.0,64,1.0,55,0.859375,0.9062583545088589,43.466406250000006,27.749436839284886,-0.46638353961752194,0.4747207255396183,3.109375,1.5218942503915966,-0.41685779737180856,0.47575451624988213,3.048940000000002,1.8173361750091486,0.3493174976855017,0.8685704308737812,291.18925,106.9615272459274,-0.354189664495869,0.7101550068601632,1.0,0.9990701079368591,0.007381676230579615,1.0648609399795532,0.04291968420147896
176,1.3877787807814457e-17,1.0,0.8897360335104167,0.6647882509317,0.0,0.0,0.0,64,0.03503291927490618,0.4743849039077759,1.5,1.0,64,1.0,57,0.890625,0.8902806836979271,41.11078125,34.28265347194042,-0.5066821595706352,0.5864870780578434,2.96875,1.7586282829239384,-0.4608181309038033,0.5497591884525191,3.072684062500002,1.6753438925362463,0.3606656405772343,0.8007072035500751,279.06878125000003,87.19269089269129,-0.43466169766452745,0.5789027848928074,1.0,0.9998080134391785,0.01424121018499136,0.9999999403953552,0.044359080493450165
177,4.163336342344337e-17,0.96875,0.8878781055250475,0.6623244561853805,0.0,0.03125,0.0,62,0.03648903707894717,0.4459267556667328,1.5,1.0,64,1.0,51,0.796875,0.890424017754701,39.4440625,31.913155629710044,-0.5351953845003156,0.5459511298386812,2.65625,1.9057376360611658,-0.5585077609749026,0.5957465749740375,3.224883281250002,1.6033045063214915,0.43340713047118595,0.7662769855282953,278.32765625,91.34516478997041,-0.4395822858705012,0.6064725121109759,1.0,0.9988904595375061,0.002742230426520109,1.0446386337280273,0.044624559581279755
178,2.7755575615628914e-16,0.96875,0.9072106259484445,0.6520613368915081,0.0,0.03125,0.0,62,0.031098997932212817,0.4499620795249939,1.5,1.0,64,1.0,53,0.828125,0.8929584744639811,40.53875000000001,26.77110391238098,-0.5164681271779812,0.4579839924819722,2.734375,1.360631603107542,-0.5340853534571278,0.4253427135059926,2.9195340625000012,1.5938780299533195,0.287469738070286,0.7617717328660114,272.82587500000005,90.78765155751161,-0.47611053674666476,0.6027709866782741,1.0,0.9977859854698181,0.009411764331161976,1.0446386337280273,0.048933062702417374
179,0.0,0.953125,0.8466986481283532,0.6653359144865102,0.0,0.046875,0.0,61,0.038828968540113015,0.47595614194869995,1.5,1.0,64,1.0,46,0.71875,0.8838099309741839,36.80921875,26.702409904391562,-0.5802707113953375,0.45680881658554484,2.53125,1.4996744438377283,-0.5975836130033424,0.468808453265886,2.7586142187500013,1.5427711898508378,0.21056034731247786,0.7373459327642848,249.69178125000002,71.00175060968324,-0.6297058801261738,0.47140546689625773,1.0,1.0011855363845825,0.006021073553711176,1.0648608207702637,0.05168053135275841
180,1.3877787807814457e-17,0.984375,0.8944215703578222,0.5987938269796012,0.0,0.015625,0.0,63,0.03582423180415868,0.3189173936843872,1.5,1.0,64,1.0,52,0.8125,0.8985831232103706,42.93328125,31.203355791819867,-0.4755039224299406,0.5338082998424306,2.90625,1.4439393815184902,-0.4803560569180232,0.45138529288202667,2.757591562500002,1.7018521637278203,0.21007158304755402,0.8133764613611504,275.21640625000003,72.00748954638307,-0.4602389632944653,0.47808291962044547,1.0,0.9982011914253235,0.0058035715483129025,1.023047924041748,0.05327330902218819
181,8.326672684688674e-17,0.9375,0.8898452545205752,0.6272738652442411,0.0,0.03125,0.0,60,0.04073395082022702,0.35868537425994873,1.5,1.0,62,0.96875,46,0.7419354838709677,0.8976481201947781,51.72709677419355,36.22853056715316,-0.3250645996399109,0.6197759765605534,3.2419354838709675,1.9401154261552096,-0.37541848655132615,0.6064933064842744,2.8073574193548407,1.8756390247669805,0.23385647894387476,0.8964354632391192,294.71917741935493,85.7594372061766,-0.3307532411831744,0.5693869121506486,0.96875,0.9977360963821411,0.004187604878097773,1.0837910175323486,0.05404512211680412
182,0.0,1.0,0.9193810569122434,0.6496053274896292,0.0,0.0,0.0,64,0.05225680023273642,0.3242834210395813,1.5,1.0,64,1.0,52,0.8125,0.8989864440854761,48.254374999999996,28.284874705562604,-0.3844738413405752,0.4838806754814094,3.125,1.4842927608797396,-0.4119733158682536,0.4640000343281681,2.585321406250001,1.472189388802512,0.1277374690303698,0.7036123472056948,275.85437500000006,72.16708848145832,-0.4560032655281912,0.4791425527965187,1.0,0.9983875155448914,0.0017769880359992385,0.9999999403953552,0.05205857381224632
183,5.551115123125783e-17,0.953125,0.9065000532103367,0.6373307430263427,0.0,0.046875,0.0,61,0.04452001807670371,0.3480437994003296,1.5,1.0,64,1.0,46,0.71875,0.8992211260124409,43.013124999999995,26.02528535356289,-0.47413800343312185,0.4452249758066572,2.96875,1.262051281644292,-0.4608181309038033,0.39452583307068073,2.888092968750002,1.8140847421140172,0.27244290664464593,0.8670164539544215,276.41625000000005,90.01423558804467,-0.4522727807945344,0.5976360074269054,1.0,1.0001403093338013,0.0078577334061265,1.0648608207702637,0.04840664193034172
184,-9.71445146547012e-17,0.96875,0.9076579511165619,0.6536728343482445,0.0,0.03125,0.0,62,0.04599076916121228,0.37107861042022705,1.5,1.0,64,1.0,53,0.828125,0.8977499632375078,44.09,24.96611403482729,-0.45571547167954934,0.42710530801617114,3.078125,1.5340376411206473,-0.4266267603789185,0.47955062296389744,2.6979598437500014,1.8493335196788578,0.18157143631593942,0.8838631146539003,284.02589062500005,79.03657683157635,-0.40174971395550885,0.5247514896920007,1.0,0.9996222853660583,0.00403949711471796,1.0446386337280273,0.04724613577127457
185,1.942890293094024e-16,0.96875,0.8833359162653646,0.5874419412114316,0.0,0.03125,0.0,62,0.05572522827760578,0.3341173529624939,1.5,1.0,64,1.0,48,0.75,0.8988642135028906,43.62703125,33.24249528463565,-0.4636356634360547,0.5686926755186811,3.046875,1.717826456419565,-0.43639572338602844,0.5370042593727195,3.271763906250002,1.9760794890583062,0.45581307011836053,0.9444395796741206,295.63217187500004,99.39532530075219,-0.3246915515214215,0.6599203446163528,1.0,0.9992275238037109,0.0012684989487752318,1.0446386337280273,0.04519890248775482
186,1.249000902703301e-16,0.953125,0.8869264013454562,0.6259142546473299,0.0,0.046875,0.0,61,0.055605795498179136,0.3638369143009186,1.5,1.0,64,1.0,53,0.828125,0.9009232997322134,41.0228125,34.61402621539199,-0.5081870761953104,0.5921560042456598,2.890625,1.8465947333876482,-0.48524053842157816,0.5772581004668151,3.379097812500002,1.7191368526217152,0.5071118108141811,0.821637436895858,301.001796875,102.17704522240125,-0.2890407322325011,0.6783891565425303,1.0,0.9979779720306396,0.0012510425876826048,1.0648608207702637,0.04066275805234909
187,-6.938893903907228e-17,1.0,0.9137834785506129,0.595690674256491,0.0,0.0,0.0,64,0.03953766646784747,0.38934385776519775,1.5,1.0,64,1.0,54,0.84375,0.8982253157665836,41.416875000000005,35.36528408424531,-0.5014456912442788,0.6050080733753838,3.40625,2.0970123837259522,-0.32405264880426415,0.6555403648662482,3.4640492187500023,1.6416950614725798,0.5477131483897811,0.7846252149244864,318.18768750000004,99.93384894986089,-0.17493759076712345,0.6634957915604475,1.0,0.9982520937919617,0.0027205597143620253,1.0,0.043650995939970016
188,-1.942890293094024e-16,0.984375,0.8911640958653556,0.6388675117969451,0.0,0.015625,0.0,63,0.039681762200749586,0.3824950158596039,1.5,1.0,64,1.0,53,0.828125,0.8958815477257907,42.45703125,35.3661661531756,-0.4836513218473649,0.6050231632817119,2.921875,1.839706901757723,-0.4754715754144682,0.575104917350273,3.5200887500000024,1.3871059637937515,0.5744964593000657,0.6629479131090675,304.7705,82.95468861428968,-0.2640189934587571,0.5507652048246781,1.0,0.995466411113739,0.010347682051360607,1.023047924041748,0.042629797011613846
189,2.7755575615628914e-17,0.90625,0.8772895957889228,0.646164414799023,0.0,0.09375,0.0,58,0.04706558414115631,0.42673125863075256,1.5,1.0,64,1.0,55,0.859375,0.9081305762163596,35.371875,21.103102250839214,-0.6048599263693816,0.36101921886474264,2.453125,1.2615675702771532,-0.6220060205211173,0.3943746216002264,3.1673307812500022,1.757298003046249,0.40590071728782895,0.8398760255085067,265.16146875000004,97.81561393828716,-0.5269972117333953,0.6494320881157788,1.0,0.9989548921585083,0.0036231884732842445,1.1180340051651,0.04754473268985748
190,-1.249000902703301e-16,0.96875,0.8934060705284919,0.6917803142399975,0.0,0.03125,0.0,62,0.0379076863153357,0.3758459687232971,1.5,1.0,64,1.0,54,0.84375,0.8939724766719825,35.40625,26.716582485181373,-0.6042718594822971,0.4570512725991308,2.59375,1.4439393815184902,-0.5780456869891225,0.45138529288202667,3.165452031250002,1.7597942715744344,0.40500279497744723,0.8410690821707347,271.84821875000006,87.63690754336703,-0.48260153868729067,0.5818520946748444,1.0,0.9978904724121094,0.008486563339829445,1.0446386337280273,0.04123322665691376
191,-1.3010426069826053e-16,0.953125,0.879866747582545,0.673811593750733,0.0,0.046875,0.0,61,0.04350788441908744,0.33584511280059814,1.5,1.0,64,1.0,51,0.796875,0.9044802414074085,40.3990625,24.360149624870814,-0.518857817164588,0.41673883225625663,2.75,1.3919410907075054,-0.5292008719535729,0.4351302727423321,2.9399931250000018,1.5663527711473124,0.2972478611139268,0.7486164200351724,268.63640625,80.02240065731576,-0.5039258857371123,0.5312967190259202,1.0,0.9990585446357727,0.003355704713612795,1.0648608207702637,0.05305991694331169
192,1.5265566588595902e-16,0.953125,0.8848890207830022,0.6056373275029028,0.0,0.03125,0.0,61,0.03301532749766397,0.30495038628578186,1.5,1.0,63,0.984375,53,0.8412698412698413,0.907238360862451,42.02174603174604,28.252973971269196,-0.49109792034314603,0.4833349368483437,2.8095238095238093,1.3434986647300842,-0.5105933233686016,0.41998684018719323,2.993686190476192,1.8447892572189848,0.32290971149521575,0.8816912479090172,274.01493650793657,82.24129945333887,-0.4682159413246649,0.5460287645593463,0.984375,0.9976963400840759,0.0013761467998847365,1.0648608207702637,0.048281729221343994
193,5.551115123125783e-17,0.921875,0.8787718571848788,0.6147142340706451,0.0,0.078125,0.0,59,0.04465471076817902,0.34934794902801514,1.5,1.0,64,1.0,55,0.859375,0.8898746618312686,34.278281250000006,26.77357206478804,-0.6235684724725813,0.45802621615332845,2.6875,1.6665364532466729,-0.5487387979677927,0.5209706547765424,3.559528750000003,1.8998123996738983,0.5933462561977089,0.9079887899968773,291.71868750000004,106.5100920152164,-0.3506745436750894,0.7071577703993805,1.0,0.9997794032096863,0.0022512380965054035,1.1014962196350098,0.05131405219435692
194,-4.85722573273506e-17,0.9375,0.8887446229656537,0.6203070602184108,0.0,0.0625,0.0,60,0.024821703622291094,0.29963448643684387,1.5,1.0,64,1.0,55,0.859375,0.8901678179393657,42.7096875,31.196778978803952,-0.47932903022729434,0.5336957876691301,3.375,1.9882467150733583,-0.3338216118113741,0.6215394754739036,3.5883982812500026,1.6224155367600768,0.6071440452593888,0.7754108354844821,315.94085937500006,111.22110821296857,-0.1898550688885264,0.7384358553928838,1.0,0.9989359974861145,0.00456053065136075,1.0837911367416382,0.04310512915253639
195,1.8735013540549517e-16,0.96875,0.9175255096727802,0.6317559451700481,0.0,0.03125,0.0,62,0.033423263977789594,0.3903084695339203,1.5,1.0,64,1.0,58,0.90625,0.890602178140962,37.79359375,29.193100285383547,-0.5634306141742832,0.4994180540849223,2.921875,1.8140483688080096,-0.4754715754144682,0.5670838850557942,3.6852046875000024,1.5236634006851408,0.6534113144328983,0.7282136319291841,308.77321875000007,101.07941240237011,-0.2374435430649912,0.6711015881718306,1.0,1.000707983970642,0.008898304775357246,1.0446385145187378,0.04206565394997597
196,2.0122792321330962e-16,0.984375,0.9175971197703529,0.6132901395261308,0.0,0.015625,0.0,63,0.03271461263672075,0.37423136830329895,1.5,1.0,64,1.0,58,0.90625,0.8967592532409869,40.234843749999996,30.88115884889338,-0.5216671730660687,0.5282963477477427,3.078125,1.9549991008629646,-0.4266267603789185,0.6111460446484317,3.504808437500002,1.7952445137268394,0.5671934474553009,0.8580120300547383,299.15903125000006,86.68324025348144,-0.30127549802875475,0.5755203638345221,1.0,0.9985992312431335,0.014126712456345558,1.0230478048324585,0.044042982161045074
197,-2.740863092043355e-16,0.953125,0.884592915167574,0.6363104001458653,0.0,0.046875,0.0,61,0.03096421532555689,0.46774452924728394,1.5,1.0,64,1.0,46,0.71875,0.8939634929835254,38.382343750000004,27.689272953516422,-0.5533586322173097,0.4736914778590724,2.734375,1.6978128163537345,-0.5340853534571278,0.5307478590706166,3.038367656250002,1.2686946357904936,0.34426459371948825,0.6063548734731242,269.433140625,80.57857463911148,-0.49863608743194254,0.5349893527048454,1.0,1.0006976127624512,0.014746543951332569,1.0648608207702637,0.04627061262726784
198,1.1102230246251565e-16,0.984375,0.8816826887547023,0.6686440682922752,0.0,0.015625,0.0,63,0.026164171084631087,0.3736327290534973,1.5,1.0,64,1.0,59,0.921875,0.8904079882452092,42.13265625,31.7010647121171,-0.4892005348363981,0.5423228056004916,2.875,1.71846588560844,-0.4901250199251331,0.5372041492956566,2.6646935937500014,1.4625140314768867,0.16567229696385474,0.6989881453674555,264.701375,67.59922343477312,-0.5300519351334864,0.4488148983857264,1.0,0.9989715218544006,0.0004737091367132962,1.023047924041748,0.05104115605354309
199,-2.7755575615628914e-17,0.921875,0.857982201849,0.6423646679917511,0.0,0.078125,0.0,59,0.038045840069379874,0.4578167498111725,1.5,1.0,64,1.0,50,0.78125,0.8950910129533679,40.98171875,38.65517128869562,-0.508890083428507,0.6612894908933475,2.734375,2.040543643094898,-0.5340853534571278,0.637887851641197,2.8497118750000014,1.7128076355467106,0.25409919919289886,0.8186124760341711,269.35710937500005,93.18130727262267,-0.4991408855051897,0.6186633045476443,1.0,0.9972141981124878,0.00838112086057663,1.1014961004257202,0.04885462298989296
