step,reward_mean,valid_frac,c_mean,qed_mean,d_var,d_loss,w_C,unique,n_valid,unique_smiles_frac,n_scaffolds,scaffold_frac,tanimoto_dist,tpsa_mean,tpsa_sd,tpsa_drift_sd,tpsa_spread_ratio,hba_mean,hba_sd,hba_drift_sd,hba_spread_ratio,logp_mean,logp_sd,logp_drift_sd,logp_spread_ratio,mw_mean,mw_sd,mw_drift_sd,mw_spread_ratio,rdkit_valid_frac,ratio_mean,clip_frac,adv_std,kl
0,1.1868416837276539,0.96875,0.7908735662218063,0.5272671960274481,0.007247624314161332,0.7462701797485352,0.2,1.0,62,0.96875,52,0.8387096774193549,0.913178348303675,69.82016129032257,37.76536151844897,-0.015539301376119587,0.6460671589170199,4.580645161290323,2.379674598904257,0.0430712835597062,0.7439025000209557,1.9346874193548398,1.8553891730307674,-0.18322395357808707,0.8867573295566901,309.9063064516129,104.5611324587261,-0.22992057732926516,0.6942179459330817,0.96875,0.9909039735794067,0.07793764770030975,1.0446386337280273,0.006171185057610273
1,1.2673330068057016,1.0,0.8374071586877108,0.5477048394364648,1.1603712853113565e-06,0.7090301513671875,0.21300000000000002,1.0,64,1.0,54,0.84375,0.9219309757877939,57.187031250000004,34.93196895751832,-0.23165931466907505,0.5975951780240838,3.6875,2.178553132241672,-0.23613198174027472,0.681030558652556,1.797184531250001,1.5189655635002994,-0.2489415375947085,0.7259683662904302,273.757609375,103.55439449581218,-0.4699244262029305,0.687533860324284,1.0,0.9962184429168701,0.02000909484922886,0.9999998807907104,0.015753835439682007
2,1.2995833687622138,1.0,0.8629181799478829,0.5973092314167874,7.146134511028159e-07,0.694629430770874,0.226,1.0,64,1.0,55,0.859375,0.9194565694217656,45.04296875,23.885812386729146,-0.4394126537507859,0.40862415522171996,3.015625,1.4630040530958894,-0.4461646863931384,0.45734503916626074,2.5390989062500013,1.7356648218947317,0.10564607103084389,0.8295367488615488,262.5861875,91.85676928305885,-0.5440954050824461,0.6098692333588276,1.0,1.0003594160079956,0.016314778476953506,0.9999998211860657,0.03165728226304054
3,1.3526016961896068,1.0,0.8616395983844995,0.6288427447130329,2.2251562552940904e-06,0.682413637638092,0.23900000000000002,1.0,64,1.0,54,0.84375,0.9049083611746809,41.78265625,27.712725881025058,-0.49518812495943954,0.47409269647937846,2.78125,1.6720940277089682,-0.519431908946463,0.5227079904351478,2.733471562500001,1.6349332168664226,0.19854376608073948,0.781393485779469,250.885640625,86.94961413376993,-0.6217794299858925,0.5772889132340525,1.0,0.9980855584144592,0.008923884481191635,0.9999998211860657,0.050541412085294724
4,1.3359977517977648,0.984375,0.8771836944515743,0.61086839834552,0.003797970219200655,0.6956625580787659,0.252,1.0,63,0.984375,50,0.7936507936507936,0.9072383596143655,36.82285714285715,26.53976396281275,-0.5800373939485785,0.45402636734740176,2.619047619047619,1.5879363810031493,-0.5701374788405097,0.4963997364372415,2.479902380952382,1.723686802269987,0.07735391892875691,0.8238120217529681,250.41738095238094,91.90859725291067,-0.6248883698036324,0.6102133373860732,0.984375,0.9982582330703735,0.01491769589483738,1.0230478048324585,0.07059219479560852
5,1.3922021450824893,0.984375,0.8790381524179663,0.6402130112769433,0.0037946797169186998,0.6826301217079163,0.265,1.0,63,0.984375,49,0.7777777777777778,0.8984163044977528,29.819047619047623,24.26832580109738,-0.699854367458367,0.4151679653411546,1.9841269841269842,1.3031349683665898,-0.7686179970802037,0.407368873575827,2.6237398412698423,1.4939322438020433,0.14609902322026083,0.7140040409358182,218.85971428571426,66.16969574844802,-0.8344107613139006,0.43932376386261074,0.984375,0.9974597096443176,0.015297450125217438,1.0230478048324585,0.10951436311006546
6,1.3898863401242356,0.984375,0.8738817080618844,0.6201488178898652,0.0038032595451192018,0.6838029623031616,0.278,1.0,63,0.984375,47,0.746031746031746,0.8882832503301625,30.806507936507938,21.840620242277858,-0.6829614884763074,0.3736362344107525,2.0634920634920637,1.367108126992665,-0.7438079323002419,0.4273673190179424,2.783496031746033,1.4963346692793804,0.2224522621557925,0.7151522466231794,222.1314920634921,85.73707135224218,-0.8126882838021444,0.5692384174202236,0.984375,0.998123049736023,0.013197360560297966,1.0230478048324585,0.1257765293121338
7,1.3754766682016049,0.984375,0.8792149400900281,0.5812645871987844,0.0037536311864531345,0.6223956346511841,0.29100000000000004,1.0,63,0.984375,45,0.7142857142857143,0.8961561680568838,26.96666666666667,18.972021505364157,-0.7486511903658755,0.32456196737042725,2.0,1.1952286093343936,-0.7636559841242113,0.3736366102280687,2.488981269841271,1.5115226652444211,0.08169304701222098,0.7224111370700161,203.72700000000003,87.68884909254203,-0.9348821466249536,0.5821969527949598,0.984375,0.9961232542991638,0.009888751432299614,1.0230478048324585,0.17075541615486145
8,1.459516737734902,1.0,0.9296792568638921,0.6226317635288793,3.608383274160041e-05,0.6646497249603271,0.30400000000000005,1.0,64,1.0,48,0.75,0.8774681335078522,21.003124999999997,18.094079649415026,-0.850671885170675,0.30954266455532514,1.46875,1.1452176376130434,-0.9297283552450804,0.358002839581813,2.893769687500001,1.2662731682036092,0.27515601504937537,0.6051975668755838,203.11932812499998,58.286780013528464,-0.9389166928367629,0.38698632794568827,1.0,0.9992966055870056,0.01129568088799715,0.9999998807907104,0.18166525661945343
9,1.4657353602630672,1.0,0.9104563044384122,0.6392093812004958,1.9400051453358214e-05,0.5970984697341919,0.317,1.0,64,1.0,44,0.6875,0.8724490670391707,19.831875,16.10210437285683,-0.8707089278324247,0.27546514600886013,1.4375,0.899218410621135,-0.9394973182521903,0.281101804437442,2.672672187500001,1.2737966239460945,0.16948555436031248,0.608793297421077,192.843328125,51.58276215039487,-1.007142652566343,0.34247600751395035,1.0,0.998033881187439,0.007984031923115253,0.9999998211860657,0.21558769047260284
10,1.4790810739697489,1.0,0.8977663982659578,0.6492542896106646,2.6155122484947243e-05,0.607627809047699,0.33,1.0,64,1.0,41,0.640625,0.8666362756463781,19.705624999999998,14.166647547474843,-0.8728687371268075,0.242354511233916,1.453125,0.7691246546399355,-0.9346128367486353,0.24043360956907958,2.9849804687500012,1.2911953027118308,0.31874893344283,0.6171087528222298,204.25696875,57.971192019444224,-0.9313634986495319,0.38489102882389664,1.0,1.0013995170593262,0.01780821941792965,1.0,0.24102026224136353
11,1.4734092710999755,0.984375,0.9369679556952583,0.6356275002855551,0.003474579743842575,0.5582614541053772,0.343,0.9375,63,0.921875,43,0.6825396825396826,0.8497378012971548,15.533492063492064,12.752689496447179,-0.9442430855915248,0.21816536477469237,1.1111111111111112,0.7990293935652839,-1.041528709659783,0.24978203479464786,2.953797301587303,1.186921629957503,0.303845374425535,0.5672726079644617,183.03499999999997,60.66124258326755,-1.0722635750722558,0.40275121580695866,0.984375,0.9997849464416504,0.028941355645656586,1.0230478048324585,0.23130762577056885
12,1.5096311182826945,1.0,0.9236596105620265,0.6643766792267458,4.623162762183697e-05,0.5629785656929016,0.356,0.9375,64,0.9375,36,0.5625,0.8279349370921539,16.13984375,16.48942326653925,-0.9338699845365978,0.2820911653868037,1.15625,0.887742044458862,-1.0274179853161798,0.2775142141495926,3.180859375000002,1.306250265611069,0.4123665196331185,0.6243040619741617,203.19925,64.5330069186982,-0.9383860635427512,0.42845721401944564,1.0,1.0015640258789062,0.02118644118309021,0.9999999403953552,0.22245055437088013
13,1.478245112262203,0.984375,0.8962182530335018,0.6468568692208252,0.003169903761665503,0.5455045104026794,0.369,0.96875,63,0.953125,37,0.5873015873015873,0.8336358762222743,14.752063492063492,14.77206212928731,-0.957611297009091,0.25271158086364637,1.126984126984127,0.9510572812028725,-1.0365666967037905,0.29730698872682926,3.088117777777779,1.0946862947988623,0.3680419691361124,0.523190018346652,191.79904761904766,59.65894577378151,-1.0140759962550827,0.39609661656979617,0.984375,0.9977741837501526,0.018450183793902397,1.0230478048324585,0.29785245656967163
14,1.4828587211533875,0.984375,0.9052378610959129,0.6461941516916158,0.003092487419606129,0.522918164730072,0.382,0.984375,63,0.96875,32,0.5079365079365079,0.8164724551911638,18.230793650793654,15.205677333800104,-0.8980992674686928,0.26012960976576477,1.2857142857142858,0.8438116736509215,-0.9869465671438671,0.263781280795628,3.1831076190476204,1.3178791331273252,0.4134410364605511,0.6298619167112566,197.46555555555557,57.7847305971346,-0.9764540672668057,0.3836530461954793,0.984375,1.0004721879959106,0.01097293384373188,1.0230478048324585,0.30784234404563904
15,1.497292665289234,0.984375,0.898121020150563,0.6715659849795497,0.00294751751321319,0.5012334585189819,0.395,0.96875,63,0.953125,33,0.5238095238095238,0.8046314759926975,17.76730158730159,16.553383599481553,-0.9060284117586164,0.2831853604090659,1.126984126984127,0.8260071003973134,-1.0365666967037905,0.25821544983652794,3.3406704761904784,1.063783548181826,0.48874600237726556,0.5084204824107884,208.17555555555555,62.58302758958423,-0.9053466296739873,0.41551061892586416,0.984375,0.9997029304504395,0.006978366989642382,1.023047924041748,0.24629738926887512
16,1.5000458161658639,0.984375,0.9228789929359679,0.6773637641441493,0.0028228081237713165,0.5015656352043152,0.40800000000000003,0.9375,63,0.921875,38,0.6031746031746031,0.8198106569148402,14.257619047619048,14.428900640594387,-0.9660699560718005,0.24684097989134363,1.0476190476190477,0.8247860988423225,-1.0613767614837524,0.2578337564278134,3.675540476190479,0.9727243700913517,0.6487924396773096,0.4649000206290504,221.23806349206347,52.093288256368005,-0.818620068712182,0.3458655689723994,0.984375,0.9998632073402405,0.0032383420038968325,1.0230478048324585,0.35402166843414307
17,1.5280714916298674,1.0,0.9438600512221456,0.6796962753512701,0.0007648582852374371,0.46506941318511963,0.42100000000000004,0.984375,64,0.984375,36,0.5625,0.8118630360665977,13.200468749999999,14.30726087840623,-0.9841550494449267,0.24476003978092384,0.9375,0.7880950133074057,-1.0958007263659493,0.24636387299481155,3.672694687500002,1.1288821241760718,0.6474323347374238,0.5395334371728907,220.33126562499996,47.90317042849376,-0.8246406170540606,0.31804591052682285,1.0,0.9996786117553711,0.0033134527038782835,0.9999998211860657,0.3366397023200989
18,1.499440565518415,0.984375,0.916896485147022,0.6832714593709289,0.003373201757377243,0.44940584897994995,0.434,0.984375,63,0.96875,40,0.6349206349206349,0.8198785123743675,18.9468253968254,17.49220813612307,-0.8858498257249103,0.29924620761724813,1.2698412698412698,1.0420728610901495,-0.9919085800998595,0.32575907938249227,3.637814444444447,1.241464989569292,0.6307618099570578,0.593340844546544,233.80547619047618,56.04893935047234,-0.7351806182774875,0.37212852072898095,0.984375,0.9984855651855469,0.01908867061138153,1.0230478048324585,0.3494022488594055
19,1.5119126077442688,1.0,0.9108182615600526,0.686179202756139,0.000601222798205264,0.39524680376052856,0.44700000000000006,0.9375,64,0.9375,34,0.53125,0.8121435100313988,17.892187500000002,15.40212013295065,-0.9038919384518161,0.2634902353770117,1.0625,0.8637671850678283,-1.0567248743375095,0.27001950968585914,3.4388935937500023,0.9572063675325712,0.5356903689251951,0.4574834081419784,213.631140625,52.8798254910566,-0.8691250914052819,0.35108766489490617,1.0,0.9994195103645325,0.020721925422549248,0.9999998807907104,0.311644047498703
20,1.52652159247011,1.0,0.9137819530442357,0.6994850582536674,0.0009160256356013589,0.46776387095451355,0.46,0.9375,64,0.9375,34,0.53125,0.8147212885854627,20.2665625,16.207277225326706,-0.8632725547421115,0.2772643801021765,1.25,0.7905694150420949,-0.9981110962948498,0.24713738784316056,3.1033756250000017,1.145281389222584,0.3753342440152748,0.5473712367519316,208.14234375,56.799424319876145,-0.9055671344723892,0.3771112530470229,1.0,0.9993923902511597,0.006172839552164078,0.9999999403953552,0.2999040186405182
21,1.5495247441897184,1.0,0.9437318230047822,0.7260263460833236,0.0017760257732168832,0.3977660834789276,0.47300000000000003,1.0,64,1.0,35,0.546875,0.8095561087240746,19.89875,16.006075067376763,-0.869564870433915,0.2738223342345316,1.03125,0.7281987623581903,-1.0664938373446193,0.22763989668161283,3.3296206250000013,0.9771268299136564,0.4834648804023753,0.467004114784742,220.71965625,57.55926322556029,-0.8220619557908647,0.3821560894211154,1.0,1.0009753704071045,0.01701323315501213,0.9999999403953552,0.25129234790802
22,1.5542409324638742,1.0,0.9254958052188158,0.7306072346459052,0.003500987134278431,0.4136553108692169,0.48600000000000004,0.96875,64,0.96875,34,0.53125,0.8077770962048361,21.908749999999998,16.936105062484113,-0.8351789957273051,0.28973272969978053,1.25,0.8100925873009825,-0.9981110962948498,0.25324046456567284,3.3033976562500014,0.8778086825918113,0.4709319789066669,0.41953639406296284,227.8859375,56.28887004575012,-0.774482506980691,0.37372150457035036,1.0,0.9985276460647583,0.020471464842557907,0.9999998211860657,0.2671310007572174
23,1.5658520109687046,1.0,0.9281318690627813,0.7345527486376451,0.004096699285209322,0.4626668095588684,0.49900000000000005,0.96875,64,0.96875,31,0.484375,0.7869746448877899,25.780625,18.105352961469023,-0.7689412799911584,0.3097355216179208,1.375,0.960143218483576,-0.9590352442664101,0.3001473146525929,3.215637968750002,1.1487616853461446,0.4289884625482589,0.5490345956533711,237.63723437500002,65.46862300506592,-0.709740234899635,0.4346690966032206,1.0,1.0010985136032104,0.02459508180618286,0.9999999403953552,0.23525600135326385
24,1.5526513579461645,1.0,0.9295295542106032,0.7066525390177222,0.010725239552524461,0.40191781520843506,0.512,1.0,64,1.0,49,0.765625,0.8226716556596521,34.4109375,21.839072619300797,-0.6212990688946963,0.37360975860489065,1.890625,1.09140373344377,-0.7978473546490962,0.34118024633068367,3.1290900000000015,1.2146588123020918,0.3876240702348444,0.5805292066893194,264.026578125,70.96361646906746,-0.5345321477083593,0.4711522809929905,1.0,0.9992044568061829,0.010127931833267212,0.9999999403953552,0.27301025390625
25,1.5840527303319296,1.0,0.9206065302714705,0.7200085864117678,0.01670281124516909,0.5045090913772583,0.525,1.0,64,1.0,49,0.765625,0.8180138644266405,34.01265625,19.748152147905788,-0.628112625690961,0.3378395449974905,1.953125,1.06697129032369,-0.7783094286348763,0.33354249807425557,2.932028281250002,1.3393870250866575,0.29344117533783753,0.6401413131394986,259.389453125,66.48335792440133,-0.5653196431843258,0.4414062768039579,1.0,1.0022313594818115,0.022257551550865173,0.9999999403953552,0.2828853726387024
26,1.5354667407769071,0.984375,0.9218674935991802,0.7279667889750315,0.010872162286862178,0.40721726417541504,0.538,1.0,63,0.984375,38,0.6031746031746031,0.8199264641261215,36.24507936507936,19.09763817135145,-0.5899216697072504,0.32671094196629846,2.0476190476190474,0.9499970163457144,-0.7487699452562344,0.29697554270547516,2.8652326984126995,1.1942962965725914,0.26151715986768437,0.5707972268255733,254.83828571428575,66.92452393707468,-0.5955364361471487,0.4443353323328321,0.984375,1.0002191066741943,0.009320175275206566,1.0230478048324585,0.25329023599624634
27,1.5860040954221273,1.0,0.9233098342083395,0.7145743155278484,0.02057819859525464,0.4481739103794098,0.551,0.984375,64,0.984375,43,0.671875,0.8097869535844286,34.67296875,23.29786146836279,-0.61681639539633,0.39856584347416685,1.859375,1.0733590309747247,-0.8076163176562061,0.3355393493420626,2.833890781250001,1.3046184647260213,0.24653772850613215,0.6235241655426063,255.8435,68.0842184602552,-0.5888624667644374,0.4520349500670798,1.0,1.0007481575012207,0.010320478118956089,0.9999998807907104,0.3235839903354645
28,1.6214845302179413,1.0,0.9370192112401128,0.7352066782976722,0.02211011547391242,0.500896692276001,0.5640000000000001,1.0,64,1.0,41,0.640625,0.8267412021158336,35.13875,21.780982853454987,-0.608848089076336,0.37261599372423876,1.9375,0.998044963916957,-0.7831939101384312,0.311995658621988,2.959320937500002,1.1459299554656466,0.30648531902723136,0.5476812099252683,261.004828125,47.823435534576944,-0.5545946033149045,0.31751652266565017,1.0,1.0016982555389404,0.008854166604578495,0.9999999403953552,0.2594161927700043
29,1.6143846086024216,1.0,0.930430481210351,0.7254493747662221,0.02729360777207568,0.4909675717353821,0.577,0.984375,64,0.984375,41,0.640625,0.8177077891356597,37.41828125,18.903777032868287,-0.5698512353687233,0.3233944818576603,1.9375,0.998044963916957,-0.7831939101384312,0.311995658621988,2.5867853125000013,1.1318498610487853,0.12843712256712675,0.5409518255424722,251.707328125,71.05498207771369,-0.6163239591523678,0.47175888923901677,1.0,1.0010005235671997,0.024520255625247955,0.9999998807907104,0.27405303716659546
30,1.6409414130749118,1.0,0.9484283681958914,0.6983691404364266,0.030564897785967333,0.5038546323776245,0.5900000000000001,1.0,64,1.0,46,0.71875,0.8471995012545037,27.770937500000002,18.392021429035303,-0.7348922072289696,0.31463967386074165,1.578125,1.0278115023558552,-0.8955369847201955,0.321300881433486,2.890455312500001,1.2383134013901351,0.27357195583049543,0.5918345870140359,236.49725,65.3975481306448,-0.7173089900632299,0.434197205641753,1.0,0.9994916319847107,0.041619155555963516,0.9999999403953552,0.26746484637260437
31,1.6998043902785014,1.0,0.9476223075762391,0.7151062857352679,0.03821457186147063,0.5522393584251404,0.603,1.0,64,1.0,45,0.703125,0.8491481140423882,36.27421875,26.705165394819193,-0.5894231705834151,0.45685595586345523,2.046875,1.1783156344439294,-0.7490025396135465,0.3683494989946247,2.372563750000001,1.3716020777081963,0.026052920127452597,0.6555380473931216,245.401640625,62.913313576442064,-0.658189624921375,0.4177035031647321,1.0,0.9988399147987366,0.04083826020359993,0.9999998807907104,0.3367747366428375
32,1.6664874186547594,0.984375,0.9397233629983569,0.7015538547828297,0.050469446578242594,0.5769953727722168,0.6160000000000001,1.0,63,0.984375,49,0.7777777777777778,0.8574783109164694,38.973015873015875,18.9128320119974,-0.5432537677323789,0.3235493890107969,2.0634920634920637,0.9236404143476923,-0.7438079323002419,0.28873628926829764,2.4535736507936514,1.2403069417346846,0.0647704702455692,0.5927873717656084,248.51455555555555,65.24322501950168,-0.6375218934408678,0.4331726005068568,0.984375,0.9996723532676697,0.03732503950595856,1.0230478048324585,0.23279666900634766
33,1.674579340975923,1.0,0.9220134867355227,0.6887422337319433,0.04414280093956905,0.5930125117301941,0.629,1.0,64,1.0,54,0.84375,0.8581835044111137,34.745,21.440268553005584,-0.6155841279647577,0.3667872577809535,1.984375,1.1523371292182683,-0.7685404656277663,0.36022844118568087,3.0039062500000018,1.4809714418187874,0.32779424613785363,0.7078096067315853,264.54451562500003,71.72741176561101,-0.5310933794116057,0.47622338523040025,1.0,0.9974794387817383,0.04321907460689545,0.9999999403953552,0.3105127215385437
34,1.6855246061422098,1.0,0.9115731311030686,0.6356588142152126,0.040477396711054374,0.6350678205490112,0.6420000000000001,1.0,64,1.0,53,0.828125,0.8704018327535273,36.12953125,23.835335535560926,-0.5918983975717796,0.40776062752029973,2.171875,1.1931403875382813,-0.7099266875851067,0.37298381786080914,3.420151562500002,2.200218163625499,0.5267328769750991,1.0515635272526829,292.36614062500007,96.86580119453082,-0.3463758758244624,0.6431259489559732,1.0,1.000678300857544,0.004943820182234049,0.9999999403953552,0.22569218277931213
35,1.6552691664045076,1.0,0.9135296260938048,0.6315191343328226,0.03410627164417011,0.5213981866836548,0.655,1.0,64,1.0,50,0.78125,0.8627329701512438,35.79421875,26.011605631230236,-0.5976347227521578,0.4449909513200145,2.1875,1.2358574958303243,-0.7050422060815518,0.3863374770824308,3.341017187500003,1.7842671960678906,0.48891170820299207,0.8527655744677176,292.42126562500005,91.66663205047043,-0.3460098816603819,0.608606845739747,1.0,0.9992736577987671,0.010564997792243958,0.9999999403953552,0.24975471198558807
36,1.715604343643978,1.0,0.9254380222409964,0.6685845532041543,0.032947523299858734,0.5372351408004761,0.6679999999999999,1.0,64,1.0,47,0.734375,0.8698676507080854,33.196875000000006,21.855863406289284,-0.6420685221339966,0.37389700532012027,2.140625,1.0287612013363452,-0.7196956505922166,0.3215977638081515,2.8467476562500016,1.755689452151511,0.25268249226090894,0.8391072410849435,269.93581250000005,93.78291354570462,-0.4952986729612395,0.6226575791058723,1.0,1.002047061920166,0.024102311581373215,0.9999998807907104,0.2369617372751236
37,1.713849478055705,1.0,0.9341333210468292,0.7110845034581701,0.03465044145837515,0.5366649031639099,0.681,1.0,64,1.0,44,0.6875,0.8585609399459674,33.452343750000004,18.82746885721328,-0.6376981159504372,0.32208904734663385,2.171875,1.0391506071667378,-0.7099266875851067,0.32484556288728617,2.7816935937500014,1.5020850725921877,0.2215908121013861,0.717900571535095,270.098796875,67.7563911273274,-0.494216562664889,0.44985838969197395,1.0,0.9989761114120483,0.023288972675800323,0.9999998807907104,0.2602479159832001
38,1.6946402909337355,1.0,0.9101011110469699,0.6868598507708408,0.02922823821960536,0.46345382928848267,0.6940000000000001,1.0,64,1.0,45,0.703125,0.8663104697116223,35.360937500000006,25.125792818259363,-0.6050470385607265,0.4298369968919916,2.3125,1.3095204274848102,-0.665966354053112,0.4093650116209249,2.705667343750001,1.5170745436728337,0.1852551282426274,0.72506457978746,275.114765625,83.93231532884519,-0.4609137909694498,0.5572560106691532,1.0,0.9991482496261597,0.019119609147310257,0.9999998807907104,0.26544228196144104
39,1.7567320548627525,0.984375,0.9494296047422621,0.7079575064486446,0.0446187952476403,0.6192041635513306,0.7070000000000001,1.0,63,0.984375,45,0.7142857142857143,0.8523321876939468,36.82714285714286,26.291365739946933,-0.5799640765185005,0.4497769195022234,2.634920634920635,1.3720750974586864,-0.5651754658845174,0.4289200278416214,2.5299271428571433,1.2582461962644915,0.10126255487596021,0.6013611877996342,285.7471111111112,75.50873881395039,-0.3903219288668411,0.5013289386484983,0.984375,0.9974212050437927,0.03399311378598213,1.0230478048324585,0.23396724462509155
40,1.6266055929121692,0.953125,0.9398550244628406,0.6900908159246877,0.032715695457050054,0.4499131739139557,0.72,1.0,61,0.953125,45,0.7377049180327869,0.8632562638243519,34.112459016393444,22.661763395260014,-0.6264052598100764,0.38768385907474995,2.2459016393442623,1.1686581587292866,-0.6867854555436741,0.36533050625867564,2.664296393442624,1.3588039684596713,0.16548246062709654,0.6494213699081179,278.6570819672132,90.7863446297008,-0.4373951132628257,0.6027623095272242,0.953125,0.9973766803741455,0.02403646893799305,1.0648608207702637,0.3142456114292145
41,1.7402659046636193,0.984375,0.9639415911265782,0.7204693142865248,0.038690216777357345,0.586425244808197,0.7330000000000001,1.0,63,0.984375,51,0.8095238095238095,0.8372539805934509,32.543174603174606,19.887327130564458,-0.653251636532454,0.340220467144752,2.3968253968253967,1.1344487863622628,-0.6396056602244027,0.3546364232778787,2.698391746031747,1.1354834060316092,0.18177785797644988,0.5426884275948222,284.470365079365,72.11480190735162,-0.3987986925245695,0.47879540393515224,0.984375,1.001994252204895,0.036764707416296005,1.0230478048324585,0.2411842793226242
42,1.747616732478264,1.0,0.9445703662931919,0.7279914957682531,0.02615862999305799,0.5439269542694092,0.746,1.0,64,1.0,51,0.796875,0.8378546702757672,28.113437500000003,19.21021019363385,-0.7290329226085647,0.32863675661986674,2.046875,0.9088056637009917,-0.7490025396135465,0.28409884509910344,3.2261995312500016,1.343799519590384,0.4340362137664829,0.6422502032309594,277.89425000000006,63.27917155302766,-0.44245982161972713,0.420132562290586,1.0,0.9994566440582275,0.02841677889227867,0.9999998807907104,0.31439316272735596
43,1.7926187658349604,1.0,0.9646731680259109,0.7316885515661762,0.03158088733820444,0.5714297294616699,0.7590000000000001,1.0,64,1.0,51,0.796875,0.8282935890988249,29.25515625,20.50092596934553,-0.7095010828634467,0.35071754813502426,2.15625,1.121086944665756,-0.7148111690886617,0.35045942048619766,3.1534667187500016,1.1233946315034617,0.3992745823410429,0.5369107667277587,279.286125,65.79907289323597,-0.4332186764563749,0.43686306904025196,1.0,1.0019742250442505,0.04131118208169937,0.9999998807907104,0.3082461655139923
44,1.7257006289393269,1.0,0.9533567586913705,0.7308934768792174,0.017943229810855915,0.5633355975151062,0.772,1.0,64,1.0,50,0.78125,0.8321022017675708,27.70578125,19.595839466316527,-0.7360068612831251,0.3352338709749253,1.921875,0.9890760761311538,-0.7880783916419862,0.3091919231661662,3.158560468750002,0.8229618722152895,0.4017090689776397,0.3933231274280496,263.702390625,66.07988656723043,-0.5366845419590243,0.43872748928290095,1.0,1.0008771419525146,0.03856877237558365,0.9999999403953552,0.2934110462665558
45,1.6902109124116598,1.0,0.9420145526528358,0.7287594000997467,0.005410911055881314,0.5195633172988892,0.7850000000000001,1.0,64,1.0,45,0.703125,0.8055253201006767,26.204218750000003,16.617507221742027,-0.7616946921234952,0.2842823488870672,1.9375,0.7880950133074057,-0.7831939101384312,0.24636387299481155,3.438958906250002,1.1912615585642263,0.5357215841219465,0.5693468161994263,277.41384375,55.48298056843052,-0.4456494068149725,0.3683709223373707,1.0,0.9987812638282776,0.004975124262273312,0.9999999403953552,0.34123486280441284
46,1.6683147370096862,1.0,0.950718654319644,0.7018307638895951,0.003997735654919004,0.4787788987159729,0.798,0.96875,64,0.953125,47,0.734375,0.8292884736000965,23.92640625,17.60665981659954,-0.8006621424867537,0.3012041783360664,1.703125,0.8602268505313002,-0.8564611326917557,0.26891277697801474,3.1320526562500017,1.21172092064247,0.38904003039179264,0.5791250824223023,245.030265625,61.06607991661631,-0.660655313496168,0.4054390725218363,1.0,0.9999381303787231,0.006424965802580118,1.0,0.4349766969680786
47,1.6940101116007837,1.0,0.9552014386281371,0.7539328052780492,0.0039863204160600334,0.44522625207901,0.8109999999999999,0.953125,64,0.9375,47,0.734375,0.801136965380411,31.351406250000004,16.870102795625193,-0.6736396948765159,0.28860360249651534,2.125,0.7603453162872774,-0.7245801320957717,0.23768912855807098,3.059149375000002,1.2295868301179926,0.3541969258092813,0.5876638442124971,270.68371875,58.02284943760003,-0.4903330616636529,0.38523400049875384,1.0,1.0007001161575317,0.009644892998039722,0.9999998211860657,0.2755846679210663
48,1.7007763628049013,1.0,0.9586809258908033,0.7248354733187461,0.007158700507614079,0.39722639322280884,0.8240000000000001,0.9375,64,0.9375,37,0.578125,0.8126599787146663,23.96453125,18.69256586267047,-0.800009922848351,0.31978120781036745,1.640625,0.8903508349942735,-0.8759990587059756,0.2783297398530721,3.1980575000000018,1.0562394201141745,0.420586123164312,0.5048148718163402,249.192,59.14935251679644,-0.6330241027260278,0.39271324862219703,1.0,0.9993918538093567,0.007849978283047676,0.9999998807907104,0.29197952151298523
49,1.723366140875262,1.0,0.9612143123522401,0.7536460594243968,0.00544816834743044,0.4480922222137451,0.837,0.953125,64,0.953125,43,0.671875,0.8035581516049017,28.116562500000004,17.792250351166764,-0.7289794619824661,0.3043791499123656,2.046875,0.8914469890997445,-0.7490025396135465,0.27867240509807806,2.9965189062500017,0.7812871480070517,0.32426356841725085,0.3734052753212907,261.609578125,54.950965487652255,-0.5505794564536296,0.3648386880558694,1.0,1.00016450881958,0.01067463681101799,0.9999998807907104,0.318636029958725
50,1.7088637020412967,1.0,0.9248278047889471,0.7562973658383765,0.004343522878477195,0.43234872817993164,0.8500000000000001,0.96875,64,0.96875,44,0.6875,0.80612781788127,29.481406250000003,16.852935655545622,-0.7056305335339091,0.28830991735828304,2.125,0.875,-0.7245801320957717,0.27353096419907824,3.0652696875000016,1.0160157358355875,0.3571220436484066,0.48559052396831065,270.708203125,55.06254207040953,-0.4901705013305707,0.36557948403114787,1.0,1.0002115964889526,0.03553976118564606,0.9999998807907104,0.32132571935653687
51,1.7411875331467004,1.0,0.9561306582763791,0.7547979071453531,0.0043143881596813816,0.4053404927253723,0.863,0.953125,64,0.953125,41,0.640625,0.8056706003374197,33.3540625,25.35613243864477,-0.6393794526412379,0.43377750899474815,2.234375,1.1557220078267092,-0.6903887615708868,0.36128657731078223,2.7624098437500018,1.0341458543217759,0.21237441324426345,0.49425556076331206,275.353375,77.63532645836484,-0.4593295798357547,0.5154480981453106,1.0,1.0009716749191284,0.007365684490650892,0.9999999403953552,0.267387717962265
52,1.7726025161102008,1.0,0.9558319142088294,0.7625093275279275,0.009864778733614608,0.38741329312324524,0.8760000000000001,0.984375,64,0.984375,43,0.671875,0.791914724151454,33.1615625,20.16158330361467,-0.6426726272089106,0.34491227729600515,2.453125,1.1309521361998482,-0.6220060205211173,0.3535433466031449,2.639907500000001,1.099684545520329,0.1538261297966781,0.5255788624375025,278.63859375000004,64.33608194466942,-0.4375178630062137,0.427149760209808,1.0,0.9997147917747498,0.015290520153939724,0.9999999403953552,0.28300511837005615
53,1.7782989747487892,1.0,0.9456792916171253,0.7484753264576869,0.01855204710648453,0.4457515478134155,0.889,1.0,64,1.0,41,0.640625,0.8204151573376572,32.65984375,19.718175268342808,-0.6512557307290385,0.3373267185175165,2.328125,0.9363273916611646,-0.661081872549557,0.292702324853813,2.318056250000001,1.0729232226543237,1.822145751754126e-06,0.5127886621145702,257.874828125,59.95675834105224,-0.5753757685497806,0.39807389841307916,1.0,1.0012568235397339,0.025084419175982475,0.9999999403953552,0.26522842049598694
54,1.8104317802126704,1.0,0.9546339763328433,0.768676801543235,0.014199588808506042,0.42095452547073364,0.9020000000000001,1.0,64,1.0,50,0.78125,0.8163528806021308,32.244687500000005,20.499834295728924,-0.6583579749062354,0.35069887243741177,2.421875,0.8624943387495364,-0.6317749835282273,0.269621609250751,2.6496739062500017,1.2457927946437586,0.15849384719607934,0.5954092585086709,280.5486875,50.89269971711166,-0.42483608222894415,0.33789444155598264,1.0,1.0003341436386108,0.055071134120225906,0.9999997615814209,0.28675752878189087
55,1.7914331316008278,1.0,0.9576714122667909,0.7423746858235396,0.009996631255727565,0.41205570101737976,0.915,1.0,64,1.0,48,0.75,0.8076172058857993,34.6234375,20.02609026516643,-0.6176637463199927,0.3425943436424236,2.578125,1.1429770270547872,-0.5829301684926775,0.35730240944879077,2.507634375000001,1.3123796038611932,0.09060803797957499,0.6272334935444404,289.00515625,72.43467154189246,-0.3686906271499296,0.48091913036614664,1.0,0.9983182549476624,0.01204281859099865,0.9999998807907104,0.3209564983844757
56,1.814120987000616,1.0,0.9543350366875529,0.7561527449773315,0.009397837936514997,0.3506035804748535,0.9280000000000002,1.0,64,1.0,48,0.75,0.791253766176663,33.86078125,19.063576306064622,-0.6307108121193523,0.32612823200011626,2.5,1.0897247358851685,-0.6073525760104523,0.3406553802494355,2.578391250000001,1.1276294408549357,0.12442529768702716,0.5389347346835276,285.529578125,69.27511093161566,-0.3917662064797527,0.45994170189593325,1.0,1.0015819072723389,0.019688645377755165,0.9999998807907104,0.27765366435050964
57,1.8043293090299581,1.0,0.9597917282953858,0.735470136431366,0.008429538646459836,0.3541524410247803,0.9410000000000001,0.984375,64,0.984375,42,0.65625,0.8031472973679418,36.969687500000006,21.627798588329416,-0.577525508245175,0.3699954091731781,2.65625,0.9877175393299442,-0.5585077609749026,0.30876723530201217,2.3740745312500016,1.1255343998684726,0.02677497691546665,0.5379334391184397,294.18973437500006,64.73603025514522,-0.334268398814866,0.42980515699108823,1.0,1.0012288093566895,0.026781661435961723,0.9999999403953552,0.3043610751628876
58,1.8230385257734454,1.0,0.9588913032785058,0.7536697602225824,0.005509195151776717,0.36303821206092834,0.954,0.984375,64,0.984375,44,0.6875,0.7958965953982833,35.97765625,23.408382028545585,-0.5944965840001708,0.4004565629442912,2.53125,1.2986621721987592,-0.5975836130033424,0.40597064700616686,2.1811892187500006,1.1334031382250773,-0.0654118629720442,0.541694192664654,276.122,72.49017785427044,-0.45422640950711046,0.4812876561965318,1.0,0.9988049268722534,0.013806706294417381,0.9999999403953552,0.35096514225006104
59,1.7993526521659269,0.984375,0.9506717125574747,0.7132076144367562,0.012450838484723057,0.34610214829444885,0.9670000000000001,1.0,63,0.984375,46,0.7301587301587301,0.8147689416118884,32.364444444444445,20.67077207900449,-0.6563092449127463,0.35362317353111283,2.3968253968253967,1.2023744040892461,-0.6396056602244027,0.3758704343757984,2.044154444444445,1.213486988653378,-0.13090571853933822,0.5799691499505234,250.09011111111107,70.60735402548183,-0.6270612287965464,0.4687869299683471,0.984375,0.9982715249061584,0.009336099959909916,1.023047924041748,0.29595887660980225
60,1.8556861017159396,1.0,0.9661496644839644,0.7251987074385524,0.007221130997445479,0.33764776587486267,0.98,0.953125,64,0.953125,38,0.59375,0.7973124304411326,28.346562500000005,20.55536792868456,-0.7250447599016102,0.3516489085293597,2.28125,1.0072975913303874,-0.6757353170602219,0.31488809301944,1.9239048437500006,0.9732268343393035,-0.1883773349215125,0.4651401663953338,241.3065,56.74291582711011,-0.6853786964830934,0.37673607339036325,1.0,0.9991344809532166,0.005452562589198351,0.9999999403953552,0.28676900267601013
61,1.8293355607321886,0.984375,0.9421228974584549,0.7370389590997101,0.014853760016195023,0.288520485162735,0.9930000000000001,0.953125,63,0.9375,47,0.746031746031746,0.7985595947546716,34.957619047619055,23.224324666948394,-0.6119467687947738,0.3973078199717986,2.4126984126984126,0.8662072158503018,-0.6346436472684103,0.2707822799402653,2.195820634920636,1.317270938709214,-0.05841898206075194,0.6295712386875326,266.1792857142858,60.09658433613972,-0.5202395687577779,0.39900225212171936,0.984375,0.9984107613563538,0.006615776102989912,1.023047924041748,0.3406946361064911
62,1.8983701648158067,0.984375,0.9601296413512457,0.7360523824679254,0.03351113854005932,0.4370138645172119,1.006,1.0,63,0.984375,36,0.5714285714285714,0.814052118154387,27.153333333333336,18.55858497274176,-0.7454578089669199,0.3174891430869004,2.253968253968254,1.1122443200860221,-0.6842637768283337,0.3476951557692318,2.467468412698414,1.1934924861444243,0.07141127754389275,0.5704130568632214,258.9566825396825,68.54672827958845,-0.568192958533296,0.4551057145968935,0.984375,1.001185417175293,0.0010272213257849216,1.0230478048324585,0.3551986813545227
63,1.9248514580099791,1.0,0.9567464999854565,0.7523166651396803,0.025363455724181798,0.39657267928123474,1.0190000000000001,0.9375,64,0.9375,42,0.65625,0.7932768208236661,31.1,18.108957383019046,-0.6779406022461472,0.3097971839004128,2.265625,0.8703840298253409,-0.6806197985637769,0.2720879804589769,2.3259237500000007,1.1524782572847372,0.0037619838367304787,0.5508108792790797,266.27721875,52.90031097453165,-0.5195893570654044,0.351223675187881,1.0,0.9994195699691772,0.005586592014878988,0.9999999403953552,0.2963012158870697
64,1.9642345243546797,1.0,0.9563342975452542,0.7444153922279122,0.03804876957174899,0.40336158871650696,1.032,0.984375,64,0.984375,33,0.515625,0.8020153093869024,30.240781250000005,20.79891826399028,-0.692639601391953,0.3558154216211882,2.28125,1.0964252995530521,-0.6757353170602219,0.34275002212458233,2.3124734375000013,1.1698917225060557,-0.0026664050789596346,0.5591334016600641,263.6215,58.380793321198574,-0.5372216031232662,0.38761051519200446,1.0,1.000550627708435,0.019521716982126236,1.0,0.35135000944137573
65,1.9755659622169284,1.0,0.9574949126690626,0.7607221096914347,0.04038750654194556,0.3544704020023346,1.0450000000000002,0.953125,64,0.953125,44,0.6875,0.7874313523033469,31.790781250000006,20.255670140164423,-0.6661231308470548,0.3465218584766724,2.296875,0.8782028435247747,-0.6708508355566669,0.274532194916233,2.6128164062500012,1.112258347210148,0.14087832008768972,0.5315883352591133,278.926890625,52.54955359857891,-0.43560375917360267,0.3488948742335598,1.0,0.9986362457275391,0.014071294106543064,0.9999999403953552,0.3672274053096771
66,1.9782615833168913,1.0,0.9503446202725172,0.7492662673091242,0.0406361606523477,0.40360307693481445,1.058,0.984375,64,0.984375,39,0.609375,0.8298562841712707,26.464843750000004,19.927896354120925,-0.7572360759068733,0.3409145010940839,2.0625,1.1162856937182344,-0.7441180581099914,0.3489585167135836,2.624619062500001,0.973323985252533,0.14651923472169573,0.46518659831680437,260.72934375,59.4498109509239,-0.5564236404767262,0.3947080973013711,1.0,0.9993999004364014,0.008833101019263268,0.9999998807907104,0.27488070726394653
67,1.9930402853754074,1.0,0.9571673600003123,0.7090034616566754,0.044216426458483685,0.4215813875198364,1.0710000000000002,1.0,64,1.0,41,0.640625,0.8537254192007157,34.1703125,24.592012166602874,-0.6254155371042874,0.42070539758419434,2.015625,1.1523371292182683,-0.7587715026206564,0.36022844118568087,2.8993535937500012,1.137146819540808,0.2778247650166163,0.5434834328383615,269.68428125,78.34406240892416,-0.49696867694462143,0.5201536441186236,1.0,0.9990900754928589,0.016330039128661156,0.9999999403953552,0.3365037739276886
68,1.9758796458506391,1.0,0.9506841134279966,0.7168794881412577,0.04479217960308508,0.4720345735549927,1.084,1.0,64,1.0,34,0.53125,0.8363782668651956,31.161406250000006,24.263735727623665,-0.6768901009433098,0.41508944111659674,1.875,1.2930100540985752,-0.8027318361526511,0.4042037563619264,3.0724471875000017,1.1621057486714441,0.3605524294808821,0.5554122042606525,258.58734375,74.6265160016069,-0.57064512799529,0.49547155269409343,1.0,1.0007654428482056,0.012351124547421932,0.9999998211860657,0.30546078085899353
69,1.9184537139539053,1.0,0.9357494143769145,0.7250825743494697,0.02107188178914454,0.40047943592071533,1.097,1.0,64,1.0,41,0.640625,0.8468611070098181,33.27796875,24.571087886711965,-0.6406812188867383,0.4203474375510327,2.03125,1.262051281644292,-0.7538870211171014,0.39452583307068073,2.913386250000001,1.1811235340205486,0.2845314769904231,0.5645014890292527,258.358671875,72.06878552185727,-0.5721633605892016,0.47848988505001805,1.0,0.9993571043014526,0.00929368007928133,0.9999998807907104,0.31127840280532837
70,1.9467415774862544,1.0,0.9514764603227377,0.7340135018721912,0.017673613596527103,0.4081690311431885,1.1099999999999999,1.0,64,1.0,40,0.625,0.8289523275828325,30.47234375,23.3645298571218,-0.6886781689980479,0.39970636629145984,1.890625,1.0018293813694026,-0.7978473546490962,0.3131786933130729,3.363344687500002,1.263539848896704,0.49958282484173716,0.6038912151060206,261.776390625,53.08694194244514,-0.5494719298958843,0.352462783488889,1.0,1.0009618997573853,0.017890771850943565,0.9999998807907104,0.2514803111553192
71,1.9158701533098415,1.0,0.9430565070360899,0.7108615524573523,0.018472218943681753,0.4024764895439148,1.123,1.0,64,1.0,38,0.59375,0.8453466045313579,26.02765625,19.531012817934865,-0.7647152174980653,0.33412485554761123,1.703125,0.8782028435247747,-0.8564611326917557,0.274532194916233,3.4496996875000017,1.1839740764317457,0.5408549904374765,0.5658638659435322,254.54982812499998,53.67942123749413,-0.5974516070181396,0.3563964608462871,1.0,1.000070333480835,0.011031175032258034,0.9999998807907104,0.30810511112213135
72,1.9215501899976108,1.0,0.9477466158568859,0.7083789569092013,0.004299481574122719,0.3111831545829773,1.136,0.96875,64,0.96875,36,0.5625,0.8462407607123749,28.92578125,27.763563453556326,-0.7151358328542375,0.4749623951855717,1.859375,1.0287612013363452,-0.8076163176562061,0.3215977638081515,2.9378190625000014,1.0661471477734081,0.29620879832062585,0.5095501318085743,236.667875,71.21584289865302,-0.7161761509839325,0.47282690051689474,1.0,0.9985105395317078,0.01103309914469719,0.9999999403953552,0.2375710904598236
73,1.901784720363,1.0,0.9351715347729623,0.7069166901104534,0.0033559571024497784,0.404408723115921,1.149,0.984375,64,0.984375,36,0.5625,0.8467410539145658,27.39515625,20.574776046183004,-0.7413208475173245,0.35198093096547545,1.921875,1.0201820839315892,-0.7880783916419862,0.31891587323020865,3.0235900000000013,1.010920345064648,0.3372018194057028,0.48315525314817037,237.3629375,47.455143269024006,-0.7115613878334324,0.3150713014435471,1.0,1.0007555484771729,0.008646998554468155,0.9999999403953552,0.2944401502609253
74,1.9477823905035736,1.0,0.9418005933985114,0.7266298918366241,0.01233538073385835,0.3696322441101074,1.162,0.984375,64,0.984375,39,0.609375,0.8406481262192056,26.85625,21.22562134691232,-0.7505401324880254,0.36311520209197495,1.703125,0.8958181927015102,-0.8564611326917557,0.2800388731391083,2.836259062500001,0.9818523336430856,0.24766961543714114,0.46926260326189195,227.41712499999997,54.64380033238562,-0.7775951172128559,0.36279931110826796,1.0,0.998736560344696,0.005333333276212215,0.9999999403953552,0.26890161633491516
75,1.9273004791436321,0.984375,0.9565125684889536,0.7046113192376504,0.001579221905060792,0.3449600040912628,1.175,0.953125,63,0.921875,34,0.5396825396825397,0.840283360525769,19.58206349206349,15.972284542913025,-0.8749825533111182,0.2732442662044417,1.3650793650793651,0.8223386569516583,-0.9621365023639054,0.257068669410471,2.9621220634920644,1.0017546306929614,0.30782407805449014,0.4787746280384315,216.0301111111111,44.957386938310684,-0.853197486911523,0.298487823160796,0.984375,0.9988187551498413,0.0005602241144515574,1.023047685623169,0.2982158362865448
76,1.9709055271289708,1.0,0.9433191074058414,0.7232596759447634,0.005749907668795959,0.29774710536003113,1.1880000000000002,0.984375,64,0.984375,36,0.5625,0.8469925490221417,25.165781250000002,20.703415615295185,-0.7794596581760549,0.354181619575328,1.734375,0.8881544681951445,-0.8466921696846458,0.27764314062072853,2.799997343750001,1.1138210209303756,0.23033883365222865,0.5323351933281695,225.80584375,55.85674078704008,-0.788292977243561,0.370852447213137,1.0,1.0000780820846558,0.011733333580195904,0.9999999403953552,0.3415231704711914
77,1.978824983196326,1.0,0.9500491116195917,0.7033111668968266,0.002676629120257146,0.2798836827278137,1.201,0.984375,64,0.984375,38,0.59375,0.8364700996905502,25.56515625,21.290958761304903,-0.7726273901606557,0.36423295539792383,1.53125,0.7899515412352837,-0.9101904292308605,0.24694423627958292,3.2018065625000016,1.1138231708178306,0.4223779351998487,0.5323362208368378,232.76310937499997,48.75265870830701,-0.7421012563055267,0.3236859604654458,1.0,0.9970067739486694,0.009544008411467075,0.9999998807907104,0.26789334416389465
78,2.016706688142814,1.0,0.9563714489340782,0.7380452211319606,0.011431664563781405,0.35045456886291504,1.214,0.953125,64,0.953125,40,0.625,0.8302736350479221,28.2096875,20.215672058513015,-0.7273863353247283,0.34583759528056784,1.609375,0.8770901375428868,-0.8857680217130856,0.2741843554418377,3.2219937500000015,0.9882559027057792,0.4320261193861985,0.4723230996171609,242.06593749999996,52.18094347971868,-0.6803365251817961,0.3464475426721279,1.0,1.0000648498535156,0.005136106628924608,0.9999999403953552,0.254474937915802
79,2.058721191643074,1.0,0.9649821361526847,0.7471167575321749,0.0187806209061991,0.40510261058807373,1.227,0.984375,64,0.984375,40,0.625,0.8314069094262123,25.01921875,17.655052862485245,-0.7819669615400786,0.302032057546264,1.65625,0.8699631816921909,-0.8711145772024207,0.27195642046395757,3.0467565625000015,1.0148029320978709,0.3482739542419492,0.4850108813685982,241.11915625,56.08834288847895,-0.6866225371937871,0.37239013460570747,1.0,1.000166416168213,0.022940563037991524,0.9999998807907104,0.2340390831232071
80,2.047299008117295,1.0,0.9495038306340575,0.7542816960188345,0.006212517257273621,0.3085331916809082,1.24,0.984375,64,0.984375,45,0.703125,0.8235478129035183,32.06515625,23.042877288341963,-0.6614292878755992,0.39420372702323964,1.796875,1.0028036868575025,-0.827154243670426,0.3134832678497408,3.0184906250000014,1.0434250540840184,0.3347646443789554,0.49869042462971497,252.235203125,54.89692779148136,-0.612819212315831,0.36447991288237436,1.0,1.0001417398452759,0.026790063828229904,0.9999998807907104,0.3079060912132263
81,2.0140196762196743,0.984375,0.9495142821281676,0.7344407778042222,0.008029444957410745,0.26445168256759644,1.2530000000000001,1.0,63,0.984375,40,0.6349206349206349,0.8340328247758949,30.85936507936508,23.256957782804736,-0.6820572401720115,0.39786608774947146,1.7936507936507937,1.0259912769010993,-0.828162152552112,0.3207318665492585,3.391135555555558,1.0844135023220363,0.5128650819019913,0.5182802807259673,267.63404761904764,54.709486173884265,-0.5105808954286218,0.36323542239445816,0.984375,0.9989716410636902,0.001898433780297637,1.0230478048324585,0.3231360912322998
82,2.068252193510115,1.0,0.9483072636649013,0.7508139133245197,0.018256799717704428,0.32847297191619873,1.266,1.0,64,1.0,48,0.75,0.8304976461099236,37.112812500000004,17.972671221603196,-0.5750770115698598,0.30746568197469626,2.046875,0.8737435175009884,-0.7490025396135465,0.27313817920541666,3.1205587500000016,1.3826091667313982,0.3835466785060661,0.6607987317876863,271.38768749999997,62.746801821107546,-0.48565916680296983,0.4165979733560561,1.0,0.9996054768562317,0.005571030545979738,0.9999999403953552,0.34546542167663574
83,2.097727466516477,1.0,0.9591102693229914,0.7588834570853222,0.010436448788992383,0.2833409011363983,1.279,1.0,64,1.0,44,0.6875,0.8056052747281451,35.94765625000001,22.31933709968412,-0.5950098060107172,0.3818258353454359,2.109375,0.9701350985172117,-0.7294646135993266,0.3032708444580351,3.2910076562500024,1.0867728657528661,0.46501035153441084,0.5194079055099142,276.85903125000004,49.86823868110119,-0.44933300113985236,0.3310926862633226,1.0,0.9985443949699402,0.01016456913203001,0.9999999403953552,0.25449061393737793
84,2.1096093698014666,1.0,0.9459240175783634,0.7856176896888428,0.03308040890059444,0.28212302923202515,1.292,1.0,64,1.0,43,0.671875,0.8126962027490658,35.55140625,22.069366485809258,-0.6017886134000179,0.37754948797775667,2.109375,1.1196705360841643,-0.7294646135993266,0.35001664150902895,3.075167656250002,0.9785952144556228,0.36185263950633567,0.4677059086585682,270.91117187500004,44.94824526627639,-0.4888229207774503,0.2984271284013494,1.0,1.001229166984558,0.013018322177231312,0.9999998807907104,0.30351853370666504
85,2.0864217679243744,1.0,0.940026206895709,0.7645695420953691,0.02384946607158908,0.3207640051841736,1.305,1.0,64,1.0,47,0.734375,0.8171870435019499,35.89515625,20.30486871973286,-0.5959079445291735,0.3473635182740771,2.15625,0.9051717723725149,-0.7148111690886617,0.28296286590039155,2.750647031250001,1.1386340999631979,0.2067525413738256,0.5441942577342005,263.971265625,45.16640210386002,-0.5348993867505493,0.2998755479824815,1.0,0.9993118643760681,0.006849315017461777,0.9999998807907104,0.3368551731109619
86,2.142152347103011,1.0,0.9591772062703967,0.756752156426974,0.046520219359603904,0.35208243131637573,1.318,0.953125,64,0.953125,41,0.640625,0.7976011941290062,32.08375,17.776266964340405,-0.6611111971503125,0.3041057157149534,1.984375,0.9435999466802656,-0.7685404656277663,0.29497577512417356,2.9377260937500016,1.100746558851676,0.2961643652056329,0.5260864368695127,265.288671875,56.22058606897666,-0.5261526656762017,0.3732681433549434,1.0,0.9998357892036438,0.0057251909747719765,0.9999998807907104,0.298486590385437
87,2.127592576808164,1.0,0.968810155056417,0.7323169717277798,0.02275270430026024,0.388541579246521,1.331,1.0,64,1.0,50,0.78125,0.8291317183414364,35.79390625,25.25416244262935,-0.5976400688147677,0.4320330674490667,2.09375,1.1688502630790651,-0.7343490951028816,0.36539055938784337,3.0607734375000017,1.3286223467847016,0.3549731237878329,0.6349964855619039,280.403796875,61.69610210443299,-0.4257980617877652,0.40962201028115147,1.0,0.9978487491607666,0.0078125,0.9999998807907104,0.34252962470054626
88,2.089436401239933,0.984375,0.951834415632581,0.7709738408917689,0.006222342323977984,0.24244672060012817,1.344,0.96875,63,0.953125,54,0.8571428571428571,0.8071984082242436,32.47555555555555,19.546462171490695,-0.6544084226514635,0.3343891538240634,2.111111111111111,0.8378186171680412,-0.7289218934322649,0.2619078104890431,2.7576330158730165,1.097791582783631,0.21009139510795077,0.5246741473482135,262.2580476190476,47.005770210950914,-0.5462740405732526,0.3120877564684933,0.984375,1.000249981880188,0.003453379264101386,1.0230478048324585,0.3541417121887207
89,2.141353744380173,1.0,0.9585931738838553,0.7417509500098121,0.014595731480617408,0.3318988084793091,1.357,0.984375,64,0.984375,50,0.78125,0.8204617392756017,32.09296875,19.180856397043993,-0.6609534883033218,0.3281345894697662,2.109375,1.0018293813694026,-0.7294646135993266,0.3131786933130729,2.712008281250001,1.0604567972290224,0.18828569071766926,0.5068305082781974,256.63851562499997,55.71801855997536,-0.583584079841935,0.3699314218066252,1.0,0.9986205101013184,0.005115089472383261,0.9999999403953552,0.33880409598350525
90,2.145653952420891,1.0,0.9531306065618992,0.7386559245603865,0.019352462986109282,0.3545489013195038,1.37,0.96875,64,0.96875,40,0.625,0.7969531349272585,24.535312500000003,16.90357765096915,-0.7902453394914444,0.28917627024859455,1.921875,0.9404900235382617,-0.7880783916419862,0.29400359195203946,2.961289531250001,1.0729271446599813,0.3074261809025218,0.5127905365823714,256.14165625,53.79168259336744,-0.5868829030912552,0.35714180326989553,1.0,0.9991946816444397,0.002086593536660075,0.9999999403953552,0.3228653073310852
91,2.1659891351074867,1.0,0.9648683620616794,0.7439057826559587,0.005583445729264825,0.2721196711063385,1.383,0.984375,64,0.984375,42,0.65625,0.8016197751141958,24.548593750000002,17.059326982180774,-0.7900181318305255,0.2918407364121175,1.828125,0.8395439145006055,-0.8173852806633161,0.26244715019522186,2.7771993750000012,1.060742847207907,0.2194428630483668,0.5069672218685765,245.11659375,49.23614472929123,-0.6600821508667616,0.32689599333791414,1.0,0.9988373517990112,0.06864865124225616,0.9999998807907104,0.3164598047733307
92,2.1596532903775953,1.0,0.9531770022585988,0.7294771330004798,0.027054374816248266,0.2946498692035675,1.3960000000000001,0.984375,64,0.984375,48,0.75,0.8211855017155569,23.990156250000002,17.908199718650838,-0.7995715457143426,0.3063627421624243,1.796875,0.904497227400394,-0.827154243670426,0.28275199854425453,3.037520781250002,1.1772137359517412,0.3438598416467779,0.5626328556745921,248.87484375000003,54.9152549468892,-0.6351298140476008,0.364601593280079,1.0,0.9984979629516602,0.025820333510637283,1.0,0.3787490129470825
93,2.2031429484253655,1.0,0.9578442815691233,0.7494355887067151,0.01861518371291942,0.26636555790901184,1.409,1.0,64,1.0,48,0.75,0.8001752803915876,22.36421875,15.458476417152125,-0.8273871094734363,0.26445434489317193,1.65625,0.6896273903348097,-0.8711145772024207,0.21558222287585668,2.859527031250001,1.0044544363743568,0.25879021597360696,0.4800649624389743,234.39074999999997,45.18020030839008,-0.7312947806598008,0.2999671590905594,1.0,0.9988419413566589,0.0022675737272948027,0.9999998807907104,0.3664964735507965
94,2.2034543415630665,1.0,0.9621267719194293,0.7405625625876868,0.009138690030855849,0.216224804520607,1.422,0.9375,64,0.9375,40,0.625,0.8103620497287614,25.618593750000002,15.480050959540185,-0.7717132134543699,0.26482342922720586,1.6875,0.6584783595532961,-0.8613456141953107,0.2058448235346748,2.676372656250001,1.1313433716538648,0.17125414169204634,0.5407097560134393,235.539015625,51.46077576128135,-0.7236710433797198,0.3416660971917222,1.0,0.9989944100379944,0.013150684535503387,0.9999999403953552,0.44793376326560974
95,2.219256656481498,1.0,0.9546577092260122,0.7562111370731703,0.01394419992107297,0.2770979106426239,1.4349999999999998,0.9375,64,0.9375,40,0.625,0.7870682250987341,26.457656250000003,19.214908985455434,-0.7573590353469,0.3287171407327272,1.765625,0.8051045642492657,-0.836923206677536,0.25168117456020617,2.811532343750001,1.0733885205765186,0.235851825721557,0.51301104475479,246.903875,44.83208605434702,-0.6482157652509642,0.29765590674746534,1.0,0.999801754951477,0.005364806856960058,0.9999998807907104,0.32732850313186646
96,2.235824353299588,1.0,0.9555363226681948,0.7870663456921724,0.011862526368528458,0.21481767296791077,1.448,0.9375,64,0.9375,44,0.6875,0.7772721279389931,30.3590625,12.669205741525147,-0.6906161166941216,0.21673717475639073,2.109375,0.7928821535228296,-0.7294646135993266,0.24786036565638994,2.7149834375000013,1.0155119611281966,0.18970762507495267,0.4853497518862497,262.49565625,42.833389971791725,-0.5446964737294651,0.28438586408104966,1.0,0.9999645948410034,0.003634475637227297,0.9999999403953552,0.33235350251197815
97,2.250222334339014,1.0,0.965017638169229,0.756503937042716,0.016276151858995197,0.21687473356723785,1.4609999999999999,0.984375,64,0.984375,41,0.640625,0.8110305652543506,26.013593750000002,16.56809625899913,-0.7649557903155089,0.2834370557656691,1.859375,0.8990826488009876,-0.8076163176562061,0.28105936436708046,2.677147343750001,0.9739735127578594,0.17162439275782068,0.46549703091200806,246.039171875,49.02226175822914,-0.6539568318706891,0.32547594945210984,1.0,1.0001734495162964,0.005333333276212215,0.9999999403953552,0.36201730370521545
98,2.249213507113793,1.0,0.9620062364265323,0.7695483359952437,0.008086342849591624,0.25793859362602234,1.474,0.984375,64,0.984375,42,0.65625,0.7999494763141067,32.5846875,20.335635514469267,-0.6525414587867094,0.3478898581491667,2.03125,0.9008459565874734,-0.7538870211171014,0.28161058640024295,2.783933437500001,1.2094310082950934,0.22266131412395065,0.5780306508132391,263.381453125,54.819935900104404,-0.5388153583224646,0.3639687367748823,1.0,0.9985020756721497,0.003911980427801609,0.9999999403953552,0.3508262634277344
99,2.267932021914326,1.0,0.9628763338550925,0.7486524627929192,0.01253888655946203,0.20287854969501495,1.4869999999999999,0.90625,64,0.90625,31,0.484375,0.7886589838931554,22.128750000000004,18.448042621440898,-0.8314153676499646,0.3155980508273952,1.59375,0.9307045382397144,-0.8906525032166406,0.2909445825476194,2.7941604687500012,1.0267502386054483,0.22754918080570408,0.49072092957198876,238.92560937499996,53.54695835188063,-0.701186262452516,0.35551699339790926,1.0,0.9993110299110413,0.010259179398417473,0.9999997615814209,0.2723585367202759
100,2.2629927489188613,1.0,0.9473520424216986,0.7843682403533658,0.003170743828870441,0.18769408762454987,1.5,1.0,64,1.0,48,0.75,0.8051737479854499,34.78828125000001,17.828533534292674,-0.6148436982932921,0.30499986085212905,2.0625,0.7880950133074057,-0.7441180581099914,0.24636387299481155,2.9030587500000014,0.914084388184942,0.27959559267347567,0.43687386066410905,273.111265625,51.814860823549665,-0.4742157285247452,0.3440169918199009,1.0,0.9992886185646057,0.008526764810085297,0.9999998807907104,0.4718359410762787
101,2.261561573963353,1.0,0.9587026061490178,0.7512394275595324,0.013532848861423283,0.24217142164707184,1.5,0.984375,64,0.984375,45,0.703125,0.8040676306418266,29.853437500000005,18.126892937251927,-0.6992660459968726,0.31010401460720155,1.90625,0.8609360821222444,-0.7929628731455411,0.2691344876076278,2.8480718750000014,1.1612305509012786,0.25331538410891974,0.554993915715701,254.51046875,50.73455051600955,-0.5977129276812118,0.3368444336710412,1.0,1.000420093536377,0.011867905035614967,0.9999998807907104,0.44349077343940735
102,2.2765319451813757,1.0,0.9571990622207522,0.777199951743148,0.006466686812567994,0.24713370203971863,1.5,0.875,64,0.875,47,0.734375,0.7626686509164535,29.128593750000004,14.13238842906467,-0.7116662382204393,0.24176842677958213,1.90625,0.7849910429425294,-0.7929628731455411,0.245393550701383,2.595629687500001,1.0756808716052382,0.1326641680143019,0.514106641897525,256.139390625,49.498446084705925,-0.5868979453684071,0.32863750381976864,1.0,1.0000791549682617,0.006272869650274515,0.9999999403953552,0.3440811038017273
103,2.2848035443366954,1.0,0.9672696143388748,0.7761110070835602,0.0017516621454644987,0.18756462633609772,1.5,0.90625,64,0.90625,38,0.59375,0.7660013413058093,29.006875,16.614301150947487,-0.7137485296069793,0.2842275013504296,1.90625,0.8609360821222444,-0.7929628731455411,0.2691344876076278,2.7789579687500012,0.9852872674428197,0.22028335835802612,0.4709042818745146,257.72357812499996,47.84680685329376,-0.5763799702244694,0.31767169302859294,1.0,0.9977310299873352,0.0035569106694310904,0.9999998807907104,0.38576629757881165
104,2.237413679991487,0.984375,0.9614100333244081,0.7591828550749028,0.004879426057655746,0.24962149560451508,1.5,0.859375,63,0.84375,45,0.7142857142857143,0.7754302161701124,32.24126984126984,16.55587197341782,-0.6584164421623973,0.28322793001821794,2.1587301587301586,0.9293511852891712,-0.7140358545642879,0.29052151519051794,2.4688992063492075,0.9799752252461271,0.0720951053765473,0.4683654655327458,257.0993174603174,48.39358669133341,-0.580524655215652,0.321301955699967,0.984375,0.9981580972671509,0.004054739139974117,1.0230478048324585,0.43053102493286133
105,2.2955450823292,1.0,0.9662574203684926,0.7814377613752361,0.0020284322630553095,0.18985821306705475,1.5,0.921875,64,0.921875,43,0.671875,0.7533977042077984,32.20390625,18.447871626659563,-0.6590556360768219,0.3155951255512129,2.046875,0.8737435175009884,-0.7490025396135465,0.27313817920541666,2.6758273437500018,1.0238620514766061,0.17099351720242323,0.48934056089092737,259.141453125,43.47783719966191,-0.566966201963319,0.28866457472882223,1.0,0.9998934864997864,0.003105590119957924,0.9999998211860657,0.4108738303184509
106,2.2866527878172596,1.0,0.9594739908352494,0.7745293424663264,0.015549453707344115,0.1835576444864273,1.5,0.90625,64,0.90625,42,0.65625,0.7509656893138007,30.848125000000003,14.985823079143,-0.682249528709693,0.25636847501235466,1.921875,0.6448034463113547,-0.7880783916419862,0.20156995244392392,2.6035065625000016,1.0787799658761215,0.1364288103555324,0.5155878107000808,249.52932812499998,44.91166225389526,-0.6307844632678824,0.29818424098119545,1.0,0.9976046085357666,0.008994708769023418,0.9999998211860657,0.47690945863723755
107,2.2854525864872675,1.0,0.959786613471806,0.777746811122267,0.002292355729184639,0.1642378270626068,1.5,0.890625,64,0.890625,38,0.59375,0.7472120075607256,31.007500000000004,18.101939467913375,-0.6795230367786651,0.3096771256170669,1.9375,0.9164298936634487,-0.7831939101384312,0.2864822313538536,2.449105625000001,0.9008173881083564,0.06263503975003823,0.43053308335973145,246.51975,48.67760612758706,-0.6507661055371773,0.32318766012000005,1.0,0.9996393322944641,0.0,0.9999999403953552,0.41367825865745544
108,2.3106689406322145,1.0,0.9662043899297714,0.7968715591608738,0.0027630044938727477,0.1972103714942932,1.5,0.859375,64,0.859375,36,0.5625,0.7265812430812296,29.631718750000005,11.098597399374322,-0.7030590774185672,0.1898681490517368,1.890625,0.6642003533385088,-0.7978473546490962,0.20763355779434375,2.496900000000001,0.8937272596127982,0.08547769344171646,0.42714445551694585,252.39239062499996,41.86550173196648,-0.6117755895010207,0.27795971537795006,1.0,0.9998021721839905,0.015102481469511986,0.9999997615814209,0.4338766932487488
109,2.2965174536392405,1.0,0.9569716472178698,0.7929139487122343,0.009235473719782098,0.2440672367811203,1.5,0.875,64,0.875,32,0.5,0.7042744569761434,35.30640625,15.575635356943259,-0.6059799264861468,0.26645862978094165,2.03125,0.7493486755176124,-0.7538870211171014,0.2342515036978683,2.432207500000001,0.9335067049739127,0.05455881702688954,0.44615648558180127,258.80607812499994,45.66952274127435,-0.5691928739411618,0.3032159419438819,1.0,0.9978758692741394,0.01633298210799694,0.9999998807907104,0.4052024483680725
110,2.305756568422649,1.0,0.9647251600399613,0.7838643944262218,0.005182937965864848,0.11190090328454971,1.5,0.796875,64,0.796875,36,0.5625,0.6992084046780753,35.641875000000006,16.005308677416224,-0.6002409282744637,0.2738092232946513,2.15625,0.6896273903348097,-0.7148111690886617,0.21558222287585668,2.2835231250000008,0.942165475707551,-0.016502802410306175,0.4502948240633514,260.2183125,47.54612126099086,-0.5598165557631272,0.31567533616680604,1.0,1.0001087188720703,0.006809847895056009,0.9999997615814209,0.3551309108734131
111,2.3164606710121447,1.0,0.9678222881630063,0.8027312504796003,0.008260492141905846,0.177709698677063,1.5,0.875,64,0.875,32,0.5,0.6920975175197521,36.97078125000001,15.485428766332188,-0.5775067970260405,0.26491542952100994,2.28125,0.7388494010960556,-0.6757353170602219,0.23096935894824638,2.333339531250001,0.8671520533375874,0.007306252863095925,0.41444320701794246,270.6073125,42.88458980612789,-0.49084034949311883,0.28472579769681267,1.0,0.9974155426025391,0.012493493035435677,0.9999998807907104,0.4059242904186249
112,2.3126377275338066,1.0,0.9687115615233779,0.7804823655400759,0.012025033966764995,0.18467549979686737,1.5,0.875,64,0.875,35,0.546875,0.7094385513749166,36.26546875000001,18.988859310271206,-0.589572860336491,0.3248500184400134,2.25,0.9013878188659973,-0.6855042800673319,0.2817799762419661,2.0416571875000002,0.8212469107237731,-0.1320992476013061,0.39250348554665093,253.27865624999998,54.514293907715974,-0.6058913618987473,0.3619394726386073,1.0,0.9990670680999756,0.011046817526221275,0.9999999403953552,0.4452112317085266
113,2.301504454257677,1.0,0.9680879162624478,0.7820191773385661,0.0065695636544636565,0.1570328325033188,1.5,0.859375,64,0.859375,39,0.609375,0.717689798220259,36.43984375,16.05478058595277,-0.5865897574001901,0.2746555590401411,2.15625,0.8518133231524382,-0.7148111690886617,0.2662826509708657,2.2807050000000006,0.8826347416683764,-0.0178496858758785,0.42184294156319807,255.99606249999997,51.60015664156065,-0.5878495509429854,0.3425914956273985,1.0,0.9979780912399292,0.013144059106707573,0.9999998807907104,0.44959360361099243
114,2.318352056491705,1.0,0.9688648143783212,0.8007977093407184,0.010008545540366773,0.15899401903152466,1.5,0.875,64,0.875,42,0.65625,0.7197881848030233,37.54921875000001,19.564159299012783,-0.5676112351351924,0.3346919056696561,2.234375,0.7854574204723004,-0.6903887615708868,0.24553934349612475,2.3597726562500005,0.8640706524665003,0.01993959560193983,0.4129704945285862,263.22065624999993,47.550642052782415,-0.5398829450408762,0.3157053512854044,1.0,0.9966742992401123,0.030857739970088005,0.9999998211860657,0.360813170671463
115,2.325261046626869,1.0,0.9733643811196089,0.7994777509912215,0.005126086681271364,0.14510220289230347,1.5,0.765625,64,0.765625,33,0.515625,0.7131837297883556,40.09640625,19.338244359234398,-0.524035478802236,0.33082708834947167,2.203125,0.8135510029340508,-0.7001577245779967,0.25432158886591777,2.294023750000001,0.895876357455893,-0.011484175418716016,0.4281715868013145,258.45771874999997,51.6618295161152,-0.5715057537280605,0.34300096342184827,1.0,0.9999263286590576,0.0319310687482357,0.9999999403953552,0.4423374533653259
116,2.2993621089736873,1.0,0.9534689011052251,0.7925079411747913,0.036891917655356446,0.19796614348888397,1.5,0.84375,64,0.84375,36,0.5625,0.7382338457977045,39.393125000000005,19.09373939238658,-0.5360667927057224,0.32664424399366426,2.21875,0.7997802432543579,-0.6952732430744418,0.25001675552541475,2.4410854687500008,0.8212643948680027,0.05880191813746556,0.39251184184907634,255.461875,44.71469175139058,-0.5913962086758624,0.29687648489207524,1.0,0.9967882037162781,0.01594650186598301,0.9999998807907104,0.4767509996891022
117,2.342874159979776,1.0,0.9637119909748435,0.8169227707378377,0.04081807395076491,0.22996610403060913,1.5,0.78125,64,0.78125,33,0.515625,0.6941582255787784,41.73453125,15.789459491390877,-0.4960114186013577,0.2701166048537601,2.046875,0.7380228549137214,-0.7490025396135465,0.23071097497772192,2.4301554687500007,0.6936480314925799,0.053578077364361085,0.33151938418065513,250.81128125,41.24319579202913,-0.6222731278960002,0.2738280084883389,1.0,1.000666856765747,0.01771255023777485,0.9999999403953552,0.42754098773002625
118,2.343322989631753,1.0,0.9735244521871209,0.8091165660932673,0.021917463783714352,0.18358129262924194,1.5,0.796875,64,0.78125,28,0.4375,0.7007077258811243,37.604062500000005,15.527494437161899,-0.5666730011471622,0.2656350637929502,2.078125,0.7767055326022855,-0.7392335766064365,0.24280344369309914,2.479608281250001,0.7435083902572885,0.0772133580855129,0.3553494459443056,253.64995312499997,46.813258892857256,-0.6034261920231665,0.31080960646501465,1.0,0.9990940093994141,0.014278680086135864,0.9999998211860657,0.4020726978778839
119,2.3480154235692834,1.0,0.9727702587842941,0.8316465820888801,0.02396678518764122,0.159763365983963,1.5,0.8125,64,0.8125,34,0.53125,0.7065157550754195,45.10781250000001,14.71695009894522,-0.4383033457592401,0.25176875729639764,2.25,0.6614378277661477,-0.6855042800673319,0.20676997347042084,2.591811250000001,0.7592748597253427,0.13083919916690467,0.36288480971879117,266.604640625,28.938855902017373,-0.517415488667357,0.19213519048181796,1.0,0.999955415725708,0.011735941283404827,0.9999999403953552,0.4492184817790985
120,2.3235928883577355,1.0,0.9674489703029394,0.8003251560083289,0.020283572421428045,0.19478873908519745,1.5,0.84375,64,0.84375,38,0.59375,0.7318302744784559,43.989843750000006,21.756982535225006,-0.45742888474600896,0.3722054106717139,2.140625,0.9661002066944194,-0.7196956505922166,0.30200950977148955,2.677793906250001,0.9004236461029361,0.17193340827015927,0.43034489987007013,264.81539062499996,58.15691973515955,-0.5292949455033004,0.3861241401174993,1.0,0.9984588027000427,0.008895130828022957,0.9999998807907104,0.5847176313400269
121,2.3314668196743495,1.0,0.9607123620808125,0.8284665535624562,0.01924266756051443,0.17324034869670868,1.5,0.765625,64,0.765625,35,0.546875,0.6532211008071642,45.6625,20.95400998317506,-0.4288140846267414,0.35846863775249194,2.203125,0.9216101314411642,-0.7001577245779967,0.28810160899284676,2.7165948437500007,0.8022605996222343,0.1904777741756647,0.38342924345487933,270.6215625,50.258118480958835,-0.4907457387568258,0.333681234679483,1.0,0.9994573593139648,0.00046970410039648414,0.9999999403953552,0.46341413259506226
122,2.3502942299416336,1.0,0.9731592666357756,0.8352605927833319,0.015478855123369686,0.21867743134498596,1.5,0.71875,64,0.71875,28,0.4375,0.6233008142349576,45.475156250000005,16.946662373475966,-0.43201904916135153,0.28991333784555395,2.125,0.7180703308172536,-0.7245801320957717,0.22447367994422227,2.6969167187500007,0.6732997758545572,0.1810728892979661,0.32179421972837197,265.42734375,45.62783155912723,-0.5252319745746665,0.30293913959722485,1.0,0.9999691843986511,0.004209541715681553,0.9999999403953552,0.4255940616130829
123,2.332048947700704,1.0,0.9616028305608779,0.842453164295391,0.00911949241869943,0.15598781406879425,1.5,0.640625,64,0.640625,21,0.328125,0.5966154014933241,44.36265625,16.18851514598655,-0.45105103205244784,0.276943409699477,2.0,0.7905694150420949,-0.7636559841242113,0.24713738784316056,2.639771718750001,0.8312896765992495,0.1537612350455369,0.3973032851674245,259.86575,32.788457217727554,-0.5621573415676389,0.21769404065120115,1.0,0.9996340870857239,0.000971345289144665,0.9999999403953552,0.45653584599494934
124,2.3378097200259615,1.0,0.9596421616151929,0.8482880303683329,0.014368190452239192,0.2101600021123886,1.5,0.6875,64,0.6875,27,0.421875,0.617723337523208,45.24000000000001,17.731739198397882,-0.43604196127527,0.30334396139621467,2.21875,0.8921314014762624,-0.6952732430744418,0.27888635707208803,2.852346250000001,0.6537849537297707,0.2553582619135434,0.31246738317802064,270.8896875,42.24202403075455,-0.48896556306078715,0.28045957867051563,1.0,0.9991990327835083,0.002793296007439494,0.9999998807907104,0.5092979073524475
125,2.32805796529719,1.0,0.9675976857542992,0.821246618986117,0.005745542655913621,0.17112432420253754,1.5,0.75,64,0.75,31,0.484375,0.6195881092432651,45.10468750000001,13.708137634352223,-0.4383568063853387,0.23451059858497422,2.234375,0.7233210624439191,-0.6903887615708868,0.2261150944408993,2.727918593750001,0.7557712465833072,0.19588980225932826,0.36121030677418464,264.25496875,42.32543667781556,-0.5330157824316114,0.28101338442171475,1.0,0.9989834427833557,0.013576778583228588,0.9999998807907104,0.5016687512397766
126,2.3214688050185153,1.0,0.9592372896149755,0.834312598241916,0.013380776092566157,0.16463834047317505,1.5,0.6875,64,0.6875,24,0.375,0.5982475360436352,48.775000000000006,21.911694580177958,-0.3755673010325508,0.37485213156393066,2.21875,0.8190839013800723,-0.6952732430744418,0.2560512106336387,2.617014375000001,0.6510085049796661,0.14288468059276446,0.311140418293736,266.2786875,60.661586409737886,-0.5195796055202162,0.40275349859120535,1.0,0.9983171224594116,0.006478482391685247,0.9999999403953552,0.5740907192230225
127,2.334905341156488,1.0,0.9657503878697753,0.8397501764796844,0.011212283979716353,0.12470518052577972,1.5,0.734375,64,0.734375,30,0.46875,0.6251699155948698,46.848906250000006,19.63703580905761,-0.4085177579284136,0.33593863330321655,2.234375,0.9141626547693796,-0.6903887615708868,0.2857734770215514,2.562053593750001,0.7207234107724845,0.11661694317140821,0.34445968337824273,260.20003125,44.56720019250732,-0.5599379313787664,0.2958972368230968,1.0,0.9998725652694702,0.0004737091367132962,0.9999999403953552,0.5767607092857361
128,2.3414339568055427,1.0,0.9701709989458323,0.8477534819278123,0.002250047604939625,0.1654031127691269,1.5,0.609375,64,0.609375,25,0.390625,0.5204578437982808,48.60218750000001,18.861421810532836,-0.37852367365580253,0.3226698941121889,2.203125,0.8135510029340508,-0.7001577245779967,0.25432158886591777,2.5904232812500005,0.7775065893793423,0.13017583889718398,0.37159841015161643,264.88975,36.891136028438474,-0.5288012475931925,0.24493316086558078,1.0,0.9990746378898621,0.0050136735662817955,0.9999999403953552,0.5550190210342407
129,2.3357317228346766,1.0,0.9682741463184357,0.837955744972855,0.0055023375580760085,0.08149439841508865,1.5,0.703125,64,0.703125,34,0.53125,0.6097260499572312,50.699062500000004,21.83200093317362,-0.3426515935436521,0.37348878043915257,2.375,1.0383279828647594,-0.6464284280388921,0.32458840492329327,2.5442206250000012,0.7789164200507078,0.10809392494069045,0.3722722190211729,268.98701562499997,45.97762163388981,-0.5015980674129042,0.3052615183004711,1.0,0.9982497692108154,0.0067965565249323845,0.9999999403953552,0.544615626335144
130,2.351376623183576,1.0,0.9687933912500739,0.854818566446828,0.0023866911084194043,0.1165110394358635,1.5,0.6875,64,0.6875,26,0.40625,0.568472916234652,46.301875,17.8537177391538,-0.41787604052697097,0.3054306971272237,2.1875,0.8076779989575054,-0.7050422060815518,0.2524856477911184,2.601018125000001,0.7018802223934725,0.13523949642380084,0.3354538447918227,262.38848437499996,41.785547120083955,-0.5454080253086688,0.2774288687323203,1.0,0.9989864826202393,0.005763688590377569,0.9999999403953552,0.4999992847442627
131,2.369548899509201,1.0,0.9722358491271734,0.8790292461666991,0.006390631138272253,0.08685342967510223,1.5,0.5,64,0.5,21,0.328125,0.44974947709038793,47.89531250000001,12.787097863758756,-0.3906164672793024,0.21875400248973462,2.171875,0.6009026413446691,-0.7099266875851067,0.18784626157346312,2.5747275000000003,0.41438991774806777,0.12267425956877782,0.19805187084133075,265.399984375,30.611325451891684,-0.5254136230387553,0.20323930104611085,1.0,0.9997578859329224,0.0027803522534668446,0.9999998211860657,0.41946476697921753
132,2.366785357321884,1.0,0.9720130963250995,0.8646734989523973,0.017859080806765487,0.09925858676433563,1.5,0.453125,64,0.453125,21,0.328125,0.423573954558531,47.4028125,12.094177636980687,-0.39904186195243946,0.20689993875855733,2.1875,0.5555121510822243,-0.7050422060815518,0.17365688492551412,2.5231850000000007,0.5566390538311166,0.0980402419065882,0.26603785775894373,257.92690625,30.969566616235703,-0.5750300036549731,0.2056177894902538,1.0,1.0001927614212036,0.0,0.9999998807907104,0.5040239691734314
133,2.36699745523452,1.0,0.9718808783218265,0.8678952122068728,0.0037816307929002787,0.07464564591646194,1.5,0.4375,64,0.4375,15,0.234375,0.39953701730921387,44.61046875000001,12.60833385474756,-0.4468116044028299,0.21569581501913251,2.03125,0.6115745559619039,-0.7538870211171014,0.19118237482500883,2.5965901562500004,0.6032050481477371,0.133123210632558,0.28829342406738945,255.29856249999995,37.16794141539984,-0.5924804975089044,0.24677096868805615,1.0,0.9985907077789307,0.004833252634853125,0.9999998211860657,0.625459611415863
134,2.3698346860568957,1.0,0.9716602452099323,0.8727882003929022,0.007930180559522635,0.12725725769996643,1.5,0.40625,64,0.40625,18,0.28125,0.39996554171332066,45.57546875,12.290942031849044,-0.43030296306358706,0.21026606603650022,2.125,0.625,-0.7245801320957717,0.19537926014219875,2.5441096875000007,0.647449942302417,0.10804090391271522,0.30943965298659404,256.40115625,29.68574656991274,-0.585159991788236,0.19709405897444432,1.0,1.0007233619689941,0.013583138585090637,0.9999998807907104,0.6481797099113464
135,2.3593639182188264,1.0,0.9692597812972963,0.8616198645536653,0.026353798032643976,0.14127209782600403,1.5,0.53125,64,0.53125,24,0.375,0.4992751188113048,46.40953125000001,13.238313529025266,-0.4160343219578746,0.22647312952033852,2.21875,0.6487668591258342,-0.6952732430744418,0.20280894230525373,2.4689523437500007,0.6335950667217944,0.0721205016547578,0.3028179087995542,260.73521875,30.78343946450184,-0.5563846342959738,0.2043820262011553,1.0,0.9988656044006348,0.008470588363707066,0.9999998807907104,0.6018891930580139
136,2.368967994074427,1.0,0.9776762938126922,0.87454546029477,0.005111131968909966,0.10943996906280518,1.5,0.484375,64,0.484375,19,0.296875,0.4213227072592448,46.463125000000005,12.075514595013125,-0.41511747222028395,0.20658066262784053,2.171875,0.650833299989329,-0.7099266875851067,0.20345492580451327,2.4503131250000005,0.5013041058731065,0.06321214750241896,0.2395912925877942,257.72889062499996,24.713639246702666,-0.5763446986780444,0.16408249863924762,1.0,0.9995666742324829,0.0062249889597296715,0.9999999403953552,0.5243545770645142
137,2.3575371198017923,1.0,0.9729901179671288,0.8592885870582652,0.006885555773498417,0.06953369826078415,1.5,0.59375,64,0.59375,28,0.4375,0.5102644093315936,47.952656250000004,17.098020466762694,-0.38963546479039346,0.2925026813438568,2.1875,0.6817945071647321,-0.7050422060815518,0.21313361020617663,2.6027889062500007,0.481287082081466,0.13608581657878693,0.23002443576812606,266.272140625,47.80702663961492,-0.5196230725141927,0.31740757827027394,1.0,0.9987838864326477,0.005970149300992489,0.9999998211860657,0.6173118948936462
138,2.364088516611238,1.0,0.9702622024342418,0.8687875070651891,0.002759281811889136,0.08114583045244217,1.5,0.5625,64,0.5625,24,0.375,0.5007090196942041,47.079062500000006,13.238383081822862,-0.4045803828162528,0.22647431938789256,2.15625,0.6427176187875979,-0.7148111690886617,0.2009179085425226,2.6405040625000007,0.546361399798473,0.15411124850767569,0.26112579662558744,264.10770312499994,32.43012782298259,-0.5339935304464815,0.21531496641455317,1.0,0.9988964200019836,0.009640665724873543,0.9999998211860657,0.520124614238739
139,2.370957415764394,1.0,0.9746716665104032,0.8746196942997776,0.015194011328709137,0.09705985337495804,1.5,0.46875,64,0.46875,21,0.328125,0.41953965888488853,47.29796875000001,13.75353433890807,-0.40083546595804687,0.235287218184452,2.09375,0.6051536478449089,-0.7343490951028816,0.18917515518126557,2.6963578125000014,0.6774098013399762,0.18080576786547853,0.3237585489789877,265.16128125,32.62413390635297,-0.5269984566115047,0.21660304068774516,1.0,0.9982918500900269,0.006825938355177641,0.9999998211860657,0.7140451669692993
140,2.374733014195246,1.0,0.9721992490813136,0.8871004089763619,0.0021609151210407276,0.11205731332302094,1.5,0.390625,64,0.390625,15,0.234375,0.3861194354810965,48.030625000000015,12.654079489807822,-0.3883016221692336,0.2164784039124442,2.109375,0.5036487956651937,-0.7294646135993266,0.15744404650972,2.567921406250001,0.686324298345604,0.11942138216376244,0.32801910825892516,259.26059374999994,25.035215575838585,-0.5661751856648174,0.16621755641285735,1.0,0.9997313022613525,0.0013704887824133039,0.9999998211860657,0.5139297246932983
141,2.360831395055031,1.0,0.969629067927599,0.8703933163134359,0.0069623212486357245,0.09266885370016098,1.5,0.453125,64,0.453125,21,0.328125,0.4271252352679491,47.8046875,13.470131074059516,-0.3921668254361615,0.23043892507175223,2.140625,0.6089742271845336,-0.7196956505922166,0.19036949432477032,2.621496875000001,0.5930545517906511,0.14502702883296942,0.28344213616826835,262.06195312499995,26.59024094206704,-0.5475759805356979,0.17654191394640914,1.0,0.9992931485176086,0.0004418912867549807,0.9999998807907104,0.629652738571167
142,2.359661389926834,1.0,0.9756948910653591,0.8664761249245809,0.00040678121592094523,0.06460538506507874,1.5,0.46875,64,0.46875,17,0.265625,0.44715562927006536,45.96468750000001,13.203500479128396,-0.4236444420830081,0.22587756873829434,2.125,0.649519052838329,-0.7245801320957717,0.20304408318690306,2.512500781250001,0.570542250446628,0.09293386884757486,0.27268269630941,254.81193749999997,28.19294452400447,-0.5957113711614351,0.18718282383738977,1.0,0.9997726082801819,0.0,0.9999998807907104,0.6020644307136536
143,2.3603982829332595,1.0,0.9760654428973794,0.8612857561070272,0.0027856884392442167,0.10146550089120865,1.5,0.515625,64,0.515625,25,0.390625,0.4630114075950358,46.48375000000001,15.968491191640494,-0.4147646320880332,0.27317937182554847,2.140625,0.7041658962027343,-0.7196956505922166,0.2201270589079337,2.4292825000000007,0.6841767500297352,0.05316085414845112,0.3269927175494423,252.23448437499997,28.81429108695034,-0.6128239843485829,0.1913081610874538,1.0,0.9992567896842957,0.0065635256469249725,0.9999998807907104,0.6534817218780518
144,2.372495844598552,1.0,0.9759520767256618,0.8821980666541933,0.0007373132082977454,0.05123184993863106,1.5,0.34375,64,0.34375,18,0.28125,0.40161669460418614,47.40656250000001,12.551851359803214,-0.39897770920112113,0.21472954636526534,2.140625,0.6816154409746011,-0.7196956505922166,0.21307763289458578,2.619852187500001,0.49554191031911243,0.14424097342386474,0.23683733173897856,263.171078125,38.39523415546872,-0.540212111560895,0.2549193946378757,1.0,1.000503659248352,0.0066430470906198025,0.9999998211860657,0.4829059839248657
145,2.364247409841055,1.0,0.9657177645713091,0.8891873105328318,0.014200718691291024,0.10462906956672668,1.5,0.46875,64,0.46875,21,0.328125,0.4469871094673725,49.94250000000001,13.194456932742629,-0.3555944111221194,0.22572285716967525,2.203125,0.5355980156563316,-0.7001577245779967,0.16743159045210215,2.681105468750001,0.44491052568511547,0.1735161232939638,0.21263876893478767,270.76640625,30.30145959031861,-0.48978407041753214,0.2011819931643226,1.0,1.0000756978988647,0.01572052389383316,0.9999999403953552,0.8474301695823669
146,2.3753655010872086,1.0,0.9774901969358325,0.8871979179928112,0.005835996156843434,0.05125048756599426,1.5,0.40625,64,0.40625,16,0.25,0.38197087297576826,50.135000000000005,14.026333604153297,-0.3523012365544467,0.23995410443061002,2.1875,0.5555121510822243,-0.7050422060815518,0.17365688492551412,2.594923750000001,0.6744900693104667,0.132326775050371,0.3223631038534351,269.37457812499997,29.379991128000654,-0.4990249043613574,0.19506404160708407,1.0,1.0000529289245605,0.0022251892369240522,0.9999997615814209,0.5797889232635498
147,2.359224638515669,1.0,0.9760745353996754,0.8514043894143686,0.016459881022272874,0.09857987612485886,1.5,0.53125,64,0.53125,24,0.375,0.520554876753379,45.89625000000001,13.846794134834967,-0.42481522979456715,0.236882650850077,2.125,0.649519052838329,-0.7245801320957717,0.20304408318690306,2.469830625000001,0.6352169302093655,0.07254026390581039,0.3035930557908427,251.8663125,36.640767148285036,-0.6152684062556784,0.24327087426234134,1.0,1.000460147857666,0.0,0.9999998807907104,0.6255217790603638
148,2.376116952671345,1.0,0.9744795551523566,0.876889138124775,0.020287959935982126,0.1195719838142395,1.5,0.390625,64,0.390625,17,0.265625,0.392301064039412,47.59750000000001,12.346555187581677,-0.3957112649464975,0.2112174625564313,2.078125,0.5094325120906595,-0.7392335766064365,0.15925207568744765,2.527533906250001,0.5697395231282707,0.10011874088071075,0.27229904400425725,255.49535937499996,37.94195057146805,-0.5911738941935426,0.25190988631283584,1.0,0.9991403222084045,0.0018700327491387725,0.9999998211860657,0.5766221284866333
149,2.3625840886793874,1.0,0.9679866572842002,0.8831863745497188,0.008761244900110599,0.07064079493284225,1.5,0.53125,64,0.53125,13,0.203125,0.4825916340113836,47.308125000000004,11.72451396580579,-0.4006617189232266,0.2005759543403457,2.171875,0.5464283890639284,-0.7099266875851067,0.1708172390016062,2.6582707812500006,0.5883584358229921,0.16260260347661698,0.2811976931612158,266.75954687499996,32.89843392498422,-0.5163870118695411,0.2184242144932102,1.0,0.9985754489898682,0.000453103770269081,0.9999998807907104,0.6139482259750366
150,2.3645513648698895,1.0,0.9746207380667329,0.8686756920568994,0.0022275961175779574,0.0551723837852478,1.5,0.421875,64,0.40625,15,0.234375,0.43186478609920154,45.55515625000001,12.079266455401418,-0.4306504571332277,0.20664484720556617,2.078125,0.6200979635307634,-0.7392335766064365,0.19384685012851952,2.625875937500001,0.49144322060360796,0.1471199405654006,0.23487842026119665,261.077828125,37.91393667676616,-0.554109930771088,0.2517238922634198,1.0,0.998672366142273,0.0004675081872846931,0.9999998807907104,0.619504451751709
151,2.3751818037623194,1.0,0.9746938543394208,0.8875288450586696,0.012599141400058826,0.06451576948165894,1.5,0.359375,64,0.359375,17,0.265625,0.3954618574197676,46.39140625000001,8.189835137837694,-0.41634439358924635,0.14010678851615793,2.09375,0.38400642898264087,-0.7343490951028816,0.12004302717516185,2.6748639062500006,0.40831089925301306,0.17053305571158664,0.19514648889486025,264.483125,25.201932698393883,-0.5315009732524998,0.16732444972637323,1.0,0.999095618724823,0.0,0.9999998807907104,0.567116379737854
152,2.3747510914652157,1.0,0.9713736185804009,0.8859671070781971,0.012088451852155868,0.06551109254360199,1.5,0.359375,64,0.359375,14,0.21875,0.3822120888657884,44.28578125000001,10.387365342792583,-0.45236616345447295,0.17770081751693872,1.953125,0.4818482482846648,-0.7783094286348763,0.1506290468010757,2.703076250000001,0.4530832409982055,0.18401675119064334,0.21654480401982837,255.01914062499998,21.81900391635923,-0.5943356771110173,0.14486400180391953,1.0,0.9998775124549866,0.004999999888241291,0.9999997615814209,0.6466804146766663
153,2.375429268625619,1.0,0.9753340994939208,0.890385769428583,0.00035031605538164397,0.059389349073171616,1.5,0.34375,64,0.34375,12,0.1875,0.34880971451604037,48.455625000000005,11.588468793778366,-0.3810309770198262,0.19824857511657745,2.15625,0.5650981662507851,-0.7148111690886617,0.1766535386076666,2.5889365625000007,0.4584095132432724,0.12946528244481545,0.21909042141437868,264.098390625,18.703854631647115,-0.5340553593925674,0.12418143566433223,1.0,0.9993557333946228,0.004008016083389521,0.9999998807907104,0.5995258688926697
154,2.378927709801814,1.0,0.9773390311747789,0.8837356261016784,0.013881251651386038,0.09737218171358109,1.5,0.375,64,0.375,16,0.25,0.41601752349059273,45.05468750000001,9.769677254256855,-0.4392121764029161,0.16713378009397611,2.078125,0.6200979635307634,-0.7392335766064365,0.19384685012851952,2.668644375000001,0.5077116046348162,0.16756051765730065,0.24265366708779745,258.756296875,34.627967726914626,-0.5695233890791324,0.22990719459455816,1.0,1.000103235244751,0.001489573041908443,0.9999998211860657,0.6109724044799805
155,2.367721957796693,1.0,0.9775250414386392,0.8802601219463143,0.002999596577388582,0.06471754610538483,1.5,0.421875,64,0.421875,20,0.3125,0.4276311075539708,48.44171875000001,10.10579220587869,-0.3812688768059649,0.17288383313551176,2.234375,0.522679021364929,-0.6903887615708868,0.16339302477780535,2.656733281250001,0.3977453813687486,0.16186777683538683,0.19009684725599613,268.90332812500003,32.56880732006791,-0.5021536980089402,0.21623570812177986,1.0,0.9983283877372742,0.034382566809654236,0.9999998211860657,0.5897620320320129
156,2.3715200689534757,1.0,0.9763949671760201,0.8842303332151014,0.0009155855933297801,0.03852354735136032,1.5,0.40625,64,0.40625,21,0.328125,0.40864649137498155,44.59796875000001,11.903344485333667,-0.4470254469072243,0.20363527963298425,2.015625,0.544638283060418,-0.7587715026206564,0.170257639663139,2.7741659375000007,0.5003378096056671,0.21799307398202034,0.2391294647890066,264.81262499999997,29.88690550198156,-0.5293133074554098,0.19842962351303645,1.0,0.9982256889343262,0.006631928030401468,0.9999998211860657,0.541900634765625
157,2.379628823399151,1.0,0.9794890023767948,0.888324649786481,0.0021193022126038763,0.09133071452379227,1.5,0.359375,64,0.359375,18,0.28125,0.39132622427524233,45.74453125,11.376035520130616,-0.42741074319165356,0.1946143940562956,2.140625,0.6089742271845336,-0.7196956505922166,0.19036949432477032,2.6366760937500007,0.5365127595046592,0.15228172433252293,0.2564187766140171,260.78742187499995,27.746540807371762,-0.5560380394824272,0.18421899335917666,1.0,0.999879777431488,0.00200803205370903,0.9999997615814209,0.5962886214256287
158,2.3709897869071623,1.0,0.9798540873453021,0.8783768145182813,0.0025517613527128954,0.06620672345161438,1.5,0.4375,64,0.4375,19,0.296875,0.43785372102726994,46.669843750000005,14.517593043892845,-0.4115810518038625,0.2483582763427112,2.171875,0.6744138079658512,-0.7099266875851067,0.21082635332808145,2.663705625000001,0.6434891124415861,0.16520011110486063,0.30754662970001234,265.090578125,32.84630179088121,-0.5274678793984848,0.21807809101306921,1.0,0.9982740879058838,0.007221954874694347,0.9999998807907104,0.9532379508018494
159,2.3707025591462423,1.0,0.9771179314702749,0.8819733049736443,0.00904621137555791,0.17556466162204742,1.5,0.421875,64,0.421875,21,0.328125,0.42845726368759407,46.009687500000005,12.019469878174483,-0.4228746090671886,0.20562188321929278,2.125,0.57282196186948,-0.7245801320957717,0.17906804976521887,2.6398142187500007,0.4585016957670551,0.15378154732667648,0.21913447876353728,261.0816562499999,36.01919535479431,-0.5540845145096941,0.23914404162787842,1.0,0.9986087679862976,0.0034584980458021164,0.9999998807907104,0.6125589609146118
160,2.379704337650171,1.0,0.9771790057420731,0.8926818824106555,0.0002422141759216329,0.05571192130446434,1.5,0.34375,64,0.34375,13,0.203125,0.344337789686868,48.56546875000001,9.896609572488623,-0.3791518360124609,0.16930526207951696,2.203125,0.5355980156563316,-0.7001577245779967,0.16743159045210215,2.6189046875000006,0.4742762679960676,0.14378812903845586,0.22667371513940154,264.33628124999996,27.590303157579626,-0.532475920291624,0.1831816769322632,1.0,0.9979196786880493,0.012858555652201176,0.9999997615814209,0.4959784746170044
161,2.3457410716355387,1.0,0.9719584165140986,0.845269979727995,0.019267380980596875,0.14501875638961792,1.5,0.546875,64,0.546875,25,0.390625,0.5368072740041918,44.84437500000001,16.5134293715562,-0.4428100765393509,0.28250184743620993,2.078125,0.7563210193925592,-0.7392335766064365,0.23643110591825886,2.583910156250001,0.5934077966012611,0.12706298181252487,0.2836109645895448,256.131875,48.22990036419965,-0.5869478442326143,0.3202151848977764,1.0,0.9993290901184082,0.005893909838050604,0.9999999403953552,0.7313711047172546
162,2.378388738091125,1.0,0.9797834195196629,0.8921374963834663,0.0023155474147511586,0.03913617134094238,1.5,0.375,64,0.375,18,0.28125,0.3825192722351498,47.980000000000004,11.67960227811718,-0.3891676843120308,0.19980763211859298,2.140625,0.4632489712616748,-0.7196956505922166,0.14481478602678516,2.6170954687500005,0.41520870364315654,0.1429234382174389,0.19844319811884287,264.2043125,19.8923388094159,-0.533352107000758,0.13207219798933187,1.0,1.0000860691070557,0.0019249278120696545,0.9999998211860657,0.5822933912277222
163,2.368453072055433,1.0,0.9766883095726371,0.8868565520823759,0.00114928422308645,0.08387494832277298,1.5,0.421875,64,0.421875,22,0.34375,0.4306865554870566,49.35343750000001,14.620436704612958,-0.3656717391417026,0.25011766402026886,2.1875,0.6817945071647321,-0.7050422060815518,0.21313361020617663,2.7494451562500006,0.5512628542038509,0.2061781220115953,0.26346837826971603,272.78675,41.96023282190833,-0.4763703013121012,0.27858866823193135,1.0,0.9984012246131897,0.003691739635542035,0.9999997615814209,0.6558154225349426
164,2.366243815014638,1.0,0.9743132777512074,0.8821892034673431,0.00038946179920211916,0.04179706424474716,1.5,0.34375,64,0.34375,15,0.234375,0.3802063342969727,45.72312500000001,10.581118631051021,-0.42777694848042874,0.18101543258860456,2.015625,0.3746743377588062,-0.7587715026206564,0.11712575184893415,2.706381875000001,0.46612266028802424,0.1855966284692886,0.22277681226719884,259.375,37.49347097204059,-0.5654156025385703,0.24893227332236523,1.0,0.9984883666038513,0.0049529471434652805,0.9999998807907104,0.5315529704093933
165,2.3762551412594584,1.0,0.9758950797840953,0.8910320854005893,0.007211482247032394,0.047517117112874985,1.5,0.359375,64,0.359375,18,0.28125,0.3493388584228191,47.96390625000001,9.305700809380825,-0.3894430065364385,0.15919634929779433,2.140625,0.4632489712616748,-0.7196956505922166,0.14481478602678516,2.663932500000001,0.4656910553481251,0.16530854284094468,0.2225705327170691,265.59492187499995,20.786903982965367,-0.5241193647646425,0.13801152919856416,1.0,1.0002635717391968,0.007374631240963936,0.9999997019767761,0.7494190335273743
166,2.370806424189914,1.0,0.9718439197167754,0.8842342262500948,0.014416764949063247,0.11532040685415268,1.5,0.359375,64,0.359375,13,0.203125,0.3924671802392853,44.79406250000001,8.785624572054838,-0.44367079261953807,0.1502991968925324,2.015625,0.33034960174790584,-0.7587715026206564,0.10326953724444136,2.5936850000000007,0.4564877689523843,0.13173473179715195,0.2181719505834343,255.09375,23.24254147839689,-0.5938403193634306,0.15431536579585475,1.0,0.9992958307266235,0.0005032712360844016,0.9999998211860657,0.669755756855011
167,2.3582842642432014,1.0,0.9760622819885612,0.8662850423909911,0.00011598377973568927,0.06621302664279938,1.5,0.4375,64,0.4375,18,0.28125,0.40391400662767707,46.947812500000005,10.125296827246288,-0.4068257291123934,0.1732175065019526,2.09375,0.42274216432714634,-0.7343490951028816,0.13215208207543946,2.616034375000001,0.4459703942033146,0.1424163032864842,0.21314531828332367,259.93340624999996,26.615357075802336,-0.5617081480499323,0.17670866874679714,1.0,0.9991499185562134,0.003508772002533078,0.9999999403953552,0.5851235389709473
168,2.379951021637298,1.0,0.977848993614316,0.8888853947066937,7.106389743731312e-05,0.04713260382413864,1.5,0.296875,64,0.296875,14,0.21875,0.33079378800213344,45.89453125000001,10.382363340312908,-0.4248446331389214,0.17761524625795952,2.046875,0.5132521158017763,-0.7490025396135465,0.16044610984283067,2.567009843750001,0.457968090937746,0.11898571360431762,0.2188794497915272,254.90464062499996,30.804300228604035,-0.5950958826763187,0.20452052811353025,1.0,0.9999026656150818,0.009844559244811535,0.9999997615814209,0.45423051714897156
169,2.3754234091742488,1.0,0.9778419909998775,0.8848637086077644,0.0010285903028625205,0.04462836682796478,1.5,0.34375,64,0.34375,17,0.265625,0.37248126468203113,44.10062500000001,10.867316376841847,-0.45553370555081407,0.18591153200555854,1.96875,0.46666201634587745,-0.7734249471313213,0.14588172718419873,2.6639193750000008,0.33685925034090225,0.1653022699305926,0.160997171704318,255.30878124999998,29.73291720124177,-0.5924126516519572,0.19740724130156317,1.0,1.0007264614105225,0.03539822995662689,0.9999998211860657,0.5922704935073853
170,2.386532621880323,1.0,0.9785587843507528,0.8957412525841547,0.007592214149498913,0.06917054951190948,1.5,0.28125,64,0.28125,10,0.15625,0.2938541684026228,47.55875,8.415426589751705,-0.3963741767101201,0.14396607179993773,2.140625,0.4281934251888975,-0.7196956505922166,0.13385618337785718,2.5687157812500008,0.49161312756070197,0.11980104259506476,0.23495962491719866,258.70026562499993,27.676654266977764,-0.5698954001540741,0.18375499216313143,1.0,0.9978304505348206,0.016434263437986374,0.9999997615814209,0.5404101014137268
171,2.386062849683646,1.0,0.979178799316287,0.9036558822731601,6.271785495003029e-05,0.03670673444867134,1.5,0.296875,64,0.296875,12,0.1875,0.3119041179406863,47.10187500000001,9.1557766729194,-0.40419012024573314,0.1566315370729887,2.0625,0.42847841252506524,-0.7441180581099914,0.13394527236168172,2.797371562500001,0.4348004241862687,0.22908387819431422,0.20780678719371723,268.92503124999996,21.032079872905424,-0.5020096033678102,0.13963933772267026,1.0,0.9999029040336609,0.009183180518448353,0.9999997019767761,0.5789148807525635
172,2.3837045960973358,1.0,0.9787977822124958,0.8979493381200995,0.0003833646190114997,0.05727945268154144,1.5,0.359375,64,0.359375,17,0.265625,0.3572807247355885,46.56218750000001,10.594583148469967,-0.41342277037295877,0.18124577547863086,2.03125,0.4990224819584785,-0.7538870211171014,0.155997829310994,2.8321762500000007,0.4454311096128536,0.24571829225265432,0.21288757474883538,269.04206249999993,23.75616930917301,-0.5012325919480359,0.15772552069061177,1.0,0.9992154240608215,0.005365853663533926,0.9999997019767761,0.5870279669761658
173,2.394864471835641,1.0,0.980241616256535,0.9087183507049652,0.0024080733600671624,0.046475473791360855,1.5,0.1875,64,0.1875,11,0.171875,0.2145134986176439,47.39031250000001,7.328800628502851,-0.3992557044568337,0.1253767264484688,2.0625,0.29973947020704494,-0.7441180581099914,0.09370060147914731,2.7815931250000006,0.26017221400494434,0.2215427944661915,0.12434567424957714,267.21437499999996,21.141173128888227,-0.5133672487963481,0.140363646022539,1.0,1.000295639038086,0.0009302325779572129,0.9999995827674866,0.9424845576286316
174,2.383115601423821,1.0,0.9808252705261111,0.8932437615578388,0.0007905116980063546,0.02507377788424492,1.5,0.328125,64,0.328125,13,0.203125,0.3242005739173165,46.66093750000001,10.45192591683914,-0.4117334145882434,0.1788052811040789,2.078125,0.5392323102105436,-0.7392335766064365,0.1685676957019274,2.8135471875000007,0.3053089671211609,0.2368147921380879,0.1459181546973393,268.2025625,25.36233171511138,-0.5068063262019263,0.16838939492443009,1.0,0.9997896552085876,0.001427891431376338,0.9999997615814209,0.5018729567527771
175,2.3837810695226054,1.0,0.976273937150836,0.8997186413853491,0.000616136820848853,0.07080504298210144,1.5,0.28125,64,0.28125,12,0.1875,0.313837187136908,44.928906250000004,9.558207225531937,-0.4413639666033842,0.16351607765022577,1.984375,0.4142835494863391,-0.7685404656277663,0.12950786142035986,2.7703060937500013,0.27580017476776353,0.21614831559601308,0.13181483972380323,261.066296875,24.293547053872963,-0.554186490774799,0.1612933595743673,1.0,1.000615119934082,0.013770180754363537,0.9999997615814209,0.5657342672348022
176,2.391587888806879,1.0,0.9794606370851398,0.9074281195315629,3.2353347592498404e-05,0.03568553924560547,1.5,0.265625,64,0.265625,12,0.1875,0.28175378516397176,45.88203125000001,6.520731165791413,-0.42505847564331567,0.11155275863800461,2.0,0.25,-0.7636559841242113,0.0781517040568795,2.800847187500001,0.37208366418668554,0.23074500459751837,0.17783218810471202,263.707609375,17.469470644900404,-0.5366498928516539,0.1159859284464829,1.0,1.0000009536743164,0.0,0.9999996423721313,0.5892370343208313
177,2.3889157382171593,1.0,0.9807064011693001,0.9020024208758014,0.00040310817839166267,0.016038184985518456,1.5,0.265625,64,0.265625,10,0.15625,0.2676943703632034,47.63531250000001,8.490933578078664,-0.3950643913707046,0.14525780007858663,2.0625,0.34798527267687634,-0.7441180581099914,0.10878256818558303,2.7199909375000004,0.35626553929144106,0.19210088972923592,0.1702721363405916,264.496796875,20.73844705054154,-0.5314102008903766,0.13768980666838052,1.0,1.0000239610671997,0.006869480013847351,0.9999997019767761,0.6057649850845337
178,2.380060822396258,1.0,0.9788879519328475,0.8921876210846738,0.00029105794140719347,0.02242436446249485,1.5,0.296875,64,0.296875,15,0.234375,0.29290422333997745,46.574218750000014,11.30234043858388,-0.41321694696247907,0.19335366279233568,2.078125,0.4777776516068955,-0.7392335766064365,0.1493565505334919,2.832637031250001,0.37720421806231097,0.24593851621251092,0.1802794852791283,268.960703125,24.57594062269012,-0.5017727653075502,0.16316826929157358,1.0,1.0003485679626465,0.016611294820904732,0.9999998807907104,0.5605909824371338
179,2.3820905292304273,1.0,0.9790990315377712,0.8952359974990871,0.0005571644229837932,0.06123470142483711,1.5,0.34375,64,0.34375,17,0.265625,0.31556616855337194,46.366093750000005,11.730750138150201,-0.416777424660645,0.20068263903730277,2.046875,0.5709008095764097,-0.7490025396135465,0.17846748446339394,2.8602335937500007,0.4999950191482139,0.2591279076475543,0.23896563287974082,269.50342187499996,32.15671654268198,-0.4981694656207086,0.21349969325384835,1.0,0.9997680187225342,0.005118659697473049,0.9999997019767761,0.6979962587356567
180,2.3944056960717095,1.0,0.981499096378684,0.9078654258011074,0.005206031373381177,0.047772038727998734,1.5,0.28125,64,0.28125,13,0.203125,0.25058109373186754,48.06,9.358508995828341,-0.3877990922839071,0.1600997600851911,2.15625,0.6179287479151622,-0.7148111690886617,0.1931687385412154,2.898792812500001,0.3232020946591934,0.27755674745407793,0.15446992498018758,274.50749999999994,26.93558288305641,-0.46494563994535615,0.178834759933065,1.0,0.9988372921943665,0.0018639329355210066,0.9999997615814209,0.5104195475578308
181,2.388008531928441,1.0,0.9824201827868819,0.8984189738446019,0.0002493611047405501,0.02709522284567356,1.5,0.265625,64,0.265625,10,0.15625,0.2583491373174769,47.022031250000005,8.950240600761715,-0.405556039242552,0.15311534919990272,2.046875,0.41191957270200213,-0.7490025396135465,0.12876886616417252,2.8954284375000006,0.3623229953509147,0.275948791433857,0.17316721282227202,268.29921874999997,25.445561119199123,-0.5061645915366763,0.16894198406141017,1.0,0.9991030693054199,0.003764705965295434,0.9999998211860657,0.6180887818336487
182,2.3927039746923033,1.0,0.9805718874558806,0.9099747903024967,3.960063140920857e-05,0.06254249811172485,1.5,0.359375,64,0.34375,13,0.203125,0.2608541990145039,47.54750000000001,5.131355814986912,-0.39656663496407496,0.08778415827322071,2.15625,0.4408354993645589,-0.7148111690886617,0.1378081819364228,2.945454062500001,0.23244847479279424,0.2998578398853697,0.11109550048202511,274.804390625,17.44089678350964,-0.46297447919940987,0.11579621658227846,1.0,0.999143660068512,0.0013717421097680926,0.9999996423721313,0.6625968217849731
183,2.3907384687971858,1.0,0.9825456086546183,0.896926915657223,0.002122820126785554,0.03612612932920456,1.5,0.234375,64,0.234375,13,0.203125,0.23508215446043668,46.37250000000001,10.258023384161298,-0.41666783037714283,0.1754881128483801,2.03125,0.4318835925339142,-0.7538870211171014,0.13500975484292957,2.809988437500001,0.44376678124332264,0.23511393730265473,0.21209213226058377,266.7968125,34.63395944547914,-0.5161395923453536,0.22994697571070197,1.0,1.0002822875976562,0.0008992805960588157,0.9999997615814209,0.4571424126625061
184,2.3913239701811735,1.0,0.9823575932532549,0.8970750538486754,0.008970952385176503,0.05342213809490204,1.5,0.3125,64,0.3125,16,0.25,0.2542620613768998,45.98250000000001,8.744525072867022,-0.42333971651424623,0.14959609130567833,2.046875,0.44824963399315787,-0.7490025396135465,0.14012589095775133,2.981800937500001,0.34598791464496487,0.31722932091006595,0.16536008925194334,271.29453125,20.829157441379465,-0.4862776637435166,0.13829206469410674,1.0,1.0001877546310425,0.00809138547629118,0.9999997019767761,0.548560619354248
185,2.3887708701627313,1.0,0.98332654312253,0.8966520097544302,5.085295801380622e-05,0.021649625152349472,1.5,0.28125,64,0.28125,12,0.1875,0.22118497950504012,48.53421875000001,9.488310045242432,-0.3796864422734467,0.16232031860356894,2.109375,0.39989012162717896,-0.7294646135993266,0.12500837776270737,2.860256562500001,0.3257961842846442,0.2591388852406703,0.15570973386898143,272.86315625,25.01797099038183,-0.47586301348263566,0.1661030635758657,1.0,0.9986308217048645,0.014997581019997597,0.9999998211860657,0.5233108401298523
186,2.3948141442592905,1.0,0.9795044381171465,0.9121470699395889,0.0006699761010916143,0.02177252434194088,1.5,0.234375,64,0.234375,8,0.125,0.22285351632743988,46.41546875000001,4.86022084429025,-0.4159327467682873,0.0831457437802079,2.03125,0.3045873232752801,-0.7538870211171014,0.09521607339234711,2.842805781250001,0.37900583437051466,0.2507985281852013,0.181140542619319,266.20065624999995,20.472420342849933,-0.5200976822932944,0.1359235622692018,1.0,1.0008615255355835,0.003927343990653753,0.9999996423721313,0.6621384024620056
187,2.3873590837064276,1.0,0.9829697394743562,0.8960835003655703,0.002013673394587036,0.03082801029086113,1.5,0.234375,64,0.234375,14,0.21875,0.24484917954541063,46.60109375000001,8.280844257454124,-0.4127571855780313,0.14166371796107805,2.078125,0.4777776516068955,-0.7392335766064365,0.1493565505334919,2.9129595312500007,0.483432295176991,0.28432753272647976,0.23104971039167602,269.618171875,22.854848583338594,-0.4974076002179283,0.15174133700588865,1.0,0.999373733997345,0.0024545900523662567,0.9999998807907104,0.6924811601638794
188,2.3896916643244577,1.0,0.9795613400638103,0.9032600600682592,0.0006454841194366476,0.04013139754533768,1.5,0.28125,64,0.28125,12,0.1875,0.24746253435159926,46.40640625,9.072348160617567,-0.4160877825839733,0.1552042921123073,2.0625,0.34798527267687634,-0.7441180581099914,0.10878256818558303,2.8112564062500005,0.45761569546798536,0.23571994524915707,0.21871102730084166,266.129609375,16.44095632256643,-0.5205693873568076,0.10915726196761424,1.0,1.0000492334365845,0.008742108009755611,0.9999997019767761,0.8538773059844971
189,2.39200237462454,1.0,0.9822769090533257,0.9001416192225993,0.0011720016814894387,0.028634024783968925,1.5,0.265625,64,0.25,11,0.171875,0.2076964324561037,46.826406250000005,10.18510882477261,-0.40890267443632344,0.17424073428946116,2.0625,0.5555121510822243,-0.7441180581099914,0.17365688492551412,2.7751937500000006,0.43192384082548374,0.21848430260458263,0.2064319643714572,265.73715625,26.64100581294907,-0.5231750209790338,0.17687895968759976,1.0,0.9994109869003296,0.004398826975375414,0.9999998211860657,0.6502498388290405
190,2.378953909024231,1.0,0.9801490129902959,0.8766453424936509,0.01181557431888835,0.04199657589197159,1.5,0.34375,64,0.34375,16,0.25,0.3019341841506976,46.861562500000005,15.360285969297372,-0.40830124239271437,0.26277456159102297,2.109375,0.6153552708598505,-0.7294646135993266,0.19236425207231986,2.8076176562500006,0.5486621136191837,0.23398085553157855,0.26222539064789974,267.03059375,44.09246037792302,-0.5145874368229684,0.292745273075349,1.0,0.9998233914375305,0.0,0.9999998211860657,0.9199333786964417
191,2.393815745726198,1.0,0.9814373860135674,0.9077062847028833,0.0004673467924805769,0.009656578302383423,1.5,0.203125,64,0.203125,11,0.171875,0.13710208356560794,47.04203125000001,7.078890754314792,-0.40521389123552104,0.1211014181789289,2.0625,0.34798527267687634,-0.7441180581099914,0.10878256818558303,2.838152968750001,0.2969692584083817,0.24857478146542922,0.14193230745034657,269.033140625,19.284344253230383,-0.5012918273980611,0.12803550938422123,1.0,0.9998307824134827,0.0,0.9999997615814209,0.7302877306938171
192,2.404365376299678,1.0,0.9822801584377885,0.9209738849513909,0.00017885759402458181,0.049239132553339005,1.5,0.171875,64,0.171875,7,0.109375,0.11728376223754555,47.04203125000001,4.381049453215913,-0.40521389123552104,0.07494836695609144,2.0625,0.24206145913796356,-0.7441180581099914,0.07567006207250623,2.870738125000001,0.33059349915566194,0.2641484015767491,0.15800254347782342,270.204046875,12.119266441329179,-0.493517771086304,0.08046405062068676,1.0,1.0002400875091553,0.0,0.9999993443489075,0.4947955012321472
193,2.388914777300419,1.0,0.9822114417329431,0.896406872831077,0.008077099615848335,0.01836119219660759,1.5,0.3125,64,0.3125,17,0.265625,0.23310326426097217,48.35484375000001,10.833717620262489,-0.3827550822115055,0.18533674462544128,2.15625,0.5367363761661771,-0.7148111690886617,0.1677874497068041,2.854000625000001,0.3947782114795404,0.25614894732790805,0.1886787298682584,272.510265625,25.949448904457856,-0.478205977823838,0.17228747138578634,1.0,0.9994497299194336,0.0009528346708975732,0.9999998211860657,0.5902062058448792
194,2.3966890523299513,1.0,0.9819404687732458,0.9111435318978316,7.973695188645212e-06,0.015153994783759117,1.5,0.1875,64,0.1875,11,0.171875,0.147533417696593,47.27421875000001,4.533887613257351,-0.4012417667163961,0.07756303054891417,2.046875,0.2755498763835687,-0.7490025396135465,0.08613876956815357,2.9347768750000007,0.2539868515351426,0.29475482731404473,0.12138946668634017,272.72554687499996,16.292414693011374,-0.4767766502748859,0.10817104211200998,1.0,0.999241292476654,0.0014471779577434063,0.9999997019767761,0.48923319578170776
195,2.396434025708995,1.0,0.9818865982815623,0.9118259346666827,6.451463345294285e-05,0.018262125551700592,1.5,0.21875,64,0.21875,10,0.15625,0.14411146573435296,49.74890625000001,11.386842340667187,-0.3589062969089267,0.19479927066174205,2.15625,0.5067898356320892,-0.7148111690886617,0.15842595701341458,2.854362031250001,0.19701427244602523,0.25632167639509956,0.09416021859899819,275.55415624999995,23.3496894968774,-0.4579965228605747,0.15502675898327745,1.0,0.9984842538833618,0.002863961737602949,0.9999997019767761,0.7286832928657532
196,2.3888587524421787,1.0,0.97800871450454,0.8965595465154873,0.009300853772704976,0.028987521305680275,1.5,0.28125,64,0.28125,13,0.203125,0.2526988836423153,44.62046875,11.06984197460711,-0.4466405303993146,0.1893762184879653,1.96875,0.46666201634587745,-0.7734249471313213,0.14588172718419873,2.900544375000001,0.47609123670611697,0.27839388227604867,0.22754115407347883,264.808578125,15.72362814445656,-0.529340176074598,0.10439466918904117,1.0,1.0002455711364746,0.0,0.9999998211860657,0.7077116966247559
197,2.395979120308236,1.0,0.980019073933363,0.9020818322419624,0.02010466752549366,0.07294772565364838,1.5,0.28125,64,0.28125,15,0.234375,0.24436977087419265,45.030156250000005,9.651655378124829,-0.43963184231779007,0.16511473260874485,2.03125,0.4990224819584785,-0.7538870211171014,0.155997829310994,2.885255000000001,0.3447903268836008,0.271086539136041,0.16478771891551292,266.2811875,25.687368869418943,-0.519563007145428,0.17054743032735,1.0,0.9998112320899963,0.001988071482628584,0.9999997615814209,0.7169700264930725
198,2.3933274839464103,1.0,0.9819502476602793,0.9064147778797409,0.0009192799626958782,0.02862440049648285,1.5,0.234375,64,0.234375,11,0.171875,0.2314071976463803,45.650000000000006,6.3368431612278355,-0.4290279271311357,0.10840691292408836,1.984375,0.2790714234295586,-0.7685404656277663,0.0872396291783959,2.9038995312500004,0.24577076410517784,0.2799974323235221,0.11746270250408575,266.808828125,22.501396831332144,-0.5160598164065276,0.14939464714614345,1.0,0.9985636472702026,0.006432459224015474,0.9999997615814209,0.7744523286819458
199,2.3922581573232637,1.0,0.979914496652782,0.9021261963298681,0.001594289090774852,0.03550829365849495,1.5,0.3125,64,0.3125,13,0.203125,0.23556442113355314,46.97953125000001,8.715767577659092,-0.4062831037574927,0.1491041253220486,2.109375,0.4716058835245803,-0.7294646135993266,0.14742721376278475,2.799673125000001,0.405838667132932,0.23018387783103408,0.19396492009802055,267.632328125,27.22899124041247,-0.5105923117512813,0.18078280068562405,1.0,1.000173807144165,0.0019351717783138156,0.9999997019767761,0.6837027668952942
