step,reward_mean,valid_frac,c_mean,qed_mean,d_var,d_loss,w_C,unique,n_valid,unique_smiles_frac,n_scaffolds,scaffold_frac,tanimoto_dist,tpsa_mean,tpsa_sd,tpsa_drift_sd,tpsa_spread_ratio,hba_mean,hba_sd,hba_drift_sd,hba_spread_ratio,logp_mean,logp_sd,logp_drift_sd,logp_spread_ratio,mw_mean,mw_sd,mw_drift_sd,mw_spread_ratio,rdkit_valid_frac,ratio_mean,clip_frac,adv_std,kl
0,0.9562353722572641,0.984375,0.8242963150380149,0.5538446742028162,0.004315220573852132,0.7506814002990723,0.2,1.0,63,0.984375,49,0.7777777777777778,0.9208022223937068,61.797777777777775,32.02878756926285,-0.15278142789887472,0.547929291722037,3.984126984126984,2.027525378010891,-0.14340436462516767,0.6338182532404796,1.9513980952380958,1.4976327494255495,-0.17523731954102525,0.7157726458907289,285.5093333333335,101.60726669754504,-0.391900618735589,0.6746061975417889,0.984375,0.9981963038444519,0.05645161122083664,1.0230478048324585,0.004113896284252405
1,0.9257930267039614,0.96875,0.8328666886495005,0.5151477699642067,0.008325344345739494,0.7017439603805542,0.21300000000000002,1.0,62,0.96875,44,0.7096774193548387,0.9166244674339167,60.70548387096775,33.087799558214485,-0.1714677370642294,0.5660462337941208,3.725806451612903,2.1639968609385565,-0.22415712386059164,0.6764801690243452,1.7024346774193555,1.6530506634096527,-0.294225906275972,0.7900524661964009,265.70406451612905,106.28099097748921,-0.5233947285795069,0.7056366884439523,0.96875,0.9959536790847778,0.015327449887990952,1.0446385145187378,0.010380695573985577
2,0.9637940518349836,0.984375,0.8600991862633872,0.5406405829988695,0.0041866625974385915,0.6839520335197449,0.226,1.0,63,0.984375,50,0.7936507936507936,0.9109499357078109,55.31015873015873,30.48727257174203,-0.2637677242748168,0.521557977511534,3.5238095238095237,1.7535192990020925,-0.2873027403489459,0.5481620852545533,2.5350958730158744,1.617851694482077,0.1037328772317108,0.7732296108391177,286.2556190476191,85.21070224969768,-0.3869457667416601,0.5657436687638304,0.984375,0.9996019601821899,0.036799315363168716,1.023047924041748,0.026551125571131706
3,1.0142465557825926,1.0,0.8878337806090713,0.5849076417306786,5.963920874920911e-07,0.6679163575172424,0.23900000000000002,1.0,64,1.0,52,0.8125,0.9123822840929136,47.339062500000004,34.12329188576468,-0.4001324587248506,0.5837608156024774,3.03125,1.767490717797409,-0.4412802048895834,0.5525296460023386,2.365429218750001,1.7292072068936193,0.022643070608629298,0.8264504220052065,264.041875,93.57560340833707,-0.5344305864026239,0.6212811745629011,1.0,0.9982399940490723,0.018344709649682045,0.9999998807907104,0.04348364844918251
4,1.0088276186400644,0.96875,0.912283835872527,0.6128869225905005,0.008174306240970184,0.6788046360015869,0.252,1.0,62,0.96875,53,0.8548387096774194,0.907886071955116,36.393387096774184,34.357329121077306,-0.5873845099659172,0.5877645842841398,2.4516129032258065,1.8110540448539612,-0.6224787122795258,0.5661478389777654,3.0536441935483887,1.7466204385885682,0.35156580125939335,0.8347728327755256,262.9923548387098,84.62428245087642,-0.5413987179965873,0.5618502225221987,0.96875,0.9988285303115845,0.016957135871052742,1.0446385145187378,0.07215956598520279
5,1.0013678567103523,0.953125,0.9043001376214574,0.6222296422605521,0.01199045071584422,0.6700959205627441,0.265,1.0,61,0.953125,49,0.8032786885245902,0.9005890225472195,29.630819672131146,22.7121920963156,-0.7030744583036169,0.3885465630529164,2.0163934426229506,1.3243223231882433,-0.7585312822188423,0.4139921851109069,3.197362950819674,1.6100477380035396,0.42025417308863755,0.7694998188863166,248.63791803278696,79.73276427928633,-0.6367028467881107,0.5293737217639839,0.953125,0.9965667724609375,0.009915716014802456,1.0648607015609741,0.09800828993320465
6,1.0527173443543099,0.984375,0.9205158911054097,0.6388819507292961,0.004096128181276276,0.6570706367492676,0.278,1.0,63,0.984375,55,0.873015873015873,0.8897994010078303,27.59793650793651,19.45694303455548,-0.7378518044614146,0.3328577141093877,2.0,1.140871290543899,-0.7636559841242113,0.3566441418623079,3.2867152380952396,1.7018189173742562,0.46295885025608846,0.8133605717310218,248.0328571428571,71.81870567646764,-0.6407200577564154,0.4768295174497133,0.984375,0.9979756474494934,0.009803921915590763,1.0230478048324585,0.11784671992063522
7,1.058391155674356,0.96875,0.9410532962891364,0.6611372345287011,0.007982418824446336,0.6359531879425049,0.29100000000000004,1.0,62,0.96875,50,0.8064516129032258,0.883174465894434,22.054677419354835,18.256854366170387,-0.8326825569421339,0.3123273168019688,1.7258064516129032,1.2070940156172683,-0.8493707563156276,0.3773458171094041,3.2208140322580663,1.417892066733118,0.43146228977585305,0.6776617008290724,231.6195,65.05941948754581,-0.7496940791125644,0.4319522512638347,0.96875,1.0002766847610474,0.0015772870974615216,1.0446385145187378,0.12305690348148346
8,1.0929541985404305,1.0,0.9084282950498164,0.6682985398345812,1.0336426650239122e-05,0.6177281737327576,0.30400000000000005,1.0,64,1.0,58,0.90625,0.8779181571520065,28.6209375,20.670380962166465,-0.7203509169301546,0.35361648253878053,2.15625,1.1349387373334299,-0.7148111690886617,0.35478958529108284,2.640823281250001,1.2493254531446856,0.15426381464873626,0.5970976432767036,228.741203125,58.1325584134495,-0.7688040992257918,0.3859623967782672,1.0,0.998111367225647,0.002208724385127425,0.9999998807907104,0.14635011553764343
9,1.0498158944516809,0.953125,0.9231317844547209,0.6674411189531482,0.011506127928022771,0.640105128288269,0.317,1.0,61,0.953125,50,0.819672131147541,0.8810177891084493,25.557540983606554,20.031739459081354,-0.7727576675716321,0.3426909866643897,1.819672131147541,1.1381347513252313,-0.8200277050832719,0.3557886810496785,2.925999672131149,1.3567007398965922,0.29055988584834325,0.648416161205193,224.59750819672126,53.00984475644494,-0.7963155397968711,0.3519509082935491,0.953125,0.9962865114212036,0.03705783188343048,1.0648607015609741,0.14777101576328278
10,1.0789412774104497,0.984375,0.9252634876304202,0.6441572400796713,0.003937041404491223,0.597785234451294,0.33,1.0,63,0.984375,56,0.8888888888888888,0.8986158192214793,28.649365079365076,21.65868328180727,-0.7198645949489308,0.37052376598923853,2.2222222222222223,1.4847846772912465,-0.6941878027403184,0.4641538107514193,3.1425782539682556,1.3956462604380575,0.3940705927451238,0.6670296285550815,253.39549206349207,78.02372805956811,-0.605115648050335,0.5180268322833602,0.984375,0.9991295337677002,0.014354066923260689,1.023047685623169,0.15334102511405945
11,1.1072057508816249,1.0,0.9403423015028238,0.6522423926478726,7.428816811393731e-05,0.6233457326889038,0.343,1.0,64,1.0,51,0.796875,0.8846006802201858,22.051718750000003,18.910286846274925,-0.8327331720832947,0.3235058478418215,1.84375,1.1755151796127516,-0.812500799159761,0.3674740577258613,3.8311676562500026,1.3910892006555327,0.7231722757796155,0.6648516455086563,262.41446875,69.74598731602075,-0.5452355059507131,0.46306801497884803,1.0,0.9995779991149902,0.002463054144755006,0.9999998807907104,0.1211424320936203
12,1.1003481000683542,1.0,0.9431403605267406,0.6363045415325633,9.009044118364531e-05,0.6080775856971741,0.356,1.0,64,1.0,56,0.875,0.8850196816066819,23.635624999999997,18.9114097401377,-0.8056366537452271,0.32352505763668427,1.5625,0.8816709987291178,-0.9004214662237505,0.2756163638728456,3.812707500000003,1.4537515909782799,0.7143495020470787,0.6948002593703353,257.402734375,70.41859239248411,-0.5785101641488547,0.46753367543629265,1.0,0.9963884353637695,0.020398009568452835,0.9999999403953552,0.1332940310239792
13,1.117998481701245,1.0,0.9281597868539393,0.6774949925125118,0.00020506273201452343,0.5762661695480347,0.369,1.0,64,1.0,60,0.9375,0.8854781841500841,26.493906250000002,18.503724508290514,-0.7567388920841563,0.31655062315806115,1.84375,1.1621471238616907,-0.812500799159761,0.36329511237837014,3.4103396875000023,1.5572818065773395,0.522043428421979,0.7442810792692062,252.60595312500004,59.60869624015385,-0.6103576733347349,0.3957629923329617,1.0,0.9975627660751343,0.006721820216625929,0.9999999403953552,0.13353018462657928
14,1.1043112190993662,1.0,0.9138713916763663,0.6649992974222028,0.00030968067284047377,0.5428470969200134,0.382,1.0,64,1.0,59,0.921875,0.8841688981661044,23.1171875,14.807877387216703,-0.8145057716149823,0.2533242868197384,1.921875,0.95695949986141,-0.7880783916419862,0.29915206251035337,3.447519531250002,1.631904347173333,0.5398130152215125,0.7799458798326089,255.46626562500003,67.82901804819656,-0.5913670577801402,0.4503405852328947,1.0,0.9999838471412659,0.004928536247462034,0.9999999403953552,0.14403705298900604
15,1.0916765030337912,0.984375,0.8967839313877953,0.693967774440267,0.0037031804415293096,0.5253706574440002,0.395,1.0,63,0.984375,56,0.8888888888888888,0.8846050225991543,30.016825396825396,19.28736076190804,-0.6964709038332834,0.32995660227868273,2.2063492063492065,1.1430775801516717,-0.6991498156963107,0.3573338430322696,2.8824034920634936,1.4323747022164672,0.269723700762431,0.6845834740898161,247.46222222222227,67.51334435771435,-0.6445087026683971,0.4482447171427305,0.984375,1.0003710985183716,0.010791366919875145,1.0230478048324585,0.14840275049209595
16,1.1121952870328886,1.0,0.9302212027832866,0.6856160096654615,0.0005437103989595349,0.5099784135818481,0.40800000000000003,1.0,64,1.0,60,0.9375,0.8810402822124701,24.64515625,17.010041794498505,-0.7883661984840792,0.2909975949750358,1.9375,1.0588171466310885,-0.7831939101384312,0.3309934571754497,3.7192595312500023,1.457060639916917,0.6696873511486303,0.6963817730726088,264.814296875,66.73589148854794,-0.5293022072922698,0.443082935501684,1.0,0.999112069606781,0.014184396713972092,0.9999999403953552,0.1684104949235916
17,1.0934374084330627,0.984375,0.9307916353619288,0.6938809553285433,0.004390376653611326,0.5363597273826599,0.42100000000000004,1.0,63,0.984375,60,0.9523809523809523,0.8867122919587483,26.4447619047619,15.922561995447412,-0.7575796240731592,0.2723936426784487,2.2222222222222223,1.030402055055078,-0.6941878027403184,0.3221107058650597,3.4619807936507963,1.324925159890955,0.546724573516099,0.6332294667475087,282.832746031746,68.61239259760043,-0.4096714184096657,0.4555416829811243,0.984375,1.000068187713623,0.003458711551502347,1.0230478048324585,0.15358877182006836
18,1.0690242005783208,0.984375,0.9410038344443791,0.6568859113437937,0.003886043319368455,0.49329307675361633,0.434,1.0,63,0.984375,55,0.873015873015873,0.8699586682645558,26.753015873015865,17.84913146567959,-0.7523062000282854,0.3053522379107787,2.015873015873016,0.9510572812028727,-0.758693971168219,0.29730698872682937,3.6898542857142886,1.7017935441517456,0.6556335249297275,0.8133484449538676,276.83669841269847,71.65347993712189,-0.4494812766612989,0.4757325259511833,0.984375,0.9972928166389465,0.024357838556170464,1.0230478048324585,0.15207596123218536
19,1.092959591582275,1.0,0.905046901665628,0.6877574427655844,0.0042356799444672084,0.4973396360874176,0.44700000000000006,1.0,64,1.0,60,0.9375,0.8796294554969833,25.486250000000002,19.4771428939796,-0.7739772709696451,0.3332032811916011,2.046875,1.1100350149319616,-0.7490025396135465,0.34700451191894593,3.245499843750002,1.325091669906149,0.44326052843905006,0.6333090478825956,261.964390625,64.08340305356404,-0.5482237321118084,0.42547213663555045,1.0,0.997591495513916,0.054379209876060486,0.9999998807907104,0.1830720454454422
20,1.0795668053012784,0.984375,0.913538154155489,0.6949652495820328,0.006705213332499885,0.4636038541793823,0.46,1.0,63,0.984375,63,1.0,0.8899044323190684,26.47222222222222,17.288045088969323,-0.757109849428585,0.29575350863259714,2.2063492063492065,0.9784784131696787,-0.6991498156963107,0.3058790214883272,2.9300355555555564,1.4503587674185552,0.29248877993689915,0.693178706758511,250.54631746031743,65.18586069854669,-0.6240323152105857,0.4327917387073833,0.984375,0.9998997449874878,0.02211981639266014,1.0230478048324585,0.22206220030784607
21,1.1112956757768147,1.0,0.9189235521480441,0.7038646733461126,0.00595103829033433,0.5242075324058533,0.47300000000000003,1.0,64,1.0,62,0.96875,0.8798837120572067,26.30015625,16.50757065827937,-0.7600534509022686,0.28240162008263825,2.171875,0.9771560696096606,-0.7099266875851067,0.30546564787807096,2.6295118750000013,1.0885753039751598,0.1488576860879039,0.5202693556724595,231.536125,53.41870425191093,-0.7502476349117521,0.3546654695501391,1.0,1.0015959739685059,0.004624871537089348,0.9999998807907104,0.1897437423467636
22,1.1131358279697867,1.0,0.927533068228513,0.6793331011646032,0.00943119186011587,0.4958714246749878,0.48600000000000004,1.0,64,1.0,57,0.890625,0.8897609618186244,28.642031250000002,18.129200477034928,-0.719990057703989,0.31014349061409646,2.109375,1.0475743932413584,-0.7294646135993266,0.327478895832655,2.8228278125000013,1.5023180712459312,0.24125033717696212,0.7180119299859188,251.128171875,59.719486385453266,-0.6201691801517485,0.39649856687477103,1.0,1.0017985105514526,0.015063168480992317,0.9999998807907104,0.15863177180290222
23,1.1479084527402943,1.0,0.9359942022711039,0.6978151942186643,0.0138549489766851,0.5855002403259277,0.49900000000000005,1.0,64,1.0,64,1.0,0.8894606501054757,29.1203125,19.834135187911365,-0.7118079088796008,0.33931049128630897,2.125,1.0383279828647594,-0.7245801320957717,0.32458840492329327,2.8131254687500014,1.4443653000041345,0.2366132375542792,0.6903142127556086,260.40253125000004,57.120484791460996,-0.5585934630209186,0.3792428858618446,1.0,0.9992138147354126,0.0136239780113101,1.0,0.15252935886383057
24,1.1620188247802177,1.0,0.9255759688094258,0.703076237369044,0.012864608493557694,0.5577132701873779,0.512,1.0,64,1.0,60,0.9375,0.8953434381258965,28.801562500000003,20.336199191554794,-0.7172608927416563,0.34789950119873775,2.484375,1.0896127107256963,-0.6122370575140074,0.34062036042099547,2.6938023437500016,1.37173584273807,0.17958441728444988,0.6556019785200263,256.611171875,64.90840925959506,-0.5837656245661811,0.43094964151968107,1.0,1.0018324851989746,0.007194244768470526,0.9999998807907104,0.16023020446300507
25,1.141058970080562,0.984375,0.9171373484626649,0.6788048867329983,0.02672642582026731,0.5749667286872864,0.525,1.0,63,0.984375,57,0.9047619047619048,0.8965296821038917,29.515873015873016,19.037057898850666,-0.7050408967712966,0.3256745709912217,2.507936507936508,1.1666396714293943,-0.6048715695324562,0.36469951337026063,2.665208412698414,1.3454564934106847,0.1659183474865889,0.6430421307151728,258.0404444444444,75.08899867084243,-0.5742761838533059,0.4985421369649081,0.984375,0.9994813203811646,0.010056843049824238,1.0230478048324585,0.15551112592220306
26,1.1538431640036828,0.984375,0.8831619487868415,0.6882325121396031,0.027609364369672776,0.5060234665870667,0.538,1.0,63,0.984375,61,0.9682539682539683,0.8937089270366381,42.791269841269845,24.64795322917307,-0.4779333684535746,0.4216624037376736,3.0793650793650795,1.263675507142549,-0.4262391031167316,0.3950335770325264,2.3753826984126993,1.5218061937326968,0.027400197131618245,0.727326005817357,292.4546666666668,78.39073955128141,-0.34578812045722085,0.5204635499997796,0.984375,0.9995602965354919,0.0034259611275047064,1.0230478048324585,0.18848994374275208
27,1.1900096385308552,1.0,0.9157354859635234,0.6648048645066121,0.02782728411943826,0.5927890539169312,0.551,1.0,64,1.0,55,0.859375,0.9026995051075829,34.141875000000006,30.579048069869263,-0.6259020288017845,0.5231280177004592,2.75,1.75,-0.5292008719535729,0.5470619283981565,2.618888281250001,1.469336292768094,0.14378028790051617,0.7022487498228791,267.97512500000005,88.82596936821537,-0.5083163633482861,0.5897466922009328,1.0,0.9991814494132996,0.00410677632316947,0.9999998807907104,0.1688796728849411
28,1.2453409362993457,0.984375,0.904299225125994,0.678401566554492,0.036255051873610236,0.6278185844421387,0.5640000000000001,1.0,63,0.984375,55,0.873015873015873,0.8948143181657839,41.023492063492064,22.523631551809824,-0.5081754506305874,0.38532078232755035,3.015873015873016,1.0763262544866465,-0.446087154940701,0.3364669236371599,2.5122407936507947,1.7034532887025222,0.09280961140738868,0.8141416966699961,280.33688888888884,73.0868677119224,-0.42624228731968505,0.4852492889523912,0.984375,0.9991592168807983,0.0015408321050927043,1.0230478048324585,0.18695399165153503
29,1.2078479516897285,0.984375,0.8866086533618351,0.6730410765745204,0.039336739832609297,0.5744053721427917,0.577,1.0,63,0.984375,51,0.8095238095238095,0.8980283350615563,43.76619047619048,26.30955420812723,-0.4612550108410027,0.45008807690916514,2.873015873015873,1.3152592054518473,-0.49074527154463216,0.411158992730237,2.1816188888888903,1.4202700982918508,-0.06520650813302153,0.6787982477838974,274.8236190476191,91.82817047425334,-0.4628468149733224,0.6096793558600071,0.984375,1.0005741119384766,0.004180919844657183,1.0230478048324585,0.18548958003520966
30,1.204680564453922,0.953125,0.9023633218202435,0.6938767084388531,0.04374946083987765,0.6013065576553345,0.5900000000000001,1.0,61,0.953125,52,0.8524590163934426,0.9042291176996541,35.35032786885247,22.08043507287065,-0.6052285417683497,0.37773884272794184,2.9344262295081966,1.2914454027036806,-0.47154797551816996,0.40371463567086247,2.5298455737704932,1.545633620559867,0.10122357007077565,0.7387139915243959,283.8755901639345,79.79161837620751,-0.4027476113089534,0.5297644747073924,0.953125,0.9991794228553772,0.00667976401746273,1.0648608207702637,0.18755090236663818
31,1.2411911385201155,0.984375,0.9087776593745701,0.6454731772726027,0.036567446024859715,0.5983685851097107,0.603,1.0,63,0.984375,51,0.8095238095238095,0.8940492228448771,46.41761904761905,27.33449897132935,-0.4158959607660434,0.4676222173114855,3.238095238095238,1.687623347301843,-0.3766189735568081,0.527562561591256,2.041613809523811,1.3960235686831448,-0.1321199794988973,0.6672099577586237,282.6030634920635,81.58998356160687,-0.4111963611600518,0.5417044504487447,0.984375,1.000370740890503,0.00856929924339056,1.0230478048324585,0.1964385062456131
32,1.3033699232601748,1.0,0.9247136213816702,0.67018874439992,0.03902512877743777,0.6341953277587891,0.6160000000000001,1.0,64,1.0,50,0.78125,0.8877081941132164,42.842031250000005,24.76007094217469,-0.4770649727120192,0.4235804463404922,3.0,1.299038105676658,-0.45104916789669336,0.4060881663738061,2.2921101562500015,1.4494767868748508,-0.01239875081253165,0.6927571764817234,284.04175000000004,78.93226638766784,-0.401644418015446,0.5240589361550722,1.0,1.000503659248352,0.007975692860782146,0.9999998807907104,0.2125544399023056
33,1.3136859678891244,1.0,0.928954535163939,0.6220153452243633,0.04050343972755495,0.7099927067756653,0.629,1.0,64,1.0,45,0.703125,0.8915464550639578,40.8834375,26.740821977990763,-0.5105714201193073,0.45746594730693946,2.921875,1.4065103925584765,-0.4754715754144682,0.4396847358086219,2.889312500000002,1.6730684483616114,0.27302576456484967,0.7996196868020072,313.4343906250001,104.51023520922749,-0.2064963919715303,0.6938800212839342,1.0,1.0001286268234253,0.007209805306047201,0.9999999403953552,0.23577482998371124
34,1.3119040791686216,1.0,0.9218589179217815,0.6264349601172021,0.03256285101319252,0.6429306864738464,0.6420000000000001,1.0,64,1.0,42,0.65625,0.8874717814010339,48.8978125,27.06801003195181,-0.3734662984268765,0.4630632843362948,3.046875,1.4189530416384468,-0.43639572338602844,0.44357439272294763,2.193462812500001,1.6909555781887704,-0.05954587034040915,0.8081685905627507,284.116953125,101.34516672744408,-0.40114511815384746,0.6728660241275,1.0,0.9992102384567261,0.00833937618881464,0.9999998807907104,0.2391844093799591
35,1.3173773182111854,1.0,0.926429723855108,0.6588780949645335,0.0395927757474475,0.6531066298484802,0.655,1.0,64,1.0,41,0.640625,0.8924700195385482,48.95609375,28.63488429876592,-0.3724692577501379,0.4898684297192206,2.84375,1.301666599978658,-0.499893982932243,0.40690985160902654,2.200295000000001,1.5587626784418238,-0.05628052179219368,0.7449888412843422,280.54787500000003,92.98328388033994,-0.4248414767007503,0.6173485579548653,1.0,0.999399721622467,0.020283199846744537,0.9999998807907104,0.26874127984046936
36,1.3339067707537864,0.984375,0.9573132206523229,0.6519575798532705,0.030059559451109916,0.5954362750053406,0.6679999999999999,1.0,63,0.984375,39,0.6190476190476191,0.8913831280480423,42.82126984126984,31.544699174450066,-0.47742014644302827,0.5396477977464368,2.6984126984126986,1.5899977102401466,-0.545327414060548,0.4970441220072159,2.1125807936507943,1.4454341752877742,-0.09820230107009677,0.6908250667618336,269.89315873015875,93.20946804149237,-0.4955818662644224,0.618850273746054,0.984375,0.999082088470459,0.002739726100116968,1.023047924041748,0.2787957489490509
37,1.2989278629685224,1.0,0.9268299303948879,0.6284236151429231,0.03332113070173634,0.5552399754524231,0.681,1.0,64,0.984375,36,0.5625,0.8934951618594499,37.3959375,25.994907236728,-0.570233478845328,0.4447052852000367,2.3125,1.4776988021921111,-0.665966354053112,0.46193871789649277,2.380054531250001,1.439464397154297,0.029633034355829195,0.6879718947197436,258.22479687500004,102.08790925520698,-0.5730522035591118,0.6777973516662893,1.0,0.999210000038147,0.015204678289592266,0.9999999403953552,0.27953341603279114
38,1.3300036645696893,1.0,0.910024325363338,0.6703836610545262,0.03146606032873846,0.569069504737854,0.6940000000000001,1.0,64,1.0,40,0.625,0.881784721771189,43.838125000000005,26.732467903924903,-0.46002439814309526,0.45732303081732834,2.421875,1.234968211888468,-0.6317749835282273,0.38605948086064484,2.4139125000000012,1.2835446283631913,0.04581497741628167,0.6134522199215741,272.01748437500004,85.5122578038875,-0.4814777249742846,0.5677458016069976,1.0,1.0004940032958984,0.011249030008912086,0.9999999403953552,0.2632489502429962
39,1.3579847961865328,1.0,0.9522307254374027,0.6691383091275969,0.030059366482197033,0.5329293608665466,0.7070000000000001,0.984375,64,0.984375,35,0.546875,0.8725576903934104,44.32140625,32.0358276908052,-0.45175671231694914,0.5480497298997855,2.46875,1.4358006259575178,-0.6171215390175623,0.4488410624180571,2.0868987500000005,1.4386296232021258,-0.11047667497308529,0.687572926173753,254.124453125,76.04133600732604,-0.6002758204883584,0.5048650377792236,1.0,0.9981060028076172,0.00601116381585598,0.9999999403953552,0.28565600514411926
40,1.3205492204517635,0.984375,0.9472789173088376,0.6653862929148421,0.03450402376787551,0.5744732022285461,0.72,1.0,63,0.984375,41,0.6507936507936508,0.8814081580280024,37.821746031746024,26.98582717612978,-0.5629490018196445,0.4616573493197138,2.1904761904761907,1.258080458440277,-0.7041118286523032,0.3932845266710713,2.375183333333334,1.3305632330279225,0.027304913377700465,0.6359241050214918,255.77012698412696,75.51343570948514,-0.5893496158911592,0.501360122981469,0.984375,1.0003972053527832,0.008576328866183758,1.0230478048324585,0.293305367231369
41,1.3380221272701494,1.0,0.9203679487109184,0.6975134066020328,0.019936062785895853,0.5227885246276855,0.7330000000000001,1.0,64,1.0,42,0.65625,0.8626441194336363,38.08765625000001,29.649216512740026,-0.5583999692584062,0.5072210169931469,2.3125,1.2358574958303243,-0.665966354053112,0.3863374770824308,2.2671146875000012,1.3077481125977701,-0.02434498583532294,0.6250199370117646,248.682625,72.49499901641927,-0.6364060215891317,0.48131966557903627,1.0,0.9998590350151062,0.01173814944922924,0.9999998807907104,0.3365386724472046
42,1.3271246872391642,1.0,0.9348810757510364,0.6683652035586718,0.03006253893617292,0.4857667088508606,0.746,1.0,64,1.0,44,0.6875,0.8835932489850459,35.755,21.683324453943865,-0.598305653609695,0.3709453123861106,2.25,1.103970108290981,-0.6855042800673319,0.34510858076319184,2.152743906250001,1.3555185078061665,-0.07900690260984798,0.6478511298971199,234.94928124999998,65.64277468938147,-0.7275864962524231,0.4358253505737297,1.0,0.9987708926200867,0.01112656481564045,0.9999999403953552,0.27340784668922424
43,1.3600586868540299,1.0,0.9309866288676858,0.7281424040979529,0.019634860502202835,0.536454439163208,0.7590000000000001,1.0,64,1.0,41,0.640625,0.85598556164817,33.38578125,23.435420894762025,-0.6388368272863372,0.4009191276537078,2.3125,1.0135796712641785,-0.665966354053112,0.31685191402682916,2.6656676562500015,1.2413565905690425,0.16613783652497574,0.5932890367590539,256.87053125,57.378233020014015,-0.5820436469217438,0.3809541665412558,1.0,1.0030146837234497,0.03456014394760132,0.9999998211860657,0.25950270891189575
44,1.3811239573779286,1.0,0.9500589799135923,0.7205593908933461,0.026675594323227254,0.5113803148269653,0.772,1.0,64,1.0,50,0.78125,0.876436168963232,24.46515625,18.213680297391463,-0.7914455305473577,0.3115887207225625,2.046875,0.958998297378572,-0.7490025396135465,0.2997894045111259,3.0238975000000017,1.4292423769529539,0.3373487847339491,0.6830864229986755,255.55089062499997,66.3770103241037,-0.5908052027935587,0.44070019787292986,1.0,1.0018515586853027,0.043015725910663605,0.9999999403953552,0.23746241629123688
45,1.3867837143184687,1.0,0.9481298113241792,0.7426938295030169,0.02484471449417071,0.5008363127708435,0.7850000000000001,1.0,64,1.0,56,0.875,0.851452095699337,26.3465625,15.919274993183382,-0.7592595606047046,0.27233741061476147,2.03125,0.7699178121721825,-0.7538870211171014,0.24068155602000219,3.416782187500002,1.0699364098386142,0.5251225312747444,0.5113611566645854,278.8338125,63.82143701078108,-0.4362217374149372,0.42373285241158903,1.0,0.9996263384819031,0.025749260559678078,0.9999998211860657,0.22286947071552277
46,1.3579916329339197,0.96875,0.9419093747292796,0.7251776180550079,0.040646281810128325,0.5924695730209351,0.798,1.0,62,0.96875,56,0.9032258064516129,0.8509980075689157,30.91322580645161,21.993400753202017,-0.6811358231505169,0.37624991177704603,2.3870967741935485,1.0057069205238642,-0.6426468939716237,0.3143908384829467,3.5096977419354856,1.4169317908975705,0.5695302221910922,0.6772027504115828,301.3373548387097,63.79544269143899,-0.2868128454945684,0.4235602670296669,0.96875,0.9981920719146729,0.02251330390572548,1.0446385145187378,0.24683034420013428
47,1.421506966239193,1.0,0.9471788704395294,0.7240241352294151,0.03572332183403896,0.5797608494758606,0.8109999999999999,1.0,64,1.0,57,0.890625,0.8635298783747591,20.52640625,16.5201926978005,-0.8588273036820141,0.2826175503659793,2.171875,0.993017615339728,-0.7099266875851067,0.3104240751891945,3.476271406250002,1.3487288121086796,0.5535545721225374,0.6446060897121698,279.535296875,63.34329034531792,-0.4315643371891999,0.4205582693887472,1.0,1.0019842386245728,0.038285475224256516,0.9999999403953552,0.2676081359386444
48,1.4537658807641045,1.0,0.9331536255776882,0.7126677518535705,0.03995041521659064,0.6753702163696289,0.8240000000000001,1.0,64,1.0,59,0.921875,0.8631424926232549,26.126718750000002,17.585086459722014,-0.76302051565074,0.3008351142830358,2.234375,1.0268609250404848,-0.6903887615708868,0.32100372448535,2.9787539062500015,1.377011044139873,0.31577303490085545,0.658123187318661,269.17592187500003,70.95884225188766,-0.5003438527179676,0.4711205832945622,1.0,1.0017067193984985,0.04055766761302948,0.9999998807907104,0.27864205837249756
49,1.4475370211540994,1.0,0.9080802681855857,0.6910320842539042,0.04130954810848092,0.6973398327827454,0.837,1.0,64,1.0,61,0.953125,0.8610466273570466,21.015468750000004,16.78941834996893,-0.8504607156975855,0.287223301382531,2.328125,1.146389543032821,-0.661081872549557,0.35836918520400945,3.1849050000000023,1.3822316701319028,0.41430006957160814,0.6606183125627867,278.41714062500006,73.71631000770529,-0.4389881677929243,0.489428376605581,1.0,1.0000543594360352,0.02634989283978939,0.9999998807907104,0.2810993790626526
50,1.420313191101443,0.984375,0.9347500611865331,0.6758956168299136,0.036354645416771456,0.5929133892059326,0.8500000000000001,1.0,63,0.984375,57,0.9047619047619048,0.870047230863196,19.600634920634924,15.44691841390265,-0.8746648444474465,0.26425661750431867,2.253968253968254,0.9915236626502486,-0.6842637768283337,0.30995705539534185,3.288639206349209,1.572526002589468,0.46387838399911174,0.751566829743255,281.994380952381,64.6879591966657,-0.4152376175283348,0.4294859964130441,0.984375,0.9991350769996643,0.021987687796354294,1.0230478048324585,0.30171269178390503
51,1.4124659577690484,0.984375,0.9109549437250409,0.6530194449965822,0.030017790202971618,0.6350041627883911,0.863,1.0,63,0.984375,59,0.9365079365079365,0.8805794624999542,17.43047619047619,12.398074534144206,-0.9117906186706772,0.2120988246439266,1.9841269841269842,1.1054276410463588,-0.7686179970802037,0.34556421543739785,3.6057584126984152,1.9008870879822943,0.6154410775088555,0.9085024222570582,283.274380952381,76.02363647032641,-0.40673924963675595,0.5047475243597443,0.984375,1.0013993978500366,0.013882863335311413,1.0230478048324585,0.28090471029281616
52,1.386259755458721,1.0,0.8869224498048425,0.6359333753810099,0.015215939625839246,0.5798286199569702,0.8760000000000001,1.0,64,1.0,62,0.96875,0.8856356613205479,23.586718750000003,18.262005473684933,-0.8064733125436698,0.31241543886047396,2.21875,1.230710541719701,-0.6952732430744418,0.3847285041446397,3.7747165625000023,2.0899145231378626,0.6961922643232942,0.9988454435746255,309.31832812500005,90.96711784881656,-0.23382437118225813,0.6039625261842482,1.0,0.998746931552887,0.002387584652751684,1.0,0.33399081230163574
53,1.3741014970376617,1.0,0.9072687095031142,0.6429711202431461,0.012523725581035879,0.5177584290504456,0.889,1.0,64,1.0,59,0.921875,0.8857484434478028,19.86359375,13.060373435413743,-0.870166302477524,0.2234290371003344,2.171875,1.1799720269459781,-0.7099266875851067,0.36886729858111333,3.614296718750003,1.5690629153296172,0.6195218415788947,0.7499116955777629,294.09882812500007,74.1141129316296,-0.33487195721810326,0.49206952941484233,1.0,0.999112069606781,0.006967213004827499,1.0,0.36136525869369507
54,1.3933563782153864,1.0,0.882789961528033,0.6874140932420691,0.012821559497904093,0.4860081970691681,0.9020000000000001,1.0,64,1.0,63,0.984375,0.8758183446449899,20.951875,14.319518789378886,-0.8515486394386917,0.24496974077140668,2.4375,1.2103072956898178,-0.6268905020246722,0.37835031036253114,3.261952031250002,1.6182298385457918,0.45112362156524033,0.7734103395104938,286.5,65.68335749473576,-0.3853232360861702,0.4360947940190211,1.0,0.9986544847488403,0.006294586695730686,0.9999999403953552,0.36395251750946045
55,1.4148727945115032,1.0,0.9180282456800342,0.6794585800902142,0.013259830959713594,0.46421319246292114,0.915,1.0,64,1.0,60,0.9375,0.8661392750786223,15.9121875,10.917790737591728,-0.9377645911478796,0.1867750171023952,1.984375,0.8925417969904826,-0.7685404656277663,0.2790146495071825,2.9424568750000013,1.149391359062314,0.29842537599999575,0.5493355394074678,249.645828125,56.58006421450349,-0.6300109790027502,0.3756548445499977,1.0,0.9987920522689819,0.03733602538704872,0.9999998807907104,0.33720049262046814
56,1.45295436318191,1.0,0.9185873912647367,0.6989753080153882,0.02270053227315732,0.49963462352752686,0.9280000000000002,1.0,64,1.0,60,0.9375,0.8661189525872214,15.78609375,12.473054534824698,-0.9399217274109576,0.21338153753392708,2.203125,0.9216101314411642,-0.7001577245779967,0.28810160899284676,2.943080000000002,1.2540458517035986,0.2987231898867061,0.5993536918089408,254.74546875,59.452396580680656,-0.5961526804511174,0.3947252642020776,1.0,0.9960640072822571,0.08300971239805222,0.9999999403953552,0.29782047867774963
57,1.4785636945945506,1.0,0.9481045678257942,0.7215266855580393,0.01740376185008025,0.444585919380188,0.9410000000000001,1.0,64,1.0,58,0.90625,0.8319966542301926,19.06515625,12.532491895093568,-0.8838254924457124,0.21439835625188577,2.484375,1.0306579740025301,-0.6122370575140074,0.322190707872435,2.503311250000001,1.1354407761794272,0.08854186079364389,0.5426680532526466,245.33889062500003,54.4617730210596,-0.6586062441285596,0.36159076809423407,1.0,1.0013476610183716,0.04887983575463295,0.9999999403953552,0.2668084502220154
58,1.5090492726347335,1.0,0.947787175886333,0.6931314039923104,0.024412904882603996,0.4577615559101105,0.954,0.984375,64,0.984375,57,0.890625,0.8346471990081538,22.31515625,16.752185677564164,-0.8282264413031841,0.2865863471495447,2.484375,0.9841269528749835,-0.6122370575140074,0.30764479350193724,2.632111406250001,1.2926592607149372,0.15010009572511404,0.6178084310936607,248.89548437500002,52.01066490003285,-0.6349927737157554,0.34531700359851414,1.0,0.9991491436958313,0.03545359894633293,0.9999999403953552,0.2373986840248108
59,1.5244051440465234,1.0,0.9440348092466593,0.7349356347918454,0.023825893803993102,0.511881947517395,0.9670000000000001,1.0,64,1.0,56,0.875,0.8439562943573888,21.32625,14.947048778521465,-0.8451440564320812,0.25570514752827084,2.390625,0.962048392428884,-0.6415439465353372,0.30074288501399526,2.9553771875000017,1.2073423527039537,0.3046004588214736,0.5770324070586218,261.51967187500003,56.68962693337699,-0.5511763755069514,0.37638226977827005,1.0,0.9997207522392273,0.01893203891813755,0.9999998807907104,0.2541724741458893
60,1.507666839539338,0.984375,0.957278139061398,0.7237732146491778,0.025504173831059424,0.47902199625968933,0.98,1.0,63,0.984375,55,0.873015873015873,0.8354794547928523,18.866031746031748,13.962594080589383,-0.8872319950549005,0.23886368688278525,2.6507936507936507,1.0413472677369349,-0.5602134529285251,0.325532253954468,3.099177142857144,1.1695227296357678,0.3733276381412573,0.558957046673715,264.64469841269846,62.29030516292243,-0.530428230828586,0.4135671323072019,0.984375,0.9985140562057495,0.016966067254543304,1.0230478048324585,0.22044990956783295
61,1.5293549030471696,1.0,0.9535335078835487,0.7341454614467653,0.02153865439628296,0.4939568042755127,0.9930000000000001,1.0,64,1.0,59,0.921875,0.8342183150989007,20.45625,14.319276834480853,-0.8600274947379274,0.244965601552099,2.734375,0.9055762581776313,-0.5340853534571278,0.28308931092013817,3.221885000000002,1.0812023811363918,0.4319741438432825,0.516745570224874,263.830140625,47.65483166901445,-0.5358363650073452,0.3163971026051092,1.0,1.0000734329223633,0.010329562239348888,0.9999998807907104,0.2722363770008087
62,1.458554353605807,0.96875,0.9501555148632296,0.7111816701088034,0.025437565027576367,0.4942625164985657,1.006,1.0,62,0.96875,54,0.8709677419354839,0.8407008091460106,23.692903225806454,18.90482703225996,-0.8046567722049297,0.3234124446176225,2.6774193548387095,1.0437864314428023,-0.5518900763571831,0.32629475315481693,3.210125000000002,1.249826588253606,0.4263536161679203,0.5973371537995592,266.70856451612906,65.13727938761365,-0.5167255015895921,0.432469190384755,0.96875,0.9985183477401733,0.0051091499626636505,1.0446385145187378,0.2530405521392822
63,1.512521599070127,1.0,0.9506688760593534,0.7162635924859524,0.024112191244527525,0.503235936164856,1.0190000000000001,1.0,64,1.0,53,0.828125,0.8401701940251854,20.114843750000002,17.325312406291147,-0.8658680681391977,0.29639105555004974,2.296875,0.8782028435247747,-0.6708508355566669,0.274532194916233,3.428352656250002,1.367363153611317,0.5306524751375239,0.6535121128522824,261.92540625000004,63.11319209506611,-0.5484825630186625,0.4190305665904281,1.0,0.9991230964660645,0.014595103450119495,0.9999999403953552,0.2518783509731293
64,1.519553557586597,1.0,0.9655470820143819,0.7036197441699388,0.019403319087929086,0.48032233119010925,1.032,1.0,64,1.0,63,0.984375,0.8343565871256022,19.3828125,16.737292518201496,-0.8783912198027912,0.2863315639098281,2.46875,1.2243461265099833,-0.6171215390175623,0.3827389445687799,3.463358750000002,1.0520462476296206,0.547383148498765,0.5028108036193162,261.493046875,56.079080103298615,-0.5513531481984463,0.37232863573370506,1.0,0.9997062087059021,0.004197761416435242,0.9999998807907104,0.2675251066684723
65,1.5079045770883215,0.984375,0.9510735623420231,0.7246015752558911,0.015291467465282146,0.4793946146965027,1.0450000000000002,0.984375,63,0.96875,55,0.873015873015873,0.8367614916442054,23.766507936507935,15.344377095223292,-0.8033975869511997,0.2625024021130953,2.4444444444444446,1.0043994933051665,-0.6247196213564256,0.3139821278226604,3.7178438095238127,1.2071403780500525,0.6690107267317374,0.5769358760950186,273.2603333333334,56.81111631217016,-0.47322601584804846,0.3771888802750698,0.984375,1.0001332759857178,0.011446886695921421,1.0230478048324585,0.2445036768913269
66,1.4829947339887948,0.984375,0.9529112482827807,0.6813607370858595,0.01866655720514921,0.4837089776992798,1.058,0.953125,63,0.9375,57,0.9047619047619048,0.8313085695138669,27.102539682539675,19.499305886568095,-0.7463267562863638,0.33358243237880086,2.5238095238095237,1.3316315670580536,-0.5999095565764638,0.4162771045660788,3.614854444444446,1.4086812701356701,0.6197883987813502,0.6732595292994731,273.2914126984128,75.23954668598309,-0.47301966906814114,0.49954167791648024,0.984375,0.9988442659378052,0.007505518849939108,1.023047924041748,0.23590505123138428
67,1.5092623535045315,1.0,0.9309503510594368,0.7247067245931614,0.01859203287729265,0.5151277184486389,1.0710000000000002,1.0,64,1.0,48,0.75,0.8483446105851743,30.76234375,23.670083751844558,-0.6837170228960993,0.4049335990974566,2.625,1.0532687216470449,-0.5682767239820126,0.32925898170611057,3.368150000000002,1.4418102063703646,0.501879456805599,0.6890930414561405,276.48176562500004,66.45456111103812,-0.4518377996352402,0.44121508468359405,1.0,0.9999666810035706,0.008159564808011055,0.9999999403953552,0.2589382231235504
68,1.5172295301759695,0.984375,0.9597279902488466,0.7406439342050486,0.012267245837123814,0.49249663949012756,1.084,1.0,63,0.984375,56,0.8888888888888888,0.8503224014115129,33.44873015873016,18.521887823497728,-0.6377599351029974,0.3168613502630223,2.8095238095238093,0.973573728583851,-0.5105933233686016,0.3043457836553514,3.3246952380952406,1.3879463846545879,0.4811108605545799,0.6633495805161493,283.60649206349206,55.352845479653396,-0.4045342477593321,0.36750690994672125,0.984375,1.0014172792434692,0.03329119086265564,1.0230478048324585,0.2660521864891052
69,1.5481430078497742,1.0,0.9447095161303878,0.7306941629568354,0.023708694600163872,0.5258824229240417,1.097,1.0,64,1.0,52,0.8125,0.8653586089128251,39.885781249999994,22.034468155361694,-0.5276387250012807,0.3769524682671896,2.625,1.1388041973930374,-0.5682767239820126,0.3559979544535714,3.0629445312500017,1.3122479801445814,0.35601076770855405,0.6271705858282881,274.93068750000003,59.17318587836976,-0.4621359500530762,0.39287148664934,1.0,1.0005383491516113,0.01244813296943903,0.9999999403953552,0.26259204745292664
70,1.487752306827369,0.984375,0.91113771190719,0.7191524944878325,0.024688959619393918,0.4988122284412384,1.1099999999999999,1.0,63,0.984375,55,0.873015873015873,0.856326586490429,44.66730158730161,27.40554504234089,-0.4458393423019971,0.46883763089168434,2.9682539682539684,1.3089224208310033,-0.460973193808678,0.40917807066479545,3.2843906349206367,1.4478912050199781,0.4618478386508937,0.6919993697898132,298.39225396825395,69.55463828085048,-0.30636640070936655,0.46179758177839836,0.984375,0.998440682888031,0.00995222944766283,1.0230478048324585,0.2576264441013336
71,1.562482237147195,1.0,0.9474509102292359,0.7174860711172771,0.023920469298015837,0.5042998194694519,1.123,0.984375,64,0.984375,53,0.828125,0.8528822664926191,50.8984375,27.53583927236636,-0.33924080559856246,0.47106662644822667,3.046875,1.2302145074640438,-0.43639572338602844,0.38457344045523895,2.8112560937500013,1.4917784800779932,0.23571979589414907,0.7129746796588442,293.1264687500001,80.18353523479139,-0.3413277913521466,0.5323665478692343,1.0,1.0008589029312134,0.0069578662514686584,0.9999999403953552,0.2496708780527115
72,1.5506344840071102,1.0,0.928789809346199,0.7500453053286176,0.019273153979859292,0.4879453778266907,1.136,1.0,64,1.0,51,0.796875,0.8383546548687798,53.8625,24.176958103222994,-0.28853340174405473,0.41360490155441826,3.0625,1.1162856937182344,-0.4315112418824735,0.3489585167135836,2.3197732812500007,1.2192859234148787,0.0008224532392963762,0.5827406697902033,276.63081250000005,60.07624461124254,-0.4508482252783338,0.3988672095709461,1.0,0.9988909959793091,0.012684989720582962,0.9999999403953552,0.28107693791389465
73,1.5526826479860865,1.0,0.942936422303319,0.7153255584345533,0.018009154704831686,0.4036295413970947,1.149,0.984375,64,0.984375,43,0.671875,0.8484496251562232,54.65890625,25.222743092618035,-0.27490896118283026,0.43149556404963774,3.234375,1.0860218042815715,-0.37778194534336884,0.33949781859012673,2.1761710937500007,1.2739363063700904,-0.06781020569661271,0.6088600566838177,280.50492187500004,71.38615564119051,-0.4251266575275807,0.4739576664096348,1.0,0.9995102286338806,0.0052125100046396255,0.9999999403953552,0.2837913930416107
74,1.6085575949925772,1.0,0.9484391296282411,0.7013997372819729,0.039630236660808935,0.5852611064910889,1.162,0.984375,64,0.984375,48,0.75,0.8670928747938309,55.10421875,25.89587683183654,-0.26729082196378195,0.44301113241658263,3.546875,1.4353754680831772,-0.28009231527226947,0.44870815516856544,2.4293056250000014,1.424662269126086,0.053171906419071574,0.6808974244615111,298.19664062500004,79.838431658367,-0.3076651461433301,0.5300752844683327,1.0,1.001060128211975,0.009367681108415127,0.9999999403953552,0.2852698266506195
75,1.6185521592825016,1.0,0.9507418205030262,0.6923490294405614,0.046697565316825076,0.5416461229324341,1.175,1.0,64,1.0,54,0.84375,0.8629309812042834,56.257656250000004,34.89217779201143,-0.2475585048707942,0.5969144546253028,3.875,1.7897276329095442,-0.1775182036976151,0.5594810572382647,2.5003684375000015,1.3609054827820748,0.08713538467972806,0.6504257593136654,313.5621718750001,85.6150213848954,-0.20564800754016643,0.568428084979858,1.0,1.00038480758667,0.007910823449492455,0.9999998807907104,0.253268301486969
76,1.5867401102385479,0.984375,0.9395172435139852,0.6687987055362201,0.03441425136078505,0.5407068729400635,1.1880000000000002,1.0,63,0.984375,46,0.7301587301587301,0.8710568093983732,64.13206349206351,36.20328842201212,-0.1128478676496914,0.6193441490778938,4.015873015873016,1.8981366258891108,-0.13348033871318302,0.5933704473840383,2.6895401587301606,1.56137230905105,0.17754736551051023,0.7462360777691746,335.7842380952382,103.71533332885141,-0.05810793406312972,0.6886023895517909,0.984375,0.9982343912124634,0.013598673045635223,1.0230478048324585,0.30537915229797363
77,1.6334403400207513,1.0,0.9359110738150775,0.6825532965330622,0.034675668955606656,0.587898313999176,1.201,1.0,64,1.0,48,0.75,0.8710269672162252,50.589375000000004,29.499621654088635,-0.34452806151971244,0.5046618378556644,3.59375,1.8933993074626387,-0.26543887076160455,0.591889529353283,2.430529218750001,1.273330487756794,0.053756705954384,0.6085705141428073,296.07275000000004,88.90777693539391,-0.32176639918452155,0.5902898412651502,1.0,1.0006097555160522,0.008751902729272842,0.9999999403953552,0.24149641394615173
78,1.6651789425791204,1.0,0.9411788117140532,0.6667461680523976,0.04044152750105664,0.6994651556015015,1.214,1.0,64,1.0,51,0.796875,0.8847708977494777,52.55578125000001,30.695125111972562,-0.31088796254717777,0.5251137941313438,3.796875,1.778163444224124,-0.20194061121538995,0.5558660130310612,2.5005301562500017,1.5888748437096665,0.08721267589656492,0.7593805299112969,301.58504687500005,87.5745066818874,-0.2851683313944047,0.5814377935204652,1.0,0.9996251463890076,0.017216643318533897,0.9999998807907104,0.2534131407737732
79,1.6982739828738302,1.0,0.9512011203914881,0.6901933887422853,0.030293407483086433,0.5442625880241394,1.227,1.0,64,1.0,54,0.84375,0.8726707782020812,43.828593749999996,24.767850120366944,-0.4601874530526961,0.4237135278562331,3.4375,1.3792547806696194,-0.3142836857971542,0.43116444575171337,3.011560781250002,1.1530634888340738,0.3314526223906214,0.5510905825205373,315.68528125000006,90.73004900243035,-0.19155194149109664,0.6023885431590745,1.0,0.9966661334037781,0.02759343385696411,0.9999999403953552,0.3001748323440552
80,1.6809829742318385,1.0,0.9470226159319282,0.658035885700284,0.027026848610077193,0.6413962841033936,1.24,1.0,64,1.0,54,0.84375,0.8921943341570867,44.10625,25.243257175184425,-0.4554374764238367,0.43184650667294566,3.21875,1.316585902058806,-0.3826664268469238,0.4115737271326382,2.6321004687500014,1.3430526007946775,0.15009486829982097,0.6418932238293847,286.61409375000005,85.2894464922828,-0.38456572775677156,0.5662664793441681,1.0,1.0006376504898071,0.013347763568162918,1.0,0.3157511055469513
81,1.6984312981620922,1.0,0.9439473589882255,0.6679764307786297,0.022000533494493574,0.5194140076637268,1.2530000000000001,1.0,64,1.0,51,0.796875,0.8956825883561027,39.183437500000004,24.60856984992411,-0.5396540007169375,0.42098865650166484,2.84375,1.4276154725625525,-0.499893982932243,0.44628232767492315,2.595182031250001,1.2073230360765876,0.1324502169647973,0.5770231749464869,273.5343125,79.66260048614313,-0.4714069722910477,0.5289078797899218,1.0,1.0007630586624146,0.001226993859745562,0.9999999403953552,0.305874764919281
82,1.6668856079892658,0.984375,0.9386192304747445,0.6752643989565696,0.028696067787274605,0.45524415373802185,1.266,1.0,63,0.984375,55,0.873015873015873,0.8963291233752813,34.51587301587303,19.738327765238928,-0.6195038950135604,0.33767147535000175,2.634920634920635,1.2510514600151132,-0.5651754658845174,0.3910872138521126,2.7111915873015886,1.2572424188514277,0.18789536325683992,0.6008814464110264,257.95268253968254,83.0362702525516,-0.5748588658482527,0.5513068538677621,0.984375,0.9996760487556458,0.006270903162658215,1.0230478048324585,0.3506580889225006
83,1.746582938417272,1.0,0.9594022845849395,0.6987572419099815,0.023660711225319424,0.5483447313308716,1.279,1.0,64,1.0,53,0.828125,0.8797098676805927,31.465625000000003,20.806407131803777,-0.6716857089926127,0.3559435366810535,2.578125,1.3323462329195817,-0.5829301684926775,0.4165005139857176,2.820241250000002,1.6259875825791439,0.2400141257725998,0.7771180448708536,268.4996875,74.74394832419445,-0.5048336093583441,0.4962512269751181,1.0,0.9992720484733582,0.021377671509981155,0.9999999403953552,0.3155989944934845
84,1.740882412485841,1.0,0.9673096658661962,0.6639291504436495,0.016597313944144116,0.4412209987640381,1.292,1.0,64,1.0,52,0.8125,0.8919991995188602,32.229375,19.14277065524672,-0.6586199319741186,0.3274830414371546,2.390625,1.1404109388176702,-0.6415439465353372,0.35650023277482673,3.0785085937500023,1.4949258246846113,0.3634493939009281,0.7144789090351537,282.2856093750001,85.8320310862693,-0.413304050125287,0.5698688883222931,1.0,1.000396966934204,0.0345887765288353,0.9999999403953552,0.3075172007083893
85,1.772114340282313,1.0,0.9613243993371725,0.7161582382978637,0.020491575470414247,0.47263649106025696,1.305,1.0,64,1.0,58,0.90625,0.8767212499377931,30.415312500000002,18.69041866578552,-0.6896538254243472,0.319744474853623,2.53125,1.2743717815064801,-0.5975836130033424,0.39837730530693094,3.6256740625000026,1.3391510670298743,0.624959484046495,0.6400285402833443,297.964015625,63.946915647495366,-0.3092096249173761,0.42456594898762945,1.0,0.9988071918487549,0.03308964893221855,0.9999998807907104,0.3313010334968567
86,1.779926131157944,1.0,0.9685593154281378,0.6673310104348583,0.023886147312059756,0.49905461072921753,1.318,1.0,64,1.0,57,0.890625,0.8845597089472801,27.115312499999998,19.67071570005382,-0.7461082465844527,0.33651480868228517,2.3125,1.4017288432503627,-0.665966354053112,0.43818999090277755,4.227577187500003,1.542092782621711,0.9126306721374349,0.7370216975086323,315.06129687500004,95.8273708969481,-0.19569479209839896,0.6362314468476766,1.0,0.9997647404670715,0.00857044942677021,1.0,0.34693509340286255
87,1.7646501702808868,1.0,0.9579374836757779,0.6835536585921613,0.02326798890894414,0.5158150792121887,1.331,1.0,64,1.0,61,0.953125,0.8762870703688175,29.20546875,15.690307809449546,-0.7103511068184142,0.2684203773352605,2.484375,0.9998779222360098,-0.6122370575140074,0.3125686538863849,4.106864843750003,1.4648971127138868,0.8549378941778514,0.7001271057454482,322.15862500000003,88.49628511650583,-0.1485731472128534,0.5875578030922707,1.0,0.9987126588821411,0.0060585662722587585,0.9999999403953552,0.33831965923309326
88,1.7383691873519478,0.984375,0.9547662337621053,0.693875194422173,0.020773412163860763,0.5354241132736206,1.344,1.0,63,0.984375,59,0.9365079365079365,0.8667399158474116,25.475396825396825,19.07793646501541,-0.7741629405726668,0.3263738969883992,2.3333333333333335,1.3451854182690985,-0.659453712048372,0.42051413084078504,4.3735860317460356,1.3322217696116194,0.9824135590364538,0.6367167794066337,314.7829365079366,68.88549487693633,-0.19754292397788334,0.4573549045763002,0.984375,0.9994939565658569,0.0043196543119847775,1.0230478048324585,0.3445018529891968
89,1.7682232683676893,1.0,0.9534868877381086,0.7064786017269158,0.013155837627550494,0.49828314781188965,1.357,0.984375,64,0.984375,58,0.90625,0.8705761199703377,27.313593750000003,17.222720945671185,-0.7427161698584975,0.29463598236057403,2.234375,1.0419661027955756,-0.6903887615708868,0.32572570601191964,4.150415312500003,1.1249666728090908,0.875752232178223,0.5376621019033626,300.23089062500003,64.09039571820547,-0.2941590485781396,0.42551856338294525,1.0,0.9985920786857605,0.005622189026325941,0.9999998807907104,0.33568111062049866
90,1.7647379258511635,1.0,0.9485573899000883,0.6785057099101232,0.014511677230283763,0.5374264121055603,1.37,1.0,64,1.0,64,1.0,0.8688985177990767,22.96078125,15.325051009773132,-0.8171814759512165,0.2621717830320712,2.125,1.0383279828647594,-0.7245801320957717,0.32458840492329327,4.477234531250003,1.3341972982482424,1.0319509110748728,0.6376609557140835,302.20584375000004,73.92921136618187,-0.2810466437149575,0.49084190322194887,1.0,1.0015701055526733,0.01527300477027893,0.9999998807907104,0.29248321056365967
91,1.7721695216025664,1.0,0.9609453966841102,0.6812164832777287,0.013604965970831141,0.48479780554771423,1.383,1.0,64,1.0,61,0.953125,0.8696103468595741,25.506875,15.965574280600588,-0.7736244308373944,0.273129471060599,2.109375,0.9538931330998247,-0.7294646135993266,0.2981934953596283,4.544726093750004,1.293377827141999,1.0642075602997612,0.6181518598768143,311.26201562500006,69.40892525494571,-0.22091954974377145,0.4608301420122001,1.0,0.9958699345588684,0.029919447377324104,0.9999999403953552,0.3214258849620819
92,1.800242678656611,1.0,0.9690194949507713,0.7098351714599788,0.007574070927812997,0.38783618807792664,1.3960000000000001,1.0,64,1.0,55,0.859375,0.8564858291613561,19.8271875,14.234520042482773,-0.8707891187715725,0.24351563317887504,2.015625,0.9098795850962917,-0.7587715026206564,0.2844345602473668,4.017963437500003,1.322716315437928,0.8124487092963263,0.6321737804057732,275.571265625,74.76736030227413,-0.4578829277331172,0.49640666728979826,1.0,0.9986056685447693,0.01147070899605751,0.9999998807907104,0.3418063819408417
93,1.8085246664923904,1.0,0.9576600380241871,0.7129011441656035,0.011567256795802956,0.5386193990707397,1.409,1.0,64,1.0,55,0.859375,0.862982092149158,23.788125,16.788628021949116,-0.8030277751916161,0.28720978092468696,2.046875,1.06697129032369,-0.7490025396135465,0.33354249807425557,3.8658712500000028,1.1084251612782392,0.7397583734927448,0.5297563176047679,270.202796875,57.96100032138524,-0.4935260702736983,0.38482336257425204,1.0,0.9998525977134705,0.0,0.9999999403953552,0.26723191142082214
94,1.809523689091229,1.0,0.9509456511586905,0.7179206228545402,0.015891018534287683,0.46202558279037476,1.422,1.0,64,0.984375,54,0.84375,0.863244305242368,25.097968750000003,17.20239192849423,-0.7806197537623941,0.2942882057249744,2.140625,0.9661002066944194,-0.7196956505922166,0.30200950977148955,3.6598390625000023,1.1091527656007305,0.6412881684026809,0.5301040659237539,268.040609375,65.5265132903319,-0.5078815896686771,0.43505345046379773,1.0,0.9996832013130188,0.007957560010254383,0.9999999403953552,0.25729483366012573
95,1.848839771574326,1.0,0.9633096093311906,0.7478214787579334,0.010770565434673638,0.4337775707244873,1.4349999999999998,1.0,64,1.0,60,0.9375,0.8663487152921105,24.13234375,14.676879856404629,-0.7971390872268569,0.2510832596150721,2.078125,0.8892533296957622,-0.7392335766064365,0.2779866522159116,3.5683742187500025,1.0307188095659954,0.5975738243874134,0.49261765260901197,267.866359375,48.86776657866079,-0.5090384963914173,0.32445020189472906,1.0,0.9989887475967407,0.02751886285841465,0.9999999403953552,0.25619935989379883
96,1.8348833251578989,1.0,0.9535951763391495,0.7262606352795424,0.00700021276000959,0.42500367760658264,1.448,1.0,64,1.0,58,0.90625,0.8558031852140697,29.89265625,19.956951502091595,-0.6985951151393354,0.3414115591426916,2.40625,1.19528696868158,-0.6366594650317822,0.37365485375778973,3.9995176562500028,1.2137057944482772,0.8036328058941745,0.580073725122782,306.27728125,60.21711111715593,-0.2540149454942005,0.3998024715950502,1.0,1.0001426935195923,0.006767516024410725,0.9999998807907104,0.27053457498550415
97,1.8445092532444933,1.0,0.9601500760763884,0.6879984701692505,0.011601190288422051,0.4443487524986267,1.4609999999999999,1.0,64,1.0,61,0.953125,0.8594050836496382,31.005000000000003,21.318930994540978,-0.6795658052795441,0.3647114875906202,2.53125,1.1854422961494162,-0.5975836130033424,0.3705773420207075,3.8746990625000026,1.3029694175609514,0.7439775031244757,0.6227360264924997,308.29357812500007,71.9476263541328,-0.24062804500795743,0.47768546694004926,1.0,1.0004969835281372,0.002217294881120324,0.9999999403953552,0.2797338366508484
98,1.8625451750077782,1.0,0.9580254405736923,0.7056001650434937,0.016197399083582486,0.434691846370697,1.474,1.0,64,1.0,58,0.90625,0.8538799486046492,26.13546875,16.604694736136327,-0.7628708258976641,0.2840631605663121,2.25,1.0897247358851685,-0.6855042800673319,0.3406553802494355,4.100300000000003,1.251223139835329,0.8518003188393053,0.5980046161137722,311.859421875,68.12982766444998,-0.21695316060843706,0.452337765533087,1.0,1.0000110864639282,0.0015186028322204947,0.9999999403953552,0.2662780284881592
99,1.8665653631130446,1.0,0.9593350300565362,0.6865621154705952,0.029202112410561896,0.4309591054916382,1.4869999999999999,1.0,64,1.0,59,0.921875,0.8647817323844532,28.01015625,22.10533317240629,-0.7307997963011229,0.3781647844846907,2.296875,1.1683279652456326,-0.6708508355566669,0.36522728552501155,4.062166875000003,1.2699684431498637,0.8335751245867077,0.6069636719013912,309.699890625,76.80234825473224,-0.23129104423020322,0.5099176643795791,1.0,0.9991582036018372,0.03899512439966202,0.9999998807907104,0.29387181997299194
100,1.8713905223447507,1.0,0.9526563668623567,0.7081666780240187,0.014196233832770645,0.4290013015270233,1.5,1.0,64,1.0,55,0.859375,0.8587053956809896,26.297343750000003,18.857779830399863,-0.7601015654657574,0.3226075892999818,2.046875,1.0220947775891431,-0.7490025396135465,0.31951379430491517,3.6645117187500023,1.2409601796171736,0.6435213991654851,0.5930995776837311,280.38915625000004,66.150115567789,-0.4258952660201186,0.43919376419181083,1.0,0.9992626905441284,0.02697998285293579,0.9999998807907104,0.2926148772239685
101,1.885083595326427,1.0,0.9628258384764194,0.708413441573783,0.027219571737265472,0.41911500692367554,1.5,1.0,64,1.0,61,0.953125,0.8549292389536212,31.3615625,22.15362951490328,-0.6734659478416954,0.37899100935130214,1.984375,1.096759253152213,-0.7685404656277663,0.34285441829598373,3.5534314062500023,1.3494107626477527,0.5904321159516992,0.6449320184432998,278.82057812500005,71.82248878328538,-0.4363096050614722,0.4768546348196432,1.0,1.0007559061050415,0.008521516807377338,1.0,0.2938652038574219
102,1.8855876445208577,1.0,0.9691420057788491,0.6993556574027788,0.015723782746086004,0.4180991053581238,1.5,1.0,64,1.0,58,0.90625,0.8573933085474126,24.475156249999998,22.497339078224027,-0.7912744565438422,0.3848709864556856,2.046875,1.3855243535842305,-0.7490025396135465,0.43312435697965623,3.4767309375000024,1.0973434702110134,0.5537741986623606,0.52445997820569,268.081796875,75.61843467228657,-0.5076081314440407,0.5020572478362508,1.0,1.0007672309875488,0.0052956752479076385,0.9999999403953552,0.2741711139678955
103,1.8932013652945714,1.0,0.9638662533834577,0.7127671650763292,0.026254488526069854,0.45882564783096313,1.5,1.0,64,1.0,55,0.859375,0.8658163207357994,30.024375,24.56562383920618,-0.6963417497492801,0.42025396190281133,2.15625,1.2018052826893382,-0.7148111690886617,0.37569252314692625,3.271962031250002,1.2178588119230775,0.4559077611936735,0.5820586017939876,271.67084374999996,62.59430104081433,-0.48377919337851694,0.4155854673133338,1.0,1.0017880201339722,0.01737288199365139,0.9999998807907104,0.26580578088760376
104,1.8937519621949859,1.0,0.9632051847875118,0.7343545576270171,0.01931294999966581,0.4252069592475891,1.5,1.0,64,1.0,58,0.90625,0.8612624054838787,37.238749999999996,24.633355340117593,-0.572922548338087,0.4214126718053141,2.5,1.334634781503914,-0.6073525760104523,0.41721592987244766,3.0286770312500018,1.129983662138087,0.3396330949096194,0.5400599018498438,271.349125,68.98226844643214,-0.4859151967340782,0.45799741816673506,1.0,1.0012710094451904,0.016170212998986244,0.9999999403953552,0.3201552927494049
105,1.8774233114227687,1.0,0.950722511857748,0.7254718062741752,0.02498526815744764,0.409443199634552,1.5,0.984375,64,0.984375,59,0.921875,0.8531518473142436,37.305156249999996,22.32867263969325,-0.5717865100334921,0.38198554216587,2.546875,1.2110131024786643,-0.5926991314997875,0.37857095037566424,3.065607812500002,1.1281041981385045,0.35728364576747407,0.5391616382933387,282.22175000000004,65.97007370202043,-0.4137280348612844,0.43799840324557054,1.0,0.9990620613098145,0.001258917385712266,0.9999998807907104,0.2906661033630371
106,1.868825556219217,1.0,0.951110920868814,0.7192242758770229,0.021366854670848028,0.4180317521095276,1.5,1.0,64,1.0,54,0.84375,0.846649786771921,32.17046875,25.245353497579977,-0.6596276647760769,0.4318823692994323,2.3125,1.2103072956898178,-0.665966354053112,0.37835031036253114,3.4061792187500024,1.301309916201395,0.5200549905179099,0.6219428910062167,287.6625156250001,64.62352239171324,-0.3776048880697958,0.429058177917541,1.0,0.9993062615394592,0.016299918293952942,0.9999998807907104,0.28321486711502075
107,1.8732546423278196,0.984375,0.9635786981809706,0.7401460988195935,0.03220731719009732,0.490049809217453,1.5,1.0,63,0.984375,58,0.9206349206349206,0.8564257070301511,41.89904761904761,26.169045977011443,-0.4931969712116775,0.4476843463467796,2.6825396825396823,1.343123542940075,-0.5502894270165404,0.4198695745587209,3.0037746031746053,1.1689746453424117,0.32773132737718064,0.5586950974441879,288.876253968254,57.51875885418584,-0.36954645450332163,0.3818871667264614,0.984375,1.0016095638275146,0.005291005130857229,1.0230478048324585,0.3066849410533905
108,1.8459307623264474,0.984375,0.9591316684844002,0.7112382895049788,0.025015626495430564,0.32097557187080383,1.5,1.0,63,0.984375,53,0.8412698412698413,0.8548174280186978,42.66222222222223,24.07316100506982,-0.480141037737036,0.4118292030409831,2.5714285714285716,1.353587657481133,-0.5850235177084867,0.4231407280900411,2.731349206349208,1.1255293459147326,0.19752941561454,0.5379310236518695,273.9448253968254,70.50400236315302,-0.468681433524282,0.46810074211781866,0.984375,1.0001676082611084,0.0043290043249726295,1.0230478048324585,0.3223179280757904
109,1.9097327018483679,1.0,0.9648247226141393,0.7706336941874863,0.014501176144083163,0.30965372920036316,1.5,1.0,64,1.0,57,0.890625,0.8392860587234676,38.635781249999994,26.619558822220334,-0.5490229754407147,0.45539144995328273,2.375,1.0968705484240153,-0.6464284280388921,0.3428892099565631,3.0216143750000017,1.2312386904770893,0.3362575970427236,0.5884533277893794,276.002640625,44.9450358261925,-0.4550188781634064,0.29840581980560027,1.0,0.9987202286720276,0.006864007096737623,0.9999998807907104,0.2814715802669525
110,1.9020823208525792,1.0,0.9660210004076362,0.7474740844041141,0.015465612852874242,0.35438522696495056,1.5,1.0,64,1.0,53,0.828125,0.8486443068019708,42.99187500000001,25.592975591153426,-0.474501535690592,0.43782927962523627,2.4375,1.0879309490955758,-0.6268905020246722,0.3400946302721499,3.1297750000000018,1.1084377618649266,0.3879514564132138,0.5297623398791048,298.0719375000001,70.00698258273849,-0.3084930938257356,0.46480085388082304,1.0,1.0005618333816528,0.020408162847161293,0.9999998807907104,0.28151842951774597
111,1.8792311693790387,1.0,0.9509080657735467,0.7325788111341223,0.029120439387105512,0.3794688880443573,1.5,1.0,64,1.0,55,0.859375,0.8601604876124286,41.64328125,26.8596452679647,-0.4975724688834364,0.45949870489961164,2.578125,1.2966867333226635,-0.5829301684926775,0.40535311134845853,3.0556218750000017,1.222800691557955,0.35251100647468603,0.5844205041116864,294.263703125,81.65147829411909,-0.33377729440081927,0.5421127354958408,1.0,0.9988985657691956,0.013183404691517353,0.9999998807907104,0.34547513723373413
112,1.869977538550733,1.0,0.9579701372422278,0.7016940888273422,0.030310210034776103,0.3969983458518982,1.5,1.0,64,1.0,55,0.859375,0.8570139598001747,41.83015625,26.90269738405586,-0.49437552344274105,0.46023521468556433,2.6875,1.2231491119238078,-0.5487387979677927,0.38236474965001765,3.4657928125000024,1.208980129942266,0.5485464746590383,0.5778151598047112,314.69807812500005,62.326210425797406,-0.19810632847544524,0.41380551991122955,1.0,0.9984460473060608,0.00037523452192544937,0.9999999403953552,0.3406844139099121
113,1.8726463655043868,1.0,0.9572585886344314,0.7289199436529787,0.02658781566355886,0.38821160793304443,1.5,1.0,64,1.0,58,0.90625,0.8459526172879585,44.01953125,28.797923016995053,-0.45692100879807246,0.4926575983447695,2.46875,1.2986621721987592,-0.6171215390175623,0.40597064700616686,3.3776131250000025,1.3015021420169133,0.5064022251693671,0.6220347626487371,313.12379687500004,73.19895281358622,-0.20855853255928467,0.4859934611626288,1.0,0.9993486404418945,0.0022865852806717157,0.9999999403953552,0.3328860402107239
114,1.8826983462338853,1.0,0.9653949625790119,0.7392725283141819,0.029604665747943758,0.3860050439834595,1.5,1.0,64,1.0,57,0.890625,0.8551917093520267,45.61125,28.718854297960775,-0.4296908388947583,0.49130493811296616,2.53125,1.310638560969423,-0.5975836130033424,0.4097145477696671,2.979276875000002,1.1759060953099583,0.3160229805073798,0.5620078871017545,300.24353125000005,73.42152058873155,-0.29407512304561645,0.4874711665016876,1.0,0.9992133378982544,0.003914590924978256,1.0,0.33508625626564026
115,1.8944078769539519,1.0,0.9694460555911064,0.7502551575782777,0.02502429508031393,0.35452619194984436,1.5,1.0,64,1.0,50,0.78125,0.8419333604310292,36.584375,19.03053860534102,-0.5841172034431306,0.325563042827143,1.984375,0.8748604799480887,-0.7685404656277663,0.27348734927985036,3.285289375000002,1.142820113642776,0.46227737891356624,0.5461949044804176,292.698890625,69.19336107155561,-0.34416663214014825,0.4593989359694682,1.0,0.9997094869613647,0.0030222893692553043,0.9999999403953552,0.3347958028316498
116,1.8504799520810535,0.984375,0.9628964539558168,0.7562159797344753,0.014549816009881473,0.3044753074645996,1.5,1.0,63,0.984375,52,0.8253968253968254,0.8512117562427463,34.05444444444445,18.653130617518745,-0.6273977383186315,0.3191065732835955,2.1904761904761907,1.051939144494025,-0.7041118286523032,0.32884334682537614,3.3741952380952407,1.00381563472433,0.5047686938819971,0.4797596561164367,288.91998412698405,64.9331438758584,-0.36925611467766134,0.43111386329207396,0.984375,0.9992420673370361,0.004271844867616892,1.023047685623169,0.376160204410553
117,1.8833614597437427,1.0,0.9711056379601359,0.7388816159317249,0.02459010512748208,0.33607161045074463,1.5,1.0,64,1.0,55,0.859375,0.8404099238700986,37.908125,20.138478240904277,-0.5614712822277701,0.34451700973807087,2.28125,0.8744417862270764,-0.6757353170602219,0.27335646276875025,3.4105998437500027,1.2330540278277216,0.5221677664664558,0.5893209429100722,310.35507812500003,62.44665177731333,-0.22694102515757525,0.4146051721882149,1.0,0.9998391270637512,0.0034065102227032185,0.9999999403953552,0.3095654547214508
118,1.847394853432032,0.984375,0.9679116426952301,0.7425775462858687,0.016720855860465213,0.28463494777679443,1.5,1.0,63,0.984375,54,0.8571428571428571,0.8412363092045274,39.026507936507926,25.624694882193086,-0.5423386575865901,0.438371914235919,2.365079365079365,1.2382987215772752,-0.6495296861363873,0.38710062089087777,3.5959838095238124,1.2582259839286067,0.6107694425038777,0.6013515275961289,312.78390476190486,57.199037002581434,-0.21081519523157286,0.3797644214780934,0.984375,0.9980776906013489,0.01161890011280775,1.0230478048324585,0.3226245045661926
119,1.8702317258013124,1.0,0.9675364997237921,0.7343743691143005,0.021410219461411438,0.32633185386657715,1.5,1.0,64,1.0,53,0.828125,0.8368967917896939,32.5709375,21.985444810057714,-0.6527766855415432,0.3761138062725023,1.984375,1.0230497834294283,-0.7685404656277663,0.3198123356401254,3.331665468750002,1.051061773530894,0.4844421848997112,0.502340287980067,279.01912500000003,64.3004892694984,-0.4349913828837589,0.42691344798492614,1.0,0.9974481463432312,0.011177987791597843,0.9999998807907104,0.3167719841003418
120,1.8549698124802205,0.984375,0.9680965921235463,0.7765023134742464,0.009327973737287443,0.24778389930725098,1.5,1.0,63,0.984375,49,0.7777777777777778,0.8335129084250238,38.33825396825397,26.283364437562444,-0.5541128937650515,0.44964003801899816,2.1746031746031744,1.1344487863622625,-0.7090738416082956,0.35463642327787864,3.0479784126984146,1.0533317684078294,0.3488579204711437,0.5034252003124433,270.8420952380952,51.19970492558647,-0.4892815447408332,0.3399327565608652,0.984375,0.9995472431182861,0.0080106807872653,1.0230478048324585,0.29463663697242737
121,1.8861810059903252,1.0,0.9663077434524894,0.7754527188091662,0.011791826337101564,0.27923473715782166,1.5,0.984375,64,0.984375,56,0.875,0.8359074125828756,35.787656250000005,18.80978283884043,-0.5977469900669647,0.32178648554970474,1.96875,0.8654614015078893,-0.7734249471313213,0.2705491332931869,3.3494142187500016,1.0633811757047154,0.49292495195567043,0.5082281741077779,293.8600781250001,66.12761308289282,-0.33645710201038,0.43904436232062144,1.0,0.9981498122215271,0.009908839128911495,0.9999999403953552,0.3375668525695801
122,1.8901793048547462,1.0,0.9687774125486612,0.7570126947840441,0.030052398789840437,0.3645702600479126,1.5,1.0,64,1.0,55,0.859375,0.8401352627917045,38.76109375,28.133146437809103,-0.5468792043341613,0.4812849992603035,2.359375,1.2914041231833666,-0.651312909542447,0.4037017314114417,3.422122187500002,1.0601504628832021,0.5276747096579445,0.5066841000580786,300.73903125000004,69.96212564598993,-0.2907853251625874,0.4645030329816211,1.0,0.9992055296897888,0.00040849673678167164,0.9999998211860657,0.32522547245025635
123,1.8895435283358002,1.0,0.9680213592946529,0.762056056786427,0.025389908255275158,0.3250100612640381,1.5,0.984375,64,0.984375,50,0.78125,0.835426514682644,35.07828125,23.834122568460508,-0.6098825521913436,0.40773987680649965,2.1875,1.1575161985907585,-0.7050422060815518,0.3618474535732365,3.483759218750002,1.1885481787330734,0.5571332674783344,0.568049994223681,298.739765625,58.528012019017005,-0.30405914922058525,0.38858795164089527,1.0,0.9994959831237793,0.0025423727929592133,0.9999998211860657,0.2633185088634491
124,1.8721248762881764,1.0,0.9662244776263833,0.7351562940856737,0.01639474651616556,0.3255215585231781,1.5,1.0,64,1.0,52,0.8125,0.8627146639639617,37.709843750000005,25.507387930520952,-0.5648633589537252,0.43636509724964423,2.28125,0.9264979425233496,-0.6757353170602219,0.2896295720535703,3.403227343750002,1.0669051167413552,0.5186441831087507,0.5099123924855652,302.03487500000006,70.44862147970416,-0.2821817650707881,0.46773304905398344,1.0,1.0000814199447632,0.0004037141625303775,0.9999999403953552,0.31462663412094116
125,1.872668109926876,1.0,0.9635455636307597,0.7427833055631795,0.026689764430992073,0.2984665632247925,1.5,1.0,64,1.0,50,0.78125,0.8454188257951225,33.98046875,22.407984865171912,-0.6286632701397765,0.38334236815990563,2.09375,1.1280341029862528,-0.7343490951028816,0.35263114953059665,3.214374687500002,1.2125609571983507,0.42838469492688214,0.5795265661562006,281.88776562500004,74.80494647743524,-0.4159454739931508,0.49665621505867047,1.0,0.9992901086807251,0.0008908685995265841,0.9999999403953552,0.3171152174472809
126,1.8695981777730948,1.0,0.9632069813087583,0.7558185662942177,0.013828622123840312,0.2880125641822815,1.5,1.0,64,1.0,47,0.734375,0.8472396072774918,27.53546875,22.391043963609054,-0.738920465405498,0.3830525533745537,1.8125,0.982264602843857,-0.822269762166871,0.30706261018800557,3.624108125000002,0.9997576675122889,0.6242110660995018,0.47782020739016207,285.6786875,47.60748576047256,-0.39077621716347644,0.316082756551242,1.0,0.9992895126342773,0.0008760403143242002,0.9999999403953552,0.2607283890247345
127,1.8770649544728488,1.0,0.9600064707919955,0.7697352913574381,0.0173203778616141,0.3483453392982483,1.5,1.0,64,1.0,57,0.890625,0.8479752132412217,32.20453125,19.481958395019568,-0.6590449439516023,0.3332856618957851,2.15625,0.9877175393299442,-0.7148111690886617,0.30876723530201217,3.345384843750002,1.1195723227392362,0.4909991684776169,0.5350839476637189,285.5044375,54.01691981392124,-0.391933123886217,0.3586372319911009,1.0,0.9997278451919556,0.0012931034434586763,0.9999998807907104,0.3296009302139282
128,1.8654642820318064,1.0,0.9624454872682691,0.7441290808586537,0.011000353390118945,0.2709132432937622,1.5,1.0,64,1.0,52,0.8125,0.8437776657626934,25.514843750000004,21.868866210907825,-0.773488106240843,0.37411944950442255,1.921875,1.1082741016440834,-0.7880783916419862,0.3464540384223696,3.6982320312500025,1.036970083252135,0.6596375513447463,0.4956053615171081,285.05067187500003,54.582924834333156,-0.3949458326501246,0.3623951373754298,1.0,0.9989621639251709,0.00044883304508402944,0.9999998807907104,0.33532994985580444
129,1.8670169159814902,1.0,0.9672478679567575,0.7488099934273771,0.01161544923353549,0.2570641338825226,1.5,1.0,64,1.0,58,0.90625,0.8533533754423187,25.98953125,20.02194432286169,-0.765367437136468,0.34252341734758196,1.75,0.9185586535436918,-0.8418076881810909,0.2871476962025293,3.6131782812500024,1.1424240613432965,0.6189873000039018,0.5460056168179929,279.45751562500004,50.483804571674355,-0.4320807541247985,0.33517964360675856,1.0,0.9997579455375671,0.00273348530754447,0.9999998807907104,0.336609423160553
130,1.8449680622184041,1.0,0.9557845359668136,0.7366808384040088,0.01668657822476519,0.3155321478843689,1.5,1.0,64,1.0,51,0.796875,0.8396179078476957,25.488125,19.768065382944663,-0.773945194593986,0.338180208681595,1.828125,0.9109522404467756,-0.8173852806633161,0.284769879621391,3.508461875000002,1.026464999916089,0.5689395568582732,0.4905846037261021,274.954046875,50.781679123242185,-0.4619808589886487,0.33715733698547923,1.0,0.9998157024383545,0.0,0.9999999403953552,0.398732453584671
131,1.8833777040822688,1.0,0.976371637545526,0.7608179858240343,0.0064403928776491344,0.2607351839542389,1.5,1.0,64,1.0,53,0.828125,0.8360679876398741,22.7715625,16.85959585988329,-0.8204185168614857,0.2884238561403106,1.6875,0.8454843286542927,-0.8613456141953107,0.26430416415087893,3.6628023437500024,0.901276795306842,0.6427044272696457,0.43075265061086654,277.32709375,50.58218511884856,-0.4462253704201244,0.33583282648430635,1.0,0.9989339709281921,0.0,0.9999998211860657,0.30700215697288513
132,1.8854198614969242,1.0,0.9688459057360888,0.7578459299673042,0.02232537347821446,0.2866426408290863,1.5,1.0,64,1.0,57,0.890625,0.8417764857515896,27.042500000000004,19.501567805563738,-0.7473538791725497,0.3336211279326221,1.734375,0.8881544681951445,-0.8466921696846458,0.27764314062072853,3.461034531250002,1.044471807128983,0.5462723206239376,0.49919070562108336,275.72879687500006,55.465566473764774,-0.456837022641773,0.3682553040694267,1.0,0.9993579983711243,0.00313199101947248,0.9999998211860657,0.3171224892139435
133,1.8825352907739532,1.0,0.9703004779294133,0.7380035683466022,0.033864090575283556,0.3720930516719818,1.5,1.0,64,1.0,55,0.859375,0.8492897806062696,20.605312500000004,16.802257843883474,-0.8574774228730248,0.2874429517452384,1.6875,0.8076779989575054,-0.8613456141953107,0.2524856477911184,3.147920156250002,1.26747762090265,0.3966236802973036,0.6057732182130517,245.909765625,55.75066878038949,-0.6548160052456653,0.3701481980447661,1.0,0.9992938041687012,0.011150532402098179,0.9999998807907104,0.298764169216156
134,1.8700070264379716,1.0,0.9638267606496811,0.7336803499568699,0.021646358251214498,0.3195939064025879,1.5,0.984375,64,0.984375,49,0.765625,0.8453679764351721,24.26078125,17.51114513894361,-0.7949418554942052,0.29957017050595747,1.84375,0.8699631816921909,-0.812500799159761,0.27195642046395757,3.449352031250002,0.9450830013684323,0.5406888329906537,0.4516892146858482,273.05078125,50.18689924156902,-0.4746173054547781,0.33320838522847285,1.0,0.9986584782600403,0.024239543825387955,0.9999998807907104,0.31736141443252563
135,1.8388756451033923,0.984375,0.9673714297158378,0.7235797550434496,0.020326393521007055,0.27711865305900574,1.5,1.0,63,0.984375,54,0.8571428571428571,0.8406909429233428,19.387142857142855,14.54278247088448,-0.8783171386494832,0.2487892019548832,1.6349206349206349,0.9644734940294167,-0.8777822821120355,0.30150098830436606,3.4630504761904786,1.2216967267014798,0.5472358133390698,0.5838928795344376,266.4929365079366,61.190303264870046,-0.5181571313875203,0.4062638347985425,0.984375,0.9991366863250732,0.0018700327491387725,1.0230478048324585,0.2961122989654541
136,1.8942447907548527,1.0,0.9753618566319346,0.754263804659925,0.014848856979463367,0.22489026188850403,1.5,0.984375,64,0.984375,59,0.921875,0.8467647270609586,24.96515625,19.579041568105065,-0.7828918303715842,0.3349465026051573,1.859375,0.9331932326024445,-0.8076163176562061,0.29172256536891583,3.542026562500002,1.0224371046872818,0.584981330243361,0.48865952748401276,282.88446875,53.24318507270698,-0.4093280131846072,0.35350013630255855,1.0,1.000524640083313,0.0,0.9999998807907104,0.31352317333221436
137,1.895724558979829,1.0,0.9751960709691048,0.7428166625985825,0.01842408093403981,0.256763756275177,1.5,0.984375,64,0.984375,50,0.78125,0.8412165216165182,24.238125,21.04310337401247,-0.79532944503342,0.35999279405822443,1.953125,1.06697129032369,-0.7783094286348763,0.33354249807425557,3.531917031250002,1.0409084650599096,0.5801496210447588,0.49748765607040235,280.536125,55.514721764112984,-0.4249194890622551,0.3685816632422364,1.0,0.999779462814331,0.00746965454891324,0.9999999403953552,0.33544179797172546
138,1.8739300513395518,1.0,0.955680850893259,0.7561692695109994,0.015349264208004438,0.2385990470647812,1.5,0.96875,64,0.96875,48,0.75,0.837070396826255,28.02640625,22.129299325723373,-0.7305218010454103,0.3785747830643726,1.875,1.0077822185373186,-0.8027318361526511,0.315039590787656,3.347670781250002,0.8751104130020991,0.49209170036391775,0.41824679381597596,281.654375,56.98347738229152,-0.4174950360194756,0.3783332457313804,1.0,1.000157356262207,0.008826125413179398,0.9999999403953552,0.37960246205329895
139,1.9056818389578662,1.0,0.9706140430644155,0.7616742168053395,0.037495311085058936,0.30834081768989563,1.5,0.984375,64,0.984375,56,0.875,0.844309805963434,27.0278125,19.83314251675321,-0.7476051441152132,0.339293509263389,1.90625,0.9636964965693297,-0.7929628731455411,0.3012580936021514,3.4895234375000026,1.0742991466274359,0.5598881952854108,0.513446265751481,285.711046875,47.914649811353954,-0.3905613719498112,0.31812212616644336,1.0,1.0001654624938965,0.005130397621542215,0.9999998807907104,0.3358188271522522
140,1.8936225021129982,1.0,0.9621965773403645,0.7648784070485356,0.03206487501012362,0.2470681518316269,1.5,1.0,64,1.0,54,0.84375,0.8510064851553523,34.137656250000006,24.953594351702844,-0.6259742006470176,0.4268911287846867,2.140625,0.9661002066944194,-0.7196956505922166,0.30200950977148955,3.186691406250002,1.2947397824971778,0.4151538574770131,0.6188027874079699,282.708546875,61.11747104217874,-0.41049602007048697,0.4057802761869862,1.0,1.0009686946868896,0.0076530613005161285,0.9999999403953552,0.33702707290649414
141,1.8941310616991212,1.0,0.9652465712279081,0.7590893109028618,0.02802457576499479,0.24910882115364075,1.5,1.0,64,1.0,56,0.875,0.8434121253057634,35.54546875,19.657822944193832,-0.6018901885896052,0.3362942471461536,2.4375,0.899218410621135,-0.6268905020246722,0.281101804437442,2.9467718750000014,1.1125924520038155,0.300487669955709,0.5317480159767392,288.57618750000006,43.94270746589923,-0.3715387007839065,0.2917510110915885,1.0,1.0003482103347778,0.001716738217510283,0.9999999403953552,0.31823790073394775
142,1.904834881592199,1.0,0.9695836314931512,0.7985084425569635,0.018452488853596162,0.3272075653076172,1.5,1.0,64,1.0,61,0.953125,0.8446003113158762,31.13640625,16.646733009736803,-0.6773177859520986,0.2847823261428833,2.1875,0.7261843774138906,-0.7050422060815518,0.2270101862175187,3.215039218750002,0.882161707661047,0.4287022983522025,0.421616861569186,279.665125,42.493907723085755,-0.430702362838478,0.2821319226418592,1.0,0.9980404376983643,0.01068090833723545,0.9999998807907104,0.3303965628147125
143,1.8976821310265652,1.0,0.9593743430450559,0.77363786999494,0.04933523242573456,0.2798013985157013,1.5,1.0,64,1.0,59,0.921875,0.8388049827730515,32.71609375,22.85272177561594,-0.650293439459264,0.39095066053798183,2.421875,1.1153010734214326,-0.6317749835282273,0.34865071769740735,3.495200625000002,1.0787894574806929,0.5626015277226529,0.5155923470798578,300.24912500000005,51.43888243874355,-0.29403798418202776,0.34152073976258535,1.0,1.000240445137024,0.011250000447034836,0.9999998807907104,0.36266785860061646
144,1.893297982359369,1.0,0.9609488835558295,0.7747915691131608,0.04271861272326588,0.2844570279121399,1.5,1.0,64,1.0,54,0.84375,0.839155991416175,34.223125,22.409619159177492,-0.6245120525232213,0.38337032668175125,2.453125,0.9671105078402364,-0.6220060205211173,0.3023253367961144,3.216618750000002,1.1623711565944916,0.42945721324206004,0.5555390522688795,291.00465625000004,55.041093187902256,-0.3554152469942955,0.36543707739489,1.0,0.9999253749847412,0.0046908315271139145,1.0,0.3580438792705536
145,1.8816113085306925,1.0,0.9705110834911466,0.740171716288589,0.04586688436961818,0.23985575139522552,1.5,1.0,64,1.0,60,0.9375,0.8434403528777675,39.493125,25.55269664554751,-0.5343560526705678,0.43714021157701766,2.59375,1.114096466873493,-0.5780456869891225,0.34827414947964913,3.165576562500002,1.068288984970856,0.40506231294828676,0.5105737929688103,300.28564062500004,47.88305125197201,-0.2937955441702771,0.3179123322738874,1.0,0.9994703531265259,0.005267423111945391,0.9999999403953552,0.34274306893348694
146,1.9030589976324899,1.0,0.9732078481465578,0.7871549933287711,0.03685340533233555,0.2918911874294281,1.5,1.0,64,1.0,53,0.828125,0.8252044614150511,33.9353125,19.68493641791468,-0.629435776186901,0.3367580881960173,2.375,0.9270248108869579,-0.6464284280388921,0.2897942746952889,3.3950318750000017,0.8472214788277688,0.5147272733364767,0.40491766742454943,295.91431250000005,47.74824803980872,-0.32281832118672615,0.31701732657862947,1.0,1.000396490097046,0.003668976714834571,0.9999998807907104,0.3257046043872833
147,1.8966277032440593,1.0,0.9711486967280507,0.785232531543683,0.024027402515755244,0.2537056803703308,1.5,1.0,64,1.0,58,0.90625,0.8431004917925381,34.066250000000004,21.470624881742495,-0.6271957759533703,0.36730657564985897,2.453125,1.0596238645741234,-0.6220060205211173,0.33124564270321544,3.3467529687500024,1.0746728883619665,0.49165304470430543,0.5136248903911381,296.3276875,62.2773329174315,-0.3200737799154909,0.4134810050302005,1.0,0.9995980262756348,0.004979253280907869,0.9999999403953552,0.3403269350528717
148,1.8441133780956052,1.0,0.9532020054757595,0.7467169708626845,0.02497421703665884,0.270702987909317,1.5,0.984375,64,0.984375,49,0.765625,0.8375734498742143,42.9525,21.941418667100812,-0.4751751395794343,0.3753606334190041,2.734375,1.2150384188884729,-0.5340853534571278,0.3798292917228429,3.1553651562500016,1.187833325459365,0.40018191401695236,0.567708340090288,310.16990625000005,69.7858413367996,-0.22817044603017153,0.46333261976833034,1.0,0.9996706247329712,0.0019267823081463575,0.9999998807907104,0.3255881369113922
149,1.8493021226782682,0.984375,0.9629196117794703,0.7866299780802554,0.02704128248348852,0.2106439769268036,1.5,1.0,63,0.984375,52,0.8253968253968254,0.8324085386324288,47.05571428571429,25.007819965171507,-0.4049798100655323,0.4278187880636034,2.7301587301587302,1.1156370406860685,-0.5354033881485633,0.3487557433543618,2.9907260317460325,1.2060888400910574,0.3214949449929771,0.5764333082208497,300.14434920634926,48.422519948837014,-0.29473362733872815,0.3214940537207228,0.984375,0.9997245669364929,0.003488372080028057,1.0230478048324585,0.45088595151901245
150,1.8783495591689383,1.0,0.9675759058445692,0.7808313052078506,0.021200221241933825,0.29185718297958374,1.5,0.984375,64,0.984375,50,0.78125,0.8356001206231937,36.6884375,19.970825613469106,-0.5823369645940477,0.3416489091205486,2.453125,0.9989007630265381,-0.6220060205211173,0.3122631872569645,3.395353437500002,0.8780884654183119,0.5148809596401,0.419670112355432,298.459,48.30012445183247,-0.30592325044914703,0.3206814271880531,1.0,0.9990718364715576,0.0031360250432044268,0.9999999403953552,0.3438434898853302
151,1.861045389310203,1.0,0.9566812766715884,0.7880113033531977,0.015100713183979857,0.251092791557312,1.5,1.0,64,1.0,53,0.828125,0.8357370810581535,37.6984375,20.413340936348312,-0.5650584902389851,0.34921919591073736,2.4375,0.7473912964438374,-0.6268905020246722,0.2336396136574651,3.274267656250002,1.0110842125098662,0.45700970244550226,0.4832335713038626,288.665546875,47.17816064429659,-0.37094541262506964,0.31323231687752473,1.0,0.998542308807373,0.005297473631799221,0.9999998211860657,0.34521400928497314
152,1.8779794461017687,1.0,0.9591986583545804,0.7771034582685873,0.034292946185316614,0.3633680045604706,1.5,1.0,64,1.0,54,0.84375,0.8514773118845875,37.196250000000006,20.407195460486477,-0.5736496128530276,0.3491140627948182,2.578125,0.8804240366863004,-0.5829301684926775,0.2752265550386839,3.173237031250002,1.1633652428215533,0.40872352694621383,0.5560141618905544,291.05084375,46.21004637123662,-0.35510859202008294,0.30680466746068735,1.0,1.0006849765777588,0.015704583376646042,0.9999999403953552,0.38867855072021484
153,1.8606175115299273,1.0,0.9615858430042863,0.7634972982275952,0.023653949360186943,0.2796802818775177,1.5,1.0,64,1.0,54,0.84375,0.8425175447020831,29.606562500000003,19.86457133777605,-0.7034894354586608,0.3398311746872038,2.34375,0.939061200082295,-0.656197391046002,0.2935569320005185,3.3599650000000025,0.9053953593354962,0.497967550426106,0.4327210607389109,280.4028125,56.79001115097044,-0.42580459739783827,0.3770487557248462,1.0,0.9996293783187866,0.0057420493103563786,0.9999998807907104,0.3310088813304901
154,1.8989401319434125,1.0,0.9799611931666732,0.7908832766273439,0.010873709474798758,0.27592164278030396,1.5,1.0,64,1.0,63,0.984375,0.831081406782463,27.141562500000006,15.48231624494842,-0.7456591773252246,0.2648621823715951,2.234375,0.8051045642492657,-0.6903887615708868,0.25168117456020617,3.454870468750002,0.9440687104933598,0.543326293083639,0.4512044485349798,287.000578125,36.44318344046179,-0.38199972275435246,0.24195904688854122,1.0,1.000410556793213,0.001784121268428862,0.9999997615814209,0.2868635058403015
155,1.8952767209289059,1.0,0.9731129007413983,0.7798505704371582,0.03195904057099733,0.3604106307029724,1.5,0.984375,64,0.984375,56,0.875,0.8448680282744407,32.28421875,21.657904071369614,-0.6576816979860883,0.37051043572432346,2.484375,1.2118192354369524,-0.6122370575140074,0.37882295303321073,3.257459375000002,1.0050601354643471,0.44897641928726295,0.48035444785549064,290.55412500000006,47.36198637340265,-0.358406481610821,0.31445280021649424,1.0,1.0013500452041626,0.0017961383564397693,0.9999999403953552,0.3304162323474884
156,1.8655367049856488,1.0,0.9623197568580508,0.7675735167814242,0.018060433720838782,0.27427321672439575,1.5,1.0,64,1.0,59,0.921875,0.8508797632407957,27.0146875,18.941093798335505,-0.7478296787448272,0.32403287470433273,2.140625,0.7879401051951855,-0.7196956505922166,0.24631544766304259,3.3631751562500023,1.2729382638211404,0.49950179974969106,0.6083830561933787,273.39107812500004,51.990867370597165,-0.47235795542657116,0.34518556087313224,1.0,0.9994692802429199,0.003621548181399703,0.9999999403953552,0.33630162477493286
157,1.8604099794245923,1.0,0.9626211551949382,0.7309968269310926,0.03225683354993085,0.343808650970459,1.5,1.0,64,1.0,58,0.90625,0.8739389562536808,29.3290625,19.77618681005248,-0.7082367390562152,0.3383191451865543,2.359375,1.0363274624244019,-0.651312909542447,0.3239630285976351,3.260267500000002,1.0568254715020962,0.45031852339256706,0.5050949668881938,278.348765625,58.57544949351177,-0.4394421333433831,0.38890290563316393,1.0,0.9998132586479187,0.013386880978941917,0.9999998807907104,0.34957355260849
158,1.8960960262155926,1.0,0.9760712720453739,0.772105107172522,0.027772268379774694,0.34504377841949463,1.5,1.0,64,1.0,56,0.875,0.8490852754188533,28.256562500000005,18.50984131978429,-0.7265844259332496,0.3166552659011601,2.34375,0.9877175393299442,-0.656197391046002,0.30876723530201217,3.254435468750002,0.9376474821910192,0.4475311855486723,0.44813551219287745,281.93492187500004,54.315729530077434,-0.4156323871487076,0.3606211342547521,1.0,0.9985300898551941,0.002695417730137706,0.9999999403953552,0.30311480164527893
159,1.8545227118725978,1.0,0.9681796347722411,0.7309022729143214,0.011015738131269964,0.3130090534687042,1.5,1.0,64,1.0,62,0.96875,0.8608201485739151,28.672031250000003,19.619547664549337,-0.7194768356934427,0.3356394566137078,2.28125,1.0226917607470982,-0.6757353170602219,0.31970041530926496,3.3136187500000025,1.2087841932928685,0.4758170078432615,0.5777215146209904,284.1040625,49.604245292387496,-0.4012307035238494,0.32933994178032766,1.0,1.0000442266464233,0.0,0.9999999403953552,0.3609863221645355
160,1.88291432079863,1.0,0.9737582597881556,0.764989826898169,0.019764742149948784,0.2855831980705261,1.5,1.0,64,1.0,54,0.84375,0.8613403679168286,26.650000000000002,17.400538874557878,-0.754068533810532,0.29767798485972163,2.234375,0.8969076649103853,-0.6903887615708868,0.2803794495776931,3.393125468750002,0.9281555386691838,0.5138161331078537,0.44359897041928475,282.648,53.635290048274214,-0.4108980119598897,0.3561034584388779,1.0,0.9986075162887573,0.044903457164764404,0.9999997019767761,0.3586414158344269
161,1.8932023246462029,1.0,0.9674973664805293,0.778351797689272,0.04224655777027288,0.34605926275253296,1.5,1.0,64,1.0,58,0.90625,0.8552163482505472,33.520468750000006,19.595672388126246,-0.6365326743014881,0.33523101270143413,2.640625,1.1091549077450813,-0.5633922424784576,0.3467293844133163,3.424844687500002,0.942610162800895,0.5289758904909524,0.45050735604592085,307.748171875,59.98201539199972,-0.24424918794769704,0.3982415888121479,1.0,0.999337375164032,0.004729995969682932,0.9999999403953552,0.3625459372997284
162,1.8863962888410146,1.0,0.9698376236483455,0.7597699622241445,0.042525051170223455,0.29642942547798157,1.5,1.0,64,1.0,61,0.953125,0.858478922212819,28.626562500000006,22.473653965445713,-0.720254687803177,0.38446579574901546,2.40625,1.19528696868158,-0.6366594650317822,0.37365485375778973,3.6801903125000024,1.0644020090363089,0.6510147639684304,0.5087160671343215,316.06085937500006,51.20276397290096,-0.1890583468986909,0.3399530666463936,1.0,1.0001723766326904,0.004722550045698881,0.9999998211860657,0.32706761360168457
163,1.8798125973448139,1.0,0.9738671397790313,0.7539961491850162,0.017768320712238647,0.26794958114624023,1.5,1.0,64,1.0,58,0.90625,0.8567926607237278,27.153750000000002,19.12345251092229,-0.7454506808834401,0.32715255820814765,2.28125,1.0072975913303874,-0.6757353170602219,0.31488809301944,3.5058356250000022,1.175544226152397,0.5676843773678465,0.5618349367943622,291.211625,58.28421038312505,-0.3540411090415142,0.386969267270287,1.0,0.9983214735984802,0.010873942635953426,0.9999997615814209,0.33236467838287354
164,1.8833738114613863,1.0,0.9674025876447558,0.7459429710495861,0.036405182331238684,0.2447945475578308,1.5,1.0,64,1.0,60,0.9375,0.862042466632276,32.4040625,22.24936155816822,-0.6556314829752077,0.38062873574190714,2.578125,1.260018446045533,-0.5829301684926775,0.39389035480623874,3.459026093750002,1.3183453495440536,0.5453124159850784,0.6300847383331044,314.404125,73.40898387427204,-0.20005798613101514,0.48738793086760274,1.0,0.9994513392448425,0.002664636354893446,0.9999999403953552,0.29086777567863464
165,1.8865891638491947,1.0,0.9672334222123027,0.7452801039478636,0.05287175641359396,0.3085123300552368,1.5,1.0,64,1.0,60,0.9375,0.856193625825105,28.715000000000003,21.59672342046358,-0.7187417520845871,0.36946379383550565,2.421875,1.1012022903967282,-0.6317749835282273,0.3442433420233719,3.6024895312500025,1.168368178733205,0.6138787612972668,0.5584052452025868,298.259546875,58.6823237765028,-0.30724748953772124,0.3896124813948877,1.0,1.0017282962799072,0.015631262212991714,0.9999999403953552,0.31470417976379395
166,1.8908473949063622,1.0,0.9645084273070097,0.761626299086317,0.041398435908646336,0.3269161581993103,1.5,1.0,64,1.0,59,0.921875,0.8536175917935089,29.4378125,21.85387290252791,-0.7063763092679844,0.3738629529753732,2.375,1.0231690964840563,-0.6464284280388921,0.31984963371426706,3.453249843750002,1.0964527787248368,0.5425517380101794,0.5240342846556675,295.67425000000003,57.7967488315736,-0.324412180125767,0.38373283945928394,1.0,0.9992638826370239,0.009696458466351032,0.9999997615814209,0.368588387966156
167,1.8974063121624358,1.0,0.9723942382261157,0.7583420043516111,0.028802810510217783,0.3798291087150574,1.5,1.0,64,1.0,54,0.84375,0.8628863500190673,33.311875,21.02121189678119,-0.6401011710935688,0.3596182877929421,2.40625,0.9137619698258403,-0.6366594650317822,0.28564822017704133,3.277746250000002,1.1296359302897396,0.4586722477212861,0.5398937082718471,294.1389375,71.23309364264863,-0.3346056570425949,0.4729414342425807,1.0,0.9993067383766174,0.016734693199396133,0.9999999403953552,0.3420428931713104
168,1.8953702049054322,1.0,0.9708084380254149,0.7634649756802945,0.0333340276708007,0.3145434558391571,1.5,1.0,64,1.0,60,0.9375,0.8544657838924038,31.577968750000004,21.84776956434051,-0.6697637994843685,0.3737585407255204,2.453125,0.9989007630265381,-0.6220060205211173,0.3122631872569645,3.395766406250002,1.1613004781942853,0.5150783322836745,0.5550273364882866,297.736671875,51.28067307538204,-0.31071903962468156,0.3404703324393521,1.0,1.0000170469284058,0.007858546450734138,0.9999998807907104,0.3392273783683777
169,1.905261098765107,1.0,0.9731586705893278,0.7734236454123915,0.02891652719113748,0.25194066762924194,1.5,1.0,64,1.0,63,0.984375,0.8570290964818217,30.036562500000002,17.752330676099795,-0.6961332533074955,0.30369622804909124,2.40625,1.0711960313126632,-0.6366594650317822,0.3348631809042043,3.7061940625000025,0.9333740400603063,0.6634428929257602,0.44609308024009425,312.36671875,59.08660716521048,-0.2135850391443759,0.3922966602774596,1.0,1.0007306337356567,0.019288955256342888,0.9999999403953552,0.3505725860595703
170,1.8850423000207162,1.0,0.9583511287346482,0.7554981627981623,0.05341653910992594,0.3578425943851471,1.5,1.0,64,1.0,61,0.953125,0.8610066462628774,32.0840625,18.403719878630344,-0.6611058510877027,0.3148398039214564,2.4375,1.184205957593526,-0.6268905020246722,0.37019085416097136,3.5009253125000024,1.2187888169023195,0.5653375621211691,0.5825030846786862,309.16793750000005,64.86952779278263,-0.23482286716561315,0.4306914938562934,1.0,0.9985863566398621,0.0028725313022732735,0.9999999403953552,0.414715051651001
171,1.8929428595600966,1.0,0.9567232020199299,0.7730198623472061,0.04001516688883549,0.2770838141441345,1.5,1.0,64,1.0,54,0.84375,0.8431995704311276,36.073437500000004,20.953343946935863,-0.5928580158102492,0.35845724360389936,2.453125,0.9989007630265381,-0.6220060205211173,0.3122631872569645,3.471119531250002,1.0769599259147693,0.551092305454382,0.5147179480323049,310.056640625,54.932093164358214,-0.2289224561479216,0.3647133880978056,1.0,0.9991442561149597,0.0022488755639642477,0.9999998807907104,0.4074954688549042
172,1.8409852570617171,0.984375,0.9384551095584083,0.7589423859276598,0.04670885190205649,0.29659128189086914,1.5,0.984375,63,0.96875,53,0.8412698412698413,0.8623342656852896,34.551746031746035,17.00340997916674,-0.6188902009692034,0.29088414185509776,2.3333333333333335,0.7766431633476233,-0.659453712048372,0.2427839466389687,3.1044125396825413,1.3311501945226467,0.37582982289879546,0.6362046350661745,283.97200000000004,67.72849743633863,-0.40210751267203787,0.4496731937170703,0.984375,1.0002866983413696,0.006218422204256058,1.0230478048324585,0.4025667905807495
173,1.8883013834946185,1.0,0.9610986039042473,0.7764368318142096,0.028598001067942837,0.27799955010414124,1.5,1.0,64,1.0,58,0.90625,0.8464455678355527,32.7128125,20.084364290782116,-0.6503495731166675,0.3435912607287274,2.28125,0.7997802432543579,-0.6757353170602219,0.25001675552541475,3.3689159375000015,1.120975875922013,0.5022455259311384,0.5357547562953209,292.01220312500004,46.66778956497317,-0.3487257907351076,0.3098437846952493,1.0,0.9987624287605286,0.0019723866134881973,1.0,0.32746899127960205
174,1.8930078367199452,1.0,0.9543370176106691,0.7668388887058812,0.07362401426320864,0.36912286281585693,1.5,1.0,64,1.0,57,0.890625,0.8669729514553397,29.376718750000002,18.591759435860247,-0.7074214645082118,0.318056671908916,2.21875,0.7997802432543579,-0.6952732430744418,0.25001675552541475,3.198754687500002,1.0483295185868469,0.4209193341880082,0.5010344449078594,278.48846875000004,56.84356515114772,-0.4385145954122475,0.377404319471387,1.0,0.9983649253845215,0.0078125,0.9999999403953552,0.3894733190536499
175,1.8702093548732721,1.0,0.9459374365396798,0.7698683341139516,0.04518976645942624,0.3604711890220642,1.5,1.0,64,1.0,56,0.875,0.8458048217162522,33.65734375,18.071441319989837,-0.6341910988783701,0.3091553815905582,2.328125,0.9023352948738069,-0.661081872549557,0.28207616370021943,3.154469218750002,1.1190764115727108,0.3997537132079266,0.5348469338511358,290.48260937500004,42.21358002823901,-0.35888129886960723,0.2802707289848234,1.0,0.9993299245834351,0.011712439358234406,0.9999998807907104,0.3675381541252136
176,1.860306907383315,0.984375,0.9691511837262956,0.7741165589466638,0.024018880786415012,0.30452319979667664,1.5,1.0,63,0.984375,51,0.8095238095238095,0.8414064773227543,25.836190476190477,19.230790904714805,-0.7679906991442434,0.3289888390838482,2.126984126984127,0.8065616518039682,-0.7239598804762726,0.2521366700616465,3.346050793650795,1.0690249131108935,0.4913174499272607,0.5109255195400824,281.0981587301588,42.68388742326675,-0.4211879504635321,0.2833932643481638,0.984375,0.9987486004829407,0.0029535864014178514,1.0230478048324585,0.32834896445274353
177,1.8925458004929554,1.0,0.9528187289834023,0.7904731808227411,0.04086733578637095,0.37161850929260254,1.5,1.0,64,1.0,56,0.875,0.846636349669764,27.9140625,18.13611320669602,-0.7324437105536544,0.3102617494479308,2.390625,0.8219106456148381,-0.6415439465353372,0.2569348701491584,3.158791250000002,0.9729946133835684,0.4018193676513284,0.46502917963440626,286.49048437500005,42.573976684337445,-0.3853864136502076,0.28266352849296345,1.0,0.9994269609451294,0.01942567527294159,0.9999998807907104,0.3695109486579895
178,1.8771111678648618,1.0,0.9452400240115821,0.784296491022547,0.050678536179091974,0.34876611828804016,1.5,1.0,64,1.0,60,0.9375,0.8503499628114118,32.738125,18.119159393012,-0.6499165420452689,0.30997171376975274,2.359375,0.8360470138544841,-0.651312909542447,0.2613539952175739,3.0658989062500015,0.9613153955439098,0.35742276995778,0.4594472606637953,287.162515625,49.57790504757143,-0.3809245630274441,0.3291650596781392,1.0,0.9994291663169861,0.013311147689819336,0.9999998807907104,0.4191139340400696
179,1.844360212577254,1.0,0.9395828526467085,0.7520592075250638,0.028449188709034113,0.33185434341430664,1.5,1.0,64,1.0,55,0.859375,0.8572732978431594,32.98046875,25.804543896720467,-0.6457706704913236,0.4414486633302701,2.4375,1.0135796712641785,-0.6268905020246722,0.31685191402682916,3.085179687500002,1.2846249992543666,0.3666377499423234,0.6139685680927905,285.959671875,54.22631499127488,-0.38891066357712073,0.36002747984412714,1.0,0.9987257122993469,0.016115702688694,0.9999997615814209,0.40485283732414246
180,1.8808851007241731,1.0,0.9556146301329136,0.7793725658995052,0.04010680419807211,0.42601287364959717,1.5,1.0,64,1.0,53,0.828125,0.8464825842338474,32.150000000000006,17.407101729610247,-0.6599778318770225,0.2977902582485517,2.34375,0.7545435292281023,-0.656197391046002,0.23587545037707225,2.8980221875000014,1.026048655071163,0.2771884380034127,0.49038561752513254,281.31967187500004,50.934171579001976,-0.4197172471840934,0.33816978775871126,1.0,0.9994621276855469,0.004221190232783556,0.9999999403953552,0.4166400134563446
181,1.888648494562605,1.0,0.9616705868393183,0.7603938877226424,0.03727627126416269,0.37004271149635315,1.5,1.0,64,1.0,61,0.953125,0.8616818992132065,26.70765625,19.272154924769985,-0.7530821852590132,0.3296964699350816,2.359375,0.8726251253402001,-0.651312909542447,0.2727885621927388,3.087590000000002,1.2623747066590427,0.3677897251219595,0.6033343516542767,285.3323125,54.4412740330335,-0.3930759219903872,0.3614546681398193,1.0,0.9990172386169434,0.002051702933385968,0.9999998211860657,0.4088781774044037
182,1.8758673723231718,1.0,0.9514539064839482,0.7755885277811805,0.03719186239180792,0.34584081172943115,1.5,1.0,64,1.0,59,0.921875,0.8412787561337673,24.367187500000004,15.616159646015527,-0.7931215211755483,0.26715189501806275,2.109375,0.7928821535228296,-0.7294646135993266,0.24786036565638994,3.268426250000002,0.9411330101988453,0.45421788395135615,0.44980137160029554,282.19217187500004,45.175374047135314,-0.41392441438299776,0.29993511585330634,1.0,0.9978500604629517,0.022011222317814827,1.0,0.3777838945388794
183,1.8640697518526907,1.0,0.9521692488342524,0.7604706565011955,0.022247194871257196,0.31663966178894043,1.5,1.0,64,1.0,59,0.921875,0.8338940445251912,29.20984375,19.70936178984713,-0.7102762619418761,0.33717594281240115,2.53125,0.8285670989726782,-0.5975836130033424,0.2590157228407197,3.2746203125000024,1.1474415565372622,0.4571782495724595,0.5484036585355677,297.91956250000004,41.18916650607107,-0.30950476476907923,0.27346928915318974,1.0,0.9995731115341187,0.01922273263335228,0.9999998211860657,0.3530504107475281
184,1.8532657255994383,1.0,0.9466176796704531,0.7628242102206204,0.0340231628536658,0.3152363896369934,1.5,1.0,64,1.0,58,0.90625,0.8362217797881317,32.1315625,20.74063886874254,-0.6602932495710042,0.35481841267443903,2.5,0.7905694150420949,-0.6073525760104523,0.24713738784316056,3.6247160937500023,1.0771450499245365,0.6245016362683055,0.5148064254660013,313.77498437500003,52.55019959836391,-0.204235070886318,0.3488991632521776,1.0,0.9998927116394043,0.0055932882241904736,0.9999998807907104,0.33678722381591797
185,1.8617117167465498,1.0,0.9525060942396522,0.7679024865007712,0.02889591982561874,0.2972225248813629,1.5,1.0,64,1.0,52,0.8125,0.8332635968403372,29.815,20.47037775970439,-0.6999236116978853,0.3501949476826703,2.515625,0.8476472493761777,-0.6024680945068974,0.2649803079114999,3.508791093750003,1.2531240569723614,0.5690969023596022,0.5989131328975529,312.07331250000004,51.03673974448307,-0.2155330659054605,0.3388507736995102,1.0,0.9976263046264648,0.03128712996840477,0.9999998807907104,0.3563503623008728
186,1.8374612050989896,0.984375,0.9602459735340543,0.7621207082999644,0.025870600827868295,0.22778862714767456,1.5,1.0,63,0.984375,51,0.8095238095238095,0.8311004542014786,27.238888888888887,15.951359210744208,-0.7439941758257321,0.2728862881695407,2.3015873015873014,0.7266998820482282,-0.6693777379603568,0.2271713364800095,3.5584930158730184,0.9814788291527404,0.5928512415442196,0.4690840920097783,297.8674761904763,41.07661290647615,-0.3098505840038039,0.272722006421253,0.984375,0.9988881349563599,0.011016949079930782,1.023047685623169,0.3140651285648346
187,1.877266423573181,1.0,0.9661645144224167,0.7703712362551931,0.025467593989710484,0.25861668586730957,1.5,1.0,64,1.0,58,0.90625,0.8388136252255571,26.14125,18.78383908942738,-0.7627719237393816,0.32134265544187546,2.15625,0.7335434121440939,-0.7148111690886617,0.22931067063503527,3.6642518750000024,0.9746031718840685,0.6433972104760172,0.4657979676930372,294.67917187500007,50.79941625819717,-0.3310188519906983,0.3372751000309402,1.0,1.0004559755325317,0.00788091029971838,0.9999998807907104,0.2942168116569519
188,1.8836507794206894,1.0,0.9710277477279305,0.7615537723802359,0.026831889578783644,0.2713032364845276,1.5,1.0,64,1.0,56,0.875,0.8254155340203915,26.772656250000004,17.92247813869042,-0.7519702042361626,0.30660700881042896,2.15625,0.955555303213791,-0.7148111690886617,0.2987131010669838,3.5427667187500025,0.9764566283731825,0.5853350775807096,0.4666838013233216,289.02220312500003,49.59588801225732,-0.3685774469818423,0.3292844548732033,1.0,0.9995059370994568,0.008204192854464054,0.9999999403953552,0.3208281993865967
189,1.8808138714532383,1.0,0.9694654066115618,0.7712467174068122,0.021402650475535245,0.2928328216075897,1.5,1.0,64,1.0,50,0.78125,0.8268603695645178,29.85078125,17.901346431962835,-0.6993114875290565,0.3062455002433287,2.21875,0.8190839013800723,-0.6952732430744418,0.2560512106336387,3.320628281250002,0.9924614623225861,0.4791671153587324,0.47433308807095753,278.91259375000004,57.688745726722665,-0.43569868112942267,0.3830157690542402,1.0,1.0004829168319702,0.006466512568295002,0.9999998807907104,0.33571961522102356
190,1.8737131507939144,1.0,0.9576744474470615,0.7777935429598342,0.033911040612713994,0.27483782172203064,1.5,1.0,64,1.0,51,0.796875,0.8312623340052558,31.720000000000002,21.999300130913255,-0.6673340140281879,0.37635083479337716,2.21875,0.909477013178453,-0.6952732430744418,0.2843087135218286,3.2774307812500014,0.9949951531513632,0.458521473840326,0.47554403019884467,283.96125,44.94093443065022,-0.4021788856836275,0.29837858920545407,1.0,0.998049795627594,0.012391004711389542,0.9999999403953552,0.36225730180740356
191,1.9064809763937434,1.0,0.9735635593533516,0.7987249371367625,0.027843192113455664,0.23186065256595612,1.5,0.984375,64,0.984375,46,0.71875,0.8226019782020564,31.703281250000003,19.19787911908236,-0.6676200283778153,0.3284258039907496,2.171875,0.7817186094593118,-0.7099266875851067,0.24437056568887802,3.2098923437500018,0.9351397502124061,0.42624242136418117,0.44693697673469845,273.81696875,40.189862690254685,-0.46953031854155236,0.2668345614482944,1.0,0.9993481040000916,0.022727273404598236,0.9999998211860657,0.3695819079875946
192,1.8852800675263002,1.0,0.967215090058744,0.7529730801563156,0.043603323686883355,0.3974596858024597,1.5,0.96875,64,0.96875,49,0.765625,0.8347725733489035,31.997656250000002,17.482370382597892,-0.6625840373993286,0.299077909229133,2.140625,0.8266496291507062,-0.7196956505922166,0.2584163087044607,3.0202601562500013,0.9642113025494153,0.335610367113908,0.4608313189520368,259.77476562500004,48.84421560486405,-0.562761418670088,0.32429383873884654,1.0,1.0010837316513062,0.004904364701360464,0.9999999403953552,0.35131481289863586
193,1.8825085569835538,1.0,0.9656905625015497,0.7702718342233057,0.03269181592082375,0.29959580302238464,1.5,1.0,64,1.0,51,0.796875,0.8259740627403462,33.74875,20.220511901593888,-0.6326273755649866,0.345920392413791,2.375,0.8385254915624212,-0.6464284280388921,0.262128784242943,3.1945875000000017,1.0153962160069596,0.41892768515125867,0.48529443312288223,271.687453125,49.77051816397238,-0.48366891792601735,0.3304438855562008,1.0,1.0012956857681274,0.00809138547629118,0.9999998211860657,0.2919321060180664
194,1.8846653980877677,1.0,0.9643945647403598,0.7759753600122794,0.042683472758451635,0.3462090492248535,1.5,1.0,64,1.0,50,0.78125,0.8197078106206088,44.380156250000006,20.339462066708794,-0.4507516525462957,0.3479553205102944,2.5625,0.8816709987291178,-0.5878146499962325,0.2756163638728456,2.7900612500000013,1.1039357982754545,0.22559001648327737,0.5276106892882799,275.28346875,52.50014899948167,-0.459793711890771,0.3485668598127283,1.0,1.0009642839431763,0.003189065959304571,0.9999998807907104,0.30683982372283936
195,1.8891796030165775,1.0,0.9641918279230595,0.7947398420371874,0.019230594694466183,0.3817584216594696,1.5,1.0,64,1.0,44,0.6875,0.8252375957305816,44.744531249999994,22.865941780960465,-0.4445181435432009,0.3911768204620602,2.6875,0.9164298936634487,-0.5487387979677927,0.2864822313538536,3.0740987500000014,0.9476835082609011,0.36134177070017115,0.4529320906177437,279.401640625,42.213114219830736,-0.4324517278013158,0.2802676363198074,1.0,1.0002480745315552,0.008800370618700981,0.9999998211860657,0.3069739043712616
196,1.8668823301954212,1.0,0.9504412221722305,0.7716728816365852,0.04445896779723492,0.40296560525894165,1.5,0.984375,64,0.984375,53,0.828125,0.8381320115205202,36.374531250000004,21.464238494651365,-0.5877070844856506,0.3671973211690911,2.546875,0.9989007630265381,-0.5926991314997875,0.3122631872569645,3.191752343750002,1.1091956164811831,0.41757266183772984,0.530124545903303,281.19882812500003,56.94647636365297,-0.42051957112542,0.37808758302141665,1.0,0.99847012758255,0.001354401814751327,0.9999999403953552,0.41169729828834534
197,1.877425696379902,1.0,0.956670980900526,0.7744861592435996,0.036039200646200024,0.2858984172344208,1.5,1.0,64,1.0,46,0.71875,0.8476754005253778,38.1940625,20.040947825541927,-0.5565796349397495,0.3428485178760145,2.484375,0.8658844376560881,-0.6122370575140074,0.2706813772766245,3.1533904687500014,0.9251884039775194,0.3992381397189981,0.4421808698537213,270.92082812499996,51.556660820449146,-0.48875880955483125,0.3423027116511861,1.0,0.9993488192558289,0.0009178522159345448,0.9999999403953552,0.30817943811416626
198,1.8822611202508452,1.0,0.9550152001902461,0.7678396698831133,0.04714451737784661,0.31320035457611084,1.5,1.0,64,1.0,55,0.859375,0.8585000936267013,37.88796875,20.76291316413772,-0.561816103266106,0.35519946796331303,2.5,0.9682458365518543,-0.6073525760104523,0.30268024829002493,3.0273682812500016,1.0359052887398712,0.33900759613452325,0.4950964578585408,275.265453125,54.603906393547575,-0.45991332392908857,0.3625344412888228,1.0,1.0003490447998047,0.0013901761267334223,0.9999998211860657,0.3252084255218506
199,1.871574065209047,1.0,0.9486153712496161,0.7967953202644724,0.021302398535889673,0.33083951473236084,1.5,0.984375,64,0.984375,48,0.75,0.8401810414027857,43.6640625,18.012086369188157,-0.4630021550167865,0.3081399726843475,2.703125,0.9130937708554363,-0.5438543164642378,0.2854393366242968,3.101318281250002,1.0926422705856138,0.37435096531760415,0.5222131055354553,285.921671875,61.712101227204315,-0.38916295887390207,0.4097282340555681,1.0,1.0006029605865479,0.00043159257620573044,0.9999998807907104,0.3791544437408447
