step,reward_mean,valid_frac,c_mean,qed_mean,d_var,d_loss,w_C,unique,n_valid,unique_smiles_frac,n_scaffolds,scaffold_frac,tanimoto_dist,tpsa_mean,tpsa_sd,tpsa_drift_sd,tpsa_spread_ratio,hba_mean,hba_sd,hba_drift_sd,hba_spread_ratio,logp_mean,logp_sd,logp_drift_sd,logp_spread_ratio,mw_mean,mw_sd,mw_drift_sd,mw_spread_ratio,rdkit_valid_frac,ratio_mean,clip_frac,adv_std,kl
0,1.19454825618736,0.953125,0.8302119376718021,0.5651021751417556,0.010917488061827326,0.7330234050750732,0.2,1.0,61,0.953125,52,0.8524590163934426,0.9177970980581669,60.99459016393443,39.97796026311557,-0.16652187996629664,0.6839189714593621,4.049180327868853,2.5442073680060524,-0.12306824595306781,0.7953365651349653,2.2843888524590175,1.7506871521852656,-0.016089040068237782,0.8367164617141318,300.7862950819673,117.04088517915226,-0.29047152404381904,0.7770753911003563,0.953125,0.9898155927658081,0.0472918339073658,1.0648608207702637,0.004369101487100124
1,1.2378843133702708,1.0,0.864515904802829,0.48808564105327357,4.7569290269940806e-07,0.7178491950035095,0.21300000000000002,1.0,64,1.0,47,0.734375,0.9210209291606859,56.137187499999996,33.93860087849592,-0.24961941200689478,0.5806012325998002,3.53125,1.968253905749967,-0.2849767967758244,0.6152895870038745,2.1989965625000014,1.629073366335541,-0.05690109185201304,0.7785928520990009,285.6108437500001,107.41621764866024,-0.391226655559292,0.7131738555470333,1.0,0.9963983297348022,0.009766454808413982,0.9999999403953552,0.008747445419430733
2,1.3128529314880313,1.0,0.8603544509969652,0.5729339458238356,6.489679818498517e-07,0.6515032052993774,0.226,1.0,64,1.0,50,0.78125,0.914056967712635,48.956093749999994,31.835194391250557,-0.372469257750138,0.5446174157204523,3.140625,1.8444781401184998,-0.4070888343646986,0.5765964389836981,2.216146250000001,1.5178933549655063,-0.04870463834711858,0.7254559192033924,265.55146875,96.96300297890188,-0.52440786526643,0.6437713056148038,1.0,0.9991752505302429,0.020985402166843414,0.9999998807907104,0.015107412822544575
3,1.312180974872383,0.96875,0.8732704698078094,0.61355750868111,0.007527332315662355,0.6748204231262207,0.23900000000000002,1.0,62,0.96875,57,0.9193548387096774,0.9121085370901754,54.29016129032259,34.83281663159203,-0.2812172288356469,0.5958989394886757,3.3225806451612905,2.038137935345976,-0.3502082594362036,0.6371358110010326,2.355556612903227,1.6808331971721497,0.017924596595896625,0.8033307399977442,270.6881129032259,90.35666139645194,-0.490303887342805,0.5999094921889493,0.96875,0.9983379244804382,0.028310501947999,1.0446383953094482,0.029158437624573708
4,1.34011742956429,0.984375,0.8964920015562148,0.6118162718334965,0.0038402403321619555,0.6536510586738586,0.252,1.0,63,0.984375,48,0.7619047619047619,0.9120243746258551,41.69904761904762,24.644837233537853,-0.49661845128198673,0.4216090971528483,2.6825396825396823,1.343123542940075,-0.5502894270165404,0.4198695745587209,2.655667301587303,1.5174907158892879,0.16135830675072968,0.7252634834830635,260.5557142857143,91.4242265593856,-0.5575764272457243,0.6069974308630457,0.984375,0.9969626665115356,0.04455909878015518,1.0230478048324585,0.05751867964863777
5,1.3630385994147083,1.0,0.8714928412809968,0.6194118915882492,5.151874313004921e-06,0.6314594745635986,0.265,1.0,64,1.0,53,0.828125,0.9122743556063305,49.62171875,31.380813184307357,-0.36108214439113934,0.5368441345010557,3.125,1.7633419974582356,-0.4119733158682536,0.5512327277456912,2.1249012500000006,1.5104763580019436,-0.0923139111139909,0.721911069143717,255.148125,76.7989204978861,-0.5934793047117864,0.509894906302453,1.0,0.9947413206100464,0.02291565015912056,0.9999998211860657,0.08725015819072723
6,1.363966282157465,0.984375,0.8958093259069655,0.5971551165158271,0.0038453368994245396,0.613234281539917,0.278,1.0,63,0.984375,49,0.7777777777777778,0.9091825334354415,31.96650793650793,21.234467649953483,-0.663116904068513,0.36326653933973124,2.2063492063492065,1.210519108884928,-0.6991498156963107,0.3784165246110896,2.561328571428573,1.652259396745222,0.11627042888375168,0.7896742913506505,224.04384126984127,80.64715993369906,-0.799991528260954,0.535444714474656,0.984375,0.9979649186134338,0.01876065880060196,1.0230478048324585,0.1127859428524971
7,1.4194539079032547,1.0,0.9182704268023372,0.6219191991380817,2.45233343132143e-05,0.6188982725143433,0.29100000000000004,1.0,64,1.0,48,0.75,0.8956171617094391,26.80828125,21.34354502498117,-0.7513607530986387,0.3651325696636258,1.921875,1.3264695565202391,-0.7880783916419862,0.4146634248865197,2.8162175000000014,1.4412321189751596,0.2380910306846967,0.6888167526633234,223.29259375,65.33827601000783,-0.8049793234181782,0.4338036772926226,1.0,0.9979078769683838,0.017827298492193222,1.0,0.12996427714824677
8,1.4575429566683904,1.0,0.8990018698386848,0.6524419491518261,4.5895683599903037e-05,0.6094553470611572,0.30400000000000005,1.0,64,1.0,50,0.78125,0.8868534309865098,29.715625,19.791252003331547,-0.7016236596078202,0.3385768714793527,1.96875,1.357487914310842,-0.7734249471313213,0.4243599749600461,2.4226325000000006,1.2179002254944276,0.049982579570121324,0.582078394831735,208.05565624999997,74.92357791197534,-0.9061426831181717,0.49744385066353575,1.0,0.9984883069992065,0.03755299746990204,1.0,0.12265626341104507
9,1.4546451229310866,0.984375,0.9008523325125376,0.6557497904848956,0.003783795585655666,0.6298174262046814,0.317,1.0,63,0.984375,52,0.8253968253968254,0.8836500417643274,29.410476190476192,19.565772951810875,-0.7068439624591422,0.3347195110741015,1.8253968253968254,1.0163689265766427,-0.8182381266401273,0.3177238542497043,2.798442222222224,1.4413524880125013,0.22959558504802594,0.6888742813627823,217.7158095238095,67.80792609423926,-0.8420055452979595,0.4502005483701749,0.984375,1.0006850957870483,0.03560466691851616,1.023047924041748,0.13484108448028564
10,1.4183192155088944,0.953125,0.915250798717874,0.6839939903450353,0.010418931047386695,0.5687965154647827,0.33,0.984375,61,0.9375,46,0.7540983606557377,0.8755167440674854,24.7927868852459,15.409908578483035,-0.7858406221027743,0.2636234754328504,1.721311475409836,0.9431573681077066,-0.8507759165154869,0.29483742204567537,3.1021970491803295,1.3379011577796087,0.37477096017071865,0.6394311636223912,227.33896721311476,62.71682436129989,-0.7781140341085919,0.4163989425108214,0.953125,0.9988135099411011,0.012544803321361542,1.0648607015609741,0.17556829750537872
11,1.458662690599376,0.984375,0.9160225041328914,0.6542137955918533,0.0036326465400481965,0.53459632396698,0.343,0.984375,63,0.96875,48,0.7619047619047619,0.8674882021191476,27.400634920634918,20.107313908445075,-0.7412271217053787,0.3439838690260026,1.7936507936507937,1.0104019341485428,-0.828162152552112,0.3158585317443023,3.1741206349206363,1.252313369567069,0.4091458329738373,0.5985256761800772,235.33717460317465,65.93162025930454,-0.7250111365508791,0.43774309738393197,0.984375,0.9979311227798462,0.008254717104136944,1.0230478048324585,0.15788739919662476
12,1.4956737930104793,1.0,0.910894863307476,0.683408310328714,0.00020397677036996186,0.4972279965877533,0.356,1.0,64,1.0,49,0.765625,0.8573672627047297,22.665625,17.596256426705512,-0.8222308320862278,0.301026203380136,1.515625,0.9681197546662293,-0.9150749107344154,0.3026408342331758,3.315684687500002,1.3818020058027602,0.4768043938036624,0.6604129605004515,226.52603125,60.29877129033415,-0.783511400426439,0.4003446420589241,1.0,1.0000311136245728,0.006634499412029982,0.9999999403953552,0.18682417273521423
13,1.4835422596204326,1.0,0.9336146153509617,0.6624572384477498,0.0003830915359183673,0.521479606628418,0.369,1.0,64,1.0,49,0.765625,0.8644619662441713,22.275624999999998,16.864603174530227,-0.8289027182233313,0.28850951827666194,1.515625,0.9998779222360098,-0.9150749107344154,0.3125686538863849,3.2156228125000013,1.5800322037585088,0.42898121883035206,0.7551543137064717,222.794328125,64.71454353303601,-0.8082874832533169,0.42966249912447246,1.0,0.9990900158882141,0.014953271485865116,0.9999998807907104,0.24829837679862976
14,1.4660160847788237,0.984375,0.9292895160024128,0.6722219396704128,0.0032696197962190465,0.4870578646659851,0.382,1.0,63,0.984375,43,0.6825396825396826,0.8534609625139913,17.395238095238096,13.291486696156467,-0.9123934508735412,0.22738278417841168,1.3333333333333333,0.8544932592822078,-0.9720605282758902,0.267120417272086,3.362703174603176,1.3452510401772089,0.49927622271667665,0.6429439372130688,220.17449206349207,53.321064913892386,-0.8256814915863786,0.3540172078195361,0.984375,1.0001318454742432,0.009334162808954716,1.0230478048324585,0.24079357087612152
15,1.4899288824827837,1.0,0.912055985070765,0.6863899394374492,0.0007266278280461978,0.44936689734458923,0.395,0.90625,64,0.90625,40,0.625,0.8444012039263293,20.17125,15.890791800992801,-0.8649031038381183,0.27185013724266716,1.421875,0.8254674338670182,-0.9443817997557452,0.2580467464006678,3.1309737500000017,1.1862747350483636,0.38852438222536007,0.5669634335818197,217.154515625,54.44149103194187,-0.8457321718974764,0.36145610887150326,1.0,0.9993935227394104,0.012755102477967739,0.9999998807907104,0.2885423004627228
16,1.4836290109831354,1.0,0.9171224385499954,0.6888498197282275,0.0009754103785675635,0.44471073150634766,0.40800000000000003,1.0,64,1.0,45,0.703125,0.8396014485242927,23.16078125,17.306148411103738,-0.8137599958809071,0.2960632094120436,1.53125,0.9514585842273956,-0.9101904292308605,0.2974324387876679,3.0711890625000016,1.1178546407191092,0.35995112621714354,0.5342630055436852,219.533796875,46.82635885147239,-0.8299352911318238,0.3108965816741365,1.0,1.0004785060882568,0.0062932660803198814,0.9999999403953552,0.24968118965625763
17,1.4718899902530431,0.984375,0.9283168268582177,0.6732925985394704,0.0035691512602654962,0.44679197669029236,0.42100000000000004,0.96875,63,0.953125,41,0.6507936507936508,0.833073161109157,18.947619047619046,13.20466136001424,-0.8858362484230443,0.22589742839236895,1.2380952380952381,0.8676603408708857,-1.001832606011844,0.2712365367265306,3.27575396825397,1.282727500174259,0.45772006449928837,0.613061684921556,213.00193650793645,53.55636474465603,-0.8733025977066116,0.3555794457309858,0.984375,1.000600814819336,0.016780609264969826,1.0230478048324585,0.2607235014438629
18,1.4601024490937853,0.984375,0.912898641257059,0.6769194249924675,0.003482204125494905,0.4359213709831238,0.434,1.0,63,0.984375,43,0.6825396825396826,0.8405674175565894,20.653333333333332,12.965707150200561,-0.8566559112519765,0.22180954305939876,1.4126984126984128,0.7691454882276645,-0.9472504634959282,0.24044012229061013,3.4507573015873034,1.5008130156179613,0.5413604623122666,0.717292609678949,221.12957142857144,55.921128957060596,-0.8193403854847381,0.37127994280430876,0.984375,0.9985971450805664,0.010902483016252518,1.023047924041748,0.28685471415519714
19,1.4926571442265146,1.0,0.921610277146101,0.6966495917271209,0.0014988433825748747,0.3841555118560791,0.44700000000000006,0.96875,64,0.96875,38,0.59375,0.8052325520456081,20.5390625,14.260789634381883,-0.8586107881463149,0.24396503760456487,1.28125,0.856386850377795,-0.9883421332877399,0.26771236675571436,3.3322829687500017,1.038285638856308,0.48473731039627027,0.49623411293562275,221.35982812499998,47.06949004814408,-0.817811630706809,0.3125108147641644,1.0,0.9998908042907715,0.004347825888544321,0.9999999403953552,0.22989627718925476
20,1.488900456924397,1.0,0.9224115675315261,0.7010812703421354,0.0019320870993561976,0.3769919276237488,0.46,0.984375,64,0.984375,44,0.6875,0.8281873480239688,21.40890625,14.032247917429727,-0.8437300228717737,0.24005528295563436,1.34375,0.8332682266233364,-0.96880420727352,0.2604853273882712,3.552161562500002,1.0015281036125177,0.5898252118751462,0.4786663625856379,226.349734375,42.12841064651406,-0.7846818970685371,0.27970525965748205,1.0,0.9977158308029175,0.015960711985826492,0.9999998807907104,0.24613454937934875
21,1.4900232837050331,1.0,0.9284095875918865,0.6918138972348259,0.0036346760768403903,0.36347541213035583,0.47300000000000003,0.984375,64,0.984375,47,0.734375,0.8334873334706387,24.010625,20.686415898709352,-0.7992213786133968,0.35389079861783135,1.359375,0.9247835473098557,-0.9639197257699651,0.2890936404241243,3.382457656250002,1.3861614339108193,0.5087176011867802,0.6624964882496095,240.88485937500002,70.347699953265,-0.6881781161309722,0.46706299572596816,1.0,1.0003788471221924,0.008503401651978493,0.9999999403953552,0.22728513181209564
22,1.4770793905543913,1.0,0.9183457084000111,0.6905903344837122,0.004469031535253777,0.3359593451023102,0.48600000000000004,0.984375,64,0.984375,44,0.6875,0.8396057703408917,28.43125,20.36333297099225,-0.7235959769343386,0.3483636896266249,1.703125,1.0559309799295595,-0.8564611326917557,0.33009122179178285,3.221618437500002,1.3222151236575734,0.4318467440211341,0.6319342427975975,238.2169375,63.94162434593053,-0.7058913830057696,0.42453081818503313,1.0,0.9976558089256287,0.008660508319735527,0.9999999403953552,0.28235629200935364
23,1.4932325135338806,0.984375,0.9256989265245105,0.7134282702659511,0.0055421935492802245,0.35706111788749695,0.49900000000000005,0.953125,63,0.921875,32,0.5079365079365079,0.811205572353508,28.669365079365075,19.753399938255825,-0.7195224469418998,0.3379293210479696,1.5873015873015872,0.8476844395440438,-0.8926683209800126,0.2649919338114715,2.9241782539682553,1.4530115869883324,0.28968936448839844,0.6944465848035514,228.93846031746028,52.80670401908773,-0.7674944397017391,0.35060218585618336,0.984375,0.9992837309837341,0.014899713918566704,1.023047685623169,0.2124902456998825
24,1.4785310605929285,1.0,0.9253192096948624,0.714931239495699,0.00627703118503619,0.308390736579895,0.512,0.96875,64,0.953125,42,0.65625,0.8377226937790274,27.3221875,15.94919438294122,-0.7425691531367264,0.2728492535936228,1.59375,0.7849910429425294,-0.8906525032166406,0.245393550701383,3.0516965625000014,0.9759147776480976,0.3506349582144227,0.4664248313406469,233.571953125,45.83050209993536,-0.7367310596224764,0.30428474023517227,1.0,0.9992468357086182,0.007033997680991888,0.9999998211860657,0.24350906908512115
25,1.4985863176517649,1.0,0.9084065919741988,0.7142269465424875,0.00680632813171069,0.31796637177467346,0.525,0.96875,64,0.96875,40,0.625,0.8214361660891818,31.6953125,21.63002246363475,-0.6677563529743668,0.3700334538983583,1.671875,0.8487985534713169,-0.8662300956988657,0.2653402134191911,2.903007968750001,1.1514651884965148,0.27957132248461386,0.5503266972075449,232.528,47.41268926273853,-0.743662229714518,0.3147894344405117,1.0,0.9962744116783142,0.010410287417471409,1.0,0.21633490920066833
26,1.5410686166513523,1.0,0.9382090708240867,0.7313921497395124,0.01728087339590329,0.38497239351272583,0.538,0.953125,64,0.953125,40,0.625,0.8196014535542891,33.1459375,18.88539363823518,-0.6429399303394036,0.3230799897658512,1.75,0.9185586535436918,-0.8418076881810909,0.2871476962025293,2.8532746875000012,1.0548809354258446,0.25580199564344097,0.5041656030419087,245.44246875,50.48878702864652,-0.6579185527131146,0.33521272388203466,1.0,0.9999452233314514,0.024295968934893608,0.9999998807907104,0.20083874464035034
27,1.5592377639410904,1.0,0.9344518203288317,0.7100237975163806,0.025225078157379528,0.4073711037635803,0.551,1.0,64,1.0,41,0.640625,0.8308908822683525,30.855625000000003,19.212073586273164,-0.6821212232070564,0.32866863442375965,1.703125,1.0410284503196827,-0.8564611326917557,0.3254325894567029,2.9890309375000017,1.6742870042272098,0.32068479838394964,0.8002020785508653,251.131296875,54.9397755145008,-0.6201484321832631,0.3647643939085741,1.0,0.9986937046051025,0.026937877759337425,0.9999999403953552,0.18580856919288635
28,1.5177461228073412,0.984375,0.9349627513734121,0.7252256754995617,0.020130478835844533,0.3732149600982666,0.5640000000000001,1.0,63,0.984375,50,0.7936507936507936,0.8404668149794793,33.137142857142855,24.28131062782626,-0.6430903838157096,0.415390101970501,1.6984126984126984,1.0021393090580695,-0.8579342302880659,0.3132755788210878,3.050820317460319,1.5472204602129238,0.3502161691416391,0.7394723993633726,250.23325396825402,61.56266437192615,-0.6261108532800991,0.40873607048313493,0.984375,0.99590665102005,0.016568679362535477,1.0230478048324585,0.1861392706632614
29,1.5573333116184431,1.0,0.9292219001799822,0.686349395736764,0.034115888450520444,0.45969969034194946,0.577,1.0,64,1.0,50,0.78125,0.8502235847365565,40.48171875,25.276805484146895,-0.5174437836042804,0.43242043102548405,2.265625,1.1624621969659916,-0.6806197985637769,0.3633936063783846,3.2447982812500022,1.3877261446748916,0.44292522644523674,0.6632443198953072,291.19579687500004,67.90159837661685,-0.35414619750189213,0.4508224714302441,1.0,1.0021001100540161,0.02313743717968464,1.0,0.18207380175590515
30,1.5378028165571882,0.984375,0.9361502130826315,0.7044942953157954,0.0316904719299234,0.5113329291343689,0.5900000000000001,1.0,63,0.984375,57,0.9047619047619048,0.8532120394793328,41.3920634920635,24.645503544223835,-0.5018701516438743,0.4216204959965119,2.238095238095238,1.1507662831994832,-0.6892257897843261,0.3597373840129648,3.4419126984127004,1.8784309479221672,0.5371333078122282,0.8977698238990861,303.66109523809536,55.22435398451312,-0.2713847198707377,0.36665380994934543,0.984375,0.9954162240028381,0.03368794173002243,1.0230478048324585,0.14391516149044037
31,1.6004315851197033,1.0,0.9015396162867546,0.7045757410521534,0.04666425340428181,0.5676518678665161,0.603,1.0,64,1.0,52,0.8125,0.8621311607158304,39.853281249999995,24.48853896817649,-0.5281947155127059,0.41893524015305905,2.21875,1.1655035124357198,-0.6952732430744418,0.36434434232451984,2.685547812500001,1.4711611023667985,0.175639279415592,0.7031208920721805,265.62912500000004,67.94733236887876,-0.5238922782495703,0.45112611540789443,1.0,1.0006784200668335,0.04738154634833336,0.9999998807907104,0.15983496606349945
32,1.5864421421747161,1.0,0.9013273939490318,0.6656626560663752,0.04858028884138832,0.611092746257782,0.6160000000000001,1.0,64,1.0,47,0.734375,0.8792561095695086,34.9825,25.408147868843177,-0.6115211203812653,0.43466735778361026,2.1875,1.3095204274848102,-0.7050422060815518,0.4093650116209249,2.709670000000002,1.7279333976838505,0.18716814186746508,0.8258416226925672,259.28559375,81.64975059853958,-0.5660092019169348,0.5421012647203414,1.0,1.0007907152175903,0.032705649733543396,0.9999998211860657,0.1726101040840149
33,1.6289272882688843,1.0,0.901227499358356,0.6807625684207207,0.05033121744076072,0.5996055603027344,0.629,1.0,64,1.0,54,0.84375,0.8885192716324057,36.54359375,22.729739698739646,-0.5848148646137171,0.3888467569127943,2.390625,1.2700539789217622,-0.6415439465353372,0.3970275307878233,2.7182928125000014,1.4952170619485636,0.19128929461369862,0.7146181018159479,263.626734375,79.41458681329473,-0.5371868502760534,0.5272612302321036,1.0,1.0006563663482666,0.006438831333070993,0.9999998807907104,0.15744739770889282
34,1.632661425028747,1.0,0.9186422424390912,0.7044625505554781,0.048404218481251635,0.5697922706604004,0.6420000000000001,1.0,64,1.0,54,0.84375,0.8786170429845513,34.091875,22.21829158282371,-0.6267573988193619,0.38009720923477586,2.15625,1.107061848994897,-0.7148111690886617,0.34607507998124404,2.446359375000001,1.3623678436307087,0.06132250793639342,0.6511246742474336,253.30275000000003,65.19346749435486,-0.6057313950617252,0.4328422428864879,1.0,0.9986754655838013,0.029126213863492012,0.9999999403953552,0.1725948452949524
35,1.6590079094337615,1.0,0.9234448065981269,0.6711122743552953,0.04003419446703736,0.7079603672027588,0.655,1.0,64,1.0,49,0.765625,0.8967273005494458,38.22515625,23.32024918071387,-0.5560477017100687,0.3989488390323121,2.390625,1.1807993518693174,-0.6415439465353372,0.36912592599138405,2.437558281250001,1.476992420503102,0.05711614815787891,0.7059078890933485,258.57775000000004,80.20704538314422,-0.5707088242585396,0.5325226399707093,1.0,0.9999805688858032,0.024621212854981422,0.9999998807907104,0.166383758187294
36,1.653600701219101,1.0,0.9256226681172848,0.6565047156656174,0.057186307268131474,0.6444233655929565,0.6679999999999999,1.0,64,1.0,47,0.734375,0.8946234306183287,45.52671875,29.13621726341459,-0.43113694883072495,0.4984449334548935,2.578125,1.308681200436149,-0.5829301684926775,0.4091026635251509,2.5484757812500014,1.676376477262236,0.11012761741229896,0.801200712991366,283.33362500000004,79.1139424754931,-0.40634590767421486,0.5252651472733861,1.0,0.9993854761123657,0.01828761398792267,0.9999998807907104,0.19448305666446686
37,1.67317987618497,1.0,0.9248162531293929,0.5826805890659045,0.05011871923665627,0.6574042439460754,0.681,1.0,64,1.0,36,0.5625,0.9006217188942897,40.846562500000005,26.66712332270944,-0.5112022555072706,0.4562051549056712,2.75,1.4142135623730951,-0.5292008719535729,0.4420927991992297,2.433278125000001,1.6129456798828468,0.055070507285600014,0.7708848497140578,285.71062500000005,98.1635774769753,-0.3905641729255565,0.651742339806894,1.0,1.000429630279541,0.011503067798912525,0.9999999403953552,0.26262494921684265
38,1.7272284592034177,1.0,0.9471719916909933,0.6656479432000337,0.03776888244918155,0.5230053663253784,0.6940000000000001,1.0,64,1.0,36,0.5625,0.8849603803176013,34.235,22.802657808356464,-0.6243089021440468,0.39009419620688723,2.34375,1.1755151796127516,-0.656197391046002,0.3674740577258613,2.6572031250000014,1.227257576277638,0.16209233209048657,0.5865506098865909,273.19959375,86.8351174368554,-0.473629287195508,0.5765287295990914,1.0,0.9982412457466125,0.004439063835889101,0.9999998807907104,0.21292679011821747
39,1.683062584483701,1.0,0.933545533567667,0.5970162553576648,0.04754579336348999,0.6619608402252197,0.7070000000000001,1.0,64,1.0,39,0.609375,0.9042683499139013,39.13390625,23.91279806513054,-0.5405013516406001,0.40908581002589073,2.578125,1.3323462329195817,-0.5829301684926775,0.4165005139857176,2.189837500000001,1.5671346271968398,-0.0612785377926272,0.748990097209026,254.910890625,83.42947725963629,-0.5950543867393479,0.5539174927769435,1.0,0.9986602663993835,0.005515486001968384,0.9999998807907104,0.2902500629425049
40,1.7506704036546843,1.0,0.9274151301942766,0.6568848004511334,0.06065370964064311,0.7752753496170044,0.72,1.0,64,1.0,43,0.671875,0.8970912514820667,43.45296875,29.370710148445905,-0.466613420309746,0.5024564971187135,2.59375,1.1688502630790651,-0.5780456869891225,0.36539055938784337,2.057993437500001,1.4682177287767768,-0.12429156518322464,0.701714147793129,263.43050000000005,78.57966623871283,-0.5384897189570875,0.5217179003859744,1.0,0.9989178776741028,0.006284038536250591,0.9999999403953552,0.2763369083404541
41,1.8003731958392293,1.0,0.9539140565320849,0.6712750033830643,0.05406224167650816,0.6652140021324158,0.7330000000000001,1.0,64,0.984375,34,0.53125,0.8800683560488691,35.294687499999995,25.988686478972802,-0.6061804038340167,0.44459886420662853,2.34375,1.2275324588376473,-0.656197391046002,0.3837350137731737,2.116177343750001,1.227405446394246,-0.09648338020543547,0.5866212823426075,254.82746875,67.36559612734662,-0.5956082537580629,0.44726376494195347,1.0,1.0011252164840698,0.015412511304020882,0.9999999403953552,0.232148677110672
42,1.7662908898752443,1.0,0.9288320168852806,0.6552358064525998,0.05189005165723146,0.6115983128547668,0.746,1.0,64,1.0,39,0.609375,0.8896838530987444,39.54328125000001,26.604230576092565,-0.5334980096216854,0.45512922351008794,2.46875,1.1985505569228192,-0.6171215390175623,0.3746750736873611,2.2470912500000013,1.3374835854828049,-0.03391490799728155,0.6392315907779481,256.355765625,69.11502434206652,-0.5854613560304848,0.4588788310111702,1.0,0.9981124401092529,0.012832699343562126,0.9999999403953552,0.2678440511226654
43,1.7434799792144098,0.96875,0.9513734521404389,0.6925896786060561,0.045566628281277784,0.6695085763931274,0.7590000000000001,1.0,62,0.96875,31,0.5,0.8724501994788602,35.71822580645161,26.662529072270264,-0.5989347644613326,0.45612655922409295,2.0806451612903225,1.1259173621307892,-0.738445757009089,0.35196944191099144,2.163757903225807,1.346262500294963,-0.0737429166558622,0.6434273504430316,236.6400806451613,79.30556565757345,-0.7163606874313766,0.5265374006311001,0.96875,0.9999750852584839,0.01575179025530815,1.0446385145187378,0.22980894148349762
44,1.8429775389307839,1.0,0.9220230411738157,0.7413761168466062,0.04063166867000668,0.6876381635665894,0.772,1.0,64,1.0,42,0.65625,0.8504814000731218,42.3721875,23.769688186108873,-0.48510277784594147,0.40663757203120554,2.265625,1.019224391081277,-0.6806197985637769,0.3186164919173487,2.7832523437500014,1.33738513186734,0.22233579488318636,0.6391845362481471,277.71521875,69.03085948496806,-0.4436484727342502,0.4583200310743227,1.0,1.0017979145050049,0.017149856314063072,0.9999998807907104,0.24567803740501404
45,1.8125841837577639,1.0,0.9320587711408734,0.7412989475411222,0.032842221101674965,0.5936741828918457,0.7850000000000001,1.0,64,1.0,43,0.671875,0.8570714561266496,42.409062500000005,26.285827973379376,-0.48447194245797814,0.4496821827124988,2.328125,1.09050858977589,-0.661081872549557,0.34090041831860146,2.4431456250000014,1.4626349065480209,0.059786541030212074,0.6990459159186945,263.83415625,72.25664320912362,-0.5358097038678419,0.4797371379700576,1.0,0.9986801147460938,0.014887281693518162,0.9999998807907104,0.26380375027656555
46,1.7610130155234205,0.96875,0.9322778746005027,0.7057329961945221,0.030490746073490265,0.5858023762702942,0.798,0.984375,62,0.953125,44,0.7096774193548387,0.8431708296288762,41.50209677419354,30.568637424501517,-0.4999877682344809,0.5229499186222353,2.4516129032258065,1.1594968229426728,-0.6224787122795258,0.3624666102460311,3.0347672580645173,1.2142619321950143,0.34254383371576036,0.5803395233878202,292.1613709677419,91.58267421882847,-0.3477354132310346,0.6080494203173465,0.96875,0.999545156955719,0.002770083025097847,1.0446385145187378,0.24683542549610138
47,1.7820851950457193,1.0,0.9335094159469008,0.6785347355404303,0.028469115556992945,0.555926501750946,0.8109999999999999,1.0,64,1.0,49,0.765625,0.8571685416312558,40.46296875,26.432250228159223,-0.517764547360872,0.4521870868453939,2.265625,1.2021099614323973,-0.6806197985637769,0.3757877677987662,2.9431982812500017,1.4182720920703076,0.2987797207573779,0.6778433286288184,279.07829687500004,80.00807614697403,-0.43459852010048966,0.5312016135893962,1.0,0.9988470077514648,0.007191370241343975,0.9999998807907104,0.2782919406890869
48,1.7831786187202465,1.0,0.9307610429823399,0.7061126269312104,0.018377946634070837,0.6004359722137451,0.8240000000000001,1.0,64,1.0,47,0.734375,0.8582455189362233,40.89812500000001,21.400002035265672,-0.5103201551766439,0.3660984023412141,2.28125,1.0072975913303874,-0.6757353170602219,0.31488809301944,2.6118837500000014,1.2167361653704203,0.1404325700651792,0.5815220485610914,257.10040625,69.15096251673737,-0.5805174263599653,0.45911743712812697,1.0,0.9997331500053406,0.003476749174296856,0.9999999403953552,0.3202713429927826
49,1.751529206897881,0.984375,0.9372988645992582,0.7161157157050592,0.015102274965402281,0.5151932835578918,0.837,1.0,63,0.984375,48,0.7619047619047619,0.8409052517269338,41.39174603174604,24.09847183060413,-0.5018755825646207,0.4122622054666267,2.2698412698412698,0.9629048182922604,-0.6793017638723414,0.30101060957648024,2.592376507936509,1.511643493535997,0.13110935629920586,0.722468885263619,262.14209523809524,65.55557520797203,-0.547043889003907,0.43524640270422005,0.984375,0.9997251033782959,0.008706467226147652,1.0230478048324585,0.2761058211326599
50,1.757833709162452,0.984375,0.9430018776939029,0.704606341702992,0.008247880941371568,0.5058325529098511,0.8500000000000001,1.0,63,0.984375,41,0.6507936507936508,0.839271606636667,33.066031746031754,20.879150802204922,-0.6443069100629306,0.3571879917736469,1.8412698412698412,0.8009190991455787,-0.813276113684135,0.25037276963971117,2.5725233333333346,1.2057975768562414,0.12162080890967025,0.5762941030276441,232.1424126984127,59.14696089272512,-0.7462222787326508,0.3926973697931217,0.984375,1.0015147924423218,0.015187470242381096,1.0230478048324585,0.29585543274879456
51,1.7715968872932877,1.0,0.9257266214117408,0.7160623169593574,0.004276894965602306,0.48130694031715393,0.863,1.0,64,1.0,40,0.625,0.8330034484021247,30.001093750000003,19.581769432720094,-0.6967400314137144,0.3349931692772314,1.90625,0.8425917976695477,-0.7929628731455411,0.2633999392488983,2.7245325000000014,1.0445471054077107,0.19427146606602522,0.49922669338124465,233.291015625,53.2471455445302,-0.7385963019893048,0.35352643126082256,1.0,0.9985809922218323,0.009051929228007793,0.9999999403953552,0.27264291048049927
52,1.775934755828013,1.0,0.9350017756223679,0.7012547298668708,0.007938077960010188,0.452727347612381,0.8760000000000001,0.984375,64,0.984375,44,0.6875,0.8346009704127055,29.606562500000003,21.709906668583212,-0.7034894354586608,0.3714000649741767,1.90625,0.9955957701296244,-0.7929628731455411,0.31123002394980576,2.7153210937500014,1.1477193784742719,0.18986900316150748,0.5485364396483047,236.34545312499998,66.24063871925833,-0.7183168226324035,0.43979477906985104,1.0,1.00115966796875,0.011324470862746239,0.9999998807907104,0.30781784653663635
53,1.7895525015014049,1.0,0.9410413010045886,0.7073002622229048,0.0032831026360075678,0.4045373201370239,0.889,1.0,64,0.984375,45,0.703125,0.8407210877433364,32.3225,23.960378035936746,-0.6570268053163808,0.40989977963518737,1.953125,0.9088056637009917,-0.7783094286348763,0.28409884509910344,2.6944478125000013,1.3059293021535823,0.17989291005425895,0.6241506619745371,236.40435937499998,61.34956109927745,-0.7179257234264556,0.40732120328792554,1.0,1.0017454624176025,0.025714285671710968,0.9999999403953552,0.316669762134552
54,1.8121104525680953,1.0,0.9433707948774099,0.72313073227975,0.0052266477601105015,0.44746243953704834,0.9020000000000001,1.0,64,0.984375,50,0.78125,0.8410551064240593,32.38703125000001,24.025326264673772,-0.6559228433874448,0.41101087498631556,1.984375,0.8748604799480887,-0.7685404656277663,0.27348734927985036,2.453708125000001,1.1374979761724793,0.06483474031346112,0.5436512632436927,227.40084374999998,54.220889319240584,-0.7777032141286643,0.35999145690896583,1.0,0.9986887574195862,0.018018018454313278,0.9999999403953552,0.2922925055027008
55,1.8425405389893728,1.0,0.9532498037442565,0.7405578459669582,0.006599843538837814,0.43753892183303833,0.915,0.984375,64,0.984375,49,0.765625,0.8337250754545156,31.8740625,18.405197102207133,-0.6646984051615277,0.31486507537659325,2.1875,0.899218410621135,-0.7050422060815518,0.281101804437442,2.507758906250001,1.1812469721536827,0.09066755595041448,0.5645604845601605,241.56826562499998,59.72566948302103,-0.6836407429029223,0.3965396186230838,1.0,1.0007343292236328,0.010284035466611385,0.9999998807907104,0.23150253295898438
56,1.8468729933192392,1.0,0.9525528424419463,0.727019998171669,0.009092605794951995,0.45113930106163025,0.9280000000000002,1.0,64,1.0,47,0.734375,0.8370715047419357,30.072812500000005,20.222682227262627,-0.6955131100447519,0.3459575210438994,2.0625,0.8637671850678283,-0.7441180581099914,0.27001950968585914,2.778558906250001,1.177038484890307,0.22009263201232462,0.5625490968785949,248.815703125,63.18341139212287,-0.6355224693511853,0.41949677707439403,1.0,1.0003951787948608,0.01598062925040722,0.9999999403953552,0.28332239389419556
57,1.823708213453418,0.984375,0.9253941793290396,0.7334885892971601,0.014249730529190596,0.4210876524448395,0.9410000000000001,0.984375,63,0.96875,45,0.7142857142857143,0.8325197397113266,29.963015873015873,18.013273116366925,-0.6973914448998189,0.3081602748434507,2.1746031746031744,0.8074982439350415,-0.7090738416082956,0.252429455145845,2.7094971428571437,0.9563400610021277,0.18708552721140065,0.4570693690408131,248.53692063492062,53.51442613699115,-0.6373734038530797,0.3553010006397384,0.984375,0.9999386668205261,0.01891367696225643,1.023047924041748,0.21648164093494415
58,1.900829002077094,1.0,0.951669898815453,0.7413280240971835,0.01747267754716377,0.504192054271698,0.954,0.984375,64,0.984375,49,0.765625,0.8262051187194986,34.02984375,21.68509759692324,-0.6278185922474189,0.37097564625293933,2.421875,0.8804240366863004,-0.6317749835282273,0.2752265550386839,2.4108482812500007,1.3537627238028038,0.044350476881609785,0.6470119774666048,248.9774375,68.12929269110204,-0.6344486582422285,0.4523342136578347,1.0,1.0004719495773315,0.021350545808672905,0.9999999403953552,0.24462920427322388
59,1.930659375781436,1.0,0.9496104530990124,0.7446818466148437,0.02498184155877659,0.5131274461746216,0.9670000000000001,1.0,64,1.0,55,0.859375,0.8304263987928332,33.059375,23.11161246774822,-0.6444207896823344,0.39537960725557786,2.609375,1.1674918027014152,-0.5731612054855676,0.364965895414215,2.6298454687500015,1.2120800208873004,0.14901712255934982,0.5792967093665454,271.382265625,64.40752129294623,-0.48569516452829165,0.4276240710407384,1.0,1.0016571283340454,0.02370791882276535,1.0,0.21432849764823914
60,1.9382687730594088,1.0,0.9540613256394863,0.7367752267837775,0.02060085629021752,0.5735491514205933,0.98,1.0,64,1.0,50,0.78125,0.8312200100281906,29.46171875,22.277022323649955,-0.7059673354783302,0.38110193953103344,2.8125,1.0734727523323542,-0.509662945939353,0.3355748994136082,2.7105042187500015,1.3284066268452097,0.18756684506233576,0.634893385231118,282.77275000000003,63.30465836581465,-0.41006975305795645,0.42030177815890446,1.0,1.0003197193145752,0.02364395000040531,1.0,0.24854809045791626
61,1.9107863650563193,1.0,0.9563746070489287,0.7007825589308271,0.019931506754232244,0.5158026218414307,0.9930000000000001,0.984375,64,0.984375,48,0.75,0.8340631460154986,30.171718749999997,19.439530565535744,-0.6938210812287319,0.3325598320307582,2.640625,1.1506409558915414,-0.5633922424784576,0.3596982058422427,2.7842279687500016,1.251030887675966,0.22280208121934927,0.5979127318805794,275.353046875,63.38552686325311,-0.45933175837244566,0.4208386924105226,1.0,0.997442364692688,0.02591392956674099,0.9999999403953552,0.2959449291229248
62,1.9468932755477781,1.0,0.9616468530148268,0.7291308790790978,0.02159282940343783,0.5247220396995544,1.006,1.0,64,1.0,55,0.859375,0.8253898670027184,25.441718750000003,16.841247500063602,-0.7747390848915497,0.288109963403081,2.625,1.0968705484240153,-0.5682767239820126,0.3428892099565631,2.8143812500000016,1.6023902183344938,0.23721342065545498,0.7658400143604235,276.574578125,66.09599703717053,-0.45122158497122694,0.4388344523301332,1.0,0.9969956278800964,0.03116147220134735,0.9999999403953552,0.2841915488243103
63,1.915474355903604,0.984375,0.9455522223124428,0.718660270152169,0.0288663778564549,0.5421698689460754,1.0190000000000001,1.0,63,0.984375,54,0.8571428571428571,0.8219995814356695,22.22714285714285,16.37665047333012,-0.8297321216510893,0.2801619160646128,2.6031746031746033,1.0006296833317134,-0.5750994917965021,0.31280365952907646,2.6554723809523817,1.178672747833261,0.16126514715693088,0.5633301700163237,264.7435238095239,51.830160220699725,-0.5297720944385441,0.34411856987107325,0.984375,0.9990071058273315,0.03241895139217377,1.0230478048324585,0.24878008663654327
64,1.955902149143613,1.0,0.961874034255743,0.7100601829011437,0.028844589564885108,0.4643591344356537,1.032,1.0,64,1.0,59,0.921875,0.804230936591087,20.16453125,16.789715502511456,-0.8650180441842303,0.2872283848900415,2.4375,0.982264602843857,-0.6268905020246722,0.30706261018800557,2.6177273437500013,1.1592028560950343,0.14322543404438393,0.5540248073164081,259.81134375,48.24846453457705,-0.5625185636989679,0.32033843892079916,1.0,0.9999292492866516,0.013209393247961998,0.9999999403953552,0.2793332636356354
65,1.945364651537509,0.984375,0.9559286151613507,0.7352433461392491,0.030331753228346914,0.5976265072822571,1.0450000000000002,1.0,63,0.984375,54,0.8571428571428571,0.8230802267099396,16.14126984126984,11.282378660050947,-0.9338455878223068,0.19301216865524387,2.2222222222222223,0.8441102095433861,-0.6941878027403184,0.26387460515050104,2.8514715873015897,1.1516141091338772,0.2549402290986601,0.5503978717452769,249.25609523809527,53.149500180932996,-0.6325985520124092,0.3528781295242944,0.984375,0.9995257258415222,0.03837953135371208,1.0230478048324585,0.31957805156707764
66,1.9387866776664229,0.984375,0.9510425944176931,0.7100749430982589,0.03585955361786077,0.580509603023529,1.058,1.0,63,0.984375,59,0.9365079365079365,0.8244117989061179,14.842698412698415,11.705289430641038,-0.9560607691359587,0.2002470725207099,2.3174603174603177,1.0362538885047279,-0.6644157250043643,0.32394002888884843,3.0122158730158746,1.3232455133204324,0.33176571434640284,0.6324267031391371,271.6392857142857,57.04042479400269,-0.48398871822026346,0.37871133952450126,0.984375,1.0004216432571411,0.02495107613503933,1.0230478048324585,0.3099171817302704
67,1.9512135364696621,1.0,0.9468261022120714,0.7058364233375252,0.03298793346423109,0.4996134042739868,1.0710000000000002,1.0,64,1.0,60,0.9375,0.8211395491454065,16.0615625,14.04020212402919,-0.9352091732203673,0.2401913587524103,2.34375,1.0340870067358936,-0.656197391046002,0.32326264687795164,2.610087500000001,1.1828976362662909,0.13957407747700987,0.5653493964077491,253.914609375,58.70337522654079,-0.6016690465721463,0.3897522493379143,1.0,1.0024999380111694,0.034044716507196426,0.9999999403953552,0.34099069237709045
68,1.9187242153646111,1.0,0.9379474632441998,0.6985725945696717,0.028063762714232405,0.4534448981285095,1.084,1.0,64,1.0,60,0.9375,0.8347464654295143,16.043906250000003,14.113287579572342,-0.9355112257578242,0.2414416609002622,2.203125,0.9549163494123452,-0.7001577245779967,0.2985133597533974,2.7109109375000013,1.1722927751242431,0.18776123060574249,0.560280951208578,253.590140625,47.71472845492367,-0.6038233081399749,0.31679477832556213,1.0,0.9982807636260986,0.0039331368170678616,0.9999998807907104,0.365671843290329
69,1.9265530755660483,1.0,0.938859916292131,0.7115388637421873,0.027614264674654138,0.40689003467559814,1.097,1.0,64,1.0,57,0.890625,0.8164423540853322,13.114062500000001,13.622760678221347,-0.9856332357565525,0.23305002081564685,1.96875,0.9677414104501264,-0.7734249471313213,0.3025225612523417,3.163242500000002,1.140069202167681,0.4039467803906955,0.5448801447798868,261.99368749999996,40.6737864116263,-0.5480292199072592,0.2700475003667927,1.0,1.0006437301635742,0.011100386269390583,0.9999998807907104,0.2670105993747711
70,1.9270521000665062,1.0,0.956501011736691,0.7005301409524876,0.014155551012811626,0.37950652837753296,1.1099999999999999,1.0,64,1.0,58,0.90625,0.8268428446764021,13.56578125,13.16481102749479,-0.9779055022540021,0.22521569279981646,2.078125,0.9890760761311538,-0.7392335766064365,0.3091919231661662,2.7297001562500016,0.9934460366769001,0.19674127516210382,0.4748036516259638,244.983953125,47.71566960569325,-0.6609627983891201,0.3168010269548444,1.0,0.9990048408508301,0.023677581921219826,0.9999999403953552,0.3534020483493805
71,1.9511958375956495,1.0,0.9606519220396876,0.7048803703724259,0.01610289699552702,0.35755035281181335,1.123,1.0,64,1.0,57,0.890625,0.8059104962925334,13.500937500000001,14.56401705818466,-0.9790148102455478,0.24915247054112724,1.9375,0.8816709987291178,-0.7831939101384312,0.2756163638728456,2.9529604687500015,1.1300722648787649,0.30344542186416557,0.5401022482916885,248.24659375,48.42081463899294,-0.6393009856318856,0.32148273157195395,1.0,0.9984110593795776,0.018583625555038452,0.9999999403953552,0.27638381719589233
72,1.9554900005402729,0.984375,0.9596415436457074,0.721804801815376,0.02344947024582999,0.36656656861305237,1.136,1.0,63,0.984375,55,0.873015873015873,0.8238296490090116,16.3284126984127,15.3325854068468,-0.9306440600422314,0.26230067697921794,1.8571428571428572,0.7939681905015749,-0.8083141007281425,0.24819986821862083,3.4200996825396848,1.2178545882665173,0.5267080816729938,0.5820565831563526,263.6083968253968,47.65381909528702,-0.5373085996844581,0.3163903797738178,0.984375,1.0006928443908691,0.048745859414339066,1.0230478048324585,0.238276869058609
73,2.0314575396807317,1.0,0.9647642495110631,0.7192593364361894,0.049150650099811705,0.47333213686943054,1.149,0.984375,64,0.984375,53,0.828125,0.8296425841673725,20.87875,18.23655202299766,-0.8527996180893987,0.31197999648923846,2.109375,0.9538931330998247,-0.7294646135993266,0.2981934953596283,2.8053153125000017,1.1475928841029188,0.23288048250733823,0.5484759834310455,248.05235937499998,56.06765280371318,-0.6405905756130895,0.3722527658931704,1.0,0.9991462826728821,0.05590062215924263,0.9999998807907104,0.2357400357723236
74,2.0515840247962274,1.0,0.9583608666434884,0.7011394749808539,0.045422248197306024,0.4458911418914795,1.162,1.0,64,1.0,57,0.890625,0.8276216892526954,18.89796875,15.791355346724469,-0.8866856359419867,0.2701490380099605,2.0625,0.8816709987291178,-0.7441180581099914,0.2756163638728456,3.2333732812500022,1.1121559448446514,0.4374648073388581,0.5315393934794113,262.21562500000005,56.092328351761964,-0.5465556991854327,0.372416595491018,1.0,0.997857391834259,0.03660253435373306,0.9999999403953552,0.25480833649635315
75,2.0891204158093073,1.0,0.9461238775402308,0.7440948956346815,0.05643582461972542,0.5950441360473633,1.175,1.0,64,1.0,46,0.71875,0.8328779792813532,27.555000000000003,18.08021553383698,-0.7385863364923817,0.3093054855796114,2.453125,0.917361833942856,-0.6220060205211173,0.28677356223751327,3.0451637500000017,1.039465106126555,0.3475126917642356,0.49679782283652474,272.69154687500003,46.457002051604725,-0.4770023881720055,0.30844429263622114,1.0,0.9997010231018066,0.033855266869068146,0.9999997615814209,0.2693449854850769
76,2.089954655250546,1.0,0.9518281742930412,0.7372228935362382,0.03636157681463052,0.5261895656585693,1.1880000000000002,1.0,64,1.0,46,0.71875,0.8214391319271271,29.846874999999997,18.307958129168174,-0.6993783133116798,0.3132015693350425,2.09375,0.7228145941387736,-0.7343490951028816,0.2259567689965076,3.3153776562500017,1.2263900111018713,0.4766576525079288,0.5861359692334805,274.125921875,52.230044647843975,-0.4674790706372531,0.3467735425085615,1.0,0.9999671578407288,0.004940304439514875,0.9999999403953552,0.25712093710899353
77,2.0646058359696933,0.984375,0.943315551394508,0.7502911378141175,0.03254580337315608,0.5857623219490051,1.201,1.0,63,0.984375,41,0.6507936507936508,0.827616693759389,38.3668253968254,21.626146860158258,-0.5536241108978645,0.36996715239808214,2.2698412698412698,0.9293511852891713,-0.6793017638723414,0.290521515190518,2.964399047619049,1.1898674829546132,0.30891233080126534,0.568680537241486,266.025,50.13554695879107,-0.521263925601853,0.33286743945416075,0.984375,1.0011398792266846,0.010900282301008701,1.0230478048324585,0.3548147976398468
78,2.0857852770398644,1.0,0.9525630129501224,0.7351615208771451,0.02178649361488933,0.6293139457702637,1.214,1.0,64,1.0,42,0.65625,0.8282628580679215,35.043125,20.403281742390735,-0.6104839842349526,0.3490471092524912,2.28125,1.0675431782836702,-0.6757353170602219,0.33372127414866376,2.700957656250001,1.0201428700290325,0.18300419891133,0.48756303008686436,251.69221875000002,64.70557815995969,-0.6164242755799941,0.4296029748754976,1.0,0.9999487400054932,0.012330456636846066,0.9999998807907104,0.35404130816459656
79,2.034874099029911,0.984375,0.9494304486683437,0.7653381114226365,0.011691313370943746,0.40938302874565125,1.227,1.0,63,0.96875,40,0.6349206349206349,0.8024072174765855,46.506031746031745,20.20497318473394,-0.4143834493381368,0.3456545653635186,2.5555555555555554,1.0043994933051665,-0.5899855306644792,0.3139821278226604,3.1534019047619064,1.0206750601671268,0.39924360540109055,0.4878173829269761,288.5500476190476,55.582696271191395,-0.3717122526002942,0.36903296978004974,0.984375,0.9997445940971375,0.009314456023275852,1.0230478048324585,0.3250064551830292
80,2.043261371713197,1.0,0.9515899177640676,0.730320817453962,0.005090575541887528,0.4581775367259979,1.24,1.0,64,1.0,38,0.59375,0.8308011620900544,47.369062500000005,24.833034432406638,-0.39961923671430416,0.4248286619789363,2.65625,1.0784646204210873,-0.5585077609749026,0.3371353914038548,2.628874687500001,1.213875264361223,0.14855315122581667,0.5801547208996403,273.75078125000005,64.87121601042254,-0.4699697605140707,0.43070270252393794,1.0,0.9985342025756836,0.007766990456730127,0.9999998807907104,0.3480936884880066
81,2.0660720431841497,1.0,0.9505652384832501,0.7569336928197924,0.005283308885747857,0.41699057817459106,1.2530000000000001,0.96875,64,0.96875,36,0.5625,0.8059166746772559,51.459218750000005,24.13584764571463,-0.3296472962451713,0.41290160849918744,2.53125,1.1314916868894795,-0.5975836130033424,0.35371201382642387,2.4262578125000003,1.0443446336451114,0.05171524702233937,0.49912992483148544,268.0914375,67.72295244733205,-0.5075441239612637,0.4496363785947792,1.0,0.9999996423721313,0.0023464998230338097,0.9999998807907104,0.36178648471832275
82,2.046908538781968,1.0,0.9376148693263531,0.7129048179669453,0.009149303506077424,0.5198757648468018,1.266,0.984375,64,0.984375,46,0.71875,0.8199090592905007,55.51984375000001,23.87096880183303,-0.26018055869267004,0.40837022007224993,2.8125,1.2103072956898178,-0.509662945939353,0.37835031036253114,2.300123437500001,1.253872498710519,-0.008568915010143752,0.5992708401681915,270.195328125,70.23149647728727,-0.4935756579183781,0.4662914801875782,1.0,0.9997996091842651,0.010878010652959347,0.9999999403953552,0.41829919815063477
83,2.0926363261161436,1.0,0.9437276730313897,0.7518432792189784,0.007118613665235035,0.4004725217819214,1.279,0.96875,64,0.96875,35,0.546875,0.8001690790741378,48.209531250000005,25.719205702505153,-0.38524100132508976,0.43998874867655063,2.390625,1.0842218912081605,-0.6415439465353372,0.33893515349476144,2.2634382812500005,1.0246324936403344,-0.026102072831411676,0.48970878295755155,253.92849999999999,71.0463714236607,-0.6015768218522292,0.47170172009375944,1.0,1.0004463195800781,0.02366127073764801,0.9999999403953552,0.38686060905456543
84,2.128024038575557,1.0,0.9528603823855519,0.7471121496804639,0.008185928939357861,0.4316503703594208,1.292,0.953125,64,0.953125,32,0.5,0.7724142760890851,54.804218750000004,24.60331728171322,-0.27242304206924606,0.42089879871440733,2.765625,1.2467731787999772,-0.5243163904500179,0.3897497939825229,2.1839706250000006,1.0371880779839842,-0.06408252871995658,0.49570954905311504,254.53004687499998,69.92079681401795,-0.5975829416586514,0.46422863640456863,1.0,0.9984489679336548,0.013894564472138882,0.9999998807907104,0.3337303102016449
85,2.139003286100568,1.0,0.9541432503610849,0.7472096347095352,0.0070077859686013995,0.39101046323776245,1.305,0.953125,64,0.9375,29,0.453125,0.7824913462725887,44.594687500000006,23.286942020204016,-0.4470815805646278,0.39837904010289676,2.3125,1.1021995055342748,-0.665966354053112,0.3445550782726143,2.3105903125000014,1.20496036314085,-0.003566418359458463,0.5758939684309137,237.88646875,60.26401471337622,-0.70808548067309,0.4001138809826425,1.0,1.0003745555877686,0.014553990215063095,0.9999998807907104,0.2843167185783386
86,2.1599294352477787,1.0,0.960474225692451,0.7548999564116495,0.003516982195975752,0.37187525629997253,1.318,0.875,64,0.875,26,0.40625,0.7428703276276953,45.961875000000006,19.549675338976222,-0.4236925566464969,0.3344441227666349,2.375,1.0231690964840563,-0.6464284280388921,0.31984963371426706,2.1129389062500006,0.8102478147650984,-0.0980311461572792,0.3872466213255885,233.104046875,55.75653765659171,-0.7398376529437803,0.3701871635674822,1.0,0.9983540177345276,0.007381889969110489,0.9999998807907104,0.3109608590602875
87,2.159143916056354,1.0,0.95690006762743,0.7372791889887205,0.0108547446560158,0.492471843957901,1.331,0.953125,64,0.953125,27,0.421875,0.7856023692301266,48.86015625,25.513554026009114,-0.3741104989713644,0.4364705831137661,2.421875,1.234968211888468,-0.6317749835282273,0.38605948086064484,2.280527812500001,1.219059073203937,-0.017934370165629973,0.5826322499017034,245.5115,68.31394676876022,-0.6574602300892742,0.4535601966926936,1.0,0.9992729425430298,0.004666355438530445,0.9999998807907104,0.36113080382347107
88,2.1446512679437473,0.984375,0.9604173577021039,0.7255151399995777,0.005506429920451193,0.3037624657154083,1.344,0.78125,63,0.765625,15,0.23809523809523808,0.6916989477462658,46.98666666666667,26.12212611974517,-0.406161035327901,0.4468816695640881,2.2857142857142856,1.2652695481510878,-0.6743397509163491,0.3955318851171419,1.831044126984127,0.9877903898490848,-0.2327588169399271,0.47210061425200034,218.0536825396825,53.03956628088412,-0.8397622881186422,0.35214823989431676,0.984375,0.9981353878974915,0.009649568237364292,1.023047924041748,0.3332538306713104
89,2.2068577364656647,1.0,0.9683643123134971,0.7211500600967478,0.018139369690385737,0.364380806684494,1.357,0.84375,64,0.84375,15,0.234375,0.7074533341637027,48.88921875,27.21382830386325,-0.37361331514864765,0.46555785589245446,2.28125,1.2926323674966522,-0.6757353170602219,0.40408568895576746,1.8406362500000006,1.1663573513447496,-0.22817439577698534,0.5574441983499346,227.493171875,74.35153861293718,-0.777090215399766,0.4936458815919208,1.0,0.9996575713157654,0.009832841344177723,0.9999998807907104,0.39747557044029236
90,2.1897857886546106,0.984375,0.97198291146566,0.7091234970675493,0.01717345163542596,0.3434111773967743,1.37,0.765625,63,0.734375,15,0.23809523809523808,0.6910203531066679,45.49238095238096,23.774093324008906,-0.43172437928178425,0.4067129324888652,2.2063492063492065,1.2618798040858281,-0.6991498156963107,0.3944722280170749,1.8877046031746036,0.9799962343365065,-0.20567873407191944,0.4683755065339287,219.71984126984123,83.30084263530945,-0.8287000772946935,0.553063442494815,0.984375,0.9988305568695068,0.011220196262001991,1.0230478048324585,0.38834047317504883
91,2.2538237566186687,1.0,0.9779066266492009,0.7363029138074024,0.013665365928867171,0.35824230313301086,1.383,0.828125,64,0.828125,9,0.140625,0.6485271601806248,49.3684375,23.550388413646044,-0.3654151281364296,0.40288592302668075,2.359375,1.3034472023733834,-0.651312909542447,0.4074664800546087,1.9281973437500002,0.8443556374209316,-0.18632579452640285,0.4035479785690794,230.75076562499999,57.24610956424851,-0.7554619106116353,0.3800769526864105,1.0,0.9983144402503967,0.0101899029687047,0.9999998807907104,0.4618358016014099
92,2.27864635834002,1.0,0.9825175162404776,0.7528726449619664,0.011046153132057342,0.32556748390197754,1.3960000000000001,0.71875,64,0.71875,8,0.125,0.6040980510982827,47.871875,21.733655847196417,-0.3910174219750419,0.3718063516807332,2.21875,1.1383753500054365,-0.6952732430744418,0.355863893837086,1.9120173437500003,0.9201593685441171,-0.19405879944029386,0.4397773126399615,224.27009375,62.34774192776523,-0.7984893588759766,0.4139484750869958,1.0,0.9996916651725769,0.012877662666141987,0.9999998807907104,0.5086228251457214
93,2.280000779623391,1.0,0.9785529160872102,0.7364284739578779,0.011726810191410681,0.2960369884967804,1.409,0.84375,64,0.84375,11,0.171875,0.6607444440668715,49.27281250000001,26.13453303753185,-0.3670510232950462,0.4470939196737935,2.3125,1.4238482187368147,-0.665966354053112,0.4451046584505383,1.9743903125000004,0.8398987784269176,-0.16424851057516865,0.40141788508939896,233.35926562499998,69.42024088617868,-0.738143166357586,0.46090527044746815,1.0,0.9983322024345398,0.003846153849735856,0.9999998807907104,0.5278707146644592
94,2.3178252372005486,1.0,0.9807251235470176,0.776502501366926,0.016730824055374013,0.32111722230911255,1.422,0.71875,64,0.71875,10,0.15625,0.5780053919672603,42.189687500000005,14.289885733529983,-0.48822487841009876,0.24446279622135975,1.890625,0.7313768586542782,-0.7978473546490962,0.22863339124639734,2.0752750000000004,0.8477860020739322,-0.11603208386479369,0.40518747342186634,216.304,42.6133128992572,-0.8513790427402779,0.282924695388159,1.0,1.0012444257736206,0.003123373258858919,0.9999998211860657,0.4606553316116333
95,2.3143131240722616,1.0,0.9807782508432865,0.7559001725267401,0.014820545377633245,0.28809040784835815,1.4349999999999998,0.75,64,0.75,9,0.140625,0.5912673079832945,46.273281250000004,16.452885485406455,-0.418365205255773,0.28146609893700775,2.1875,0.998044963916957,-0.7050422060815518,0.311995658621988,1.9778234375000006,0.8606970499510469,-0.16260769645310416,0.4113581283462922,223.07943749999998,51.697785664280104,-0.8063945423485607,0.3432396888711213,1.0,1.0005736351013184,0.0010816657450050116,0.9999998211860657,0.5051214694976807
96,2.3172938690286324,1.0,0.9849965889006853,0.7392311952181874,0.018602103825549894,0.29291412234306335,1.448,0.78125,64,0.78125,8,0.125,0.6242455883547084,48.71906250000001,21.64829538026248,-0.3765242462397155,0.3703460559986993,2.265625,1.107392594961245,-0.6806197985637769,0.3461784734247642,1.8592190625000002,0.9135083007383524,-0.21929300020365938,0.43659852771878715,222.72225,60.71705499178135,-0.8087660351464303,0.4031217739166972,1.0,0.9992973804473877,0.0030800821259617805,0.9999998807907104,0.49442803859710693
97,2.3398442981653504,1.0,0.9818343920633197,0.7558345214258675,0.02236200519355523,0.2579179108142853,1.4609999999999999,0.78125,64,0.78125,7,0.109375,0.6147925858644138,43.53093750000001,17.16003903684644,-0.46527957768858613,0.29356365785151,2.09375,0.8046495743489833,-0.7343490951028816,0.2515389416160632,2.1480425000000007,0.8951389733129442,-0.08125387403342335,0.4278191643537961,226.227359375,48.617545832037074,-0.7854943875144215,0.3227888988018276,1.0,0.9989736080169678,0.004203888587653637,0.9999998211860657,0.5937499403953552
98,2.3530902153388906,1.0,0.9819945627823472,0.7747202495364782,0.01170892542395702,0.2594243586063385,1.474,0.875,64,0.875,8,0.125,0.6230812438634578,47.80859375,18.0012685201616,-0.39209999965353826,0.30795490741010756,2.1875,0.8816709987291178,-0.7050422060815518,0.2756163638728456,2.1863287500000004,0.9098533960883144,-0.06295549582672003,0.4348517171119548,234.23001562500002,45.804814297493685,-0.7323619524188418,0.304114189926207,1.0,0.999518871307373,0.013366336934268475,0.9999998211860657,0.45024794340133667
99,2.3472695534612167,1.0,0.986587936989963,0.7431420617192506,0.016913206055062236,0.2845243513584137,1.4869999999999999,0.859375,64,0.84375,9,0.140625,0.6484617044247771,49.016875000000006,22.874176206136365,-0.3714294485725203,0.39131769007020917,2.34375,1.2651426549998226,-0.656197391046002,0.39549221745312374,2.4720917187500007,1.1581742819918603,0.07362092206894484,0.5535332146962508,258.561765625,72.74302310525697,-0.570814950117342,0.48296638429225214,1.0,0.9981114268302917,0.006241640541702509,0.9999999403953552,0.5033649802207947
100,2.353179162842877,1.0,0.9820981295779347,0.7365060955297261,0.022599617755008142,0.25554123520851135,1.5,0.828125,64,0.828125,3,0.046875,0.6644323775081126,47.214687500000004,21.479771440877666,-0.4022601916435743,0.36746304949882347,2.296875,1.0410284503196827,-0.6708508355566669,0.3254325894567029,2.4206481250000014,1.2642142954591848,0.049034175266907676,0.6042135574163928,241.12114062499998,53.55712110502534,-0.686609362233799,0.35558446747213973,1.0,0.9983091950416565,0.006591337267309427,0.9999998807907104,0.5439075231552124
101,2.370833709576112,1.0,0.9850854622200131,0.7684081523027251,0.019544441790581523,0.24402308464050293,1.5,0.828125,64,0.828125,8,0.125,0.6472710521554537,46.932187500000005,18.76719623678092,-0.40709303224288634,0.3210579394986606,2.203125,0.8870542454523286,-0.7001577245779967,0.27729920349195575,2.1621342187500003,0.9605488598579417,-0.07451893396303286,0.4590809056436307,233.83081249999998,51.065764190305096,-0.7350124016529967,0.3390434771514202,1.0,1.0003501176834106,0.001912045874632895,0.9999998807907104,0.5408177971839905
102,2.338579481469788,0.984375,0.9871482215230427,0.7720243239448815,0.019216117285682805,0.19014576077461243,1.5,0.8125,63,0.796875,5,0.07936507936507936,0.6281361202818619,43.4052380952381,21.457667431712547,-0.4674299677297993,0.36708490736466154,1.9682539682539681,0.9252756597961694,-0.773580010036196,0.2892474781416966,2.4022619047619056,1.21968378069808,0.04024673821813892,0.5829308201193766,232.17276190476187,51.75597234265614,-0.7460207797320472,0.3436260105892686,0.984375,1.0018327236175537,0.009528347291052341,1.0230478048324585,0.5481151342391968
103,2.35929552744106,1.0,0.9831507140770555,0.7802337846356563,0.015276470488498572,0.18437758088111877,1.5,0.765625,64,0.765625,10,0.15625,0.6504986695615735,45.04390625,19.260866706971182,-0.43939661556295634,0.329503357873942,2.109375,0.8859526563959272,-0.7294646135993266,0.276954839244243,2.284198281250001,0.7456996772946597,-0.01618012091470072,0.35639674096456125,232.0056875,47.335377370840135,-0.747130045167151,0.31427613373758473,1.0,0.9991207718849182,0.004257332067936659,0.9999999403953552,0.5002915263175964
104,2.3694010973155892,1.0,0.98640938103199,0.7969555617653201,0.015156197010026986,0.23644235730171204,1.5,0.765625,64,0.765625,8,0.125,0.6417168480115146,46.57171875,17.69517267811757,-0.41325971546335816,0.3027184032943164,2.125,0.8385254915624212,-0.7245801320957717,0.262128784242943,2.2944542187500008,0.844356174014418,-0.011278438894672414,0.40354823502643833,234.23674999999997,47.13369460143402,-0.7323172405467564,0.3129370912596116,1.0,1.0000797510147095,0.006151142530143261,0.9999998807907104,0.4905150830745697
105,2.358894463625459,1.0,0.9837387725710869,0.773227186303996,0.022578420388132518,0.2089754045009613,1.5,0.875,64,0.875,12,0.1875,0.6686704708627145,51.18281250000001,23.80552368075199,-0.334375888623591,0.4072506241848611,2.328125,1.1599392158104664,-0.661081872549557,0.3626049052719538,2.3072707812500006,0.9461721070174437,-0.005152941935977045,0.45220973751252014,249.254609375,64.0598775296444,-0.6326084171774249,0.4253159424503073,1.0,0.9996429681777954,0.00041701417649164796,0.9999998807907104,0.6214223504066467
106,2.3602048962571085,1.0,0.9845219841226935,0.8037925971103556,0.009721040018412336,0.15417514741420746,1.5,0.890625,64,0.890625,11,0.171875,0.6335939375922497,50.11265625,20.891900063345982,-0.3526834800310516,0.3574060984881734,2.25,0.9013878188659973,-0.6855042800673319,0.2817799762419661,2.4328126562500008,0.9190537463222069,0.05484804300061762,0.43924889594806177,255.761984375,55.47160017508178,-0.5894036775223765,0.36829536392375467,1.0,1.0005837678909302,0.0016645858995616436,1.0,0.5405648350715637
107,2.3725235876421156,1.0,0.9884181348606944,0.8141704329669379,0.017676201919934742,0.22041276097297668,1.5,0.796875,64,0.796875,7,0.109375,0.6580847265949032,45.608125,12.931102509429543,-0.4297442995208568,0.22121754761570747,2.09375,0.6304450313072505,-0.7343490951028816,0.1970814140434175,2.6540943750000006,0.9598345953761312,0.16060654846712033,0.45873953291509806,253.60854687499994,50.368246924193755,-0.6037011026055968,0.33441241594974647,1.0,0.9987903237342834,0.00726299686357379,0.9999998807907104,0.5243635177612305
108,2.3592186764285437,1.0,0.9900401094928384,0.7979606857865873,0.004452296741029186,0.17361842095851898,1.5,0.734375,64,0.734375,11,0.171875,0.608571490650051,43.892812500000005,14.556681613260755,-0.45908883718637,0.24902698014805727,1.96875,0.63661089960823,-0.7734249471313213,0.19900890650226488,2.6546098437500008,1.3043492582432308,0.1608529095534435,0.623395502065828,253.54573437500002,64.45271218673673,-0.6041181367721509,0.42792410919759855,1.0,0.9994328618049622,0.004809470847249031,0.9999998211860657,0.4989911913871765
109,2.370354616905159,1.0,0.9869387475773692,0.8136856749087488,0.012074516463155095,0.16782279312610626,1.5,0.765625,64,0.765625,8,0.125,0.6032864802463653,47.54765625,13.624812010421866,-0.39656396193277005,0.23308511377685515,2.234375,0.744609534840241,-0.6903887615708868,0.23277001601906086,2.2881500000000004,0.7998251347951011,-0.014291452156229746,0.382265247071948,246.66559375,53.5977243455584,-0.6497977978479683,0.35585404659373365,1.0,0.9998338222503662,0.011476058512926102,0.9999998211860657,0.4384133815765381
110,2.3534352726562715,1.0,0.9834933830425143,0.8006005389449606,0.02498689077269948,0.18356990814208984,1.5,0.875,64,0.875,17,0.265625,0.6887577364757522,50.107656250000005,20.880167903882764,-0.3527690170328093,0.357205391739248,2.234375,0.9640764281813968,-0.6903887615708868,0.3013768628137839,2.370745156250001,1.0400188916222761,0.025183748656184085,0.4970624968760583,254.812515625,53.87993553262436,-0.5957075327872651,0.35772774541467556,1.0,1.0004886388778687,0.012820512987673283,1.0,0.6156490445137024
111,2.3552338654088545,1.0,0.9856319669634104,0.8108801922718967,0.02068293688199719,0.1447032392024994,1.5,0.8125,64,0.8125,12,0.1875,0.6621358796064176,48.051875,13.772714519453855,-0.3879380899117634,0.2356153412118637,2.21875,0.5986638768958755,-0.6952732430744418,0.18714640854684242,2.3347260937500005,1.0130583977870824,0.007968941035278487,0.4841771055714549,249.2636875,47.70548584671469,-0.6325481443289751,0.3167334134155327,1.0,0.9977655410766602,0.005627009551972151,0.9999998211860657,0.5295976400375366
112,2.3422486892311243,1.0,0.9870208669453859,0.794249555162871,0.016526264525183132,0.23984353244304657,1.5,0.8125,64,0.8125,10,0.15625,0.6654173377437926,51.54343750000001,19.079748198249206,-0.32820653237181435,0.32640489103416,2.3125,0.9333240326917549,-0.665966354053112,0.29176345436839746,2.0607654687500006,0.8504081533095779,-0.12296671158138858,0.4064406939651428,249.71459375,60.99895139383515,-0.6295544199562312,0.4049933827697953,1.0,0.9996423125267029,0.0061349691823124886,0.9999999403953552,0.5309845805168152
113,2.3583309347974457,1.0,0.986322876997292,0.7904542769486864,0.033026449411451,0.20634232461452484,1.5,0.765625,64,0.765625,10,0.15625,0.650465473695094,47.743125000000006,17.49945373031327,-0.39321999977030353,0.2993701608978447,2.140625,0.7879401051951855,-0.7196956505922166,0.24631544766304259,1.9825546875000002,0.7805350350340003,-0.16034646162622873,0.3730458134352334,231.97087499999998,58.31576748013247,-0.7473611775360773,0.3871787858796302,1.0,0.9999564290046692,0.01285773515701294,0.9999999403953552,0.45505842566490173
114,2.362073382299176,1.0,0.9901210768148303,0.8171018444222482,0.004048604634851272,0.1256706416606903,1.5,0.71875,64,0.71875,6,0.09375,0.5686826331598782,54.13453125000001,18.73307602291395,-0.2838796542421727,0.32047423133995795,2.421875,0.8979958153438132,-0.6317749835282273,0.28071961282026364,1.9020468750000004,0.5993164551618243,-0.19882404566016698,0.28643492538579574,248.36068749999998,50.10887454766466,-0.6385434773024874,0.3326903519836079,1.0,0.9997075796127319,0.003630496095865965,0.9999997019767761,0.5026534199714661
115,2.36157123358446,1.0,0.9838423933833838,0.8208062612149686,0.01598819889647842,0.13428327441215515,1.5,0.765625,64,0.765625,11,0.171875,0.604770153801139,53.401875000000004,16.615421665109043,-0.296413498030986,0.2842466704347909,2.421875,0.7866997421983816,-0.6317749835282273,0.24592770173564527,2.0361765625000006,0.8106094013036947,-0.13471863573827716,0.38741943655919553,248.45351562499997,45.584796867689406,-0.6379271588986317,0.30265341722227235,1.0,1.0005621910095215,0.017673654481768608,0.9999998211860657,0.5069974660873413
116,2.371544984402911,1.0,0.9905164260417223,0.8177307392989648,0.012954476968770293,0.14865176379680634,1.5,0.671875,64,0.65625,9,0.140625,0.5696873814981915,47.704062500000006,14.00351637968456,-0.39388825759653584,0.2395637610367122,2.140625,0.6341132464907195,-0.7196956505922166,0.19822812311315918,2.1629812500000005,0.6959404122918416,-0.07411410721281836,0.3326149955518047,236.11181249999998,38.323359708813314,-0.7198680444962069,0.2544421950365622,1.0,0.9997344613075256,0.014588859863579273,0.9999997615814209,0.46287304162979126
117,2.363565616754732,1.0,0.9911849005147815,0.8106226947975684,0.00878276062272016,0.11052774637937546,1.5,0.59375,64,0.59375,6,0.09375,0.5158757518126775,46.638906250000005,15.515255306994176,-0.4121103120022385,0.26542568409321626,2.09375,0.7228145941387736,-0.7343490951028816,0.2259567689965076,2.2323592187500005,0.7118318728777908,-0.04095587647984354,0.3402100970845644,238.179109375,44.397511413618815,-0.7061425371642842,0.29477061364335677,1.0,0.9996388554573059,0.004946043249219656,0.9999997019767761,0.510596513748169
118,2.364207266737054,1.0,0.9897971283644438,0.8149509105323001,0.0028736312128559253,0.10808981955051422,1.5,0.5,64,0.5,6,0.09375,0.4906508048804463,44.09265625000001,12.47447258932561,-0.4556700301473654,0.21340579675999446,1.921875,0.6448034463113547,-0.7880783916419862,0.20156995244392392,2.1363717187500004,0.6645440188217289,-0.08683176085389309,0.3176095280003313,228.53135937500002,41.3860310522944,-0.7701973253095795,0.27477634176148236,1.0,1.0000988245010376,0.0044923629611730576,0.9999997019767761,0.46410122513771057
119,2.3531189441588563,1.0,0.9882266242057085,0.8159384315004378,0.003658941868601095,0.13808012008666992,1.5,0.6875,64,0.6875,12,0.1875,0.5707027638347564,48.577031250000005,13.837399918301973,-0.3789540316958962,0.23672194022685797,2.21875,0.5986638768958755,-0.6952732430744418,0.18714640854684242,2.3231046875000008,0.8968663874899535,0.0024146523061330835,0.4286447578222224,246.051859375,36.67164045232501,-0.6538725951186387,0.24347585293090404,1.0,0.9991518259048462,0.02711864374577999,0.9999998211860657,0.5236627459526062
120,2.3565365065443906,1.0,0.9870237158611417,0.8132337429358983,0.01725439515762517,0.11227824538946152,1.5,0.578125,64,0.578125,8,0.125,0.5118841025677754,49.09968750000001,10.403909416769437,-0.3700127419809078,0.1779838436139064,2.1875,0.5266343608235224,-0.7050422060815518,0.16462949085305528,2.1343092187500003,0.6792747121086785,-0.08781750390920218,0.3246498570221486,241.93739062499998,38.847235310096885,-0.6811899928654388,0.25792038846556986,1.0,0.9993820190429688,0.0054991538636386395,0.9999998807907104,0.6611462235450745
121,2.3594312731884215,1.0,0.9904504353180528,0.8264537059090772,0.005843366704909968,0.10588864237070084,1.5,0.484375,64,0.484375,8,0.125,0.44593743890572324,48.169375,11.670156366106456,-0.3859279703704566,0.19964603712014004,2.203125,0.5355980156563316,-0.7001577245779967,0.16743159045210215,2.160790625,0.646694028482257,-0.07516108582156343,0.3090783745387711,238.60993749999997,32.72760271347558,-0.7032821184890585,0.21729000630355041,1.0,0.999397337436676,0.002487562131136656,0.9999997615814209,0.5401895642280579
122,2.3662663032238966,1.0,0.9912629071623087,0.8297424578517602,0.0033105798824433546,0.11990679055452347,1.5,0.609375,64,0.609375,5,0.078125,0.4640443192865844,51.98515625,15.572148714952153,-0.3206498728727795,0.2663989824005173,2.328125,0.8111467095260881,-0.661081872549557,0.2535699903583778,2.0582312500000004,0.8216583122858545,-0.12417790602184754,0.39270010917465825,248.262671875,41.89536659123787,-0.6391942373340287,0.27815799862882384,1.0,0.9994670748710632,0.0077220075763762,0.9999997019767761,0.5255417823791504
123,2.3687587187529573,1.0,0.9924916187301278,0.8342379051408433,0.0012198074446064643,0.12473639845848083,1.5,0.5,64,0.5,8,0.125,0.4171013320211854,48.65890625,12.842417280878664,-0.3775533632921133,0.2197003739056191,2.171875,0.650833299989329,-0.7099266875851067,0.20345492580451327,2.1481620312500005,0.8404036501422625,-0.08119674574271805,0.4016591814710829,240.828140625,45.6224665635211,-0.6885546917589805,0.3029035195141017,1.0,1.000708818435669,0.019529692828655243,0.9999997615814209,0.5669611692428589
124,2.327279523080821,0.984375,0.9907980949159653,0.8143352659514058,0.013913163984649715,0.1610919088125229,1.5,0.515625,63,0.5,11,0.1746031746031746,0.4829991551597236,49.63539682539684,15.614815901450147,-0.36084814807928695,0.2671289070418126,2.238095238095238,0.6834619092574916,-0.6892257897843261,0.21365485146576527,1.9276320634920636,0.5732997677831266,-0.18659596232691886,0.2740006131890938,235.6749047619047,36.87152855038321,-0.7227688278501219,0.24480297995781541,0.984375,1.0011683702468872,0.021084336563944817,1.023047685623169,0.5886949300765991
125,2.3704811270462587,1.0,0.9926755456253886,0.8251390482934082,0.0062186402500462295,0.08259682357311249,1.5,0.421875,64,0.421875,4,0.0625,0.4308614346513342,48.175312500000004,13.257827401288031,-0.38582639518086925,0.22680696114554658,2.15625,0.6427176187875979,-0.7148111690886617,0.2009179085425226,1.9594732812500002,0.48942083850472823,-0.17137789722269142,0.23391185099615325,226.87993749999998,28.08024989086803,-0.7811616929954788,0.18643460473442106,1.0,1.0002379417419434,0.015438905917108059,0.9999996423721313,0.6395273804664612
126,2.3655360387274325,1.0,0.9899712763726711,0.8161182052329723,0.004089176579964687,0.07787568867206573,1.5,0.546875,64,0.546875,6,0.09375,0.4968759215173948,46.69500000000001,12.156139523919592,-0.4111506937637689,0.20795994556495848,2.09375,0.5510997527671374,-0.7343490951028816,0.17227753913630714,2.1547015625000006,0.7358131878006194,-0.07807126815985063,0.35167163145661656,231.2708125,47.5658248922858,-0.7520091374361539,0.3158061554695751,1.0,0.9992333054542542,0.007243096362799406,0.9999996423721313,0.5637786984443665
127,2.3628756201553456,1.0,0.9899229872971773,0.8102237383124198,0.01627270424380857,0.13242213428020477,1.5,0.59375,64,0.59375,13,0.203125,0.5287704441591554,48.44109375000001,14.509544285269987,-0.3812795689311846,0.24822058300661703,2.21875,0.7173900177030623,-0.6952732430744418,0.22426100942755708,2.1169951562500007,0.8029724742772021,-0.0960925181485047,0.383769473999066,234.876140625,42.79604930542188,-0.7280721024548215,0.28413794633094996,1.0,0.9994041323661804,0.0,0.9999997615814209,0.5511981844902039
128,2.3723757275743527,1.0,0.9904069853946567,0.825751530390078,0.0142384391399334,0.08312246948480606,1.5,0.375,64,0.375,3,0.046875,0.40391298191179603,44.30828125000001,9.10852048816922,-0.4519812469465631,0.1558231066013807,1.953125,0.41191957270200213,-0.7783094286348763,0.12876886616417252,2.0825092187500003,0.5344201930401562,-0.11257459009829728,0.2554186637121231,221.92465625,25.704114306625822,-0.8140615391429333,0.17065860914445108,1.0,0.9988703727722168,0.0030946065671741962,0.9999996423721313,0.480180025100708
129,2.355184270379743,1.0,0.9826845014467835,0.8093221750598814,0.02701404640852393,0.13472476601600647,1.5,0.640625,64,0.640625,10,0.15625,0.5991605697736346,45.238125000000004,12.272574719038179,-0.4360740376509292,0.20995184906286266,2.046875,0.5428422739387565,-0.7490025396135465,0.16969619496970084,2.2608264062500005,0.8047631157430886,-0.02735038199145301,0.3846252860667247,237.45024999999998,44.456750059749105,-0.7109816895939531,0.29516391974352413,1.0,0.9998841285705566,0.01114444900304079,0.9999998211860657,0.5133593678474426
130,2.3694683629461584,1.0,0.9914289992302656,0.8218258442613803,0.021511484379569523,0.15725669264793396,1.5,0.5,64,0.5,10,0.15625,0.496204570899647,44.487187500000005,11.983204453102006,-0.4489206261024192,0.2050014760736589,1.96875,0.5294085733155443,-0.7734249471313213,0.16549672858772485,2.1919014062500004,0.724681736307109,-0.06029212263978083,0.3463515097571075,229.5660625,41.29470764323008,-0.7633275692042547,0.2741700136932467,1.0,1.0000112056732178,0.005174644291400909,0.9999997615814209,0.4925159811973572
131,2.359499394182558,1.0,0.9876517234370112,0.8255284041713382,0.011354470340923073,0.08407866954803467,1.5,0.609375,64,0.609375,9,0.140625,0.531939617766997,48.03859375000001,12.27175031668103,-0.38816529757268226,0.20993774568168816,2.109375,0.5894167535581255,-0.7294646135993266,0.1842556947609652,2.2705950000000006,0.6903095394526835,-0.022681619106993418,0.3299237985595485,238.39871875,37.57501536279991,-0.7046844736789797,0.249473675066246,1.0,0.9994292855262756,0.003060778370127082,0.9999997615814209,0.5507563352584839
132,2.36416032387735,1.0,0.988415690138936,0.8256513610635499,0.009551156624483378,0.10193716734647751,1.5,0.53125,64,0.53125,5,0.078125,0.5065789751517158,44.667812500000004,12.746204639611108,-0.445830601913921,0.21805442573257525,1.96875,0.5581428468591172,-0.7734249471313213,0.1744792583567918,2.2975348437500007,0.7478431679377883,-0.009806097222060838,0.3574211923660565,231.90034375,38.50486715307023,-0.7478294591847905,0.25564728647121493,1.0,1.0000494718551636,0.001956947147846222,0.9999998211860657,0.4768370985984802
133,2.370437819573276,1.0,0.9887973293662071,0.8290488025768712,0.030895396126227763,0.19088390469551086,1.5,0.578125,64,0.578125,14,0.21875,0.5755952165489431,46.87406250000001,10.894043200120594,-0.40808739988831993,0.1863687584715131,2.0625,0.46351240544347894,-0.7441180581099914,0.14489713734764445,2.2682001562500007,0.7627826886769844,-0.023826201213714704,0.3645613275506907,238.390109375,42.893703881338034,-0.7047416343321566,0.2847863092312871,1.0,0.9995251297950745,0.003079630434513092,0.9999997615814209,0.5751855969429016
134,2.347355852137527,1.0,0.9862577626481652,0.7993604706723036,0.013392134852108039,0.0944070816040039,1.5,0.671875,64,0.671875,12,0.1875,0.5857405799873183,46.01703125,12.965883801308088,-0.422748976595857,0.22181256510061775,2.078125,0.6448034463113547,-0.7392335766064365,0.20156995244392392,2.2517765625000004,0.8316581521917135,-0.03167562835663829,0.3974793929280656,236.815703125,45.854105268326215,-0.7151946683347354,0.3044414499292288,1.0,1.0014697313308716,0.003082342678681016,0.9999999403953552,0.6002737879753113
135,2.3401640269546644,1.0,0.985131942667067,0.8058491133053345,0.010089331272134858,0.11784698814153671,1.5,0.703125,64,0.6875,15,0.234375,0.6049757993204747,48.735625000000006,12.674787581430113,-0.37624090492139295,0.21683266552634323,2.15625,0.47495887979908324,-0.7148111690886617,0.14847538325297982,2.297929687500001,0.8437805256847919,-0.00961738716897246,0.4032731119509333,244.58753124999998,45.99389049067034,-0.6635947819313229,0.3053695329333589,1.0,1.0006539821624756,0.020859407261013985,0.9999999403953552,0.45599648356437683
136,2.3624005374270918,1.0,0.9868224309757352,0.840742311302365,0.004006510506837203,0.0858893021941185,1.5,0.625,64,0.609375,10,0.15625,0.5681533873934461,47.0071875,7.7471780081423045,-0.40580997721652035,0.13253407577999218,2.078125,0.4071504443998557,-0.7392335766064365,0.12727800414945797,2.413265625,0.7992623619271464,0.045505812548934245,0.3819962776434376,247.97934375,40.524790778384485,-0.6410753518967484,0.2690582662218492,1.0,1.0006060600280762,0.016631130129098892,0.9999997615814209,0.546716034412384
137,2.354815269498899,1.0,0.9895229488611221,0.8280896559898222,0.0039840772523543734,0.09573052078485489,1.5,0.5625,64,0.5625,12,0.1875,0.5469781812975754,48.761250000000004,8.571271510837818,-0.3758025277873846,0.14663217325771313,2.125,0.33071891388307384,-0.7245801320957717,0.10338498673521042,2.285377031250001,0.8020315113737743,-0.015616753823090867,0.38331975392762,245.25017187499998,46.017314829092726,-0.6591952789538577,0.3055250553126794,1.0,0.9992676973342896,0.011421320028603077,0.9999998211860657,0.5558392405509949
138,2.3477167641720085,1.0,0.9826934766024351,0.8266079883778219,0.014003998815765212,0.12216712534427643,1.5,0.609375,64,0.609375,10,0.15625,0.5666181335159017,47.4109375,8.420082340517448,-0.39890286432458316,0.1440457195922243,2.109375,0.4716058835245803,-0.7294646135993266,0.14742721376278475,2.431360625000001,0.6734976946528736,0.054154064954179244,0.32188881225247157,245.85087499999997,35.10884114725414,-0.655207000711771,0.23309988149715735,1.0,0.999438464641571,0.002549936296418309,0.9999999403953552,0.6208930611610413
139,2.3695126665663024,1.0,0.9912909306585789,0.8371161008748909,0.007727091573510642,0.14303863048553467,1.5,0.578125,64,0.578125,8,0.125,0.5286950072894956,48.49515625000001,8.324954202611925,-0.38035470009967903,0.14241832445237734,2.140625,0.3899994991983964,-0.7196956505922166,0.12191650177473716,2.4065850000000006,0.7454158357336536,0.04231290117978343,0.3562610828566486,246.564953125,38.859926201530925,-0.6504659861730374,0.25800464773453746,1.0,0.9986125826835632,0.002646669512614608,0.9999997019767761,0.5420371890068054
140,2.3186605431121454,0.984375,0.9882536218279884,0.8235827318519628,0.006761797407567705,0.07341931760311127,1.5,0.578125,63,0.5625,6,0.09523809523809523,0.5159851370263298,45.356825396825414,10.558107367882558,-0.4340433824405494,0.18062176969698684,2.0,0.4364357804719847,-0.7636559841242113,0.1364327998211191,2.4271060317460327,0.7616488003521732,0.05212064155865739,0.3640194014698768,234.9809047619047,38.4384858420854,-0.7273765366913373,0.25520655771975054,0.984375,0.9978305101394653,0.014595496468245983,1.023047924041748,0.5882264375686646
141,2.365881447409995,1.0,0.9906435469165444,0.8356851049698379,0.0015166794096700238,0.08008809387683868,1.5,0.546875,64,0.546875,6,0.09375,0.48116038608349243,48.272968750000004,10.202396268721552,-0.3841557506152885,0.17453647751415063,2.140625,0.49583223914445096,-0.7196956505922166,0.15500053766190813,2.2085984375000005,0.7495270543174607,-0.05231200986452472,0.35822598233196756,234.846671875,34.99658912846665,-0.7282677557976379,0.23235460106572886,1.0,1.000968337059021,0.006720430217683315,0.9999996423721313,0.5769308805465698
142,2.375322478332728,1.0,0.9915877534076571,0.8435686324484084,0.01253624820308552,0.08257429301738739,1.5,0.34375,64,0.34375,4,0.0625,0.41021587683382643,46.97062500000001,9.702849754550206,-0.4064354665418736,0.16599053530200159,2.078125,0.4777776516068955,-0.7392335766064365,0.1493565505334919,2.349706093750001,0.6449279016356632,0.015128422716989973,0.3082342788908561,235.80460937499998,35.00099373616824,-0.7219076735381542,0.2323838447974993,1.0,0.9997749924659729,0.0,0.9999996423721313,0.4850117862224579
143,2.363226137480853,1.0,0.9892529109492898,0.8225606398942045,0.01363687638448977,0.09353793412446976,1.5,0.515625,64,0.515625,4,0.0625,0.45707798710148695,46.76984375000001,11.291156591026711,-0.4098703117687078,0.19316233623470452,2.09375,0.6304450313072505,-0.7343490951028816,0.1970814140434175,2.412296875000001,0.8703308296936494,0.04504281202295609,0.415962458759697,235.844,40.47778093480732,-0.721646145395397,0.2687461514208771,1.0,0.9991612434387207,0.004050405230373144,0.9999996423721313,0.6266288757324219
144,2.3575430613494066,1.0,0.9886560719460249,0.8145483421571508,0.012934668823722711,0.07771115750074387,1.5,0.546875,64,0.546875,4,0.0625,0.4845061808621044,46.48093750000001,9.922167687612106,-0.4148127466515219,0.16974249498716532,2.0625,0.5266343608235224,-0.7441180581099914,0.16462949085305528,2.3336034375000008,0.6662291965753486,0.007432383167672889,0.3184149351603759,232.66281250000003,36.98027451936159,-0.7427671623540619,0.2455249824977408,1.0,1.0003076791763306,0.002710027154535055,0.9999998807907104,0.5801079869270325
145,2.3667740156894848,1.0,0.9900424387305975,0.8317474492329162,0.0029465850118864045,0.061707790940999985,1.5,0.4375,64,0.4375,3,0.046875,0.4218469830106063,44.614531250000006,9.21554510895983,-0.4467421055889018,0.1576540196367182,2.0,0.39528470752104744,-0.7636559841242113,0.12356869392158028,2.351685937500001,0.6426665416127534,0.01607466137258249,0.3071534934663049,229.02392187500004,33.482456997706606,-0.7669270305169266,0.22230174803162042,1.0,0.9993526339530945,0.000875273544806987,0.9999996423721313,0.5079894065856934
146,2.368009548190341,1.0,0.990869359113276,0.8357224355568686,0.005450452127427697,0.04835488274693489,1.5,0.4375,64,0.4375,4,0.0625,0.43913319184424415,45.49156250000001,10.470924209858161,-0.4317383808743339,0.1791302925087513,2.015625,0.3746743377588062,-0.7587715026206564,0.11712575184893415,2.4391656250000007,0.6693332391778853,0.05788435564348201,0.31989846894890145,236.4893125,28.925239041727796,-0.7173616899031825,0.19204478338160774,1.0,1.000332236289978,0.0022914756555110216,0.9999998211860657,0.5603225827217102
147,2.36538208770102,1.0,0.9905072739347816,0.8323651013145691,0.012018037970298469,0.057288795709609985,1.5,0.390625,64,0.390625,5,0.078125,0.3887638931095466,48.02250000000001,6.222566542432472,-0.38844061979709,0.10645193705553493,2.109375,0.3121091305537215,-0.7294646135993266,0.09756744161793765,2.2867268750000007,0.4933412226874366,-0.014971614864392814,0.23578554383603118,231.784,23.59934733935983,-0.7486019060514981,0.15668432475861613,1.0,1.0009082555770874,0.004850088153034449,0.9999998211860657,0.4629970192909241
148,2.3613538618103114,1.0,0.9894190188497305,0.8287975611370477,0.011838788464462752,0.09902408719062805,1.5,0.546875,64,0.546875,8,0.125,0.5290814521368385,47.88453125000001,13.013813806116692,-0.3908009064393425,0.22263252288173013,2.15625,0.5650981662507851,-0.7148111690886617,0.1766535386076666,2.5053779687500013,0.8468206315853946,0.08952962014156611,0.4047260880861687,247.190625,41.218113823180055,-0.646311931662753,0.27366148052058537,1.0,0.9986542463302612,0.018377408385276794,0.9999997615814209,0.7461511492729187
149,2.3704966778301957,1.0,0.9900394380092621,0.8485452455242706,0.0010641090584065415,0.046430159360170364,1.5,0.46875,64,0.46875,5,0.078125,0.4628738951268738,47.064062500000006,9.851873825374225,-0.40483699382152605,0.1685399497436054,2.09375,0.42274216432714634,-0.7343490951028816,0.13215208207543946,2.5258628125000007,0.6488460244432732,0.09932006497339776,0.31010689093810434,243.82162499999998,32.89394688925494,-0.668679901527385,0.2183944234929211,1.0,0.9990520477294922,0.0009456264670006931,0.9999997019767761,0.47682902216911316
150,2.363494266212939,1.0,0.988397472538054,0.8314646928796284,0.013715344713663313,0.08261442184448242,1.5,0.515625,64,0.515625,4,0.0625,0.47096280674764646,47.83734375,9.776606364523222,-0.3916081618934313,0.16725231915738287,2.078125,0.443871022229431,-0.7392335766064365,0.1387571070747963,2.3589420312500007,0.4993688430007794,0.019542609989665432,0.2386663607397487,232.82065624999998,30.922089920283298,-0.7417191824658698,0.20530257509300368,1.0,0.9998316764831543,0.014650283381342888,0.9999997615814209,0.5045360326766968
151,2.372077565818146,1.0,0.9873656490817666,0.854668058908704,0.01692697765272319,0.07625743001699448,1.5,0.390625,64,0.390625,6,0.09375,0.463120999051265,47.21203125000001,7.684301606946686,-0.40230563317575796,0.13145842401207422,2.09375,0.34089725358236606,-0.7343490951028816,0.10656680510308832,2.5552734375000004,0.5218690338707445,0.11337646223208786,0.24942001256675286,244.05349999999999,32.33899587765521,-0.6671404022657758,0.21470990954106306,1.0,0.9993374943733215,0.03265710175037384,0.9999997019767761,0.4882368743419647
152,2.3606366327907313,1.0,0.9895824231207371,0.8380377492405187,0.0004549657421650478,0.06092400848865509,1.5,0.53125,64,0.53125,6,0.09375,0.506660399499803,48.31703125000001,9.334495446944278,-0.3834019557872984,0.15968895069057001,2.21875,0.5439654745477879,-0.6952732430744418,0.17004731513607496,2.4911937500000008,0.7299430850833087,0.08275047098869465,0.34886609788690026,243.405734375,33.92148487234999,-0.6714411449132509,0.2252166077139465,1.0,0.9979206323623657,0.029300566762685776,0.9999997019767761,0.5390633344650269
153,2.3595376057751394,1.0,0.9864179519936442,0.852085124745209,0.0010086388336486276,0.03149445354938507,1.5,0.546875,64,0.546875,5,0.078125,0.4554504828335305,49.91421875,10.807380117986433,-0.3560782297883117,0.184886178429745,2.21875,0.6724198372296879,-0.6952732430744418,0.21020302448459863,2.681607500000001,0.6597772372953814,0.17375606211492647,0.3153313113769265,256.54821875000005,38.9076782703575,-0.5841835923913173,0.2583216904286564,1.0,1.0009030103683472,0.010805943049490452,0.9999998807907104,0.645065426826477
154,2.3545158408637867,1.0,0.990699871443212,0.8287876648397599,0.0008290959104144124,0.05035564675927162,1.5,0.546875,64,0.546875,7,0.109375,0.4721373736773977,46.169531250000006,8.570596979952647,-0.42014009804224595,0.14662063378781104,2.09375,0.5219779090153146,-0.7343490951028816,0.16317385227837458,2.8116596875000015,0.6718483631509818,0.23591268788747213,0.32110053730755417,252.31159375,30.26984396728386,-0.612312028226208,0.2009720859802048,1.0,0.9991128444671631,0.0018630647100508213,0.9999998211860657,0.5911134481430054
155,2.3644495299905093,1.0,0.9899015603587031,0.8473666292178478,0.002001224626343612,0.07357972860336304,1.5,0.453125,64,0.4375,5,0.078125,0.4144577916855722,46.93328125000001,5.956233618730754,-0.4070743210237518,0.10189567310297158,2.09375,0.34089725358236606,-0.7343490951028816,0.10656680510308832,2.966885937500001,0.6977343794980274,0.31010090507009785,0.33347239711056825,262.96367187500005,37.529456950114,-0.541589154229264,0.24917119682283878,1.0,0.9987813830375671,0.004057709593325853,0.9999997019767761,0.5440031886100769
156,2.3657869346375255,1.0,0.9883605903014541,0.8477987940956184,0.005315676808109198,0.03210805356502533,1.5,0.515625,64,0.515625,5,0.078125,0.4587365918043367,46.168125,9.56009428480572,-0.4201641553239904,0.16354836032870948,2.0625,0.49607837082461076,-0.7441180581099914,0.15507748010281563,2.797868593750001,0.5866434982829954,0.2293214273351429,0.28037806272711135,253.90396875000002,26.407678508087834,-0.6017396934048386,0.1753298180658331,1.0,0.999370276927948,0.012465373612940311,0.9999997615814209,0.5262838006019592
157,2.3620572377510802,1.0,0.9860106762498617,0.838022894115735,0.01488225839423303,0.08651639521121979,1.5,0.609375,64,0.609375,3,0.046875,0.494566934820981,47.19765625000001,11.717548904072725,-0.4025515520558115,0.2004568002408049,2.125,0.649519052838329,-0.7245801320957717,0.20304408318690306,2.736804687500001,0.6979232820548963,0.20013678660012232,0.33356268044805365,249.97089062499998,39.35601549879208,-0.6278527753209096,0.2612983581682875,1.0,0.9989941716194153,0.006018518470227718,0.9999998211860657,0.6969742178916931
158,2.3725835952902674,1.0,0.9887242997065187,0.8614288403086272,0.0060995469309445965,0.07033772766590118,1.5,0.515625,64,0.515625,5,0.078125,0.4379879812700984,45.42515625000001,9.522146717026889,-0.4328744191789289,0.16289917609434953,2.046875,0.44824963399315787,-0.7490025396135465,0.14012589095775133,2.7839046875000006,0.5910487681945358,0.22264757346317957,0.2824834999256872,253.42325,29.147857973936098,-0.6049313533969324,0.1935228283703082,1.0,0.9988614916801453,0.002577319508418441,0.9999997019767761,0.6312852501869202
159,2.37087156335018,1.0,0.9890240645036101,0.8543563789738788,0.008062664162171744,0.0669211745262146,1.5,0.546875,64,0.546875,2,0.03125,0.4543569054278779,48.190312500000005,9.976749998238091,-0.38556978417559606,0.17067625642715656,2.21875,0.5719689130538477,-0.6952732430744418,0.17880138089087738,2.674922187500001,0.6920627608923673,0.1705609104206497,0.3307617262485605,253.373390625,33.423149368933466,-0.6052623872341152,0.22190798393154906,1.0,0.9996880888938904,0.0008463817066513002,0.9999995231628418,0.5360134243965149
160,2.357016258515012,1.0,0.987785417586565,0.8384532303076865,0.0016886223819678316,0.032282307744026184,1.5,0.53125,64,0.53125,6,0.09375,0.45129220411605775,46.86078125,9.019257748126973,-0.40831460754923904,0.15429605317100192,2.140625,0.5264025164975943,-0.7196956505922166,0.16455701473646647,2.650415937500001,0.6513380499036173,0.15884849066347767,0.3112979196853468,249.1358125,34.44105531687211,-0.6333971511993937,0.22866621770077464,1.0,1.0000427961349487,0.0016963528469204903,0.9999998807907104,0.5656567215919495
161,2.3682511927486662,1.0,0.9902950571849942,0.8527701387855231,0.010685041083973388,0.08033537864685059,1.5,0.484375,64,0.484375,4,0.0625,0.46093025540919175,47.81671875000001,11.20075249351125,-0.39196100202568185,0.1916157571450872,2.109375,0.5337715891418351,-0.7294646135993266,0.16686063707433188,2.574536562500001,0.6218790105052063,0.12258300365865787,0.2972183834414393,247.85473437499996,30.91960599696525,-0.6419026771401,0.2052860834569324,1.0,0.9992024302482605,0.010582010261714458,0.9999998211860657,0.5877954363822937
162,2.3631453591023215,1.0,0.9884123215451837,0.8533613978912018,0.00015632076352390875,0.03262266516685486,1.5,0.515625,64,0.515625,4,0.0625,0.48493822646302454,47.82703125000001,8.49718844671715,-0.39178458195955645,0.14536480462053153,2.15625,0.5367363761661771,-0.7148111690886617,0.1677874497068041,2.5964671875000005,0.5186490203086193,0.1330644394367604,0.24788105207857547,249.961515625,29.725575154229666,-0.6279150192263653,0.19735849488235527,1.0,0.9992038607597351,0.0017064845887944102,0.9999998807907104,0.6560579538345337
163,2.3722119790522522,1.0,0.9912485089153051,0.8597170425861159,0.0003641421874891423,0.016390420496463776,1.5,0.5,64,0.5,4,0.0625,0.451487422477275,49.27093750000001,9.573075478710786,-0.3670830996707053,0.1637704348098845,2.15625,0.47495887979908324,-0.7148111690886617,0.14847538325297982,2.4806873437500006,0.47024932003952147,0.07772908092944943,0.22474909163285303,248.102796875,25.936459022592416,-0.6402557034017367,0.17220122701472335,1.0,0.9987182021141052,0.006639004219323397,0.9999997019767761,0.5208472609519958
164,2.3716933496139156,1.0,0.9893639655783772,0.8563453818271867,0.0019113750063984715,0.025226475670933723,1.5,0.4375,64,0.4375,2,0.03125,0.43643012230113987,47.483906250000004,9.048538662607955,-0.3976545587051812,0.1547969734976875,2.078125,0.4071504443998557,-0.7392335766064365,0.12727800414945797,2.563210937500001,0.6804325947322939,0.11717007944494416,0.3252032508427992,247.24620312500002,28.06357897935713,-0.6459429290432419,0.18632392071949325,1.0,0.9982603788375854,0.00331537495367229,0.9999998211860657,0.6052257418632507
165,2.3607267429298773,1.0,0.9880032707005739,0.8474952008772298,0.0030359777214400193,0.07023891806602478,1.5,0.46875,64,0.46875,5,0.078125,0.4709097286517301,48.6159375,12.027281062072747,-0.37828844690096886,0.20575551226945996,2.171875,0.6009026413446691,-0.7099266875851067,0.18784626157346312,2.4608937500000003,0.5341146151795867,0.06826900937615427,0.2552726170435594,244.723265625,29.01690423498979,-0.6626935939201637,0.19265338067472737,1.0,0.9996730089187622,0.00124895921908319,0.9999998807907104,0.601477324962616
166,2.3769635065045556,1.0,0.9893547026440501,0.8754442137070034,0.00010042026042016429,0.040758468210697174,1.5,0.421875,64,0.40625,3,0.046875,0.3709270064740331,48.571250000000006,7.286293961095723,-0.37905293385417854,0.12464954787152499,2.140625,0.3899994991983964,-0.7196956505922166,0.12191650177473716,2.541597500000001,0.5140216846167586,0.10684023900034721,0.24566948164326136,247.648703125,21.86307359644889,-0.6432705907023355,0.14515659583068993,1.0,0.9993891716003418,0.002110595116391778,0.9999997615814209,0.5074019432067871
167,2.38082433323834,1.0,0.9910360323265195,0.8761845617099837,1.7929739284366947e-05,0.01791096106171608,1.5,0.34375,64,0.34375,2,0.03125,0.3563951671307505,47.66312500000001,6.156104661989999,-0.39458859179842726,0.10531494705868888,2.125,0.375,-0.7245801320957717,0.11722755608531925,2.5976662500000005,0.42963145434306577,0.1336375146039151,0.20533635028412248,249.417359375,25.52602347505336,-0.6315278629787106,0.1694762017969355,1.0,1.000074863433838,0.0008496176451444626,0.9999996423721313,0.44643136858940125
168,2.3676612087774007,1.0,0.9913146030157804,0.8591375093090801,0.003619525202594539,0.03745410591363907,1.5,0.453125,64,0.453125,6,0.09375,0.4133450023958861,47.11359375000001,8.45216565576308,-0.40398964289786343,0.14459458171073625,2.09375,0.42274216432714634,-0.7343490951028816,0.13215208207543946,2.6726951562500005,0.42863807304718166,0.16949653195342831,0.2048615775744538,250.02685937500002,24.98117643651114,-0.6274811792053376,0.16585877165774102,1.0,1.000105857849121,0.02607232891023159,0.9999998211860657,0.6101632118225098
169,2.382328591812771,1.0,0.9902256429195404,0.8822483214614977,5.8762148046752755e-06,0.016772354021668434,1.5,0.34375,64,0.328125,1,0.015625,0.33693133249873597,47.68390625000001,6.5064224562128565,-0.3942330786348717,0.11130797381473023,2.09375,0.34089725358236606,-0.7343490951028816,0.10656680510308832,2.7096015625000005,0.5010653065258152,0.18713543312062922,0.2394771617765434,253.398421875,20.46707213795238,-0.6050961960065481,0.13588805366546824,1.0,1.000587821006775,0.0030474532395601273,0.9999994039535522,0.4794018566608429
170,2.38002318532427,1.0,0.989653137512505,0.8783589868559244,0.0014992444283544535,0.029933033511042595,1.5,0.359375,64,0.359375,4,0.0625,0.352666204768201,47.54265625000001,5.985246246549588,-0.3966494989345277,0.1023920037423188,2.09375,0.38400642898264087,-0.7343490951028816,0.12004302717516185,2.8067984375000012,0.441333246570898,0.23358932137711028,0.21092905836812492,256.821984375,23.406664459275934,-0.582365966612163,0.15540503569505212,1.0,0.9996935725212097,0.002990175038576126,0.9999997019767761,0.5564989447593689
171,2.373242789091867,1.0,0.9897053809836507,0.8675616210627823,0.0009259230449362357,0.025018945336341858,1.5,0.4375,64,0.4375,4,0.0625,0.3749173866963107,47.651875000000004,7.286473957572002,-0.39478105005238223,0.12465262714330658,2.078125,0.443871022229431,-0.7392335766064365,0.1387571070747963,2.842723750000001,0.568184099707954,0.2507593224955016,0.27155565111473373,261.243953125,33.18965502392545,-0.5530069687664094,0.220357733271798,1.0,0.9993727207183838,0.003795866621658206,0.9999997615814209,0.6932162642478943
172,2.3578505167667037,1.0,0.9886335888877511,0.8585975769217097,0.0005405328911668233,0.029270635917782784,1.5,0.421875,64,0.421875,8,0.125,0.4000605697650257,46.11187500000001,6.586771277293223,-0.42112644659376475,0.11268253326472688,2.046875,0.37205877811845806,-0.7490025396135465,0.11630811007711171,2.9494342187500013,0.5635871027839356,0.3017600999496038,0.2693585806695807,260.88389062500005,33.65382519218526,-0.5553975496952854,0.22343952143911666,1.0,1.0001083612442017,0.0007849293760955334,0.9999999403953552,0.655457615852356
173,2.3723204030649603,1.0,0.9888127036392689,0.8666810392724587,0.00035306221144845983,0.02255479246377945,1.5,0.3125,64,0.3125,3,0.046875,0.31427516875115724,46.2878125,6.061308766664486,-0.4181166133444146,0.10369323572567198,2.015625,0.4504229782937367,-0.7587715026206564,0.14080529320012147,2.7456343750000007,0.461118357982373,0.2043568123619035,0.2203850759062472,250.82718749999998,24.076707121377588,-0.6221675207364102,0.15985368338692135,1.0,1.0001401901245117,0.0,0.9999997019767761,0.576259434223175
174,2.3717821339075047,1.0,0.9870779030025005,0.8684238538117093,0.0005209887388204341,0.02980360947549343,1.5,0.375,64,0.375,6,0.09375,0.36306180737988736,44.983125000000015,8.377203418168559,-0.44043642474057354,0.14331217270095897,1.953125,0.41191957270200213,-0.7783094286348763,0.12876886616417252,2.8695000000000013,0.7206811777755827,0.2635566570335472,0.34443949870750296,252.74292187499998,24.423383023053383,-0.6094482898760246,0.16215538600534765,1.0,0.9998281002044678,0.0,0.9999998211860657,0.6024490594863892
175,2.3746910345350893,1.0,0.9908964866772294,0.8772979964330871,4.848530396623468e-06,0.014681553468108177,1.5,0.28125,64,0.28125,4,0.0625,0.2577617512591742,46.442343750000006,5.04339566357191,-0.4154729853838395,0.08627938874798156,2.03125,0.24803918541230538,-0.7538870211171014,0.07753874005140782,2.949940625000001,0.5474541164331583,0.3020021297406836,0.26164804527240526,260.606765625,23.629262607346504,-0.5572374795405622,0.1568829426905895,1.0,0.9990867972373962,0.00955149531364441,0.9999998211860657,0.5095536112785339
176,2.3686163096594095,1.0,0.9882461577653885,0.865414419923777,0.004247159071316642,0.048856060951948166,1.5,0.421875,64,0.421875,5,0.078125,0.3862261555059755,47.29593750000001,6.4615999660373395,-0.400870215365011,0.11054117753054438,2.078125,0.443871022229431,-0.7392335766064365,0.1387571070747963,2.8613096875000013,0.44623708809040386,0.2596422116189116,0.21327278090009535,258.011515625,25.452130620534625,-0.5744682524082336,0.16898560127954557,1.0,0.9987576603889465,0.010208248160779476,0.9999998211860657,0.6978607773780823
177,2.3826274493534587,1.0,0.9895104337483644,0.8771971485437318,0.014891026055947536,0.09622280299663544,1.5,0.296875,64,0.296875,3,0.046875,0.29544896448101954,46.364843750000006,8.584743369815195,-0.4167988089110844,0.1468626417427187,2.046875,0.44824963399315787,-0.7490025396135465,0.14012589095775133,2.831907812500001,0.495266427764103,0.24558999630045578,0.2367056687011801,256.06440625000005,21.302266685231203,-0.5873957928722113,0.14143320251219946,1.0,1.0008727312088013,0.010704727843403816,0.9999996423721313,0.5895211696624756
178,2.377885497652863,1.0,0.9897724958136678,0.8693733630802998,0.0005517204735900939,0.035274915397167206,1.5,0.359375,64,0.359375,2,0.03125,0.32702811220463357,44.974375,9.34051070522244,-0.4405861144936498,0.1597918561221525,2.0,0.4330127018922193,-0.7636559841242113,0.13536272212460204,2.8819468750000006,0.4352678815858515,0.2695054670173286,0.20803020192597982,250.238015625,23.239599884607124,-0.626079238974786,0.15429583552537585,1.0,1.0006167888641357,0.010181495919823647,0.9999996423721313,0.5145781636238098
179,2.376903207574667,1.0,0.9910135436803102,0.8744998305938732,0.0004573285497656622,0.019823063164949417,1.5,0.234375,64,0.234375,4,0.0625,0.3201438728922378,47.396718750000005,4.99859700775112,-0.3991461101733317,0.08551300020764414,2.0625,0.24206145913796356,-0.7441180581099914,0.07567006207250623,2.6413171875000003,0.3710214159733101,0.1544998702394807,0.17732450141411843,249.71365625000004,26.36113206278966,-0.6295606443467766,0.17502077992818535,1.0,0.9990895390510559,0.01566324010491371,0.9999997615814209,0.5865265130996704
180,2.3657955328604574,1.0,0.9885672191157937,0.8609266859768043,0.002106145529615457,0.03316100686788559,1.5,0.375,64,0.375,5,0.078125,0.3736165900198146,45.66515625000001,8.010360867375823,-0.4287686430945575,0.13703645031856485,2.0,0.3535533905932738,-0.7636559841242113,0.11052319979980743,2.835296875000001,0.519175911592338,0.2472097513663387,0.24813287240528026,251.49685937499999,26.21137462705075,-0.6177213348298529,0.17402648790989728,1.0,0.9998905658721924,0.010067113675177097,0.9999998211860657,0.7041826844215393
181,2.3724431089540743,1.0,0.9906826168298721,0.8633857570511596,0.0005749986717412317,0.028356483206152916,1.5,0.3125,64,0.3125,4,0.0625,0.3452436034512967,46.199375,3.790599752595227,-0.41962954906300454,0.0648473075401222,2.03125,0.24803918541230538,-0.7538870211171014,0.07753874005140782,2.733259375000001,0.5022017182861983,0.19844235403004942,0.24002029389812848,250.37003125,21.301802544010773,-0.6252027410461245,0.14143012091622692,1.0,1.0005465745925903,0.0014691478572785854,0.9999997615814209,0.5447375774383545
182,2.382076030588334,1.0,0.9885414522141218,0.8809383308626915,0.002696813032985216,0.03597487509250641,1.5,0.21875,64,0.21875,3,0.046875,0.2620078057243387,45.47671875000001,7.3010222004112855,-0.43199231884830214,0.12490150975796972,2.0,0.30618621784789724,-0.7636559841242113,0.09571589873417641,2.826352968750001,0.41826238069198196,0.2429351363489944,0.19990266039473925,252.638296875,15.57201695016546,-0.6101429318609122,0.10338806941906664,1.0,0.9993855953216553,0.005890348926186562,0.9999997019767761,0.6652907729148865
183,2.3773969462439997,1.0,0.990915834903717,0.8718692826976174,0.00015486544416282925,0.051543671637773514,1.5,0.28125,64,0.28125,3,0.046875,0.30687268058671124,46.047500000000014,2.4226064218110213,-0.4222277354913956,0.0414444979521503,2.015625,0.2159417962669571,-0.7587715026206564,0.06750487742146478,2.7875406250000005,0.33664724523543876,0.22438531898568267,0.16089584682654795,252.15112499999998,15.82376756111278,-0.6133774364079282,0.10505952981653541,1.0,0.9992650151252747,0.0057251909747719765,0.9999996423721313,0.8119910359382629
184,2.380668111825921,1.0,0.9912437796592712,0.8701230265479711,0.016874591264364407,0.0632055401802063,1.5,0.3125,64,0.3125,6,0.09375,0.30914732576434123,45.54984375000001,7.154601118377316,-0.4307413401975953,0.12239662568770789,1.96875,0.3045873232752801,-0.7734249471313213,0.09521607339234711,2.8191406250000006,0.370981465051975,0.23948809743308433,0.17730540742950787,251.941046875,22.917157861544002,-0.6147722185893523,0.15215503010686388,1.0,1.0000916719436646,0.008024966344237328,0.9999998211860657,0.6058947443962097
185,2.369051053467676,1.0,0.9892865419387817,0.8563261157598272,0.007943345267995403,0.04997697472572327,1.5,0.390625,64,0.390625,4,0.0625,0.3683803189634032,45.26875000000001,11.989230779641371,-0.435550123515163,0.20510457085441694,2.0,0.5,-0.7636559841242113,0.156303408113759,2.830904687500001,0.5221211735045593,0.24511056672355547,0.2495405191815413,254.75885937500001,28.731313111670513,-0.5960637754061576,0.19075724127430826,1.0,1.0016241073608398,0.0073370737954974174,0.9999997615814209,0.9385860562324524
186,2.3780453626195324,1.0,0.990883762948215,0.8704647457239478,0.00867274484891055,0.051407087594270706,1.5,0.34375,64,0.34375,3,0.046875,0.3124276126570048,46.579687500000006,8.47601966003759,-0.4131233908668067,0.1450026617118478,2.0625,0.42847841252506524,-0.7441180581099914,0.13394527236168172,2.8494487500000005,0.42648230858493763,0.25397344227584234,0.20383126007261668,254.50403124999997,28.953195375234902,-0.5977556684962917,0.19223039526211014,1.0,0.9987187385559082,0.007755277678370476,0.9999997615814209,0.5762355327606201
187,2.385309051041338,1.0,0.9909206973388791,0.8792332554220574,0.010823907167264769,0.048654377460479736,1.5,0.265625,64,0.25,2,0.03125,0.30624054309999216,46.890156250000004,6.14019021798885,-0.4078120776639123,0.10504269229378894,2.0625,0.29973947020704494,-0.7441180581099914,0.09370060147914731,2.639351562500001,0.3968540636179235,0.15356042723676971,0.18967085439153578,247.44954687499998,28.956006011776775,-0.6445928587339037,0.19224905606159637,1.0,0.9998723268508911,0.00178015127312392,0.9999992251396179,0.5232952237129211
188,2.3703517106360588,1.0,0.9890659181401134,0.8655006356642517,0.011978228164469263,0.02950892597436905,1.5,0.40625,64,0.40625,3,0.046875,0.375014174379123,46.71953125,10.998837215486619,-0.4107310278488951,0.18816151164682587,2.046875,0.4818482482846648,-0.7490025396135465,0.1506290468010757,2.7089718750000005,0.6473801719403252,0.18683448277874318,0.30940630721694634,252.6915625,39.63650690370361,-0.6097892827380803,0.2631606387537281,1.0,0.9997822046279907,0.0020929258316755295,0.9999997615814209,0.6717078685760498
189,2.3785999141913337,1.0,0.9901679381728172,0.8752329316690335,0.00020160417155680178,0.016238082200288773,1.5,0.34375,64,0.34375,2,0.03125,0.31444200603490213,46.67453125000001,8.93710365024785,-0.4115008608647146,0.1528906101280636,2.046875,0.41191957270200213,-0.7490025396135465,0.12876886616417252,2.7153203125000007,0.48500416015602676,0.18986862977398622,0.23180096129444838,249.132375,20.67708031742212,-0.6334199739647275,0.13728237145404212,1.0,0.9985651969909668,0.0060658580623567104,0.9999996423721313,0.6782901287078857
190,2.3915111034647847,1.0,0.9897612733766437,0.8903718093207365,0.022317493086248592,0.054116107523441315,1.5,0.25,64,0.25,3,0.046875,0.245358984625343,47.28546875000001,5.192595969770173,-0.4010493084624413,0.08883181811868869,2.078125,0.26836818808308854,-0.7392335766064365,0.08389372485340205,2.8413146875000006,0.35020129740340433,0.2500858807627152,0.16737381666696907,257.94668750000005,12.207719273930485,-0.5748986690144609,0.08105131992732592,1.0,1.0009652376174927,0.007388092111796141,0.9999995827674866,0.5614103674888611
191,2.37295423610155,1.0,0.9893122864887118,0.8742682707059186,1.0121547815554252e-05,0.007318821735680103,1.5,0.3125,64,0.3125,5,0.078125,0.25251356762936517,47.65625000000001,6.603622940288158,-0.39470620517584415,0.1129708214101706,2.09375,0.38400642898264087,-0.7343490951028816,0.12004302717516185,2.855276875000001,0.46778735507197583,0.25675891318213245,0.22357242987810283,258.767609375,23.997678731895878,-0.5694482814332155,0.15932898625591,1.0,1.0006362199783325,0.0013175230706110597,0.9999997615814209,0.6623233556747437
192,2.3686378702078645,1.0,0.9903276478871703,0.8641967424634025,4.8410090894747226e-05,0.016512945294380188,1.5,0.40625,64,0.40625,4,0.0625,0.32842339372526186,49.014531250000005,8.689850209023941,-0.3714695440420943,0.14866074652074843,2.140625,0.3899994991983964,-0.7196956505922166,0.12191650177473716,2.858220312500001,0.4525658233131981,0.2581656880060653,0.21629751146725135,262.869546875,23.258512225990575,-0.5422140830400414,0.1544214011775381,1.0,0.9998406767845154,0.005819158628582954,0.9999998211860657,0.8808858394622803
193,2.3780904474796536,1.0,0.9911351520568132,0.8770176388573538,0.00012156613741541936,0.025184890255331993,1.5,0.21875,64,0.21875,3,0.046875,0.23974913448232915,48.01734375000001,8.570958092992635,-0.38852882983015263,0.14662681149315826,2.109375,0.4372208931135382,-0.7294646135993266,0.13667823138437513,2.8144218750000007,0.5671741693774367,0.237232836806544,0.27107296902520484,257.24568750000003,40.49286675486618,-0.5795528533050834,0.26884631145900706,1.0,0.9999271035194397,0.000895656063221395,0.9999997615814209,0.5465039014816284
194,2.382956459722056,1.0,0.9904887061566114,0.8879993308704348,0.0011728138771830434,0.018040627241134644,1.5,0.28125,64,0.28125,4,0.0625,0.22930993909385722,47.587187500000006,7.514655570273581,-0.3958876850126229,0.12855622134465416,2.078125,0.4071504443998557,-0.7392335766064365,0.12727800414945797,2.8661514062500006,0.32687346622425656,0.2619562434412493,0.15622460571896096,259.443078125,15.89777943545172,-0.5649636080451179,0.10555092054815854,1.0,0.9993148446083069,0.0,0.9999996423721313,0.6450554728507996
195,2.381252323683519,1.0,0.9903329126536846,0.8798735361908069,0.0031129298843170445,0.02704332396388054,1.5,0.3125,64,0.3125,4,0.0625,0.25116164970637456,47.367812500000014,5.50932064458439,-0.39964062096474345,0.09425015393194908,2.0625,0.29973947020704494,-0.7441180581099914,0.09370060147914731,2.820635937500001,0.46151217798368716,0.24020276114818356,0.22057329667295617,256.64742187499996,22.64769820658154,-0.583524948131752,0.1503659931695132,1.0,0.9996102452278137,0.00046598323388025165,0.9999997019767761,0.595033586025238
196,2.383791022765786,1.0,0.9919857066124678,0.8817894110056526,1.1563807447202983e-06,0.03660212457180023,1.5,0.171875,64,0.171875,2,0.03125,0.20696260050269055,46.17000000000001,7.105427357601002e-15,-0.4201320789483311,1.2155539047531627e-16,2.0,0.0,-0.7636559841242113,0.0,2.814534375000001,0.3124473256700393,0.23728660460956094,0.14932983342018188,253.024875,15.83803616347763,-0.6075763044194382,0.10515426406043787,1.0,1.000024676322937,0.0009298000950366259,0.9999995827674866,0.5328043103218079
197,2.3699109931538036,1.0,0.9903470315039158,0.8634906740119566,0.000347283228497495,0.025809742510318756,1.5,0.3125,64,0.3125,3,0.046875,0.26671073666757406,45.75265625000001,8.89030990077601,-0.42727174556379716,0.1520900907218988,1.984375,0.33034960174790584,-0.7685404656277663,0.10326953724444136,2.8039578125000006,0.4125031573874194,0.23223168435093433,0.19715012009100757,253.966421875,25.531428483956724,-0.6013250452546599,0.1695120875423402,1.0,1.0002918243408203,0.0014251781394705176,0.9999998211860657,1.2444685697555542
198,2.3835326398315404,1.0,0.9908736487850547,0.8804116876726282,0.0013059465308560682,0.01782812550663948,1.5,0.28125,64,0.28125,2,0.03125,0.26216145835014204,45.84515625,7.365701127563208,-0.42568931103127916,0.1260079980590662,2.015625,0.3746743377588062,-0.7587715026206564,0.11712575184893415,2.7808451562500007,0.3766093299843034,0.22118531325363366,0.17999516683472486,251.8854375,18.025597413708486,-0.6151414286885483,0.1196782486618626,1.0,0.9997351169586182,0.0008936550584621727,0.9999995827674866,0.5782365202903748
199,2.3734689943386025,1.0,0.9892760729417205,0.8690420838369874,0.01064541283234087,0.03692629560828209,1.5,0.3125,64,0.3125,6,0.09375,0.2825297360151554,45.94203125000001,4.655937465916337,-0.4240320316222229,0.07965098624119879,2.015625,0.33034960174790584,-0.7587715026206564,0.10326953724444136,2.902034218750001,0.49163898812354195,0.27910593227850106,0.23497198461185365,258.06576562500004,27.495334754134998,-0.5741080676753286,0.18255114847089735,1.0,0.9992240071296692,0.001369863050058484,0.9999997615814209,0.7284355163574219
