step,reward_mean,valid_frac,c_mean,qed_mean,tox_mean,undersized_frac,alerts_mean,n_rankable,d_var,d_loss,w_C,unique,n_eff_group,eff_group_frac,n_valid,unique_smiles_frac,n_scaffolds,scaffold_frac,tanimoto_dist,tpsa_mean,tpsa_sd,tpsa_drift_sd,tpsa_spread_ratio,hba_mean,hba_sd,hba_drift_sd,hba_spread_ratio,logp_mean,logp_sd,logp_drift_sd,logp_spread_ratio,mw_mean,mw_sd,mw_drift_sd,mw_spread_ratio,rdkit_valid_frac,ratio_mean,clip_frac,adv_std,kl,kl_clipped,entropy
0,1.2643369523522803,0.984375,0.7074833698422899,0.6199023015501886,0.0,0.015625,0.0,63,0.0002655712758837471,0.68936687707901,0.2,0.96875,61,0.9682539682539683,64,0.96875,55,0.859375,0.8959905579852304,64.84265625,49.99522693599695,-0.10069147285276173,0.8552883628605549,4.09375,2.5044881587861423,-0.10913546264784553,0.7829200695976545,2.703581875000002,1.8964900753455025,0.18425840759420295,0.906400931507568,341.8497187500001,123.91300028705491,-0.017837085591707855,0.8227017679599131,1.0,0.990827739238739,0.06727828830480576,1.0230478048324585,0.0056380159221589565,0.0056380159221589565,1.9907374382019043
1,1.2845690997076067,0.984375,0.7287452498096085,0.6009876457913652,0.0,0.015625,0.0,63,0.0001972673554605992,0.7337684035301208,0.21300000000000002,0.96875,61,0.9682539682539683,64,0.96875,56,0.875,0.8927336742662896,100.77531250000006,307.3225156135286,0.5140228633105128,5.25748931164524,6.421875,18.097655828431897,0.6186522813818448,5.65745056970748,3.4918317187499954,7.076724115705907,0.5609914060548075,3.3822214067370417,495.59154687500086,1305.6864931855343,1.0029087079474457,8.668909507934318,1.0,0.9819670915603638,0.04485488310456276,1.023047924041748,0.006589009892195463,0.006589009892195463,3.058185577392578
2,1.3233235794484233,0.96875,0.7482261669431483,0.640020648997089,0.0,0.03125,0.0,62,0.00017580999059005494,0.718434751033783,0.226,1.0,62,1.0,64,1.0,54,0.84375,0.8888779900687471,56.938750000000006,41.953216708465874,-0.23590676141260758,0.7177104742669438,4.109375,2.4310310794753325,-0.10425098114429056,0.75995688590493,2.7172168750000014,1.748749375794096,0.19077506531984573,0.8357903285648773,334.64651562500006,132.38707732016286,-0.06566167164953554,0.8789641305918889,1.0,0.9952390789985657,0.0,1.0446385145187378,0.0036418752279132605,0.0036418752279132605,2.041069746017456
3,1.360691184967276,0.96875,0.7699418066129569,0.6725804841413823,0.0,0.03125,0.0,62,0.0001859534974892746,0.6917555928230286,0.23900000000000002,1.0,62,1.0,64,1.0,52,0.8125,0.8963836274950683,61.18765625,44.91606828095415,-0.16321902113766665,0.7683971622997118,3.875,2.6427968139832467,-0.1775182036976151,0.8261562979555309,2.7072043750000017,1.7967458272891195,0.18598973085134557,0.8587295618937001,324.2140937500001,124.763052468935,-0.13492617094164733,0.8283455618416757,1.0,0.9993928670883179,0.0,1.0446386337280273,0.004359279293566942,0.004359279293566942,2.1129136085510254
4,1.2303572592588659,0.90625,0.6864745760786122,0.6177156824377799,0.0,0.09375,0.0,58,0.0001741842493442258,0.6996698975563049,0.252,0.96875,56,0.9655172413793104,64,0.96875,52,0.8125,0.904141180739458,64.4375,55.08645418226698,-0.10762264302644334,0.9423860256432013,4.28125,3.407109983182228,-0.0505216846051859,1.0650858043795888,2.4636981250000014,2.5316020730895836,0.06960932122135832,1.2099438362928685,330.24040625000004,160.8097216441608,-0.09491537355522624,1.0676720117769087,1.0,0.988359808921814,0.00958466436713934,1.1180338859558105,0.0049560414627194405,0.0049560414627194405,2.0393550395965576
5,1.2897903106902815,0.9375,0.6847190894496937,0.6395712388433836,0.0,0.0625,0.0,60,0.000212984473591301,0.7034820318222046,0.265,1.0,60,1.0,64,1.0,51,0.796875,0.9044687700350323,60.72109375000001,55.60999859841942,-0.1712006926141853,0.9513425095721382,4.015625,3.76036977694681,-0.13355787016562037,1.1755172238095242,2.8373401562500016,2.2365674167589478,0.24818630908863265,1.0689361448730308,332.9485937500001,218.06695301434362,-0.07693476910649552,1.4478228060246072,1.0,0.9868565797805786,0.018237082287669182,1.0837911367416382,0.008784739300608635,0.008784739300608635,2.1152379512786865
6,1.331733026615482,0.953125,0.7204507797895396,0.6442134051039304,0.0,0.046875,0.0,61,0.00016899415265363648,0.701874315738678,0.278,0.96875,59,0.9672131147540983,64,0.96875,54,0.84375,0.8905813044744086,63.50984375000001,68.68477181779879,-0.12349242988380811,1.1750178895417482,3.90625,4.076298681095388,-0.16774924069050515,1.27427875268966,2.5182903125000013,1.7375355142880995,0.09570089441033008,0.8304308201514309,332.054515625,173.71302732407122,-0.08287086662998266,1.1533415732498586,1.0,0.990984320640564,0.00958466436713934,1.0648608207702637,0.0074090189300477505,0.0074090189300477505,2.0708611011505127
7,1.2770601470210776,0.96875,0.6073791712762848,0.5871075574214578,0.0,0.03125,0.0,62,0.0002204759231840608,0.6875983476638794,0.29100000000000004,0.984375,61,0.9838709677419355,64,0.984375,58,0.90625,0.8965265105776962,79.98812500000001,53.05061804172855,0.15840812456533507,0.9075581617368617,5.015625,2.9127531408231286,0.17904894606189764,0.9105464858094217,2.2446181250000015,2.0994039972118252,-0.03509690353360206,1.0033808051101134,362.3092968750001,134.45322907156697,0.11800121269949984,0.8926820350475622,1.0,0.9912744760513306,0.0029325513169169426,1.0446385145187378,0.009218208491802216,0.009218208491802216,2.056415319442749
8,1.3630375272253588,0.96875,0.7055368689940341,0.6651539691201293,0.0,0.03125,0.0,62,0.00020203327716766437,0.706955075263977,0.30400000000000005,0.984375,61,0.9838709677419355,64,0.984375,54,0.84375,0.89218398092794,64.77984375,50.9253171778349,-0.10176603143734339,0.8711997889907439,4.078125,3.203048779580948,-0.1140199441514005,1.0012948812062372,2.557999375000002,1.79446277050044,0.1146792859701887,0.8576384068031221,324.1466875,159.02054070965121,-0.13537370462187584,1.0557930134909237,1.0,0.987734854221344,0.012658228166401386,1.0446385145187378,0.013431687839329243,0.013431687839329243,2.1340537071228027
9,1.3618824593448267,0.96875,0.7590613283757721,0.6454221753662575,0.0,0.03125,0.0,62,0.00018812313869084885,0.6911464333534241,0.317,1.0,62,1.0,64,1.0,56,0.875,0.8978901041478762,59.1528125,45.013360532900045,-0.19802990782176022,0.7700615798048538,4.140625,2.9783971544062084,-0.09448201813718062,0.9310672519000242,2.437537812500002,2.020153832704076,0.0571063654048303,0.9655042963607252,326.397875,135.52563955755528,-0.12042728308443565,0.899802143516871,1.0,0.9969140887260437,0.0,1.0446385145187378,0.008601694367825985,0.008601694367825985,2.0999860763549805
10,1.3179398948550405,0.9375,0.7340400981716811,0.6602725626317066,0.0,0.0625,0.0,60,0.0002643636209395167,0.7009274363517761,0.33,1.0,60,1.0,64,1.0,49,0.765625,0.9041886892146004,59.11203125,46.25738735528113,-0.19872756899234678,0.7913436447033901,3.71875,2.928676909032473,-0.22636301873316478,0.9155243642916898,2.5794065625000018,1.60879300133693,0.12491055210925466,0.7689001350291762,314.5682343750001,131.7288487867387,-0.1989684065660092,0.8745939210342538,1.0,0.9915737509727478,0.0,1.0837910175323486,0.011330871842801571,0.011330871842801571,2.2388298511505127
11,1.2469288250353288,0.921875,0.6874867079747935,0.5810702963734427,0.0,0.078125,0.0,59,0.00024378020625089643,0.7015964984893799,0.343,1.0,59,1.0,64,1.0,53,0.828125,0.9107250818337859,63.76546875,61.03656035344941,-0.11911935066894408,1.0441768740478305,4.203125,3.478414183845133,-0.07494409212296074,1.0873759835324674,2.717460312500002,2.0353887337296674,0.1908914128713741,0.9727856044258391,334.4521562500001,171.61762036576212,-0.06695209154947858,1.1394294332386987,1.0,0.9879181385040283,0.009771986864507198,1.1014962196350098,0.013636796735227108,0.013636796735227108,2.1257200241088867
12,1.3680468790996436,0.96875,0.7070090814583725,0.6491605333753279,0.0,0.03125,0.0,62,0.00017248464282037992,0.6893261075019836,0.356,0.984375,61,0.9838709677419355,64,0.984375,52,0.8125,0.8965077850613068,54.95640625,57.58003308893162,-0.269819509578245,0.9850446783076866,3.75,2.9315098498896437,-0.21659405572605483,0.9164099609136107,2.6794415625000014,1.7589306126319522,0.17272088255184379,0.8406563084472403,323.66923437500003,158.81669579372218,-0.138543682986902,1.0544396157656166,1.0,0.9943731427192688,0.0,1.0446385145187378,0.020314175635576248,0.020314175635576248,2.1853559017181396
13,1.4065448249063661,0.96875,0.7716598653144413,0.6601793231548284,0.0,0.03125,0.0,62,0.00019962951531385387,0.6993600130081177,0.369,0.96875,60,0.967741935483871,64,0.96875,50,0.78125,0.8895104346403665,58.1365625,50.17606202845729,-0.21541530342902016,0.8583819811848828,4.140625,3.1268353985099697,-0.09448201813718062,0.9774700587957041,3.018929218750002,1.8995146247440633,0.3349742641332173,0.9078464726300264,343.8017656250001,134.1073115628561,-0.0048767633375230175,0.8903853676654032,1.0,0.9929150342941284,0.0031545741949230433,1.0446386337280273,0.017654292285442352,0.017654292285442352,2.1041195392608643
14,1.3366190598006495,0.9375,0.7059469102571408,0.6334331124446624,0.0,0.0625,0.0,60,0.00018758333402701596,0.6848258972167969,0.382,0.984375,59,0.9833333333333333,64,0.984375,51,0.796875,0.9024288932056156,68.24453125000001,49.11618918854834,-0.042494235281842124,0.8402503121908292,4.25,2.7838821814150108,-0.06029064761229584,0.8702605454846642,1.896729375000001,1.8292379248438708,-0.2013654704827635,0.8742587059019523,310.28839062500003,136.72646728454976,-0.22738378680505156,0.9077748589843767,1.0,0.9940364360809326,0.0,1.0837910175323486,0.021415287628769875,0.021415287628769875,2.173799514770508
15,1.4330415365686804,1.0,0.7185417918371968,0.6368164421921838,0.0,0.0,0.0,64,0.0001902497336806056,0.7124890685081482,0.395,0.96875,62,0.96875,64,0.96875,56,0.875,0.8852527860681835,71.86671874999999,65.29378722490293,0.019471976429027326,1.1170069585251505,4.75,3.235544776386196,0.09601276050146317,1.0114533513076656,2.8958129687500014,2.166143586527015,0.27613257277166914,1.0352780592587805,377.7187812500001,185.9176858828818,0.2203101714794091,1.2343725720185124,1.0,0.9957787990570068,0.0030303029343485832,1.0,0.02230355143547058,0.02230355143547058,2.0234522819519043
16,1.3920272727200247,0.96875,0.7263927546840522,0.6481660653756233,0.0,0.03125,0.0,62,0.00019980706112069656,0.7081527709960938,0.40800000000000003,0.984375,61,0.9838709677419355,64,0.984375,56,0.875,0.8884559527555929,68.594375,59.66573699774749,-0.036509318190105694,1.0207256500905864,4.640625,3.581057750075388,0.061821389976578385,1.119463061977946,2.6549681250000017,1.9831592092376225,0.1610241450705518,0.9478232330075956,363.6951875000001,150.778615300077,0.1272026255032029,1.0010719867209923,1.0,0.9885066151618958,0.0202312134206295,1.0446386337280273,0.031223304569721222,0.031223304569721222,2.0756378173828125
17,1.4446234944038374,0.984375,0.7415761332663279,0.6543947961198081,0.0,0.015625,0.0,63,0.00013775347537078853,0.714417040348053,0.42100000000000004,0.953125,60,0.9523809523809523,64,0.953125,54,0.84375,0.8944754527874366,63.71843750000001,56.29917764771164,-0.1199239330917276,0.9631325714822787,4.234375,3.214917317657641,-0.06517512911585081,1.0050050671076673,2.6085681250000015,2.0924889556719255,0.13884791342626576,1.0000758576312627,327.67943750000006,161.35283903876967,-0.11191854120861389,1.0712779582048009,1.0,0.9973458647727966,0.0,1.0230478048324585,0.023874007165431976,0.023874007165431976,2.171008348464966
18,1.4442101989564424,0.96875,0.7795432584300157,0.6658288924904745,0.0,0.03125,0.0,62,0.0001281213053876953,0.7119653820991516,0.434,1.0,62,1.0,64,1.0,58,0.90625,0.8931133562876097,57.34078124999999,38.71576238694194,-0.22902905186502487,0.6623260470687873,4.03125,2.4236384708739047,-0.1286733886620654,0.7576459060664215,2.4673534375000017,1.9226535860304343,0.07135632675438118,0.9189054158518954,327.55218750000006,132.8954413354578,-0.1127633984853353,0.8823393371737769,1.0,0.9939002394676208,0.0035335689317435026,1.0446385145187378,0.024664519354701042,0.024664519354701042,2.1928088665008545
19,1.405038854278489,0.9375,0.7574327235420545,0.6813348290079978,0.0,0.0625,0.0,60,0.0002084441929935399,0.6989928483963013,0.44700000000000006,0.96875,58,0.9666666666666667,64,0.96875,56,0.875,0.8937439771982947,56.7896875,41.95233090845303,-0.2384568332775102,0.7176953205314925,3.90625,2.535490275568021,-0.16774924069050515,0.7926115426211514,2.643270312500002,1.893196227762037,0.15543333904185752,0.9048266830805873,318.0020468750001,118.92552676089852,-0.17617012383499242,0.7895881860264864,1.0,0.9900251030921936,0.009900989942252636,1.0837910175323486,0.023672500625252724,0.023672500625252724,2.131251811981201
20,1.407423811420516,0.984375,0.6788933679816269,0.6349053061564371,0.0,0.015625,0.0,63,0.00020182895834102918,0.6991780996322632,0.46,0.984375,62,0.9841269841269841,64,0.984375,57,0.890625,0.896110817486255,73.63593750000001,83.13559907462083,0.049738709894741544,1.422233976835253,4.46875,4.081087286189796,0.008092093437473726,1.275775703282394,2.389251875000002,2.0492057727010953,0.03402877628497022,0.9793892651342121,363.363671875,287.81829625928145,0.12500157726643948,1.9109263808896573,1.0,0.9849492311477661,0.037383176386356354,1.023047924041748,0.2704548239707947,0.2449941188097,2.2715225219726562
21,1.3961972427263247,0.9375,0.7298155335088571,0.6664623910560832,0.0,0.0625,0.0,60,0.0001444534241948894,0.7065466642379761,0.47300000000000003,0.984375,59,0.9833333333333333,64,0.984375,58,0.90625,0.898122918664521,59.57843750000001,44.38697603248721,-0.1907485705471329,0.7593457693822876,3.890625,2.236886700164986,-0.17263372219406012,0.699266029600255,2.4253231250000016,1.634395587733502,0.05126852619227494,0.7811365334477801,309.5122187500001,122.61487947577331,-0.23253706347758737,0.8140830896614868,1.0,0.9935581684112549,0.0071428571827709675,1.0837910175323486,0.0318126417696476,0.0318126417696476,2.1396195888519287
22,1.366958779991891,0.9375,0.6880968043580651,0.644284377327357,0.0,0.0625,0.0,60,0.0002032275420092882,0.696818470954895,0.48600000000000004,0.96875,58,0.9666666666666667,64,0.96875,52,0.8125,0.9010331594359833,59.995,45.37250306490705,-0.18362226908819168,0.776205574883166,3.890625,2.634608530574324,-0.17263372219406012,0.823596584748699,2.5868996875000017,1.599452650348286,0.12849178650019405,0.764436044788592,316.6418593750001,118.52291271322653,-0.18520088459790388,0.7869150904831784,1.0,0.9903733134269714,0.003636363660916686,1.0837910175323486,0.033412761986255646,0.033412761986255646,2.293137550354004
23,1.4071587099828795,0.96875,0.7046238576933261,0.6199741376469503,0.0,0.03125,0.0,62,0.00017166204607505452,0.7001222372055054,0.49900000000000005,1.0,62,1.0,64,1.0,54,0.84375,0.9024881533202279,65.7728125,48.7280981079176,-0.08477891749451799,0.8336110827016147,4.375,3.0285103598964294,-0.021214795583856087,0.9467329815192775,2.4743500000000016,1.7994501458327496,0.0747002360370045,0.860022053153689,338.7205625,144.12824070433717,-0.038612648875093185,0.9569178227120814,1.0,0.99192875623703,0.0030303029343485832,1.0446385145187378,0.031944382935762405,0.031944382935762405,2.1180036067962646
24,1.4270494119791932,0.953125,0.7375350805213217,0.6430065763723187,0.0,0.046875,0.0,61,0.00018779215654066757,0.6939148306846619,0.512,0.984375,60,0.9836065573770492,64,0.984375,54,0.84375,0.890427831218042,57.609531249999996,45.157264242232095,-0.2244314380205465,0.7725233981724698,3.6875,2.3242942477233814,-0.23613198174027472,0.7265902247567403,2.4241400000000017,1.8762362183837633,0.050703068130547736,0.8967208835835645,307.63978125000006,110.42263517850256,-0.24496883123460944,0.7331345135191359,1.0,0.9968307018280029,0.0,1.0648607015609741,0.049922529608011246,0.049922529608011246,2.162205696105957
25,1.476935627921495,0.96875,0.7630303360281452,0.674839468681187,0.0,0.03125,0.0,62,0.00014652123911340544,0.6924582719802856,0.525,1.0,62,1.0,64,1.0,56,0.875,0.8948614221318794,60.76765625,45.62035865920319,-0.17040412928531648,0.7804457397641607,4.109375,2.8290744262700125,-0.10425098114429056,0.8843879492669607,2.5866450000000016,1.734423987610874,0.1283700621683642,0.8289437094539841,334.845,126.4595175435355,-0.06434386443119197,0.8396089870910269,1.0,0.987675666809082,0.003267973894253373,1.0446385145187378,0.036809612065553665,0.036809612065553665,2.1148765087127686
26,1.4628511668610245,0.96875,0.73489925229261,0.6542160655760062,0.0,0.03125,0.0,62,0.0002492962050599128,0.7143980860710144,0.538,1.0,62,1.0,64,1.0,57,0.890625,0.8970513468650672,60.621874999999996,59.34560574705068,-0.17289806749281558,1.0152490366198748,3.921875,3.217649994075645,-0.16286475918695018,1.0058593203824797,2.7299318750000015,2.2354374689419565,0.19685202190081763,1.068396102102868,328.82009375000007,148.82642616051083,-0.10434532523179466,0.9881107199225722,1.0,0.9908510446548462,0.003076923079788685,1.0446386337280273,0.04713432863354683,0.04713432863354683,2.202172040939331
27,1.3998808765385733,0.921875,0.734417365832349,0.6411312900704174,0.0,0.078125,0.0,59,0.00019168438964977156,0.7063414454460144,0.551,0.984375,58,0.9830508474576272,64,0.984375,50,0.78125,0.8986361156180142,57.931250000000006,53.57558566817072,-0.21892766656369703,0.9165389930940093,3.703125,2.75385915296607,-0.23124750023671975,0.8608751421477326,2.5213670312500014,1.8474893497127742,0.09717136914533696,0.882981719387536,318.92521875000006,169.3609195327641,-0.17004086272490782,1.1244464067542852,1.0,0.9920720458030701,0.0,1.1014961004257202,0.03201957792043686,0.03201957792043686,2.0944652557373047
28,1.549152670826588,0.984375,0.7917945186297098,0.6675738246827165,0.0,0.015625,0.0,63,0.0001413949411979143,0.6775102615356445,0.5640000000000001,0.984375,62,0.9841269841269841,64,0.984375,47,0.734375,0.901244073234904,56.228281249999995,46.28498337591144,-0.24806103475612104,0.7918157408764223,3.578125,2.2762681046781372,-0.2703233522651595,0.7115769250836792,2.3573625000000016,1.8798242510754173,0.018787695099808353,0.8984357336723013,301.24382812500005,126.2979475504445,-0.2874338020733145,0.8385362673710839,1.0,0.9920982718467712,0.010309278033673763,1.0230478048324585,0.037956736981868744,0.037956736981868744,2.2160584926605225
29,1.504901590978469,0.96875,0.7555377257447089,0.6747334275715258,0.0,0.03125,0.0,62,0.00018382993756221096,0.6992137432098389,0.577,1.0,62,1.0,64,1.0,59,0.921875,0.8975012274922416,54.999375,37.08310628149124,-0.2690844259693895,0.6343955454364444,3.734375,2.2025708522939733,-0.2214785372296098,0.6885386616511499,2.8577956250000014,1.8736429829394827,0.2579627145496768,0.8954814829387252,326.45095312500007,113.10247486701913,-0.12007487883971237,0.7509269069280948,1.0,0.9941210746765137,0.003322259057313204,1.0446385145187378,0.04339278116822243,0.04339278116822243,2.07999849319458
30,1.473908171185763,0.9375,0.7572878155236443,0.6778988432084476,0.0,0.0625,0.0,60,0.0002394456492744877,0.7022169232368469,0.5900000000000001,0.984375,59,0.9833333333333333,64,0.984375,52,0.8125,0.9017842463450538,50.98671875,35.219922631529144,-0.3377305429112774,0.6025213168080858,3.4375,2.3310070248714396,-0.3142836857971542,0.7286886846490397,2.685656875000001,1.6723472666218995,0.17569140431351665,0.7992750080667167,302.78281250000003,121.07774505339475,-0.2772159462935167,0.8038775163644694,1.0,0.9927625060081482,0.0,1.0837910175323486,0.043699584901332855,0.043699584901332855,2.1306164264678955
31,1.5236465740250629,0.96875,0.7753824037049086,0.6663887793480038,0.0,0.03125,0.0,62,0.00017495483901312238,0.6941118836402893,0.603,1.0,62,1.0,64,1.0,57,0.890625,0.8933389696202082,59.4309375,52.79052926776823,-0.19327191209898623,0.9031087189537794,3.71875,2.729862347720119,-0.22636301873316478,0.8533735772601642,2.4849093750000018,2.00880478323467,0.07974694177017014,0.9600801767491733,321.95232812500007,140.6966871477274,-0.14994282435241021,0.9341345378966711,1.0,0.9885820150375366,0.010791366919875145,1.0446386337280273,0.06065092235803604,0.06065092235803604,2.172667980194092
32,1.5453872622489313,0.96875,0.7670079568821576,0.6959058178284938,0.0,0.03125,0.0,62,0.00018250475735550817,0.694656491279602,0.6160000000000001,0.984375,61,0.9838709677419355,64,0.984375,55,0.859375,0.8976140032176164,56.4303125,35.64253853231198,-0.24460480527884745,0.6097511762177076,3.734375,1.9862196150916946,-0.2214785372296098,0.620905790202461,2.6081659375000013,1.614240596664884,0.1386556935304804,0.7715037370959227,308.512375,113.34710125008444,-0.2391753759944595,0.7525510670837786,1.0,0.990592896938324,0.019607843831181526,1.0446385145187378,0.0493658073246479,0.0493658073246479,2.118274211883545
33,1.5970841638836282,1.0,0.7878558492520824,0.6675145419512951,0.0,0.0,0.0,64,0.00017003101540739667,0.6991195678710938,0.629,1.0,64,1.0,64,1.0,57,0.890625,0.8806547413005854,53.7103125,46.601027281084086,-0.29113693423505577,0.7972224304908772,3.71875,2.4074672245951763,-0.22636301873316478,0.7525906642527971,2.952690625000002,1.8286692314459483,0.3033164538144295,0.8739869068388725,326.8306406250001,94.44245099023392,-0.11755400066874817,0.6270364789823424,1.0,0.9949397444725037,0.0,1.0,0.06909514963626862,0.06909514963626862,2.1509456634521484
34,1.4825623827260341,0.953125,0.7202157761413054,0.6608709928972756,0.0,0.046875,0.0,61,0.00017610121823349086,0.6938141584396362,0.6420000000000001,0.984375,60,0.9836065573770492,64,0.984375,52,0.8125,0.8974779525993356,58.196250000000006,45.319967815660455,-0.214394205470537,0.7753068333417361,3.828125,2.589369418289905,-0.19217164820828,0.8094545298885075,2.4841932812500023,1.911999759502515,0.07940469476846725,0.9138135683307494,310.72553125,135.27707342362763,-0.22448145723348553,0.898151825976633,1.0,0.9868659377098083,0.017605634406208992,1.0648607015609741,0.058304980397224426,0.058304980397224426,2.269148588180542
35,1.4830977027107384,0.953125,0.7253027697414404,0.6589783643779703,0.0,0.046875,0.0,61,0.00016183439460341876,0.7036856412887573,0.655,1.0,61,1.0,64,1.0,50,0.78125,0.900009051437855,56.33390625,46.2249736214496,-0.24625406559398882,0.7907891299818456,3.765625,2.4921262727588664,-0.21170957422249986,0.7790556597641004,2.1771279687500016,1.9118704794014718,-0.06735288066095226,0.9137517807129104,298.63165625000005,123.48405970461066,-0.30477692519033395,0.8198538813401949,1.0,0.9931874871253967,0.007352941203862429,1.0648609399795532,0.06358882784843445,0.06358882784843445,2.241955518722534
36,1.5168663935526503,0.984375,0.7009525616608915,0.6342621882633297,0.0,0.015625,0.0,63,0.00018234683302192542,0.6955132484436035,0.6679999999999999,0.984375,62,0.9841269841269841,64,0.984375,50,0.78125,0.8928098722476812,60.87109375,51.59428893168517,-0.16863458256145336,0.8826441566077372,4.078125,2.90637600533293,-0.1140199441514005,0.9085529497871792,2.736789062500002,1.9129605871623772,0.2001293188497037,0.9142727824849594,337.8235156250001,136.29496554600715,-0.04456845696864047,0.9049099679531338,1.0,0.9916998744010925,0.012158054858446121,1.023047924041748,0.05327523872256279,0.05327523872256279,2.0767643451690674
37,1.4047771489574856,0.890625,0.7188937631027218,0.6783767090544961,0.0,0.109375,0.0,57,0.00021012083615391808,0.6873158812522888,0.681,1.0,57,1.0,64,1.0,49,0.765625,0.8963696672774728,56.2521875,39.29143928981024,-0.24765206096646683,0.672174382319294,3.671875,2.150978610859485,-0.2410164632438297,0.6724105753142731,2.3965881250000014,1.7078145005888343,0.037535034461702525,0.8162260769510451,296.7203437500001,135.81546691285513,-0.31746679767531255,0.9017264087437314,1.0,0.986063539981842,0.0,1.1334559917449951,0.06162598729133606,0.06162598729133606,2.1733744144439697
38,1.56360443426711,0.96875,0.7649809445044206,0.6775063035204547,0.0,0.03125,0.0,62,0.00020443793674618216,0.6906002759933472,0.6940000000000001,1.0,62,1.0,64,1.0,58,0.90625,0.8933917347117745,56.952968750000004,47.27751486170802,-0.23566351556385906,0.8087953743654603,3.953125,2.8418176814100864,-0.15309579617984026,0.8883715776846742,2.8452325000000016,1.4813985399973417,0.25195834450277776,0.7080137323381042,325.47298437500007,153.44663815502085,-0.1265679555771869,1.0187859240369712,1.0,0.9848953485488892,0.00937500037252903,1.0446386337280273,0.0604114755988121,0.0604114755988121,2.137364149093628
39,1.5594778370671611,0.953125,0.7611415152911281,0.7009492423765388,0.0,0.046875,0.0,61,0.00018278315476199722,0.6910048127174377,0.7070000000000001,0.984375,60,0.9836065573770492,64,0.984375,51,0.796875,0.8926302686414194,50.483281250000005,30.382664673640765,-0.34634304977575936,0.5197684083187818,3.171875,1.4636714058746245,-0.39731987135758867,0.4575536581937217,2.6756309375000016,1.6342914908452306,0.1708996475796562,0.7810867817945958,297.69562500000006,96.85016118202586,-0.31099156419073565,0.6430221094402732,1.0,0.9960622787475586,0.003389830468222499,1.0648607015609741,0.06416509300470352,0.06416509300470352,2.085810661315918
40,1.538543768693267,0.96875,0.7418010430710931,0.6474565942221345,0.0,0.03125,0.0,62,0.0002265680209887896,0.6912232041358948,0.72,0.984375,61,0.9838709677419355,64,0.984375,54,0.84375,0.8952275745009524,62.49546875,41.01278089395151,-0.14084574911540892,0.7016220622831131,4.390625,2.4661279588405383,-0.01633031408030112,0.7709284096228083,2.5154701562500015,2.1363780355776023,0.09435304013720341,1.021052030102014,332.87587500000006,117.8206770006464,-0.07741757433314868,0.7822527018643418,1.0,0.9928966164588928,0.003367003286257386,1.0446386337280273,0.07697652280330658,0.07697652280330658,2.1563191413879395
41,1.6706477089498084,1.0,0.819473527604714,0.6731321206318419,0.0,0.0,0.0,64,0.0002279671227794133,0.684535801410675,0.7330000000000001,0.984375,63,0.984375,64,0.984375,53,0.828125,0.8857906182493195,52.142500000000005,35.94482055873975,-0.31795813034871573,0.6149224358628844,3.671875,2.1143459944803262,-0.2410164632438297,0.6609589697379001,2.860592500000002,1.5960680417493969,0.25929944187467946,0.76281841840251,326.9917187500001,118.07931949851937,-0.11648454663317367,0.7839699199106865,1.0,0.9888022541999817,0.010273972526192665,0.9999999403953552,0.06622157245874405,0.06622157245874405,2.187882423400879
42,1.5030327759317612,0.90625,0.7686160306992202,0.6981180032631871,0.0,0.09375,0.0,58,0.00019892437691831823,0.7142320871353149,0.746,0.984375,57,0.9827586206896551,64,0.984375,54,0.84375,0.9040305974032867,52.39640625,35.149222936253665,-0.3136144544782058,0.6013118288162759,3.34375,1.9543121392193212,-0.34359057481848404,0.6109312957561419,2.5450006250000015,1.617103394293981,0.10846671504160743,0.772871971220353,294.04150000000004,103.18241452444192,-0.3352525786999662,0.6850641551328751,1.0,0.9989039897918701,0.007117437664419413,1.1180340051651,0.07755304872989655,0.07755304872989655,2.1770315170288086
43,1.6472276369485823,0.984375,0.7741079903429463,0.6898506437523703,0.0,0.015625,0.0,63,0.0002032288051300212,0.6940246224403381,0.7590000000000001,0.9375,59,0.9365079365079365,64,0.9375,49,0.765625,0.8745118037109095,47.3365625,39.09287024264902,-0.4001752272257295,0.6687773821320818,3.484375,1.9202228671107424,-0.2996302412864893,0.6002747569347656,3.0591268750000022,1.5093969701846952,0.3541861722486781,0.7213951908189473,316.05660937500005,86.65968160400084,-0.18908656413583097,0.5753639497170886,1.0,0.9978513121604919,0.0,1.023047924041748,0.09334845840930939,0.09334845840930939,2.0200517177581787
44,1.6638956149792932,0.984375,0.8003796298825552,0.6645038683337814,0.0,0.015625,0.0,63,0.00021590476794753979,0.6932987570762634,0.772,0.96875,61,0.9682539682539683,64,0.96875,53,0.828125,0.8898825465108876,48.075,35.47985621271597,-0.3875424812786339,0.6069681046462603,3.640625,1.971414367750981,-0.25078542625093964,0.6162775689678195,3.146203125000002,1.897044649847557,0.39580304920375897,0.9066659826416537,315.995625,100.95740569085628,-0.18949146074082182,0.6702915429220757,1.0,0.9968004822731018,0.007042253389954567,1.023047924041748,0.08506710082292557,0.08506710082292557,2.169156789779663
45,1.6431947967619602,0.96875,0.7924872929410588,0.6801964712351394,0.0,0.03125,0.0,62,0.0003575855185950058,0.6904339790344238,0.7850000000000001,0.984375,61,0.9838709677419355,64,0.984375,48,0.75,0.8863377165819935,83.91328125000001,282.23606424883224,0.22555734397646265,4.8283253447497625,5.46875,17.165525725636837,0.32069890966499176,5.366060345962888,3.427288125000006,4.083237508951594,0.5301436973014786,1.9515263115764574,442.0816718750005,1096.6507460755554,0.6476379238987016,7.281048038065873,1.0,0.9741895794868469,0.0054054055362939835,1.0446385145187378,0.06330080330371857,0.06330080330371857,2.986283302307129
46,1.617932846868277,0.96875,0.7800268355396486,0.6670919711348016,0.0,0.03125,0.0,62,0.00027959441494352136,0.6912320852279663,0.798,0.984375,61,0.9838709677419355,64,0.984375,55,0.859375,0.8957014875880156,58.785624999999996,46.38825369486736,-0.20431153138834407,0.7935824275672332,4.109375,2.823546016868682,-0.10425098114429056,0.8826597308052085,2.915957812500002,1.837373100747769,0.28576051935438385,0.8781467995509148,335.58571875000007,168.3352647417376,-0.05942597346112115,1.1176367257043607,1.0,0.9870192408561707,0.01650165021419525,1.0446386337280273,0.0854547917842865,0.0854547917842865,2.2021496295928955
47,1.6495154427069578,0.984375,0.7937576368687644,0.6542447855574626,0.0,0.015625,0.0,63,0.0003263092420415191,0.6982528567314148,0.8109999999999999,0.96875,61,0.9682539682539683,64,0.96875,54,0.84375,0.8958810880464039,77.48734375000001,209.77340966089304,0.11562625852994246,3.58867770217801,5.359375,11.997873753685484,0.28650753914010696,3.75061711563932,4.054737187499995,7.972927321064232,0.830024209262466,3.8105492059262183,458.16523437500075,995.1538212209498,0.7544223232207339,6.607174438629658,1.0,1.000762701034546,0.030219780281186104,1.0230478048324585,6.768895626068115,6.645641803741455,3.0770604610443115
48,1.6041410595489887,0.96875,0.7434051139580626,0.6674290667512954,0.0,0.03125,0.0,62,0.0002472703693385621,0.6885305643081665,0.8240000000000001,0.953125,59,0.9516129032258065,64,0.953125,53,0.828125,0.8877182687815489,53.09734375,35.516347215146375,-0.3016232360442932,0.6075923708340665,3.703125,2.0130797883777483,-0.23124750023671975,0.6293024634567336,2.892443125000002,2.4231504078503336,0.27452200303880203,1.1581108783067875,327.1974062500001,124.8444622836651,-0.11511891534747119,0.8288860700882082,1.0,0.9886623620986938,0.012698412872850895,1.0446386337280273,0.06123002618551254,0.06123002618551254,2.2046921253204346
49,1.687500961164179,0.96875,0.8216423635040561,0.687381685393053,0.0,0.03125,0.0,62,0.00022191959327824695,0.6956450343132019,0.837,1.0,62,1.0,64,1.0,55,0.859375,0.8853919604153726,52.147343750000005,39.086577828991835,-0.3178752663782629,0.6686697352924708,3.515625,2.0614935991593573,-0.28986127827937935,0.6444369507066139,2.840164843750002,1.7066848997773738,0.2495363290093811,0.815686200027327,317.70932812500007,108.90824745773034,-0.17811358604301047,0.7230799635335018,1.0,0.9895025491714478,0.010238908231258392,1.0446386337280273,0.07685988396406174,0.07685988396406174,2.0619232654571533
50,1.5351092857399014,0.90625,0.7731961412997596,0.6804953982213451,0.0,0.09375,0.0,58,0.0002526769470570919,0.6974327564239502,0.8500000000000001,0.984375,57,0.9827586206896551,64,0.984375,49,0.765625,0.9037118778892597,54.90703125,67.68660524985003,-0.2706641874706026,1.157941854446319,3.5625,3.7867986149252775,-0.2752078337687145,1.183779058706566,2.720816562500002,1.404054463538341,0.19249548566137697,0.6710482117374972,309.48123437500004,198.89135368412693,-0.23274277958511952,1.3205092922357857,1.0,0.9915992617607117,0.00671140942722559,1.1180341243743896,0.07733307778835297,0.07733307778835297,2.0135765075683594
51,1.5894913574543792,0.953125,0.7331525000636695,0.6755499000706936,0.0,0.046875,0.0,61,0.00026670896405321665,0.6930395364761353,0.863,0.984375,60,0.9836065573770492,64,0.984375,55,0.859375,0.8965880957800847,54.78484375,37.87021310476858,-0.27275449795105733,0.6478608969816843,3.875,2.2325713874364688,-0.1775182036976151,0.6979170334271672,2.8088628125000015,1.4326301624803044,0.2345759605624697,0.6847055677533239,321.61642187500007,109.43596550206387,-0.152173023484895,0.7265836682864477,1.0,1.002248764038086,0.010380622930824757,1.0648608207702637,0.0816635712981224,0.0816635712981224,2.025639772415161
52,1.6258867027891257,0.9375,0.791873888981839,0.6796308255456595,0.0,0.0625,0.0,60,0.0002674834642265372,0.6906147003173828,0.8760000000000001,1.0,60,1.0,64,1.0,54,0.84375,0.8891656299416777,50.5753125,50.49397937405354,-0.3447686343371561,0.863820720494699,3.578125,2.838379200243512,-0.2703233522651595,0.8872966850345332,2.894451562500002,1.8937162117210335,0.2754819076776612,0.9050752021479584,310.28007812500005,129.78985138451995,-0.22743897640122238,0.861720238796074,1.0,0.9933088421821594,0.0036496350076049566,1.0837911367416382,0.07525855302810669,0.07525855302810669,2.1161115169525146
53,1.6606375312628003,0.96875,0.7934626607644942,0.6254031518405443,0.0,0.03125,0.0,62,0.0002736233628326428,0.6881611347198486,0.889,0.984375,61,0.9838709677419355,64,0.984375,61,0.953125,0.8871294305473263,52.55109375000001,40.84658680344309,-0.3109681534863257,0.6987789134407243,3.921875,2.0789472057690643,-0.16286475918695018,0.6498930671005619,3.040943750000002,1.9293175892296592,0.34549580173107014,0.9220903830636256,332.5275156250001,119.91502053993705,-0.07973045412004726,0.7961577814645315,1.0,0.9917808175086975,0.009900989942252636,1.0446386337280273,0.09804382920265198,0.09804382920265198,2.108703374862671
54,1.6525228770714158,0.9375,0.7859164443487923,0.7154182374152462,0.0,0.0625,0.0,60,0.00028226113928403115,0.6928698420524597,0.9020000000000001,0.984375,59,0.9833333333333333,64,0.984375,51,0.796875,0.8959470329983368,51.54625,35.92935153273018,-0.3281584178083258,0.6146578010418902,3.484375,1.9444808714345843,-0.2996302412864893,0.6078579744344752,2.8258721875000017,1.4897220470888919,0.24270535366860183,0.7119918362466187,313.127578125,85.95193474222326,-0.20853342751741763,0.5706649706502948,1.0,0.9945346117019653,0.006968641187995672,1.0837910175323486,0.06366325169801712,0.06366325169801712,2.144287586212158
55,1.7253531576008119,0.984375,0.7997535247178305,0.6699226093983031,0.0,0.015625,0.0,63,0.0003772515558571382,0.6844971776008606,0.915,0.9375,59,0.9365079365079365,64,0.9375,51,0.796875,0.8904383884349301,51.419531250000006,39.98747313337983,-0.3303262461966233,0.6840817119394651,3.90625,2.191736968137372,-0.16774924069050515,0.685151915617577,2.8246846875000022,1.8821272148978885,0.2421378046367575,0.8995364030515153,327.3880000000001,113.04437827685206,-0.11385349674955274,0.7505411833370901,1.0,1.00265371799469,0.009900989942252636,1.023047924041748,0.09834855049848557,0.09834855049848557,2.1800191402435303
56,1.7234115695774062,0.953125,0.8193267068413438,0.7143474257840359,0.0,0.046875,0.0,61,0.0003080840566925041,0.687493622303009,0.9280000000000002,0.96875,59,0.9672131147540983,64,0.96875,51,0.796875,0.8879593420975497,43.6640625,33.188550535103126,-0.4630021550167865,0.5677698210915643,3.46875,2.083932205591151,-0.30451472279004427,0.6514514120238393,3.0776856250000013,2.1445270325221717,0.36305606748635855,1.0249467293242414,312.59121875000005,131.9258960598796,-0.21209450508839175,0.8759021868304911,1.0,0.9915664196014404,0.02090592309832573,1.0648609399795532,0.08888254314661026,0.08888254314661026,2.168360710144043
57,1.6575797443497455,0.984375,0.724242764155543,0.6580567805619775,0.0,0.015625,0.0,63,0.0003700777142800482,0.69327312707901,0.9410000000000001,0.953125,60,0.9523809523809523,64,0.953125,49,0.765625,0.8948746636645867,75.60156250000001,132.98184963345037,0.0833654437107515,2.2749737411686817,4.984375,7.684180558743724,0.1692799830547877,2.4021272197862658,2.960901250000002,2.92561694564983,0.3072406073046097,1.3982577389909252,399.03295312499995,581.7871525696812,0.3618224167122905,3.862688482133729,1.0,0.9781115651130676,0.05607476457953453,1.023047924041748,0.11606677621603012,0.11606677621603012,2.6354966163635254
58,1.6266232322046474,0.90625,0.8083825482633608,0.6793385982621438,0.0,0.09375,0.0,58,0.0003142063677210175,0.6986829042434692,0.954,1.0,58,1.0,64,1.0,47,0.734375,0.8999298895426525,51.98171875,42.75152762455861,-0.320708679561488,0.7313674987135526,3.828125,2.654916944910895,-0.19217164820828,0.8299451334970837,2.6953562500000015,1.39178660654604,0.18032708506362014,0.6651849609090438,306.4535156250001,142.9780350400229,-0.2528448638114714,0.9492812048321435,1.0,0.99269038438797,0.009433962404727936,1.1180338859558105,0.08772755414247513,0.08772755414247513,2.062019109725952
59,1.723144533809255,0.96875,0.7876150560595335,0.6845508476645871,0.0,0.03125,0.0,62,0.0002942618796456936,0.692082405090332,0.9670000000000001,0.984375,61,0.9838709677419355,64,0.984375,57,0.890625,0.8818361314348304,57.619375000000005,61.06387677247797,-0.2242630370483358,1.0446441869643228,3.953125,2.7524403234902297,-0.15309579617984026,0.8604316063825205,3.0229559375000017,1.8256416863707825,0.33689877809369967,0.8725399339746398,346.0890312500001,147.31280106248082,0.01030919349608006,0.9780612332561769,1.0,0.9899020195007324,0.019354838877916336,1.0446386337280273,0.0901019349694252,0.0901019349694252,2.0562636852264404
60,1.72624930996695,0.96875,0.7688095478280899,0.6847974231136826,0.0,0.03125,0.0,62,0.000257396408337298,0.6921070218086243,0.98,0.953125,59,0.9516129032258065,64,0.953125,52,0.8125,0.8896640287233518,47.2109375,30.75820768097669,-0.4023243443948926,0.5261929728945015,3.4375,1.5995604865087159,-0.3142836857971542,0.5000335110508295,2.7752771875000017,1.8038015278290307,0.21852418039182067,0.8621017353761523,302.32201562500006,92.15552272525717,-0.2802753379865164,0.6118527619999813,1.0,0.9904273152351379,0.006557377055287361,1.0446386337280273,0.06991200894117355,0.06991200894117355,2.197030782699585
61,1.865013019095819,1.0,0.8389823464676738,0.7268633469411211,0.0,0.0,0.0,64,0.0003648012791783164,0.6947295069694519,0.9930000000000001,0.984375,63,0.984375,64,0.984375,52,0.8125,0.8830544203365316,45.69671875,29.652856579019478,-0.42822869077096193,0.5072832890642957,3.484375,1.5909135298233528,-0.2996302412864893,0.4973304134513608,3.150802812500002,1.233894735982711,0.39800140557210645,0.5897227476253801,322.03904687500005,89.6439848367959,-0.14936706822694323,0.5951777831329635,1.0,0.9954079985618591,0.0034129691775888205,0.9999999403953552,0.05643873289227486,0.05643873289227486,2.042505979537964
62,1.644420148579916,0.9375,0.7618693217635155,0.6630019027527265,0.0,0.0625,0.0,60,0.00035928815975943044,0.7042490839958191,1.006,0.984375,59,0.9833333333333333,64,0.984375,58,0.90625,0.8914882348812594,65.60078125000001,65.0868806218054,-0.08772192496124491,1.1134673244305826,4.40625,3.5956516707684574,-0.01144583257674615,1.1240252210620834,2.7122715625000025,1.8827871719933094,0.1884115223122302,0.8998518203235701,357.15234375000006,179.5017305098703,0.0837623964058462,1.1917747992561665,1.0,0.9915434718132019,0.005899704992771149,1.0837912559509277,0.07605284452438354,0.07605284452438354,2.1066036224365234
63,1.5958098492612018,0.90625,0.735124544336878,0.7043325130442037,0.0,0.09375,0.0,58,0.00024111158521168598,0.6862214803695679,1.0190000000000001,1.0,58,1.0,64,1.0,59,0.921875,0.8907685172088159,48.7659375,29.7450694295894,-0.3757223368482368,0.5088608112165527,3.28125,1.6342883581241103,-0.3631285008327039,0.5108896804308759,2.9166731250000018,1.5782262179747042,0.2861023929685659,0.754291168036473,309.4999375000001,104.0489932717809,-0.2326186029937346,0.6908176746656174,1.0,0.9981849193572998,0.0,1.1180340051651,0.08884453773498535,0.08884453773498535,2.0806262493133545
64,1.6191130983128401,0.890625,0.80019028733174,0.6787360460434556,0.0,0.109375,0.0,57,0.00035306034599045296,0.6972180008888245,1.032,0.9375,54,0.9473684210526315,64,0.9375,51,0.796875,0.9044732123112776,54.334218750000005,57.655018016774996,-0.2804635202344732,0.9863274754886351,3.578125,3.019751063312173,-0.2703233522651595,0.9439947657016806,2.6230859375000017,1.7598206415664923,0.1457864990505829,0.8410816853399661,310.95556250000004,193.53119425244435,-0.22295419927328247,1.2849213181670718,1.0,0.9841322302818298,0.02222222276031971,1.133455753326416,0.11528325080871582,0.11528325080871582,2.301636219024658
65,1.7944008129131332,0.96875,0.8074162811221134,0.7106779296112501,0.0,0.03125,0.0,62,0.0003424536806913214,0.6868139505386353,1.0450000000000002,1.0,62,1.0,64,1.0,58,0.90625,0.8941108068245557,52.612812500000004,43.08273822210984,-0.3099123061208787,0.7370336510065366,3.515625,2.2499457458736645,-0.28986127827937935,0.7033483763022146,2.4741165625000012,2.0067592337726867,0.07458866784574435,0.9591025349666563,292.56879687500003,84.19021199458476,-0.345030370068191,0.5589682768749863,1.0,0.993053674697876,0.0035714285913854837,1.0446386337280273,0.11057960242033005,0.11057960242033005,2.0596704483032227
66,1.8106779736249192,0.984375,0.7895640676456784,0.693287484558032,0.0,0.015625,0.0,63,0.00026623074782430086,0.693061888217926,1.058,1.0,63,1.0,64,1.0,57,0.890625,0.8839297462672144,52.774531249999995,37.049852349979396,-0.30714571872027707,0.6338266571168083,3.859375,2.1927949309899,-0.18240268520117006,0.6854826420165927,2.9311590625000017,1.7867260425441207,0.29302574438202805,0.8539407457831187,325.77029687500004,116.33184697204594,-0.12459399385549565,0.7723678383400634,1.0,0.9965217709541321,0.0063492064364254475,1.0230478048324585,0.07413163781166077,0.07413163781166077,2.109111785888672
67,1.7996094428135074,0.953125,0.8212752857657729,0.7055698392138905,0.0,0.046875,0.0,61,0.00024272133924829395,0.6807418465614319,1.0710000000000002,0.953125,58,0.9508196721311475,64,0.953125,49,0.765625,0.8817781579035722,43.00796875,25.858934093201203,-0.4742262134661844,0.44237913819666536,3.078125,1.5340376411206473,-0.4266267603789185,0.47955062296389744,3.1264228125000018,1.4921150211481164,0.3863493252383199,0.7131355247607595,307.96628125000007,103.65434914468572,-0.24280108348726528,0.688197494213816,1.0,0.9967876672744751,0.013937282375991344,1.0648608207702637,0.08885172009468079,0.08885172009468079,2.1370253562927246
68,1.805426530884453,0.984375,0.7835725784774811,0.6778700787988816,0.0,0.015625,0.0,63,0.0003484193317453699,0.6879891753196716,1.084,1.0,63,1.0,64,1.0,56,0.875,0.8905406234153103,53.3325,40.8339731795107,-0.2976003239303746,0.6985631271262291,3.65625,2.048007797226368,-0.24590094474738466,0.6402211971000672,2.9203037500000018,1.7107753072688836,0.2878375994559265,0.8176411531318796,321.6616406250001,111.49417681646086,-0.1518728003809127,0.7402488534023504,1.0,0.9969286322593689,0.0,1.0230478048324585,0.08602285385131836,0.08602285385131836,2.0735585689544678
69,1.7486236063573204,0.921875,0.829738895140462,0.6827839191394092,0.0,0.078125,0.0,59,0.00037857413631841794,0.6860448122024536,1.097,1.0,59,1.0,64,1.0,54,0.84375,0.9002274478689161,47.1671875,36.771036388574146,-0.4030727931602729,0.6290568408406472,3.265625,1.9624776073563235,-0.3680129823362589,0.6134838767534575,2.5683762500000014,1.9083197364267714,0.11963876837846,0.9120547527233355,293.87771875000004,123.72673629041206,-0.3363399797282808,0.8214650961095797,1.0,0.9898260235786438,0.021978022530674934,1.1014961004257202,0.08550144731998444,0.08550144731998444,2.177199125289917
70,1.79756283567141,0.96875,0.7833753884319337,0.689842864250543,0.0,0.03125,0.0,62,0.00046365848705845134,0.6915426254272461,1.1099999999999999,0.984375,61,0.9838709677419355,64,0.984375,53,0.828125,0.8914403318720188,59.45281250000001,62.137707917293206,-0.192897687716296,1.0630146462686372,4.078125,3.2273474378156126,-0.1140199441514005,1.0088908073955762,2.5893615625000015,1.6653271560053333,0.12966840525621284,0.7959198442908227,333.3615000000001,196.85699424471184,-0.07419334003053295,1.307002468064024,1.0,0.992369532585144,0.012500000186264515,1.0446385145187378,0.0976732149720192,0.0976732149720192,2.029038906097412
71,1.8284100310217117,0.96875,0.8008147604883679,0.6925085470080594,0.0,0.03125,0.0,62,0.0003401490281311808,0.7007002830505371,1.123,0.984375,61,0.9838709677419355,64,0.984375,56,0.875,0.8909776993275673,45.846093749999994,29.50816722839138,-0.4256732728434497,0.5048080304164954,3.328125,1.8545104433178585,-0.348475056322039,0.5797326053462788,2.807358906250002,1.4931874218451682,0.2338571895846404,0.7136480636890636,308.7592812500001,95.8558340969443,-0.23753607900443563,0.6364204239921606,1.0,0.9935399293899536,0.017241379246115685,1.0446386337280273,0.07820095121860504,0.07820095121860504,2.063448429107666
72,1.9337703355390496,0.984375,0.8585508490602175,0.7064063050095671,0.0,0.015625,0.0,63,0.0003743848623636997,0.6892757415771484,1.136,0.984375,62,0.9841269841269841,64,0.984375,56,0.875,0.8822669455587304,48.985937500000006,30.537124676303332,-0.3719587087708963,0.5224108174226314,3.265625,1.7610560352740057,-0.3680129823362589,0.5505181203852626,3.0403462500000016,1.3301549802507757,0.34521023495504705,0.6357289863112454,309.38675000000006,93.99469545255607,-0.2333700944122724,0.6240636732911877,1.0,0.9894218444824219,0.006872852332890034,1.0230478048324585,0.07762381434440613,0.07762381434440613,2.105518341064453
73,1.8722073255529101,0.96875,0.8148538910092846,0.7347858196806769,0.0,0.03125,0.0,62,0.0003922044717343219,0.6885039806365967,1.149,0.953125,59,0.9516129032258065,64,0.953125,48,0.75,0.8881468475042174,49.61265625,26.536237089720085,-0.3612371802068252,0.45396603171741645,3.390625,1.547348412405881,-0.3289371303078191,0.483711660796907,2.457775937500001,1.4060562400966574,0.06677889445754576,0.6720049328723534,295.731390625,89.9229153006927,-0.3240328035220134,0.5970297000848103,1.0,0.9979782104492188,0.003636363660916686,1.0446386337280273,0.09897012263536453,0.09897012263536453,2.191791534423828
74,1.692241124066849,0.9375,0.7313728558520476,0.6869509170455721,0.0,0.0625,0.0,60,0.0006456310601160031,0.6950299739837646,1.162,1.0,60,1.0,64,1.0,55,0.859375,0.8958282151091373,63.02109375,59.09775590909701,-0.13185367180562696,1.0110089702149352,4.0,3.8446391248074248,-0.13844235166917535,1.2018603963498002,2.790836875000001,2.147951299241961,0.2259607156140768,1.0265833097550574,336.68546875000004,259.8731756709634,-0.05212434839177472,1.7253889468786754,1.0,0.9918299913406372,0.0,1.0837911367416382,0.07868918031454086,0.07868918031454086,2.313084602355957
75,1.7868935160499508,0.9375,0.7960134009520213,0.6987387978954344,0.0,0.0625,0.0,60,0.0006642116873956033,0.6876184344291687,1.175,0.984375,60,1.0,64,0.984375,50,0.78125,0.8905759614345332,54.198125000000005,43.04102900413017,-0.28279173050106654,0.7363201147162085,3.9375,2.994134891750871,-0.1579802776833952,0.9359869758659641,2.655850000000002,1.7306023078757886,0.16144562490420067,0.8271171910256322,315.90626562500006,158.16234554853386,-0.19008474889965868,1.050095155520652,1.0,0.9948133230209351,0.012158054858446121,1.0837911367416382,0.06845087558031082,0.06845087558031082,1.9740104675292969
76,1.8432845629433026,0.984375,0.7749761025761328,0.6869486426097349,0.0,0.015625,0.0,63,0.0006710039694601544,0.69718337059021,1.1880000000000002,0.96875,61,0.9682539682539683,64,0.96875,53,0.828125,0.8868793469118265,74.54687500000001,132.55642106376587,0.06532248240247909,2.267695764306103,4.921875,6.466994779986683,0.1497420570405678,2.0216266487316155,2.8937337500000018,2.2742112632401676,0.275138839223412,1.0869274952943555,401.01578124999986,413.68608583662314,0.3749871064560549,2.746606678958457,1.0,0.9828455448150635,0.03703703731298447,1.0230478048324585,0.09040644019842148,0.09040644019842148,2.3390543460845947
77,1.7328894548543723,0.9375,0.7652132704854011,0.65577882153902,0.0,0.0625,0.0,60,0.00034846504779326485,0.6937882900238037,1.201,0.984375,59,0.9833333333333333,64,0.984375,54,0.84375,0.8940359820149058,60.26328124999999,54.36204463636277,-0.17903267433762826,0.9299932615229354,3.984375,2.5463956604139506,-0.14332683317273032,0.7960206402575732,2.294686875000002,2.047312482884479,-0.011167244090932902,0.9784843937216463,321.8113750000001,110.32675657004353,-0.15087866147093934,0.7324979418881847,1.0,0.9964855313301086,0.013793103396892548,1.0837911367416382,0.1083236113190651,0.1083236113190651,2.192248582839966
78,1.8899863745894927,0.953125,0.8301076136651586,0.7181870737641388,0.0,0.046875,0.0,61,0.00032428343278806393,0.6877673268318176,1.214,1.0,61,1.0,64,1.0,55,0.859375,0.8866362084129876,43.4203125,29.937666855941597,-0.4671720838524761,0.5121556524958374,3.125,1.6153559979150107,-0.4119733158682536,0.5049712955822367,2.8489181250000017,1.406348155844238,0.2537198374716134,0.6721444499249172,294.90196875000004,95.24184108034679,-0.329539625577539,0.6323439095094215,1.0,0.9980100393295288,0.003401360474526882,1.0648608207702637,0.08491271734237671,0.08491271734237671,2.0785863399505615
79,1.8515662487768907,0.953125,0.7966398916772155,0.6972178695357685,0.0,0.046875,0.0,61,0.00043346949554026016,0.6894886493682861,1.227,0.984375,60,0.9836065573770492,64,0.984375,50,0.78125,0.8890511351425903,50.379999999999995,38.823859368305975,-0.34810992346831776,0.6641753054057755,3.53125,2.1284439004822278,-0.2849767967758244,0.6653660712486295,2.8730832812500013,1.4874821070300472,0.26526923623713833,0.7109212881945873,309.502890625,90.16385181627628,-0.23259899616351654,0.5986293619191418,1.0,0.9968377351760864,0.003546099178493023,1.0648608207702637,0.08931883424520493,0.08931883424520493,2.1305084228515625
80,1.6913700186751772,0.921875,0.7300463738077778,0.6624142356133277,0.0,0.078125,0.0,59,0.0004701867087544406,0.6925346851348877,1.24,1.0,59,1.0,64,1.0,54,0.84375,0.8994392992030891,60.06515625,54.96419223549625,-0.1824220780322784,0.9402944415720348,3.9375,3.181366648156103,-0.1579802776833952,0.9945168991324899,2.6658165625000017,2.189305816513407,0.166209004186469,1.046348123430687,321.789890625,170.54134139356404,-0.15102130375427653,1.1322836405358006,1.0,0.9958329200744629,0.006872852332890034,1.1014961004257202,0.08961191028356552,0.08961191028356552,2.0944128036499023
81,1.894432441082551,0.953125,0.8245229496330512,0.7074463687609183,0.0,0.046875,0.0,61,0.00046109784106885903,0.6850095391273499,1.2530000000000001,0.953125,58,0.9508196721311475,64,0.953125,52,0.8125,0.8816192031109257,45.2103125,53.22864513025242,-0.43654983722320667,0.9106037424136598,3.421875,2.726058782266993,-0.3191681673007092,0.8521845567735494,2.854068593750002,1.4870430157056533,0.25618143204223104,0.7107114306315969,312.74631250000004,179.675269136771,-0.2110647834124664,1.1929269829239801,1.0,0.9853388071060181,0.03010033443570137,1.0648608207702637,0.1105409562587738,0.1105409562587738,2.1201648712158203
82,1.9211749155574933,0.96875,0.8143094320210719,0.6945957329432926,0.0,0.03125,0.0,62,0.0005162249380239042,0.6885854601860046,1.266,1.0,62,1.0,64,1.0,56,0.875,0.8885474507093274,43.9740625,35.12755839075773,-0.45769886090780687,0.6009412047630425,3.09375,1.917996594757144,-0.42174227887536353,0.5995788090222518,2.8417403125000016,1.438505455479282,0.2502893022841295,0.687513581945638,293.081,92.17851304093332,-0.3416296742936081,0.6120054027504184,1.0,0.9943718314170837,0.006849315017461777,1.0446386337280273,0.11453411728143692,0.11453411728143692,2.1120879650115967
83,1.9288910881032406,0.96875,0.8291027813308662,0.6689883187907019,0.0,0.03125,0.0,62,0.0004910189381030074,0.6952059864997864,1.279,0.96875,60,0.967741935483871,64,0.96875,53,0.828125,0.8937933742082351,49.27265625,36.68263797604851,-0.3670536963263513,0.6275445738071299,3.40625,1.982097610487435,-0.32405264880426415,0.6196172234666482,2.827988750000002,1.8883008000179533,0.24371693514036083,0.9024869817950126,304.65028125000003,105.01044590799485,-0.26481716780638653,0.6972010951444254,1.0,0.9942184686660767,0.007117437664419413,1.0446386337280273,0.07948790490627289,0.07948790490627289,2.095670461654663
84,1.8868786871213672,0.9375,0.8175783014235397,0.7016176967138519,0.0,0.0625,0.0,60,0.0006799182821004137,0.6850461959838867,1.292,1.0,60,1.0,64,1.0,53,0.828125,0.8945249041007396,48.50531250000002,61.10530275599938,-0.3801809530648585,1.0453528778493801,3.234375,2.9934417247334215,-0.37778194534336884,0.9357702871315252,2.754183906250002,1.7303623870319929,0.20844294135867267,0.827002524210798,295.88898437500006,141.59155044445762,-0.32298648347129943,0.9400758484500182,1.0,0.9973810315132141,0.01515151560306549,1.0837911367416382,0.10751938074827194,0.10751938074827194,2.22601056098938
85,1.9082999586947111,0.984375,0.7663373185824307,0.696688003898376,0.0,0.015625,0.0,63,0.0005616665986480701,0.6888574361801147,1.305,1.0,63,1.0,64,1.0,62,0.96875,0.8850434042144594,54.40734375,41.034305283894305,-0.27921254158376635,0.7019902886391873,3.75,2.3518609652783473,-0.21659405572605483,0.7352077685654415,2.690580312500001,1.500483652812038,0.17804449247054605,0.717135195328105,317.41875000000005,118.73111381144477,-0.18004283589261622,0.7882974104269982,1.0,0.9988529086112976,0.015564202331006527,1.0230478048324585,0.129295215010643,0.129295215010643,2.176269769668579
86,1.953241238724794,0.984375,0.7958572952756806,0.7067678561768368,0.0,0.015625,0.0,63,0.0006078156035675058,0.6906993389129639,1.318,0.96875,61,0.9682539682539683,64,0.96875,57,0.890625,0.8862442293062541,58.348593750000006,37.64303935769482,-0.211787999948231,0.6439745447411324,3.953125,1.9156402935767978,-0.15309579617984026,0.5988422132121907,2.561776250000001,1.412711781286594,0.11648439060147098,0.6751858557849852,328.4667031250001,92.76177360695922,-0.10669160924795458,0.6158778737400579,1.0,0.9936026334762573,0.012820512987673283,1.023047924041748,0.08250653743743896,0.08250653743743896,2.0703279972076416
87,1.9503411275779485,0.96875,0.8045795981982543,0.7046152664511001,0.0,0.03125,0.0,62,0.0005908796888331715,0.690303385257721,1.331,0.984375,61,0.9838709677419355,64,0.984375,52,0.8125,0.8923927003855545,51.959375,34.61316033475382,-0.32109092303809283,0.5921411912789262,3.40625,1.4111027381094545,-0.32405264880426415,0.4411203343303297,2.5360021875000016,1.6429116975657405,0.10416603757530084,0.7852066891449332,305.74181250000004,90.73221211583905,-0.25757010989415624,0.6024029048259014,1.0,0.997104287147522,0.011029412038624287,1.0446385145187378,0.08048368245363235,0.08048368245363235,2.074408531188965
88,1.961508651419029,0.984375,0.801608107274487,0.6728023866903445,0.0,0.015625,0.0,63,0.0008907840036070013,0.7017213106155396,1.344,1.0,63,1.0,64,1.0,49,0.765625,0.880418942415769,52.41515625,35.986709959727996,-0.3132936907216142,0.6156390546160768,3.40625,1.9503104720787405,-0.32405264880426415,0.6096803473317227,2.766927812500002,1.6901686179181117,0.21453371327791965,0.8077924738977296,316.1315156250001,105.96812771698632,-0.18858923533123817,0.7035594797818333,1.0,0.9976256489753723,0.0,1.0230478048324585,0.1003100574016571,0.1003100574016571,2.1162467002868652
89,2.0013793193120915,0.96875,0.8453595142571195,0.6898682500754828,0.0,0.03125,0.0,62,0.00048684814845463553,0.6832156181335449,1.357,0.984375,61,0.9838709677419355,64,0.984375,55,0.859375,0.8929293991234869,51.079062500000006,27.79437430256515,-0.33615078141006416,0.4754894887147367,3.75,1.6105123408406408,-0.21659405572605483,0.50345713536532,2.8742331250000017,1.7154020605284461,0.26581878799047326,0.8198524452018152,322.0832812500001,100.78088246436383,-0.1490733807330336,0.6691195434532153,1.0,0.9884501695632935,0.018315019086003304,1.0446386337280273,0.09190664440393448,0.09190664440393448,2.1598217487335205
90,1.9698119722811236,0.953125,0.8349120863636986,0.7102583898597101,0.0,0.046875,0.0,61,0.0006835801491999749,0.6836264133453369,1.37,0.984375,60,0.9836065573770492,64,0.984375,56,0.875,0.8910274773547971,46.42093750000001,38.14819838139272,-0.41583919067261477,0.652616502400729,3.390625,1.7555019536802003,-0.3289371303078191,0.5487818766211552,2.7450300000000016,1.7978902890471393,0.2040679597756967,0.8592765413991715,305.47173437500004,110.91091725587177,-0.25936325307049823,0.7363763890881576,1.0,0.9850102066993713,0.00716845877468586,1.0648608207702637,0.06587620824575424,0.06587620824575424,2.155942916870117
91,2.0780646391149613,0.96875,0.8688561551032528,0.7449104420394326,0.0,0.03125,0.0,62,0.0005612860800673627,0.6779890656471252,1.383,0.984375,61,0.9838709677419355,64,0.984375,52,0.8125,0.8774776924058695,39.31812500000001,24.18436322522003,-0.5373498477320884,0.41373158394107357,3.09375,1.3774835525333868,-0.42174227887536353,0.4306107477632331,2.9524028125000017,1.4260266426765469,0.30317889785171126,0.6815495077353119,301.47829687500007,80.69638734704918,-0.2858770819978623,0.5357715524973123,1.0,0.9933226108551025,0.013201320543885231,1.0446386337280273,0.10047920048236847,0.10047920048236847,2.0909502506256104
92,1.9990165534401965,0.96875,0.837641375199441,0.6657056312911704,0.0,0.03125,0.0,62,0.0008705476070284524,0.6907064318656921,1.3960000000000001,0.953125,59,0.9516129032258065,64,0.953125,56,0.875,0.8839851535141052,55.69796875,40.33114193692665,-0.2571333030050508,0.6899609917500777,3.9375,2.6093282181435127,-0.1579802776833952,0.8156937867664661,2.7826031250000014,1.545937898361457,0.22202550985327657,0.7388594168479361,328.6927343750001,119.62547344619513,-0.10519090868741283,0.794235376992222,1.0,0.9916673302650452,0.003436426166445017,1.0446386337280273,0.07675553113222122,0.07675553113222122,1.9473178386688232
93,1.764031172589306,0.921875,0.7384507871406564,0.633933012453206,0.0,0.078125,0.0,59,0.0007832464303483243,0.6897044777870178,1.409,0.96875,58,0.9830508474576272,64,0.96875,51,0.796875,0.897685756883712,58.34953125,63.100594228325406,-0.21177196176040156,1.0794871278844895,3.984375,3.4932622087920913,-0.14332683317273032,1.0920175773384029,3.132155937500001,2.1807336155872514,0.389089392222062,1.0422511597789674,341.784453125,254.72037932584834,-0.01827040691352368,1.6911777289011989,1.0,0.9891753196716309,0.015337423421442509,1.1014959812164307,0.08777732402086258,0.08777732402086258,2.2010796070098877
94,1.9743049075000605,0.984375,0.776562693514048,0.6850503245795971,0.0,0.015625,0.0,63,0.0008436537729823736,0.6823031306266785,1.422,0.96875,61,0.9682539682539683,64,0.96875,54,0.84375,0.8855701398695732,54.149375000000006,41.859183276903224,-0.2836257162682045,0.7161018067067717,3.828125,2.6957993219776206,-0.19217164820828,0.8427252432317257,2.837678750000001,2.7472454270843607,0.24834813524021235,1.3130075641105179,325.96010937500006,172.71088906981205,-0.12333376224969844,1.1466880267163282,1.0,0.9993894696235657,0.028938906267285347,1.023047924041748,2.081099271774292,2.0750174522399902,2.2062482833862305
95,1.9659538127952354,0.96875,0.7877833456882546,0.7074627451266228,0.0,0.03125,0.0,62,0.0007556485074847218,0.6995840668678284,1.4349999999999998,0.96875,60,0.967741935483871,64,0.96875,50,0.78125,0.8815040052428631,57.72531250000001,42.84948945760432,-0.2224507218235937,0.733043371010637,3.859375,2.4550151953450308,-0.18240268520117006,0.7674544840069882,2.7060998437500015,1.287970768957526,0.1854618355742258,0.6155676319713616,325.29884375000006,108.4381599344788,-0.12772413612103023,0.7199588879758201,1.0,0.9984738230705261,0.003496503457427025,1.0446386337280273,0.10016719251871109,0.10016719251871109,2.080582857131958
96,2.030172562130924,0.96875,0.8305518753345935,0.6916305843077218,0.0,0.03125,0.0,62,0.0006099761724340479,0.6879527568817139,1.448,0.953125,59,0.9516129032258065,64,0.953125,56,0.875,0.8828897165906874,46.901406249999994,32.49027810684237,-0.4076196194099576,0.5558241951068604,3.84375,2.2584476831443316,-0.18728716670472503,0.7060061398441639,3.052676562500002,1.674711810497388,0.35110333552070316,0.800405108771801,334.77706250000006,120.53252633520178,-0.06479492526606219,0.8002576185140171,1.0,0.9933180212974548,0.01886792480945587,1.0446385145187378,0.16291306912899017,0.16075283288955688,2.047576427459717
97,1.9500202479348534,0.953125,0.7851822950923052,0.6895216668366225,0.0,0.046875,0.0,61,0.0007619507444174521,0.6871191263198853,1.4609999999999999,0.984375,61,1.0,64,0.984375,57,0.890625,0.8840491801534586,55.59625,38.40882102867126,-0.2588734463845598,0.6570750783684032,3.640625,2.131366840638889,-0.25078542625093964,0.6662798022650268,2.5512656250000014,1.945979412039311,0.11146098424961283,0.9300536684567912,311.40153125000006,101.7503802429887,-0.21999325669074524,0.6755563784476079,1.0,0.9955616593360901,0.010714286006987095,1.0648608207702637,0.10762186348438263,0.10762186348438263,2.1129162311553955
98,2.038097346139498,0.984375,0.7878891163402133,0.7240026906338644,0.0,0.015625,0.0,63,0.000647740739011699,0.6883413195610046,1.474,0.96875,61,0.9682539682539683,64,0.96875,50,0.78125,0.8812915407266639,53.85640625,60.221788918318104,-0.2886376499649469,1.0302382529120346,3.734375,3.2511641544798997,-0.2214785372296098,1.016336075364992,2.8305643750000016,1.6280252056420565,0.24494791911942987,0.7780918983416917,324.890953125,193.0958760081561,-0.1304322647075743,1.2820310880187298,1.0,0.9982665777206421,0.019933555275201797,1.0230478048324585,0.10045250505208969,0.10045250505208969,2.0328402519226074
99,1.9845092855129094,0.96875,0.7750916758011426,0.7062989191793397,0.0,0.03125,0.0,62,0.0009328189690447075,0.7035186290740967,1.4869999999999999,0.984375,61,0.9838709677419355,64,0.984375,56,0.875,0.8869588760213183,53.7525,38.64938150378347,-0.2904152157827249,0.661190442724906,3.640625,2.2732629872883163,-0.25078542625093964,0.7106375049040573,2.8487628125000017,1.5220758825567287,0.25364560803244846,0.7274548998223916,322.7545468750001,101.47732869185766,-0.1446166133625489,0.6737434936547346,1.0,0.9974924921989441,0.023333333432674408,1.0446386337280273,0.11362724006175995,0.11362724006175995,1.9934179782867432
100,1.855499468441968,0.96875,0.7172541313564345,0.6379930923267861,0.0,0.03125,0.0,62,0.0011421297754772288,0.6927634477615356,1.5,0.953125,59,0.9516129032258065,64,0.953125,52,0.8125,0.8942617778174164,108.57000000000002,299.46988938789843,0.6473697029882125,5.123151290992326,6.5625,16.44106425235301,0.6626126149138396,5.139588751320133,2.9971721875000013,5.082062483883411,0.3245757950622693,2.4289007515804673,493.4864375000003,1164.9390650248627,0.9889321501968473,7.734438082697652,1.0,0.9629190564155579,0.011976048350334167,1.0446386337280273,0.09382521361112595,0.09382521361112595,3.230067729949951
101,2.039340266725785,0.984375,0.7967610391122955,0.6693164774857124,0.0,0.015625,0.0,63,0.0007045933502702604,0.6702074408531189,1.5,0.984375,62,0.9841269841269841,64,0.984375,55,0.859375,0.882910015580228,52.78515625,39.17382568406596,-0.3069639525915418,0.6701623192790376,3.890625,2.0700029249677403,-0.17263372219406012,0.6470970239558151,2.7694187500000016,2.047724970863627,0.21572422204971778,0.9786815365875099,320.1915,105.12999773732527,-0.16163357841497983,0.6979948415723638,1.0,0.9956541657447815,0.0065146577544510365,1.0230478048324585,0.055900394916534424,0.055900394916534424,2.0261647701263428
102,2.012502477614924,0.96875,0.7967144598162943,0.6883126046798443,0.0,0.03125,0.0,62,0.0008069119014816875,0.6788794994354248,1.5,0.953125,59,0.9516129032258065,64,0.953125,59,0.921875,0.8919595232790614,51.84765625,48.882975491927,-0.3230021404211173,0.8362606321152637,3.609375,2.4724556840062877,-0.2605543892580496,0.7729064996408359,2.732823750000002,1.4855985586871847,0.19823415314836781,0.7100210725832828,318.2338125000001,117.12054118925877,-0.17463135075227995,0.7776042552243098,1.0,0.9995406270027161,0.019933555275201797,1.0446386337280273,0.08030474185943604,0.08030474185943604,2.1029419898986816
103,2.011625250451313,0.984375,0.7918716190708062,0.6542026683758517,0.0,0.015625,0.0,63,0.0009081909092744727,0.700310230255127,1.5,0.984375,62,0.9841269841269841,64,0.984375,59,0.921875,0.8914685730842224,60.83953125,45.40369180438715,-0.16917453488504905,0.7767391331359121,4.109375,2.5131975866165,-0.10425098114429056,0.7856426961028661,2.5396807812500013,1.6242420732686236,0.10592417005644772,0.7762838030862123,315.61642187500007,111.46790270715337,-0.19200912297667014,0.7400744103969452,1.0,0.9973840713500977,0.006688963156193495,1.0230478048324585,0.08803704380989075,0.08803704380989075,1.9965912103652954
104,2.076437946616032,0.984375,0.8222943423168053,0.6867559585512166,0.0,0.015625,0.0,63,0.0008064312401296431,0.7025615572929382,1.5,0.96875,61,0.9682539682539683,64,0.96875,57,0.890625,0.8907453728617164,53.80703125000001,37.156864384310246,-0.2894823278573044,0.6356573548305396,3.8125,2.0453835214941964,-0.19705612971183498,0.6394008306185299,2.822523437500002,1.5126934575681343,0.24110486539880016,0.7229707009014389,333.64214062500014,101.28934772223518,-0.07233006872071031,0.6724954222199944,1.0,0.9931480288505554,0.015625,1.0230478048324585,0.06049518659710884,0.06049518659710884,2.0223500728607178
105,1.99957689464009,0.96875,0.7884732586361708,0.702280276863891,0.0,0.03125,0.0,62,0.0008586184458566062,0.683050811290741,1.5,0.96875,60,0.967741935483871,64,0.96875,57,0.890625,0.886431121439477,52.584218750000005,36.3747663568393,-0.3104014708496807,0.6222776907604389,3.859375,2.16410480554316,-0.18240268520117006,0.6765139132435193,2.5197040625000016,1.474769202287175,0.09637657646824203,0.7048453330124823,310.85098437500005,105.54171069230945,-0.22364853003864293,0.7007283479451643,1.0,0.9995471835136414,0.007017544005066156,1.0446386337280273,0.09542684257030487,0.09542684257030487,2.207963705062866
106,2.0337200179464228,0.96875,0.8274630937845476,0.6679741283395353,0.0,0.03125,0.0,62,0.0009156425210796093,0.6775439977645874,1.5,1.0,62,1.0,64,1.0,57,0.890625,0.8993859919399801,51.48609375000001,43.901030014154685,-0.3291875348607234,0.7510324962974327,3.71875,2.521586492171149,-0.22636301873316478,0.7882651251599381,2.798263437500002,1.6115274977633995,0.22951013738823173,0.7702070493865869,318.94971875000005,145.72000152941737,-0.16987819865198311,0.9674860798112489,1.0,0.9925603270530701,0.017241379246115685,1.0446386337280273,0.07319764792919159,0.07319764792919159,2.0618906021118164
107,2.039559882105651,0.984375,0.7933366434678198,0.6991673715770739,0.0,0.015625,0.0,63,0.0007556910872854486,0.6891474723815918,1.5,1.0,63,1.0,64,1.0,58,0.90625,0.8813644170234578,48.26406250000001,32.46238490154557,-0.38430811339966936,0.5553470148767602,3.421875,1.6752302780140407,-0.3191681673007092,0.5236884036579091,2.6968901562500016,1.3280584575183116,0.18106019412225421,0.6347269825663611,305.23792187500004,102.22434748298488,-0.26091561607256836,0.6787032128023296,1.0,0.9986310601234436,0.013937282375991344,1.0230478048324585,0.07835177332162857,0.07835177332162857,2.142110824584961
108,2.074166109989548,0.984375,0.8225805787813096,0.6760398135092162,0.0,0.015625,0.0,63,0.0011305006929128586,0.7000986337661743,1.5,1.0,63,1.0,64,1.0,57,0.890625,0.8897826280035928,56.34343750000001,35.198383450928446,-0.246091010684388,0.6021528374223054,3.90625,2.0669932117692116,-0.16774924069050515,0.6461561670950652,2.863760000000002,1.5257274106430365,0.26081330423962074,0.7292000966477705,329.50935937500003,110.83198032204083,-0.09976904956283482,0.7358522991632135,1.0,0.9951191544532776,0.022364217787981033,1.023047924041748,0.0835866704583168,0.0835866704583168,2.022243022918701
109,2.042607687805357,0.984375,0.787970207631588,0.7021051919237343,0.0,0.015625,0.0,63,0.0008644820397672413,0.6887649297714233,1.5,0.953125,60,0.9523809523809523,64,0.953125,58,0.90625,0.8868523733150881,48.93609375,38.31586337672311,-0.37281140575716887,0.6554848146007862,3.4375,1.8946882989030147,-0.3142836857971542,0.5922924768636034,2.6979787500000016,1.7644351281390154,0.18158047229394653,0.8432871147182358,307.99468750000005,108.78030854833565,-0.24261248445373398,0.7222305323462491,1.0,0.9884710907936096,0.01342281885445118,1.023047924041748,0.08758001774549484,0.08758001774549484,2.159994125366211
110,2.1010424039449447,0.984375,0.82487165632229,0.7111619415788663,0.0,0.015625,0.0,63,0.0011785352839086124,0.6901047229766846,1.5,0.96875,61,0.9682539682539683,64,0.96875,57,0.890625,0.8792745684333898,51.5396875,40.71818838709973,-0.32827068512313284,0.6965823503278339,3.4375,2.207055447876197,-0.3142836857971542,0.6899405767981768,2.8692881250000015,1.5939673808406458,0.2634553943378656,0.7618144368740927,321.22420312500003,102.72889357006932,-0.15477710100948522,0.6820530708228765,1.0,0.9957863092422485,0.006779660936444998,1.023047924041748,0.059915050864219666,0.059915050864219666,2.022247314453125
111,2.101530465529926,0.984375,0.8360440955748634,0.6915963256058838,0.0,0.015625,0.0,63,0.0012620044434498933,0.6890648603439331,1.5,0.984375,62,0.9841269841269841,64,0.984375,54,0.84375,0.8923834016871971,49.7253125,41.52857596616267,-0.3593099246359712,0.7104459750827846,3.546875,2.3313735724621654,-0.28009231527226947,0.7288032699243723,2.6627518750000014,1.497499801659916,0.16474427961928467,0.7157091053638479,307.54162500000007,116.12875288089464,-0.24562052492473263,0.7710194256031809,1.0,0.994331419467926,0.007117437664419413,1.0230478048324585,0.06887158006429672,0.06887158006429672,2.028407573699951
112,2.089972247271015,0.984375,0.8221986103980314,0.6871597170941681,0.0,0.015625,0.0,63,0.0009432008847887535,0.6973697543144226,1.5,0.984375,62,0.9841269841269841,64,0.984375,51,0.796875,0.8808155895278673,48.62234375,40.109554376972774,-0.3781788526174668,0.6861702046490245,3.609375,2.198132641442504,-0.2605543892580496,0.6871512466871257,2.733456406250002,1.6956544201321366,0.1985365223628335,0.8104143364118019,307.65585937500003,110.86197896622794,-0.24486208293675274,0.7360514706589562,1.0,1.0056674480438232,0.010309278033673763,1.0230478048324585,0.07726797461509705,0.07726797461509705,2.1076762676239014
113,1.9673324119299282,0.96875,0.7724395453359091,0.678759069005487,0.0,0.03125,0.0,62,0.0009128150228908038,0.6930578351020813,1.5,0.96875,60,0.967741935483871,64,0.96875,56,0.875,0.8883091175412282,61.2459375,85.93372809392771,-0.16222198046092814,1.470102690203818,4.140625,4.404781448536919,-0.09448201813718062,1.3769647048051614,2.672956562500001,2.239820710744937,0.1696214674179385,1.0704910112747605,336.203453125,189.7741597758315,-0.05532461879078995,1.2599770516330087,1.0,0.979011595249176,0.026229508221149445,1.0446386337280273,0.11734677851200104,0.11734677851200104,2.1806156635284424
114,2.081262221204427,0.984375,0.8194221866036219,0.6949428562979363,0.0,0.015625,0.0,63,0.0010771925448678213,0.6900060176849365,1.5,0.984375,62,0.9841269841269841,64,0.984375,51,0.796875,0.8950720992913919,51.97875,44.774637788177586,-0.3207594671562817,0.7659776542378665,3.703125,2.4346437592335763,-0.23124750023671975,0.7610862342222042,2.5100812500000016,1.5954857874440438,0.09177748769519183,0.7625401380932127,306.88468750000004,103.2006484767773,-0.24998216285971248,0.6851852167227686,1.0,0.9882662892341614,0.01689189113676548,1.023047924041748,0.08580788969993591,0.08580788969993591,2.158078670501709
115,2.1281185730996075,0.984375,0.8377580513793325,0.7224381216227415,0.0,0.015625,0.0,63,0.0010737282699961187,0.6936281323432922,1.5,0.90625,57,0.9047619047619048,64,0.90625,51,0.796875,0.8920710164757842,44.7975,33.25208367531274,-0.4436119859308298,0.568856707956721,3.09375,1.6461958988832404,-0.42174227887536353,0.5146120588366869,2.8890279687500016,1.5063003194044888,0.27288977682971927,0.7199151898486172,290.92096875000004,82.64062781139513,-0.3559708775903318,0.5486800452595825,1.0,0.9991775751113892,0.007692307699471712,1.023047924041748,0.08643318712711334,0.08643318712711334,2.21529221534729
116,1.8987613171245281,0.96875,0.7213722475233578,0.6838646749316386,0.0,0.03125,0.0,62,0.0009175000383407272,0.6757192015647888,1.5,0.984375,61,0.9838709677419355,64,0.984375,55,0.859375,0.8912462532099261,54.660937499999996,44.82172522612325,-0.2748742117758663,0.7667831978903316,3.625,2.695482331605978,-0.2556699077544946,0.8426261498808717,2.816518750000001,1.7329168158397894,0.23823500891277502,0.828223377765982,317.94585937500005,149.29193579358488,-0.17654317230835825,0.9912014012654918,1.0,0.9926661252975464,0.017421603202819824,1.0446386337280273,0.08866499364376068,0.08866499364376068,2.2062392234802246
117,2.048131877966056,0.953125,0.8440972402936122,0.6849197954342068,0.0,0.046875,0.0,61,0.0008207369495358513,0.6795761585235596,1.5,0.96875,59,0.9672131147540983,64,0.96875,54,0.84375,0.8789397954325315,46.76625,32.756342348658215,-0.4099317914887213,0.560375862610835,3.640625,1.7172578750365364,-0.25078542625093964,0.5368265169568046,3.352772500000002,1.762961497227394,0.49452999555322813,0.8425828134153415,328.3818125,106.6550573402223,-0.10725522781185821,0.7081202459176793,1.0,0.9994456171989441,0.0062500000931322575,1.0648607015609741,0.07458621263504028,0.07458621263504028,2.038989543914795
118,2.003941162380692,0.984375,0.777861988615422,0.6733052799294881,0.0,0.015625,0.0,63,0.0014963742239398603,0.6810665726661682,1.5,0.984375,62,0.9841269841269841,64,0.984375,57,0.890625,0.8894479896449075,68.32953125,68.67548451389167,-0.041040106251960716,1.1748590079156227,4.609375,4.665756863508321,0.05205242696946845,1.4585473983930264,2.762226250000002,3.2073905585555003,0.21228666717684028,1.5329275000047937,362.4679375,344.6590590278068,0.11905448331965553,2.2883120943622175,1.0,0.9843066930770874,0.035608310252428055,1.023047924041748,0.08507739752531052,0.08507739752531052,2.349475622177124
119,2.0341338334875094,0.953125,0.8233927209846309,0.7097379164161743,0.0,0.046875,0.0,61,0.0009649669758103413,0.6864908337593079,1.5,0.984375,60,0.9836065573770492,64,0.984375,51,0.796875,0.8957616127881184,47.06359375000001,30.01619569952963,-0.4048450129154408,0.5134990768622418,3.140625,1.8016241587453805,-0.4070888343646986,0.5631999923039739,2.5704354687500013,1.8193022101068819,0.12062294320618103,0.8695100698769735,285.18189062500005,104.94565537906354,-0.39407462545342675,0.6967709281516533,1.0,0.9925654530525208,0.0033783784601837397,1.0648608207702637,0.07182856649160385,0.07182856649160385,2.0636179447174072
120,2.094082146917303,0.984375,0.8256383987941912,0.7065065897104059,0.0,0.015625,0.0,63,0.0013071690714745658,0.6783634424209595,1.5,0.96875,61,0.9682539682539683,64,0.96875,56,0.875,0.887259439271971,45.1825,30.421385980918096,-0.4370256367954842,0.5204308292245104,3.4375,1.9029171684547912,-0.3142836857971542,0.5948648775753358,3.086133437500002,1.5085285004436242,0.3670935814278996,0.7209801178414894,320.0389843750001,103.35853621050317,-0.16264618301690434,0.6862334886343077,1.0,0.9893695116043091,0.019108280539512634,1.023047924041748,0.07106500118970871,0.07106500118970871,2.0732388496398926
121,2.060559394369412,0.9375,0.8697682934502761,0.7140378971218867,0.0,0.0625,0.0,60,0.0009074613587139735,0.6924845576286316,1.5,0.953125,57,0.95,64,0.953125,47,0.734375,0.8871613487552568,41.733281250000005,26.007109307762338,-0.4960328028517971,0.4449140309143391,3.125,1.625,-0.4119733158682536,0.5079860763697168,2.8465937500000016,1.4916107851366394,0.2526089349192817,0.7128945322048563,292.630671875,100.400227503019,-0.34461956029218216,0.6665922419678536,1.0,0.9906912446022034,0.010791366919875145,1.0837911367416382,0.07234001159667969,0.07234001159667969,2.0734894275665283
122,2.105443711001367,1.0,0.827994629740715,0.6670203114663396,0.0,0.0,0.0,64,0.0009280469366527116,0.684705376625061,1.5,0.953125,61,0.953125,64,0.953125,53,0.828125,0.8877458411850001,53.53515625,32.451786882244036,-0.29413340232788143,0.5551657103176355,3.5,1.8027756377319946,-0.2947457597829343,0.5635599524839322,2.8021934375000015,1.5962726293738758,0.23138842597362036,0.7629161981988892,315.24165625000006,93.00264468874312,-0.19449732309726975,0.617477101136497,1.0,1.0006314516067505,0.013513513840734959,1.0,0.08423282951116562,0.08423282951116562,1.9916876554489136
123,2.0410408232306305,0.984375,0.7926529752356666,0.6963421181429761,0.0,0.015625,0.0,63,0.0012200315679799434,0.6873548626899719,1.5,0.984375,62,0.9841269841269841,64,0.984375,56,0.875,0.8816363751799473,54.9028125,43.991058909337966,-0.2707363593158357,0.7525726566505406,3.90625,2.620345575968941,-0.16774924069050515,0.8191378879195126,2.631559375000002,1.572656452228876,0.149836260102811,0.7516291763256132,314.96114062500004,140.3701655761325,-0.1963597644883528,0.9319666469279603,1.0,0.9951659440994263,0.009677419438958168,1.023047924041748,0.09027010202407837,0.09027010202407837,2.072114944458008
124,2.1112880039521613,0.984375,0.8381749380025125,0.7131520845708089,0.0,0.015625,0.0,63,0.0013041927984095204,0.680429995059967,1.5,0.953125,60,0.9523809523809523,64,0.953125,52,0.8125,0.8923832194232424,49.567343750000006,42.448049029158405,-0.3620123592852546,0.726175768883916,3.390625,2.2263843130454815,-0.3289371303078191,0.6959829118000378,2.6880950000000015,1.948492920012159,0.17685667208889877,0.9312549644707058,297.9967812500001,102.47181365951766,-0.3089920824678072,0.6803462273405311,1.0,0.997680127620697,0.022140221670269966,1.023047924041748,0.09512177854776382,0.09512177854776382,2.190308094024658
125,2.034768408012194,1.0,0.7853887940291315,0.6743212550596764,0.0,0.0,0.0,64,0.0017005260048722967,0.6851519346237183,1.5,1.0,64,1.0,64,1.0,58,0.90625,0.8877910435933719,57.7421875,43.938387418803195,-0.2221620344426615,0.7516715843748496,4.0,2.6457513110645907,-0.13844235166917535,0.8270798938816833,2.951541562500002,1.9374386664108405,0.30276727544861565,0.9259717384250695,341.28401562500005,149.45064559699685,-0.021592986586759386,0.9922551311853317,1.0,0.9979785084724426,0.006968641187995672,0.9999999403953552,0.11865369975566864,0.11865369975566864,2.073657751083374
126,2.026853059501724,0.984375,0.794715221320826,0.6816878842055427,0.0,0.015625,0.0,63,0.0018398102360025956,0.682859480381012,1.5,0.96875,61,0.9682539682539683,64,0.96875,54,0.84375,0.8825818920669846,59.9359375,54.81024438684883,-0.18463267492145488,0.937660794091964,4.3125,3.390588997504711,-0.04075272159807596,1.0599212316459996,2.784795937500002,1.8840633095592223,0.22307353394708043,0.9004617324414939,350.0754375000001,161.2100258100705,0.03677633949435215,1.070329771206934,1.0,1.0014162063598633,0.003436426166445017,1.023047924041748,0.5324339866638184,0.5324339866638184,2.1686806678771973
127,1.968524362149997,0.9375,0.8071539143100381,0.7066605186470326,0.0,0.0625,0.0,60,0.0014153601274993618,0.684499979019165,1.5,1.0,60,1.0,64,1.0,56,0.875,0.8955173212617034,46.3775,39.84145285534904,-0.41658229337538527,0.6815836845837482,3.1875,2.178553132241672,-0.3924353898540337,0.681030558652556,2.6738081250000016,1.5766436129271535,0.17002845981577477,0.7535347840680269,290.65896875000004,94.5580453081547,-0.3577103872681393,0.6278039501072384,1.0,0.9962486624717712,0.01149425283074379,1.0837911367416382,0.11234115809202194,0.11234115809202194,2.163468837738037
128,2.1281057623960455,0.984375,0.8497544668378338,0.7084406285207865,0.0,0.015625,0.0,63,0.0017794382539030886,0.694229245185852,1.5,0.90625,57,0.9047619047619048,64,0.90625,52,0.8125,0.8727681586494596,48.1584375,39.66534894506279,-0.3861150825618017,0.6785710044870084,3.484375,1.811354702805334,-0.2996302412864893,0.5662418267027176,2.772003906250002,1.753627457427192,0.2169597613565428,0.8381217395190859,316.656921875,100.29337264110868,-0.18510087938980513,0.6658827951494803,1.0,0.9930316805839539,0.01879699155688286,1.023047924041748,0.09536775201559067,0.09536775201559067,2.1731135845184326
129,1.9879917721928024,0.953125,0.8291057986894348,0.6208251486817006,0.0,0.046875,0.0,61,0.0014503890027257457,0.7023999691009521,1.5,1.0,61,1.0,64,1.0,56,0.875,0.8865415622144901,98.14718750000006,346.4113094532136,0.46906247676160295,5.9261969571198225,6.3125,19.503905858827356,0.5844609108569601,6.097053914529255,3.520401562500004,4.479625158849881,0.574645963663455,2.1409742500479774,492.5729218750006,1282.9489153061304,0.982867000309384,8.517946772166663,1.0,0.9658135771751404,0.008108108304440975,1.0648608207702637,0.08685792237520218,0.08685792237520218,3.028162717819214
130,2.053348313184732,0.96875,0.8283085724519145,0.7042163728324006,0.0,0.03125,0.0,62,0.001796260989692901,0.6995092630386353,1.5,1.0,62,1.0,64,1.0,58,0.90625,0.8893532681818633,51.1165625,42.97675386250796,-0.3355092538968812,0.735220534135825,3.890625,2.6990576335778753,-0.17263372219406012,0.8437438136473585,2.956519687500002,1.5951343463972423,0.3051465007321116,0.7623721717556442,331.62045312500004,126.23887702374641,-0.08575275945259064,0.8381440774746544,1.0,0.9879000782966614,0.010600706562399864,1.0446385145187378,0.0925111398100853,0.0925111398100853,2.1157238483428955
131,1.927322488982925,0.921875,0.8130131730715097,0.6681518822674146,0.0,0.078125,0.0,59,0.001689874322508839,0.6799343228340149,1.5,0.984375,58,0.9830508474576272,64,0.984375,50,0.78125,0.8951999094596936,53.137968750000006,54.05612922520003,-0.3009282479050115,0.9247598441104663,3.59375,3.0193063669492037,-0.26543887076160455,0.9438557505874647,2.7121351562500013,1.761486320993398,0.18834632885107175,0.8418777735472114,309.02859375,163.1109340187223,-0.23574801908037282,1.0829505659610315,1.0,0.9913583397865295,0.020477816462516785,1.1014961004257202,0.11769823729991913,0.11769823729991913,2.0966756343841553
132,2.1798575929826,1.0,0.8614234542474151,0.7081190212340798,0.0,0.0,0.0,64,0.0013032806322020199,0.6765888929367065,1.5,1.0,64,1.0,64,1.0,57,0.890625,0.8773435162001947,47.51375,39.83083598560919,-0.3971440097259397,0.6814020575426284,3.421875,2.082701727174345,-0.3191681673007092,0.6510667560835248,2.9606378125000017,1.3490959733610388,0.3071147010325452,0.6447815693023234,318.56701562500007,128.33552535997828,-0.17241909861253518,0.8520644594282206,1.0,0.989028811454773,0.03146853297948837,1.0,0.07247869670391083,0.07247869670391083,2.0849761962890625
133,2.0429543704031303,0.953125,0.8254980918813924,0.7166543316361847,0.0,0.046875,0.0,61,0.0011208531272585607,0.673792839050293,1.5,0.984375,60,0.9836065573770492,64,0.984375,54,0.84375,0.8832323711349054,47.65265625,26.752123469583417,-0.3947676848958577,0.45765928644818465,2.953125,1.3396558268357586,-0.4657026124073583,0.41878554286776964,2.8035520312500015,1.7487994734104217,0.23203774687255313,0.8358142720205771,295.21112500000004,102.12673319666057,-0.32748702905528837,0.6780551173986905,1.0,0.9943424463272095,0.009836065582931042,1.0648607015609741,0.0634540542960167,0.0634540542960167,2.024656057357788
134,2.1150339006960026,1.0,0.8370018950663507,0.6754640451536841,0.0,0.0,0.0,64,0.0018626479749788735,0.6760088205337524,1.5,0.96875,62,0.96875,64,0.96875,50,0.78125,0.8922136159581566,55.7434375,43.57909985800067,-0.2563554508953164,0.7455251082308699,3.78125,2.4268597894192405,-0.20682509271894492,0.7586529122009336,2.817611875000001,1.4863220237877417,0.23875745273208887,0.7103668426189834,324.2185937500001,123.07265529958805,-0.13489629386702845,0.8171224235385557,1.0,0.9850375652313232,0.013745704665780067,0.9999999403953552,0.0627470389008522,0.0627470389008522,2.107828378677368
135,2.0271464021542327,1.0,0.7758159288787283,0.6601215848079043,0.0,0.0,0.0,64,0.0013759708318856678,0.6809908747673035,1.5,1.0,64,1.0,64,1.0,56,0.875,0.8850354661257752,54.21875,48.00696005854255,-0.282438890368816,0.8212742853822219,3.796875,2.756694621167713,-0.20194061121538995,0.8617615288347625,3.0463903125000016,1.5604464810471417,0.3480989101721277,0.745793591211471,324.1215937500001,124.33130630656737,-0.13554031080881201,0.8254790479951308,1.0,1.001306414604187,0.019607843831181526,1.0,0.13498003780841827,0.13498003780841827,2.1779487133026123
136,2.1259594583304824,0.96875,0.8652609971261793,0.7281914246503225,0.0,0.03125,0.0,62,0.0012551073419142969,0.6795922517776489,1.5,1.0,62,1.0,64,1.0,56,0.875,0.8835314675210829,43.9296875,25.53301006593903,-0.4584580017984068,0.43680342537810285,3.3125,1.539835624344365,-0.353359537825594,0.48136311204000437,2.8921106250000017,1.3473821740460699,0.2743630893098854,0.6439624828669663,309.75279687500006,91.51567024101324,-0.23093978112374686,0.6076045574629145,1.0,0.9955683350563049,0.0033783784601837397,1.0446385145187378,0.06478562951087952,0.06478562951087952,2.0343101024627686
137,2.1621867587468446,0.984375,0.8796697144233991,0.6978062275414135,0.0,0.015625,0.0,63,0.0017089003768946515,0.6929746270179749,1.5,0.96875,61,0.9682539682539683,64,0.96875,53,0.828125,0.8809380534933722,49.2246875,36.05523921571376,-0.3678743169369645,0.6168114120340189,3.734375,2.2096534478001297,-0.2214785372296098,0.6907527292829567,3.039158437500002,1.550148005902602,0.34464253656819427,0.7408715789186212,336.2577187500001,113.7340813966494,-0.05496433031804217,0.7551203636870959,1.0,0.9925106167793274,0.010489510372281075,1.0230478048324585,0.07576538622379303,0.07576538622379303,2.1156044006347656
138,1.9619215217513921,0.953125,0.809234824336943,0.6267240762124241,0.0,0.03125,0.0,61,0.005376540698818821,0.7049768567085266,1.5,0.953125,59,0.9672131147540983,63,0.953125,55,0.873015873015873,0.8923233201393329,53.25761904761905,41.039647563165595,-0.2988813423614607,0.7020816811494711,3.5238095238095237,2.294625486315573,-0.2873027403489459,0.7173155677116315,3.0319022222222243,1.7403482928593803,0.3411745298686079,0.8317751483661034,333.0429206349207,132.40505774666795,-0.07630849991108797,0.8790835089350825,0.984375,0.9721762537956238,0.005235602147877216,1.0648609399795532,0.09479306638240814,0.09479306638240814,2.9786670207977295
139,2.1210886379870795,1.0,0.830725321196951,0.6852115599024908,0.0,0.0,0.0,64,0.0013902990191129324,0.6728026270866394,1.5,0.9375,60,0.9375,64,0.9375,47,0.734375,0.8826462357045978,49.130624999999995,37.21045194544639,-0.36948348178253204,0.6365740986927586,3.5625,2.105610065990377,-0.2752078337687145,0.6582280589458659,2.6754478125000016,1.5821008140468542,0.17081212554474545,0.7561429770887153,304.527703125,94.87485382345132,-0.26563100687022256,0.6299073526964379,1.0,0.9975659251213074,0.0,1.0,0.08819331973791122,0.08819331973791122,2.175424337387085
140,2.0443891606157276,0.96875,0.8251855045316681,0.6936426827834092,0.0,0.03125,0.0,62,0.0019271947227197587,0.6837545037269592,1.5,1.0,62,1.0,64,1.0,51,0.796875,0.8864329292956921,51.86390625,41.02766572757596,-0.32272414516540465,0.7018767030910927,3.765625,2.466919812108817,-0.21170957422249986,0.7711759483519242,2.9484684375000016,1.402579952163178,0.301298518296205,0.6703434896293562,327.4164375000001,137.63917746842145,-0.11366469023633655,0.9138346612663549,1.0,0.9934011101722717,0.013245033100247383,1.0446386337280273,0.12784743309020996,0.12784743309020996,2.099294424057007
141,2.0997287284978885,0.984375,0.8286287591807426,0.7048119920965665,0.0,0.015625,0.0,63,0.001677076291244479,0.6874264478683472,1.5,0.96875,61,0.9682539682539683,64,0.96875,55,0.859375,0.885286512882164,48.716562499999995,30.87701204065241,-0.3765670147405945,0.5282254066389833,3.609375,1.7195310725238437,-0.2605543892580496,0.5375371339859681,2.8922384375000014,1.4222325137890826,0.2744241755083127,0.6797361568496074,316.77276562500003,104.70018865651917,-0.184331752198055,0.6951411886881205,1.0,0.9910205602645874,0.010238908231258392,1.0230478048324585,0.10315658897161484,0.10315658897161484,2.096707820892334
142,2.140607036219116,0.984375,0.8543869588110182,0.722692634709126,0.0,0.015625,0.0,63,0.0023943302171764796,0.6976622939109802,1.5,0.984375,62,0.9841269841269841,64,0.984375,48,0.75,0.879214592973655,52.084843750000005,31.03172816812796,-0.3189444789002346,0.5308721973725485,3.78125,1.6053499423801654,-0.20682509271894492,0.5018433344184929,2.6442021875000017,1.6163544579706115,0.15587871567684697,0.7725140275696232,317.7221718750001,83.71571261465704,-0.17802831189253587,0.5558179094570552,1.0,0.9901215434074402,0.010791366919875145,1.023047924041748,0.08230551332235336,0.08230551332235336,2.1968982219696045
143,2.0682792623288373,0.984375,0.8126371575016824,0.7071072142162543,0.0,0.015625,0.0,63,0.001979914582181885,0.6861865520477295,1.5,0.96875,61,0.9682539682539683,64,0.96875,56,0.875,0.8826920903190051,47.164843749999996,35.584384127389164,-0.40311288862984684,0.608756305530487,3.53125,1.991927066310411,-0.2849767967758244,0.6226899783567177,2.954666875000002,1.5418573201548964,0.30426097488742554,0.7369091615127785,319.02782812500004,111.32979014180056,-0.1693596031796931,0.7391574327478687,1.0,0.9942947030067444,0.024221453815698624,1.023047924041748,0.12090139091014862,0.12090139091014862,2.2368080615997314
144,2.067180513593286,0.984375,0.8325147775430528,0.6483700449482814,0.0,0.015625,0.0,63,0.002186588474492532,0.6872146725654602,1.5,1.0,63,1.0,64,1.0,52,0.8125,0.8961068899106379,53.742656249999996,41.274491639895885,-0.29058361675493544,0.7060992527902856,3.640625,2.483490408553051,-0.25078542625093964,0.7763560297493473,2.802961562500002,1.83626114707408,0.23175554058421902,0.8776153568301078,321.0620625000001,141.9449391240618,-0.15585360935434467,0.9424221195500148,1.0,0.992123007774353,0.009740259498357773,1.023047924041748,0.07960760593414307,0.07960760593414307,2.0735273361206055
145,2.0935166976679582,0.953125,0.8884515789200048,0.6747197353890149,0.0,0.046875,0.0,61,0.0019715874295041435,0.6900769472122192,1.5,0.984375,60,0.9836065573770492,64,0.984375,52,0.8125,0.8880137446588381,48.34,37.577762498251545,-0.38300902018547384,0.6428578273729446,3.6875,2.3774658252012792,-0.23613198174027472,0.7432120223059008,3.070170937500002,1.6424120814214462,0.35946452759984127,0.7849679045899958,325.5978125000001,134.78462250880054,-0.12573917797604145,0.8948822720369884,1.0,0.9845463633537292,0.0279720276594162,1.0648608207702637,0.07847185432910919,0.07847185432910919,2.186805486679077
146,2.185768954576176,1.0,0.8660778583143838,0.7010231673198699,0.0,0.0,0.0,64,0.0017019894455935036,0.6789616346359253,1.5,0.953125,61,0.953125,64,0.953125,54,0.84375,0.8846019164646701,40.06875,37.792738203754176,-0.5245086053432084,0.6465355028328343,3.0625,2.297246993686138,-0.4315112418824735,0.7181350687844609,2.848557500000002,1.8018338573676143,0.25354748179194275,0.8611613147737388,289.55776562500006,106.2070610421487,-0.3650216601428315,0.7051458417340115,1.0,0.9944664239883423,0.0036900369450449944,0.9999999403953552,0.07564541697502136,0.07564541697502136,2.1507036685943604
147,2.0004542022966803,0.9375,0.8352180779911578,0.6985487367986233,0.0,0.0625,0.0,60,0.0015891727255415398,0.6821163296699524,1.5,0.96875,58,0.9666666666666667,64,0.96875,49,0.765625,0.8909015896487144,43.914531249999996,42.45388748136351,-0.458717285834985,0.7262756496232221,3.265625,2.5571113310481812,-0.3680129823362589,0.7993704319382827,2.945539375000002,1.4374104254307862,0.2998986138026579,0.6869902276350154,306.07064062500007,130.49496317870464,-0.2553869049102904,0.8664017227270682,1.0,0.9952372312545776,0.010909090749919415,1.0837910175323486,0.09968840330839157,0.09968840330839157,2.1223554611206055
148,2.0776713882508946,0.96875,0.8339482560273139,0.7129716051704296,0.0,0.03125,0.0,62,0.0018173476944411747,0.6771588921546936,1.5,0.953125,59,0.9516129032258065,64,0.953125,54,0.84375,0.8915514770485051,48.120000000000005,36.80717533647481,-0.3867726482628142,0.6296750842906675,3.4375,2.1928505991061042,-0.3142836857971542,0.6855000442491647,2.7326250000000014,1.4599209996605993,0.19813916336303783,0.6977488420437703,292.0681875000001,108.69662621947431,-0.34835409087969327,0.7216749360832118,1.0,0.9879722595214844,0.014814814552664757,1.0446386337280273,0.11100723594427109,0.11100723594427109,2.1974246501922607
149,2.104133806638882,0.984375,0.8451832390966869,0.6705576192493755,0.0,0.015625,0.0,63,0.002230139873474226,0.6799994707107544,1.5,0.96875,61,0.9682539682539683,64,0.96875,57,0.890625,0.8861357544818651,51.27312500000001,29.18536201350559,-0.332830876529342,0.499285672369877,3.5,1.6770509831248424,-0.2947457597829343,0.524257568485886,3.038654375000002,1.6283378462387235,0.344401626939677,0.7782413205462841,320.92915625000006,108.97048930404554,-0.15673602045402457,0.7234932089305625,1.0,0.9909395575523376,0.003436426166445017,1.0230478048324585,0.08091460913419724,0.08091460913419724,2.089064598083496
150,2.1963115342413198,1.0,0.872039713896811,0.7282091918059663,0.0,0.0,0.0,64,0.0019994307312630605,0.6899717450141907,1.5,0.96875,62,0.96875,64,0.96875,53,0.828125,0.8791974636127203,38.63671875,25.334191758291766,-0.549006937252885,0.433402160991964,3.34375,1.7067764755526718,-0.34359057481848404,0.5335499600345449,3.2993868750000015,1.839916033013527,0.4690150820516118,0.8793621584944746,320.726328125,141.33426689711678,-0.1580826673485633,0.9383676529517738,1.0,0.9769473671913147,0.0279720276594162,0.9999998807907104,1.3400003910064697,1.3400003910064697,2.1537675857543945
151,2.003101540155822,0.96875,0.7893048131898526,0.6917392776870627,0.0,0.03125,0.0,62,0.0019555500339340937,0.6681661009788513,1.5,1.0,62,1.0,64,1.0,55,0.859375,0.8861930713359388,52.032812500000006,51.99153021372659,-0.319834598324776,0.8894399222557816,3.765625,2.956677757107629,-0.21170957422249986,0.9242776202601347,2.763955000000002,1.7926411512695466,0.21311289908319925,0.8567677893455364,325.10990625000005,178.47839826535372,-0.1289785582956515,1.1849805384052159,1.0,0.9916146993637085,0.009463722817599773,1.0446386337280273,0.09934409707784653,0.09934409707784653,2.149005651473999
152,2.1582675893547427,0.984375,0.8782738854014684,0.6841397982638624,0.0,0.015625,0.0,63,0.00267256874291363,0.6817125082015991,1.5,1.0,63,1.0,64,1.0,49,0.765625,0.8808334642283141,48.538906250000004,34.67784271499903,-0.3796062513342989,0.5932477386534719,3.734375,1.9704233959672222,-0.2214785372296098,0.6159677844335274,3.051797812500002,1.5986040158491315,0.3506833492371382,0.7640304517878467,329.5289531250001,110.09637078649412,-0.09963895980043153,0.7309683300556906,1.0,0.9915682077407837,0.020618556067347527,1.023047924041748,0.10492175072431564,0.10492175072431564,2.093292713165283
153,2.1115831827741447,0.984375,0.8367477828075015,0.7073777244859556,0.0,0.015625,0.0,63,0.0021945358741498043,0.6679890751838684,1.5,0.953125,60,0.9523809523809523,64,0.953125,54,0.84375,0.8797276849088709,52.082499999999996,33.1019280499641,-0.3189845743698087,0.566287935558845,3.578125,1.8691967484390186,-0.2703233522651595,0.5843236444323505,2.890001875000002,1.565149807333627,0.27335524171333625,0.7480414802896554,326.0024218750001,113.4606088855573,-0.12305283475640724,0.7533046839937408,1.0,0.988632082939148,0.009868420660495758,1.023047924041748,0.09399887174367905,0.09399887174367905,2.0846545696258545
154,2.062239385844978,0.96875,0.8221881449703248,0.721560379584633,0.0,0.03125,0.0,62,0.0028465840785377966,0.6638580560684204,1.5,1.0,62,1.0,64,1.0,54,0.84375,0.8777179757266236,43.81640625000001,32.83658941291652,-0.46039594949448037,0.5617486812661381,3.359375,2.280126007345866,-0.33870609331492907,0.7127829317539535,3.048828750000002,1.3204597351626974,0.3492643273025182,0.631095279394837,311.55375000000004,109.65780665167557,-0.21898262314582645,0.7280565493043313,1.0,0.9745646715164185,0.027303753420710564,1.0446385145187378,0.11755750328302383,0.11755750328302383,2.3083913326263428
155,2.1028551583614483,0.96875,0.8569611909408723,0.7077341980334907,0.0,0.03125,0.0,62,0.0027527884109605685,0.6690852046012878,1.5,0.984375,61,0.9838709677419355,64,0.984375,51,0.796875,0.8829683333547854,47.535625,35.08409432505526,-0.39676978534324964,0.6001976475901645,3.5,1.8874586088176875,-0.2947457597829343,0.5900324264637177,2.8368603125000016,1.5417568197128744,0.24795697447326492,0.7368611287308252,312.47225000000003,112.38477756851687,-0.21288438024862727,0.7461618634300758,1.0,0.9920440912246704,0.01986755058169365,1.0446385145187378,0.11423982679843903,0.11423982679843903,2.0492939949035645
156,1.915737797399211,0.953125,0.7545000054552907,0.6807506460857546,0.0,0.046875,0.0,61,0.0033909662329897326,0.683834433555603,1.5,1.0,61,1.0,64,1.0,53,0.828125,0.8933261161842665,57.18625,45.24178901676524,-0.23167267982559975,0.7739693973300326,3.859375,2.5791664563139385,-0.18240268520117006,0.8062650144291102,2.3695535937500014,1.9495700117104098,0.02461425800923082,0.9317697453974848,310.7577500000001,135.49217470554345,-0.22426754567840154,0.8995799586545009,1.0,0.9923214912414551,0.013698630034923553,1.0648608207702637,0.13493391871452332,0.13493391871452332,2.163508176803589
157,2.0841907675949973,0.984375,0.8374668127960629,0.6623294946146046,0.0,0.015625,0.0,63,0.003252800917943499,0.6939461827278137,1.5,0.984375,62,0.9841269841269841,64,0.984375,52,0.8125,0.882040152496588,50.384218749999995,38.738261238272536,-0.3480377516230847,0.6627109439259498,3.671875,2.2916607480984177,-0.2410164632438297,0.7163887703366185,3.0426537500000017,1.5397028273739848,0.3463130723369262,0.7358794517932649,324.7892343750001,130.23099343879113,-0.13110761108177024,0.8646491352567327,1.0,0.9868438839912415,0.03536977618932724,1.023047924041748,0.09047316014766693,0.09047316014766693,2.1045069694519043
158,2.0554879762290286,0.9375,0.8711029686033726,0.7179497273666094,0.0,0.0625,0.0,60,0.003826700199602757,0.682744026184082,1.5,0.984375,59,0.9833333333333333,64,0.984375,51,0.796875,0.8799701055466491,45.746875,29.995313064866902,-0.4273706477220796,0.5131418292706715,3.359375,1.4723194658004763,-0.33870609331492907,0.460257100673687,3.045283750000002,1.5547382576452997,0.3475700440874538,0.7430654255986138,312.41937500000006,99.1058852087788,-0.21323543587539834,0.6579986505662261,1.0,0.9863954186439514,0.014652014710009098,1.0837911367416382,0.1480647474527359,0.1480647474527359,2.3214805126190186
159,2.1150734894556553,1.0,0.816629634500714,0.7151647017122775,0.0,0.0,0.0,64,0.0028814452223927776,0.6620867848396301,1.5,0.96875,62,0.96875,64,0.96875,52,0.8125,0.8840634600604027,50.282343749999995,63.64760425435776,-0.34978056803389856,1.088845047396135,3.625,3.094854600784987,-0.2556699077544946,0.967472643438481,2.8073151562500014,1.5799687008361452,0.23383627988346692,0.755123963372066,309.7494375,166.25618774526825,-0.23096208518986897,1.1038330060239583,1.0,0.9926596283912659,0.018382353708148003,1.0,0.15479776263237,0.15479776263237,2.217611312866211
160,2.064381705274926,0.984375,0.7996585588488314,0.733488159772768,0.0,0.015625,0.0,63,0.003090690698960319,0.6785210371017456,1.5,1.0,63,1.0,64,1.0,58,0.90625,0.8823987669674557,49.837812500000005,43.94702423332942,-0.3573853420964221,0.7518193378187118,3.640625,2.3208779824400505,-0.25078542625093964,0.7255222769431297,2.780204062500002,1.3294465502004014,0.22087891145394237,0.635390402067692,315.351296875,109.60459618936495,-0.1937693806229634,0.7277032664258964,1.0,0.984634518623352,0.03378378227353096,1.023047924041748,0.14207778871059418,0.14207778871059418,2.223057270050049
161,2.03654336902977,0.984375,0.8056910373861828,0.6676787662936995,0.0,0.015625,0.0,63,0.0040148096561484405,0.6841855049133301,1.5,1.0,63,1.0,64,1.0,55,0.859375,0.8897813400252627,54.708125,40.00359506793577,-0.2740669563217775,0.6843575163283551,3.90625,2.5477854967598823,-0.16774924069050515,0.7964551125727523,3.1226340625000018,1.667901410402006,0.3845385451167188,0.7971501732091834,339.5537656250001,130.09824360756454,-0.03308072177769974,0.863767762676023,1.0,0.9891657829284668,0.019543973729014397,1.023047924041748,0.1542873978614807,0.1542873978614807,2.244612693786621
162,1.9898327167473842,1.0,0.7473798556311522,0.6745480173703468,0.0,0.0,0.0,64,0.0032927044126740373,0.68449866771698,1.5,1.0,64,1.0,64,1.0,58,0.90625,0.8841039281542802,55.33109375,45.32474107472883,-0.2634095805090247,0.7753884913956004,4.0,2.462214450449026,-0.13844235166917535,0.7697050202242579,3.110826250000002,1.5709904012044658,0.3788951661250746,0.7508329105185331,340.580703125,123.93202458274257,-0.026262524374061152,0.8228280769158756,1.0,0.996635377407074,0.012903225608170033,0.9999999403953552,0.1597071886062622,0.1597071886062622,2.165123224258423
163,2.065755763527944,0.984375,0.8202351796485129,0.6840051102815766,0.0,0.015625,0.0,63,0.0037346795969822166,0.6789314150810242,1.5,0.984375,62,0.9841269841269841,64,0.984375,53,0.828125,0.8875696165062599,52.7796875,33.06519974652117,-0.3070575086872143,0.5656596097676138,3.828125,1.7549455787502357,-0.19217164820828,0.5486079500256702,2.948352500000002,1.7591330215815844,0.30124310758809625,0.8407530469764195,329.0428906250001,98.17939523092373,-0.10286609881863504,0.6518473594102316,1.0,0.9865254759788513,0.010452961549162865,1.023047924041748,0.19159090518951416,0.19159090518951416,2.2893359661102295
164,1.9931516354049859,0.953125,0.8105586726890236,0.696332281191876,0.0,0.046875,0.0,61,0.002996914746907039,0.6937686204910278,1.5,0.96875,59,0.9672131147540983,64,0.96875,53,0.828125,0.8864001129805977,48.442968750000006,39.971895700279504,-0.3812474925555254,0.6838152225549684,3.578125,2.0676427361551126,-0.2703233522651595,0.6463592128454038,2.902513750000002,2.0446127990645175,0.279335117538861,0.9771941175630732,318.0981718750001,94.81167648843994,-0.17553191632438442,0.6294878962625816,1.0,0.9941982626914978,0.0069204154424369335,1.0648608207702637,0.14518439769744873,0.14518439769744873,2.0983352661132812
165,2.0955369103529744,0.96875,0.8547876737711411,0.6905974550813712,0.0,0.03125,0.0,62,0.003420565872187173,0.682137668132782,1.5,0.984375,61,0.9838709677419355,64,0.984375,50,0.78125,0.8861685662725295,47.34359375,36.06326521576299,-0.40005494081700776,0.6169487160300826,3.578125,1.8183499345216805,-0.2703233522651595,0.5684285838183384,2.811617656250002,1.592571341748486,0.2358925996388452,0.7611472194971053,308.3274687500001,109.49886675397734,-0.24040303328973417,0.7270012917080114,1.0,0.9900532960891724,0.010452961549162865,1.0446386337280273,0.19789500534534454,0.19789500534534454,2.1013970375061035
166,2.1113081309307704,1.0,0.816631808760576,0.7074922424402501,0.0,0.0,0.0,64,0.003454561951340265,0.6785749793052673,1.5,0.953125,61,0.953125,64,0.953125,57,0.890625,0.8791251320739246,50.824062500000004,41.620124290973635,-0.3405131684997087,0.7120121289268393,3.828125,2.4783732536434053,-0.19217164820828,0.7747563722448999,2.8565006250000016,1.5043427784707557,0.2573437873949495,0.7189796105124181,326.62495312500005,115.87506570136082,-0.11891963195445104,0.7693351076492314,1.0,0.995479166507721,0.007092198356986046,0.9999999403953552,0.16662441194057465,0.16662441194057465,2.1684188842773438
167,2.1134337771577485,0.984375,0.8400154570265422,0.700295675899194,0.0,0.015625,0.0,63,0.002702173140045002,0.6656032800674438,1.5,1.0,63,1.0,64,1.0,55,0.859375,0.8771053105517839,46.54234375,26.42143133082188,-0.4137622453486849,0.45200200363728166,3.3125,1.6476782908080085,-0.353359537825594,0.5150754646566901,3.0859193750000014,1.8394715131389272,0.36699127324715897,0.8791497064317675,312.62784375000007,85.1248592234921,-0.21185133889774393,0.5651737268750637,1.0,0.996161162853241,0.015267175622284412,1.023047924041748,0.1550069898366928,0.1550069898366928,2.292598247528076
168,2.0753012898907057,1.0,0.8053646709304303,0.6787570506036251,0.0,0.0,0.0,64,0.003381428459570927,0.6858298778533936,1.5,1.0,64,1.0,64,1.0,54,0.84375,0.891971656640346,47.62375,31.468061164258277,-0.39526219568726956,0.5383367206239399,3.40625,1.7564056870495495,-0.32405264880426415,0.549064389832466,3.160838125000002,1.750797871146785,0.40279764295621845,0.8367693782946937,324.2027812500001,103.07035108171705,-0.13500127858756394,0.684320126723912,1.0,0.9982980489730835,0.013513513840734959,1.0,0.15265733003616333,0.15265733003616333,2.16788911819458
169,2.0628115801871707,0.984375,0.820999688099301,0.6654403935504305,0.0,0.015625,0.0,63,0.004143831711221227,0.6915491223335266,1.5,0.96875,61,0.9682539682539683,64,0.96875,44,0.6875,0.8869511486677768,48.364843750000006,35.600639697210305,-0.38258400820799005,0.6090343960713598,3.625,2.042516829796024,-0.2556699077544946,0.6385046832536583,3.053070312500002,1.7228053524846934,0.3512915228312621,0.8233907451447466,319.4055937500001,119.53695513923707,-0.1668514850093473,0.7936476729784179,1.0,0.9993247985839844,0.003367003286257386,1.023047924041748,0.10499604046344757,0.10499604046344757,2.146942138671875
170,1.973281752435335,0.953125,0.8059451333323463,0.6747194232240271,0.0,0.046875,0.0,61,0.003073775569725597,0.6843602061271667,1.5,0.96875,59,0.9672131147540983,64,0.96875,52,0.8125,0.8895961198200681,53.176875,42.5288252201889,-0.30026266311008415,0.7275576395227478,3.4375,2.0530084632071053,-0.3142836857971542,0.6417844393713227,2.8100428125000017,1.5898943094505824,0.23513992507411327,0.7598677693169859,317.7994687500001,112.24497034179436,-0.177515110892052,0.745233634331178,1.0,0.984768807888031,0.019933555275201797,1.0648607015609741,0.18816745281219482,0.18816745281219482,2.134995937347412
171,2.0254487049359353,0.984375,0.7988195040869335,0.6595873654558019,0.0,0.015625,0.0,63,0.004811436062188073,0.704220175743103,1.5,0.984375,62,0.9841269841269841,64,0.984375,55,0.859375,0.8709337581719098,58.91546875,42.35211136744275,-0.20209024237394776,0.7245345248961551,4.265625,2.470084686680803,-0.05540616610874087,0.7721653097156321,3.0691643750000024,1.8102130869232949,0.3589834551178489,0.8651660504553642,357.8835000000001,123.28964834296212,0.08861679859235191,0.8185631162827012,1.0,0.9921965003013611,0.011594203300774097,1.023047924041748,0.12880563735961914,0.12880563735961914,2.0912587642669678
172,2.006719504570608,1.0,0.775408445217181,0.6508386131534238,0.0,0.0,0.0,64,0.004770348969569304,0.6823872327804565,1.5,0.96875,62,0.96875,64,0.96875,52,0.8125,0.892381802263766,83.49468750000001,264.70875934676275,0.21839629311055722,4.528478722706424,5.25,14.639415971957352,0.25231616861522216,4.5763812184238635,3.4941431250000012,4.5907010655130565,0.5620961103742941,2.1940614275536166,439.11357812500034,954.854806917849,0.6279317109110479,6.33961518142986,1.0,0.9634769558906555,0.06865671277046204,1.0,0.18648254871368408,0.18648254871368408,3.164252996444702
173,2.0492380993176864,0.96875,0.8241837923565218,0.6936996504853447,0.0,0.03125,0.0,62,0.003485707564408191,0.665238618850708,1.5,0.984375,61,0.9838709677419355,64,0.984375,53,0.828125,0.89675385913238,51.04296875,41.56286149014554,-0.3367682516415029,0.7110325112678223,3.5,2.207940216581962,-0.2947457597829343,0.6902171615263837,2.7553762500000016,1.7528884735759191,0.20901280539314698,0.8377685525133269,302.28035937500005,97.17438734810855,-0.2805519084064255,0.645174760408591,1.0,0.9936735033988953,0.018518518656492233,1.0446386337280273,0.19601677358150482,0.19601677358150482,2.177072525024414
174,2.123125674557201,0.984375,0.8546131003707175,0.6997691825692574,0.0,0.015625,0.0,63,0.0036073399762667417,0.6671714186668396,1.5,0.9375,59,0.9365079365079365,64,0.9375,53,0.828125,0.8776383998733754,49.93703125,43.92884668272118,-0.35568796721779217,0.751508367183046,3.578125,2.127239169528194,-0.2703233522651595,0.6649894641406782,3.0992973437500018,1.5547480968152882,0.37338508647840957,0.7430701280924252,329.86834375000007,104.38728033404308,-0.0973856266830858,0.6930636808437934,1.0,0.9904096722602844,0.014388489536941051,1.0230478048324585,0.12671145796775818,0.12671145796775818,2.2285118103027344
175,2.0171061836506925,0.984375,0.7859088385862018,0.6795690908588565,0.0,0.015625,0.0,63,0.0034394831443566565,0.6735994219779968,1.5,1.0,63,1.0,64,1.0,50,0.78125,0.886317113645868,55.6015625,35.40817372173541,-0.25878256332019217,0.6057418035748596,3.71875,2.1100114780493495,-0.22636301873316478,0.6596039703565266,2.743083437500002,1.5581943259649733,0.20313762742849684,0.744717205159725,316.2054843750001,117.1503734425056,-0.1880981309171911,0.7778023219923771,1.0,0.9893828630447388,0.022580645978450775,1.023047924041748,0.1313924789428711,0.1313924789428711,2.190884828567505
176,1.912311159921002,0.9375,0.7974960012361407,0.6363419718025356,0.0,0.0625,0.0,60,0.005236939215603023,0.6969512104988098,1.5,0.984375,59,0.9833333333333333,64,0.984375,54,0.84375,0.9022853581375857,95.87828125,314.85862389707285,0.43024738918272437,5.386412533144442,6.09375,18.577303650893473,0.5160781698071905,5.807391748397655,2.986663281250001,3.842429642819213,0.3195532101629571,1.8364355568109858,468.4875937500005,1191.1260280605677,0.8229560790627917,7.908302493510616,1.0,0.9580428004264832,0.033149171620607376,1.0837911367416382,0.21971043944358826,0.21971043944358826,3.149110794067383
177,2.024991585077524,0.984375,0.800542362152584,0.6576641809570359,0.0,0.015625,0.0,63,0.004213242487414252,0.6897414922714233,1.5,1.0,63,1.0,64,1.0,56,0.875,0.8858506641932782,57.45890625,50.68292535204742,-0.22700824019849825,0.867053094985055,4.03125,3.1472644371739724,-0.1286733886620654,0.9838563155310469,2.8912065625000016,1.6017980472934745,0.27393100527064157,0.765556994485883,331.7989375000001,135.49884443497984,-0.08456773923255251,0.8996242413220694,1.0,0.9958662390708923,0.019801979884505272,1.023047924041748,0.15294964611530304,0.15294964611530304,2.189204216003418
178,2.0350409745465976,0.96875,0.8236399451571126,0.68646849077037,0.0,0.03125,0.0,62,0.005161568609547229,0.6939292550086975,1.5,1.0,62,1.0,64,1.0,54,0.84375,0.8882995028128032,53.90671875,46.50485579668965,-0.2877769338847596,0.7955771864049389,3.875,2.54644359843292,-0.1775182036976151,0.7960356260090595,2.9400875000000015,1.72345976379092,0.2972929663264575,0.8237035118843483,335.6478125000001,133.5337427188203,-0.05901371132731804,0.8865772434093377,1.0,0.9850770831108093,0.033898305147886276,1.0446386337280273,0.17517317831516266,0.17517317831516266,2.2865359783172607
179,2.0948345413326166,1.0,0.810974606196396,0.6800870677096454,0.0,0.0,0.0,64,0.004065874966981482,0.6702063083648682,1.5,0.984375,63,0.984375,64,0.984375,55,0.859375,0.8905277673042298,57.62859375,38.21671999380587,-0.22410532820134504,0.6537887290570142,3.84375,1.9543121392193212,-0.18728716670472503,0.6109312957561419,2.500114062500001,1.6320682173881398,0.08701380970290644,0.7800241993119872,313.86096875000004,92.70409351768961,-0.20366419053344492,0.6154949154442514,1.0,0.9947699904441833,0.012903225608170033,0.9999999403953552,0.14702121913433075,0.14702121913433075,2.06443452835083
180,2.0819150404317606,0.96875,0.8484439038701596,0.6864186521207901,0.0,0.03125,0.0,62,0.003360189160604678,0.6703914403915405,1.5,0.984375,61,0.9838709677419355,64,0.984375,55,0.859375,0.8861404189291704,44.5690625,35.296599327996084,-0.4475199576986363,0.6038330557521798,3.328125,2.039107398930964,-0.348475056322039,0.6374388719257841,3.053800468750002,1.5110126135149726,0.3516404908083425,0.7221673649729726,297.53165625,94.82609415978601,-0.3120802100971595,0.6295836202276118,1.0,0.9931411743164062,0.02150537632405758,1.0446386337280273,0.17831821739673615,0.17831821739673615,2.285447120666504
181,2.074621424281986,0.984375,0.8263296803518657,0.657285501277244,0.0,0.015625,0.0,63,0.0033325535895311863,0.6630692481994629,1.5,0.984375,62,0.9841269841269841,64,0.984375,54,0.84375,0.8919448669122321,48.528125,39.867765051910986,-0.37979069049433906,0.682033817864462,3.4375,2.228192933746986,-0.3142836857971542,0.6965482989592983,3.065761875000002,1.91715628664475,0.35735727778660553,0.9162780584252807,314.70032812500006,122.14152184301096,-0.1980913899381358,0.8109403027025015,1.0,0.9982641339302063,0.010169491171836853,1.023047924041748,0.09875576943159103,0.09875576943159103,2.1344070434570312
182,1.98644476947694,0.9375,0.8115634703387816,0.7250943767757683,0.0,0.0625,0.0,60,0.0027913078232234263,0.6591594219207764,1.5,0.984375,59,0.9833333333333333,64,0.984375,55,0.859375,0.8788256509766312,47.36203125,36.27140618740226,-0.399739523123026,0.6205094669614757,3.421875,1.9023397394721586,-0.3191681673007092,0.5946843693394775,2.6583671875000014,1.6471288622113307,0.16264867949670267,0.7872222240600776,305.99623437500003,100.88686762187858,-0.25588091403992563,0.6698232159997836,1.0,0.9935756325721741,0.009999999776482582,1.0837910175323486,0.16723546385765076,0.16723546385765076,2.1769843101501465
183,2.075660382600172,0.96875,0.8434558626144163,0.6921724064236501,0.0,0.03125,0.0,62,0.0022486434273294442,0.6707688570022583,1.5,0.984375,61,0.9838709677419355,64,0.984375,58,0.90625,0.8858433515233888,44.997031250000006,27.86650855415912,-0.440198524954435,0.476723518235814,3.015625,1.4522847032779076,-0.4461646863931384,0.4539940973476324,2.8744318750000017,1.7582401642399395,0.26591377777580305,0.8403263182860398,290.40881250000007,94.4561355641594,-0.3593712621453874,0.6271273356570753,1.0,0.9947446584701538,0.0071428571827709675,1.0446386337280273,0.20305339992046356,0.20305339992046356,2.219428300857544
184,2.1930168535906023,1.0,0.865811341907829,0.7079961167076609,0.0,0.0,0.0,64,0.0037803341914389842,0.68450927734375,1.5,1.0,64,1.0,64,1.0,54,0.84375,0.882413981482391,47.054375,31.063628192540147,-0.40500272176243174,0.531417923861392,3.421875,1.982774945467841,-0.3191681673007092,0.6198289629983924,3.066988437500002,1.283587605243624,0.35794349619449756,0.613472760121053,311.52335937500004,91.39814052751008,-0.21918439713934598,0.6068242365695226,1.0,0.9863885045051575,0.017667844891548157,1.0,0.22482572495937347,0.22482572495937347,2.14941143989563
185,2.0745799964966354,0.984375,0.8251081709232595,0.6838102892486573,0.0,0.015625,0.0,63,0.004424723657187752,0.68232262134552,1.5,1.0,63,1.0,64,1.0,56,0.875,0.896071004621834,49.3,34.03892124282143,-0.36658591584798866,0.5823174532357298,3.625,2.1323402636539974,-0.2556699077544946,0.6665841009346225,2.674309687500002,1.6860092392206536,0.17026817460422503,0.8058045569690413,305.417546875,105.49039853479113,-0.2597230228440334,0.7003876685764913,1.0,0.9910112619400024,0.024390242993831635,1.023047924041748,0.18750067055225372,0.18750067055225372,2.2555763721466064
186,2.0637019555640324,0.984375,0.8044918793297949,0.7058560157665381,0.0,0.015625,0.0,63,0.005228875933779416,0.6756426095962524,1.5,0.96875,61,0.9682539682539683,64,0.96875,54,0.84375,0.8906608806922394,52.3346875,36.97825247564227,-0.3146703018436528,0.6326017694014027,3.625,2.003902442735175,-0.2556699077544946,0.6264335626539892,2.6052870312500014,1.5513160652155562,0.13727976051577825,0.7414298365457406,307.1886875,81.35881550861501,-0.2479638004854627,0.5401696448556941,1.0,0.994002103805542,0.030716722831130028,1.023047924041748,0.21058104932308197,0.21058104932308197,2.2214059829711914
187,1.9094096942330445,0.9375,0.7707789635285736,0.6900769342848325,0.0,0.0625,0.0,60,0.0038743998438269945,0.6642273664474487,1.5,1.0,60,1.0,64,1.0,56,0.875,0.8962959698711965,53.4284375,41.39507969020707,-0.2959590827091481,0.7081622008445716,3.671875,2.4047783649174406,-0.2410164632438297,0.7517501083896576,2.5540856250000017,1.8106474826235124,0.11280876384523551,0.8653736638103924,308.0444843750001,116.72661949213757,-0.24228186557592057,0.774988871237895,1.0,0.9931548237800598,0.01650165021419525,1.0837911367416382,0.15049603581428528,0.15049603581428528,2.1671993732452393
188,1.9980469040256117,0.96875,0.7969487856232351,0.6821799583571868,0.0,0.03125,0.0,62,0.005228758991630776,0.6992478370666504,1.5,1.0,62,1.0,64,1.0,57,0.890625,0.8874508991928232,53.0409375,38.346240311093,-0.30258820034537265,0.6560044849785046,3.796875,2.0855131824984947,-0.20194061121538995,0.6519456361813731,2.853710468750002,1.7377913646902414,0.2560102712026274,0.83055310027609,333.60790625000004,105.6721256408708,-0.07255736271546741,0.7015942184228483,1.0,0.9909980297088623,0.019607843831181526,1.0446386337280273,0.14405256509780884,0.14405256509780884,2.1409783363342285
189,1.9429868486357955,0.953125,0.7783024017317374,0.6971264916105169,0.0,0.046875,0.0,61,0.005141054535107719,0.6796092391014099,1.5,0.96875,59,0.9672131147540983,64,0.96875,52,0.8125,0.8875489968287416,55.482031250000006,33.9074293656497,-0.26082743226846294,0.5800679690499765,3.96875,1.6485670861387474,-0.1482113146762853,0.5153533081353102,2.6754271875000013,1.5023181044321454,0.17080226811419222,0.7180119458468062,329.91262500000005,104.22191811309122,-0.09709162796964922,0.6919657831961236,1.0,0.9977763891220093,0.009740259498357773,1.0648608207702637,0.18138858675956726,0.18138858675956726,2.1189627647399902
190,1.911486049301341,0.984375,0.7439091273598255,0.6215023544187503,0.0,0.015625,0.0,63,0.005924603493138782,0.6941304802894592,1.5,1.0,63,1.0,64,1.0,59,0.921875,0.8907568049085853,70.05734375,82.36390864712429,-0.011481726082053141,1.409032359744613,4.53125,3.876889660217324,0.0276300194516936,1.2119421335459217,2.7866751562500016,2.2545065042896546,0.22397168028997433,1.0775098810921704,369.3522812500001,230.23739365818645,0.16476205041308614,1.5286266200824183,1.0,0.9815980195999146,0.046822741627693176,1.023047924041748,0.24982216954231262,0.24982216954231262,2.334232807159424
191,2.026145351126072,0.9375,0.8574911678830782,0.6967467355698406,0.0,0.0625,0.0,60,0.004076869482216312,0.6765046119689941,1.5,0.984375,59,0.9833333333333333,64,0.984375,54,0.84375,0.8852854009061252,50.752812500000005,57.46693338533773,-0.3417320707747564,0.9831098363986646,3.609375,3.080265753043883,-0.2605543892580496,0.9629120701937065,3.516417812500001,2.340043218815938,0.5727419860166234,1.1183909585798,349.5929531250001,227.73284542580197,0.03357295690006462,1.511998047987882,1.0,0.9838581085205078,0.023333333432674408,1.0837912559509277,0.18471436202526093,0.18471436202526093,2.260690689086914
192,2.0651984976188578,0.984375,0.8044093344656248,0.7198359170062337,0.0,0.015625,0.0,63,0.004620822188566895,0.7067721486091614,1.5,0.984375,62,0.9841269841269841,64,0.984375,54,0.84375,0.8845098475336556,48.85625,41.08047994866296,-0.37417732475398763,0.7027802171154832,3.390625,2.315823203393342,-0.3289371303078191,0.7239421185586046,2.764898125000002,1.3555871916752484,0.21356365249849057,0.6478839563926153,307.992546875,90.92994933600157,-0.24262669681214669,0.6037157514218383,1.0,1.0013225078582764,0.009771986864507198,1.0230478048324585,0.14316914975643158,0.14316914975643158,2.0791022777557373
193,2.020078611045367,0.984375,0.7894960837586532,0.6719434487099377,0.0,0.015625,0.0,63,0.004565968733824059,0.6911522746086121,1.5,0.984375,62,0.9841269841269841,64,0.984375,52,0.8125,0.8840469323623916,58.280468750000004,54.00370225820425,-0.2129534415971802,0.9238629549968521,3.703125,2.5658800116870237,-0.23124750023671975,0.8021115812753072,2.8624307812500014,1.3298529345115877,0.2601780227114755,0.6355846277707411,329.59235937500006,165.53790448964847,-0.09921798351986508,1.0990640721516007,1.0,0.9917604327201843,0.010204081423580647,1.023047924041748,0.20140433311462402,0.20140433311462402,2.3003389835357666
194,2.0176003052845104,0.953125,0.831713729919713,0.6865172043028008,0.0,0.046875,0.0,61,0.005565201354244523,0.6681160926818848,1.5,0.984375,60,0.9836065573770492,64,0.984375,55,0.859375,0.8809878205012641,55.65421875,45.11345208210793,-0.25788175177043104,0.7717738860089597,3.96875,2.573717823985372,-0.1482113146762853,0.8045617348240828,2.9012425000000017,1.7044726408610245,0.2787275413647704,0.8146288817905575,343.19428125000013,136.56902198962314,-0.00891006467122253,0.9067295245788419,1.0,0.9901564717292786,0.015197568573057652,1.0648608207702637,0.1939479410648346,0.1939479410648346,2.015019416809082
195,1.9737599954736473,0.9375,0.8214949215451877,0.6816501897520443,0.0,0.0625,0.0,60,0.004386021784400243,0.6747305393218994,1.5,1.0,60,1.0,64,1.0,51,0.796875,0.8996972439293499,52.267500000000005,30.427862283193672,-0.3158197053047723,0.5205416219203364,3.578125,1.974878853088209,-0.2703233522651595,0.6173605906989573,2.8143209375000016,1.772997337228084,0.2371845951388376,0.8473793029110376,322.60609375,122.64010188590422,-0.14560224560544346,0.814250550068053,1.0,0.9890328049659729,0.02295081876218319,1.0837911367416382,0.1336519718170166,0.1336519718170166,2.2343013286590576
196,1.9926432981530682,0.984375,0.7710453167202926,0.65815195971463,0.0,0.015625,0.0,63,0.003442764559918139,0.6902157068252563,1.5,0.96875,61,0.9682539682539683,64,0.96875,52,0.8125,0.8952559629587165,55.438125,45.581757894297745,-0.2615785540651482,0.7797853810250472,3.859375,2.6390527863942017,-0.18240268520117006,0.8249858894110516,2.741822500000002,1.920892970129714,0.20253497996968284,0.9180639540835552,318.51471875000004,134.9573869684739,-0.17276631586513683,0.896029315737687,1.0,0.9942709803581238,0.0059523810632526875,1.0230478048324585,0.1153583750128746,0.1153583750128746,2.082693338394165
197,2.074635170437628,0.984375,0.8148532801618179,0.7001549460234356,0.0,0.015625,0.0,63,0.004557030635371188,0.6756594777107239,1.5,0.953125,60,0.9523809523809523,64,0.953125,53,0.828125,0.886172468981815,56.48578125000002,96.07552591914163,-0.24365587916559728,1.6436024858842029,3.609375,4.270601492691047,-0.2605543892580496,1.3350191360066344,2.8236814062500017,1.6637429429356991,0.24165830038235275,0.795162691790691,335.94325000000003,299.92468762637935,-0.05705219838671825,1.9913049493873372,1.0,0.9872599244117737,0.02222222276031971,1.023047924041748,0.15471456944942474,0.15471456944942474,2.296049118041992
198,2.0495570083815706,0.984375,0.8142813392693088,0.6632405625115052,0.0,0.015625,0.0,63,0.004734463671838683,0.6883313655853271,1.5,0.96875,61,0.9682539682539683,64,0.96875,54,0.84375,0.8867942478826515,62.92,59.99600614311756,-0.13358312305991613,1.0263756965841957,4.109375,3.2167393598759286,-0.10425098114429056,1.0055746499245584,2.8448262500000014,2.003510960660295,0.25176418299188347,0.9575500682213051,354.1305312500001,192.87351330113742,0.06369952583993156,1.2805547441987204,1.0,0.9854392409324646,0.017804155126214027,1.023047924041748,0.1589667946100235,0.1589667946100235,2.1281003952026367
199,2.049307309638289,0.96875,0.8228512555360794,0.6970860864781359,0.0,0.03125,0.0,62,0.0038821260631460154,0.677264928817749,1.5,0.984375,61,0.9838709677419355,64,0.984375,59,0.921875,0.8857223022528152,51.84390625,37.52130347454244,-0.3230662931724355,0.6418919602508955,3.703125,2.0817637316407933,-0.23124750023671975,0.6507735322861457,2.7352356250000014,1.632449709154424,0.19938687510304565,0.7802065279710282,311.83442187500003,92.69466037594968,-0.21711914435631932,0.6154322855154394,1.0,0.9960639476776123,0.010273972526192665,1.0446386337280273,0.1809094250202179,0.1809094250202179,2.2181556224823
200,2.0715064378610735,0.984375,0.822735824163944,0.6747752930969665,0.0,0.015625,0.0,63,0.004701364066515657,0.7004368305206299,1.5,0.953125,60,0.9523809523809523,64,0.953125,53,0.828125,0.8877619880904157,54.4046875,36.198960057953926,-0.2792579831159502,0.619270102021083,3.53125,1.984067397418747,-0.2849767967758244,0.6202329922878922,2.8179409375000013,1.9243782125774747,0.23891472355591323,0.9197296770115302,310.7159375000001,101.06811939276331,-0.2245451534967348,0.6710266099294543,1.0,0.9981025457382202,0.007633587811142206,1.023047924041748,0.13903497159481049,0.13903497159481049,2.236175775527954
201,2.144190869219896,1.0,0.8454182825516909,0.7000591538469939,0.0,0.0,0.0,64,0.004676548939395557,0.6686723232269287,1.5,0.984375,63,0.984375,64,0.984375,54,0.84375,0.8797149369411381,46.02703125,33.01588162724151,-0.4225779025923415,0.5648159049565112,3.4375,1.8529958850466992,-0.3142836857971542,0.5792591441071406,2.9882478125000023,1.6606501308960957,0.32031051473294925,0.7936845254927927,320.89173437500006,117.97873974580153,-0.1569844773766361,0.783302135737999,1.0,0.9881737232208252,0.024561403319239616,1.0,0.11130137741565704,0.11130137741565704,2.2098042964935303
202,2.0141614690860328,0.96875,0.8116048450071004,0.6871063745062476,0.0,0.03125,0.0,62,0.003289769440228282,0.6847662925720215,1.5,0.921875,57,0.9193548387096774,64,0.921875,57,0.890625,0.8806771981703595,50.37046875,33.78332310612402,-0.3482729783779184,0.5779448335821378,3.671875,1.8460658125795515,-0.2410164632438297,0.5770927562169595,2.8571384375000015,1.6507009384701743,0.2576486209670534,0.7889294479947149,323.5124218750001,116.13992192324592,-0.13958481604549397,0.7710935807835698,1.0,0.9982346296310425,0.010135134682059288,1.0446386337280273,0.14529819786548615,0.14529819786548615,2.197935104370117
203,2.08018193172178,0.96875,0.8470565109483658,0.6923503412504416,0.0,0.03125,0.0,62,0.0034700623234840723,0.6860633492469788,1.5,1.0,62,1.0,64,1.0,55,0.859375,0.8838076787870639,49.87796875000001,38.322490507357735,-0.35669837305105523,0.6555981875777348,3.515625,2.4999511713981537,-0.28986127827937935,0.781501776415031,2.740882812500002,1.711932187211527,0.20208586945948379,0.8181940677351702,316.2663281250001,134.06087515601067,-0.18769416797078228,0.8900770601115474,1.0,0.990660548210144,0.026143791154026985,1.0446386337280273,0.1519613116979599,0.1519613116979599,2.1640167236328125
204,2.1383195045813466,0.984375,0.8647536933422089,0.6832966366830012,0.0,0.015625,0.0,63,0.003785797150789933,0.672758936882019,1.5,0.96875,61,0.9682539682539683,64,0.96875,59,0.921875,0.8852939577081063,43.86359375000001,27.078713178389055,-0.45958869404039177,0.4632463873474179,3.3125,1.6189792308735773,-0.353359537825594,0.5061039429018649,2.960459843750001,1.6158875098905534,0.30702964335527244,0.7722908562595107,302.6487968750001,97.07256943039125,-0.2781057229220085,0.6444987556252191,1.0,0.9919719099998474,0.010238908231258392,1.023047924041748,0.129428431391716,0.129428431391716,2.078944444656372
205,2.0874734652191744,0.953125,0.8587755650037625,0.7276368349743146,0.0,0.046875,0.0,61,0.0035306082767674607,0.6704393625259399,1.5,0.96875,59,0.9672131147540983,64,0.96875,53,0.828125,0.8822195464959394,49.287031250000005,33.76728662291395,-0.36680777744629767,0.5776704910436322,3.265625,1.8894624524914487,-0.3680129823362589,0.5906588416547898,2.8453304687500016,1.375167460186021,0.25200516729790495,0.6572420721286544,299.7172343750001,85.72935439122183,-0.29756939215806794,0.5691871818157269,1.0,0.9917418360710144,0.00374531839042902,1.0648608207702637,0.18201158940792084,0.18201158940792084,2.2753946781158447
206,2.114653253876514,1.0,0.8182491263141856,0.6983469138697912,0.0,0.0,0.0,64,0.004620410352828265,0.6725348830223083,1.5,1.0,64,1.0,64,1.0,55,0.859375,0.8784159441157138,53.341562499999995,41.220610296107864,-0.29744528811468884,0.7051774830706246,3.796875,2.16635990416528,-0.20194061121538995,0.6772188724440592,2.7942021875000016,1.5227246628663595,0.227569119699323,0.7277649753058534,321.52645312500005,97.58477161245017,-0.15277035749758697,0.6478994451392862,1.0,0.9940305352210999,0.01277955248951912,0.9999999403953552,0.11933586746454239,0.11933586746454239,2.1563096046447754
207,2.1118251583928,0.96875,0.8661133574862634,0.6833722372455481,0.0,0.03125,0.0,62,0.003685494791858748,0.6601157188415527,1.5,0.953125,59,0.9516129032258065,64,0.953125,53,0.828125,0.8770633460612225,45.92875,32.32365385344763,-0.424259239283142,0.552973687295759,3.359375,1.7710094887873977,-0.33870609331492907,0.5536296377985527,2.8821146875000014,1.4645761158021224,0.26958567065682915,0.6999736897568192,303.06715625000004,112.64295152510918,-0.27532808864103925,0.7478759706669086,1.0,0.9909725189208984,0.015325670130550861,1.0446386337280273,0.22404111921787262,0.22404111921787262,2.296762466430664
208,2.0260960691713805,0.984375,0.7967823290872196,0.6797874315722683,0.0,0.015625,0.0,63,0.006423716293076016,0.7079564929008484,1.5,0.984375,62,0.9841269841269841,64,0.984375,57,0.890625,0.8897670071899288,58.651875,46.25713883671768,-0.20659964618536347,0.7913393931968303,4.234375,2.9140939173909617,-0.06517512911585081,0.9109656217035644,3.3591443750000023,1.5883281735305415,0.4975753441740996,0.7591192565379068,370.4518125000001,151.61568496313254,0.17206222312463867,1.006629585117497,1.0,0.9868175983428955,0.02760736271739006,1.023047924041748,0.2515582740306854,0.2515582740306854,2.206136703491211
209,2.092700253185657,0.984375,0.838750112979185,0.685091909915226,0.0,0.015625,0.0,63,0.005847808508616622,0.6622350215911865,1.5,0.96875,61,0.9682539682539683,64,0.96875,56,0.875,0.8866937394624803,47.43671875,42.38287356994448,-0.39846181415926996,0.7250607862100474,3.515625,2.351809060994323,-0.28986127827937935,0.7351915429324641,3.390146875000002,1.4919726139042357,0.5123925558454782,0.7130674632084293,340.86962500000004,138.9930795089836,-0.024344270947752596,0.9228236906646802,1.0,0.9770570993423462,0.018450183793902397,1.0230478048324585,0.20874327421188354,0.20874327421188354,2.367396116256714
210,2.0522729497078087,0.984375,0.7982038857030963,0.7010692530516723,0.0,0.015625,0.0,63,0.004822038824122745,0.6916986703872681,1.5,0.984375,62,0.9841269841269841,64,0.984375,53,0.828125,0.8790103742845831,52.708125,40.85063103379647,-0.30828175702487187,0.6988480997084935,3.890625,2.5379444653843395,-0.17263372219406012,0.7933787390860486,3.0889090625000017,1.554723208890131,0.36842015261233213,0.7430582332563599,334.91564062500004,130.44254419982764,-0.0638748566035817,0.8660536947841012,1.0,0.9953698515892029,0.0031645570416003466,1.023047924041748,0.18031731247901917,0.18031731247901917,2.226783275604248
211,2.0646842178570415,0.953125,0.8526903972273967,0.7120336510512482,0.0,0.046875,0.0,61,0.0045967317537233265,0.6923923492431641,1.5,1.0,61,1.0,64,1.0,52,0.8125,0.8887697451900797,47.133281249999996,30.780095691792425,-0.40365284095344256,0.5265674198584253,3.65625,1.7430105959230426,-0.24590094474738466,0.5448769930423313,2.832434687500002,1.807644879401934,0.24584180884458529,0.8639386115565647,315.04657812500005,95.10329917890682,-0.19579251502996461,0.6314240813478312,1.0,0.9904783368110657,0.006756756920367479,1.0648609399795532,0.16676075756549835,0.16676075756549835,2.2082345485687256
212,1.971366143922101,0.984375,0.7734344696833028,0.627014530478209,0.0,0.015625,0.0,63,0.0040632828114175144,0.6933685541152954,1.5,0.984375,62,0.9841269841269841,64,0.984375,55,0.859375,0.8886147706616903,50.10640625,46.52640078382875,-0.3527904012832488,0.7959457651254965,3.546875,2.8114147211635285,-0.28009231527226947,0.8788674050781059,3.148772656250002,2.095666220013075,0.3970311207601648,1.0015943867266173,326.01740625,131.36146317338938,-0.12295334824752072,0.8721547193933822,1.0,0.9920893311500549,0.009404388256371021,1.0230478048324585,0.15168960392475128,0.15168960392475128,2.274224281311035
213,2.023800078162925,0.953125,0.837333871387556,0.6771363849714367,0.0,0.046875,0.0,61,0.004501960000411644,0.6828578114509583,1.5,0.96875,59,0.9672131147540983,64,0.96875,50,0.78125,0.8883706173011241,51.96296875,37.130358269871614,-0.3210294433180795,0.635203904119074,3.5625,2.262983373778959,-0.2752078337687145,0.7074240276528477,2.834320937500002,1.8406289375456357,0.24674331567516797,0.8797028812540502,316.7236250000001,109.99048779873257,-0.184658014002486,0.7302653358498647,1.0,0.9804703593254089,0.0173611119389534,1.0648608207702637,0.23793922364711761,0.23793922364711761,2.3356852531433105
214,2.126265996111984,1.0,0.8407336566597223,0.6793015945059346,0.0,0.0,0.0,64,0.005131395639155588,0.6770820021629333,1.5,0.96875,62,0.96875,64,0.96875,53,0.828125,0.8789676360263907,46.945625,33.93251030883768,-0.4068631515506625,0.5804970387862877,3.5,2.038688303787511,-0.2947457597829343,0.6373078599272929,3.424480625000002,1.8878909605726986,0.5288018919061894,0.9022911047589149,333.07806250000004,122.54417464121298,-0.07607518077214993,0.8136136555241377,1.0,0.9833714365959167,0.017605634406208992,0.9999999403953552,0.17876110970973969,0.17876110970973969,2.3576104640960693
215,2.0820324754763515,0.984375,0.8111015192218243,0.7242735605394501,0.0,0.015625,0.0,63,0.0037929543114213816,0.6838185787200928,1.5,0.96875,61,0.9682539682539683,64,0.96875,55,0.859375,0.8799888424617986,46.4553125,39.78150398460751,-0.41525112378553053,0.6805581152513497,3.21875,1.6998965961198933,-0.3826664268469238,0.5313992628290349,2.880913125000002,1.6772598556284413,0.26901140064960766,0.8016229113378858,302.828390625,94.62284760838315,-0.27691333717315886,0.6282341952537711,1.0,0.9869393706321716,0.02181818149983883,1.023047924041748,0.25598347187042236,0.25598347187042236,2.418607234954834
216,2.0022004929095996,1.0,0.7618838006746955,0.6614863962322528,0.0,0.0,0.0,64,0.005434586413651826,0.6815641522407532,1.5,0.984375,63,0.984375,64,0.984375,53,0.828125,0.8937496942222882,56.7121875,50.709142219030326,-0.2397826568047551,0.8675015974244948,4.078125,2.6475500910039456,-0.1140199441514005,0.827642204751619,2.801327187500002,2.159118387941064,0.23097441389039075,1.0319204637590143,332.4983750000001,101.30307317116247,-0.07992392892617246,0.6725865502781672,1.0,1.003717064857483,0.01552795059978962,1.0,0.2159249633550644,0.2159249633550644,2.187265634536743
217,2.0573539090472917,0.96875,0.8333248287859943,0.6931515594450028,0.0,0.03125,0.0,62,0.005422398207914847,0.6943789124488831,1.5,1.0,62,1.0,64,1.0,52,0.8125,0.8861371517615736,45.99484375,32.07090942311406,-0.42312854704115693,0.548649887139419,3.375,1.7001838135919305,-0.3338216118113741,0.5314890489685333,3.075045312500002,1.2582438558375841,0.36179416702055495,0.6013600692252971,312.74809375000007,98.72617653051786,-0.21105295707042962,0.6554776317853772,1.0,0.9951299428939819,0.013513513840734959,1.0446386337280273,0.17549121379852295,0.17549121379852295,2.115344762802124
218,1.9762411022919786,0.984375,0.7736957108986283,0.6567004722675602,0.0,0.015625,0.0,63,0.0052957197744765115,0.7023642063140869,1.5,0.96875,61,0.9682539682539683,64,0.96875,56,0.875,0.8924476110594977,84.28046875,254.85498544165813,0.23183896754304614,4.359906267538172,5.546875,15.125443885531922,0.34512131718276656,4.728316857084113,3.7475287500000016,4.579074755651889,0.6831982292392117,2.1885047952120327,467.89126562500047,1002.5943763781427,0.8189968479765843,6.6565748878823205,1.0,0.9660351276397705,0.002597402548417449,1.023047924041748,0.2334519475698471,0.2334519475698471,3.093027114868164
219,2.169434750599874,0.984375,0.8864900493432605,0.6973731175192764,0.0,0.015625,0.0,63,0.00562460450142519,0.6653029918670654,1.5,0.96875,61,0.9682539682539683,64,0.96875,49,0.765625,0.8730151805040063,47.94859375,32.82865663501875,-0.38970496360432166,0.5616129720587412,3.328125,1.9207313670513635,-0.348475056322039,0.600433717482255,3.252364062500002,1.4241135601716424,0.44654118587562447,0.6806351766839457,328.9906406250001,111.61616973449227,-0.10321300485170934,0.7410588070723488,1.0,0.9824506044387817,0.02397260256111622,1.023047924041748,0.2061319649219513,0.2061319649219513,2.196800470352173
220,1.995257586372161,0.984375,0.7767749455949616,0.6715708502908835,0.0,0.015625,0.0,63,0.004312032033234041,0.6654691696166992,1.5,1.0,63,1.0,64,1.0,53,0.828125,0.8868353956650417,58.4603125,58.50268837222221,-0.20987678256520667,1.0008289116254088,3.625,2.582997289971478,-0.2556699077544946,0.8074625591422909,2.732997812500001,1.8069711864682492,0.19831734388803524,0.863616629432545,332.50840625,187.93146700906337,-0.07985732794733542,1.2477427695680503,1.0,0.9848783016204834,0.025889968499541283,1.023047924041748,0.2292521893978119,0.2292521893978119,2.330963611602783
221,2.0852758987387707,1.0,0.8193582624662668,0.6808181557935851,0.0,0.0,0.0,64,0.0054218871115584745,0.6845921874046326,1.5,0.921875,59,0.921875,64,0.921875,50,0.78125,0.8808653761193135,46.3359375,40.62259261016084,-0.4172933197024964,0.694946955099823,3.71875,2.1467180619494495,-0.22636301873316478,0.6710786986841252,3.4324123437500025,1.473321509300651,0.5325927460513907,0.704153428378453,336.37070312500003,102.25437384268098,-0.05421418751745656,0.6789025683110345,1.0,0.9912145137786865,0.02068965509533882,1.0,0.2581242322921753,0.2581242322921753,2.3327646255493164
222,2.059757773608615,0.953125,0.857306997795574,0.6898084783502385,0.0,0.046875,0.0,61,0.004541020043372403,0.6542931795120239,1.5,0.96875,59,0.9672131147540983,64,0.96875,54,0.84375,0.8896124571523354,43.614843750000006,25.239402045226548,-0.4638441598778391,0.431780555421349,3.3125,1.4347800354061246,-0.353359537825594,0.44852201885511417,3.2630165625000016,1.860328775430417,0.4516323994012871,0.8891181435016319,319.989796875,96.63523953056995,-0.16297275604086345,0.6415951693918841,1.0,0.9889286756515503,0.013245033100247383,1.0648608207702637,0.13275855779647827,0.13275855779647827,2.11321759223938
223,2.159511892996079,1.0,0.8539646044373512,0.7099684464355756,0.0,0.0,0.0,64,0.004863832492675971,0.669588565826416,1.5,0.953125,61,0.953125,64,0.953125,51,0.796875,0.8865447391472486,45.20390625,37.401376713347204,-0.4366594315067088,0.6398403251342641,3.375,1.956559480312316,-0.3338216118113741,0.6116338299002003,2.7710640625000016,1.6118477940750953,0.2165105761688393,0.7703601305332027,305.20026562500004,103.08614725637887,-0.2611656290928162,0.6844250030548149,1.0,0.9863879084587097,0.02996254712343216,1.0,0.23649044334888458,0.23649044334888458,2.3566858768463135
224,2.0193700685686315,1.0,0.7791617560142186,0.6603594165163102,0.0,0.0,0.0,64,0.0056414720691787225,0.6757690906524658,1.5,0.953125,61,0.953125,64,0.953125,53,0.828125,0.8801573240055895,58.4475,71.6113902863923,-0.21009597113221093,1.2250847233602091,4.09375,3.711126639916779,-0.10913546264784553,1.1601234835215108,3.2872593750000014,1.8681793518556025,0.46321891288639455,0.8928702168065044,363.34345312500005,211.55658151506785,0.1248673379103398,1.4045981715623461,1.0,0.9880402088165283,0.021472392603754997,0.9999999403953552,0.2708198130130768,0.2708198130130768,2.1107215881347656
225,2.154739589310176,0.984375,0.8651821014900056,0.7103609072335192,0.0,0.015625,0.0,63,0.0036878482648036565,0.6625779271125793,1.5,0.953125,60,0.9523809523809523,64,0.953125,54,0.84375,0.8785223293050471,38.01546875,24.392304686217607,-0.5596349097212837,0.4172889217640448,3.21875,1.5254994059323654,-0.3826664268469238,0.4768815124454869,2.978031562500002,1.453837088581476,0.31542780079898486,0.6948411217551091,299.78128125000006,98.5513133671472,-0.29714416254396187,0.6543166540564639,1.0,0.9914795756340027,0.0,1.023047924041748,0.1414179801940918,0.1414179801940918,2.2711334228515625
226,2.065547229959273,0.984375,0.8098396220140986,0.7033379619842024,0.0,0.015625,0.0,63,0.005824197626955477,0.6685827970504761,1.5,0.96875,61,0.9682539682539683,64,0.96875,57,0.890625,0.8866835514662234,51.799375,43.342178067205786,-0.32382810709434046,0.7414719923037364,3.828125,3.0544776942015797,-0.19217164820828,0.9548505472223262,3.2041565625000015,2.1587835279549044,0.4235010848628674,1.0317604221076893,337.8048125,175.8092665042036,-0.044692633560025376,1.1672592386729104,1.0,0.9913442134857178,0.02484472095966339,1.0230478048324585,0.155680850148201,0.155680850148201,2.0231411457061768
227,2.062487484142599,0.96875,0.8387306676276268,0.690381887089252,0.0,0.03125,0.0,62,0.006479733946813107,0.6752161383628845,1.5,0.984375,61,0.9838709677419355,64,0.984375,51,0.796875,0.8964879742702062,50.718593750000004,38.32119044451726,-0.342317464630536,0.6555759468822407,3.5,2.1578345627040085,-0.2947457597829343,0.6745537925925987,2.7408496875000017,1.4371487296596708,0.20207003782859534,0.6868651537979338,310.18415625,112.91390752806693,-0.22807583529387893,0.749674942382195,1.0,0.9900006055831909,0.02826855145394802,1.0446386337280273,0.1852872371673584,0.1852872371673584,2.206463098526001
228,2.0282387429571065,0.984375,0.8019552112571777,0.6620684820087573,0.0,0.015625,0.0,63,0.00740786113858487,0.6682486534118652,1.5,0.96875,61,0.9682539682539683,64,0.96875,53,0.828125,0.8910626618892199,56.021718750000005,33.29622292555716,-0.2515947821412373,0.5696118157818695,3.984375,2.057700381341997,-0.14332683317273032,0.6432511649614714,2.818221250000002,1.8530521507927988,0.2390486949984305,0.8856403824336936,326.0015937500001,89.00403138196172,-0.12305833296805584,0.5909289082168171,1.0,0.9955331087112427,0.009836065582931042,1.023047924041748,0.18270063400268555,0.18270063400268555,2.190548896789551
229,1.9393790351504279,0.921875,0.8297498867041984,0.6739840760045284,0.0,0.078125,0.0,59,0.006546850392625314,0.669623613357544,1.5,0.984375,59,1.0,64,0.984375,56,0.875,0.8894597894859068,45.317968750000006,34.31785646622649,-0.43470811865411035,0.5870893097746683,3.328125,2.008222842309837,-0.348475056322039,0.6277841490098551,3.018612500000002,1.5352292466375357,0.33482289283222394,0.7337413663904435,314.0175156250001,122.44011829653108,-0.20262482105217344,0.8129227890408879,1.0,0.9916527271270752,0.006666666828095913,1.1014959812164307,0.16886773705482483,0.16886773705482483,2.251601219177246
230,2.0942385961291254,1.0,0.8173122040461749,0.6773364701469036,0.0,0.0,0.0,64,0.006073306525283709,0.6441248655319214,1.5,1.0,64,1.0,64,1.0,55,0.859375,0.8794265639072059,44.01593749999999,40.650131869356755,-0.456982488518086,0.6954180802322726,3.484375,2.2844049245646008,-0.2996302412864893,0.7141205504426033,3.2336696875000026,1.775887654966498,0.4376064705643069,0.8487606898871723,326.119,128.18990113341127,-0.12227883179206359,0.8510976092318979,1.0,0.9983404278755188,0.0,1.0,0.20188207924365997,0.20188207924365997,2.211024284362793
231,2.096790419211716,0.984375,0.82663941761804,0.7121670016077372,0.0,0.015625,0.0,63,0.004855236997119488,0.6638889312744141,1.5,0.96875,61,0.9682539682539683,64,0.96875,54,0.84375,0.8840526742293802,47.979062500000005,33.649083137525366,-0.3891837224998604,0.5756483366961415,3.40625,2.205948987964137,-0.32405264880426415,0.6895946898877843,2.8496862500000013,1.2868946995377832,0.25408695208221166,0.615053339628311,307.6920468750001,92.83396475435832,-0.2446218214616927,0.6163571760284272,1.0,0.9891178607940674,0.010791366919875145,1.023047924041748,0.16846363246440887,0.16846363246440887,2.289193868637085
232,2.096567798098074,0.96875,0.8632886811580148,0.7005576282073025,0.0,0.03125,0.0,62,0.005695178693005398,0.6273108124732971,1.5,0.9375,58,0.9354838709677419,64,0.9375,52,0.8125,0.882317531142664,44.249218750000004,45.45055570014682,-0.4529916527798264,0.777540852562706,3.4375,2.567069097239106,-0.3142836857971542,0.8024832975239659,3.2467893750000014,1.8908314399390842,0.4438768418811305,0.9036964657842211,321.14076562500003,116.49666763792843,-0.15533107176804273,0.7734621404141293,1.0,0.9901413917541504,0.014440433122217655,1.0446385145187378,0.15063728392124176,0.15063728392124176,2.147922992706299
233,2.056191689157833,0.96875,0.8364295898185622,0.6759713803384056,0.0,0.03125,0.0,62,0.007183481216255648,0.666430652141571,1.5,0.984375,61,0.9838709677419355,64,0.984375,57,0.890625,0.8920764253452678,55.25265625,36.880288571699595,-0.26475144222409913,0.6309258616766548,3.890625,1.7776141621215218,-0.17263372219406012,0.555694303701756,2.755216250000001,1.9365494435589403,0.20893633562885605,0.9255467467882779,322.22815625000004,84.7458405766212,-0.14811150491405542,0.5626572894540659,1.0,0.9863447546958923,0.020066889002919197,1.0446386337280273,0.16294991970062256,0.16294991970062256,2.1625566482543945
234,1.9928827310503054,0.953125,0.8187458259282542,0.6738248697291691,0.0,0.046875,0.0,61,0.00725184115077074,0.67095947265625,1.5,1.0,61,1.0,64,1.0,56,0.875,0.8831082157239896,50.8034375,42.53963395392106,-0.3408660086319594,0.7277425488579972,3.875,2.341874249399399,-0.1775182036976151,0.7320858531099547,2.853920312500002,1.5285375825461924,0.2561105630907547,0.7305431790418362,330.4169375000001,129.70690943802828,-0.09374332081549142,0.86116955819066,1.0,0.9902321100234985,0.016025641933083534,1.0648609399795532,0.21592319011688232,0.21592319011688232,2.2180862426757812
235,2.0752397233244,1.0,0.7975998136098497,0.705638676234682,0.0,0.0,0.0,64,0.0077533070978539585,0.675991952419281,1.5,1.0,64,1.0,64,1.0,53,0.828125,0.8844805795249286,50.698125000000005,47.04118115661399,-0.3426676317314817,0.8047523190558523,3.859375,2.530237065844819,-0.18240268520117006,0.7909693534546057,2.7767514062500016,1.5823139347357604,0.21922876264385402,0.7562448351440035,311.83456250000006,95.93326096838028,-0.2171182106977373,0.6369344880844706,1.0,0.9905322194099426,0.01413427572697401,1.0,0.2451135218143463,0.2451135218143463,2.2436139583587646
236,1.9384350013718354,0.921875,0.8262230229832358,0.6829985155803301,0.0,0.078125,0.0,59,0.008447358529757911,0.6998910903930664,1.5,1.0,59,1.0,64,1.0,56,0.875,0.8895925539051016,54.6778125,66.42818261261438,-0.27458552439493383,1.136413514579679,3.796875,3.401193207445734,-0.20194061121538995,1.063236179954271,3.027197968750002,1.8944244101946084,0.3389261976549563,0.9054136757126163,329.30289062500003,176.56546953300332,-0.10113986784065855,1.1722799351881181,1.0,0.981665849685669,0.02083333395421505,1.1014961004257202,0.20257635414600372,0.20257635414600372,2.3036048412323
237,2.15278855126469,0.984375,0.8650964257263002,0.7145601060541674,0.0,0.015625,0.0,63,0.006266101365490978,0.6606917381286621,1.5,0.984375,62,0.9841269841269841,64,0.984375,58,0.90625,0.8779056873926283,43.39609375,27.906512043405044,-0.4675864037047402,0.4774078739418028,3.21875,1.9880011160711153,-0.3826664268469238,0.6214626995517438,2.8116234375000015,1.6309370542289294,0.23589536270650005,0.7794835756859929,303.0223125,113.99210203355035,-0.2756258219888036,0.7568334529808488,1.0,0.9857247471809387,0.02500000037252903,1.0230478048324585,0.20897872745990753,0.20897872745990753,2.3288791179656982
238,2.1012043286202227,0.984375,0.8425602934190205,0.6869394958260984,0.0,0.015625,0.0,63,0.00871939871945028,0.6938413381576538,1.5,0.953125,60,0.9523809523809523,64,0.953125,50,0.78125,0.8890136348820735,49.496875,42.52670451004139,-0.3632178964037777,0.7275213596852248,3.78125,2.4778313981181204,-0.20682509271894492,0.7745869845142853,3.019285625000002,1.4751904291203777,0.3351446035202748,0.7050466524915316,327.39285937500006,126.4115807523518,-0.11382123365855831,0.8392907179605419,1.0,0.9900346994400024,0.027027027681469917,1.023047924041748,0.19135549664497375,0.19135549664497375,2.231736660003662
239,2.01609935085604,0.984375,0.7828351677883238,0.6803915927436021,0.0,0.015625,0.0,63,0.007073831757134509,0.6549345254898071,1.5,1.0,63,1.0,64,1.0,57,0.890625,0.8923948019443425,52.80828125,43.97277714516561,-0.30656834395841226,0.7522599031917115,3.859375,2.7718855693146858,-0.18240268520117006,0.8665103227704651,2.5629181250000013,1.7262494477722468,0.11703013380209211,0.8250368023624574,311.11610937500006,141.5738857262478,-0.22188827239235004,0.9399585662046681,1.0,0.9959790110588074,0.018292682245373726,1.0230478048324585,0.251304030418396,0.251304030418396,2.1452906131744385
240,2.049909427312002,0.96875,0.8198730991252007,0.6994631227667274,0.0,0.03125,0.0,62,0.0071949790030470485,0.6428729295730591,1.5,1.0,62,1.0,64,1.0,57,0.890625,0.8912538716663331,47.06390625,33.92424596698814,-0.404839666852831,0.5803556573816255,3.375,1.948557158514987,-0.3338216118113741,0.6091322495607092,2.873259687500002,1.6062929514354336,0.26535354713936915,0.7677052711124119,301.488640625,86.43589161416968,-0.28580840622217635,0.573878129667059,1.0,0.9872972369194031,0.010067113675177097,1.0446386337280273,0.19778665900230408,0.19778665900230408,2.252093553543091
241,2.027472224971318,0.953125,0.837037331042964,0.6847649737669625,0.0,0.046875,0.0,61,0.007453343628962961,0.6897774338722229,1.5,0.96875,59,0.9672131147540983,64,0.96875,57,0.890625,0.8905758955811192,43.97109375,31.69074056986064,-0.4577496485026005,0.5421461863656241,3.296875,1.8597688658473128,-0.35824401932914895,0.5813764240715905,2.9135085937500014,1.5437003639458224,0.28458994947620403,0.7377900185394626,309.22704687500004,101.68419518745131,-0.23443041934171377,0.6751169527047319,1.0,0.996468186378479,0.00657894741743803,1.0648609399795532,0.19586782157421112,0.19586782157421112,2.2020933628082275
242,2.013658558024273,0.984375,0.7797172048262188,0.7018359850251589,0.0,0.015625,0.0,63,0.00807748673373118,0.6959840059280396,1.5,0.96875,61,0.9682539682539683,64,0.96875,54,0.84375,0.8866588604232272,56.559375,47.416961887170444,-0.24239688142097585,0.8111809504578784,3.859375,2.743556015352156,-0.18240268520117006,0.857654311101093,2.8225771875000016,1.71219472664424,0.24113055446024143,0.8183195447885239,330.48229687500003,125.40137436144789,-0.09330937705462165,0.8325836042446627,1.0,0.9929465651512146,0.017667844891548157,1.0230478048324585,0.22959186136722565,0.22959186136722565,2.281883716583252
243,1.9790644746084372,0.953125,0.8136660842927265,0.679099449258365,0.0,0.046875,0.0,61,0.00898403842621511,0.6991113424301147,1.5,0.984375,60,0.9836065573770492,64,0.984375,53,0.828125,0.8888646674226035,57.035937499999996,44.36459535481073,-0.23424413594094176,0.7589628941691371,3.75,2.331844763272204,-0.21659405572605483,0.7289505673833341,2.9949129687500022,1.6194902461352245,0.32349603302918545,0.7740127337059566,343.4948437500001,157.5518920261094,-0.006914525062306716,1.046042140978251,1.0,0.9876646995544434,0.025477707386016846,1.0648608207702637,0.18018390238285065,0.18018390238285065,2.2853474617004395
244,2.098992305824706,1.0,0.8251363122835755,0.6768588584048653,0.0,0.0,0.0,64,0.008111726851986124,0.6804301738739014,1.5,0.984375,63,0.984375,64,0.984375,54,0.84375,0.8813000623092108,57.045625,42.86810880753167,-0.23407840800003607,0.7333618996841297,3.890625,2.271543992392619,-0.17263372219406012,0.7101001353826021,2.715555312500002,1.5749980378310895,0.18998094474028873,0.7527483044447859,330.16460937500005,119.18288817226156,-0.09541861553083705,0.79129689849122,1.0,0.9909236431121826,0.022082019597291946,1.0,0.19768062233924866,0.19768062233924866,2.1933488845825195
245,2.1137165850811748,0.984375,0.8483850963058925,0.7198412353873809,0.0,0.015625,0.0,63,0.007446639071707373,0.6961721777915955,1.5,0.953125,60,0.9523809523809523,64,0.953125,51,0.796875,0.881131665214915,49.33625000000001,38.131060030669225,-0.36596577258524493,0.652323309773537,3.703125,2.191458471971349,-0.23124750023671975,0.685064855817785,3.109364062500002,1.546667752933626,0.37819633404086384,0.7392082406423124,326.8778750000001,112.48651965784342,-0.11724039512509314,0.7468373647622281,1.0,0.9923094511032104,0.039603959769010544,1.023047924041748,0.15531431138515472,0.15531431138515472,2.134597063064575
246,1.9515231119880927,0.984375,0.7476373831667598,0.6731236355424695,0.0,0.015625,0.0,63,0.00793955483837015,0.7055661678314209,1.5,1.0,63,1.0,64,1.0,53,0.828125,0.8951575297539447,81.27765625,203.03514025241876,0.18046865192491607,3.473403429730658,5.421875,13.120600080955711,0.30604546515432685,4.10158901830208,3.692235937499995,8.208255928230212,0.6567718021214485,3.9230212254313894,456.6904062500007,1083.2369780245754,0.7446304232339389,7.1919893382928,1.0,0.9645895957946777,0.029891304671764374,1.023047924041748,0.24828270077705383,0.24828270077705383,3.067396640777588
247,2.0878069253589526,0.96875,0.8431520341865478,0.7133224861091078,0.0,0.03125,0.0,62,0.006728071025068805,0.6353352665901184,1.5,0.96875,60,0.967741935483871,64,0.96875,54,0.84375,0.8890969850527647,40.134375,24.776214076899947,-0.5233859321951382,0.42385661340916614,3.015625,1.6535207465813666,-0.4461646863931384,0.5169018561549497,2.9446931250000015,1.1861189654194633,0.29949416043996424,0.5668889856642845,284.85117187500003,86.31375217548532,-0.39627038295822614,0.5730672031951758,1.0,0.9888303875923157,0.009900989942252636,1.0446385145187378,0.13924381136894226,0.13924381136894226,2.0712289810180664
248,2.074205416202118,0.984375,0.8236901861807656,0.6992202901319574,0.0,0.015625,0.0,63,0.008824680305893026,0.6661511659622192,1.5,1.0,63,1.0,64,1.0,54,0.84375,0.8898109920869616,44.41640625,31.428451747937903,-0.45013150928355217,0.5376591064812561,3.265625,1.6605927734923454,-0.3680129823362589,0.5191126199718661,3.2786370312500024,1.7618384524620883,0.4590979841726739,0.8420460698622743,322.27992187500007,100.47550034434782,-0.14776781481609622,0.6670920047005542,1.0,0.9871659874916077,0.019801979884505272,1.023047924041748,0.18333449959754944,0.18333449959754944,2.214779853820801
249,2.031549506539381,1.0,0.7691115064662881,0.6901987552475619,0.0,0.0,0.0,64,0.007573145935792091,0.7020518779754639,1.5,0.984375,63,0.984375,64,0.984375,58,0.90625,0.8988499527744316,56.35296875,44.19237348229922,-0.24592795577478738,0.7560166256467895,3.890625,2.693262354352988,-0.17263372219406012,0.8419321698597171,2.5950246875000014,1.6560808789078756,0.13237501671807803,0.7915007153520193,317.690703125,120.94228168075153,-0.17823724393518314,0.802978127632785,1.0,0.9910659790039062,0.016447369009256363,1.0,0.23653440177440643,0.23653440177440643,2.2671031951904297
