step,reward_mean,valid_frac,c_mean,qed_mean,tox_mean,undersized_frac,alerts_mean,n_rankable,d_var,d_loss,w_C,unique,n_valid,unique_smiles_frac,n_scaffolds,scaffold_frac,tanimoto_dist,tpsa_mean,tpsa_sd,tpsa_drift_sd,tpsa_spread_ratio,hba_mean,hba_sd,hba_drift_sd,hba_spread_ratio,logp_mean,logp_sd,logp_drift_sd,logp_spread_ratio,mw_mean,mw_sd,mw_drift_sd,mw_spread_ratio,rdkit_valid_frac,ratio_mean,clip_frac,adv_std,kl
0,1.2643369523522803,0.984375,0.7074833698422899,0.6199023015501886,0.0,0.015625,0.0,63,0.0002655712758837471,0.68936687707901,0.2,0.96875,64,0.96875,55,0.859375,0.8959905579852304,64.84265625,49.99522693599695,-0.10069147285276173,0.8552883628605549,4.09375,2.5044881587861423,-0.10913546264784553,0.7829200695976545,2.703581875000002,1.8964900753455025,0.18425840759420295,0.906400931507568,341.8497187500001,123.91300028705491,-0.017837085591707855,0.8227017679599131,1.0,0.9896638989448547,0.07033639401197433,1.0230478048324585,0.006216050125658512
1,1.2845690997076067,0.984375,0.7287452498096085,0.6009876457913652,0.0,0.015625,0.0,63,0.0001972673554605992,0.7337684035301208,0.21300000000000002,0.96875,64,0.96875,56,0.875,0.8927336742662896,100.77531250000006,307.3225156135286,0.5140228633105128,5.25748931164524,6.421875,18.097655828431897,0.6186522813818448,5.65745056970748,3.4918317187499954,7.076724115705907,0.5609914060548075,3.3822214067370417,495.59154687500086,1305.6864931855343,1.0029087079474457,8.668909507934318,1.0,0.9828939437866211,0.04485488310456276,1.023047924041748,0.004733670502901077
2,1.3233235794484233,0.96875,0.7482261669431483,0.640020648997089,0.0,0.03125,0.0,62,0.00017580999059005494,0.718434751033783,0.226,1.0,64,1.0,54,0.84375,0.8888779900687471,56.938750000000006,41.953216708465874,-0.23590676141260758,0.7177104742669438,4.109375,2.4310310794753325,-0.10425098114429056,0.75995688590493,2.7172168750000014,1.748749375794096,0.19077506531984573,0.8357903285648773,334.64651562500006,132.38707732016286,-0.06566167164953554,0.8789641305918889,1.0,0.9953648447990417,0.0,1.0446385145187378,0.004038782324641943
3,1.3576472142245555,0.96875,0.7675360501894066,0.6677686655798559,0.0,0.03125,0.0,62,0.0001893615367911999,0.7123672962188721,0.23900000000000002,1.0,64,1.0,51,0.796875,0.8981091142478894,62.38234375,44.4009952641192,-0.14278102378017776,0.7595856019904371,3.890625,2.640532542760077,-0.17263372219406012,0.8254484713373803,2.6511340625000015,1.8050105742303837,0.15919170847273556,0.8626795822094518,322.68554687500006,126.02954714531855,-0.14507472850670444,0.8367542631640454,1.0,0.9990116953849792,0.0,1.0446386337280273,0.004636221565306187
4,1.3281895370809151,0.953125,0.7123988854591964,0.6708373610012751,0.0,0.046875,0.0,61,0.0002319904638937685,0.7018624544143677,0.252,1.0,64,1.0,55,0.859375,0.8955875432233079,68.86578125,66.29761863664221,-0.031866262813443624,1.1341799043712333,4.703125,4.432407949904318,0.08135931599079826,1.385600937441129,2.447236406250002,1.7087481638727962,0.06174167276741273,0.8166723082713663,341.6229218750001,201.68842172638043,-0.01934286940452841,1.3390800057051984,1.0,0.9870948195457458,0.01886792480945587,1.0648608207702637,0.006598870735615492
5,1.3416174061112458,0.984375,0.669481482741142,0.641340183936472,0.0,0.015625,0.0,63,0.00015474907426913428,0.6969406008720398,0.265,0.96875,64,0.96875,50,0.78125,0.888926508164918,65.04921875,56.62130869051994,-0.09715772546764544,0.9686433961972617,4.25,3.142451272494134,-0.06029064761229584,0.9823516874445039,2.5730643750000017,1.7427758758567793,0.12187939221417932,0.8329353777386476,348.35184375000006,148.1970954384122,0.02533279747628505,0.9839323730461135,1.0,0.9893186688423157,0.014836795628070831,1.0230478048324585,0.010815903544425964
6,1.2439010486878397,0.90625,0.6403322735929797,0.6409188291000075,0.0,0.09375,0.0,58,0.00016077517690467314,0.7120010256767273,0.278,1.0,64,1.0,54,0.84375,0.906646451194125,62.33046875000001,46.59632460793205,-0.14366847017341405,0.7971419799785427,3.875,2.6368778887161235,-0.1775182036976151,0.824306001572287,2.2479621875000015,2.0068788186980715,-0.033498655588925945,0.9591596889107619,301.3961562500001,134.58744376301638,-0.2864224423494982,0.8935731333478683,1.0,0.989500880241394,0.0,1.1180340051651,0.010348554700613022
7,1.3392832064049216,0.984375,0.6725910453805848,0.6417883495477316,0.0,0.015625,0.0,63,0.00022000257360495212,0.6752983331680298,0.29100000000000004,0.984375,64,0.984375,54,0.84375,0.8933641188258727,103.02984375000003,272.7902265964419,0.5525920320093364,4.666731618374603,6.203125,15.639672798187787,0.5502695403320753,4.889068320281602,3.4806351562499964,6.500599706780144,0.5556401654595552,3.106870795783054,486.5668437500006,1108.1857912075895,0.9429905460189051,7.357633238986178,1.0,0.9822656512260437,0.0,1.0230478048324585,0.012697373516857624
8,1.3345331109514786,0.984375,0.6531895565992546,0.6288512958314385,0.0,0.015625,0.0,63,0.00017982516051996147,0.6972880363464355,0.30400000000000005,0.984375,64,0.984375,51,0.796875,0.8947956808448552,73.57218750000001,76.81845165040001,0.04864811312233043,1.3141640067693625,4.734375,5.178809550405865,0.0911282789979082,1.6189311654010414,2.2913865625000014,2.131070078690091,-0.012744582334435947,1.0185151662766836,345.3132343750001,205.80344071989708,0.005158406579761851,1.366401056711244,1.0,0.9906969666481018,0.0058823530562222,1.0230478048324585,0.020207583904266357
9,1.3800291908771987,1.0,0.6988907485501841,0.63183061821231,0.0,0.0,0.0,64,0.00026288716813335056,0.7089373469352722,0.317,1.0,64,1.0,57,0.890625,0.8887927225367389,64.35140625,53.796551552678174,-0.1090954832754594,0.9203191449443121,4.421875,3.1114942526662333,-0.0065613510731911805,0.9726743120362117,2.956264375000002,1.8888314439702831,0.3050244776902651,0.9027405956572433,362.70165625000004,157.24766726819226,0.12060622388267132,1.0440222863575428,1.0,0.9937827587127686,0.008356546051800251,1.0,0.015251128003001213
10,1.3358698778402665,0.9375,0.7567048136765758,0.6739070156224761,0.0,0.0625,0.0,60,0.0002656425922601955,0.6903548240661621,0.33,1.0,64,1.0,56,0.875,0.8971739306238975,59.556093749999995,65.5136647391497,-0.19113081402373797,1.1207684911896731,3.71875,2.724132602774689,-0.22636301873316478,0.8515824199349775,2.475511875000001,1.7867786932589027,0.0752555379581616,0.8539659094565507,315.27335937500004,160.6400229841718,-0.1942868349569865,1.066545322993085,1.0,0.9927564263343811,0.00615384615957737,1.0837910175323486,0.02240397222340107
11,1.3344856235273757,0.953125,0.7437797682207139,0.63706498074759,0.0,0.046875,0.0,61,0.00021989462710119909,0.7054349184036255,0.343,0.984375,64,0.984375,52,0.8125,0.8923582717319771,62.229062500000005,38.45144705171827,-0.1454032674903132,0.6578042988100625,4.03125,2.358288243090738,-0.1286733886620654,0.7372169794193827,2.5210515625000016,1.7621285568376006,0.0970205952643773,0.8421847211948688,332.411125,155.31797424753967,-0.08050321220628268,1.0312103791643261,1.0,0.99172443151474,0.0,1.0648607015609741,0.016519073396921158
12,1.314007599896235,0.953125,0.6934783929561983,0.6432278930102563,0.0,0.046875,0.0,61,0.00022467178718219168,0.6763288974761963,0.356,0.96875,64,0.96875,53,0.828125,0.8964172793942424,66.83109375000001,55.07467660814007,-0.06667447646623209,0.9421845419674422,4.40625,3.175682751393785,-0.01144583257674615,0.9927400742618557,2.7369950000000016,1.983109182240732,0.20022774380022607,0.9477993233034683,360.3606718750001,166.37847155272362,0.10506360947080651,1.1046448910106292,1.0,0.9905390739440918,0.0066225165501236916,1.0648607015609741,0.022642994299530983
13,1.4065871074158536,0.953125,0.8185114125858565,0.6788829614810991,0.0,0.046875,0.0,61,0.00018511479755677226,0.7128027081489563,0.369,1.0,64,1.0,55,0.859375,0.8939723393942249,54.9371875,33.90375382372642,-0.2701482924287513,0.5800050900827861,3.859375,1.8697191257980434,-0.18240268520117006,0.5844869431554246,2.6262996875000018,1.8678205675314905,0.1473224659567645,0.8926987408521543,314.18893750000007,119.26371695334403,-0.2014866912409126,0.7918335490520533,1.0,0.9909598231315613,0.006734006572514772,1.0648608207702637,0.023707522079348564
14,1.433404762041114,0.984375,0.7327540560019394,0.6683912665400917,0.0,0.015625,0.0,63,0.00022651350896245813,0.7003812193870544,0.382,1.0,64,1.0,56,0.875,0.8891850895909192,56.31875000000001,41.49642377286867,-0.24651334963056679,0.7098959346399238,3.734375,2.130450271509523,-0.2214785372296098,0.6659932765076433,2.4764768750000012,1.5196870024704887,0.07571674622403969,0.726313167965433,316.51759375000006,97.14943166646022,-0.18602592756472194,0.645009070905753,1.0,0.9968461990356445,0.0,1.0230478048324585,0.024041304364800453
15,1.391281745618379,0.953125,0.7877068586158947,0.6453754230315126,0.0,0.046875,0.0,61,0.00020937195586025865,0.6956947445869446,0.395,1.0,64,1.0,53,0.828125,0.8977896546611885,59.86125,46.06103846053083,-0.1859103838852111,0.7879846255523129,4.03125,2.4746764308692963,-0.1286733886620654,0.7736007202473283,2.6254796875000013,2.3681234345349607,0.1469305584147747,1.1318115053127003,329.75253125000006,101.70914278838967,-0.09815454639515103,0.6752825885569088,1.0,0.9905625581741333,0.009677419438958168,1.0648609399795532,0.03540922328829765
16,1.3251906796083155,0.9375,0.7053828883450478,0.6021451653561752,0.0,0.0625,0.0,60,0.00023121945706677718,0.7069212794303894,0.40800000000000003,0.984375,64,0.984375,56,0.875,0.8989314367992416,64.05421875,55.42216816752705,-0.1141795888174347,0.9481292191926587,4.171875,2.869857833477993,-0.08471305513007069,0.8971371203491579,2.4870218750000017,1.9149750534234091,0.08075658162681998,0.9152355684859129,327.464375,154.93772234882192,-0.1133464163997725,1.0286857537527834,1.0,0.9935683608055115,0.0,1.0837910175323486,0.037410613149404526
17,1.3521490674748882,0.9375,0.7070614623837173,0.6425088855970263,0.0,0.0625,0.0,60,0.00018871554830247796,0.6850780248641968,0.42100000000000004,1.0,64,1.0,54,0.84375,0.8975226254276354,69.88046875,64.68245437881724,-0.01450759751923297,1.1065486427791118,4.328125,3.5621915984931243,-0.03586824009452099,1.1135653743973488,2.518205625000002,2.1449675913153947,0.09566041920305939,1.0251572882434534,343.64614062500004,218.2459961507647,-0.005910012168091222,1.4490115360572389,1.0,0.9901507496833801,0.0033333334140479565,1.0837911367416382,0.04053632915019989
18,1.3854851828202912,0.9375,0.7487296207187076,0.6568370450176801,0.0,0.0625,0.0,60,0.00025987730253262064,0.6894252300262451,0.434,1.0,64,1.0,52,0.8125,0.8915452363172035,58.669687499999995,49.303216171993725,-0.2062949206166016,0.8434498576731716,3.8125,2.6272311946229627,-0.19705612971183498,0.8212903792447032,2.5390456250000017,1.6392230442669673,0.10562060600191527,0.7834437488430139,322.0794531250001,127.88123008490754,-0.149098796994428,0.8490482341321605,1.0,0.9950382709503174,0.003484320593997836,1.0837910175323486,0.040406566113233566
19,1.3581879765212932,0.921875,0.727043237095162,0.6616692189721777,0.0,0.078125,0.0,59,0.00022185566906996238,0.682372510433197,0.44700000000000006,1.0,64,1.0,57,0.890625,0.9002471646391094,56.9165625,47.00399933844559,-0.23628633185790768,0.8041162348066471,3.78125,2.533949178160446,-0.20682509271894492,0.7921297850670729,2.7195775000000015,1.7910806561071602,0.19190329305314952,0.8560219724877591,320.78432812500006,108.75921874317932,-0.1576975850534758,0.7220905097501708,1.0,0.9924713969230652,0.0,1.1014959812164307,0.056340593844652176
20,1.4768845048561947,0.984375,0.7554651811896336,0.6622733233776049,0.0,0.015625,0.0,63,0.00024590030764194844,0.6946736574172974,0.46,0.984375,64,0.984375,56,0.875,0.8945787304198587,54.25015625,38.28361682447318,-0.28190161107652517,0.6549331599214896,3.65625,2.1155580676266013,-0.24590094474738466,0.661337872065192,2.3840551562500014,1.5299919000796554,0.031545077173112085,0.731238249785509,309.91253125000003,111.38055366175479,-0.22987924871462098,0.7394944695197769,1.0,0.9908843636512756,0.003401360474526882,1.0230478048324585,0.05804580822587013
21,1.2966022270510056,0.890625,0.6836239146558862,0.6549355249198979,0.0,0.109375,0.0,57,0.0002138475242507848,0.6992548704147339,0.47300000000000003,0.953125,64,0.953125,52,0.8125,0.9056765213490774,60.07140625,62.02998644474269,-0.1823151567800812,1.0611718119112574,3.796875,2.8514233698935345,-0.20194061121538995,0.8913743813791583,2.307570312500001,2.085767255948614,-0.005009785160444432,0.9968633151720495,300.418921875,129.67712165440764,-0.29291064331437916,0.8609717866720015,1.0,0.9895921349525452,0.0065146577544510365,1.1334558725357056,0.057537682354450226
22,1.2790563676899875,0.875,0.6568759429667678,0.6755167734471351,0.0,0.125,0.0,56,0.00022040678756222814,0.6944203972816467,0.48600000000000004,0.984375,64,0.984375,48,0.75,0.9064971702663864,59.925625,39.02918979250498,-0.18480909498758027,0.6676879751769009,3.5625,2.235194342780958,-0.2752078337687145,0.6987369871465149,1.9720506250000007,1.8610550087684443,-0.16536673152291076,0.8894652365777503,284.30914062500005,117.04771216218674,-0.3998691180920012,0.777120717829588,1.0,0.9933980703353882,0.0,1.1478067636489868,0.07977838814258575
23,1.5312264544285408,1.0,0.7732052106875926,0.6765737740752951,0.0,0.0,0.0,64,0.0002346661439999486,0.692481517791748,0.49900000000000005,1.0,64,1.0,55,0.859375,0.8906829587621166,48.5565625,34.365896258989,-0.379304198796842,0.587911145742262,3.28125,1.6150536949278187,-0.3631285008327039,0.5048767936078745,2.5568821875000016,1.6512786619772781,0.11414534181522952,0.7892055628722986,295.74137500000006,97.70158997802638,-0.3239665137627026,0.6486750431448797,1.0,0.9975055456161499,0.0,0.9999999403953552,0.051662422716617584
24,1.3870022057992704,0.953125,0.690939392070057,0.6267298803728522,0.0,0.046875,0.0,61,0.00023212880741280053,0.6947514414787292,0.512,0.984375,64,0.984375,52,0.8125,0.8994343540634022,66.4940625,52.85313013196185,-0.07244020499096464,0.9041796569998924,4.203125,3.143344593641461,-0.07494409212296074,0.9826309457242384,2.654423125000002,2.054243361895138,0.1607636699359369,0.9817969104983466,346.5720312500001,157.47904968707041,0.013515999505167985,1.0455585152007225,1.0,0.9890273213386536,0.010033444501459599,1.0648608207702637,0.08583085983991623
25,1.4526353597359247,0.921875,0.7875986988261595,0.7119929653446747,0.0,0.078125,0.0,59,0.0002956850765791876,0.6927477717399597,0.525,0.96875,64,0.96875,52,0.8125,0.8851036578789578,43.421406250000004,28.875015847787186,-0.46715337263334156,0.4939764562653646,3.21875,1.6720940277089682,-0.3826664268469238,0.5227079904351478,2.838891250000002,1.587400791710601,0.2489276326727277,0.7586760273555426,297.12382812500005,109.7210488757392,-0.31478792372433345,0.7284764365593113,1.0,0.9923525452613831,0.0034602077212184668,1.1014959812164307,0.05897332727909088
26,1.4915568589337358,0.9375,0.7887252633770306,0.7291481226084447,0.0,0.0625,0.0,60,0.00023763263179141843,0.6997796893119812,0.538,0.953125,64,0.953125,48,0.75,0.891851421563613,46.396093750000006,33.33137512245348,-0.41626420265009856,0.5702131784874113,3.203125,1.778163444224124,-0.38755090835047873,0.5558660130310612,2.7621243750000017,1.348442798251325,0.2122379774441082,0.6444693933855713,286.81978125,99.12241760278505,-0.38320009647106945,0.6581084149149712,1.0,0.9919726252555847,0.003496503457427025,1.0837911367416382,0.08537300676107407
27,1.4845428042927198,0.953125,0.7482361058231259,0.6938988752806876,0.0,0.046875,0.0,61,0.0001902881829884213,0.6950870156288147,0.551,0.96875,64,0.96875,52,0.8125,0.8890818551652082,54.44546875,54.40498767719072,-0.27856032194536356,0.930727905314692,3.5,2.598076211353316,-0.2947457597829343,0.8121763327476123,2.822014531250001,1.9227891050298924,0.2408616407676527,0.9189701852640546,308.05109375000006,203.72126493237633,-0.24223798362257426,1.352576763072737,1.0,0.9883131384849548,0.01858736015856266,1.0648608207702637,0.09749512374401093
28,1.536772310685456,0.984375,0.7539000505256275,0.6849362257025972,0.0,0.015625,0.0,63,0.00019257061279306844,0.7037432193756104,0.5640000000000001,0.953125,64,0.953125,56,0.875,0.884486661619944,50.18265625000001,42.55518286010337,-0.35148596200644316,0.7280085502210866,3.453125,2.2355765999792983,-0.30939920429359924,0.698856483352268,2.739147187500002,1.6248198249281653,0.2012563517429405,0.7765599314188603,313.09675000000004,90.76035979693317,-0.20873810622652492,0.6025897871299895,1.0,0.9986349940299988,0.0,1.0230478048324585,0.10055845230817795
29,1.5366947449555755,0.96875,0.7796435082151044,0.7030970641214239,0.0,0.03125,0.0,62,0.00026578158186918444,0.6809128522872925,0.577,0.984375,64,0.984375,51,0.796875,0.8979099190667557,49.349375,34.180050142361914,-0.36574123795563096,0.5847318018213421,3.5,2.023301757029831,-0.2947457597829343,0.6324979205326386,2.5845940625000012,1.4968115963844617,0.12738984524836502,0.7153801872688631,306.217375,124.24478966810597,-0.25441268405006356,0.8249046337588904,1.0,0.9933714866638184,0.0033783784601837397,1.0446385145187378,0.09967651218175888
30,1.461325023513192,0.90625,0.7924009364355227,0.7071048047564109,0.0,0.09375,0.0,58,0.00021762786563340824,0.6931470632553101,0.5900000000000001,0.953125,64,0.953125,48,0.75,0.8967100719196839,41.78484375,33.564919186191794,-0.49515070252117055,0.5742085102855099,2.90625,1.7204537010626004,-0.4803560569180232,0.5378255539560295,2.9795840625000016,1.6484030831845262,0.31616979648061744,0.787831220169293,286.27081250000003,117.80062553896352,-0.3868448920948818,0.782119573193916,1.0,0.9880164265632629,0.01123595517128706,1.1180338859558105,0.09339085221290588
31,1.5578493550914714,0.984375,0.786305403129922,0.6832500778026226,0.0,0.015625,0.0,63,0.00020521615932914106,0.7103726267814636,0.603,0.921875,64,0.921875,48,0.75,0.8847403227668569,59.43171875,61.60749527134176,-0.19325854694246153,1.0539440862628928,4.078125,3.0634166357802197,-0.1140199441514005,0.9576449212896686,2.948894687500002,1.5428698469025683,0.3015022385276357,0.7373930845236063,355.72800000000007,173.19346694285986,0.07430567984993158,1.1498920300768718,1.0,0.996074378490448,0.0035714285913854837,1.023047924041748,0.10389262437820435
32,1.5585711835817218,0.96875,0.7824394630808984,0.7061152529906122,0.0,0.03125,0.0,62,0.0002957593108714859,0.7018643617630005,0.6160000000000001,0.984375,64,0.984375,54,0.84375,0.888042057771627,53.47625000000001,50.26067733265738,-0.29514113512983964,0.8598295290697018,3.703125,2.6497622977118156,-0.23124750023671975,0.8283337556474034,2.963812500000002,1.8597482584092542,0.3086319985626795,0.888840693503038,330.4566093750001,137.54911408084587,-0.09347992535557047,0.9132366989216837,1.0,0.9944692850112915,0.003597122384235263,1.0446385145187378,0.1132662370800972
33,1.5284469492878532,0.96875,0.7768341730078382,0.6387336017995419,0.0,0.03125,0.0,62,0.00029246132591285285,0.6877673864364624,0.629,0.96875,64,0.96875,56,0.875,0.8875776120404633,89.09687500000001,297.4613227582862,0.31423515751749037,5.0887899375267915,6.046875,18.720334605299527,0.5014247252965256,5.852104199676515,3.9474232812500025,9.648240790733091,0.7787350272871852,4.61124186929193,497.21743750000104,1418.139081576788,1.013703564730821,9.415521591144586,1.0,0.975620448589325,0.007731958758085966,1.0446385145187378,0.11198946088552475
34,1.55208581426793,0.953125,0.7948976749645882,0.7023539956938127,0.0,0.046875,0.0,61,0.00023639773121457406,0.6936944723129272,0.6420000000000001,0.984375,64,0.984375,56,0.875,0.8934672704534147,45.69171875000001,31.93009300383258,-0.4283142277727196,0.5462408842786993,3.34375,1.7430105959230426,-0.34359057481848404,0.5448769930423313,2.890269218750002,1.8780407357746753,0.2734830149230055,0.8975833274556982,307.691765625,99.43229386995937,-0.24462368877885676,0.6601657918831871,1.0,0.9910915493965149,0.003484320593997836,1.0648607015609741,0.11074284464120865
35,1.5575373086725888,0.984375,0.7467595654584113,0.681354804581173,0.0,0.015625,0.0,63,0.0003825097852603451,0.6913470029830933,0.655,0.984375,64,0.984375,53,0.828125,0.8835689190775032,58.63703125,60.539825958818405,-0.20685358415933172,1.0356790398904945,4.203125,2.7282073298001017,-0.07494409212296074,0.852856207377388,2.5769775000000017,1.9402770111491192,0.12374961562911564,0.927328285632018,336.7718906250001,143.5691117919255,-0.05155056332331348,0.9532055702148216,1.0,0.9934173226356506,0.006410256493836641,1.023047924041748,0.17586186528205872
36,1.5709107732691179,0.953125,0.812587247581267,0.7030031441949322,0.0,0.046875,0.0,61,0.00023665789922944127,0.7039740085601807,0.6679999999999999,0.984375,64,0.984375,51,0.796875,0.8879783758802229,49.42453125,43.027940955909955,-0.36445550989796,0.7360962122354848,3.5,2.4109126902482387,-0.2947457597829343,0.7536677403010222,2.773245937500002,1.6494269040589524,0.21755337283734968,0.788320541050188,306.7137187500001,98.68895514593267,-0.25111728421554275,0.6552305059887843,1.0,0.9907695055007935,0.017985612154006958,1.0648607015609741,0.14304471015930176
37,1.545770952542814,0.953125,0.7969519062059336,0.6733009583163363,0.0,0.046875,0.0,61,0.00028973593421224766,0.6903788447380066,0.681,0.96875,64,0.96875,50,0.78125,0.8880011977084558,50.2534375,36.41019960201528,-0.35027507882531045,0.6228838614714189,3.703125,1.8597688658473128,-0.23124750023671975,0.5813764240715905,2.759970625000002,1.520271723479758,0.21120862272635227,0.7265926272013993,315.9284375000001,118.85825425005669,-0.1899375420632553,0.7891415402873269,1.0,0.9924945831298828,0.003496503457427025,1.0648607015609741,0.225868359208107
38,1.6586501121885386,0.984375,0.8340795187959595,0.7073462779276087,0.0,0.015625,0.0,63,0.0003452017904581571,0.693442165851593,0.6940000000000001,0.984375,64,0.984375,55,0.859375,0.8779232039123948,45.1640625,42.77800539992595,-0.43734105448946575,0.73182046461718,3.375,1.875,-0.3338216118113741,0.5861377804265963,3.185685000000002,1.4394134687043547,0.41467285967252493,0.6879475541787262,316.535,83.53881544733416,-0.18591036138025907,0.5546434272641739,1.0,0.9938300251960754,0.018115941435098648,1.0230478048324585,0.12782081961631775
39,1.6015658198014187,0.9375,0.8434219726671776,0.7281473685418917,0.0,0.0625,0.0,60,0.0003733501351888006,0.7005734443664551,0.7070000000000001,0.96875,64,0.96875,55,0.859375,0.8785001450457554,39.278281250000006,27.598459510603096,-0.5380314707148454,0.47213789593385175,3.09375,1.5177980555726114,-0.42174227887536353,0.4744740178288715,2.8792587500000018,1.7507075768631217,0.268220715235243,0.8367262234035153,297.709671875,105.18306581563748,-0.31089830207239444,0.6983471791136109,1.0,0.994602620601654,0.0034722222480922937,1.0837910175323486,0.16902025043964386
40,1.6026661504995041,0.953125,0.8398338831716874,0.6839168200229077,0.0,0.046875,0.0,61,0.0004826817226483441,0.7111837267875671,0.72,0.890625,64,0.890625,47,0.734375,0.8779400848958109,48.65031250000001,78.52336660528093,-0.37770038001388423,1.3433306694678504,3.625,3.822221212855164,-0.2556699077544946,1.1948524042679352,2.940995312500002,2.091857336318442,0.29772684262580207,0.9997739839869983,330.03757812500004,227.37300302969987,-0.09626202044976458,1.5096089284058016,1.0,0.9918739795684814,0.024561403319239616,1.0648607015609741,0.22264638543128967
41,1.6682236258245788,1.0,0.7635510604595765,0.7316504958929854,0.0,0.0,0.0,64,0.00041120855331740696,0.684674859046936,0.7330000000000001,0.875,64,0.875,52,0.8125,0.8659999286946554,49.9015625,39.57230854787971,-0.35629474532401106,0.6769793251635304,3.78125,1.7090636142344147,-0.20682509271894492,0.5342649351761154,2.8108790625000015,1.4848725149841568,0.23553959907653851,0.7096740701405625,317.60965625000006,72.98788843581752,-0.17877534249784918,0.4845921309039683,1.0,0.9961583614349365,0.010067113675177097,0.9999999403953552,0.22430986166000366
42,1.7229719442827824,0.984375,0.8593285869038294,0.7250877256942028,0.0,0.015625,0.0,63,0.0004112195908939593,0.6788881421089172,0.746,0.96875,64,0.96875,49,0.765625,0.8869842521648255,41.089375000000004,27.07680833498245,-0.5070483648594105,0.4632138004286541,2.984375,1.494700926397987,-0.45593364940024833,0.46725369781359644,3.022189843750002,1.3881623788770778,0.3365326342906558,0.6634528119366616,296.20898437500006,84.25255264428426,-0.3208618914984048,0.5593821782622882,1.0,0.997846245765686,0.003484320593997836,1.0230478048324585,0.1513964682817459
43,1.697226405718107,0.96875,0.8437598042430416,0.7439317237473544,0.0,0.03125,0.0,62,0.0004705323980290742,0.6916340589523315,0.7590000000000001,0.9375,64,0.9375,53,0.828125,0.8779476855514223,36.82234375,32.15045323077633,-0.5800461767657233,0.5500106749025838,3.140625,1.8016241587453805,-0.4070888343646986,0.5631999923039739,3.039899062500002,1.5524259844732937,0.3449965079380553,0.7419603069458708,292.59153125000006,86.71114924906014,-0.34487942859746024,0.5757056614219536,1.0,0.9957724809646606,0.003496503457427025,1.0446385145187378,0.23007361590862274
44,1.7314800638396939,0.96875,0.8758346125964196,0.7530314665525095,0.0,0.03125,0.0,62,0.0004598301689598853,0.6873666048049927,0.772,0.921875,64,0.921875,52,0.8125,0.8591198901720165,40.6453125,32.74662406115085,-0.5146451198280195,0.5602096079757151,3.375,1.6817030058842137,-0.3338216118113741,0.525711822509711,2.857983593750002,1.633418089580834,0.25805255158721774,0.7806693518644735,297.82525000000004,75.93675176833027,-0.3101309384579656,0.5041706664209058,1.0,0.9973004460334778,0.0,1.0446385145187378,0.23093734681606293
45,1.7843194116958496,1.0,0.8717494223965332,0.7351488389439889,0.0,0.0,0.0,64,0.0005339992866672935,0.685355544090271,0.7850000000000001,0.921875,64,0.921875,48,0.75,0.8462349611403875,43.891562500000006,72.3683178309652,-0.4591102214368094,1.2380337859023314,3.421875,3.1365022691487088,-0.3191681673007092,0.9804919884489637,3.1307146875000025,1.4445301382034337,0.38840056692341335,0.6903929948696492,321.74259375,177.83218674908088,-0.15133532425730134,1.1806901140293866,1.0,0.993260383605957,0.006410256493836641,0.9999999403953552,0.25933754444122314
46,1.717765830596696,0.984375,0.8331600815530807,0.7052472846642629,0.0,0.015625,0.0,63,0.0005318880434548832,0.6723385453224182,0.798,0.9375,64,0.9375,56,0.875,0.8615322825546056,44.28546875,41.07091195913811,-0.45237150951708294,0.7026165336881222,3.390625,2.1477982003379648,-0.3289371303078191,0.671416357306844,3.203035000000002,1.825971470803283,0.4229650497377913,0.8726975498360151,318.946703125,109.4966827836122,-0.16989822044157174,0.7269867915645526,1.0,0.9942229390144348,0.017241379246115685,1.023047924041748,0.20512092113494873
47,1.7437651155546403,0.96875,0.874443213906019,0.716376127330567,0.0,0.03125,0.0,62,0.000769086389991804,0.6911094188690186,0.8109999999999999,0.84375,64,0.84375,43,0.671875,0.8475865781054748,35.186718750000004,29.466985024275875,-0.6080274684657226,0.5041035099633323,3.265625,1.563671435876156,-0.3680129823362589,0.48881434919515676,3.259634062500002,1.4172775172609988,0.4500157807905805,0.6773679854960856,299.48601562500005,85.15730421301448,-0.29910453434629547,0.565389140513501,1.0,0.9906377196311951,0.006968641187995672,1.0446386337280273,0.2668733596801758
48,1.7719123620226405,0.984375,0.8662242871664819,0.7309841336410405,0.0,0.015625,0.0,63,0.0007544723463040158,0.6628806591033936,0.8240000000000001,0.921875,64,0.921875,55,0.859375,0.8589865301854002,37.81875,29.311840371042898,-0.5630002561341896,0.5014493882680738,3.109375,1.4696639443678954,-0.41685779737180856,0.4594269665732239,3.250350000000002,1.5788255821773045,0.4455785928466143,0.7545776257820799,305.995953125,82.22912046350085,-0.2558827813570893,0.5459479039841969,1.0,0.9919084906578064,0.007299270015209913,1.0230478048324585,0.26978373527526855
49,1.7142820804404744,0.953125,0.8568583176028534,0.7305838785201771,0.0,0.046875,0.0,61,0.0007907562431761907,0.6868900060653687,0.837,0.90625,64,0.90625,47,0.734375,0.8663559462896748,35.553906250000004,33.159599836302476,-0.601745844899139,0.5672745498967245,2.9375,1.8614090764794289,-0.47058709391091325,0.5818891650952388,3.207125937500002,1.58521483709496,0.42492025615249596,0.7576312808917419,301.574984375,106.03577478593193,-0.2852351398529277,0.7040086123433074,1.0,0.9879424571990967,0.018115941435098648,1.0648607015609741,0.2535705864429474
50,1.7440102254034135,0.96875,0.8353580522441095,0.7449476351626907,0.0,0.03125,0.0,62,0.0010704892268938414,0.6774337887763977,0.8500000000000001,0.875,64,0.875,46,0.71875,0.8663676852272277,39.6425,33.04000945823109,-0.5318006347430555,0.5652286694208644,3.140625,1.810276114125964,-0.4070888343646986,0.5659046525296406,2.7065678125000012,1.620030829874919,0.18568549469927498,0.7742710981506679,282.176078125,79.8281130692504,-0.4140312664206973,0.5300067757445555,1.0,0.9936407208442688,0.010600706562399864,1.0446386337280273,0.23319274187088013
51,1.760306624897853,0.953125,0.8925869183950736,0.746016036902646,0.0,0.046875,0.0,61,0.001263896799612902,0.683400571346283,0.863,0.78125,64,0.78125,36,0.5625,0.8235050271568874,32.990156250000005,31.908985582639353,-0.645604942550418,0.5458797911739581,2.921875,1.372778745601417,-0.4754715754144682,0.4291399930472649,3.2076081250000024,1.357187903385706,0.42515071093042667,0.64864899418759,288.2312031250001,91.38344350270393,-0.3738291727648409,0.6067266578791207,1.0,0.987493634223938,0.015037594363093376,1.0648608207702637,0.3583194315433502
52,1.8598524222120254,1.0,0.8783172029070556,0.7542825895092145,0.0,0.0,0.0,64,0.001045787996428917,0.6600157022476196,0.8760000000000001,0.8125,64,0.8125,44,0.6875,0.8400563013332868,37.156718749999996,38.54769728266396,-0.5743258897731749,0.6594508900447794,3.125,1.8328597873268975,-0.4119733158682536,0.5729644627077072,3.197577812500002,1.1748871492994415,0.4203568632264485,0.5615208960939476,301.2841718750001,83.30970515952716,-0.2871659458001691,0.5531222838942291,1.0,0.9934108257293701,0.02867383509874344,0.9999999403953552,0.2956283986568451
53,1.8196885079690854,0.96875,0.8979839807556521,0.7436089069663353,0.0,0.03125,0.0,62,0.001546356934766179,0.6692247986793518,0.889,0.78125,64,0.78125,35,0.546875,0.8035222373692368,27.51265625,26.54765333568743,-0.7393107279760177,0.45416133400769154,2.78125,1.268226492981439,-0.519431908946463,0.39645624622631837,3.5704200000000026,1.4877720048784366,0.5985515769497741,0.7110598408204293,294.869796875,96.66276542721542,-0.3297532259130953,0.6417779234514457,1.0,0.9952540397644043,0.010830325074493885,1.0446386337280273,0.35942500829696655
54,1.856590561986107,0.984375,0.8912417536217069,0.7694486028550347,0.0,0.015625,0.0,63,0.0015765620570868488,0.668953001499176,0.9020000000000001,0.78125,64,0.78125,42,0.65625,0.8123857790867617,30.303906249999997,25.560258619167193,-0.6915596967447617,0.43726957728717747,2.59375,1.283534548619553,-0.5780456869891225,0.4012416487619829,3.4482096875000026,1.1377782336861195,0.5401428657575204,0.5437852084062474,293.11495312500006,100.25959484452562,-0.341404247616015,0.6656585325385977,1.0,0.9897458553314209,0.018115941435098648,1.0230478048324585,0.3870573937892914
55,1.7278804904033556,0.96875,0.8120089815028252,0.6942486039999166,0.0,0.03125,0.0,62,0.002065257124893679,0.6689891815185547,0.915,0.84375,64,0.84375,51,0.796875,0.8550170555722966,41.928125,49.57656149441362,-0.4926995328145504,0.8481260855380315,3.375,2.521780125229002,-0.3338216118113741,0.78832565617367,3.045310312500002,1.7893260353901148,0.3475827392631661,0.8551833760336846,309.224171875,110.31932853448026,-0.23444950747272036,0.732448624560897,1.0,0.9954737424850464,0.010676156729459763,1.0446386337280273,0.4144838750362396
56,1.7907661542661653,0.984375,0.8324368787663323,0.7416934044904429,0.0,0.015625,0.0,63,0.0025763071776553365,0.6896705031394958,0.9280000000000002,0.859375,64,0.859375,46,0.71875,0.8397235779063592,41.4584375,47.89776381845601,-0.5007346649171677,0.8194062215861778,3.59375,2.4857012969180348,-0.26543887076160455,0.7770471685221593,2.9882865625000026,1.4931335139608872,0.3203290347539885,0.7136222991690363,311.72562500000004,89.22998290241704,-0.217841484879135,0.592429079425013,1.0,1.0011069774627686,0.010067113675177097,1.0230478048324585,0.49853941798210144
57,1.8314076089745726,0.96875,0.9004284201730643,0.7398970161900104,0.0,0.03125,0.0,62,0.0022382690584491828,0.6713833808898926,0.9410000000000001,0.828125,64,0.828125,43,0.671875,0.8278213866263302,54.23359375,235.49379706113805,-0.28218495239484775,4.028686666630891,4.265625,14.121395765269629,-0.05540616610874087,4.414444570869694,4.320898281249995,6.972460661401064,0.957232184902477,3.3323901456444207,417.8485468750006,1085.5105930071754,0.48674572748259837,7.207084663734942,1.0,0.9703482985496521,0.046296294778585434,1.0446386337280273,0.31432393193244934
58,1.8805581952701922,1.0,0.8695751898922026,0.7576751364131733,0.0,0.0,0.0,64,0.0022027152980052703,0.6609107851982117,0.954,0.90625,64,0.90625,49,0.765625,0.8303005422195525,33.3571875,26.814858373480995,-0.6393259920151392,0.45873251756517636,3.015625,1.351991442049468,-0.4461646863931384,0.42264174026593515,3.2580015625000023,1.4813539190690765,0.4492355502268026,0.7079924063889362,302.26421875000005,68.27991116272527,-0.280659071663652,0.45333422239464843,1.0,0.9935019612312317,0.024390242993831635,1.0,0.3362753093242645
59,1.863567246531717,0.984375,0.8729054642811654,0.7666841261599282,0.0,0.015625,0.0,63,0.0025878037320451173,0.6514058113098145,0.9670000000000001,0.828125,64,0.828125,44,0.6875,0.8173646104721312,30.076875,28.038071431704697,-0.6954436112308238,0.4796585130674496,2.84375,1.325456878778031,-0.499893982932243,0.41434685492166357,3.3977181250000026,1.4219601350280493,0.516011128988513,0.6796059772267701,296.190109375,63.026320242795535,-0.32098720922805624,0.4184537939654139,1.0,0.9970840811729431,0.007042253389954567,1.023047685623169,0.3957631289958954
60,1.8872922117702249,0.984375,0.8798923184947361,0.7645719463883351,0.0,0.015625,0.0,63,0.0030470163382784066,0.6679145693778992,0.98,0.859375,64,0.859375,39,0.609375,0.8428681664987703,36.92875000000001,28.36956459504622,-0.5782258424470664,0.4853294993265339,3.140625,1.3904494271188004,-0.4070888343646986,0.4346639685369845,2.890801562500002,1.3819110586580137,0.273737441179781,0.6604650807888044,293.702296875,77.07936563286572,-0.33750466693920333,0.5117568796856251,1.0,0.9923216104507446,0.013605441898107529,1.023047685623169,0.33386141061782837
61,1.9029701799256422,0.984375,0.9021082979346079,0.749119402531076,0.0,0.015625,0.0,63,0.003116422556629108,0.6487221121788025,0.9930000000000001,0.78125,64,0.78125,41,0.640625,0.8246157371351567,34.69234375,37.40085020516694,-0.6164849395145189,0.6398313179480359,3.046875,1.931884503373584,-0.43639572338602844,0.6039202639188959,3.3048093750000023,1.165138356000957,0.47160669015702467,0.5568615965586146,304.12159375000005,101.64543056759841,-0.26832730911472946,0.6748595808291951,1.0,0.98935866355896,0.013698630034923553,1.0230478048324585,0.34708037972450256
62,1.9095581457735804,1.0,0.867557168006897,0.7487154533951993,0.0,0.0,0.0,64,0.003696495356004753,0.6451582908630371,1.006,0.84375,64,0.84375,42,0.65625,0.8366461543083501,33.06125,27.742154549755142,-0.6443887133066752,0.4745961444971571,2.78125,1.2926323674966522,-0.519431908946463,0.40408568895576746,3.400719062500002,1.5023247766521302,0.5174453851339874,0.7180151347411158,298.1155625,80.20123738600361,-0.30820345218568146,0.5324840786453857,1.0,0.9988853931427002,0.007220216561108828,0.9999999403953552,0.3631104826927185
63,1.9387556058950988,1.0,0.8902018213411793,0.7482952457780419,0.0,0.0,0.0,64,0.004201316778970732,0.6460024118423462,1.0190000000000001,0.78125,64,0.78125,36,0.5625,0.8141502265443695,27.06921875,28.243236817902943,-0.7468967908194069,0.4831683594674228,2.828125,1.281535791296911,-0.504778464435798,0.4006168235989403,3.4056379687500025,1.4050559419103,0.5197963076433955,0.6715268543315339,300.95226562500005,80.46007428051708,-0.2893695875329929,0.5342025873590491,1.0,0.996623158454895,0.006451612804085016,1.0,0.38857564330101013
64,1.8697570488456292,0.953125,0.9036786000503868,0.7611739575422362,0.0,0.046875,0.0,61,0.004472352474935106,0.6605238318443298,1.032,0.859375,64,0.859375,48,0.75,0.8216841566566732,27.515,29.616196160209363,-0.7392706325064438,0.5066561246026556,2.859375,1.9753732835530098,-0.49500950142868805,0.6175151530324046,3.468305625000003,1.3092925883395445,0.5497474382814234,0.6257580976113027,300.01625,113.53169154978826,-0.2955841227935525,0.7537766266744816,1.0,0.9933041334152222,0.007326007355004549,1.0648607015609741,0.3626624345779419
65,1.885806857043021,1.0,0.8437746283598244,0.7452981274991406,0.0,0.0,0.0,64,0.004728408770546989,0.6597934365272522,1.0450000000000002,0.765625,64,0.765625,42,0.65625,0.806191492130019,34.8634375,51.11144683491745,-0.6135579702356213,0.8743839835517514,3.15625,2.895140054902353,-0.40220435286114364,0.9050405150957862,3.6078475000000028,1.3940272911357412,0.616439527593449,0.6662558647991945,318.77417187500004,122.77271331516357,-0.1710437157816449,0.8151310037496734,1.0,0.9966646432876587,0.0036630036775022745,1.0,0.520008385181427
66,1.938749085825272,0.984375,0.8879002242807358,0.7780033703422332,0.0,0.015625,0.0,63,0.004751209981285688,0.6413964033126831,1.058,0.859375,64,0.859375,47,0.734375,0.8354641005143595,29.33265625,26.037150276227155,-0.7081752593362018,0.44542795378881495,2.65625,1.1349387373334299,-0.5585077609749026,0.35478958529108284,3.166566718750002,1.6127764392617083,0.40553554429233946,0.7708039635240149,282.715765625,56.69009452186684,-0.410448092263286,0.3763853742618705,1.0,1.0009880065917969,0.0,1.0230478048324585,0.3574118912220001
67,1.9730687486547915,1.0,0.8862320450134575,0.7737038232032925,0.0,0.0,0.0,64,0.005176847013654142,0.6391754746437073,1.0710000000000002,0.78125,64,0.78125,40,0.625,0.7970446984832731,26.76515625,25.382432162335938,-0.7520985097387991,0.43422742889706806,2.828125,1.375621308491185,-0.504778464435798,0.4300285975821617,3.5478121875000026,1.1348940139370804,0.5877464888685116,0.5424067358789261,302.79632812500006,67.03247832861854,-0.27712621132981763,0.44505207931318463,1.0,0.9973453879356384,0.006896551698446274,0.9999998807907104,0.41297420859336853
68,1.915407121014932,0.96875,0.880091730505228,0.7730854022026818,0.0,0.03125,0.0,62,0.0063259947348875915,0.6349613666534424,1.084,0.765625,64,0.765625,39,0.609375,0.8196325254603543,29.994999999999997,27.6239871420655,-0.6968442796346068,0.4725746073453058,2.71875,1.4839637588229708,-0.5389698349606828,0.4638971860426693,3.0811021875000018,1.326754099758681,0.364688965792979,0.634103583001176,278.04809375,75.13102207679408,-0.44143839913119604,0.4988211450616537,1.0,0.9977099299430847,0.007380073890089989,1.0446385145187378,0.3945506513118744
69,1.8052388637202004,0.9375,0.8646045570572217,0.6928036052948774,0.0,0.0625,0.0,60,0.00599650347319834,0.6436847448348999,1.097,0.890625,64,0.890625,48,0.75,0.8412735565809153,35.5071875,41.40675641081832,-0.6025450812593128,0.7083619591788614,3.28125,2.3944515943113154,-0.3631285008327039,0.7485218895085649,3.072313750000002,1.6996127048605636,0.3604886548923039,0.8123061432879147,297.4574062500001,108.73981690236546,-0.3125731818283699,0.7219616941400068,1.0,0.9904978275299072,0.02500000037252903,1.0837911367416382,0.3849746286869049
70,1.9004774952041514,0.984375,0.8452532499555557,0.7231649834245075,0.0,0.015625,0.0,63,0.006502449713183052,0.642169177532196,1.1099999999999999,0.875,64,0.875,40,0.625,0.8348835715262466,38.879999999999995,39.777775987352534,-0.5448450275111102,0.6804943389097994,3.125,1.875,-0.4119733158682536,0.5861377804265963,3.253820312500002,1.542261463377289,0.447237180214676,0.7371023161187538,300.90685937500007,99.21298627682067,-0.2896710555150842,0.658709732033258,1.0,0.9961826205253601,0.0036764706019312143,1.023047924041748,0.32398295402526855
71,1.967493271255175,0.96875,0.9075400848542491,0.7697336040424196,0.0,0.03125,0.0,62,0.007132676074320876,0.6284964084625244,1.123,0.859375,64,0.859375,49,0.765625,0.8290518008817025,29.08796875,22.387708763661447,-0.712361226359721,0.3829954967737975,2.84375,1.277433339748106,-0.499893982932243,0.3993343692815407,3.427516562500003,1.2762516274061857,0.5302528758126032,0.6099666320206137,301.85934375000005,88.19277990523426,-0.2833471784606075,0.585542725793523,1.0,0.9885765314102173,0.027303753420710564,1.0446385145187378,0.36640283465385437
72,1.995794685469737,1.0,0.8765963504556566,0.7710013472101449,0.0,0.0,0.0,64,0.007962585127321588,0.6274715662002563,1.136,0.796875,64,0.796875,42,0.65625,0.817481977863545,31.5890625,26.72285624696757,-0.6695740142617187,0.4571586003537175,2.96875,1.1854422961494162,-0.4608181309038033,0.3705773420207075,3.206250312500002,1.1884332038181216,0.4245017634190148,0.5679950435696454,294.08264062500007,60.86329185184393,-0.3349794316948571,0.40409269160116684,1.0,0.9966182112693787,0.007751937955617905,0.9999999403953552,0.324215829372406
73,1.8698213345398438,0.953125,0.8484570616092838,0.7312122874446794,0.0,0.046875,0.0,61,0.008805922266785454,0.6469734311103821,1.149,0.90625,64,0.90625,47,0.734375,0.8582569212742035,38.710781250000004,38.60224962294488,-0.5477399204143485,0.660384138770079,3.125,2.057759704144291,-0.4119733158682536,0.6432697096738262,3.0199837500000024,1.5095987039768024,0.3354782626089963,0.7214916066660216,292.31434375000003,89.91844889593347,-0.34671977340210647,0.5970000460607504,1.0,0.9951737523078918,0.0033112582750618458,1.0648608207702637,0.334666907787323
74,1.964521604862793,0.96875,0.8974621771804748,0.7513902793475669,0.0,0.03125,0.0,62,0.010096953986572545,0.6153538823127747,1.162,0.796875,64,0.796875,44,0.6875,0.8458502382157347,31.16828125,30.461274111294138,-0.676772487565893,0.5211132114401281,2.8125,1.7666617531378213,-0.509662945939353,0.5522705059993397,3.2842476562500025,1.4801930780726542,0.4617795039931313,0.7074375986553405,291.946140625,90.64015782061423,-0.34916440278888716,0.6017917241486979,1.0,0.9988039135932922,0.018518518656492233,1.0446385145187378,0.32771816849708557
75,1.989778104096255,0.984375,0.8899064004894287,0.7628999299689646,0.0,0.015625,0.0,63,0.008522264284129449,0.6434800624847412,1.175,0.84375,64,0.84375,43,0.671875,0.8066745169894133,29.57046875,32.20595536104733,-0.7041069056900995,0.5509601720654936,2.890625,1.5115925738686995,-0.48524053842157816,0.4725341419502535,3.4577193750000026,1.504390781583068,0.544687888017537,0.7190025529291915,298.12137500000006,64.40731536709849,-0.30816486096429846,0.4276227038269787,1.0,0.9930004477500916,0.014760147780179977,1.0230478048324585,0.36244210600852966
76,1.9859381876213553,0.984375,0.8635394527089029,0.7676128029068912,0.0,0.015625,0.0,63,0.011253774153498299,0.6211787462234497,1.1880000000000002,0.875,64,0.875,43,0.671875,0.8292855268780062,28.221718749999997,29.08607621970345,-0.7271805119142489,0.4975871505460826,2.71875,1.430349061418226,-0.5389698349606828,0.44713686618397025,3.193308437500002,1.3935863615587525,0.41831637510195885,0.6660451286690627,276.161453125,70.12854566613946,-0.4539644664049838,0.46560795372830444,1.0,0.9941545724868774,0.007547169923782349,1.023047924041748,0.4289630651473999
77,1.9962172996185183,0.984375,0.8806962087040856,0.7460958538967938,0.0,0.015625,0.0,63,0.010597986633883488,0.6196277737617493,1.201,0.859375,64,0.859375,46,0.71875,0.8416523040669296,30.94890625,29.631470343896385,-0.6805254235180137,0.5069174261780326,2.765625,1.5486101379543529,-0.5243163904500179,0.4841060848035677,3.1632346875000024,1.5499506726555952,0.40394304651548607,0.7407772662505879,282.44009375,72.90591856005223,-0.4122783743032167,0.48404790421624916,1.0,0.9924895763397217,0.02090592309832573,1.0230478048324585,0.3645067811012268
78,2.0309984950455275,0.96875,0.9126542994091588,0.7854478536675514,0.0,0.03125,0.0,62,0.013847629291011182,0.6542530059814453,1.214,0.796875,64,0.796875,43,0.671875,0.8219565655005188,27.453593750000003,22.284982637360546,-0.7403211338092809,0.3812381198046044,2.84375,1.2275324588376473,-0.499893982932243,0.3837350137731737,3.4013084375000022,1.026135707787991,0.5177270686797925,0.49042722315473686,300.3569687500001,48.78516523428539,-0.2933219717895999,0.3239017826659469,1.0,0.9952036738395691,0.007575757801532745,1.0446385145187378,0.37125617265701294
79,2.021824539355313,0.96875,0.9017413867216918,0.7788679978359682,0.0,0.03125,0.0,62,0.01109938100103073,0.598480224609375,1.227,0.765625,64,0.765625,36,0.5625,0.7931054903498167,25.965625,35.617607341515445,-0.7657764109261221,0.6093246683555105,2.78125,1.824047268439061,-0.519431908946463,0.5702096092352358,3.4332140625000025,1.2126649982717812,0.53297591632539,0.5795762911334618,291.68221875,72.39134772701364,-0.35091667246731306,0.48063148839950065,1.0,0.9941388964653015,0.014925372786819935,1.0446385145187378,0.48943886160850525
80,2.0214078417454524,0.984375,0.8776977123722197,0.7413666514049712,0.0,0.015625,0.0,63,0.0106605366276152,0.6357086896896362,1.24,0.875,64,0.875,49,0.765625,0.8355075900071289,32.31671875000001,35.695326070732264,-0.657125707474663,0.610654233771036,2.875,1.9080421903092184,-0.4901250199251331,0.5964669943403448,3.5721998437500027,1.1724737271370058,0.5994022284000033,0.5603674346946023,304.2903906250001,83.6055040903815,-0.26720660759699566,0.5550861965007415,1.0,0.9951322674751282,0.017793593928217888,1.023047924041748,0.3556043803691864
81,2.0079902731605923,0.953125,0.9080440104007721,0.7485609994372691,0.0,0.046875,0.0,61,0.015020814168294825,0.6150709390640259,1.2530000000000001,0.828125,64,0.828125,45,0.703125,0.8428176482143279,31.676406250000003,25.659914407446117,-0.6680797897622631,0.438974428754614,2.765625,1.3198270187320003,-0.5243163904500179,0.4125869222968674,3.0700796875000016,1.6314147516208615,0.359420915937394,0.7797118844795136,279.803296875,75.03310602216696,-0.4297849914119004,0.498171046112659,1.0,0.9948456883430481,0.007407407276332378,1.0648607015609741,0.3854356110095978
82,2.060442133831022,1.0,0.8677665314171463,0.7596139042758304,0.0,0.0,0.0,64,0.013306935213545474,0.5679739713668823,1.266,0.859375,64,0.859375,43,0.671875,0.8385645363990125,29.49125,37.47364513478105,-0.7054621325616987,0.6410766499525072,3.0,2.6040833319999575,-0.45104916789669336,0.8140541996076535,3.5864600000000024,1.5832241179946691,0.6062176708199107,0.7566798445144413,307.66617187500003,143.4272841493377,-0.24479361464075125,0.9522639268680196,1.0,0.9920326471328735,0.024475524201989174,1.0,0.33243387937545776
83,2.1282516647463523,1.0,0.9036523778922856,0.7800133958632227,0.0,0.0,0.0,64,0.014713522135976764,0.6192854046821594,1.279,0.828125,64,0.828125,41,0.640625,0.8160779397983501,29.20015625,29.40745730742605,-0.7104419898827818,0.5030851454791688,3.140625,1.7308522783227343,-0.4070888343646986,0.5410762200866158,3.6702231250000024,1.0746522150166713,0.6462510859761452,0.5136150098546267,314.83482812500006,118.51689116081126,-0.1971983973745285,0.7868751112896601,1.0,0.9868733286857605,0.025723472237586975,1.0,0.3074217736721039
84,2.0652193501817986,0.984375,0.8817809782330952,0.7688459789705137,0.0,0.015625,0.0,63,0.01564933496986432,0.6132304072380066,1.292,0.859375,64,0.859375,42,0.65625,0.8358991840502636,32.07421875,27.017811995323537,-0.6612742520599133,0.46220452642683324,2.90625,1.221151480161245,-0.4803560569180232,0.38174027634472796,3.134033437500002,1.242276583515397,0.3899867171124104,0.5937287345325338,286.637953125,67.24079691150816,-0.3844073170173865,0.44643517927884735,1.0,0.993918776512146,0.014760147780179977,1.023047685623169,0.3089769184589386
85,1.9436297324316396,0.953125,0.8451833190610174,0.7244190860731505,0.0,0.046875,0.0,61,0.017453727583685526,0.6621277928352356,1.305,0.9375,64,0.9375,46,0.71875,0.8725300300115453,41.69453125,49.9409811030007,-0.4966957146154197,0.8543603576780848,3.125,2.168668946612184,-0.4119733158682536,0.6779406948519201,2.898449375000002,1.6156339197857028,0.27739260629986867,0.7721696564123584,301.71062500000005,141.94165908674196,-0.28433457428082287,0.9424003422345132,1.0,0.9908350110054016,0.018115941435098648,1.0648608207702637,0.32577016949653625
86,1.964213098629158,0.96875,0.8350672754909723,0.7276487748179427,0.0,0.03125,0.0,62,0.019048536031318522,0.6399970650672913,1.318,0.875,64,0.875,52,0.8125,0.8470819236168993,42.00203125,44.29050106892586,-0.49143518900731886,0.7576953335567427,3.34375,2.30636856063813,-0.34359057481848404,0.7209865327883291,2.8655390625000017,1.8716111842488472,0.2616635823023289,0.8945104131452319,297.979546875,90.22266128496524,-0.30910650751400426,0.5990198185601004,1.0,0.9870043992996216,0.02097902074456215,1.044638752937317,0.36207473278045654
87,2.1491678891839894,1.0,0.908986157970503,0.7488501162940199,0.0,0.0,0.0,64,0.013330529457343794,0.628536581993103,1.331,0.921875,64,0.921875,46,0.71875,0.8420093018473491,29.78484375,24.673130311141836,-0.7004395067397367,0.422093118158597,2.828125,1.442162953474745,-0.504778464435798,0.45082996936701425,3.5267593750000024,1.2931408461618221,0.5776845913089484,0.6180385981287175,304.78576562500007,75.8948427984287,-0.26391763963270615,0.5038924181051397,1.0,0.9942232370376587,0.007246376946568489,0.9999999403953552,0.3284560441970825
88,2.0666778943325,0.96875,0.8920903989384251,0.7478124394665197,0.0,0.03125,0.0,62,0.019825709434967337,0.6220067739486694,1.344,0.875,64,0.875,47,0.734375,0.8441651991506295,32.85015625,29.364392046968824,-0.6479999785996347,0.5023484108272834,3.09375,1.5483736427296868,-0.42174227887536353,0.4840321547843318,3.4213337500000023,1.3446522072820324,0.5272978869718015,0.6426577333984211,311.30971875000006,87.43274441793623,-0.22060283200484335,0.5804965842453089,1.0,0.9971442222595215,0.007272727321833372,1.0446385145187378,0.37841999530792236
89,2.061932535695906,0.96875,0.8818459085699532,0.7605323917433263,0.0,0.03125,0.0,62,0.015276236997635308,0.5938758254051208,1.357,0.828125,64,0.828125,45,0.703125,0.8352079295440507,30.96328125,37.75798843683147,-0.6802795046379602,0.6459410246579647,3.109375,2.0548508727824997,-0.41685779737180856,0.6423603891628739,3.0478900000000024,1.8124443257207938,0.34881566485734444,0.8662324398611198,287.74160937500005,85.05250020495016,-0.37707975698743307,0.5646933100314364,1.0,0.9948452711105347,0.007246376946568489,1.0446385145187378,0.35003191232681274
90,2.0951116848328777,0.96875,0.8990553420397543,0.7475889230290378,0.0,0.03125,0.0,62,0.018966392287102493,0.6370682716369629,1.37,0.84375,64,0.84375,42,0.65625,0.82896615216887,27.11453125,21.509776042657286,-0.7461216117409775,0.36797635023385616,2.609375,1.2198512652676146,-0.5731612054855676,0.3813338203064185,3.246869687500002,1.6179208478012468,0.4439152261182845,0.7732626617017229,278.66620312500004,83.56028981915918,-0.4373345547046461,0.5547860031329315,1.0,0.9912756085395813,0.026119403541088104,1.0446385145187378,0.3998945951461792
91,2.129389391815949,0.984375,0.8929100637398069,0.7574042216836511,0.0,0.015625,0.0,63,0.021125192377008307,0.6008142828941345,1.383,0.796875,64,0.796875,41,0.640625,0.8312662716960612,28.022656250000004,24.54026285019857,-0.7305859537967285,0.419820101310547,2.84375,1.4813291118114165,-0.499893982932243,0.46307357742850397,3.327997187500002,1.218715932348816,0.48268898113384073,0.5824682505247684,294.63109375000005,80.3449689965322,-0.3313380594858447,0.533438363101574,1.0,0.9931446313858032,0.010909090749919415,1.0230478048324585,0.38342660665512085
92,2.163183028759001,0.984375,0.9162921628190411,0.7537528698776785,0.0,0.015625,0.0,63,0.01837543488464244,0.5749847888946533,1.3960000000000001,0.796875,64,0.796875,39,0.609375,0.8206012819382659,26.47921875,25.639311327084204,-0.7569901570268197,0.4386219636103877,2.6875,1.3213984069916234,-0.5487387979677927,0.41307814897776546,3.5966596875000025,1.4277384460550389,0.6110924689384308,0.6823676402407194,304.27876562500006,78.89937863323578,-0.2672837900397612,0.5238405828454695,1.0,0.9980975985527039,0.0,1.0230478048324585,0.4453715980052948
93,2.1400758611993154,0.984375,0.8890314835404592,0.7508652122909231,0.0,0.015625,0.0,63,0.02014107405894811,0.5879777669906616,1.409,0.828125,64,0.828125,43,0.671875,0.8385257913096169,40.8634375,32.39951707870958,-0.5109135681263383,0.5542715098622748,3.328125,1.6398807835861118,-0.348475056322039,0.5126379107495419,3.1717034375000024,1.4039317145144339,0.40799056724258836,0.6709895455567154,318.9231406250001,102.51222753101634,-0.17005466012395032,0.6806145491748425,1.0,0.9882198572158813,0.017985612154006958,1.023047924041748,0.3490743935108185
94,2.1244306045398718,0.96875,0.8894467185581884,0.749505460920914,0.0,0.03125,0.0,62,0.015589945549897066,0.6184091567993164,1.422,0.9375,64,0.9375,50,0.78125,0.8726915953151697,33.668125,24.595828144410486,-0.63400665971833,0.4207706790442817,2.859375,1.5896853806256759,-0.49500950142868805,0.49694648564082267,2.9012296875000017,1.350471296950589,0.2787214178094268,0.6454388859943,278.202671875,74.98872167888294,-0.4404121008700707,0.4978763629268358,1.0,0.9870117902755737,0.029739776626229286,1.0446385145187378,0.39068904519081116
95,2.2100428451709027,1.0,0.909317739540711,0.7481447231925673,0.0,0.0,0.0,64,0.02225434342071625,0.6270838975906372,1.4349999999999998,0.8125,64,0.8125,44,0.6875,0.8277447952660637,35.11140625,45.352962446900435,-0.6093158695546986,0.7758712857078102,2.953125,1.8827314557246342,-0.4657026124073583,0.5885546861854781,3.2582256250000023,1.8713732666329206,0.44934263776781125,0.8943967037451663,309.83498437500003,65.84878305953453,-0.23039410955258366,0.4371931122286556,1.0,0.9938290119171143,0.0,0.9999999403953552,0.37210842967033386
96,2.1594712507477505,1.0,0.8770533986389637,0.7271527141306322,0.0,0.0,0.0,64,0.019986501750576265,0.6183421015739441,1.448,0.796875,64,0.796875,42,0.65625,0.8538544079948422,38.89203125,45.586955822762754,-0.5446392041006306,0.7798743040682968,3.09375,2.815796679005784,-0.42174227887536353,0.8802372349680165,3.209774687500002,1.5397369790618571,0.42618618920352624,0.7358957741152756,301.434828125,155.19053197023604,-0.2861656862394932,1.030364245291305,1.0,0.9931835532188416,0.019685039296746254,1.0,0.44266536831855774
97,2.1963143903888342,0.984375,0.9055061302487812,0.7512221214662823,0.0,0.015625,0.0,63,0.020335679940095046,0.6164641380310059,1.4609999999999999,0.84375,64,0.84375,37,0.578125,0.8412360136419735,32.41859375,21.664151543159058,-0.6553828910638493,0.37061731372541046,2.96875,1.1985505569228192,-0.4608181309038033,0.3746750736873611,3.200970625000002,1.4018345958999991,0.4219784105524319,0.6699872570183696,290.83835937500004,68.11190021629099,-0.35651935013724073,0.4522187389316712,1.0,0.9985300302505493,0.011152416467666626,1.0230478048324585,0.3960915803909302
98,2.176070244603874,0.984375,0.8888091586884999,0.7473219984301075,0.0,0.015625,0.0,63,0.01830763490368023,0.6063892245292664,1.474,0.9375,64,0.9375,50,0.78125,0.8565033304517813,34.983281250000005,24.989869263281438,-0.6115077552247405,0.4275116982197787,2.84375,1.2651426549998226,-0.499893982932243,0.39549221745312374,3.110183750000002,1.6994386557767946,0.37858809222784495,0.8122229589603471,289.238046875,81.712849059303,-0.3671443847985628,0.5425201974804662,1.0,0.9910662770271301,0.011811023578047752,1.0230478048324585,0.4102833867073059
99,2.1913119903439195,0.984375,0.8896952584858925,0.758023615244485,0.0,0.015625,0.0,63,0.019173889608386587,0.614871621131897,1.4869999999999999,0.875,64,0.875,47,0.734375,0.8369305998860354,33.6984375,27.002484909885492,-0.6334880916451738,0.46194231984002226,2.984375,1.4522847032779076,-0.45593364940024833,0.4539940973476324,3.4684303125000024,1.028352170926821,0.5498070309297668,0.4914865507408946,309.2157812500001,67.71654943481988,-0.23450521576810304,0.4495938667541989,1.0,0.9874921441078186,0.025089606642723083,1.023047924041748,0.4243832528591156
100,2.1910882767283355,1.0,0.8594431855017319,0.7592760787872195,0.0,0.0,0.0,64,0.025662559090956764,0.6089640855789185,1.5,0.8125,64,0.8125,46,0.71875,0.8462870332533469,36.75421875,37.650610627712915,-0.5812116184146725,0.6441040694885015,3.0625,2.0530084632071053,-0.4315112418824735,0.6417844393713227,3.417019375000002,1.3799313736558105,0.5252358917261049,0.6595189180045031,308.24459375000004,104.3346598768415,-0.24095326941396472,0.6927143152157292,1.0,0.9908797144889832,0.022641509771347046,1.0,0.437007337808609
101,2.1515433160065487,0.96875,0.8857015441021612,0.7444792547143644,0.0,0.03125,0.0,62,0.023219893119346,0.5928140878677368,1.5,0.8125,64,0.8125,42,0.65625,0.8474989446737515,38.353906249999994,37.865052679597724,-0.553845123914807,0.6477726155223023,3.203125,1.7064188332220787,-0.38755090835047873,0.53343815860423,3.1463084375000023,1.4482171146957086,0.39585338184158314,0.6921551337653329,302.49712500000004,97.90258857620614,-0.27911272557244277,0.650009543170679,1.0,0.9915439486503601,0.019999999552965164,1.0446386337280273,0.4093973636627197
102,2.2091804912771433,0.96875,0.9147532356362189,0.7682398326971198,0.0,0.03125,0.0,62,0.017727406129874314,0.5811695456504822,1.5,0.828125,64,0.828125,38,0.59375,0.8422503818826591,30.88171875,22.527787324400023,-0.6816748269791332,0.38539187679302084,2.75,1.3228756555322954,-0.5292008719535729,0.4135399469408417,3.304707812500002,1.4348124976874914,0.471558149779301,0.6857485843714286,285.076734375,84.50800140042998,-0.39477279459295744,0.5610781919397666,1.0,0.9923043847084045,0.016949152573943138,1.0446386337280273,0.4521213471889496
103,2.157292953345854,0.96875,0.8827692990101152,0.7584394573835841,0.0,0.03125,0.0,62,0.02205738602511296,0.6253317594528198,1.5,0.890625,64,0.890625,46,0.71875,0.8582192059212675,33.876875,33.08720248614824,-0.6304354898949446,0.5660360194432449,3.03125,2.0075540932936278,-0.4412802048895834,0.6275750935090426,3.295051562500002,1.0493909472630119,0.4669430800203541,0.5015417399120948,302.19545312500003,96.98649956935536,-0.2811156307101712,0.6439273077006409,1.0,0.9943416714668274,0.00374531839042902,1.0446386337280273,0.3896584212779999
104,2.2627985923813996,0.984375,0.9275455238327147,0.7642132888640228,0.0,0.015625,0.0,63,0.016953556037893967,0.6627618074417114,1.5,0.765625,64,0.765625,45,0.703125,0.8511474587177527,36.718125,27.129280242652495,-0.5818290886461112,0.464111458360375,2.875,1.2686114456365274,-0.4901250199251331,0.39657658505022386,3.158117500000002,1.3985195679963704,0.4014973582532609,0.6684028857533234,300.10820312500005,86.60726738328242,-0.2949736138208724,0.5750159533652015,1.0,0.9873941540718079,0.016806723549962044,1.0230478048324585,0.49617597460746765
105,2.182472561955228,0.953125,0.9225526281067582,0.761295872437366,0.0,0.046875,0.0,61,0.016131568392083746,0.6003793478012085,1.5,0.8125,64,0.8125,45,0.703125,0.8447208418365735,29.631718750000005,19.268749112446258,-0.7030590774185672,0.3296382053401374,2.609375,1.0400899525401637,-0.5731612054855676,0.32513920865381085,3.112055312500002,1.484719419704202,0.37948257937303387,0.7096009003907365,279.98345312500004,77.78126115667456,-0.4285888710287226,0.5164170096721719,1.0,0.9885027408599854,0.008130080997943878,1.0648608207702637,0.4777817726135254
106,2.253542184341872,0.984375,0.9275029225954934,0.772091413223575,0.0,0.015625,0.0,63,0.017090339165490277,0.5676575899124146,1.5,0.78125,64,0.78125,43,0.671875,0.8308581912807619,32.622656250000006,24.125737245353477,-0.6518919121796115,0.41272864583249474,2.875,1.192424001771182,-0.4901250199251331,0.3727598707869655,3.2768081250000023,1.2347292112125188,0.45822388398612895,0.5901215734011912,294.4236718750001,69.9790633308132,-0.3327152058940563,0.4646154881979178,1.0,0.9864293336868286,0.02083333395421505,1.0230478048324585,0.5639749765396118
107,2.2232584674892064,0.984375,0.9076186828906574,0.7613461787420753,0.0,0.015625,0.0,63,0.022156091950730893,0.6617358326911926,1.5,0.640625,64,0.640625,36,0.5625,0.834859226040199,42.59296875,33.78914987091305,-0.48132578461207653,0.5780445143801379,3.21875,1.9322004133888389,-0.3826664268469238,0.6040190195429791,2.9866946875000018,1.297535063511014,0.3195682203412996,0.6201387529095584,300.029328125,89.051587664478,-0.2954972925454416,0.5912446510171133,1.0,0.9992861747741699,0.022421523928642273,1.023047924041748,0.7840158939361572
108,2.208347011507171,1.0,0.8839309964096174,0.7358687633356304,0.0,0.0,0.0,64,0.018469069438700667,0.605978786945343,1.5,0.703125,64,0.703125,39,0.609375,0.8376620135627749,44.02546875,40.109130620786004,-0.45681943360848515,0.6861629552822859,3.3125,2.3377005261581303,-0.353359537825594,0.7307811187756867,3.027973437500002,1.1791847273384213,0.3392968221082515,0.5635748634668315,307.59532812500004,92.3638955255676,-0.24526397108631295,0.6132362219340723,1.0,0.9847644567489624,0.03750000149011612,0.9999999403953552,0.633780837059021
109,2.254208305446612,1.0,0.9057243978604674,0.7576066244511717,0.0,0.0,0.0,64,0.013652083356026405,0.5647625923156738,1.5,0.65625,64,0.65625,39,0.609375,0.8212237056675025,36.393750000000004,26.34183984771185,-0.5873783016351443,0.450640400271145,3.09375,1.3660933121496497,-0.42174227887536353,0.42705008098080693,3.2651350000000026,1.5410402502976703,0.45264487700309664,0.7365186543915844,301.56801562500004,80.10326565859623,-0.28528140782264955,0.5318336100653221,1.0,0.993594765663147,0.0258620698004961,0.9999999403953552,0.7420507669448853
110,2.2474753261467724,0.984375,0.9223037520571361,0.7739136726957844,0.0,0.015625,0.0,63,0.01580701768560553,0.6288132667541504,1.5,0.625,64,0.625,35,0.546875,0.8158293798841879,34.7303125,21.244763837881177,-0.6158353929074211,0.3634426803487051,3.140625,1.3677900457946752,-0.4070888343646986,0.4275804914835645,3.4188550000000024,1.400351500325009,0.52611320304533,0.6692784322118697,313.0691875,79.3992290648332,-0.20892110330856556,0.5271592647661564,1.0,0.991648256778717,0.02459016442298889,1.023047924041748,0.6935114860534668
111,2.270557607572188,1.0,0.9140597321093082,0.784056724776681,0.0,0.0,0.0,64,0.019311684958221872,0.6084743738174438,1.5,0.53125,64,0.53125,29,0.453125,0.7945200481236202,43.801249999999996,33.13401606072677,-0.4606552335310587,0.5668368780054468,3.203125,1.8301271088028286,-0.38755090835047873,0.5721102087745247,2.954271250000002,1.1895597621592793,0.30407189144681634,0.5685334663871953,307.69942187500004,104.83346705591036,-0.24457285625606762,0.6960260706178291,1.0,0.9893697500228882,0.041860464960336685,0.9999999403953552,0.8839930891990662
112,2.285176195149157,1.0,0.9154589782701805,0.783714068906944,0.0,0.0,0.0,64,0.01760616262764632,0.6325677633285522,1.5,0.515625,64,0.515625,30,0.46875,0.7948173091154672,44.7734375,26.90254310810771,-0.44402363275178885,0.4602325754251548,3.09375,1.3887803777055607,-0.42174227887536353,0.43414221231378525,2.7766212500000016,1.176933923314491,0.21916655628286366,0.5624991231344917,287.883125,55.371184488893945,-0.3761401852345766,0.3676286690461691,1.0,0.9969729781150818,0.015544041059911251,1.0,1.1028627157211304
113,2.23909180837121,0.984375,0.9105913679278086,0.7822173783661246,0.0,0.015625,0.0,63,0.013018925936097013,0.5840692520141602,1.5,0.46875,64,0.46875,28,0.4375,0.7729623376603824,45.077031250000005,28.413687375084272,-0.4388299329263113,0.4860843253892681,3.125,1.4947825928876748,-0.4119733158682536,0.4672792273149302,2.648183125000001,1.1505471079024698,0.15778134912860145,0.5498879134161296,285.89718750000003,54.74859164138241,-0.38932551920698427,0.3634950572767796,1.0,0.9972391128540039,0.02139037474989891,1.023047924041748,1.2280272245407104
114,2.294899597791048,1.0,0.9214296364225447,0.7879190745414857,0.0,0.0,0.0,64,0.018194002812910892,0.606360912322998,1.5,0.484375,64,0.484375,29,0.453125,0.755569151287279,41.69765625,21.353387885633882,-0.49664225398932105,0.36530095542141616,3.046875,0.958998297378572,-0.43639572338602844,0.2997894045111259,2.9481184375000016,1.2421165474367986,0.30113124068681923,0.5936522475249811,291.57459375,48.27335357003349,-0.3516312325019467,0.3205036859362487,1.0,0.9975709319114685,0.005291005130857229,0.9999998807907104,1.210705041885376
115,2.2859659900806846,1.0,0.9159558821702376,0.7929106728202975,0.0,0.0,0.0,64,0.012576784664542385,0.6106349229812622,1.5,0.46875,64,0.46875,28,0.4375,0.7770414487371734,39.08609375,27.19905717674256,-0.5413192992199084,0.4653051603071573,3.25,1.4252192813739224,-0.37289746383981387,0.44553326197637305,3.0473215625000014,0.9733557826105065,0.34854398809710047,0.46520179541973744,294.223,55.933273191980774,-0.3340475366903402,0.37136057262939737,1.0,0.999143660068512,0.009433962404727936,0.9999999403953552,1.0468213558197021
116,2.199870448233286,1.0,0.8761010687449016,0.7434786431429723,0.0,0.0,0.0,64,0.024383209332227852,0.5613327026367188,1.5,0.625,64,0.625,37,0.578125,0.7939935215208335,44.47578125,33.14239061443288,-0.4491157573876791,0.5669801448484627,3.453125,1.6576497622763984,-0.30939920429359924,0.518192614605527,3.2625828125000016,1.333503545546783,0.4514250946496554,0.6373293863043548,316.290546875,92.51997893528353,-0.18753337121502167,0.6142725143071489,1.0,0.9851082563400269,0.05000000074505806,1.0,1.0397865772247314
117,2.276156934219374,1.0,0.9236713466234505,0.7739582299494898,0.0,0.0,0.0,64,0.017767695302768848,0.5710965394973755,1.5,0.609375,64,0.609375,35,0.546875,0.7889316105203779,36.154218750000005,20.77505849906682,-0.5914760586256007,0.35540724307034877,3.046875,1.1378390634773443,-0.43639572338602844,0.3556962470129534,3.175155937500002,1.1058058534400372,0.4096406413751721,0.5285044560235683,296.133015625,60.06347108567017,-0.3213662746122829,0.3987824016650192,1.0,0.9895831942558289,0.03030303120613098,0.9999999403953552,1.078014612197876
118,2.2328086930344795,0.984375,0.9074711921432662,0.7920178243690399,0.0,0.015625,0.0,63,0.021833043608890972,0.6008065938949585,1.5,0.546875,64,0.546875,34,0.53125,0.7818358368948619,43.281093750000004,23.19119189727451,-0.46955375474516803,0.3967410044162319,3.5,1.1989578808281798,-0.2947457597829343,0.37480240591658925,2.995050312500002,1.2445007413014688,0.32356167455536833,0.594791739667822,308.9307187500001,52.172985925569314,-0.23639784545333195,0.3463947096856604,1.0,0.9970335960388184,0.013888888992369175,1.0230478048324585,0.89707350730896
119,2.2520053856236286,0.984375,0.9259462891116975,0.7904689975391607,0.0,0.015625,0.0,63,0.021897913151576964,0.5648049712181091,1.5,0.578125,64,0.578125,32,0.5,0.7865733921472178,33.5959375,18.37982230248959,-0.6352416001812075,0.31443097851898494,3.03125,1.1314916868894795,-0.4412802048895834,0.35371201382642387,3.162859687500002,1.004383025079902,0.4037638205054297,0.4800308324086327,288.84648437500005,56.022147411200336,-0.3697441052497706,0.37195063966924474,1.0,0.9895692467689514,0.014778325334191322,1.023047685623169,0.926631510257721
120,2.216613341183821,0.984375,0.9032178580287903,0.773879885109418,0.0,0.015625,0.0,63,0.023323142027871356,0.5803115367889404,1.5,0.640625,64,0.640625,35,0.546875,0.8294494919328564,38.41578125,24.563744676141063,-0.5527866035180549,0.42022181430793054,3.0625,1.2358574958303243,-0.4315112418824735,0.3863374770824308,2.9289581250000016,1.2258087934794268,0.2919738370580066,0.5858581843922938,283.9615,53.56353956342415,-0.40217722584614873,0.3556270818633662,1.0,0.9939364790916443,0.018779342994093895,1.0230478048324585,0.7419277429580688
121,2.272588341247056,1.0,0.9162392398575321,0.783015695080316,0.0,0.0,0.0,64,0.023757839800048162,0.5707050561904907,1.5,0.625,64,0.625,36,0.5625,0.8124426887335169,37.26359375,23.933501191268714,-0.5724975363606032,0.40943998669326503,3.21875,1.0964252995530521,-0.3826664268469238,0.34275002212458233,3.1181759375000015,1.2318530790651332,0.3824078465671674,0.5887469662300705,305.78296875,53.77036607009039,-0.257296859149205,0.35700027541288165,1.0,0.99769526720047,0.009345794096589088,0.9999999403953552,0.7468662858009338
122,2.3084336913125942,1.0,0.9329410325735807,0.7924621712482527,0.0,0.0,0.0,64,0.022076255214059707,0.5588212013244629,1.5,0.546875,64,0.546875,29,0.453125,0.7888013555293979,37.90375,21.39931478897163,-0.5615461271043081,0.3660866453437218,3.03125,1.0150238605569821,-0.4412802048895834,0.31730337744368237,3.0976278125000016,1.0598079284746444,0.3725871573461385,0.5065203905238047,293.60932812500005,48.162959880381244,-0.3381219190016407,0.3197707436022068,1.0,0.9873886108398438,0.02450980432331562,0.9999998211860657,0.8699953556060791
123,2.2299393413063955,1.0,0.8790278867236339,0.7801979348478805,0.0,0.0,0.0,64,0.03206758878206202,0.5558784604072571,1.5,0.71875,64,0.71875,40,0.625,0.8223499324220146,36.76484375,35.22000359313704,-0.5810298522859374,0.6025227018507252,3.25,1.8540496217739157,-0.37289746383981387,0.5795885493905778,3.0922209375000023,1.179402597135674,0.3700030169911453,0.5636789912920939,296.416140625,72.36565464143442,-0.3194865086675145,0.48046090301393657,1.0,0.990333080291748,0.02880658395588398,0.9999999403953552,0.6296766996383667
124,2.2726889907929944,1.0,0.9194054384715855,0.7529766584572997,0.0,0.0,0.0,64,0.02236851104063218,0.5459309220314026,1.5,0.734375,64,0.734375,38,0.59375,0.8350126597709548,40.6478125,33.45319091977391,-0.5146023513271406,0.5722971301013148,3.109375,1.6781424580097484,-0.41685779737180856,0.5245987709746488,3.1327968750000017,1.5847713845387086,0.38939571934424994,0.7574193389389255,307.07704687500006,106.65587602826757,-0.2487050216595997,0.7081256814740834,1.0,0.9925528168678284,0.0044052861630916595,0.9999999403953552,0.6377288699150085
125,2.2735812058060376,1.0,0.9024004195816815,0.7976916072268825,0.0,0.0,0.0,64,0.024660363853309792,0.5421484708786011,1.5,0.65625,64,0.65625,33,0.515625,0.8171419366716646,36.28,21.66308892736675,-0.5893242684251327,0.37059913513163156,3.078125,1.1766569102227717,-0.4266267603789185,0.36783097049684915,3.1195690625000014,1.0853716761087528,0.38307367119452607,0.5187382264985904,298.04642187499996,47.73341152785594,-0.30866250098841896,0.31691882178425246,1.0,0.9955788254737854,0.017699114978313446,0.9999998807907104,0.7902394533157349
126,2.2049534635904893,0.984375,0.8973709120163842,0.7641388162821104,0.0,0.015625,0.0,63,0.03797201010969665,0.5661637187004089,1.5,0.734375,64,0.734375,41,0.640625,0.8412005969822148,37.39078125,29.93465917130423,-0.5703216888783907,0.5121041988306148,2.984375,1.4736454320408963,-0.45593364940024833,0.46067160675852986,3.172997187500002,1.1421747882377036,0.408608896977282,0.5458864802203136,299.548921875,79.04338965429547,-0.2986868777406866,0.5247967224059438,1.0,0.984332263469696,0.05000000074505806,1.023047924041748,0.6455618143081665
127,2.228113206425649,0.96875,0.9353488212631594,0.7697101245745056,0.0,0.03125,0.0,62,0.028714921975935642,0.5604609847068787,1.5,0.734375,64,0.734375,41,0.640625,0.843330066891375,30.883125,16.772625658625277,-0.6816507696973889,0.28693602208873514,2.734375,1.2530236866775504,-0.5340853534571278,0.39170374534993607,3.504791250000002,1.1874468883747775,0.5671852329298399,0.5675236478854657,303.012609375,85.77535054952729,-0.27569024443095036,0.5694925664054762,1.0,0.9917796850204468,0.017094017937779427,1.0446385145187378,0.6068081259727478
128,2.214816958269432,0.984375,0.9083425776352958,0.7706568741189247,0.0,0.015625,0.0,63,0.02874306827162296,0.5472222566604614,1.5,0.6875,64,0.6875,38,0.59375,0.8235979686102528,36.151250000000005,22.467512691940335,-0.5915268462203944,0.3843607345244906,3.0625,1.2231491119238078,-0.4315112418824735,0.38236474965001765,2.8699625000000015,1.310052948712858,0.26377770244594995,0.6261215012270729,289.4883125,64.61445091025382,-0.3654827837424176,0.4289979491778818,1.0,0.9854345917701721,0.031963471323251724,1.0230478048324585,0.6680753231048584
129,2.215059167745953,0.96875,0.9271773340240601,0.7877015305982908,0.0,0.03125,0.0,62,0.03481108792147432,0.6025403738021851,1.5,0.71875,64,0.71875,34,0.53125,0.8357500395235534,37.73671875,26.945845752098755,-0.5644035975692774,0.4609733710921901,3.21875,1.4083317924054686,-0.3826664268469238,0.4402541178158674,3.1116834375000018,1.0756723886048842,0.3793048469130613,0.5141025875660403,308.3901406250001,84.84498419928606,-0.23998693278176164,0.563315538656808,1.0,0.9919313788414001,0.02118644118309021,1.0446386337280273,0.6777921915054321
130,2.2271532438585426,0.984375,0.9039971975107042,0.7785081802793994,0.0,0.015625,0.0,63,0.02941129653238473,0.545869767665863,1.5,0.734375,64,0.734375,43,0.671875,0.8459663106726827,33.725625,25.94849627597667,-0.6330229841981161,0.44391131431376374,3.0,1.334634781503914,-0.45104916789669336,0.41721592987244766,3.137330625000002,1.2307775465837085,0.3915625618058294,0.5882329305091863,292.04253125,58.844410198093826,-0.3485244317009579,0.3906886298643487,1.0,0.9931501746177673,0.008333333767950535,1.0230478048324585,0.5740286707878113
131,2.3099467780799783,1.0,0.9330610260367393,0.8090536031467064,0.0,0.0,0.0,64,0.028862057853419942,0.5033448934555054,1.5,0.609375,64,0.609375,34,0.53125,0.8301590545121466,33.44921875,20.463399133016697,-0.6377515765765359,0.3500755615220199,2.84375,1.2651426549998226,-0.499893982932243,0.39549221745312374,2.9902087500000016,1.1594606392622566,0.32124771741053443,0.5541480111791305,288.78196875000003,54.970178681538584,-0.3701724470591497,0.36496625117307113,1.0,1.001139521598816,0.0,0.9999998211860657,0.7634175419807434
132,2.17464628566064,0.984375,0.8801751035073447,0.7574086768048324,0.0,0.015625,0.0,63,0.03380330872066531,0.4979996383190155,1.5,0.734375,64,0.734375,42,0.65625,0.834253721924741,31.525624999999998,29.125875570261833,-0.67065926497152,0.49826801396981646,3.09375,1.6556602723687006,-0.42174227887536353,0.5175706864995648,3.3108740625000017,1.3699304135688792,0.4745052228046581,0.6547390988762047,312.25384375000004,104.90593910889572,-0.21433445576606475,0.6965072379366788,1.0,0.9924528002738953,0.016260161995887756,1.023047924041748,0.6790874004364014
133,2.2146160945470124,0.96875,0.9218835912404522,0.7878333299009616,0.0,0.03125,0.0,62,0.038144747881108367,0.5463851690292358,1.5,0.65625,64,0.65625,32,0.5,0.8342454975629752,35.42218750000001,26.5890823147367,-0.6039992102891942,0.45487007613844327,3.078125,1.632719046368664,-0.4266267603789185,0.5103991028793374,3.1549653125000017,1.140964017143192,0.39999081428373,0.5453078090940184,305.329375,69.53026934083734,-0.26030842677484617,0.4616357878585862,1.0,0.9987726807594299,0.017167381942272186,1.0446385145187378,0.9252341985702515
134,2.25026626152521,1.0,0.8952056332782377,0.7995177692265629,0.0,0.0,0.0,64,0.038749039683605914,0.548579216003418,1.5,0.703125,64,0.703125,38,0.59375,0.8347703846152077,35.446875,39.47234177540491,-0.6035768713430155,0.675269153564952,3.3125,2.3642850399222173,-0.353359537825594,0.7390916189844347,3.149271562500002,1.426876769104488,0.3972695660310436,0.6819558137825737,315.36109375000007,84.51356442528156,-0.19370433574176157,0.5611151268083437,1.0,0.9919667840003967,0.033195022493600845,0.9999999403953552,0.6813718676567078
135,2.229177427173097,0.984375,0.9022045073409876,0.7900104000887932,0.0,0.015625,0.0,63,0.04253831522449368,0.5389173030853271,1.5,0.703125,64,0.703125,38,0.59375,0.8437000626223765,29.5025,22.24516759320999,-0.7052696743077438,0.38055698790430637,2.828125,1.3869333020643062,-0.504778464435798,0.4335648038782413,3.2232659375000017,1.3124604019249495,0.4326341436253142,0.6272721098500066,291.11721875000006,63.59608877553638,-0.35466790516945484,0.422236686625005,1.0,0.996212363243103,0.012765957042574883,1.023047924041748,0.6308262348175049
136,2.3009293995492355,1.0,0.9299115343019366,0.7970942656026381,0.0,0.0,0.0,64,0.030140849638157614,0.5401758551597595,1.5,0.75,64,0.75,45,0.703125,0.8375501376274063,32.16796875,16.491776661006647,-0.6596704332769557,0.28213142584814255,3.015625,1.2182490957825498,-0.4461646863931384,0.38083297120463555,3.167002656250002,1.1371746647781333,0.40574389452902965,0.5434967410804545,307.41029687500003,57.63933505094413,-0.2464924583003276,0.38268771428819526,1.0,0.9975470900535583,0.021645022556185722,0.9999998807907104,0.7178497910499573
137,2.1831318457046454,0.96875,0.8965757917011937,0.7896610520670448,0.0,0.03125,0.0,62,0.040541930874764195,0.6258617043495178,1.5,0.75,64,0.75,46,0.71875,0.8406867895253849,33.748281250000005,18.72051285978561,-0.6326353946589013,0.3202593082786397,2.984375,1.2310080663322236,-0.45593364940024833,0.38482151236650974,2.9488409375000018,1.1506923404054943,0.30147654946619423,0.5499573252615898,302.50868750000006,67.19716859871106,-0.27903595808904696,0.4461455156439735,1.0,0.9916633367538452,0.01606425642967224,1.0446386337280273,0.7181445360183716
138,2.2841087358520533,1.0,0.92266439658124,0.809042139967669,0.0,0.0,0.0,64,0.028203622178899955,0.5173481702804565,1.5,0.625,64,0.625,32,0.5,0.7884458649378467,34.89109375,20.584760148377026,-0.6130848436946488,0.3521517329988593,3.234375,1.2467731787999772,-0.37778194534336884,0.3897497939825229,2.781199687500001,1.0535266862453723,0.22135475651064104,0.5035183585692743,305.0565625000001,64.18442680785076,-0.2621197244236123,0.42614286869001683,1.0,0.9922642111778259,0.02222222276031971,0.9999999403953552,0.6882644295692444
139,2.2496717276432214,1.0,0.9017114287707955,0.7950646905620564,0.0,0.0,0.0,64,0.03601630797298911,0.5467404723167419,1.5,0.625,64,0.625,35,0.546875,0.774500082875582,38.213750000000005,25.072347286153725,-0.5562428329953284,0.428922682777259,3.359375,1.2166448164419228,-0.33870609331492907,0.38033146254762257,2.761915625000001,1.2123347597789824,0.21213820829851,0.5794184582603116,311.67028125,74.77795890908234,-0.21820893140100978,0.49647703514901265,1.0,1.0026230812072754,0.031674209982156754,0.9999999403953552,1.0102254152297974
140,2.233354025699028,1.0,0.9005538148339838,0.7892211343306685,0.0,0.0,0.0,64,0.04365605217270643,0.5628873705863953,1.5,0.640625,64,0.640625,38,0.59375,0.7788721053671166,42.78375,63.04064563091419,-0.4780620133887579,1.078461563228062,3.875,3.701773223740212,-0.1775182036976151,1.1571995418697034,2.903384375000001,1.9336938494125302,0.27975122059220753,0.9241819554677422,339.83867187500005,237.96646172990776,-0.03118912949089532,1.5799426075297172,1.0,0.990714967250824,0.034632034599781036,1.0,0.8929319381713867
141,2.3177909637100074,1.0,0.9443616466596723,0.8176579579890415,0.0,0.0,0.0,64,0.028020744851914435,0.4726725220680237,1.5,0.5,64,0.5,22,0.34375,0.7218063481350085,35.482031250000006,21.464180931531573,-0.6029754392994063,0.3671963364137553,3.28125,1.3859648038460428,-0.3631285008327039,0.43326204473370794,2.968123750000001,1.164244078130072,0.3106925002582916,0.5564341889461338,314.7647343750001,57.36634862177541,-0.19766377430765347,0.38087526186281695,1.0,0.9873325824737549,0.02512562833726406,0.9999998807907104,1.0334075689315796
142,2.2270477584482875,0.96875,0.9308957464752659,0.818446889278747,0.0,0.03125,0.0,62,0.031112958617818563,0.47583436965942383,1.5,0.515625,64,0.515625,27,0.421875,0.7525250235939024,30.419843750000002,15.614361527551678,-0.6895763075165042,0.2671211338856222,3.0625,1.1575161985907585,-0.4315112418824735,0.3618474535732365,2.605527187500001,1.3221407228211723,0.1373945398397181,0.6318986839574561,288.40257812500005,58.42355113276367,-0.3726913541731074,0.38789439926459746,1.0,0.9905007481575012,0.020304568111896515,1.0446385145187378,1.0682051181793213
143,2.2936909034111297,1.0,0.9240728607401252,0.8268936552675802,0.0,0.0,0.0,64,0.050764784185909004,0.5277422666549683,1.5,0.5,64,0.5,30,0.46875,0.6813749509952958,36.036249999999995,21.215843909976808,-0.5934941972608225,0.36294793556390714,3.609375,1.2700539789217622,-0.2605543892580496,0.3970275307878233,2.536985937500001,1.2725089943576033,0.10463620714168119,0.6081778928515422,314.49928125,52.39686383878003,-0.19942621049063775,0.3478811134897726,1.0,0.9930853247642517,0.036082472652196884,1.0,1.2051855325698853
144,2.2747502102921633,1.0,0.9214124246500432,0.7765292187528445,0.0,0.0,0.0,64,0.04685982729492299,0.5059270858764648,1.5,0.578125,64,0.578125,33,0.515625,0.7473147941679589,35.37640625,24.26811072214854,-0.6047824084615386,0.4151642858994696,3.484375,1.5102999236492731,-0.2996302412864893,0.4721300506806628,2.999449375000001,1.2921539719880966,0.32566414500833546,0.6175669354071592,322.81337500000006,90.35990487290609,-0.1442260328558132,0.5999310267640704,1.0,0.9901493787765503,0.0393013097345829,0.9999999403953552,1.0717337131500244
145,2.316705838710934,1.0,0.9353980207815766,0.8282563505504308,0.0,0.0,0.0,64,0.043195137487956475,0.5168929696083069,1.5,0.546875,64,0.546875,29,0.453125,0.7129349638380174,33.9065625,18.99601152370133,-0.629927613947008,0.32497237421856223,3.421875,1.1429770270547872,-0.3191681673007092,0.35730240944879077,2.649696875000001,0.986933295904661,0.15850482478919495,0.4716909781775939,307.20793750000007,43.500092123420806,-0.24783599299959289,0.28881233295499575,1.0,1.0015813112258911,0.01860465109348297,0.9999999403953552,1.0590835809707642
146,2.232373060003483,0.984375,0.9148509897409923,0.7887921095015463,0.0,0.015625,0.0,63,0.0563959555492317,0.520713746547699,1.5,0.59375,64,0.59375,37,0.578125,0.7366334981507929,36.13125,20.80091776070229,-0.5918689942274254,0.3558496278119422,3.375,1.352081728298996,-0.3338216118113741,0.42266996436294924,2.653124687500001,1.1554764873513355,0.1601430998761169,0.5522438414445915,313.68000000000006,79.46737867829798,-0.20486570538842847,0.5276117338965411,1.0,0.9986422061920166,0.039603959769010544,1.0230478048324585,1.149943470954895
147,2.31825149205898,1.0,0.9419675515964627,0.8221429041516464,0.0,0.0,0.0,64,0.04333445540069961,0.48638004064559937,1.5,0.484375,64,0.484375,28,0.4375,0.7184287755883272,33.485625,18.045454056614233,-0.6371287602824874,0.30871080707195064,3.171875,1.1257592923778155,-0.39731987135758867,0.3519200282287725,2.818518125000001,1.212206334585407,0.23919058225639128,0.5793570792335511,308.34900000000005,55.677869525849324,-0.24026007978687078,0.36966485832030127,1.0,0.9874230623245239,0.023148147389292717,0.9999998807907104,1.021116852760315
148,2.182558557015587,0.96875,0.9030132002888187,0.8050036205175918,0.0,0.03125,0.0,62,0.046203635030757535,0.4765286147594452,1.5,0.625,64,0.625,38,0.59375,0.7876665406297595,35.150625000000005,37.44259342960066,-0.6086449386971613,0.6405454360003882,3.453125,2.530622993330891,-0.30939920429359924,0.7910899970173214,2.9051103125000015,1.252779568868724,0.2805761083034915,0.5987484896220149,314.0813437500001,125.8229375801093,-0.2022010437958613,0.8353825099647741,1.0,1.003841757774353,0.037344399839639664,1.0446386337280273,0.8677724599838257
149,2.264614419309156,0.984375,0.9316429864792597,0.8150387549579343,0.0,0.015625,0.0,63,0.0451085667492008,0.536021888256073,1.5,0.65625,64,0.65625,38,0.59375,0.8184291585296846,36.811406250000005,19.28983426146946,-0.5802332889570684,0.3299989174259493,3.234375,1.2715908773559992,-0.37778194534336884,0.39750797571421526,2.9516840625000014,1.0807087968561417,0.30283538133243676,0.5165096685150723,309.82809375000005,69.26210341515205,-0.23043985882309362,0.45985534044260246,1.0,0.9954736828804016,0.0043290043249726295,1.023047685623169,0.6780076622962952
150,2.277452998633829,1.0,0.9222005010815337,0.797734324041426,0.0,0.0,0.0,64,0.04670671795179698,0.5391367077827454,1.5,0.65625,64,0.65625,36,0.5625,0.8004613508890249,33.733906250000004,17.99883829733772,-0.6328813135389548,0.307913332615316,3.03125,1.249609313945763,-0.4412802048895834,0.390636389160838,2.984422812500002,1.1112152397368131,0.3184824094303759,0.531089796617765,314.9047656250001,58.789827875381214,-0.19673405783982723,0.39032623872467004,1.0,0.9903316497802734,0.022421523928642273,0.9999998807907104,0.7338191270828247
151,2.284817753496617,1.0,0.9263369934633374,0.8074059359773053,0.0,0.0,0.0,64,0.04453663596545753,0.49971845746040344,1.5,0.59375,64,0.59375,31,0.484375,0.7726521317553234,34.961406249999996,19.381238339821348,-0.6118819796074307,0.3315626035880792,3.125,1.0077822185373186,-0.4119733158682536,0.315039590787656,2.673817187500001,1.3254745874585234,0.1700327911110175,0.6334920579761757,298.7397812500001,58.71671956454059,-0.3040590454807424,0.38984084706728295,1.0,0.9991710186004639,0.032710280269384384,0.9999999403953552,1.0126709938049316
152,2.311042166659089,1.0,0.9292084625922143,0.8002499041864819,0.0,0.0,0.0,64,0.04478778691617745,0.5942440032958984,1.5,0.6875,64,0.6875,39,0.609375,0.8193641739658012,35.0225,17.814711617087717,-0.6108368243672033,0.30476340378087785,3.03125,1.045358042729858,-0.4412802048895834,0.3267860495556107,2.851473437500001,1.1522819663989308,0.25494111337513764,0.5507170647930171,298.38226562500006,58.6297997265582,-0.3064327168153032,0.389263755848337,1.0,0.9974467158317566,0.012195121496915817,0.9999999403953552,0.7077367305755615
153,2.274663228798467,1.0,0.9172875704243779,0.8023457668805669,0.0,0.0,0.0,64,0.059408829001998335,0.47266092896461487,1.5,0.609375,64,0.609375,35,0.546875,0.7810529976752475,32.12921875,21.801712755587538,-0.6603333450405782,0.3729706284592687,3.359375,1.24206465587545,-0.33870609331492907,0.3882778776219522,3.0857690625000016,1.3646790200672192,0.3669194334881282,0.6522292687307714,318.76143750000006,61.00522598999081,-0.17112826375322235,0.4050350420092499,1.0,0.9923569560050964,0.017699114978313446,0.9999998211860657,0.7525124549865723
154,2.240237527902014,1.0,0.902387824608013,0.7584461595599938,0.0,0.0,0.0,64,0.06253134910597904,0.5386775135993958,1.5,0.6875,64,0.6875,40,0.625,0.8194122355072188,47.05453125,57.83546746292687,-0.4050000487311269,0.9894144964071702,3.796875,2.7904955177127593,-0.20194061121538995,0.8723279194893453,3.233558750000001,1.8780412472170143,0.43755344953633124,0.8975835718924177,347.12123437500003,206.91870110517917,0.01716235122661633,1.3738056606557993,1.0,0.9921225905418396,0.0154440151527524,1.0,0.7390908598899841
155,2.1753885997185836,0.984375,0.8817776069045067,0.7452352317667896,0.0,0.015625,0.0,63,0.0667036913674304,0.6692613363265991,1.5,0.734375,64,0.734375,40,0.625,0.848339211210381,43.86421875,37.824939020303106,-0.4595780019151722,0.6470863750931837,3.609375,2.1258614981637445,-0.2605543892580496,0.6645587946816298,2.623745937500001,1.4410133400695841,0.14610193682828154,0.6887121903424415,315.1103593750001,87.74351150875195,-0.19536904899317944,0.582559875703393,1.0,0.9951779842376709,0.026615969836711884,1.023047924041748,0.6751542687416077
156,2.287037573345759,1.0,0.9263286935165524,0.812042343605276,0.0,0.0,0.0,64,0.05993897734881812,0.5713276863098145,1.5,0.703125,64,0.703125,42,0.65625,0.8131929112239168,37.6584375,24.896523867471814,-0.5657427862530471,0.4259148011626898,3.4375,1.197327753791751,-0.3142836857971542,0.37429281709368484,2.829577812500001,1.157107137266886,0.24447640535797346,0.5530231877863584,315.7705937500001,54.30475226721613,-0.19098552195144766,0.36054825236550375,1.0,0.9957691431045532,0.021645022556185722,0.9999999403953552,0.6534148454666138
157,2.246351971886414,1.0,0.9082340119639412,0.778975833726112,0.0,0.0,0.0,64,0.04584981681561258,0.4764181971549988,1.5,0.640625,64,0.640625,38,0.59375,0.7822294241086972,32.284375,17.80449117103252,-0.6576790249547835,0.30458855851844024,3.15625,1.1755151796127516,-0.40220435286114364,0.3674740577258613,2.802576875000001,1.456873117331341,0.23157168456890262,0.6962921492731203,297.656328125,66.9081038930578,-0.3112524698944386,0.44422631391497946,1.0,0.9937112927436829,0.02304147556424141,0.9999998807907104,0.8839051127433777
158,2.293742318991658,1.0,0.9279003236442804,0.7967476822480519,0.0,0.0,0.0,64,0.05409163694932249,0.5822982788085938,1.5,0.65625,64,0.65625,36,0.5625,0.8102987556290238,34.528125,20.76089073195982,-0.6192942954159995,0.3551648694063618,3.125,1.243734296383275,-0.4119733158682536,0.38879981862534785,2.921413750000001,1.2301477019390563,0.28836810844569255,0.5879319050622096,302.9675937500001,65.02324955513964,-0.27598911891698047,0.4317121064261775,1.0,0.9982224106788635,0.008097166195511818,0.9999999403953552,0.658881425857544
159,2.2601640443930435,1.0,0.9132554261013865,0.771271008468786,0.0,0.0,0.0,64,0.04417884784179414,0.49039289355278015,1.5,0.65625,64,0.65625,38,0.59375,0.8253162414286572,32.96171875,20.565616447322906,-0.6460914342479152,0.35182423404071617,2.8125,1.2103072956898178,-0.509662945939353,0.37835031036253114,2.8582353125000015,1.334565206807738,0.25817285704646775,0.6378367924692406,284.09165625,71.41974281190981,-0.4013130729587358,0.47418066338870507,1.0,0.9913631081581116,0.017391303554177284,0.9999999403953552,0.6321616768836975
160,2.293214215273305,1.0,0.9387160092592239,0.7990047528289013,0.0,0.0,0.0,64,0.04306732428104649,0.4695836901664734,1.5,0.578125,64,0.578125,35,0.546875,0.7538179793500412,30.887500000000003,14.290901935322347,-0.6815759248208508,0.24448018079225967,3.25,1.0752906583803283,-0.37289746383981387,0.33614318923546616,2.877510937500001,1.3474400813437404,0.26738537267337253,0.6439901588507386,308.64190625000003,53.7665202878726,-0.23831537270074374,0.3569747419190398,1.0,0.9906899333000183,0.014150943607091904,0.9999999403953552,0.8906447291374207
161,2.1370857008613173,0.953125,0.8954178582205147,0.7779556059905887,0.0,0.046875,0.0,61,0.053161244730145336,0.5501959323883057,1.5,0.59375,64,0.59375,35,0.546875,0.8056082493452432,37.39828125,17.95092272651739,-0.5701933833757542,0.3070936217622197,3.0625,0.982264602843857,-0.4315112418824735,0.30706261018800557,2.6444546875000015,1.5415222124342003,0.15599939452361802,0.7367490014601935,293.27143750000005,71.31727512603346,-0.34036529309411373,0.4735003445671614,1.0,0.991314172744751,0.032258063554763794,1.0648608207702637,0.9056817889213562
162,2.272944102468978,1.0,0.9115685722790658,0.7927324629615053,0.0,0.0,0.0,64,0.04892966725772399,0.5545677542686462,1.5,0.640625,64,0.640625,38,0.59375,0.8148159025356121,35.774531249999995,20.496079802739683,-0.597971524696579,0.3506346428227277,3.15625,1.3603624287299323,-0.40220435286114364,0.425258567760798,2.9345581250000015,1.2686542544795205,0.29465027880817896,0.6063355737898001,307.00868750000006,58.529281776537715,-0.24915888347021564,0.3885963820053828,1.0,0.9978751540184021,0.004273504484444857,0.9999999403953552,0.7526261210441589
163,2.2627874870847196,0.984375,0.9360926134718789,0.8139160862480664,0.0,0.015625,0.0,63,0.04758151940923135,0.491750031709671,1.5,0.578125,64,0.578125,32,0.5,0.7732286750255992,33.68125,21.64034141510942,-0.633782125088716,0.37020998433244373,3.109375,1.1056274731459055,-0.41685779737180856,0.34562668431381716,2.8558965625000012,1.0626310336880513,0.2570550841637505,0.5078696542127853,303.49723437500006,56.22666115535804,-0.2724726494782498,0.37330847797919503,1.0,0.9957172870635986,0.0051282052882015705,1.0230478048324585,0.8926407098770142
164,2.2604656322440553,1.0,0.9110549209872261,0.7998268218778872,0.0,0.0,0.0,64,0.0506959789716872,0.5407469868659973,1.5,0.53125,64,0.53125,31,0.484375,0.7480579660489239,39.7225,31.63268014451194,-0.5304320427149317,0.5411529234246027,3.578125,1.7121321457104297,-0.2703233522651595,0.5352241790313264,2.5653662500000007,1.4677562649452187,0.11820018093774201,0.7014935976029546,314.1328906250001,91.87113683104539,-0.20185880605569637,0.609964624537335,1.0,0.9881778359413147,0.031674209982156754,0.9999999403953552,0.9694372415542603
165,2.2729216424537264,1.0,0.9171410907874815,0.7834394166626424,0.0,0.0,0.0,64,0.04461831711531201,0.5936554074287415,1.5,0.65625,64,0.65625,39,0.609375,0.8234140258777651,32.2890625,19.10019172995637,-0.6575988340156356,0.326754626715674,2.953125,1.0220947775891431,-0.4657026124073583,0.31951379430491517,3.172927812500002,1.3290180542350503,0.40857574016542164,0.6351856084085052,303.58704687500006,61.87146064458704,-0.2718763528639823,0.4107862769898697,1.0,0.9957314729690552,0.004291845485568047,0.9999999403953552,0.728413462638855
166,2.199688075707579,0.96875,0.9130708935760683,0.7790819580502009,0.0,0.03125,0.0,62,0.05069437500238859,0.5238698720932007,1.5,0.578125,64,0.578125,33,0.515625,0.813637418054266,34.083125,24.0015004657912,-0.6269070885724379,0.41060327750613596,3.046875,1.304196202407828,-0.43639572338602844,0.40770062257073075,3.0022300000000017,1.5017565158923083,0.3269931058729024,0.7177435424513707,295.56079687500005,89.69634913072336,-0.32516543512162566,0.5955254480034154,1.0,0.9903255105018616,0.030701754614710808,1.0446385145187378,0.8048783540725708
167,2.251583320622002,1.0,0.9028240803163499,0.7702663144288946,0.0,0.0,0.0,64,0.05550281526686026,0.5499733090400696,1.5,0.625,64,0.625,33,0.515625,0.8142774924934675,36.46890625,29.374940538088087,-0.5860925735774732,0.5025288680879654,3.15625,1.2896068926227093,-0.40220435286114364,0.40313990488784784,2.8776181250000015,1.5104547665757782,0.26743660144124703,0.7219007498232823,299.75096875,72.62404068449223,-0.2973454178382695,0.48217641836702607,1.0,0.992399275302887,0.03017241321504116,0.9999999403953552,0.8325110673904419
168,2.2712500561667963,1.0,0.9163673829752952,0.7951315944413178,0.0,0.0,0.0,64,0.039485862165635974,0.500627338886261,1.5,0.640625,64,0.640625,39,0.609375,0.7912817813518558,35.6371875,25.73712478288598,-0.6003211192136116,0.44029529755855706,3.15625,1.3371933059584167,-0.40220435286114364,0.41801574205641,2.6471015625000014,1.144785171900742,0.15726443144459792,0.5471340766166929,295.97393750000003,62.715584004514774,-0.32242244994802677,0.4163907073481051,1.0,0.9968032240867615,0.013761468231678009,0.9999999403953552,0.797921895980835
169,2.254362103736833,0.984375,0.9273005170481545,0.79156737090712,0.0,0.015625,0.0,63,0.04713161443436455,0.5970969796180725,1.5,0.640625,64,0.640625,33,0.515625,0.8202320722262446,34.83234375000001,21.357520246258368,-0.6140899034653021,0.3653716493690162,3.140625,1.1300883192808429,-0.4070888343646986,0.35327331154629116,2.6079518750000013,1.5702099180233797,0.13855338534974,0.7504598894879677,282.98275,64.74136503836829,-0.40867548957574446,0.4298405764836284,1.0,0.9928479790687561,0.01785714365541935,1.0230478048324585,0.7402710914611816
170,2.2750779745607024,1.0,0.9254689826630056,0.7844194044124615,0.0,0.0,0.0,64,0.037731745117412466,0.4598366618156433,1.5,0.578125,64,0.578125,32,0.5,0.8163388114974449,35.43328125,21.574190747763833,-0.6038094250665443,0.3690783183826407,2.890625,1.1196705360841643,-0.48524053842157816,0.35001664150902895,2.694514062500001,1.2443777558818299,0.1799245733160354,0.5947329605050033,284.719984375,63.17774448764879,-0.3971413826752391,0.41945915251265403,1.0,0.9973774552345276,0.014423076994717121,0.9999999403953552,0.8907913565635681
171,2.234449521361404,1.0,0.9037012034095824,0.7761747957881963,0.0,0.0,0.0,64,0.04902832355487252,0.5658639073371887,1.5,0.625,64,0.625,38,0.59375,0.761896883658828,41.065625,28.97922110511901,-0.5074546656177599,0.49575913732127613,3.671875,1.7325440786239754,-0.2410164632438297,0.5416050883924796,2.5316150000000013,1.3614358789849428,0.10206924261265164,0.6506792547675028,314.7719218750001,79.78731320131371,-0.19761605398013737,0.5297358911448259,1.0,0.9950539469718933,0.01785714365541935,0.9999999403953552,0.8552373051643372
172,2.2830552065234158,1.0,0.9343997265677899,0.7900340786730746,0.0,0.0,0.0,64,0.029885991149043924,0.4834716320037842,1.5,0.515625,64,0.515625,32,0.5,0.7760376360401268,34.84078125,20.382237464938648,-0.6139455597748361,0.3486870963730093,2.96875,1.237042213305593,-0.4608181309038033,0.3867078278405036,2.736158125000001,1.5767870757838502,0.19982777108778374,0.7536033501357523,293.70110937500004,71.47760808553033,-0.33751255116722745,0.47456485118821606,1.0,0.9959777593612671,0.015463917516171932,0.9999999403953552,0.9453840255737305
173,2.276814399278705,1.0,0.9131133602932096,0.7754187295543895,0.0,0.0,0.0,64,0.04640164471945015,0.4822293817996979,1.5,0.609375,64,0.609375,38,0.59375,0.8189057970971696,36.52046875,20.432041429279003,-0.5852104732468467,0.349539112730074,2.890625,1.160780818834891,-0.48524053842157816,0.3628679961139466,2.486740625000001,1.5409808851587397,0.08062216211927742,0.7364902816529525,278.29729687500003,64.25664660068246,-0.43978385238433576,0.42662236116543667,1.0,0.9930563569068909,0.03153153136372566,0.9999999403953552,0.873557984828949
174,2.253004797426229,0.984375,0.922029059084635,0.797288810810226,0.0,0.015625,0.0,63,0.05519246906733384,0.5657190680503845,1.5,0.546875,64,0.546875,34,0.53125,0.7807309572009855,38.875625,26.928762960993495,-0.5449198723876482,0.46068112894563057,3.453125,1.4569841228973637,-0.30939920429359924,0.4554631679529877,2.5036400000000008,1.2654650760738138,0.08869898226245959,0.6048113505337677,303.87684375000003,70.97151436430742,-0.2699522900064982,0.47120471788308294,1.0,0.9934058785438538,0.022026430815458298,1.0230478048324585,0.9274158477783203
175,2.1972379960383597,0.96875,0.8960025298499292,0.8029661298006255,0.0,0.03125,0.0,62,0.05765130419831216,0.5893301963806152,1.5,0.703125,64,0.703125,36,0.5625,0.834535430441824,40.1075,25.813540172746553,-0.523845693579586,0.4416025662259214,3.140625,1.4016417550055364,-0.4070888343646986,0.43816276652383157,2.482841875000001,1.419583473429438,0.07875880903472664,0.6784700850252423,294.96884375,76.33677902337179,-0.3290956190519537,0.5068265873427817,1.0,0.9984636306762695,0.007968127727508545,1.0446385145187378,0.790065586566925
176,2.2425907821161353,0.984375,0.9087024967348765,0.7992599864340721,0.0,0.015625,0.0,63,0.05626283813949999,0.6457297205924988,1.5,0.609375,64,0.609375,38,0.59375,0.83959930689885,39.568593750000005,30.373347890625435,-0.5330649785502869,0.5196090223817501,3.3125,1.7488835724541527,-0.353359537825594,0.5467129255375005,2.6220834375000015,1.3991390561768466,0.14530736818369924,0.66869896147296,295.4881875,83.39387246054024,-0.3256475141693821,0.553681100057081,1.0,0.9986697435379028,0.008333333767950535,1.0230478048324585,0.6507686972618103
177,2.254881370994098,0.984375,0.9359103989979577,0.7780676850012368,0.0,0.015625,0.0,63,0.0428046225571032,0.5064947605133057,1.5,0.640625,64,0.640625,36,0.5625,0.7995271007674111,35.511250000000004,19.57788257032665,-0.6024755824453846,0.3349266751661554,3.328125,1.1326777937149646,-0.348475056322039,0.3540827989048445,2.7804268750000007,1.1915004973783005,0.22098540157491683,0.5694610136668772,308.57035937500007,74.50338550851386,-0.23879039743921446,0.4946540462652058,1.0,0.9982389807701111,0.021367521956562996,1.023047685623169,0.7378365397453308
178,2.2129124496661996,0.984375,0.9076038881663292,0.7638913244565374,0.0,0.015625,0.0,63,0.05922972500703068,0.5361624360084534,1.5,0.71875,64,0.71875,39,0.609375,0.8327247974329552,42.753125,26.81588381182643,-0.47858592752452406,0.4587500601494876,3.484375,1.4576542317624575,-0.2996302412864893,0.4556726485518305,2.4343790625000015,1.3376658193586222,0.055596684980123504,0.6393186869125076,305.81115625000007,80.11544244678643,-0.25710971247346726,0.5319144560229613,1.0,0.9937348365783691,0.01976284570991993,1.0230478048324585,0.6994557976722717
179,2.2428329596677394,0.984375,0.9188792549428486,0.793257982220448,0.0,0.015625,0.0,63,0.04842571574742991,0.5594038367271423,1.5,0.703125,64,0.703125,43,0.671875,0.8333681842827545,36.370000000000005,23.09598943810375,-0.5877846023934935,0.39511233783274585,3.03125,1.237042213305593,-0.4412802048895834,0.3867078278405036,2.9399171875000016,1.3388440802790829,0.2972115678468904,0.6398818202553858,302.4473437500001,67.17333248842576,-0.2794432407104134,0.44598725936716976,1.0,0.9921632409095764,0.017094017937779427,1.0230478048324585,0.6965311169624329
180,2.2566609647725873,1.0,0.9014688456081785,0.7891481660889066,0.0,0.0,0.0,64,0.05923737158748363,0.5610266327857971,1.5,0.625,64,0.625,35,0.546875,0.83817168831878,40.140625,24.936110291791202,-0.523279010942941,0.42659202197200785,3.09375,1.3774835525333868,-0.42174227887536353,0.4306107477632331,2.5854293750000013,1.3136129070143197,0.1277890711857652,0.6278229335533059,297.09893750000003,75.16904962459519,-0.31495318129331895,0.49907362325792587,1.0,0.9927879571914673,0.025316456332802773,1.0000001192092896,0.7146013975143433
181,2.1740639283231205,0.96875,0.8994618630216967,0.7970114028313204,0.0,0.03125,0.0,62,0.054154754026434805,0.4967648983001709,1.5,0.65625,64,0.65625,36,0.5625,0.793087189840106,37.6478125,27.39359519513355,-0.5659245523817822,0.4686332000713686,3.21875,1.4944559001522928,-0.3826664268469238,0.4671771009390378,2.7607646875000014,1.2812344608313424,0.21158813380264593,0.6123481076301217,305.7604687500001,62.541046575921065,-0.2574462445222987,0.41523189228635554,1.0,0.991216242313385,0.012820512987673283,1.0446386337280273,0.7909915447235107
182,2.166716917427129,0.984375,0.8766687939327861,0.760803392961668,0.0,0.015625,0.0,63,0.053713030760642516,0.5556854605674744,1.5,0.75,64,0.75,45,0.703125,0.8478949751650364,45.96671875,39.39157333962301,-0.42360969267604426,0.6738874155982628,3.625,2.301494079940246,-0.2556699077544946,0.7194627368966011,2.7533312500000013,1.2999777741267122,0.2080354262183071,0.6213062123158878,317.28626562500006,106.82818890472603,-0.18092244601655044,0.7092697269558023,1.0,0.9949668049812317,0.007905138656497002,1.0230478048324585,0.6371065974235535
183,2.2498129052935325,1.0,0.9003948555327952,0.8087333712988192,0.0,0.0,0.0,64,0.0658712443724639,0.5735400915145874,1.5,0.625,64,0.625,37,0.578125,0.7720929061316414,38.62468750000001,21.86146130814095,-0.5492127606633644,0.37399277086822535,3.578125,1.1565666796060659,-0.2703233522651595,0.36155062746648414,2.6646712500000005,1.09089736495279,0.16566161808075516,0.5213791522701338,314.90732812500005,57.26702414267712,-0.1967170445056696,0.38021581189092896,1.0,0.9953110218048096,0.013333333656191826,1.0,0.8491631150245667
184,2.2469022381452666,0.984375,0.9172901549036541,0.819469447889623,0.0,0.015625,0.0,63,0.053001360917081276,0.5453354716300964,1.5,0.671875,64,0.671875,41,0.640625,0.7992609746564919,34.68546875,23.19223717982535,-0.6166025528919358,0.3967588864833096,3.140625,1.2974396361199236,-0.4070888343646986,0.4055884738948388,2.753305625000001,1.1119028613848705,0.20802317910761986,0.5314184357761906,302.83400000000006,56.70521862034618,-0.27687609456972734,0.37648578844382824,1.0,0.9932024478912354,0.026200873777270317,1.023047924041748,0.7536401748657227
185,2.1972234247497027,0.96875,0.9100922081739672,0.8038501050799625,0.0,0.03125,0.0,62,0.05494607406828932,0.6283263564109802,1.5,0.671875,64,0.671875,33,0.515625,0.8491159442708168,40.49625,21.190613451183996,-0.5171951916929219,0.3625163080042853,3.375,1.3635890143294642,-0.3338216118113741,0.42626722041235326,2.777922500000001,1.3365907796680905,0.21978847053775846,0.6388048867141448,306.18584375000006,75.89128104940214,-0.25462203105207987,0.5038687704070419,1.0,0.9904765486717224,0.025423727929592133,1.0446383953094482,0.6433625221252441
186,2.269978757210496,1.0,0.9151944820769131,0.7845340209223508,0.0,0.0,0.0,64,0.05600334372195004,0.5783483386039734,1.5,0.640625,64,0.640625,37,0.578125,0.8107421496965186,34.07828125,18.22155613506702,-0.6269899525428907,0.31172345583078204,3.09375,1.19528696868158,-0.42174227887536353,0.37365485375778973,3.1727550000000018,1.3420636985488075,0.4084931468457873,0.6414205918190837,319.67387500000007,71.59363050612033,-0.16507027191488452,0.4753351646365327,1.0,0.9893897175788879,0.02109704725444317,0.9999998211860657,0.6855943202972412
187,2.2387636093174126,0.984375,0.9124326923536876,0.7799763497403234,0.0,0.015625,0.0,63,0.05183267526490763,0.6417648792266846,1.5,0.71875,64,0.71875,41,0.640625,0.8366376745181296,35.99546875,22.600023916586316,-0.594191858431409,0.3866276570955832,3.234375,1.4333329548206863,-0.37778194534336884,0.4480696516004757,3.0313137500000016,1.376506109375633,0.3408932777928269,0.6578818608036386,317.4993593750001,84.4914681157526,-0.17950764204553757,0.5609684216775443,1.0,0.9909533262252808,0.030188679695129395,1.023047685623169,0.7177212834358215
188,2.295330776710149,1.0,0.9260165696032345,0.825889187271343,0.0,0.0,0.0,64,0.045369342813657496,0.5378224849700928,1.5,0.515625,64,0.515625,29,0.453125,0.7555277204316013,33.2284375,22.033666301448648,-0.641528569810401,0.37693875063127563,3.296875,1.1816260975346644,-0.35824401932914895,0.3693843723216581,2.671093750000001,0.9219409024367776,0.16873116221298448,0.4406287718702586,304.5526718750001,58.81267507653401,-0.2654652306020244,0.39047792928770864,1.0,0.9995332360267639,0.013636363670229912,1.0,0.8905913829803467
189,2.2403298943236623,0.96875,0.9350484532694663,0.8421322453397913,0.0,0.03125,0.0,62,0.04469782520976949,0.5208403468132019,1.5,0.53125,64,0.53125,32,0.5,0.7838887752413443,36.06875,14.108564387013303,-0.5929382067493971,0.24136085935421728,3.296875,0.9630629441396861,-0.35824401932914895,0.3010600407942073,2.6357212500000005,1.0445739817556916,0.15182537010441724,0.499239538556214,300.95928125,48.870971929110446,-0.28932300834374375,0.3244714833379655,1.0,0.9918891787528992,0.013761468231678009,1.0446386337280273,0.9240332245826721
190,2.2235987365793672,0.984375,0.9109625717004141,0.7885471048633392,0.0,0.015625,0.0,63,0.04879700054023979,0.567412257194519,1.5,0.640625,64,0.640625,40,0.625,0.8072768322709787,36.96265625,29.460214869071063,-0.5776457946538969,0.5039876902078015,3.390625,1.8423591152039278,-0.3289371303078191,0.575934017351647,2.9827975000000015,1.3720831426999078,0.31770561403179054,0.6557679656839007,323.91206250000005,117.528564863355,-0.13693146209575172,0.7803132671703592,1.0,0.9858827590942383,0.0398230105638504,1.0230478048324585,0.7812018990516663
191,2.267306557837579,1.0,0.9075089173857123,0.7840050731875964,0.0,0.0,0.0,64,0.053552009574094936,0.5477827191352844,1.5,0.6875,64,0.6875,37,0.578125,0.8128195306579642,38.849843750000005,22.080492202690728,-0.5453609225529614,0.37773982007064594,3.484375,1.322783375831054,-0.2996302412864893,0.4135110996772342,2.758802187500001,1.1265517924629422,0.2106501843500184,0.5384196876927531,308.69196875000006,73.27708439972234,-0.2379829902456091,0.48651220410242363,1.0,0.9984802603721619,0.020661156624555588,0.9999998807907104,0.7736839652061462
192,2.3046774929498977,1.0,0.9309854665771127,0.812821894636634,0.0,0.0,0.0,64,0.047444575615109896,0.4868992567062378,1.5,0.546875,64,0.546875,31,0.484375,0.7604537186369902,33.6971875,15.564938309863095,-0.6335094758956132,0.26627563111396196,3.125,1.2054563451241194,-0.4119733158682536,0.3768338701505111,2.830551875000001,1.2373134532764882,0.24494194491909446,0.5913566757855768,309.6611562500001,66.16169977180408,-0.23154821529957806,0.4392706757757571,1.0,0.9943451285362244,0.026431718841195107,0.9999999403953552,0.8464937210083008
193,2.293133883502477,1.0,0.918685614131391,0.8185778905360124,0.0,0.0,0.0,64,0.0509627830146278,0.5067005753517151,1.5,0.625,64,0.625,36,0.5625,0.7941767957004707,32.397968750000004,17.907834980435894,-0.6557357311960998,0.3063565024397577,3.15625,1.2401959270615268,-0.40220435286114364,0.38769370025703903,2.910510625000001,1.2525819819774724,0.2831571122033088,0.598654055728259,306.237734375,45.84174908047872,-0.2542775110353819,0.30435941287449014,1.0,0.9905245304107666,0.03030303120613098,0.9999999403953552,0.846036434173584
194,2.1994536214406555,0.96875,0.9061793639294563,0.7687972826080343,0.0,0.03125,0.0,62,0.04981832730278338,0.5768628120422363,1.5,0.765625,64,0.765625,44,0.6875,0.8623228099754452,35.13359375,28.23343686832088,-0.6089362991093986,0.48300070780649745,3.140625,1.6092232938206557,-0.4070888343646986,0.5030541704804349,2.9476381250000014,1.2350687432068257,0.30090168203893886,0.5902838479735274,300.8134687500001,80.27816497283233,-0.2902911085532673,0.5329948278124809,1.0,0.9992069602012634,0.01976284570991993,1.0446385145187378,0.708767294883728
195,2.2957371836179945,1.0,0.921877856948413,0.8153083093139908,0.0,0.0,0.0,64,0.03639098543445589,0.5329123139381409,1.5,0.6875,64,0.6875,41,0.640625,0.8137034328045397,33.7390625,23.24498418468151,-0.6327931035058921,0.3976612506127289,3.296875,1.4106701366283332,-0.35824401932914895,0.4409851001586211,2.767488750000001,1.1648850553159487,0.2148018055179616,0.5567405350356318,299.7320937500001,57.78748625343739,-0.2974707355679202,0.3836713419619199,1.0,0.9984374642372131,0.008547008968889713,0.9999998807907104,0.6648352146148682
196,2.2247285627775177,0.984375,0.9083879987398783,0.7971548752678481,0.0,0.015625,0.0,63,0.04310689244675646,0.5598937273025513,1.5,0.640625,64,0.640625,38,0.59375,0.8116720640384569,35.3571875,19.186349840833294,-0.6051111913120449,0.3282285680119785,3.25,1.1858541225631423,-0.37289746383981387,0.37070608176474085,2.9375912500000014,1.160606753576956,0.2960999185195168,0.5546957805009755,309.556703125,54.582347642884926,-0.2322417161461997,0.36239130519943685,1.0,0.9888346791267395,0.036036036908626556,1.0230478048324585,0.7369682788848877
197,2.2588388354683033,0.984375,0.9302893437090374,0.8179761257300712,0.0,0.015625,0.0,63,0.04398308515863414,0.5494505167007446,1.5,0.625,64,0.625,39,0.609375,0.8312709674669851,37.924062500000005,21.235949672573952,-0.5611986330346672,0.36329189289402963,3.1875,1.0588171466310885,-0.3924353898540337,0.3309934571754497,2.663010625000001,1.4584213404310202,0.16486794556622322,0.6970321008700066,302.63615625000006,59.02451996104535,-0.27818964845453165,0.39188444160374486,1.0,0.9905400276184082,0.021645022556185722,1.0230478048324585,0.674929141998291
198,2.2402852013940397,0.984375,0.9134888492879414,0.7868368568567871,0.0,0.015625,0.0,63,0.054016087508829545,0.6156542301177979,1.5,0.734375,64,0.734375,44,0.6875,0.8498603121561915,41.0084375,25.65003948697923,-0.508432995075364,0.43880549453674733,3.265625,1.4603315922676603,-0.3680129823362589,0.4565096096952552,2.479602187500001,1.26676852073059,0.07721044566284962,0.6054343136942025,287.74320312500004,70.11201861823957,-0.37706917552350566,0.4654982248742302,1.0,0.989538311958313,0.03305784985423088,1.0230478048324585,0.6562083959579468
199,2.210791670195884,1.0,0.8799699229421094,0.7725807453729794,0.0,0.0,0.0,64,0.05254691214958464,0.543060302734375,1.5,0.75,64,0.75,46,0.71875,0.833605326298728,38.168125,25.701253001738554,-0.5570233581363677,0.43968162463714494,3.453125,1.5302132970194058,-0.30939920429359924,0.4783551069302498,2.8509600000000015,1.3186606732732664,0.25469572309636923,0.6302354429034054,310.51593750000006,78.03318574308531,-0.22587302347979427,0.5180896251536191,1.0,0.9951250553131104,0.024193547666072845,0.9999999403953552,0.7259817719459534
200,2.289161126785311,1.0,0.9310737028717995,0.8086341002343852,0.0,0.0,0.0,64,0.03568908660081799,0.457138329744339,1.5,0.5625,64,0.5625,31,0.484375,0.7717068259738241,32.58828125,18.460081134258278,-0.6524799790666961,0.3158039984857994,3.21875,1.230710541719701,-0.3826664268469238,0.3847285041446397,2.9030656250000018,1.1593032832129666,0.2795988784836602,0.5540728050541373,308.93635937500005,62.48298004366055,-0.23636039537021628,0.4148463682603101,1.0,0.9943158030509949,0.026905829086899757,0.9999998807907104,0.8591055274009705
201,2.23480147017999,0.984375,0.916006272037824,0.7961507991293002,0.0,0.015625,0.0,63,0.042740497242525315,0.49856269359588623,1.5,0.65625,64,0.65625,37,0.578125,0.8318582937848729,33.66703125,21.752764815628,-0.6340253709374646,0.3721332564539974,2.984375,1.2807735394576982,-0.45593364940024833,0.40037853847832044,2.791318750000001,1.248860388153312,0.2261910210369991,0.596875371962515,292.3569375000001,65.26698004683224,-0.3464369785916516,0.4333303184455518,1.0,0.9914869666099548,0.013392857275903225,1.0230478048324585,0.67308109998703
202,2.2869771104365384,1.0,0.9244487471878529,0.7813152474019617,0.0,0.0,0.0,64,0.05315388382502085,0.5615997314453125,1.5,0.75,64,0.75,40,0.625,0.8348598550245648,35.00375,21.302539204576057,-0.611157588123795,0.3644310666772118,2.96875,1.0601997158554608,-0.4608181309038033,0.3314256577388949,3.0030878125000013,1.2932442503188324,0.32740308537090573,0.6180880187006753,301.77164062500003,61.603828720139056,-0.2839294701961475,0.4090093749949555,1.0,0.988655149936676,0.026905829086899757,0.9999998807907104,0.6931604146957397
203,2.2344229265618294,0.984375,0.9057703387169611,0.8036549306221725,0.0,0.015625,0.0,63,0.05434965502137525,0.5812890529632568,1.5,0.734375,64,0.734375,41,0.640625,0.8387634411722847,36.0878125,24.88763789946414,-0.5926120969301958,0.4257627853504715,3.125,1.192424001771182,-0.4119733158682536,0.3727598707869655,2.9429478125000017,1.2316856787276202,0.29866001271816117,0.5886669595778719,301.86696875000007,69.93383379934231,-0.2832965534175032,0.46431519351197764,1.0,0.991306483745575,0.023904383182525635,1.0230478048324585,0.6424311399459839
204,2.212520729343561,0.984375,0.8986891756455103,0.7960568282855154,0.0,0.015625,0.0,63,0.04257855995864737,0.5113956332206726,1.5,0.71875,64,0.71875,40,0.625,0.8282031784285766,36.57484375,30.404697981571626,-0.5842802583527313,0.520145340938624,3.234375,1.9504982336251935,-0.37778194534336884,0.6097390428709694,2.7603825000000013,1.1254453708671304,0.21140547262739698,0.5378908889512668,296.76707812500007,90.38199807610076,-0.3171565118066151,0.6000777112708295,1.0,0.995775043964386,0.008968610316514969,1.023047924041748,0.6731875538825989
205,2.288939854998304,1.0,0.9306791113922372,0.8126871324838405,0.0,0.0,0.0,64,0.029171012386415385,0.4499852657318115,1.5,0.625,64,0.625,36,0.5625,0.8033867983486875,31.08484375,18.13836507173637,-0.6781998862827252,0.3103002730047137,3.15625,1.1349387373334299,-0.40220435286114364,0.35478958529108284,2.9630034375000016,1.272248463521154,0.30824531844598296,0.6080533757787063,305.35012500000005,60.766125090768135,-0.2601706602641036,0.40344756747424865,1.0,0.9866703748703003,0.02575107291340828,0.9999998807907104,0.6841944456100464
206,2.2608416089739656,0.984375,0.9358968857734923,0.795263676399014,0.0,0.015625,0.0,63,0.052750484824722076,0.4942052662372589,1.5,0.65625,64,0.65625,38,0.59375,0.8100297678174313,34.40828125,21.990488537283532,-0.6213445104268802,0.3762000913334183,3.171875,1.305692913504167,-0.39731987135758867,0.4081685046613697,2.9293631250000014,1.1333238079715957,0.2921674011488672,0.5416562778784987,308.01223437500005,73.44690769693406,-0.24249598461068908,0.48763972039638154,1.0,0.9927799105644226,0.008771929889917374,1.023047685623169,0.7191596031188965
207,2.2753706786970955,1.0,0.9156440845690668,0.8070351154394022,0.0,0.0,0.0,64,0.03973715415057387,0.4835779070854187,1.5,0.59375,64,0.59375,34,0.53125,0.8110427501156812,33.28203125,24.894091742550554,-0.6406117200728102,0.42587319382795685,3.078125,1.4394517999485081,-0.4266267603789185,0.44998244429487333,2.8620640625000013,1.0673968759626145,0.26000275460914135,0.5101474219339242,300.01223437500005,55.960623409105246,-0.2956107839330559,0.37154216029114606,1.0,0.9927414655685425,0.012658228166401386,0.9999999403953552,0.6603347063064575
208,2.308784174627942,1.0,0.9404514459893107,0.7992944452689268,0.0,0.0,0.0,64,0.04497688465731594,0.6272690296173096,1.5,0.6875,64,0.6875,41,0.640625,0.8263025278683043,34.56281250000001,16.43513438003608,-0.6187008824663051,0.2811624236707542,3.265625,1.107392594961245,-0.3680129823362589,0.3461784734247642,2.9000478125000013,1.1328326323348556,0.27815655716773285,0.5414215273462061,307.00703125000007,63.857087075106854,-0.24916987989351283,0.42396954566315065,1.0,0.9965957999229431,0.012711863964796066,0.9999998807907104,0.6122950911521912
209,2.2808567141786584,1.0,0.9258918764535338,0.7838428020637467,0.0,0.0,0.0,64,0.06994216950798951,0.5373024940490723,1.5,0.6875,64,0.6875,44,0.6875,0.8015107889829216,36.70328125,21.924642247272782,-0.5820830266200794,0.37507363248854036,3.421875,1.3555982016714982,-0.3191681673007092,0.423769237908276,2.9942896875000016,1.0652138397758009,0.3231981444649709,0.5091040702924018,328.4550937500001,72.0484216060888,-0.10676868795087732,0.47835468188758556,1.0,0.9945294857025146,0.00826446246355772,1.0,0.7871952056884766
210,2.2786969121425718,1.0,0.9224776092451066,0.8023033397346067,0.0,0.0,0.0,64,0.04705195525646218,0.5246553421020508,1.5,0.65625,64,0.65625,34,0.53125,0.8043183227770445,40.763281250000006,30.780487785217087,-0.5126269811927978,0.5265741275576162,3.390625,1.8842868967795217,-0.3289371303078191,0.5890409276614761,2.780412812500001,1.6929532250196968,0.22097868059953993,0.8091233379521062,315.15201562500005,121.3367867403951,-0.19509247857327067,0.8055973847671132,1.0,0.9941971898078918,0.021739130839705467,1.0,0.7136306166648865
211,2.2299905511224134,0.984375,0.9170959583291459,0.7765290709928181,0.0,0.015625,0.0,63,0.06176929809616881,0.5620868802070618,1.5,0.75,64,0.75,44,0.6875,0.8347415669156901,38.495000000000005,52.814161837758995,-0.5514313766464557,0.9035130107899474,3.4375,2.833256739160784,-0.3142836857971542,0.8856953687842122,2.9665915625000014,1.1132793030491324,0.30996021265220386,0.5320762868363527,317.012515625,156.95483193073724,-0.1827399680558631,1.0420780500846152,1.0,0.9973627328872681,0.020576132461428642,1.0230478048324585,0.8578484654426575
212,2.2457650242073997,0.984375,0.9145298439358908,0.8134024610027191,0.0,0.015625,0.0,63,0.043615374821267185,0.5106440782546997,1.5,0.625,64,0.625,35,0.546875,0.8169846645635794,31.42296875,17.61552215729138,-0.6724154465388584,0.30135578994633355,2.921875,1.1497919309053268,-0.4754715754144682,0.3594327948444046,2.9729778125000013,0.9959972482085317,0.3130124316034607,0.4760229675289603,291.67185937500005,56.22609792693784,-0.35098545198284153,0.3733047385086311,1.0,0.9929556846618652,0.013452914543449879,1.0230478048324585,0.7801483273506165
213,2.2740703631782715,1.0,0.9188583821523935,0.7980328263496697,0.0,0.0,0.0,64,0.056494686352327926,0.5104203224182129,1.5,0.671875,64,0.671875,39,0.609375,0.8094651886945328,36.03484375000001,30.843550176261907,-0.5935182545425667,0.5276529611283457,3.46875,1.7136287338568994,-0.30451472279004427,0.5356920226869981,2.897738125000002,1.1049285461440423,0.27705267430079533,0.5280851592602234,321.41692187500007,70.860638445143,-0.15349757379299653,0.47046857385857027,1.0,0.9992356896400452,0.01304347813129425,0.9999998807907104,0.7453547120094299
214,2.226268310428768,1.0,0.8776250622468069,0.7833561655452095,0.0,0.0,0.0,64,0.053916346698368194,0.5998052358627319,1.5,0.796875,64,0.796875,47,0.734375,0.840434862013895,37.09078125,38.320373346982784,-0.575453908983855,0.6555619684675921,3.34375,2.108159371940366,-0.34359057481848404,0.6590249893624819,3.0579903125000016,1.1435984674427497,0.35364296808319917,0.5465669078030346,316.35143750000003,113.33136613114814,-0.1871290970490855,0.7524465961232017,1.0,0.9973510503768921,0.02054794505238533,1.0,0.6585403680801392
215,2.2404369127637533,0.984375,0.9227689274010205,0.7990175982961083,0.0,0.015625,0.0,63,0.047854871681714754,0.6162970662117004,1.5,0.6875,64,0.6875,41,0.640625,0.8251001178251463,37.1096875,25.59629837549453,-0.5751304721959585,0.4378861238272414,3.1875,1.3448396744593758,-0.3924353898540337,0.42040604896919725,2.794281250000002,1.321352594488292,0.2276069065164433,0.6315220090334177,302.990265625,60.888706836541736,-0.27583859240562025,0.40426143057766745,1.0,0.9941772222518921,0.008695651777088642,1.0230478048324585,0.6220901608467102
216,2.2399530020819376,1.0,0.9047466972842813,0.7744959003789222,0.0,0.0,0.0,64,0.056421883946136286,0.48324501514434814,1.5,0.75,64,0.75,39,0.609375,0.8427447106909921,36.230625,26.61137009549443,-0.5901689463174904,0.4552513621268133,3.328125,1.5005695533280021,-0.348475056322039,0.4690882705938155,2.999823750000002,1.2293709567695343,0.3258430723083752,0.5875606705620393,314.4527343750001,74.68271978159557,-0.19973525148122584,0.4958447092560005,1.0,0.991081178188324,0.016597511246800423,0.9999999403953552,0.6892333030700684
217,2.2164090024475276,0.984375,0.8976740789791894,0.790003128451986,0.0,0.015625,0.0,63,0.04457872017816267,0.624244749546051,1.5,0.8125,64,0.8125,46,0.71875,0.8619632420666052,36.325625,28.583683549087493,-0.5885437432840934,0.48899251799617244,2.90625,1.6837342241280242,-0.4803560569180232,0.5263467951779719,2.971735000000002,1.102038094668239,0.31241844673513314,0.5267037083661721,291.7015,75.33343440892467,-0.35078865750175875,0.5001650313618398,1.0,0.9934940338134766,0.015267175622284412,1.0230478048324585,0.5535479187965393
218,2.2660585124433688,1.0,0.9178051273338497,0.8014491187142909,0.0,0.0,0.0,64,0.0437843129112645,0.5151009559631348,1.5,0.671875,64,0.671875,36,0.5625,0.8250536776055674,35.18875,34.95135568275571,-0.6079927190587586,0.5979268344942252,3.140625,1.7929304530223698,-0.4070888343646986,0.5604822806366846,3.0431881250000012,1.0734148686069553,0.346568469401256,0.5130236374277715,303.74289062500003,92.19181347503778,-0.2708416516756206,0.6120937089864632,1.0,0.9872241020202637,0.0260869562625885,1.0,0.6083953380584717
219,2.27024819439101,1.0,0.9227671229746193,0.7791037733654365,0.0,0.0,0.0,64,0.04031062554809316,0.4761946201324463,1.5,0.734375,64,0.734375,40,0.625,0.8228874336533686,33.00484375,26.11694349413013,-0.6453536776077547,0.4467930083128194,3.078125,1.290647699558249,-0.4266267603789185,0.4034652682302744,3.1648678125000016,1.3806690564524209,0.4047235757892804,0.659871483189366,309.10995312500006,63.35861701419101,-0.23520784572085782,0.4206600285064315,1.0,0.9956649541854858,0.012765957042574883,0.9999998807907104,0.5633748173713684
220,2.275558105551621,1.0,0.9251043861731887,0.7640362571947537,0.0,0.0,0.0,64,0.059808971862923756,0.5488848090171814,1.5,0.796875,64,0.796875,43,0.671875,0.8452301533477892,36.3871875,27.873891820390703,-0.5874905689499513,0.4768498267271397,3.09375,1.6174705368259417,-0.42174227887536353,0.5056323148589721,3.170380937500002,1.2358889795984407,0.4073584968471233,0.5906758684955862,314.22850000000005,84.2083439118417,-0.20122402195988875,0.5590886610182902,1.0,0.9938242435455322,0.016597511246800423,0.9999999403953552,0.6063785552978516
221,2.2505525618156503,1.0,0.9070602321298793,0.7754045060826975,0.0,0.0,0.0,64,0.06297655388255824,0.5951902866363525,1.5,0.734375,64,0.734375,36,0.5625,0.8370435061243762,40.69328125,28.86315601542732,-0.5138244992174062,0.4937735653650822,3.421875,1.5083588712156666,-0.3191681673007092,0.4715232644592624,2.8809393750000014,1.264821998671992,0.26902394647031136,0.6045040006754054,319.4752656250001,79.7468566442125,-0.16638890905196765,0.5294672859058628,1.0,0.9943099617958069,0.008333333767950535,0.9999999403953552,0.5943343639373779
222,2.233629330010457,0.984375,0.9143694847349136,0.7751575910671161,0.0,0.015625,0.0,63,0.05220649360454284,0.520224392414093,1.5,0.796875,64,0.796875,48,0.75,0.846417858585086,32.574062500000004,21.770562099337116,-0.6527232249154445,0.3724377217115793,2.875,1.375,-0.4901250199251331,0.4298343723128373,2.928555781250002,1.3551107104020206,0.2917815424847172,0.6476562288260364,294.756984375,77.14910549900522,-0.33050222757541475,0.5122199070599711,1.0,0.9850291609764099,0.029411764815449715,1.0230478048324585,0.5135763883590698
223,2.1815882331790335,0.984375,0.8786892396590066,0.7915294760222925,0.0,0.015625,0.0,63,0.05380944242612619,0.5815763473510742,1.5,0.78125,64,0.78125,45,0.703125,0.8391763229920757,39.427968750000005,29.036625588410296,-0.5354707067247232,0.4967411787989139,3.359375,1.8571415157103672,-0.33870609331492907,0.580555096510165,2.7328009375000013,1.134772814500935,0.1982232502327558,0.5423488103019622,304.54865625,72.30433332238356,-0.2654918917415286,0.4800537693194904,1.0,0.9963832497596741,0.02083333395421505,1.023047924041748,0.7201206684112549
224,2.2527683447238704,0.984375,0.9299366251816825,0.7773682706002734,0.0,0.015625,0.0,63,0.03970459027683833,0.5075416564941406,1.5,0.75,64,0.75,45,0.703125,0.8360889197734686,30.87734375,20.604697601683846,-0.6817496718556713,0.35249281099456936,2.8125,1.1575161985907585,-0.509662945939353,0.3618474535732365,2.898930312500002,1.2851708686590688,0.27762246365776566,0.6142294587472347,286.788625,63.679583408975205,-0.3834069537168678,0.42279103671245477,1.0,0.993733823299408,0.012765957042574883,1.023047685623169,0.5827093124389648
225,2.202997162729699,1.0,0.8835801822133362,0.7572100706153029,0.0,0.0,0.0,64,0.06747114288697165,0.6116036772727966,1.5,0.6875,64,0.6875,42,0.65625,0.8271484235724771,44.70828125,41.21514533346205,-0.44513828680594436,0.7050839917667364,3.75,2.5678298230217673,-0.21659405572605483,0.8027211055889057,2.950395000000002,1.540304396645353,0.30221929192286895,0.7361669634206774,329.17996875000006,114.7763108002051,-0.10195598918102763,0.7620400893893122,1.0,0.99037766456604,0.03030303120613098,0.9999999403953552,0.7984647750854492
226,2.2379807183138065,0.984375,0.9243212938308716,0.7912488507313042,0.0,0.015625,0.0,63,0.031148447144946207,0.4310241937637329,1.5,0.71875,64,0.71875,40,0.625,0.8236106868883584,36.53734375,40.58441731603197,-0.5849217858659144,0.6942938750596224,3.09375,2.191736968137372,-0.42174227887536353,0.685151915617577,2.7633256250000016,1.0638187674215762,0.21281209809632143,0.5084373149543021,300.63096875,120.14582439802174,-0.2915027899128092,0.7976901690401561,1.0,1.0025557279586792,0.0,1.023047924041748,0.7529034614562988
227,2.146750457685057,0.953125,0.8948321303383249,0.7865329525739867,0.0,0.046875,0.0,61,0.07521526319635813,0.6063429117202759,1.5,0.671875,64,0.671875,35,0.546875,0.8488562636785818,41.0146875,23.660650018064675,-0.5083260738231667,0.4047722124368742,3.25,1.299038105676658,-0.37289746383981387,0.4060881663738061,2.247610625000001,1.384244275398895,-0.03366667997335389,0.6615802091276429,282.56065625,76.18391372039666,-0.4114779176790538,0.5058116611064222,1.0,0.9935587048530579,0.0416666679084301,1.0648608207702637,0.795945942401886
228,2.2436109552547174,1.0,0.8948420949745923,0.7817190662606468,0.0,0.0,0.0,64,0.06013927498928487,0.6149678230285645,1.5,0.78125,64,0.78125,49,0.765625,0.8525403060694918,39.1059375,27.043721470908803,-0.5409798242441825,0.462647770198569,3.25,1.541103500742244,-0.37289746383981387,0.48175945884411536,2.884342187500001,1.15962376847039,0.2706502731565627,0.5542259765047235,304.6250937500001,75.43618026325281,-0.2649843964323778,0.5008471970410703,1.0,0.9916735291481018,0.04838709533214569,1.0,0.6969725489616394
229,2.275777145526003,1.0,0.9216746897436678,0.7784188475115912,0.0,0.0,0.0,64,0.053776912365683556,0.5398014187812805,1.5,0.71875,64,0.71875,41,0.640625,0.8424411405877545,35.44890625,24.262415836870222,-0.6035421219360515,0.41506686121705727,2.921875,1.3026977716934194,-0.4754715754144682,0.40723220291576195,2.6885253125000013,1.051661720321953,0.17706233393543816,0.502627024165687,288.62390625,71.6172210221028,-0.37122187930513634,0.4754917903268226,1.0,0.9940112829208374,0.036036036908626556,0.9999999403953552,0.6661712527275085
230,2.292322957998466,1.0,0.9294477682560682,0.789771613077249,0.0,0.0,0.0,64,0.04427819728189758,0.520294189453125,1.5,0.765625,64,0.765625,45,0.703125,0.8304507899498792,35.411875,17.614540857183165,-0.6041756303553196,0.30133900245251727,3.0625,1.2103072956898178,-0.4315112418824735,0.37835031036253114,2.9943184375000014,1.0979723879059125,0.3232118851257418,0.5247605606299847,305.11107812500006,61.97702960807962,-0.2617577761133865,0.411487186278692,1.0,0.9967764019966125,0.021834060549736023,0.9999999403953552,0.6593377590179443
231,2.265202382925305,1.0,0.9222060514148325,0.791817104378239,0.0,0.0,0.0,64,0.054323305479000064,0.5114432573318481,1.5,0.640625,64,0.640625,37,0.578125,0.807835872245917,38.04796875,31.027110231401235,-0.5590789192098583,0.5307931964801663,3.265625,1.8728503302119472,-0.3680129823362589,0.5854657789982126,2.986267187500001,1.0339027710051332,0.3193639026898352,0.4941393824887705,315.35012500000005,89.70606693433915,-0.1937771611111451,0.5955899679020288,1.0,0.9923623204231262,0.023255813866853714,0.9999998807907104,0.7678973078727722
232,2.272845681461207,1.0,0.9164282279089093,0.780187401052181,0.0,0.0,0.0,64,0.04773241130389485,0.4526718854904175,1.5,0.65625,64,0.65625,35,0.546875,0.8184150451487624,31.69109375,19.738488109939194,-0.6678285248195998,0.33767421843098344,3.015625,1.2807735394576982,-0.4461646863931384,0.40037853847832044,3.253914687500002,1.433552464200572,0.44728228542720666,0.6851463689730346,308.265484375,68.80520319509648,-0.24081456924464054,0.4568218200052778,1.0,0.9960427284240723,0.015564202331006527,0.9999998807907104,0.594636857509613
233,2.2148129280301596,0.96875,0.9249670361318896,0.8069628390064345,0.0,0.03125,0.0,62,0.05807410160873151,0.5022042989730835,1.5,0.703125,64,0.703125,39,0.609375,0.8208861219953043,33.35,22.99247961290822,-0.639448951455166,0.3933415538128072,3.203125,1.2270351398289292,-0.38755090835047873,0.38357954846120895,2.7010075000000016,1.522163507078413,0.18302802103516697,0.7274967787381371,297.29543750000005,64.73369209327822,-0.3136485490349632,0.42978963311629464,1.0,0.9990546107292175,0.022026430815458298,1.044638752937317,0.809436559677124
234,2.250873978797599,1.0,0.9010085999034345,0.7863288504288097,0.0,0.0,0.0,64,0.058053996574632366,0.5855823159217834,1.5,0.703125,64,0.703125,40,0.625,0.8377234413399535,38.34640625,31.870947603537942,-0.5539734294174435,0.5452290602369064,3.203125,1.8386449451634213,-0.38755090835047873,0.5747729424803566,3.004851562500002,1.24567392505425,0.3282460450382037,0.5953524464493518,310.61864062500007,76.36946015308725,-0.22519114149552485,0.5070435687985899,1.0,0.9916490912437439,0.02049180306494236,0.9999999403953552,0.5919798016548157
235,2.2699073863139363,1.0,0.9199445364065468,0.7829741366736096,0.0,0.0,0.0,64,0.043647052751517194,0.5485677123069763,1.5,0.703125,64,0.703125,41,0.640625,0.8306294532627894,33.4953125,32.59796734310812,-0.6369630323415818,0.557666477985211,3.140625,2.178497098775897,-0.4070888343646986,0.681013042209218,3.037090625000002,1.3490381897298585,0.3436542544777428,0.644753952423222,309.1323125,134.1700162176328,-0.23505939400634582,0.8908016858097836,1.0,0.9939292669296265,0.026200873777270317,0.9999999403953552,0.5923412442207336
236,2.276438098005455,1.0,0.9212007073801942,0.8139575864621748,0.0,0.0,0.0,64,0.0476211673106898,0.5500377416610718,1.5,0.625,64,0.625,35,0.546875,0.8128340747403104,32.33453125,18.098780425909187,-0.6568209819059012,0.30962308262077387,2.953125,1.1915023014560233,-0.4657026124073583,0.37247174098592783,2.890051875000001,1.0068534756713547,0.2733791385146766,0.4812115497487581,294.3564062500001,55.67374498998577,-0.3331618059157024,0.369637474083465,1.0,0.9929206967353821,0.0229357797652483,0.9999999403953552,0.7482897639274597
237,2.2498269068698082,1.0,0.9088423998327926,0.7830613572733407,0.0,0.0,0.0,64,0.05270339834117066,0.5941823720932007,1.5,0.671875,64,0.671875,40,0.625,0.8085712753679671,37.0896875,31.991113901399924,-0.5754726202029895,0.5472847932031947,3.40625,1.8176113274019834,-0.32405264880426415,0.5681976901982069,3.1157209375000017,1.1081081200938265,0.3812345136213329,0.5296047922007525,326.16173437500004,77.92381411458132,-0.12199510332302706,0.5173634686411753,1.0,0.9949654936790466,0.025423727929592133,1.0,0.8372207880020142
238,2.2693567977613682,1.0,0.9165854121092707,0.778864318942152,0.0,0.0,0.0,64,0.048947515003560184,0.5438657999038696,1.5,0.796875,64,0.796875,49,0.765625,0.8468664643185044,38.62859375,30.465716278055258,-0.5491459348807413,0.5211892053653389,3.078125,1.8650124622572901,-0.4266267603789185,0.5830156080508956,3.012235000000002,1.315784724955037,0.3317748558212018,0.6288609235908612,313.42329687500006,87.85421935080865,-0.20657004725965342,0.5832949038051747,1.0,0.9902881383895874,0.023904383182525635,1.0,0.4955122172832489
239,2.2189336503503547,0.984375,0.9052568852664933,0.7883757722348737,0.0,0.0,0.0,63,0.06636711966463389,0.5106215476989746,1.5,0.71875,63,0.71875,43,0.6825396825396826,0.8287563276404355,37.87603174603175,28.802938261693523,-0.5620203143719888,0.49274339614368723,3.2857142857142856,1.537144037292283,-0.3617329346888311,0.48052170358105384,2.9475015873015886,1.2543112673725776,0.3008364257538488,0.5994805435192274,315.23715873015885,62.275331987086155,-0.19452718370524652,0.4134677201534816,0.984375,0.9584539532661438,0.10491803288459778,1.0230478048324585,0.5501072406768799
240,2.2160767957327048,0.984375,0.897324560180543,0.7658164551475932,0.0,0.015625,0.0,63,0.06149529891162381,0.5621594190597534,1.5,0.828125,64,0.828125,48,0.75,0.8503487527063432,36.074687499999996,26.956751355687203,-0.5928366315598099,0.46115993761885293,3.265625,1.5736322185869862,-0.3680129823362589,0.49192815776552345,3.0086959375000015,1.4698276499439489,0.3300834103512962,0.702483587119255,314.1038750000001,100.78273077865636,-0.20205145094308238,0.6691318150585569,1.0,0.991729736328125,0.015384615398943424,1.0230478048324585,0.5576267838478088
241,2.3021467128515143,1.0,0.9350222856737673,0.7964598702694583,0.0,0.0,0.0,64,0.04022349924392249,0.5174030065536499,1.5,0.703125,64,0.703125,39,0.609375,0.8093560305773415,32.874375,21.92384139434454,-0.6475856587473706,0.3750599319768742,2.96875,1.1452176376130434,-0.4608181309038033,0.358002839581813,3.0044850000000016,1.1253650567982387,0.32807085161337357,0.5378525039642832,304.86453125,60.55155156609555,-0.26339468708703445,0.40202293876138895,1.0,0.9918956160545349,0.022727273404598236,0.9999998807907104,0.6133188009262085
242,2.218103406422996,0.984375,0.9042640998959541,0.7836917616434217,0.0,0.015625,0.0,63,0.04383131592065629,0.5113828778266907,1.5,0.796875,64,0.796875,48,0.75,0.8402580562799976,30.48375,20.14848773016228,-0.6884830377127881,0.34468824607812204,2.6875,1.3564084008881692,-0.5487387979677927,0.4240225117059095,2.958565312500001,1.4680784895750743,0.3061241786169677,0.7016476003622901,287.86996875,66.00373180855216,-0.37622753418189975,0.43822187119232103,1.0,0.996857762336731,0.008928571827709675,1.023047924041748,0.7183846235275269
243,2.216810246491272,0.984375,0.9082479079564413,0.7871194923911902,0.0,0.015625,0.0,63,0.04645878714470014,0.5474691390991211,1.5,0.71875,64,0.71875,42,0.65625,0.8400376625093702,34.2271875,22.479335404207212,-0.6244425537092932,0.38456299039648123,2.890625,1.1196705360841643,-0.48524053842157816,0.35001664150902895,2.9172321875000016,1.4457861819120141,0.28636958907855786,0.690993303409236,291.07670312500005,65.31701414583719,-0.35493690258086685,0.43366251233654224,1.0,0.9948134422302246,0.03153153136372566,1.0230478048324585,0.6982822418212891
244,2.2001873797874283,0.984375,0.9049726067081331,0.7781484669294518,0.0,0.015625,0.0,63,0.05117073545154775,0.5666401982307434,1.5,0.8125,64,0.8125,46,0.71875,0.8377601586792415,36.19359375,31.910728866205183,-0.5908024547367587,0.545909614223845,3.25,1.713913650100261,-0.37289746383981387,0.5357810894467269,3.281439375000002,1.0787955810472682,0.4604373252103227,0.5155952737529367,330.03617187500004,111.16196140788712,-0.09627135703558298,0.7380431590575762,1.0,0.9840925335884094,0.03875968977808952,1.0230480432510376,0.5316526889801025
245,2.243742198021317,0.984375,0.9256013612898569,0.7675697350586079,0.0,0.015625,0.0,63,0.05216466786991247,0.6253148317337036,1.5,0.75,64,0.75,40,0.625,0.8584606769050741,34.54625,27.240589057278115,-0.6189842237846277,0.46601566281483164,2.921875,1.3146373965375395,-0.4754715754144682,0.41096461102523335,2.8576159375000016,1.5441928983702944,0.25787683541985834,0.7380254184853651,289.27335937500004,69.70523435047924,-0.3669099327546787,0.462797441780532,1.0,0.9961022734642029,0.012500000186264515,1.0230478048324585,0.6016488671302795
246,2.3013556658456444,1.0,0.9412336489185691,0.8020350447461168,0.0,0.0,0.0,64,0.041490925948533944,0.486887663602829,1.5,0.65625,64,0.65625,35,0.546875,0.7921729984620351,30.0459375,23.878578770963184,-0.6959728714291998,0.4085004068608224,3.171875,1.29367074032576,-0.39731987135758867,0.404410291379932,2.951614062500002,1.19791750796789,0.3028019258105598,0.572527934212105,306.85314062500004,56.945025322912144,-0.2501916136015716,0.378077949054197,1.0,0.9897410273551941,0.022026430815458298,0.9999999403953552,0.6734082102775574
247,2.214105497760597,0.984375,0.9039344925965581,0.7702853322711769,0.0,0.015625,0.0,63,0.052112215367213624,0.5198568105697632,1.5,0.765625,64,0.765625,42,0.65625,0.8439962675309669,37.705,21.893226692290018,-0.5649462229241781,0.37453619401218413,2.984375,1.1523371292182683,-0.45593364940024833,0.36022844118568087,3.0328221875000017,1.5686899684972713,0.341614214418278,0.7497334508504978,304.18515625,93.65540561985381,-0.26790529543573893,0.6218110093691752,1.0,0.9850428700447083,0.0276497695595026,1.0230478048324585,0.734145998954773
248,2.2806234938037635,1.0,0.9175240090116858,0.7810223050162226,0.0,0.0,0.0,64,0.060616328401515374,0.5868668556213379,1.5,0.703125,64,0.703125,38,0.59375,0.8374711775020002,41.122656250000006,28.417219924841977,-0.5064790091914606,0.4861447581322349,3.328125,1.7682502606743764,-0.348475056322039,0.5527670842828956,2.9434734375000016,1.1929660868558616,0.29891122784225654,0.5701614716787268,321.62853125000004,89.19014343138781,-0.1520926251070147,0.5921645712364096,1.0,1.0004911422729492,0.021551724523305893,0.9999999403953552,0.7198528051376343
249,2.2817008738240974,1.0,0.9157976576243527,0.8102323591113594,0.0,0.0,0.0,64,0.053621689076342294,0.5203562378883362,1.5,0.671875,64,0.671875,40,0.625,0.8035920201513677,59.34375,186.66591685163766,-0.19476346356713672,3.193368571569581,4.546875,10.207120197899846,0.03251450095524857,3.1908153479170642,3.2609740625000008,4.615862588349113,0.450656215066514,2.2060870258065344,406.4805781250002,792.082646066563,0.41126980512519734,5.2589138490693506,1.0,0.9579874277114868,0.113712377846241,0.9999999403953552,2.061845064163208
