step,reward_mean,valid_frac,c_mean,qed_mean,d_var,d_loss,w_C,unique,n_valid,unique_smiles_frac,n_scaffolds,scaffold_frac,tanimoto_dist,tpsa_mean,tpsa_sd,tpsa_drift_sd,tpsa_spread_ratio,hba_mean,hba_sd,hba_drift_sd,hba_spread_ratio,logp_mean,logp_sd,logp_drift_sd,logp_spread_ratio,mw_mean,mw_sd,mw_drift_sd,mw_spread_ratio,rdkit_valid_frac,ratio_mean,clip_frac,adv_std,kl
0,0.733456092208625,0.984375,0.8242963150380149,0.5538446742028162,0.004315220573852132,0.7506814002990723,0.2,1.0,63,0.984375,49,0.7777777777777778,0.9208022223937068,61.797777777777775,32.02878756926285,-0.15278142789887472,0.547929291722037,3.984126984126984,2.027525378010891,-0.14340436462516767,0.6338182532404796,1.9513980952380958,1.4976327494255495,-0.17523731954102525,0.7157726458907289,285.5093333333335,101.60726669754504,-0.391900618735589,0.6746061975417889,0.984375,0.9944446682929993,0.0492359921336174,1.0230478048324585,0.004150711465626955
1,0.7526130803406199,0.984375,0.8383194508533629,0.5364029852389697,0.004230629522655067,0.7044880986213684,0.21300000000000002,1.0,63,0.984375,48,0.7619047619047619,0.9153662310445277,62.70746031746032,34.26678256272108,-0.13721912449971327,0.5862155680598852,3.888888888888889,2.0939149261164007,-0.1731764423611218,0.6545720785045266,1.6755017460317467,1.6917800435518937,-0.30709812449388735,0.8085626322626497,270.1094126984127,100.80228653879206,-0.494146080498613,0.6692616525929574,0.984375,0.9975616931915283,0.022148916497826576,1.0230478048324585,0.011945961974561214
2,0.7927013232349195,0.96875,0.8690416510066679,0.5734195210949611,0.008244916362733681,0.7036401033401489,0.226,1.0,62,0.96875,49,0.7903225806451613,0.9146131176580681,48.96,30.67796787440827,-0.37240243196751466,0.5248202783994048,3.2419354838709675,2.1826698941446483,-0.37541848655132615,0.6823174864842123,2.3551748387096785,1.368815600897528,0.017742132954691053,0.6542062897374145,265.3589677419355,102.73338893779437,-0.5256859468180177,0.682082917142201,0.96875,0.995573878288269,0.02551252767443657,1.0446385145187378,0.028365358710289
3,0.7779452050551499,0.9375,0.8396547513703505,0.5836732150460473,0.015881208020068427,0.6611118912696838,0.23900000000000002,1.0,60,0.9375,50,0.8333333333333334,0.9015975902866281,45.777666666666654,30.987990058874246,-0.4268438823529218,0.5301239520269255,3.05,1.8923089952048882,-0.4354188270853175,0.5915486903096937,2.8090093333333352,1.563865610445122,0.2346459881473991,0.7474277163311134,283.46898333333337,86.00931318923007,-0.4054472163352636,0.5710459262375692,0.9375,0.9956034421920776,0.016178399324417114,1.0837910175323486,0.04034292325377464
4,0.9053178191211608,1.0,0.9033068297430873,0.648076308886794,1.7778434145826472e-06,0.6827406883239746,0.252,1.0,64,1.0,54,0.84375,0.8995176207397044,34.957499999999996,24.38779106694577,-0.611948805390054,0.417211705472127,2.515625,1.286858911992686,-0.6024680945068974,0.4022808674120414,2.5298865625000015,1.567254226880785,0.1012431600613011,0.7490472582067792,246.145953125,75.10178193072174,-0.6532478737875463,0.4986270095003051,1.0,0.998288094997406,0.010395010001957417,0.9999999403953552,0.054185666143894196
5,0.8837732411852868,0.984375,0.8624303014505477,0.5988109751582492,0.0041183507055262,0.6878769397735596,0.265,1.0,63,0.984375,50,0.7936507936507936,0.9005328820685784,36.483492063492065,23.29049810740867,-0.5858430482266116,0.3984398755103918,2.3333333333333335,1.098339294730552,-0.659453712048372,0.3433483500632954,2.0924657142857153,1.6758270453517659,-0.10781602218094137,0.8009381196870696,215.1546984126984,81.4591035756808,-0.8590096581365783,0.5408354924252725,0.984375,0.9993851780891418,0.002994012087583542,1.0230478048324585,0.08317092806100845
6,0.9199216572882702,1.0,0.8832080764696002,0.6109261843132844,4.622277565361453e-06,0.6475623250007629,0.278,1.0,64,1.0,51,0.796875,0.9098842852563251,32.15656250000001,25.840600032866764,-0.6598655645622155,0.44206549008645474,2.296875,1.6074017028655283,-0.6708508355566669,0.5024847287314838,2.7643804687500015,1.4872444824011277,0.21331624592710863,0.7108077188235679,240.06120312500002,88.56333081229569,-0.6936466581846427,0.588002942926934,1.0,0.9968822002410889,0.010133333504199982,0.9999998807907104,0.11164809763431549
7,0.9605351467046179,1.0,0.8992755673825741,0.6432123597108318,9.541866084063905e-06,0.6412792205810547,0.29100000000000004,1.0,64,1.0,46,0.71875,0.9063730964129109,29.65140625,23.561674976749018,-0.7027222754741461,0.4030790067802763,2.125,1.4197270864500684,-0.7245801320957717,0.44381636440712613,2.5912814062500016,1.669723240956481,0.1305859677501964,0.7980208916659222,222.0425,83.54794034994971,-0.8132791332513527,0.5547040106855816,1.0,0.9978576898574829,0.017615972086787224,0.9999999403953552,0.116045743227005
8,1.002949362262033,1.0,0.9131847750395536,0.6735228222110021,1.2923096767313534e-05,0.6080313324928284,0.30400000000000005,1.0,64,0.984375,45,0.703125,0.875384024063756,28.2903125,20.18600474096704,-0.7260070511713849,0.34533006460195237,1.90625,1.2082884330738253,-0.7929628731455411,0.377719200147745,2.7360912500000016,1.5648574841224576,0.19979580911599065,0.747901768495563,217.18724999999998,66.11356557706218,-0.845514836927593,0.4389510960139746,1.0,0.9992657899856567,0.01592356711626053,0.9999999403953552,0.13999268412590027
9,1.0003410626301106,0.984375,0.8995362671594771,0.6564345728590513,0.003960716868563807,0.603302001953125,0.317,1.0,63,0.984375,42,0.6666666666666666,0.8712543253137736,24.604761904761908,15.578650924449468,-0.7890572407200058,0.26651021830155747,1.6984126984126984,0.9534385662019813,-0.8579342302880659,0.29805139464893105,2.767598095238097,1.6308929531792424,0.21485406554660852,0.7794624982055272,210.36899999999997,71.69515269771875,-0.890783584487559,0.4760092059907223,0.984375,0.996554970741272,0.019320452585816383,1.0230478048324585,0.17239408195018768
10,1.024159633838279,1.0,0.8963556829839945,0.6586031296744824,3.8134901811432385e-05,0.593384325504303,0.33,1.0,64,1.0,41,0.640625,0.870339870788259,26.82328125,19.22107372575472,-0.7511041420933655,0.3288226034130904,1.890625,0.9538931330998247,-0.7978473546490962,0.2981934953596283,2.8064962500000012,1.4662148959070398,0.23344489508400665,0.7007569218089894,222.47684375,72.94424148219714,-0.8103953731115808,0.48430234350614587,1.0,0.9975661039352417,0.0018785222200676799,0.9999999403953552,0.2005883753299713
11,1.0512438979567382,1.0,0.9076118525117636,0.66083281838028,7.313935766152849e-05,0.5825872421264648,0.343,1.0,64,1.0,36,0.5625,0.8570362017771223,21.54671875,15.644941080774272,-0.8413724092608262,0.26764427054517254,1.53125,0.7493486755176124,-0.9101904292308605,0.2342515036978683,2.977873593750002,1.5582110332960448,0.3153523018422487,0.7447251901951559,215.686140625,62.85288289700481,-0.8554812273293488,0.4173022827383291,1.0,0.9998937845230103,0.005379959475249052,0.9999999403953552,0.19335724413394928
12,1.0829983875239422,1.0,0.9348442396149039,0.6640983788488708,7.778387767875552e-05,0.5493232011795044,0.356,1.0,64,1.0,32,0.5,0.8403195132292457,17.796875,13.225030467238062,-0.905522487547823,0.22624589086445046,1.25,0.8660254037844386,-0.9981110962948498,0.2707254442492041,3.5668404687500024,1.3125067717259011,0.5968407900062834,0.6272942716484377,222.7003125,56.73125621126854,-0.8089116858851971,0.3766586611209131,1.0,1.0013304948806763,0.007853402756154537,0.9999998807907104,0.21067453920841217
13,1.097486832438967,1.0,0.9313229629769921,0.6720580163641134,0.00013763145902950455,0.5366043448448181,0.369,0.984375,64,0.984375,38,0.59375,0.8447243094150103,22.35390625,17.281937790760356,-0.8275635295395616,0.29564902863707004,1.53125,0.8472151069828724,-0.9101904292308605,0.2648452172537718,3.225587343750002,1.565195616193312,0.43374362730506627,0.7480633739940463,232.89753125,67.50685939220567,-0.7412087824411314,0.4482016611875298,1.0,0.9999966025352478,0.0018621974159032106,0.9999998807907104,0.22048909962177277
14,1.1059327377045425,1.0,0.9089223062619567,0.654241715728908,0.00028877305050996316,0.49144217371940613,0.382,0.96875,64,0.96875,38,0.59375,0.8397465116531296,17.83015625,16.36613447910306,-0.9049531318798731,0.279982014741276,1.3125,0.9333240326917549,-0.97857317028063,0.29176345436839746,3.251914062500002,1.2732472709949156,0.4463261146635569,0.6085307418542707,213.036234375,60.96021211406621,-0.8730748821658284,0.40473617913594273,1.0,0.9979488849639893,0.008597883395850658,0.9999998211860657,0.2536430060863495
15,1.1026623790292112,1.0,0.8903973917476833,0.6655108630771025,0.00043908381413433617,0.4832017719745636,0.395,1.0,64,1.0,39,0.609375,0.8268409531408029,19.7740625,15.654683676015104,-0.8716979494152485,0.26781094102242053,1.5,1.0,-0.9199593922379704,0.312606816227518,3.4295471875000025,1.2370845860081552,0.5312233846570572,0.5912472918726814,230.320140625,66.14914055891697,-0.7583209806689094,0.4391872907667389,1.0,0.999186635017395,0.006948831491172314,0.9999999403953552,0.24872615933418274
16,1.1520998035091712,1.0,0.9231715630739927,0.6782881158177472,0.00043257744623776686,0.44400283694267273,0.40800000000000003,0.953125,64,0.953125,36,0.5625,0.8101855174503001,19.32375,14.89304992060055,-0.8794016256360544,0.2547813674472914,1.25,0.6614378277661477,-0.9981110962948498,0.20676997347042084,3.5124493750000023,1.4834293104333416,0.5708453267652043,0.7089843106916625,228.951828125,61.55656043721973,-0.7674056861498827,0.4086955443247589,1.0,0.9994801878929138,0.01071203500032425,0.9999999403953552,0.21508237719535828
17,1.163326881544489,1.0,0.9030606346204877,0.7001034259011687,0.0005161341094965487,0.4321068823337555,0.42100000000000004,0.953125,64,0.953125,29,0.453125,0.8142502929493818,18.709218749999998,15.407255119817693,-0.8899146577583412,0.26357808165314617,1.328125,0.6859001271139991,-0.973688688777075,0.21441705498715716,3.304621562500002,1.2222648879823217,0.4715169277969882,0.5841644242795941,217.62343750000002,59.09926347121296,-0.8426188354864146,0.3923806899216451,1.0,0.9983848929405212,0.005259697791188955,0.9999999403953552,0.31706440448760986
18,1.1873791711708046,1.0,0.9181638527661562,0.6955672291575203,0.0013589110197775,0.41581735014915466,0.434,0.9375,64,0.9375,36,0.5625,0.8139578382525693,17.94953125,15.734070955819838,-0.9029109359629073,0.2691690510008604,1.234375,0.8793141414619692,-1.0029955777984048,0.27487959422625957,3.4996937500000023,1.2031871821430948,0.564748954033143,0.57504650135002,219.89018749999997,52.5059766523283,-0.8275690890659181,0.34860555163916196,1.0,0.9981618523597717,0.00657894741743803,0.9999998211860657,0.25660938024520874
19,1.2086047420179993,1.0,0.9290350135415792,0.6988588797295127,0.0011710447623156073,0.38977134227752686,0.44700000000000006,0.96875,64,0.96875,28,0.4375,0.7882582538799778,16.11921875,14.371962864450646,-0.9342228246688484,0.24586692255972586,1.171875,0.820721624166806,-1.0225335038126246,0.25656317393986283,3.2528926562500016,0.9898861864348392,0.44679381987229927,0.4731022709452114,208.777578125,43.59812192479049,-0.9013495911785401,0.289463187108416,1.0,0.9990063905715942,0.001367989112623036,0.9999998211860657,0.2773011326789856
20,1.2089418139106975,0.984375,0.9276688430044386,0.6985808275523863,0.002979994675739807,0.34519320726394653,0.46,0.953125,63,0.9375,23,0.36507936507936506,0.7567024989444407,13.593174603174603,14.508623579646104,-0.9774368731942729,0.24820483212690334,0.9523809523809523,0.785353452498602,-1.0911488392197064,0.24550684239887727,3.546994285714288,1.0661398603279253,0.5873555841387209,0.5095466488758346,212.31112698412696,46.153737793049764,-0.8778891238600017,0.306430815106872,0.984375,1.0012390613555908,0.004152249079197645,1.023047685623169,0.2625204920768738
21,1.2322531282247775,1.0,0.9377153152599931,0.6926914875524455,0.003843735931002879,0.3878720998764038,0.47300000000000003,0.859375,64,0.859375,23,0.359375,0.7826968993009492,14.09671875,15.749498806974731,-0.9688225418798525,0.2694329814271313,0.984375,0.8383799015810195,-1.0811472818552843,0.2620832718223824,3.382361562500002,1.013459467165898,0.5086716745217034,0.48436879107684383,207.93624999999997,48.69588278765209,-0.906935462993995,0.32330900526145473,1.0,0.9990414977073669,0.0013324450701475143,0.9999998807907104,0.32197725772857666
22,1.2523684213036077,1.0,0.9152569277212024,0.706945462171968,0.0033148946442066625,0.3228450417518616,0.48600000000000004,0.90625,64,0.90625,22,0.34375,0.7626369827181341,11.65875,10.339235872998547,-1.0105298493306636,0.17687744740846445,1.015625,0.6493310860993796,-1.0713783188481745,0.20298532350308343,3.415467031250002,0.8965666975253437,0.5244939707219765,0.42850152519126,205.925,45.02453633784029,-0.9202888555111335,0.298933651520875,1.0,0.9975953102111816,0.01786990649998188,0.9999998211860657,0.35621178150177
23,1.2431586132208108,0.984375,0.929040116923196,0.7002427443386553,0.004578640252621421,0.34200817346572876,0.49900000000000005,0.953125,63,0.9375,24,0.38095238095238093,0.7667737205301997,13.095555555555553,11.93058584729233,-0.9859498414644476,0.2041013085181325,1.0793650793650793,0.7193821710237879,-1.0514527355717678,0.2248837701345862,3.835102063492066,0.9682841226462202,0.7250526707447653,0.4627778664070421,228.93144444444445,38.26943563641165,-0.7675410205376526,0.2540841742510298,0.984375,0.9984988570213318,0.0006337135564535856,1.0230478048324585,0.4728824198246002
24,1.270018815540771,1.0,0.8954022689722478,0.7224428148028859,0.0031833665537420166,0.317197322845459,0.512,0.875,64,0.875,25,0.390625,0.7662171049424731,16.5715625,16.09641334454958,-0.9264843990410783,0.27536778730919603,1.125,0.7180703308172536,-1.0371869483232896,0.22447367994422227,3.445099218750002,0.8446773658794693,0.5386562606816082,0.4037017441902667,209.404984375,40.249124862183415,-0.8971840215457465,0.2672280237444697,1.0,1.0005351305007935,0.012658228166401386,0.9999997615814209,0.38549181818962097
25,1.2662027755936303,1.0,0.9080216772854328,0.6925431847318946,0.008766407169774362,0.34481263160705566,0.525,0.84375,64,0.84375,22,0.34375,0.7731559463738802,14.174999999999999,13.772560922900286,-0.967483353196083,0.2356127135741292,1.15625,0.8518133231524382,-1.0274179853161798,0.2662826509708657,3.086836718750002,1.2118297128839097,0.3674297048742593,0.5791770781539246,197.49515625,45.169999529284766,-0.9762575378986533,0.2998994325486706,1.0,0.9985023140907288,0.0,0.9999999403953552,0.37529629468917847
26,1.3183206192606698,1.0,0.9302429938688874,0.7165223552731356,0.0018373979296742982,0.25190165638923645,0.538,0.8125,64,0.8125,20,0.3125,0.7148934824635214,9.994531250000001,11.431207139024009,-1.039000305759465,0.19555823702874786,0.875,0.673145600891813,-1.1153386523801692,0.21042990315234916,3.658913281250002,0.7186270080421918,0.6408457041903546,0.3434577369867194,209.3805625,35.043033623797385,-0.8973461669194591,0.23266296232186892,1.0,0.9997476935386658,0.007102272938936949,0.9999998211860657,0.31013667583465576
27,1.3321279209988068,1.0,0.9234427446499467,0.7380758503013988,0.0049424406598563096,0.26848530769348145,0.551,0.875,64,0.875,20,0.3125,0.7326066545510127,14.213281249999998,13.780708895804251,-0.9668284605263754,0.23575210420865086,1.046875,0.7380228549137214,-1.0616093558410644,0.23071097497772192,3.5634364062500024,0.6451483903441506,0.5952138658999984,0.3083396583881485,218.28234375,28.703423749516986,-0.8382441263312894,0.19057207404005658,1.0,0.9990978240966797,0.00405954010784626,0.9999999403953552,0.3322676718235016
28,1.3365881204137509,1.0,0.9269440313801169,0.7196831022845833,0.00350379434771268,0.20189690589904785,0.5640000000000001,0.828125,64,0.8125,21,0.328125,0.7192554624825838,11.48453125,12.279285393713815,-1.0135102792356596,0.21006665126116777,0.9375,0.7043392293490403,-1.0958007263659493,0.22018124403094708,3.645790000000002,0.8598367941868397,0.634573615290934,0.410946981124301,216.642875,44.49776958718691,-0.849129133037732,0.2954362627395438,1.0,0.998773992061615,0.0006807352183386683,0.9999998807907104,0.3870209753513336
29,1.340284173960935,1.0,0.9319237908348441,0.7076141701105303,0.00845827554086744,0.26487407088279724,0.577,0.90625,64,0.90625,23,0.359375,0.7341418117783085,11.9375,11.495434827573945,-1.0057611614826698,0.19665700581042608,0.984375,0.780468358983886,-1.0811472818552843,0.24397972886826821,3.7451137500000025,0.9413463187645472,0.6820440137344502,0.449903319448673,220.03753125,39.86640941866378,-0.826590822351836,0.2646870419969552,1.0,0.9984854459762573,0.006076974794268608,0.9999998211860657,0.4150381088256836
30,1.3513033134364605,0.984375,0.9437403811348809,0.7145492882258901,0.003927464203893721,0.25288158655166626,0.5900000000000001,0.703125,63,0.6875,17,0.2698412698412698,0.6665528133937237,8.975714285714286,11.038152409564747,-1.0564296154524486,0.1888340924118192,0.9206349206349206,0.7622353780027282,-1.1010728651316912,0.2382799747334116,3.811064761904765,0.8397081340841991,0.7135643783287406,0.40132676928970507,222.92723809523812,43.52677044226677,-0.8074050474536744,0.28898945964896594,0.984375,0.9983977675437927,0.0019933555740863085,1.0230475664138794,0.47498199343681335
31,1.3624077945564268,0.984375,0.9467058002002655,0.7181321021990409,0.005399358998034834,0.27583327889442444,0.603,0.84375,63,0.828125,26,0.4126984126984127,0.726201409832238,8.620000000000001,10.585710344235927,-1.0625149621489274,0.18109398486435824,0.8571428571428571,0.5593971487843203,-1.1209209169556604,0.17487136168821757,3.6986825396825416,0.6737557942831062,0.6598528655550413,0.3220121673642678,216.58357142857142,34.73066163735882,-0.8495228701996731,0.23058901540016724,0.984375,0.9994745850563049,0.0006747638108208776,1.023047685623169,0.4101480543613434
32,1.3867789326487925,1.0,0.9495425336062908,0.7047817415268706,0.005024453104549336,0.20573396980762482,0.6160000000000001,0.78125,64,0.78125,21,0.328125,0.6982465136778415,11.064687500000002,13.969533923053543,-1.0206927143520044,0.23898240954619632,0.875,0.7603453162872774,-1.1153386523801692,0.23768912855807098,3.5521315625000027,0.8594536412439944,0.5898108737943422,0.4107638585291345,210.18840625,32.22986304448425,-0.8919826095863241,0.21398533847439344,1.0,0.9992011785507202,0.008391608484089375,0.9999997615814209,0.45233291387557983
33,1.4070444529870467,1.0,0.9440861158072948,0.7159075260003932,0.005454687057522726,0.16906850039958954,0.629,0.65625,64,0.65625,18,0.28125,0.6321819030966558,8.495625,10.879282184931828,-1.064642695067651,0.18611623587508364,0.84375,0.6896273903348097,-1.125107615387279,0.21558222287585668,3.8049875000000024,0.8109363768778362,0.7106598359200551,0.38757570996596674,218.486390625,28.123003766166004,-0.8368893877290416,0.18671846267275924,1.0,0.9994073510169983,0.0,0.9999998211860657,0.3807624280452728
34,1.420044005340344,1.0,0.9408005988225341,0.7169975630703058,0.016420170359392187,0.23921138048171997,0.6420000000000001,0.75,64,0.75,21,0.328125,0.7000136453773871,10.35546875,11.568437655114602,-1.0328256034450785,0.19790589440795908,0.90625,0.7441175562369161,-1.105569689373059,0.23261622015422342,3.5236057812500023,0.8153123416707497,0.5761773752418802,0.3896671411925808,212.976421875,32.0332975554367,-0.873471998282637,0.2126802714113355,1.0,0.9984050393104553,0.005379959475249052,0.9999998211860657,0.4167185425758362
35,1.4304903415595098,1.0,0.9419768312945962,0.7136693630628552,0.004893502567912121,0.18039147555828094,0.655,0.796875,64,0.796875,21,0.328125,0.7258578125703119,10.4246875,11.67823215013059,-1.0316414505769949,0.19978419279059353,0.859375,0.6089742271845336,-1.120223133883724,0.19036949432477032,3.516839062500002,0.8085703292129249,0.5729433165679203,0.3864448905457406,209.83937499999996,34.18082303696584,-0.8942999501864476,0.22693844453522172,1.0,0.9986727833747864,0.003405994502827525,0.9999997615814209,0.4553946554660797
36,1.4521936534023516,1.0,0.9417772758752108,0.7231594305439029,0.0038262992801665393,0.14602960646152496,0.6679999999999999,0.734375,64,0.734375,15,0.234375,0.6589780998179354,9.8421875,12.202568949399293,-1.041606511281771,0.20875423233473206,0.828125,0.697197234916347,-1.1299920968908341,0.2179486078898282,3.6678831250000026,0.8047853616432372,0.6451327156733947,0.38463591818385473,212.562859375,31.974634816067095,-0.8762177844319816,0.21229078895767092,1.0,0.9990115761756897,0.000697836687322706,0.9999998211860657,0.3459973931312561
37,1.4782675700981176,1.0,0.9430614542216063,0.7463346018100323,0.00670414273710372,0.16695457696914673,0.681,0.671875,64,0.671875,16,0.25,0.6714731602075374,9.880312499999999,11.02062214225421,-1.0409542916433683,0.1885341951106682,0.9375,0.6091746465505602,-1.0958007263659493,0.19043214678469422,3.563322187500002,0.4969389667770737,0.5951592766444352,0.23750503535173492,215.87981249999999,23.250075747776474,-0.8541953719824725,0.1543653884466219,1.0,0.9981423020362854,0.00671140942722559,0.9999997019767761,0.4255755841732025
38,1.4790531930761137,1.0,0.9306927286088467,0.7525689751398947,0.007019172055392567,0.1718900203704834,0.6940000000000001,0.75,64,0.75,17,0.265625,0.6748686886874826,14.16390625,14.863470071073948,-0.967673138418733,0.25427533311910133,1.078125,0.6448034463113547,-1.0518403928339546,0.20156995244392392,3.4721378125000024,0.801166799009945,0.551578978749189,0.3829064767361124,218.04715625,33.75434218512614,-0.839805618439493,0.2241068889276845,1.0,0.9999160766601562,0.009510869160294533,0.9999998807907104,0.40003257989883423
39,1.4993498952908255,1.0,0.9415987012907863,0.763041236396548,0.007142696375914874,0.1780046820640564,0.7070000000000001,0.796875,64,0.796875,23,0.359375,0.6969456529722737,13.686093750000001,13.812085018334884,-0.9758472681492066,0.2362888680982616,1.046875,0.6478253888008713,-1.0616093558410644,0.20251463226439437,3.439162031250002,0.8180804005990568,0.5358186648773936,0.39099009627876985,226.295296875,35.50060151897065,-0.785043326679551,0.2357009156879296,1.0,1.0000712871551514,0.011673151515424252,0.9999997615814209,0.3710361123085022
40,1.5046625767255444,1.0,0.9287539878860116,0.7699657081699325,0.00667693285035434,0.2248346507549286,0.72,0.75,64,0.75,19,0.296875,0.7169243322607085,20.2815625,18.594858934893637,-0.8630159437368382,0.3181096962797694,1.375,0.739509972887452,-0.9590352442664101,0.23117585819284453,3.3381201562500022,0.6990834403736542,0.48752711259780346,0.334117161905399,234.44278125,35.52297228355756,-0.7309493269845204,0.2358494430218948,1.0,1.0003992319107056,0.01120796985924244,0.9999998807907104,0.3974238336086273
41,1.517080750548418,1.0,0.9389545805752277,0.7679487979127565,0.018245790554207428,0.18910983204841614,0.7330000000000001,0.796875,64,0.796875,23,0.359375,0.7242632774919686,19.836250000000003,18.98528537940634,-0.8706340829558865,0.3247888777738794,1.484375,0.7287014885225637,-0.9248438737415253,0.2277970523072919,3.495096875000002,0.7511227782249458,0.5625519418598707,0.3589886362762071,246.1703125,42.21968395446423,-0.6530861433732035,0.2803112550868898,1.0,0.9992867708206177,0.01244813296943903,0.9999998807907104,0.3783630132675171
42,1.5248485239344185,1.0,0.9277893863618374,0.7785584016561445,0.017860378885222968,0.19620701670646667,0.746,0.90625,64,0.90625,27,0.421875,0.7430334697014895,24.12515625,19.35975141822813,-0.7972620466668837,0.33119501821806174,1.453125,0.7273601132692114,-0.9346128367486353,0.22737772925997504,3.260945937500002,0.8576222008621412,0.4506427731157604,0.4098885471896803,238.826703125,40.29140081009832,-0.7018429356550756,0.26750870855567754,1.0,0.9983354806900024,0.00786448922008276,0.9999998211860657,0.36865222454071045
43,1.5496804163347226,1.0,0.9077136730775237,0.8051241596887222,0.010545736355402815,0.17630934715270996,0.7590000000000001,0.78125,64,0.78125,20,0.3125,0.697608520017491,29.15390625,22.055585433257285,-0.7112332071490409,0.3773137299944843,1.734375,0.755028714271848,-0.8466921696846458,0.2360271225288788,3.284752031250002,0.6017413392557575,0.46202056297665656,0.28759386485514066,255.66204687500002,36.79029153077858,-0.5900671975545363,0.24426361895858453,1.0,0.9997716546058655,0.000567536917515099,0.9999998211860657,0.4101002514362335
44,1.5570094282896605,1.0,0.9281004434451461,0.7887510541392895,0.02112856457679703,0.18442979454994202,0.772,0.921875,64,0.921875,26,0.40625,0.7303974667087012,34.3203125,19.488523463242252,-0.6228494270515554,0.3333979731462058,1.859375,0.7472279500761464,-0.8076163176562061,0.2335885504695189,3.1539432812500015,0.9497741008689502,0.39950234872882256,0.45393126014252666,259.765359375,50.418787373968804,-0.562823870055229,0.33474797168067943,1.0,0.9993998408317566,0.006030701566487551,0.9999999403953552,0.2947336733341217
45,1.5640166838484997,1.0,0.9328571176156402,0.7778325685412902,0.03486754698766775,0.2063557207584381,0.7850000000000001,0.859375,64,0.859375,32,0.5,0.7316575895860911,31.050625000000004,21.395213167537616,-0.6787852801385047,0.3660164772637597,1.953125,0.9258389354390968,-0.7783094286348763,0.2894235619470906,3.000460781250002,0.8772864921846819,0.32614753249295825,0.4192868204545377,253.46170312499999,41.204403031441814,-0.6046760496447208,0.27357044977661943,1.0,0.9989973902702332,0.0050847455859184265,0.9999998807907104,0.3696950674057007
46,1.5728914928307143,1.0,0.9387638876214623,0.7691718555411649,0.021736286176859472,0.2230881154537201,0.798,0.953125,64,0.953125,31,0.484375,0.7536457307993722,39.290625000000006,26.932670847585374,-0.537820301241756,0.46074798272608625,2.328125,0.9528688180305829,-0.661081872549557,0.29787328748701875,3.0582262500000015,0.9209025976105941,0.35375573111452613,0.4401325285870081,280.082421875,42.44059187845874,-0.4279317828667933,0.28177794009335094,1.0,0.998974084854126,0.0030880081467330456,0.9999998807907104,0.4489971697330475
47,1.5816979542176548,0.984375,0.9377168256138998,0.795157042740877,0.017285220825609147,0.19991056621074677,0.8109999999999999,0.84375,63,0.828125,28,0.4444444444444444,0.719126701897596,32.49333333333334,24.745301622347473,-0.654104291089658,0.42332778167328794,1.9682539682539681,0.9252756597961695,-0.773580010036196,0.28924747814169666,3.13489523809524,0.6632819308699699,0.39039860266480664,0.31700633069917467,263.3080476190476,41.717650491006765,-0.5393027231621919,0.2769780792538078,0.984375,0.9982657432556152,0.004907306283712387,1.023047685623169,0.39954838156700134
48,1.6260853757270612,1.0,0.9449813738465309,0.7917498329680565,0.007014696454140357,0.15021392703056335,0.8240000000000001,0.875,64,0.875,26,0.40625,0.7238360687769413,32.25796875,24.267901973317006,-0.6581307672453165,0.4151607147496356,1.828125,1.024003898613184,-0.8173852806633161,0.3201105985500336,3.1700160937500015,0.8184354783129244,0.4071841248748393,0.3911598007105468,255.53053125,46.25188439707375,-0.5909403758082403,0.3070824447539852,1.0,0.9997161030769348,0.01286353450268507,0.9999998211860657,0.4545506238937378
49,1.614832014228751,1.0,0.9284568279981613,0.7861116613410939,0.0239987921516628,0.2126971185207367,0.837,0.875,64,0.875,27,0.421875,0.7208560417175308,42.084843750000005,26.27024558508325,-0.49001848241570634,0.4494156085574837,2.359375,1.0806130710735458,-0.651312909542447,0.3378070117221418,2.830282812500001,0.95348703334535,0.24481335025687906,0.4557058043381351,270.125265625,53.741228331422334,-0.49404082737181854,0.356806819770124,1.0,0.998050332069397,0.002069322392344475,0.9999999403953552,0.3726462721824646
50,1.6490320058501764,1.0,0.9424665383994579,0.8037555140264561,0.019933920665150415,0.15235204994678497,0.8500000000000001,0.859375,64,0.859375,23,0.359375,0.7039888315387365,40.007343750000004,26.252133499143188,-0.5255591066460455,0.44910575785210544,2.0625,1.0288798520721456,-0.7441180581099914,0.3216348548369131,2.8202781250000015,0.9289612062118021,0.24003174966358853,0.44398402796353875,259.561109375,54.27611316745298,-0.5641799572754282,0.3603581073609171,1.0,0.9997119903564453,0.0005350454594008625,0.9999999403953552,0.31723231077194214
51,1.6645562319946674,1.0,0.9432134656235576,0.8167513381241863,0.019901715094798853,0.12775728106498718,0.863,0.875,64,0.875,25,0.390625,0.7180023204386405,38.27875,25.000235905136975,-0.5551308519724778,0.4276890445123025,2.03125,0.9180269263480239,-0.7538870211171014,0.2869814746567899,2.8878643750000013,1.0347728712226472,0.27233365345601557,0.4945552347296613,258.9024375,43.230345442999806,-0.5685531103329171,0.28702139035519125,1.0,0.9973598122596741,0.010226049460470676,0.9999998807907104,0.3876194357872009
52,1.6913964780393669,1.0,0.9482458457350731,0.8327411547169881,0.01885638133398996,0.16903150081634521,0.8760000000000001,0.71875,64,0.71875,21,0.328125,0.6761393820035801,37.2125,22.96343200340489,-0.573371617597315,0.39284462472777837,1.9375,0.9164298936634487,-0.7831939101384312,0.2864822313538536,3.0429753125000016,0.867104086361193,0.3464667586405493,0.4144202818718261,262.35276562499996,35.53846229691775,-0.5456451745884559,0.23595228664078574,1.0,1.0004167556762695,0.01416893769055605,0.9999998807907104,0.3337113559246063
53,1.701224507962248,1.0,0.9514269167557359,0.8041364548897435,0.014830347663972867,0.12148614972829819,0.889,0.828125,64,0.828125,22,0.34375,0.6818723001810566,35.841718750000005,25.70313305043567,-0.5968221212354592,0.4397137873828869,1.90625,0.9797759629119301,-0.7929628731455411,0.30628464438214925,3.1269860937500016,0.7362366421339542,0.386618537640925,0.3518740155382288,263.284109375,51.35810055024099,-0.5394616575407817,0.34098440053799844,1.0,0.9991459250450134,0.023694129660725594,0.9999998211860657,0.4477768540382385
54,1.7072766856044201,1.0,0.9553677914664149,0.7968438610198076,0.012583848589075566,0.17184296250343323,0.9020000000000001,0.8125,64,0.8125,27,0.421875,0.6860795207437105,37.340937499999995,23.5204104661482,-0.5711743858646633,0.40237307827711744,1.984375,0.9920336987093735,-0.7685404656277663,0.3101164961439461,3.0891887500000017,0.9099796539973103,0.36855382534483233,0.43491206031533447,260.691421875,46.57850289625459,-0.5566754170742954,0.3092509792588556,1.0,0.9999091625213623,0.01259583793580532,0.9999999403953552,0.4679412245750427
55,1.746744576336226,1.0,0.9547416623681784,0.8350406632927079,0.017028447995062927,0.13116230070590973,0.915,0.671875,64,0.671875,19,0.296875,0.6080485441999759,36.71734375000001,22.905141838282425,-0.5818424538026357,0.39184743153647056,1.890625,0.9373697826231652,-0.7978473546490962,0.2930281833737083,3.0003393750000016,0.7221079401132567,0.3260895080722024,0.34512139983038226,256.87584374999994,38.269692267600426,-0.5820083753753192,0.25408587811529126,1.0,1.0004230737686157,0.016703786328434944,0.9999998807907104,0.3349175751209259
56,1.7586563273631048,1.0,0.961729914881289,0.8428648681390535,0.008097002302555665,0.11836788803339005,0.9280000000000002,0.703125,64,0.703125,22,0.34375,0.5969528459361911,43.08562500000001,21.331645277248896,-0.47289771690763444,0.3649289959150873,2.15625,0.8699631816921909,-0.7148111690886617,0.27195642046395757,2.703748437500001,0.7754532551579495,0.18433801381366915,0.37061704775211757,266.408828125,40.45012912933449,-0.5187155563726458,0.2685625614085533,1.0,1.000190019607544,0.009508715942502022,0.9999998807907104,0.4278374910354614
57,1.7581827074631544,1.0,0.9551955731585622,0.8210947021448046,0.0068885975692615665,0.10831494629383087,0.9410000000000001,0.65625,64,0.65625,21,0.328125,0.5907029519705741,42.58500000000001,22.74053511903359,-0.48146210920862775,0.38903143848972604,2.03125,0.9348922063532245,-0.7538870211171014,0.2922536761440013,2.769288125000001,0.7648048744182959,0.21566179165621457,0.36552780296937815,259.839484375,59.20381446008996,-0.5623317282427578,0.39307484052078967,1.0,1.0000602006912231,0.0005396654014475644,0.9999999403953552,0.42940276861190796
58,1.786128323069242,1.0,0.9589347979053855,0.8439598593074606,0.011509244717779506,0.08913569152355194,0.954,0.703125,64,0.703125,21,0.328125,0.5743184597430924,43.47296875000001,19.804623566834678,-0.46627127230271487,0.338805624169527,2.078125,0.9237269533660908,-0.7392335766064365,0.28876334195531866,2.9608876562500015,0.6301393638358465,0.307234110361745,0.3011663038923859,268.26057812499994,52.01701258957399,-0.5064211401669972,0.34535914813053137,1.0,0.9998500347137451,0.001064395997673273,0.9999998807907104,0.5545141696929932
59,1.8156350394239795,1.0,0.9644664637744427,0.8596919723704731,0.00984661801303156,0.11676178127527237,0.9670000000000001,0.5625,64,0.5625,17,0.265625,0.516542104162558,45.1971875,19.67404393076939,-0.4367743718528208,0.33657174605759876,2.09375,0.7849910429425294,-0.7343490951028816,0.245393550701383,2.9384301562500017,0.5622444039391713,0.2965008620395134,0.2687168565185029,271.78153124999994,39.50541378405021,-0.48304430033476775,0.26229026566086144,1.0,0.9994962215423584,0.0015756302746012807,0.9999998807907104,0.4829132556915283
60,1.8231811630928998,1.0,0.9648878974840045,0.8546486521860766,0.008742089808333419,0.07618540525436401,0.98,0.546875,64,0.546875,18,0.28125,0.5161209522113288,41.44171875000001,19.416565298306455,-0.501020679266795,0.33216695601008644,2.0,0.770551750371122,-0.7636559841242113,0.24087972942205768,2.906319062500001,0.6748773337122066,0.28115381347590573,0.32254819146293007,265.4106875,45.89251359286278,-0.525342561246693,0.3046964562354873,1.0,0.9992461204528809,0.004769475199282169,0.9999998211860657,0.4386570155620575
61,1.845358239569199,1.0,0.9683461068198085,0.8572523071872458,0.0103902723682791,0.05869508907198906,0.9930000000000001,0.515625,64,0.515625,13,0.203125,0.4728919606423828,41.784687500000004,16.58786613845626,-0.4951533755524754,0.283775267008444,1.9375,0.7880950133074057,-0.7831939101384312,0.24636387299481155,2.782315000000001,0.630285763424021,0.22188780453554985,0.30123627352988563,256.0708125,45.28444365510461,-0.5873532595368169,0.30065926714573865,1.0,1.000726342201233,0.001663893461227417,0.9999998211860657,0.6250903010368347
62,1.8483474555247044,1.0,0.958823662251234,0.8547899715563938,0.007507630309117049,0.10936185717582703,1.006,0.546875,64,0.546875,13,0.203125,0.4900730508846237,45.862500000000004,17.485752325107434,-0.42539260455643196,0.2991357654736097,2.09375,0.764827390657526,-0.7343490951028816,0.23909025555704935,2.7389981250000006,0.6555725247037778,0.2011851094039424,0.31332172774699013,264.01246875000004,45.9149217405031,-0.5346258247860702,0.304845231768625,1.0,0.9995002150535583,0.005353318993002176,0.9999998807907104,0.45754167437553406
63,1.8647764442744765,1.0,0.9634280819445848,0.8539637411847247,0.0039034001020817484,0.06767797470092773,1.0190000000000001,0.5625,64,0.5625,20,0.3125,0.4356094680293582,48.478125000000006,17.54421707385015,-0.38064606051191635,0.30013594533680393,2.265625,0.8147504890302306,-0.6806197985637769,0.2546965563955537,2.675579531250001,0.7637315939116596,0.1708750786807773,0.36501484354837677,272.527828125,44.37883837538547,-0.47808937424095066,0.2946466368085439,1.0,0.9987455010414124,0.0005216483841650188,0.9999999403953552,0.43908053636550903
64,1.8618293586008274,1.0,0.959341237321496,0.8445599019699859,0.006637776497405897,0.08675467222929001,1.032,0.59375,64,0.59375,18,0.28125,0.5006806928152292,45.0403125,15.433576218827046,-0.43945809528296975,0.26402836723159184,2.03125,0.7281987623581903,-0.7538870211171014,0.22763989668161283,2.825758750000001,0.6019524754172363,0.2426511378005596,0.2876947744332752,264.003890625,45.8504194535466,-0.5346827779595628,0.30441697851518396,1.0,0.9993463754653931,0.0037154988385736942,0.9999998807907104,0.6378485560417175
65,1.8873046652885332,1.0,0.9640417546033859,0.8505527146173437,0.007582643963098346,0.07198604941368103,1.0450000000000002,0.53125,64,0.53125,19,0.296875,0.4472114632573968,48.974843750000005,20.660190054803124,-0.3721484939935463,0.3534421426065703,2.1875,0.8816709987291178,-0.7050422060815518,0.2756163638728456,2.751401875000001,0.6178133025307769,0.20711330839656777,0.29527523512594434,268.5816875,48.554581777519665,-0.5042891826652899,0.3223708584118008,1.0,0.9999702572822571,0.0005321979988366365,0.9999999403953552,0.5608399510383606
66,1.8879729042863553,1.0,0.9647360015660524,0.8316974656182317,0.008987882360891063,0.12293697893619537,1.058,0.5,64,0.5,21,0.328125,0.5032586597070281,41.83171875000001,20.925337553630968,-0.49434879312969165,0.3579781270212296,1.84375,0.8332682266233364,-0.812500799159761,0.2604853273882712,2.825461250000001,0.770454115064819,0.24250895183258156,0.3682277785985077,253.95834374999998,44.98261480325578,-0.6013786787531946,0.29865531978378224,1.0,0.9992994666099548,0.0011142061557620764,0.9999999403953552,0.5773223042488098
67,1.9102163394874923,1.0,0.9619101257994771,0.8571140966179915,0.01089957611778113,0.10966524481773376,1.0710000000000002,0.546875,64,0.546875,23,0.359375,0.4413220787530481,47.799375000000005,19.198309648491843,-0.39225770850052905,0.3284331692297208,2.1875,0.8454843286542927,-0.7050422060815518,0.26430416415087893,2.6608698437500005,0.6638427185182224,0.1638447890813147,0.3172743513196682,267.2185,48.95451824685083,-0.5133398614779472,0.32502617657557836,1.0,0.9989362359046936,0.002082248916849494,0.9999999403953552,0.6278243064880371
68,1.918902345748025,1.0,0.9565734071657062,0.850781994374703,0.009533984466414324,0.08396272361278534,1.084,0.484375,64,0.484375,19,0.296875,0.42235209320750666,44.833906250000005,20.84590994184977,-0.44298916963678114,0.3566193270675214,2.046875,0.9425644457409795,-0.7490025396135465,0.29465207047234276,2.793375000000001,0.7539909949313063,0.22717377699214047,0.3603594603728938,262.69864062499994,38.56482019493576,-0.543348789436503,0.2560453356946466,1.0,0.9990562796592712,0.001621621660888195,0.9999998807907104,0.5883498787879944
69,1.929037673427099,0.984375,0.9663208032411242,0.8889954660457196,0.001426154943945131,0.06723528355360031,1.097,0.390625,63,0.375,16,0.25396825396825395,0.3414029516085648,47.088571428571434,12.729513620197855,-0.40441770976826713,0.21776888578119727,2.0793650793650795,0.54340453233726,-0.7388459193442496,0.16987196077755423,2.883409841269842,0.3867868698691177,0.2702046713037032,0.18485937981003953,271.1566666666667,27.690848643034204,-0.48719299495319274,0.18384923359259944,0.984375,0.9990861415863037,0.0005282619968056679,1.0230478048324585,0.5996043086051941
70,1.9593306374458093,1.0,0.9666364453732967,0.8545958124533874,0.0031910846291290803,0.061330534517765045,1.1099999999999999,0.5,64,0.5,18,0.28125,0.4446295389013001,42.32359375,18.720355846576766,-0.4859340905817745,0.3202566221908155,1.84375,0.7335434121440939,-0.812500799159761,0.22931067063503527,2.8877078125000013,0.7000652508661005,0.27225882659681716,0.3345864045112455,256.098578125,34.84611675854494,-0.5871689138368248,0.23135556234923474,1.0,0.9987632036209106,0.0049477736465632915,0.9999998211860657,0.6361381411552429
71,1.9757962090229422,1.0,0.9619612973183393,0.8800625764532182,0.014548718463127816,0.13029786944389343,1.123,0.46875,64,0.46875,18,0.28125,0.42185570890332125,43.89125000000001,15.044028352223352,-0.4591155674994193,0.2573642159215114,2.03125,0.6115745559619039,-0.7538870211171014,0.19118237482500883,2.817193281250001,0.4926578356351105,0.23855739169836362,0.2354589285434646,263.42740625,34.61780836222464,-0.5385102594458884,0.22983974301746427,1.0,1.0001237392425537,0.005898123141378164,0.9999998807907104,0.5936793088912964
72,1.990764443761795,1.0,0.9662256138399243,0.8780425526836158,0.005877871489515497,0.08290090411901474,1.136,0.4375,64,0.4375,19,0.296875,0.38854897175975645,46.71406250000001,14.875843959120227,-0.41082458394456745,0.2544870181758142,2.03125,0.63661089960823,-0.7538870211171014,0.19900890650226488,2.783689062500001,0.5399268068298674,0.22254451850739745,0.25805047282799065,265.7630625,31.322777454012506,-0.5230030203202907,0.2079628798361288,1.0,0.9985914826393127,0.0026539277750998735,0.9999999403953552,0.5587535500526428
73,1.9962984952685658,1.0,0.967301769182086,0.8661347850643862,0.0004599976958231405,0.0652046725153923,1.149,0.4375,64,0.4375,20,0.3125,0.3861261861851911,48.06968750000001,16.30390041224319,-0.3876333643430014,0.2789173516439992,2.140625,0.658292951029403,-0.7196956505922166,0.2057868635663191,2.7927162500000007,0.7047772073045059,0.2268589366344749,0.3368384182499494,275.76634375,34.553956738528335,-0.45658773580042267,0.2294158097450847,1.0,0.9990053176879883,0.0010346611961722374,1.0,0.7492701411247253
74,2.015535307073976,1.0,0.9664950789883733,0.8719755863049203,0.011596746055563888,0.12255264818668365,1.162,0.4375,64,0.4375,14,0.21875,0.3990548480055912,48.14562500000001,15.706994349154614,-0.38633427112880575,0.2687058406504771,2.09375,0.5787580992953792,-0.7343490951028816,0.18092372678661825,2.715508281250001,0.7359511706427841,0.18995846681152695,0.3517375784279696,268.50453125,32.75568281228501,-0.5048014500071918,0.21747643990520232,1.0,0.9990219473838806,0.0042372881434857845,1.0,0.5379539728164673
75,2.0444933614633896,1.0,0.9695392390713096,0.8978366875904915,0.000520002887126123,0.039395060390233994,1.175,0.28125,64,0.28125,10,0.15625,0.2514705031743697,46.44640625000001,12.227435642744595,-0.4154034865699113,0.2091796368132093,2.03125,0.5581428468591172,-0.7538870211171014,0.1744792583567918,2.7658918750000008,0.29018938291912855,0.21403860142513892,0.1386919606967023,267.944671875,30.156066383407154,-0.5085185523011758,0.2002166767883304,1.0,0.9996330738067627,0.0005359056522138417,0.9999998211860657,0.4568299651145935
76,2.0371690379232383,1.0,0.9648149656131864,0.8699272560033942,0.008018710445393836,0.08066713809967041,1.1880000000000002,0.4375,64,0.4375,15,0.234375,0.3827761146356511,47.26828125,14.864687029446616,-0.4013433419059836,0.25429615211319373,2.0625,0.5555121510822243,-0.7441180581099914,0.17365688492551412,2.6859785937500007,0.7873826570628389,0.17584516529464378,0.3763185387008377,264.38342187499995,40.81959474658154,-0.5321629371870233,0.27101557292312717,1.0,0.9996621012687683,0.0,0.9999998807907104,0.6276590824127197
77,2.0577697448029237,1.0,0.9663323713466525,0.8871699071804553,0.006932429399372403,0.05801396816968918,1.201,0.359375,64,0.359375,16,0.25,0.35143599470961573,45.589687500000004,13.879829899078148,-0.43005971721483843,0.23744780689490444,2.015625,0.6493310860993796,-0.7587715026206564,0.20298532350308343,2.7663206250000014,0.5732430508624682,0.2142435164966368,0.27397350612938104,265.53623437499994,27.824884085979473,-0.5245090116127965,0.18473914179936476,1.0,0.9991472959518433,0.0,0.9999998211860657,0.6656641960144043
78,2.082742367063579,1.0,0.9705903325229883,0.897458608233785,0.0016414328769309683,0.09578582644462585,1.214,0.375,64,0.375,13,0.203125,0.33387604642367985,46.12578125,9.532496853639577,-0.4208885468076262,0.163076240025076,2.046875,0.4818482482846648,-0.7490025396135465,0.1506290468010757,2.748417343750001,0.2527921022935784,0.20568689338903304,0.12081845298078493,265.87867187499995,26.851452772065407,-0.5222354492261773,0.17827619068778308,1.0,0.999532163143158,0.0,0.9999997615814209,0.5915530323982239
79,2.096497705251963,1.0,0.9670933028683066,0.8961280902850893,0.006238682445590237,0.036354564130306244,1.227,0.34375,64,0.34375,11,0.171875,0.3281534979351469,46.74718750000001,11.423418444793299,-0.4102579013079225,0.1954249927183273,2.046875,0.4818482482846648,-0.7490025396135465,0.1506290468010757,2.6930034375000007,0.4315455356268142,0.17920259120552556,0.20625115868788105,261.89675,33.94170694136861,-0.5486728218896729,0.22535086910617236,1.0,0.9999123811721802,0.0,0.9999998807907104,0.49216485023498535
80,2.1046949839010534,1.0,0.970075786113739,0.878383733115804,0.011413870381373384,0.07827749103307724,1.24,0.328125,64,0.328125,13,0.203125,0.33003827453357193,42.360625,14.901799899152284,-0.4853005821625063,0.25493105683344336,1.90625,0.6304450313072505,-0.7929628731455411,0.1970814140434175,2.7922237500000007,0.42996491326509767,0.22662355314126778,0.20549572231642493,257.456375,36.946735789723355,-0.5781540252698049,0.24530230713595805,1.0,0.9986317157745361,0.004437049385160208,0.9999998211860657,0.5205181837081909
81,2.1081450024942585,1.0,0.9668468264862895,0.8791805850216065,0.01589784693938452,0.04284025356173515,1.2530000000000001,0.40625,64,0.40625,16,0.25,0.34581686167649306,44.896406250000005,17.237514808476917,-0.44191995711480947,0.2948890668943376,2.0,0.7071067811865476,-0.7636559841242113,0.22104639959961486,2.924319843750001,0.7279459567906051,0.28975703534612385,0.34791159832564267,270.2865625,31.73854073218545,-0.49296992097844977,0.21072327772184946,1.0,0.9981368780136108,0.004766948986798525,0.9999998211860657,0.6293509602546692
82,2.1283646232076263,1.0,0.969734538346529,0.8817533302689389,0.0003335760447492468,0.02382926642894745,1.266,0.3125,64,0.3125,12,0.1875,0.2961389892091645,45.62218750000001,16.24457346592528,-0.429503726703413,0.277902421821704,2.015625,0.6493310860993796,-0.7587715026206564,0.20298532350308343,2.6959134375000016,0.5639015453966093,0.180593385043562,0.26950886412254377,261.94629687500003,33.352172906480035,-0.5483438628493382,0.22143674636157087,1.0,0.9999552965164185,0.0010893245926126838,0.9999998211860657,0.4704539179801941
83,2.1285186221737513,1.0,0.9682157747447491,0.8680166741074283,0.0009275836866009309,0.0456780269742012,1.279,0.390625,64,0.390625,13,0.203125,0.3633344981520208,44.44390625000001,16.095334981873194,-0.44966105577388443,0.27534933932716693,1.953125,0.6232397085993479,-0.7783094286348763,0.1948289810518082,2.860370000000001,0.6703560850865016,0.25919310110871235,0.32038732385851104,264.718453125,33.00110996520122,-0.5299385474857141,0.2191059166521279,1.0,0.998928427696228,0.001621621660888195,0.9999998807907104,0.6051311492919922
84,2.1556520843266096,1.0,0.9648966835811734,0.9058284698886782,0.005938891290197886,0.07918096333742142,1.292,0.359375,64,0.359375,15,0.234375,0.31359156245743647,48.54203125000001,10.388616393029606,-0.37955279070820025,0.17772221973420338,2.125,0.45069390943299864,-0.7245801320957717,0.14088998812098305,2.6912593750000005,0.3921126639431705,0.17836904090375577,0.18740476866943523,270.079125,21.640049959868968,-0.49434717112650417,0.14367586386805406,1.0,0.999648928642273,0.0005296610179357231,0.9999999403953552,0.6039164066314697
85,2.1642887960493917,1.0,0.9686228325590491,0.8884843292745301,0.0003883797176679262,0.03129034489393234,1.305,0.328125,64,0.328125,14,0.21875,0.33907471512770027,44.71000000000001,13.768294080059448,-0.44510888346159,0.23553971898541384,2.0,0.5590169943749475,-0.7636559841242113,0.17475252282862866,2.804108281250001,0.48775130078169365,0.2323035987874695,0.23311391877018584,267.38228125,22.262720286296965,-0.5122524604496326,0.14780999004708104,1.0,0.9989254474639893,0.0021424745209515095,0.9999998211860657,0.6012081503868103
86,2.1733462652613387,1.0,0.9648937154561281,0.8890262354620726,0.0011527897474309637,0.030566629022359848,1.318,0.34375,64,0.34375,11,0.171875,0.3325023384167832,48.17453125,13.64655725010061,-0.385839760337394,0.23345711829777976,2.0625,0.5555121510822243,-0.7441180581099914,0.17365688492551412,2.7327615625000012,0.4332029541112156,0.19820443150169986,0.2070432986930881,268.42724999999996,32.169883796806,-0.5053145472678336,0.21358711526140134,1.0,0.999575674533844,0.0032051282469183207,0.9999998807907104,0.6296011805534363
87,2.1839382742973266,1.0,0.968615248799324,0.8886425904353447,0.003824146199487382,0.03845283389091492,1.331,0.375,64,0.359375,18,0.28125,0.35081985916186065,45.802656250000005,7.923469734392625,-0.42641637554621986,0.13554996891962176,2.015625,0.33034960174790584,-0.7587715026206564,0.10326953724444136,2.780882031250001,0.4020983947958969,0.2212029371446226,0.1921773091980463,265.84837500000003,24.082303767821408,-0.5224366007806417,0.15989084148101407,1.0,0.9988661408424377,0.002128791995346546,0.9999999403953552,0.9108299612998962
88,2.2055312770207323,1.0,0.9725102121010423,0.888868943041473,0.004192005327827133,0.06294946372509003,1.344,0.3125,64,0.3125,14,0.21875,0.31231352739527374,49.47140625000001,10.567420875500368,-0.3636536005064811,0.1807810996004819,2.140625,0.4281934251888975,-0.7196956505922166,0.13385618337785718,2.702389687500001,0.40136428412964537,0.18368861823723218,0.19182645126297443,273.23834375,26.241748440711536,-0.47337201238629034,0.17422815028705324,1.0,0.998454749584198,0.002605523681268096,0.9999999403953552,0.6035047769546509
89,2.2307080942688255,1.0,0.9682342056185007,0.908275062237313,0.006748040504955322,0.08422257006168365,1.357,0.21875,64,0.203125,10,0.15625,0.21934156291075502,47.51843750000001,10.992910672728756,-0.3970638187867917,0.1880601239071666,2.078125,0.4071504443998557,-0.7392335766064365,0.12727800414945797,2.723346250000001,0.30618994039392905,0.19370451445421394,0.14633920356305763,268.990890625,25.51327658305891,-0.5015723399319821,0.16939157072065186,1.0,0.9996577501296997,0.0005350454594008625,0.9999997615814209,0.7160288691520691
90,2.2389392442225997,1.0,0.9675699723884463,0.9055419366096104,0.0011427458918936728,0.04157605394721031,1.37,0.234375,64,0.234375,9,0.140625,0.2764067275169597,48.25546875000001,8.554232492180317,-0.3844551301214404,0.1463406799439418,2.078125,0.32135880939379896,-0.7392335766064365,0.1004589542712613,2.7884093750000005,0.404060879895728,0.2248005259089795,0.19311525152934617,271.26840625,18.484133507483143,-0.48645111676005354,0.12272263023722546,1.0,0.9997559189796448,0.0,0.9999998211860657,0.5434790253639221
91,2.2523093836338233,1.0,0.972683547064662,0.9076480979457904,0.006733320081858998,0.0666230246424675,1.383,0.3125,64,0.3125,13,0.203125,0.2717262799353447,47.64046875000001,8.298519527167086,-0.39497618133764195,0.14196609587637926,2.09375,0.38400642898264087,-0.7343490951028816,0.12004302717516185,2.772339375000001,0.3170059264818399,0.2171200939580384,0.15150855298001636,271.601265625,24.327700425802036,-0.4842411468968419,0.16152011576139164,1.0,0.9995802640914917,0.000521920679602772,0.9999997019767761,0.6503006815910339
92,2.2574237225706506,1.0,0.9705275194719434,0.888432853604793,0.00018815480775303208,0.0167068038135767,1.3960000000000001,0.328125,64,0.328125,16,0.25,0.30410283200444643,47.34484375000001,13.438527169135238,-0.40003355656656814,0.22989826441754038,2.078125,0.6448034463113547,-0.7392335766064365,0.20156995244392392,2.759564375000001,0.33778728682909265,0.21101446121545755,0.16144071377622446,267.38768749999997,30.670959941202444,-0.5122165664641533,0.20363523528766497,1.0,0.9996447563171387,0.0016059956979006529,0.9999997615814209,0.6085661053657532
93,2.2783895523066025,1.0,0.9711084524169564,0.8988768050431715,0.0005104965657669909,0.03944054991006851,1.409,0.265625,64,0.265625,13,0.203125,0.34546342244805406,44.34562500000001,11.282485441354446,-0.45134239246468494,0.19301399540575287,1.9375,0.46351240544347894,-0.7831939101384312,0.14489713734764445,2.740359531250001,0.37990993463266154,0.2018357744979508,0.18157264470645323,260.54334374999996,25.105806680314736,-0.5576585595609715,0.1666862354563817,1.0,1.0008288621902466,0.002730748150497675,0.9999997615814209,0.5400025248527527
94,2.295487404624731,1.0,0.9725384060293436,0.9037658657295327,0.0005766335010130723,0.05077787861227989,1.422,0.25,64,0.25,9,0.140625,0.2787234299207938,45.968437500000014,5.8279499554812375,-0.42358028933168973,0.09970107311719904,2.0625,0.29973947020704494,-0.7441180581099914,0.09370060147914731,2.7269034375000007,0.23358217249382232,0.1954046225146052,0.11163733545686548,266.669875,16.429867957758354,-0.5169823748252265,0.10908364243366499,1.0,0.9997485280036926,0.003753351280465722,0.9999997019767761,0.5295946598052979
95,2.309149695584103,1.0,0.9714147569611669,0.9032613082505911,0.00014655652676349307,0.015771865844726562,1.4349999999999998,0.203125,64,0.203125,9,0.140625,0.23519572473532935,47.98875000000001,10.126371434897104,-0.3890179945589547,0.17323589024525596,2.078125,0.443871022229431,-0.7392335766064365,0.1387571070747963,2.730473437500001,0.23423433888562067,0.19711085413034027,0.11194902927098485,267.956703125,25.45336915363545,-0.5084386726225074,0.1689938243341836,1.0,0.999100923538208,0.0010638297535479069,0.9999997615814209,0.4532514810562134
96,2.319014056860378,1.0,0.9722369275987148,0.8998135892704702,0.004247377666092652,0.039433468133211136,1.448,0.265625,64,0.265625,12,0.1875,0.306265016758434,49.65187500000001,14.268871591137648,-0.36056624934928777,0.24410329887440965,2.125,0.57282196186948,-0.7245801320957717,0.17906804976521887,2.6070096875000006,0.41092703508336226,0.1381030799994735,0.19639683445922965,267.353140625,28.90479648987085,-0.5124459352557582,0.19190905812666792,1.0,0.9996910691261292,0.0005285412189550698,0.9999998211860657,0.5542154908180237
97,2.32695640324367,1.0,0.9703879915177822,0.8962698547342143,0.0012205637365632121,0.04190634936094284,1.4609999999999999,0.34375,64,0.34375,11,0.171875,0.35052565310446526,47.00078125000001,4.8133656054935665,-0.40591957150002234,0.0823441724515457,2.09375,0.34089725358236606,-0.7343490951028816,0.10656680510308832,2.6461453125000007,0.4917773191253871,0.15680740511895433,0.23503809798126105,263.320203125,27.699651111961046,-0.5392220185047767,0.18390767626392326,1.0,0.9997917413711548,0.0,0.9999998807907104,0.6537633538246155
98,2.3479982682496057,1.0,0.9714211989194155,0.9081194289710735,0.0005775225813847455,0.02013585902750492,1.474,0.25,64,0.25,11,0.171875,0.2956964172336922,48.13937500000001,8.265355950252538,-0.38644119238100294,0.14139875328901277,2.09375,0.34089725358236606,-0.7343490951028816,0.10656680510308832,2.691488437500001,0.3068730872813041,0.17847851812489882,0.14666570407214172,268.04354687499995,17.93518252096428,-0.5078620865783012,0.11907795255137986,1.0,0.999380350112915,0.0005333333392627537,0.9999997615814209,0.6090293526649475
99,2.3586338800312325,1.0,0.9722698032855988,0.9007723501988915,0.007389798985257718,0.0463433675467968,1.4869999999999999,0.234375,64,0.234375,13,0.203125,0.33372913173372953,45.133750000000006,10.6229032489946,-0.43785962256262195,0.1817302587763018,1.953125,0.37205877811845806,-0.7783094286348763,0.11630811007711171,2.7467478125000007,0.3581867401164024,0.20488896425676198,0.17119034742959022,260.92885937499994,17.967905480038556,-0.5550989864287826,0.1192952117269379,1.0,0.9997690320014954,0.001095890416763723,0.9999997615814209,0.6042847633361816
100,2.366482554568792,1.0,0.9710814785212278,0.8934240004048288,0.005773068222007085,0.060129739344120026,1.5,0.296875,64,0.296875,11,0.171875,0.3525422087057678,45.42046875000001,11.523939136327192,-0.4329546101180767,0.197144640432012,1.96875,0.4990224819584785,-0.7734249471313213,0.155997829310994,2.6447400000000005,0.3616908610263748,0.15613575564626866,0.17286509305478706,255.85696874999994,39.01274295741743,-0.5887730430202663,0.25901925164978834,1.0,1.000597357749939,0.0,0.9999998211860657,0.6390062570571899
101,2.372834413355216,1.0,0.973777724429965,0.8932202363892991,0.0031390304231470674,0.027909966185688972,1.5,0.265625,64,0.265625,9,0.140625,0.34664078044512836,45.55406250000001,6.726912998998408,-0.43066916835236224,0.1150799938038926,1.96875,0.3521696146745201,-0.7734249471313213,0.11009062201547354,2.596833437500001,0.43084203701958323,0.13323948350658213,0.20591493135867014,255.09015624999998,29.138928807856608,-0.5938641795271888,0.19346354451225467,1.0,0.9991527199745178,0.005586592014878988,0.9999997615814209,0.4553883671760559
102,2.366890861942215,1.0,0.9732092823833227,0.8906427664679523,0.004435975055550985,0.03752044588327408,1.5,0.265625,64,0.265625,14,0.21875,0.3540786501834603,45.74000000000001,9.668034960631866,-0.4274882610994964,0.16539494468428392,1.984375,0.4142835494863391,-0.7685404656277663,0.12950786142035986,2.698290312500001,0.40689470907705694,0.18172937923730126,0.1944696405889472,259.59467187499996,22.813599557784798,-0.5639571240938963,0.151467470291572,1.0,0.999214768409729,0.005473453551530838,1.0,0.379087895154953
103,2.3758840453219108,1.0,0.9734842972829938,0.9026766423018593,0.0007140505482267789,0.02862223982810974,1.5,0.296875,64,0.28125,12,0.1875,0.2948267924476091,48.99812500000001,10.781290489054408,-0.37175021232911176,0.18443985270258154,2.109375,0.4716058835245803,-0.7294646135993266,0.14742721376278475,2.656638906250001,0.3158840754934736,0.16182267162285593,0.1509723799759564,268.41621875,29.924547685318483,-0.5053877875965865,0.198679543139786,1.0,0.9987621307373047,0.004769475199282169,0.9999997615814209,0.4515415132045746
104,2.3704853678859124,1.0,0.9741803798824549,0.886311079068757,0.00047955180254223887,0.014328837394714355,1.5,0.21875,64,0.21875,10,0.15625,0.2895910492113468,47.289062500000014,13.482364374288872,-0.4009878287424278,0.23064820503639652,2.046875,0.5428422739387565,-0.7490025396135465,0.16969619496970084,2.5726921875000004,0.3602996528519215,0.12170151039919791,0.1722001845474142,256.79165624999996,36.08271953668523,-0.5825673256463131,0.23956580089953514,1.0,1.0000381469726562,0.0,0.9999998807907104,0.513081967830658
105,2.3789055536787513,1.0,0.9758682092651725,0.9063797884803232,0.0002251905464986019,0.023042507469654083,1.5,0.3125,64,0.3125,10,0.15625,0.350983059627204,47.58468750000001,7.487887504319477,-0.39593045351350176,0.12809828932374068,2.0625,0.34798527267687634,-0.7441180581099914,0.10878256818558303,2.634673125000001,0.34663419110098564,0.15132443340631038,0.16566896805355896,262.53357812499996,18.601116087822433,-0.5444446971318964,0.12349931852209221,1.0,0.9998371005058289,0.008643976412713528,0.9999997615814209,0.5029618144035339
106,2.383801450832202,1.0,0.9757477072998881,0.9063555557997748,1.3962061299908622e-05,0.040228214114904404,1.5,0.234375,64,0.234375,8,0.125,0.2489122520170408,48.89812500000001,10.280095280899639,-0.3734609523642665,0.1758657056224009,2.09375,0.42274216432714634,-0.7343490951028816,0.13215208207543946,2.635722500000001,0.2829364747717237,0.15182596752445096,0.13522553459386655,265.50454687499996,27.198410804866956,-0.5247193960132372,0.18057976647347526,1.0,0.9994701743125916,0.0005350454594008625,0.9999997019767761,0.48379001021385193
107,2.3795443377205387,1.0,0.9766185432672501,0.901807962591191,0.0013050899977017044,0.02711973525583744,1.5,0.296875,64,0.296875,13,0.203125,0.3220897559593956,47.91000000000001,9.120032380699095,-0.390365202336639,0.1560200451556933,2.0625,0.34798527267687634,-0.7441180581099914,0.10878256818558303,2.610901250000001,0.33944577387034564,0.1399629979188317,0.16223336448324757,261.45398437499995,18.973700892198938,-0.5516124978045129,0.12597303941146987,1.0,0.9992340207099915,0.0021715527400374413,0.9999997019767761,0.46861714124679565
108,2.3774645394802985,1.0,0.974931962788105,0.8954092454205289,0.0030899786612351896,0.018305379897356033,1.5,0.28125,64,0.28125,11,0.171875,0.30939363465067027,46.57015625000001,8.029281274689904,-0.4132864457764073,0.13736012930130118,2.03125,0.24803918541230538,-0.7538870211171014,0.07753874005140782,2.644473750000001,0.28141880607190733,0.15600850517912893,0.13450018604545255,258.231265625,19.977429937652595,-0.5730092552643474,0.1326371477643826,1.0,0.9991598725318909,0.0016519824275746942,0.9999997615814209,0.4543694853782654
109,2.386376680265335,1.0,0.9754025060683489,0.9138404176737712,2.5378575221878457e-05,0.011042497120797634,1.5,0.203125,64,0.203125,7,0.109375,0.25225269384487614,47.5396875,7.666504860583064,-0.39670028652932154,0.13115396794707682,2.078125,0.4071504443998557,-0.7392335766064365,0.12727800414945797,2.7209259375000006,0.31410671430422554,0.19254775991430942,0.15012291503094932,264.318921875,17.66515529077007,-0.5325911752565596,0.11728514728346236,1.0,1.0000745058059692,0.011898322962224483,0.9999997615814209,0.6493170857429504
110,2.3808738294105307,1.0,0.9765100525692105,0.9085327685377595,0.007920428832627332,0.05753139778971672,1.5,0.3125,64,0.3125,11,0.171875,0.3280282564167436,47.26734375000001,8.226284330232936,-0.40135938009381306,0.1407303394429539,2.03125,0.3521696146745201,-0.7538870211171014,0.11009062201547354,2.7708289062500007,0.3305130286251837,0.2163981865250328,0.15796408371221082,266.59370312499993,16.509466877635393,-0.517488106557056,0.10961212751560825,1.0,1.0005621910095215,0.03201707452535629,0.9999997615814209,0.464008629322052
111,2.3875929071196396,1.0,0.9785452708601952,0.9089165265807484,0.000490774522611297,0.030025526881217957,1.5,0.25,64,0.25,9,0.140625,0.2774699130856939,46.81265625000001,2.9431972634935533,-0.4091379011911571,0.05035045390016228,2.015625,0.12401959270615269,-0.7587715026206564,0.03876937002570391,2.740269062500001,0.36701754826795596,0.2017925362230246,0.17541090879112253,262.9435,17.774149133995124,-0.5417230823658371,0.11800879554724639,1.0,0.9995752573013306,0.0189907755702734,0.9999997615814209,0.4580612778663635
112,2.3897277431096495,1.0,0.9787328187376261,0.9120775169313575,0.006962202880798306,0.05099643021821976,1.5,0.25,64,0.25,9,0.140625,0.26246120915837934,45.71546875000001,6.785869032797012,-0.42790792701437036,0.11608857827722467,1.984375,0.2790714234295586,-0.7685404656277663,0.0872396291783959,2.869963125000001,0.36765353199749734,0.2637780011559664,0.1757148683279395,265.934453125,15.580686646383803,-0.5218650979887143,0.10344563056591954,1.0,0.9997904300689697,0.0075716604478657246,0.9999997615814209,0.38294050097465515
113,2.3782670592733144,1.0,0.9777730600908399,0.8889931068336991,0.00013634061144422895,0.02373693324625492,1.5,0.25,64,0.25,8,0.125,0.2852422473724807,45.19562500000001,10.530719033350715,-0.4368011021658699,0.18015322649318852,2.015625,0.4504229782937367,-0.7587715026206564,0.14080529320012147,2.834032812500001,0.4775847989018184,0.24660561035744105,0.2282549812550957,262.212203125,31.948590366096198,-0.5465784182109246,0.21211787074096272,1.0,0.9990569353103638,0.00648648664355278,0.9999998211860657,0.5970895290374756
114,2.3915499546837395,1.0,0.9810198135674,0.9062785958292763,1.926644316819095e-05,0.027991728857159615,1.5,0.203125,64,0.203125,10,0.15625,0.21176136762127173,46.04750000000001,9.133644193310797,-0.4222277354913957,0.1562529078835519,2.0,0.39528470752104744,-0.7636559841242113,0.12356869392158028,2.947585000000001,0.3250767880055424,0.300876291687514,0.15536590846964096,269.8950625,20.178608561168033,-0.49556922647028817,0.13397284304137916,1.0,0.9998568892478943,0.005341880489140749,0.9999996423721313,0.7857812643051147
115,2.386993330502612,1.0,0.9790852023288608,0.9021829468939284,1.1168357009200139e-05,0.019901448860764503,1.5,0.203125,64,0.203125,8,0.125,0.22674645542028693,45.73703125,10.549861474162752,-0.4275390486942902,0.18048070389186582,2.0,0.39528470752104744,-0.7636559841242113,0.12356869392158028,2.940813125000001,0.2851025846563561,0.29763976865591596,0.13626079654577572,266.77996874999997,18.469617232573423,-0.5162514238954895,0.12262625160863319,1.0,0.999309778213501,0.004317323211580515,0.9999997615814209,0.5749316215515137
116,2.3894495339337825,1.0,0.9815634321421385,0.9073553067603506,0.00687124670179802,0.04255126044154167,1.5,0.203125,64,0.203125,9,0.140625,0.2212631709156715,47.235000000000014,6.8227578734702305,-0.40191269757393333,0.11671965044312585,2.046875,0.2755498763835687,-0.7490025396135465,0.08613876956815357,2.791306718750001,0.3428392849246876,0.2261852708691763,0.16385524567351767,266.496875,30.445270538654686,-0.5181309823605726,0.20213680437197634,1.0,0.9997797012329102,0.011609498411417007,0.9999997615814209,0.6394396424293518
117,2.3851745593543505,1.0,0.9794645337387919,0.9054153931697276,0.000997367817824528,0.05053513124585152,1.5,0.34375,64,0.34375,13,0.203125,0.29793254300206473,48.775312500000005,12.278599773685261,-0.37556195496994094,0.21005492208485024,2.140625,0.5552923638724019,-0.7196956505922166,0.173588177945604,2.7417706250000005,0.40001109064263424,0.20251018703829107,0.19117971134427836,270.46871875,27.39374766396794,-0.4917605218954417,0.18187667623240153,1.0,1.00094473361969,0.009999999776482582,0.9999996423721313,0.9531806111335754
118,2.385513166398011,1.0,0.9785242583602667,0.9017611708714401,0.014179443231693057,0.04163946211338043,1.5,0.25,64,0.25,12,0.1875,0.268706405738509,45.31906250000001,13.24121722109013,-0.4346894074349758,0.22652280414298975,2.015625,0.5726088188065217,-0.7587715026206564,0.1790014197909065,2.7820637500000007,0.4162023837911527,0.2217677231088121,0.1989181136607026,263.69725,24.7710535504649,-0.5367186723671827,0.16446369229206817,1.0,0.9997556209564209,0.00162601622287184,0.9999997615814209,0.5093418955802917
119,2.387155135897598,1.0,0.9792388323694468,0.9066970392311712,0.0006478834866090652,0.014444361440837383,1.5,0.234375,64,0.234375,7,0.109375,0.25783207098196803,47.34609375000001,7.366227964753124,-0.4000121723161287,0.1260170108737942,2.046875,0.32738010687120256,-0.7490025396135465,0.10234125290523123,2.8488450000000007,0.29567412541089944,0.253684888399652,0.14131331673133096,269.98446874999996,25.364692214257676,-0.49497562709192394,0.1684050671042371,1.0,0.9989482164382935,0.00474433321505785,0.9999997615814209,0.4766671657562256
120,2.3892295091138616,1.0,0.9826778816059232,0.9032901926251267,0.0030565796366789186,0.031118139624595642,1.5,0.234375,64,0.234375,12,0.1875,0.23782094129467335,46.78093750000001,3.2112520527192743,-0.4096805265460578,0.054936174495596284,2.0625,0.24206145913796356,-0.7441180581099914,0.07567006207250623,2.809181562500001,0.34364742277341304,0.2347283026710172,0.16424148386605752,264.9633125,21.10279832071671,-0.5283128404150487,0.14010886224315597,1.0,0.9989162683486938,0.0026838432531803846,0.9999998211860657,0.48015785217285156
121,2.3629613301877272,1.0,0.9785566795617342,0.8781100846607521,0.010574734443216348,0.043912261724472046,1.5,0.359375,64,0.359375,18,0.28125,0.3810762741662881,45.441875,11.512403484258838,-0.4325884048293015,0.19694729541376252,2.03125,0.6115745559619039,-0.7538870211171014,0.19118237482500883,2.6340440625000006,0.46065188269491686,0.15102378177444098,0.22016213056075234,255.76387499999998,35.79346680894608,-0.5893911250014431,0.2376453508261211,1.0,0.9988659024238586,0.002742731710895896,0.9999998807907104,0.5874415636062622
122,2.393646040488223,1.0,0.980354705825448,0.9166773876779282,0.00037510080472354573,0.04169461876153946,1.5,0.203125,64,0.203125,10,0.15625,0.23185290119969515,48.40484375000001,9.70921018804238,-0.3818997121939281,0.1660993457841616,2.109375,0.4716058835245803,-0.7294646135993266,0.14742721376278475,2.693962343750001,0.4435992360606245,0.17966088704874017,0.21201205638165277,266.274265625,14.552188458959302,-0.5196089638956228,0.09661707121236074,1.0,0.9984167814254761,0.017590617761015892,0.9999996423721313,0.5843690633773804
123,2.385188459305808,1.0,0.978281706571579,0.9054370870870149,0.0006890944120215241,0.007845152169466019,1.5,0.265625,64,0.265625,12,0.1875,0.2803280789648205,46.84125000000001,8.947215261605145,-0.40864873646235506,0.15306359351175206,2.0625,0.42847841252506524,-0.7441180581099914,0.13394527236168172,2.852962187500001,0.3306811116868715,0.2556526406350607,0.15804441666288904,267.14432812499996,19.25632996417564,-0.513832314509946,0.12784951271655856,1.0,0.9989894032478333,0.015005359426140785,0.9999998211860657,0.5365053415298462
124,2.385004939610222,1.0,0.9811933301389217,0.9030340556338239,0.0119792723662582,0.04992961511015892,1.5,0.25,64,0.25,12,0.1875,0.27073688462701806,46.20453125000001,10.143107408741832,-0.41954133902994173,0.17352219925009074,2.046875,0.4818482482846648,-0.7490025396135465,0.1506290468010757,2.8895937500000013,0.3294094724251837,0.2731601840723914,0.15743665444661412,269.477390625,19.863107435344475,-0.49834229619819087,0.13187812066836677,1.0,0.9984703660011292,0.007970244623720646,0.9999997615814209,0.7368364930152893
125,2.391851508278448,1.0,0.9826583554968238,0.9078222822695008,0.008349774348915774,0.016087181866168976,1.5,0.234375,64,0.234375,11,0.171875,0.23910438624099695,45.70093750000001,7.7975203828585,-0.4281565189257287,0.13339530293890972,2.03125,0.39404750665370286,-0.7538870211171014,0.12318193649740578,2.919024062500001,0.28456534403761535,0.2872259906966094,0.13600402989901034,269.41579687499996,15.832129633260491,-0.4987512386570364,0.10511504853954101,1.0,0.9986047744750977,0.007478632498532534,0.9999996423721313,0.6052287817001343
126,2.390242770239618,1.0,0.9798332639038563,0.9107780100921172,0.000549500906713224,0.04047052562236786,1.5,0.234375,64,0.234375,9,0.140625,0.22361760256833396,45.58046875000001,8.108022922869262,-0.43021742606182917,0.13870719420104613,1.984375,0.2790714234295586,-0.7685404656277663,0.0872396291783959,3.0451237500000015,0.41379368286207935,0.34749357432316286,0.19776690870887206,273.40854687499996,14.00936270178992,-0.47224197428273884,0.0930130610674778,1.0,0.9992063045501709,0.0010542962700128555,0.9999997019767761,0.6300949454307556
127,2.3950483388151644,1.0,0.9814893687143922,0.9108364817562221,0.00036998449916804914,0.021102258935570717,1.5,0.171875,64,0.171875,8,0.125,0.1419139212649847,46.83515625000001,11.828479138316386,-0.4087529846832473,0.2023545281691021,2.03125,0.4318835925339142,-0.7538870211171014,0.13500975484292957,2.945896250000001,0.2675424525630237,0.30006917722222765,0.12786817678271542,270.41059375,22.337812974667226,-0.49214643410926845,0.14830855668125148,1.0,1.000014305114746,0.002658160636201501,0.9999997019767761,0.5278456211090088
128,2.3906862396213135,1.0,0.9793740771710873,0.9127480993749331,8.14428104993932e-05,0.00984223559498787,1.5,0.1875,64,0.1875,9,0.140625,0.20215296778406744,45.6928125,5.317036730157481,-0.42829551655358516,0.09096067602668531,2.0,0.25,-0.7636559841242113,0.0781517040568795,2.964610781250001,0.28212701933983114,0.30901352593158604,0.1348386666808628,269.44834374999994,10.727099719021716,-0.49853514856526215,0.071220968610857,1.0,0.9993106126785278,0.005356186535209417,0.9999997019767761,0.5075418949127197
129,2.3865763900527734,1.0,0.9800975741818547,0.9092554547817283,0.0006422808748321937,0.01817598007619381,1.5,0.15625,64,0.15625,8,0.125,0.22775702305232637,45.260625000000005,5.063185717448551,-0.4356891211430194,0.08661794512262795,1.96875,0.17399263633843817,-0.7734249471313213,0.054391284092791516,2.9565243750000008,0.24350777499057322,0.3051487410572367,0.11638113847792261,270.02193750000004,11.193204485416302,-0.49472685894978474,0.07431560125213789,1.0,0.9987187385559082,0.00319488812237978,0.9999997615814209,0.47821882367134094
130,2.394240677982212,1.0,0.9804823584854603,0.9150920593684094,3.657263189094644e-05,0.026428397744894028,1.5,0.171875,64,0.171875,6,0.09375,0.1799082470043295,46.38859375000001,8.174602220289433,-0.41639250815273504,0.13984619289713773,2.03125,0.39404750665370286,-0.7538870211171014,0.12318193649740578,2.8743623437500005,0.22353197845010797,0.2658805462864379,0.10683398564687772,269.75454687499996,14.486252478567488,-0.4965021588732299,0.0961792991665314,1.0,0.9995901584625244,0.009095773100852966,0.9999997615814209,0.45208773016929626
131,2.3871873791235663,1.0,0.9808022491633892,0.8988161986652969,0.0006079337946531039,0.02342216484248638,1.5,0.203125,64,0.203125,10,0.15625,0.2103943610744402,46.850156250000005,11.14293196551455,-0.4084963736779742,0.1906265982241098,2.03125,0.4318835925339142,-0.7538870211171014,0.13500975484292957,2.795440000000001,0.34708777800075347,0.22816071488751655,0.16588575357425003,264.58865625,33.66706452817555,-0.5308003143567511,0.22352742202340237,1.0,0.9999563694000244,0.0,0.9999998807907104,0.748319685459137
132,2.3824983708743104,1.0,0.9811878148466349,0.9002129830956566,0.00032998851493668495,0.03855901211500168,1.5,0.265625,64,0.265625,10,0.15625,0.275148246805786,48.668906250000006,10.377591109752347,-0.37738228928859774,0.1775336057991901,2.109375,0.35869500885153116,-0.7294646135993266,0.11213050471377854,2.776579687500001,0.275431020504504,0.21914669206674875,0.1316384076019386,269.12293750000003,14.866338999434051,-0.5006956345236357,0.09870282657665191,1.0,0.9989045858383179,0.000530222721863538,0.9999997615814209,0.5375767946243286
133,2.385050002708789,1.0,0.9794475166127086,0.9055736047746918,0.00011278895130343428,0.02327243611216545,1.5,0.265625,64,0.265625,11,0.171875,0.20650349478446928,48.58765625000001,12.713004383084902,-0.3787722655671609,0.21748645565240737,2.109375,0.5622829442327056,-0.7294646135993266,0.17577348101562118,2.8916287500000006,0.29077442590595515,0.27413278388696266,0.13897157381734307,273.78721874999997,26.859462003331334,-0.46972783920153266,0.17832936677671007,1.0,0.9993129968643188,0.0005241089966148138,0.9999998211860657,0.7664068937301636
134,2.3921800940294657,1.0,0.9827043302357197,0.9080391202892664,0.0007644549166567662,0.016954921185970306,1.5,0.1875,64,0.1875,11,0.171875,0.15238660074003252,47.428593750000005,7.83951566328947,-0.39860081178712614,0.13411373301411783,2.078125,0.443871022229431,-0.7392335766064365,0.1387571070747963,2.8139490625000008,0.25083609017966546,0.2370068626788648,0.11988360432265642,268.108828125,27.456334402075306,-0.5074286615166429,0.1822922114867533,1.0,0.9996480941772461,0.0015898251440376043,0.9999997615814209,0.7512216567993164
135,2.397342879316378,1.0,0.9813872687518597,0.9144350158203257,1.111417955041507e-05,0.019065048545598984,1.5,0.203125,64,0.203125,9,0.140625,0.15775614412581207,46.393437500000005,4.339825824107893,-0.4163096441822824,0.07424313782899686,2.078125,0.32135880939379896,-0.7392335766064365,0.1004589542712613,2.8774609375000013,0.3515819660909407,0.26736147587203174,0.1680336879738402,267.907046875,20.95709716482527,-0.5087683578417388,0.13914150128612962,1.0,1.0003266334533691,0.0032085562124848366,0.9999996423721313,0.4993170499801636
136,2.39045798239341,1.0,0.9815656719729304,0.9067429909279769,0.0005339120917479787,0.007112370803952217,1.5,0.203125,64,0.203125,10,0.15625,0.19964205753368547,45.999375,8.256750623542835,-0.423051029133314,0.14125153851983402,2.0,0.30618621784789724,-0.7636559841242113,0.09571589873417641,2.925250625000001,0.2734852917884427,0.2902018892385842,0.13070847375012146,267.86040625,19.485165973695498,-0.5090780212713819,0.12936883505698085,1.0,0.9993163347244263,0.0005373455351218581,0.9999998211860657,0.47554266452789307
137,2.396629354218202,1.0,0.9827068848535419,0.9144003064314075,3.6567408081540304e-05,0.029473571106791496,1.5,0.203125,64,0.203125,8,0.125,0.19022795909869128,46.82203125000001,6.186728785192012,-0.40897751931286136,0.10583884619472084,2.0625,0.29973947020704494,-0.7441180581099914,0.09370060147914731,2.907130000000001,0.23929328620962237,0.2815413897226522,0.11436688245489222,270.56695312499994,14.742957272488704,-0.4911083095061067,0.09788365211830827,1.0,1.0002076625823975,0.0005291005363687873,0.9999997019767761,0.5973901748657227
138,2.3988025407221913,1.0,0.9811978889629245,0.9216853573498686,3.103101528560664e-06,0.010595436207950115,1.5,0.234375,64,0.234375,9,0.140625,0.16233408889016776,47.94500000000001,6.513648890982689,-0.3897664433243349,0.1114315993274521,2.078125,0.26836818808308854,-0.7392335766064365,0.08389372485340205,2.890289062500001,0.2332306733399818,0.273492498966037,0.11146934134784958,271.81623437499996,11.675700215541392,-0.48281389414473835,0.07751905923707451,1.0,1.0001578330993652,0.0005285412189550698,0.999999463558197,0.6747570037841797
139,2.3865856110557124,1.0,0.9828435443341732,0.9001546421731244,0.00013722534136569443,0.012158696539700031,1.5,0.234375,64,0.234375,9,0.140625,0.22569344299146832,45.40218750000001,9.075402447817051,-0.4332673547807534,0.15525654302621747,1.953125,0.37205877811845806,-0.7783094286348763,0.11630811007711171,2.968986250000001,0.36178817339838226,0.3111047200814207,0.1729116021432244,269.11684375,27.555308642470987,-0.5007360930621824,0.18294933610134084,1.0,0.9993463754653931,0.0,0.9999998211860657,0.7416341304779053
140,2.389025676798421,1.0,0.981661956757307,0.9061998275368626,0.0004381028443483486,0.0433194562792778,1.5,0.234375,64,0.234375,12,0.1875,0.2389646773621199,47.75140625000001,6.640963989509425,-0.3930783291111422,0.11360962968874563,2.109375,0.3121091305537215,-0.7294646135993266,0.09756744161793765,2.877239062500001,0.28561273180282304,0.2672554338160817,0.13650461424604993,273.5393125,19.583644154525842,-0.47137377554147125,0.13002266615853528,1.0,0.9993222951889038,0.0010509721469134092,0.9999997615814209,0.5983355641365051
141,2.3922974681378624,1.0,0.9830288542434573,0.9070843704838543,1.6432191620779497e-05,0.009719585999846458,1.5,0.234375,64,0.234375,14,0.21875,0.18211723550899073,48.35671875000001,11.625941232687289,-0.3827230058358463,0.19888963113114128,2.125,0.5153882032022076,-0.7245801320957717,0.16111386532426322,2.8989821875000006,0.3017311334432778,0.2776472565891562,0.14420817908472153,274.4293124999999,25.30014346480755,-0.4654647541168584,0.16797650537004297,1.0,0.9991133213043213,0.002615062752738595,0.9999997615814209,0.5490516424179077
142,2.3930863005284753,1.0,0.9814134361222386,0.9049873946744268,0.0017611496181282112,0.06457339972257614,1.5,0.15625,64,0.15625,7,0.109375,0.14400749172789196,44.107031250000006,9.797662457138614,-0.455424111267312,0.16761253416359365,1.9375,0.46351240544347894,-0.7831939101384312,0.14489713734764445,2.9151303125000005,0.23748081132988946,0.28536502729219243,0.11350063541216796,265.59071874999995,26.05690455670336,-0.5241472707822552,0.17300090706142057,1.0,1.0000340938568115,0.0038084874395281076,0.9999998211860657,0.4918995797634125
143,2.399665462104398,1.0,0.9828388513997197,0.9166398991995635,0.011389550842588761,0.017329473048448563,1.5,0.15625,64,0.15625,7,0.109375,0.15230451096997355,46.60343750000001,1.931989921970027,-0.41271709010845736,0.03305132507029563,2.0625,0.24206145913796356,-0.7441180581099914,0.07567006207250623,2.875799062500001,0.32006328111464355,0.2665672059374659,0.1529697729057876,269.37899999999996,11.971875217306174,-0.49899554598595075,0.07948546870995427,1.0,0.999615490436554,0.0010678056860342622,0.9999996423721313,0.4171425402164459
144,2.4011709030964363,1.0,0.9818982211872935,0.9214921765154,7.733724696118137e-05,0.005804833024740219,1.5,0.15625,64,0.15625,9,0.140625,0.1220368848333504,46.690156250000015,4.594141477260572,-0.41123355773422154,0.07859381752314495,2.015625,0.2159417962669571,-0.7587715026206564,0.06750487742146478,2.911401250000001,0.21063345671079334,0.28358277397719217,0.10066931741498335,270.081671875,9.468522890105877,-0.49433026153218856,0.0628648366484013,1.0,0.9995906352996826,0.0010660981060937047,0.9999995231628418,0.6045179963111877
145,2.3900777212457505,1.0,0.980626069009304,0.9092272244467949,0.003920731477333258,0.02507100999355316,1.5,0.21875,64,0.21875,11,0.171875,0.19502695169168627,46.79140625000001,7.769045723894341,-0.4095014334486275,0.1329081755481361,2.046875,0.32738010687120256,-0.7490025396135465,0.10234125290523123,2.9225090625000005,0.22487086205002482,0.28889159775006473,0.10747388635499176,271.49032812499996,13.352456223077795,-0.48497769977807026,0.08865162909368314,1.0,0.9994725584983826,0.000530222721863538,0.9999997615814209,0.6613624691963196
146,2.392119563197538,1.0,0.9815686019137502,0.9108840651512247,8.952896011564695e-05,0.02860710211098194,1.5,0.1875,64,0.1875,8,0.125,0.13964138668841208,48.3884375,7.916056116122078,-0.3821803804809458,0.135423141183814,2.109375,0.35869500885153116,-0.7294646135993266,0.11213050471377854,2.922986250000001,0.2506133263584316,0.28911966284786145,0.11977713746701744,275.66765624999994,21.24800561024697,-0.45724295664518866,0.14107294424859904,1.0,0.99931401014328,0.0010449320543557405,0.9999997019767761,0.45231205224990845
147,2.3916789759744406,1.0,0.9805672094225883,0.909240031620509,7.880719736382264e-05,0.02402219921350479,1.5,0.1875,64,0.1875,10,0.15625,0.1861786860420077,45.42562500000001,8.783740638781124,-0.43286640008501404,0.15026696769178338,1.984375,0.4142835494863391,-0.7685404656277663,0.12950786142035986,2.9475284375000013,0.2817234494101598,0.30084925843099736,0.13464578607213307,267.72084375,19.4831097509955,-0.5100046255439354,0.1293551830749718,1.0,0.9998970627784729,0.0005382131203077734,0.9999997615814209,0.7947331070899963
148,2.4015490586930337,1.0,0.9820856153964996,0.9206557019924829,4.84402014728689e-06,0.006609389092773199,1.5,0.09375,64,0.09375,6,0.09375,0.08898155470850544,45.903281250000006,2.117014447494026,-0.4246949433858454,0.03621661370328974,1.984375,0.12401959270615269,-0.7685404656277663,0.03876937002570391,2.923587187500001,0.18162339043908965,0.2894068725289764,0.08680436160340171,268.393046875,6.643875347899572,-0.5055416337829051,0.044111013228313234,1.0,1.0001553297042847,0.006441223900765181,0.9999995827674866,0.4770807921886444
149,2.391626821657398,1.0,0.9808869259431958,0.9128581091801888,0.0005898605444103351,0.014129066839814186,1.5,0.15625,64,0.15625,6,0.09375,0.14914450768057486,46.847656250000014,3.158749625142192,-0.4085391421788529,0.054037994447607034,2.046875,0.21137108216357317,-0.7490025396135465,0.06607604103771973,2.896152500000001,0.26861093817313214,0.2762948469882739,0.12837884454992127,268.954640625,13.421194894139443,-0.5018130163664116,0.08910800918357385,1.0,0.9999619126319885,0.0021344716660678387,0.9999997615814209,0.7647291421890259
150,2.390736953993835,1.0,0.9792967448011041,0.911421776449863,3.6423717554706395e-05,0.026143023744225502,1.5,0.25,64,0.25,7,0.109375,0.19741032675938408,45.600468750000005,7.54926971420239,-0.4298752780547983,0.12914837936267037,2.0,0.3535533905932738,-0.7636559841242113,0.11052319979980743,2.9211078125000007,0.3217892813553851,0.2882218898924882,0.15379469060313192,268.143765625,18.431074348724035,-0.5071966992289771,0.1223703519160125,1.0,1.0000388622283936,0.0016042781062424183,0.9999995827674866,1.530418872833252
151,2.395278058460249,1.0,0.9816986676305532,0.911649515036043,0.0009387537320034752,0.024628102779388428,1.5,0.15625,64,0.15625,8,0.125,0.13280894565754042,46.60171875,7.882563541348617,-0.4127464934528117,0.13485017029836024,2.03125,0.3521696146745201,-0.7538870211171014,0.11009062201547354,2.828478750000001,0.21776852877180763,0.2439511237935003,0.10407942540687398,266.87321875,24.898574449948903,-0.515632304515888,0.16531034816525575,1.0,0.9995999336242676,0.0005376344197429717,0.9999997615814209,0.5150306820869446
152,2.396400701424234,1.0,0.9821627950295806,0.9166431991980437,1.0320788635101546e-05,0.014218880794942379,1.5,0.234375,64,0.234375,10,0.15625,0.15747349112852216,48.21171875,9.279782384754421,-0.3852035788868208,0.15875295243122903,2.109375,0.4372208931135382,-0.7294646135993266,0.13667823138437513,2.8928950000000007,0.2351128566773842,0.27473797038091907,0.11236890457386793,273.380953125,20.12636086503664,-0.47242517884446367,0.1336259523044948,1.0,0.9992244839668274,0.0010531859006732702,0.9999996423721313,0.5369371175765991
153,2.4008441956759867,1.0,0.9825570257380605,0.9197499899192607,5.113126830816497e-06,0.006165266968309879,1.5,0.140625,64,0.140625,6,0.09375,0.10178017736149336,47.223593750000006,5.165645339399614,-0.4021078288591933,0.08837076289521295,2.046875,0.21137108216357317,-0.7490025396135465,0.06607604103771973,2.8755281250000007,0.17532254959498078,0.26643771514520015,0.08379296276476515,272.05196874999996,15.247575077664768,-0.48124877114204984,0.10123398630036075,1.0,0.9995377659797668,0.0,0.9999995827674866,0.4506007730960846
154,2.3899808727523664,1.0,0.9812928820028901,0.9051726166561628,0.002766612637287802,0.025939159095287323,1.5,0.203125,64,0.203125,8,0.125,0.16102012341977268,47.396718750000005,7.172780809832297,-0.3991461101733317,0.12270763294769584,2.0625,0.29973947020704494,-0.7441180581099914,0.09370060147914731,2.893199218750001,0.28942660659863745,0.27488336748157727,0.13832740241273708,271.20601562499996,18.79305037149055,-0.4868653499508628,0.12477363739210649,1.0,0.9986284375190735,0.005786428228020668,0.9999998211860657,0.5149973034858704
155,2.388433872007012,1.0,0.9812222020700574,0.9054530519305986,0.0010952935004625774,0.006218987982720137,1.5,0.21875,64,0.21875,11,0.171875,0.23406006065979257,45.04453125000001,8.897789916899221,-0.4393859234377364,0.1522180543523546,1.984375,0.4504229782937367,-0.7685404656277663,0.14080529320012147,2.840170937500001,0.38121286533788623,0.24953924143204395,0.18219536223092556,264.46534375,30.456188737481355,-0.531619029193181,0.20220929411443136,1.0,1.0000313520431519,0.007502679713070393,0.9999998807907104,0.7454333901405334
156,2.393454099930931,1.0,0.9795147469267249,0.9117639880140365,0.01433959168448767,0.04360798001289368,1.5,0.15625,64,0.15625,7,0.109375,0.15160246004726574,46.57656250000001,8.682460988026019,-0.41317685149290523,0.14853433615885092,2.015625,0.3746743377588062,-0.7587715026206564,0.11712575184893415,2.830645000000001,0.18012714693377035,0.24498645271159164,0.0860892529273194,267.011515625,18.96563942040331,-0.5147141031705709,0.12591951647938643,1.0,0.999112606048584,0.0010810811072587967,0.9999998211860657,0.4499705731868744
157,2.3904689679921374,1.0,0.9814179334789515,0.9036091898505845,3.5112360318192125e-05,0.029443131759762764,1.5,0.171875,64,0.171875,6,0.09375,0.22395674889663142,45.96328125000001,6.307846070244458,-0.42366849936475254,0.10791084807960548,2.03125,0.39404750665370286,-0.7538870211171014,0.12318193649740578,2.7759023437500003,0.27481895935518985,0.2188229650860845,0.13134588152806664,263.41579687499996,23.217281001430056,-0.5385873381488115,0.15414765265024466,1.0,0.9994662404060364,0.0,0.9999996423721313,0.4593104422092438
158,2.39435343936534,1.0,0.9817073196172714,0.9132259782269136,2.4297280091755515e-05,0.00878925621509552,1.5,0.21875,64,0.21875,10,0.15625,0.19219056498878262,46.78234375000001,3.9465260602631203,-0.40965646926431337,0.06751480131073538,2.0625,0.24206145913796356,-0.7441180581099914,0.07567006207250623,2.872922812500001,0.2492823710139569,0.26519254244033497,0.11914102595780901,269.12664062499994,11.120467466241001,-0.5006710481809813,0.07383267473003749,1.0,1.0008082389831543,0.008029978722333908,0.9999997019767761,0.566422700881958
159,2.4012458523102898,1.0,0.9819333860650659,0.9219058717340234,1.935720629536219e-06,0.007422513794153929,1.5,0.140625,64,0.140625,6,0.09375,0.11503693241957846,46.62468750000001,2.570488747756689,-0.41235355785098704,0.04397438010702083,2.015625,0.12401959270615269,-0.7587715026206564,0.03876937002570391,2.8937768750000004,0.18210646440402517,0.2751594502145677,0.08703524005486149,268.1879375,9.44941144145199,-0.5069034266944378,0.06273794905339994,1.0,0.9998199343681335,0.0032051282469183207,0.999999463558197,0.6129902601242065
160,2.3934259841531595,1.0,0.9807278094813228,0.9069412763097953,0.014005035383456294,0.03787118196487427,1.5,0.171875,64,0.171875,10,0.15625,0.1269096995991641,46.53812500000001,10.87628754949845,-0.41383441719391784,0.1860650054478179,2.046875,0.44824963399315787,-0.7490025396135465,0.14012589095775133,2.8320418750000007,0.26793078949419846,0.24565406959905084,0.1280537769926672,266.95165625,30.63027659197001,-0.5151115305069071,0.20336512429638465,1.0,0.9998973608016968,0.0,0.9999998211860657,0.44383370876312256
161,2.400679299557156,1.0,0.9834394082427025,0.9160789602375718,1.5270948781536014e-06,0.002353138057515025,1.5,0.125,64,0.125,6,0.09375,0.09461210652752317,46.17000000000001,7.105427357601002e-15,-0.4201320789483311,1.2155539047531627e-16,2.0,0.0,-0.7636559841242113,0.0,2.9308912500000006,0.26211895524444195,0.2928977471398458,0.12527609202282247,269.33096875,10.471411076666003,-0.49931444226156946,0.06952336224489049,1.0,1.000067949295044,0.0010649627074599266,0.9999996423721313,0.5190233588218689
162,2.3976925200014003,1.0,0.9819989996030927,0.9166239284769186,1.793476009270323e-05,0.00881145428866148,1.5,0.171875,64,0.171875,8,0.125,0.13561987687318877,45.91015625000001,6.1786316477101915,-0.4245773300084285,0.10570032522211781,2.0,0.25,-0.7636559841242113,0.0781517040568795,2.8958489062500012,0.2716850264501919,0.2761497485976328,0.1298480620871424,267.938265625,11.980047932972482,-0.5085610856365707,0.07953973022902111,1.0,0.9997751116752625,0.002675227355211973,0.9999997019767761,0.580000638961792
163,2.397628243145706,1.0,0.9825475579127669,0.9144648768447122,1.1518210437989637e-05,0.011244364082813263,1.5,0.125,64,0.125,7,0.109375,0.11390087164497875,45.44859375000001,4.154981147365285,-0.43247346448318946,0.07108092594110874,1.96875,0.17399263633843817,-0.7734249471313213,0.054391284092791516,2.869042343750001,0.2523288765972287,0.2633379266237742,0.12059706073195224,265.3405625,16.148495297429225,-0.5258081456595033,0.10721551088514221,1.0,0.9996258616447449,0.0010810811072587967,0.9999996423721313,0.4633517265319824
164,2.398631294987055,1.0,0.9819191284477711,0.9180654030920492,0.000329847557609063,0.02742893435060978,1.5,0.171875,64,0.171875,5,0.078125,0.12451998488934635,48.27796875000001,7.87471828458158,-0.3840702136135307,0.13471595834998587,2.09375,0.2914805954090255,-0.7343490951028816,0.09111882092291676,2.868673437500001,0.32035610519886115,0.2631616130363815,0.15310972408515472,272.69260937499996,14.517135520025528,-0.47699533386272097,0.09638434248521992,1.0,0.9994562864303589,0.0005260389298200607,0.9999995231628418,0.5847508907318115
165,2.3994784374543086,1.0,0.9818140743300319,0.9190976307714724,0.00034384641935541,0.0046133543364703655,1.5,0.125,64,0.125,6,0.09375,0.10684069391993267,47.07937500000001,5.063185717448554,-0.40457503675364287,0.086617945122628,2.03125,0.17399263633843817,-0.7538870211171014,0.054391284092791516,2.8459656250000007,0.20287787691948936,0.2523087313524372,0.09696264642386912,268.32760937499995,12.429383703065778,-0.5059760962429874,0.08252302763612943,1.0,0.9990652799606323,0.0031628888100385666,0.9999997019767761,0.478056401014328
166,2.3978737464443003,1.0,0.9819714576005936,0.9153016883359808,0.00010073170971656183,0.01117489393800497,1.5,0.15625,64,0.15625,9,0.140625,0.15680298977924167,45.95390625000001,5.422609386053079,-0.42382888124304824,0.09276674971726744,2.0,0.1767766952966369,-0.7636559841242113,0.055261599899903716,2.8689131250000006,0.20745309627174646,0.2632761683278089,0.09914930858290087,266.75496875,14.748042360522748,-0.5164174076433717,0.09791741379711637,1.0,1.0000683069229126,0.005333333276212215,0.9999995827674866,0.5590888857841492
167,2.3987169398654564,1.0,0.9813158065080643,0.9159847919174928,0.0010409770686355285,0.0062577626667916775,1.5,0.109375,64,0.109375,6,0.09375,0.08781669851865548,45.95390625000001,5.422609386053078,-0.42382888124304824,0.09276674971726741,2.0,0.1767766952966369,-0.7636559841242113,0.055261599899903716,2.9140537500000008,0.31060213034272266,0.2848504992883229,0.14844794809674378,268.78274999999996,12.234310456407025,-0.5029542583729459,0.08122786809244915,1.0,0.9995438456535339,0.005860415752977133,0.9999997615814209,0.6914066672325134
168,2.393133771592245,1.0,0.9820319674909115,0.9082035518394479,0.00045330176464415174,0.00982376467436552,1.5,0.1875,64,0.1875,10,0.15625,0.1523389633963903,47.80765625000001,9.993493624320575,-0.3921160378413677,0.1709626963418862,2.078125,0.4071504443998557,-0.7392335766064365,0.12727800414945797,2.883616875000001,0.2883774150141349,0.2703036201821123,0.13782595595547062,270.50145312499995,21.063603876807342,-0.4915431869255585,0.13984863661530625,1.0,0.9994277954101562,0.0036958816926926374,0.9999997615814209,0.667522132396698
169,2.389437537716401,1.0,0.9817574042826891,0.9050732106752535,0.01486666216866806,0.03597521409392357,1.5,0.1875,64,0.1875,9,0.140625,0.1808266825517284,45.737812500000004,5.975772300702542,-0.4275256835377655,0.10222992915780452,2.03125,0.3521696146745201,-0.7538870211171014,0.11009062201547354,2.8915393750000007,0.24124359677949908,0.27409006835456595,0.11529900613971733,267.016109375,17.182111226248125,-0.5146836036568977,0.11407804871459443,1.0,0.9985657334327698,0.00474433321505785,0.9999997615814209,1.156643271446228
170,2.3887097244485904,1.0,0.9796114601194859,0.9090831447682111,0.0011372824548674955,0.006745345424860716,1.5,0.25,64,0.25,11,0.171875,0.20507230529375908,45.38359375000001,6.750120454292718,-0.43358544550604,0.115477013032753,2.0,0.30618621784789724,-0.7636559841242113,0.09571589873417641,2.9045103125000007,0.2321198798033088,0.2802893466874012,0.11093845309831864,266.42020312499994,14.947308877959104,-0.5186400337673598,0.09924041393277874,1.0,0.9994314908981323,0.0010610079625621438,0.9999996423721313,1.0082736015319824
171,2.393666768835957,1.0,0.9825285756960511,0.912362599414809,0.0009376507228974834,0.009715399704873562,1.5,0.1875,64,0.1875,12,0.1875,0.17062250268862156,46.81953125000001,6.384942597061734,-0.4090202878137402,0.10922976922958241,2.046875,0.2755498763835687,-0.7490025396135465,0.08613876956815357,2.8454368750000008,0.16099490734254437,0.252056022678258,0.07694526635298739,267.920515625,12.349313270370775,-0.508678934097567,0.08199141201559816,1.0,0.9994408488273621,0.0015839493134990335,0.9999997615814209,0.43182650208473206
172,2.40092273148693,1.0,0.9818431716412306,0.9185914301932114,3.683195625898056e-06,0.013917685486376286,1.5,0.140625,64,0.140625,6,0.09375,0.0987621413636689,46.27125000000001,5.17499864130417,-0.418399954662737,0.0885307735755031,2.03125,0.24803918541230538,-0.7538870211171014,0.07753874005140782,2.864129687500001,0.1744993901132678,0.2609899912145341,0.08339954519263891,268.454734375,13.413953841571775,-0.5051320688850052,0.08905993330182205,1.0,0.9997933506965637,0.0031931877601891756,0.999999463558197,0.39918553829193115
173,2.399996591128663,1.0,0.9823785051703453,0.9175711803158224,3.2021995252059945e-07,0.04762936756014824,1.5,0.15625,64,0.15625,6,0.09375,0.11885694579107353,46.95687500000001,5.632731873556119,-0.4066706932967074,0.0963613992338449,2.03125,0.24803918541230538,-0.7538870211171014,0.07753874005140782,2.820863750000001,0.3079460806471446,0.24031164094929267,0.147178526258212,266.6698125,15.665422770862062,-0.5169827897845962,0.10400822334679677,1.0,0.9996145963668823,0.002144772093743086,0.9999995231628418,0.42628243565559387
174,2.3885731400514807,1.0,0.9817767972126603,0.9021791912574447,0.00044737206651106556,0.012588849291205406,1.5,0.21875,64,0.21875,10,0.15625,0.19512162203272088,44.8484375,8.955697421674861,-0.4427405777254228,0.15320870121991062,1.96875,0.3521696146745201,-0.7734249471313213,0.11009062201547354,2.913668125000001,0.21188832107736508,0.28466619520798186,0.10126906230453625,266.203640625,26.21080838805291,-0.5200778679833907,0.17402272845105493,1.0,0.9996954202651978,0.004312668461352587,0.9999997615814209,0.698394238948822
175,2.398214631234043,1.0,0.9817077638581395,0.9132085979653082,0.0013695895759154987,0.009136255830526352,1.5,0.15625,64,0.15625,8,0.125,0.10610800004739618,45.643437500000005,7.809483661458915,-0.42914019444594276,0.13359996353544415,2.0,0.3535533905932738,-0.7636559841242113,0.11052319979980743,2.8830440625000007,0.19525257969421608,0.2700298524517514,0.09331824216472707,265.920484375,24.683498975778445,-0.5219578414078436,0.1638823868340399,1.0,0.9995744228363037,0.0005408328725025058,0.9999995827674866,0.4126230478286743
176,2.3939171146610616,1.0,0.9825126407667994,0.9117551632311641,0.0001332658818200095,0.005799928680062294,1.5,0.171875,64,0.171875,9,0.140625,0.16330699061359588,46.12625000000001,6.337412351464909,-0.42088052771371126,0.10841665028935017,2.0,0.30618621784789724,-0.7636559841242113,0.09571589873417641,2.875390625000001,0.4546766760288125,0.26637199894151303,0.2173063640273469,268.36131249999994,10.770570218880888,-0.5057523294028735,0.07150958447041486,1.0,0.9988460540771484,0.0021356113720685244,0.9999997615814209,0.6903812885284424
177,2.4010332535481824,1.0,0.9825909081846476,0.920077066731111,3.5093111371163605e-07,0.02149316295981407,1.5,0.171875,64,0.171875,8,0.125,0.12133259525178053,47.23046875000001,5.404419322903568,-0.4019902154817764,0.09245556502454882,2.0625,0.24206145913796356,-0.7441180581099914,0.07567006207250623,2.903315937500001,0.1752588974267675,0.27971851184537233,0.08376254110039105,270.830546875,10.747384069695876,-0.48935821836437143,0.07135564351278732,1.0,0.9995707273483276,0.004228329751640558,0.9999993443489075,0.5558327436447144
178,2.386922138979415,1.0,0.9810657855123281,0.8988974244053434,0.0066235650390154294,0.03424311429262161,1.5,0.234375,64,0.234375,13,0.203125,0.17036220793784684,47.33968750000001,11.224017213205963,-0.4001217665996308,0.1920137560189712,2.078125,0.5392323102105436,-0.7392335766064365,0.1685676957019274,2.945555000000001,0.24114174076152847,0.2999060815530765,0.11525032547918111,272.89607812500003,34.98567472074497,-0.47564443363464265,0.23228213649374638,1.0,0.9993813633918762,0.0010498687624931335,0.9999998211860657,0.6608806252479553
179,2.3569825991398767,0.984375,0.9815156942322141,0.9113396181550573,0.0001691327287692453,0.03029709868133068,1.5,0.171875,63,0.15625,8,0.12698412698412698,0.146585236098691,46.55190476190477,9.473807812443749,-0.41359868129026406,0.1620722231010905,2.015873015873016,0.2812705578836405,-0.758693971168219,0.08792709359854269,2.887234285714287,0.3410194110088273,0.27203251108626175,0.16298546236486441,267.2644126984127,20.8310611596248,-0.5130350310076299,0.13830470414567764,0.984375,0.9996916055679321,0.001065530115738511,1.0230475664138794,0.8378490209579468
180,2.3990728100836045,1.0,0.9823102122172713,0.9182426238032524,6.863396341604641e-06,0.008984038606286049,1.5,0.15625,64,0.15625,9,0.140625,0.10912127442047559,47.77953125000001,6.104849872664639,-0.3925971834762549,0.10443811085776575,2.09375,0.34089725358236606,-0.7343490951028816,0.10656680510308832,2.9225150000000006,0.23755009145441347,0.28889443549522403,0.11353374687962031,273.67060937499997,15.05593447118235,-0.4705020496455616,0.09996161725594446,1.0,0.9996575117111206,0.000521104724612087,0.999999463558197,0.5451793670654297
181,2.3984075370050784,1.0,0.9832837032154202,0.9155516140690718,0.0014206932790241527,0.04684706777334213,1.5,0.171875,64,0.171875,10,0.15625,0.12319482892199707,47.89687500000001,7.336453050308098,-0.3905897369662531,0.12550763949195007,2.0625,0.24206145913796356,-0.7441180581099914,0.07567006207250623,2.887925468750001,0.36232517782256807,0.27236285236015384,0.17316825590410265,272.27229687499994,13.569645353554389,-0.4797859356239939,0.0900936237287161,1.0,0.9992203712463379,0.0,0.9999997019767761,0.5219389796257019
182,2.38976649365189,1.0,0.9830389311537147,0.9023307547372994,0.011277066658725358,0.0391133576631546,1.5,0.171875,64,0.171875,9,0.140625,0.15953028586951712,45.18187500000001,7.959060064440713,-0.4370363289207036,0.1361588269443981,1.96875,0.3045873232752801,-0.7734249471313213,0.09521607339234711,2.9229340625000013,0.3878565375348164,0.2890947205614621,0.18537061252419768,267.03240625,32.30782445608124,-0.5145754030012467,0.2145029515658763,1.0,0.9996724128723145,0.0,0.9999998211860657,0.6970094442367554
183,2.3942236627361555,1.0,0.9819159246981144,0.9140918571974332,0.006234516995089152,0.03336575999855995,1.5,0.15625,64,0.15625,7,0.109375,0.12718397720305175,47.324843750000014,8.035098006594938,-0.400375704573599,0.1374596384627382,2.09375,0.38400642898264087,-0.7343490951028816,0.12004302717516185,2.8859125000000008,0.22593847952761423,0.27140078207367285,0.10798413921039071,270.613296875,25.865563527883758,-0.4908006171334693,0.17173052701793454,1.0,0.9992615580558777,0.0005254860734567046,0.9999997615814209,0.6389334201812744
184,2.395547213941298,1.0,0.9808768229559064,0.9155572232774916,0.002585060245224531,0.03732692077755928,1.5,0.140625,64,0.140625,7,0.109375,0.12067843204668072,45.84296875000001,6.535193350163669,-0.425726733469548,0.11180016901601869,2.0,0.1767766952966369,-0.7636559841242113,0.055261599899903716,2.9127503125000005,0.262292019345619,0.28422753954836916,0.1253588055917236,268.50190624999993,10.875750413360489,-0.5048188783007199,0.0722079125857238,1.0,0.9995088577270508,0.0010576414642855525,0.9999997019767761,0.5593413710594177
185,2.3958859799504673,1.0,0.9821524610742927,0.9094091954146057,0.0010535284580584306,0.0060482993721961975,1.5,0.140625,64,0.140625,5,0.078125,0.10299586077356626,45.85515625000001,6.617171316022123,-0.4255182370277636,0.11320259889796472,1.984375,0.2790714234295586,-0.7685404656277663,0.0872396291783959,2.8974484375000005,0.25539238853685287,0.2769142222080263,0.12206122345648115,266.296515625,23.35504873147893,-0.5194612383600077,0.15506234081707518,1.0,0.9993942379951477,0.0005307855899445713,0.9999997615814209,0.40699538588523865
186,2.3897730568932603,1.0,0.9804184511303902,0.9068265979281649,0.001664730897659338,0.027808189392089844,1.5,0.21875,64,0.21875,12,0.1875,0.18032605642482302,43.79656250000001,9.393674603614592,-0.4607354244702064,0.160701352216196,1.953125,0.32738010687120256,-0.7783094286348763,0.10234125290523123,2.955691562500001,0.30309810995791275,0.3047507099599038,0.14486150640887765,266.03878125,24.4035044290958,-0.5211724270608327,0.16202340506423918,1.0,0.9994423985481262,0.0005299416952766478,0.9999998211860657,0.7172704935073853
187,2.3969403661966573,1.0,0.9832567553967237,0.9159983829838889,3.081843576128151e-05,0.005352305248379707,1.5,0.203125,64,0.203125,10,0.15625,0.14007380088155186,47.07937500000001,5.894202892196281,-0.40457503675364287,0.10083448863004901,2.046875,0.2755498763835687,-0.7490025396135465,0.08613876956815357,2.912247968750001,0.23701707443887196,0.2839874513723982,0.11327899884498681,271.22409374999995,14.352172419096044,-0.4867453229531754,0.09528909473503681,1.0,0.9995182752609253,0.0005194804980419576,0.9999996423721313,0.6062172651290894
188,2.398935163547016,1.0,0.9828088600188494,0.9170502890143934,3.212754162525839e-05,0.004680993035435677,1.5,0.15625,64,0.15625,7,0.109375,0.0993411811263365,47.800781250000014,7.557161608510729,-0.3922336512187845,0.12928338915813523,2.0625,0.29973947020704494,-0.7441180581099914,0.09370060147914731,2.8912506250000005,0.1955918649563664,0.2739520643268226,0.0934803988148766,271.565171875,15.584327083398057,-0.4844807859328472,0.10346980070110176,1.0,0.9993313550949097,0.0005186722264625132,0.9999996423721313,0.5440702438354492
189,2.3949564259606495,1.0,0.9815505240112543,0.9126055627070551,0.010370486722483589,0.020244184881448746,1.5,0.15625,64,0.140625,5,0.078125,0.10402542631075651,46.357968750000005,6.50982122922922,-0.4169164222885013,0.1113661179854252,2.0,0.30618621784789724,-0.7636559841242113,0.09571589873417641,2.867171875000001,0.24470361311489558,0.26244396222111477,0.11695267259977694,267.21876562499995,20.069047568443395,-0.5133380979006263,0.1332454292736131,1.0,0.9995278120040894,0.0005279831239022315,0.9999997019767761,0.4994596540927887
190,2.390674164733051,1.0,0.9810527814552188,0.9038522842632255,0.00015092145083019844,0.005373765714466572,1.5,0.171875,64,0.171875,8,0.125,0.12375187422469613,46.94203125000001,9.979049801284862,-0.40692463127067574,0.17071560007860737,2.0625,0.49607837082461076,-0.7441180581099914,0.15507748010281563,2.880408593750001,0.2748592043032399,0.26877026698857737,0.1313651160386371,269.25232812499996,28.93679455838551,-0.49983656488850237,0.19212150450015036,1.0,0.9995344877243042,0.0010432967683300376,0.9999997019767761,0.6738609671592712
191,2.3945424030128497,1.0,0.981387977488339,0.9139720189012337,0.00010383898989751841,0.012475340627133846,1.5,0.203125,64,0.203125,7,0.109375,0.172421137360111,46.62468750000001,8.007264664187376,-0.41235355785098704,0.13698348233105037,2.015625,0.33034960174790584,-0.7587715026206564,0.10326953724444136,2.8609121875000003,0.3197998104794859,0.2594522320482516,0.15284385079723753,267.7791875,24.151927536867394,-0.5096172609723149,0.16035309804613213,1.0,0.9998113512992859,0.0,0.9999997615814209,0.7022759914398193
192,2.3919725592012853,1.0,0.9808625606819987,0.9089575893140149,0.003222089003998477,0.02871912717819214,1.5,0.15625,64,0.15625,7,0.109375,0.1293470983058812,46.81265625000001,8.13457344498382,-0.4091379011911571,0.13916140461240248,2.015625,0.33034960174790584,-0.7587715026206564,0.10326953724444136,2.862781875000001,0.19000212399203462,0.2603458230633904,0.0908088602274504,267.233515625,24.32433607071333,-0.5132401674893754,0.1614977786307184,1.0,0.9993604421615601,0.0026260504964739084,0.9999998211860657,0.6629582047462463
193,2.3937652868871084,1.0,0.9809666266664863,0.9128708696485586,0.004198790592694268,0.02484566532075405,1.5,0.171875,64,0.171875,7,0.109375,0.14504830197234375,48.57281250000001,9.827194962950708,-0.37902620354112915,0.16811775856390554,2.109375,0.4372208931135382,-0.7294646135993266,0.13667823138437513,2.8311846875000004,0.17775000955492914,0.24524438881106392,0.08495313333327903,272.095765625,29.102902691753876,-0.480957988363728,0.19322435452135955,1.0,1.0018112659454346,0.011997913010418415,0.9999997019767761,0.776383101940155
194,2.3994351799232465,1.0,0.9820160157978535,0.9178656120993877,3.3355491480708273e-06,0.018594728782773018,1.5,0.109375,64,0.109375,5,0.078125,0.14250073241870653,46.89140625000001,4.154981147365286,-0.4077906934134728,0.07108092594110875,2.03125,0.17399263633843817,-0.7538870211171014,0.054391284092791516,2.830878437500001,0.1968945924633501,0.2450980209028516,0.09410301922358895,267.18481249999996,10.606508607446829,-0.513563524578219,0.07042032202443685,1.0,0.9999918937683105,0.0005339028430171311,0.9999996423721313,0.519259512424469
195,2.400366248966087,1.0,0.9819183889776468,0.9181004737713157,0.01022731943781293,0.011759609915316105,1.5,0.140625,64,0.140625,6,0.09375,0.14142916055594923,46.09812500000001,6.58437683910748,-0.42136167334859853,0.11264157065206636,2.015625,0.2159417962669571,-0.7587715026206564,0.06750487742146478,2.865652812500001,0.1866956721970008,0.2617179475253789,0.08922858779367163,266.81192187499994,14.395691417383231,-0.5160392759177275,0.0955780325926286,1.0,1.0009139776229858,0.0048205675557255745,0.9999996423721313,0.5603190064430237
196,2.3988737847857435,1.0,0.9824071554467082,0.9186955478960489,0.0005862312942606088,0.023808544501662254,1.5,0.171875,64,0.171875,8,0.125,0.12430753360821378,47.858281250000005,6.0088121628487,-0.39124997569857073,0.10279515530709876,2.09375,0.2914805954090255,-0.7343490951028816,0.09111882092291676,2.8662909375000005,0.1813018053181523,0.262022930452491,0.08665066448841761,270.64239062499996,12.148425832460232,-0.4906074535468714,0.0806576500217228,1.0,1.000235915184021,0.0031562335789203644,0.9999996423721313,0.7015929222106934
197,2.396666120896368,1.0,0.9817707622423768,0.9140941752691945,3.231353846232139e-05,0.005549771245568991,1.5,0.15625,64,0.15625,10,0.15625,0.15931056131240884,48.13296875000001,7.714226848753117,-0.386550786664505,0.1319703671042737,2.078125,0.32135880939379896,-0.7392335766064365,0.1004589542712613,2.812249375000001,0.1730271177795823,0.23619452078828518,0.0826958932030854,268.48109374999996,15.732432634051264,-0.5049570597708319,0.10445312527628599,1.0,0.9993687272071838,0.0005285412189550698,0.9999996423721313,0.43976283073425293
198,2.401285116833674,1.0,0.9818185400217772,0.923094367470978,0.00036642862041537085,0.0028184656985104084,1.5,0.109375,64,0.109375,6,0.09375,0.10988520004330316,46.70343750000001,2.97005430229714,-0.4110063500733027,0.05080990801523228,2.03125,0.17399263633843817,-0.7538870211171014,0.054391284092791516,2.855092500000001,0.15809955915893656,0.2566707937271882,0.07556147514586348,267.82767187499996,6.717409450112365,-0.5092953562412655,0.044599231863611095,1.0,0.9995954036712646,0.0,0.9999995231628418,0.4410041868686676
199,2.391797651317532,1.0,0.9804779123514891,0.9114732884234447,0.0006062011457030978,0.03273031860589981,1.5,0.15625,64,0.15625,7,0.109375,0.13540173011851941,48.03140625,8.49206925371908,-0.38828825701270914,0.1452772285364367,2.109375,0.35869500885153116,-0.7294646135993266,0.11213050471377854,2.8999031250000007,0.2387150618210643,0.27808740579885255,0.11409052818801638,273.131421875,19.13457407809609,-0.47408190412801493,0.1270411327846295,1.0,0.9998296499252319,0.0010465724626556039,0.9999997615814209,0.6857731342315674
