step,reward_mean,valid_frac,c_mean,qed_mean,tox_mean,undersized_frac,alerts_mean,n_rankable,d_var,d_loss,w_C,unique,n_valid,unique_smiles_frac,n_scaffolds,scaffold_frac,tanimoto_dist,tpsa_mean,tpsa_sd,tpsa_drift_sd,tpsa_spread_ratio,hba_mean,hba_sd,hba_drift_sd,hba_spread_ratio,logp_mean,logp_sd,logp_drift_sd,logp_spread_ratio,mw_mean,mw_sd,mw_drift_sd,mw_spread_ratio,rdkit_valid_frac,ratio_mean,clip_frac,adv_std,kl
0,1.0590097470707884,0.9375,0.7089837459226449,0.5580064334004202,0.0,0.0625,0.0,60,0.0003270315745410501,0.7472086548805237,0.2,1.0,64,1.0,56,0.875,0.9138876227476471,58.0446875,36.539816038841025,-0.21698704583631845,0.6251012617483379,3.9375,2.0300477211139643,-0.1579802776833952,0.6346067548873647,2.5497843750000015,1.6769848319406437,0.11075304150989095,0.8014914676092594,309.43295312500004,99.55882273379112,-0.2330633356982174,0.661005861284551,1.0,0.9936632513999939,0.033596016466617584,1.0837910175323486,0.0036420184187591076
1,1.0982174317197888,0.9375,0.7189761477212111,0.5530542715426883,0.0,0.046875,0.0,60,0.0031891265014925767,0.6761937737464905,0.21300000000000002,1.0,63,0.984375,53,0.8412698412698413,0.9165482911336187,61.10666666666667,39.22688618791963,-0.164604542364055,0.6710700465613172,4.015873015873016,2.178481074831462,-0.13348033871318302,0.6810080330149647,2.239783492063493,1.800511789993409,-0.03740754879039306,0.8605294511457274,287.6423333333334,100.01640180474536,-0.3777388853662635,0.6640438888505321,0.984375,0.9921066164970398,0.01817413419485092,1.0837910175323486,0.006937883328646421
2,1.1748670788761757,0.921875,0.7824889865972228,0.5977263294177928,0.0,0.078125,0.0,59,0.00027204996830758246,0.7182209491729736,0.226,1.0,64,1.0,49,0.765625,0.9198995697267687,48.698750000000004,33.11934340853544,-0.3768717403093563,0.5665858670701907,3.28125,1.9563099032361924,-0.3631285008327039,0.6115558104050299,2.2174446875000013,1.793640062490739,-0.048084068287298797,0.8572452050057355,266.50104687500004,89.50283104904942,-0.5181032838226444,0.5942406137442453,1.0,0.9978262186050415,0.005772005766630173,1.1014958620071411,0.014102390967309475
3,1.1728966213993184,0.890625,0.7788629516174919,0.6061737492113506,0.0,0.0625,0.0,57,0.011519569855077395,0.6815266013145447,0.23900000000000002,1.0,61,0.953125,52,0.8524590163934426,0.9136403095128962,48.521147540983605,37.794736215092115,-0.37991005667916905,0.6465696836126994,3.1147540983606556,1.9594107566569283,-0.41517625455910934,0.6125251583204744,2.4481116393442637,1.7746510279185597,0.06215997819502255,0.8481696612692269,265.3043606557377,89.7302799055899,-0.5260485023711395,0.5957507262906515,0.953125,0.9965491890907288,0.006882989313453436,1.1334561109542847,0.02512723207473755
4,1.20115749760019,0.890625,0.8034045237459635,0.5841133173133142,0.0,0.046875,0.0,57,0.016427626176789542,0.7019243836402893,0.252,1.0,60,0.9375,46,0.7666666666666667,0.916925536800887,47.529,29.8229646245976,-0.3968831218705786,0.5101933955030198,3.1166666666666667,1.6440971855567283,-0.4145783726701496,0.5139559867455118,2.338900500000001,1.750579493022645,0.009964040172721792,0.8366650075216986,258.4159,79.7229153791849,-0.5717834030423303,0.5293083314699297,0.9375,0.9965177774429321,0.0025419420562684536,1.1334558725357056,0.02703050896525383
5,1.1566356585177529,0.828125,0.8059006046574071,0.615833986959074,0.0,0.171875,0.0,53,0.0002592321549607611,0.684081494808197,0.265,1.0,64,1.0,41,0.640625,0.9142094180183803,38.270624999999995,20.410714930750835,-0.5552698496003343,0.34917427178165594,2.5625,1.4776988021921111,-0.5878146499962325,0.46193871789649277,2.247237031250001,1.6911679387932261,-0.03384523388587238,0.8082700853462966,229.0551875,97.83265859058697,-0.7667194470922315,0.6495452535265818,1.0,0.9962190389633179,0.003298515686765313,1.1848080158233643,0.03104151412844658
6,1.295358880528731,0.90625,0.8157974949170803,0.6417342464001338,0.0,0.09375,0.0,58,0.00029910941809697743,0.7222937345504761,0.278,1.0,64,1.0,57,0.890625,0.9066435454997839,36.383906249999995,28.79681995340303,-0.587546702607355,0.4926387277942876,2.828125,1.8162004251665067,-0.504778464435798,0.5677566325423662,2.9887025000000014,1.5233119291427988,0.3205278262701419,0.728045651016698,267.28982812500004,84.06551338159478,-0.51286628909727,0.5581403591493937,1.0,0.9975069761276245,0.0009930486558005214,1.1180338859558105,0.03968658298254013
7,1.3604038672773022,0.921875,0.8293428552352776,0.6542073410067037,0.0,0.078125,0.0,59,0.00023080625429969855,0.7069880366325378,0.29100000000000004,1.0,64,1.0,48,0.75,0.8932401614912381,37.40296875,24.96857210072341,-0.5701131924366063,0.42714735913354657,2.890625,1.61164887905989,-0.48524053842157816,0.5038124249595605,2.958387656250002,1.5324161350520782,0.306039270294704,0.7323968790162985,260.51495312500003,85.91336220348488,-0.55784705485466,0.5704088740684893,1.0,0.9993352293968201,0.005356186535209417,1.1014959812164307,0.03481138497591019
8,1.262408018415523,0.890625,0.7901083531609753,0.6347959098370645,0.0,0.078125,0.0,57,0.009546935943225284,0.699261486530304,0.30400000000000005,1.0,62,0.96875,49,0.7903225806451613,0.9127341862337541,38.20532258064516,31.91650946624403,-0.5563870042321621,0.5460085052629817,2.903225806451613,1.820223997376243,-0.48130144043484024,0.5690144286407135,2.695837741935486,1.5767804022104361,0.1805572074062098,0.7536001605945901,261.24629032258065,95.33156188126877,-0.5529914512938504,0.6329395973014232,0.96875,0.9955950379371643,0.0057061342522501945,1.1334559917449951,0.04446444660425186
9,1.4138552285830561,0.96875,0.8141797761763295,0.6494321407183411,0.0,0.03125,0.0,62,0.0002004111260622693,0.6997960805892944,0.317,1.0,64,1.0,49,0.765625,0.9000978073775775,32.8296875,24.54309653247413,-0.6483501457005805,0.41986857824770407,2.640625,1.594592301930183,-0.5633922424784576,0.49848042268730364,3.2253507812500013,1.4457001393953837,0.43363056556372226,0.6909521805907004,266.76885937500003,72.12079155721743,-0.5163251829234543,0.47883517131648146,1.0,0.9987550973892212,0.0019249278120696545,1.0446383953094482,0.048020053654909134
10,1.3023363196430422,0.90625,0.8410571777615053,0.640398283167169,0.0,0.078125,0.0,58,0.004604984262811172,0.6908155083656311,0.33,1.0,63,0.984375,51,0.8095238095238095,0.9069636072578977,31.117619047619048,23.852846139071964,-0.6776391861447152,0.4080601884249603,2.5396825396825395,1.7532319074900413,-0.5949475436204715,0.5480722447089602,2.823919523809526,1.9500509415034544,0.24177210534266705,0.9319995990719502,255.65846031746034,87.41645633817824,-0.5900910099650336,0.5803884419843474,0.984375,0.9977362155914307,0.001015744055621326,1.1180336475372314,0.04955698549747467
11,1.293616495710841,0.875,0.8531632386147976,0.6743508606232409,0.0,0.125,0.0,56,0.000242931575530989,0.6836699843406677,0.343,1.0,64,1.0,53,0.828125,0.9038105615026906,32.61546875,21.893340520698832,-0.6520148716196384,0.37453814132034513,2.46875,1.2865743031399313,-0.6171215390175623,0.40219189674471156,2.629516875000001,1.5625996782124378,0.1488600757680379,0.7468226817096053,240.292671875,79.32020414986786,-0.6921098561589367,0.526634590703675,1.0,0.9976690411567688,0.002751788590103388,1.1478065252304077,0.046364426612854004
12,1.2970859465524702,0.90625,0.814204596239945,0.6485494284671964,0.0,0.0625,0.0,58,0.008019226841385951,0.6869272589683533,0.356,1.0,62,0.96875,51,0.8225806451612904,0.9042462576600885,34.83903225806451,24.419538165673117,-0.6139754804800881,0.41775481580005586,2.532258064516129,1.3995130712603268,-0.5972684851644035,0.4374973254754863,2.9799475806451627,1.4571606129051855,0.3163435348985914,0.6964295537654108,267.4150322580645,81.12819573604521,-0.5120350150470137,0.5386384794882172,0.96875,0.9974638223648071,0.0053449952974915504,1.1180341243743896,0.04716330021619797
13,1.3291036029467655,0.90625,0.8638520389795303,0.6730552341055464,0.0,0.078125,0.0,58,0.004083209148238776,0.6955676674842834,0.369,1.0,63,0.984375,53,0.8412698412698413,0.8986858172370296,28.48825396825397,18.950675955585208,-0.7226207872277911,0.3241968005046349,2.2698412698412698,1.3238513944122567,-0.6793017638723414,0.4138449695655758,2.630638571428573,1.4662177311859226,0.1493961749024039,0.7007582768909135,237.04787301587305,79.02105418710272,-0.7136532111894333,0.5246484294237295,0.984375,0.9992865324020386,0.008291874080896378,1.1180340051651,0.051986608654260635
14,1.252527954731276,0.875,0.8248696396393436,0.649784304648444,0.0,0.109375,0.0,56,0.0039535359150336315,0.6856123805046082,0.382,1.0,63,0.984375,51,0.8095238095238095,0.9178106855488886,34.90920634920635,28.731069256816035,-0.6127749842086188,0.49151390430438074,2.5555555555555554,1.4559977518055396,-0.5899855306644792,0.4551548216263537,2.2945685714285724,1.4250067292237192,-0.011223785629820066,0.6810620543519708,227.17631746031745,75.39322987369694,-0.7791939227310496,0.5005620343758106,0.984375,0.9968225359916687,0.0027917365077883005,1.1478067636489868,0.04780634120106697
15,1.444415341207263,0.984375,0.8420729055291131,0.672548739204897,0.0,0.015625,0.0,63,0.000300008801286262,0.6745949387550354,0.395,1.0,64,1.0,52,0.8125,0.8930281973384622,34.975,24.692106089295013,-0.6116494258839018,0.42241774439244556,2.6875,1.3331705629813464,-0.5487387979677927,0.4167582051818465,2.7468470312500015,1.5882865148345409,0.20493638447192308,0.759099346346258,265.51709375,61.19342141335509,-0.5246360929197684,0.4062845372774226,1.0,0.9995579719543457,0.01104972418397665,1.023047685623169,0.043927911669015884
16,1.404871278840624,0.96875,0.7996111283859899,0.6370359939568081,0.0,0.03125,0.0,62,0.00027836603746544605,0.6707170009613037,0.40800000000000003,1.0,64,1.0,51,0.796875,0.8961185051206225,37.890625,29.208371385347302,-0.5617706617339221,0.49967930290581075,2.734375,1.4387732133227251,-0.5340853534571278,0.4497703134902527,2.8781506250000017,1.428208225382284,0.26769110237552696,0.6825921647058636,272.75937500000003,73.91442100993812,-0.476552053516032,0.49074370487147473,1.0,0.9983766078948975,0.0068526677787303925,1.0446383953094482,0.04182237759232521
17,1.3272638572040951,0.90625,0.7992436359154766,0.6859935444688173,0.0,0.09375,0.0,58,0.00034782304676875763,0.677723228931427,0.42100000000000004,0.984375,64,0.984375,55,0.859375,0.9008452556487022,36.87375,31.843743081451652,-0.5791667494664017,0.5447636615862038,2.9375,1.8275239396516807,-0.47058709391091325,0.5712964403540827,2.9608964062500016,1.418197293900306,0.30723829230197974,0.6778075798886347,271.55578125,94.7644221801603,-0.48454313357814544,0.6291741583749078,1.0,0.998307466506958,0.0009411764913238585,1.1180340051651,0.04776040464639664
18,1.425101825419342,0.953125,0.8545032685897389,0.6504286894640576,0.0,0.046875,0.0,61,0.0003443143046804103,0.6772645115852356,0.434,1.0,64,1.0,54,0.84375,0.8861857680999018,35.9765625,32.46446818344009,-0.5945152952193054,0.5553826544141749,2.890625,1.7688024506357403,-0.48524053842157816,0.5529397026286703,3.020456406250002,1.5132793157002284,0.33570416205917103,0.7232507036093702,281.78198437500004,89.21590995155596,-0.4166477927263782,0.5923356441799056,1.0,0.99713134765625,0.0028476507868617773,1.0648608207702637,0.0441778227686882
19,1.489535005090982,0.984375,0.8351458434074644,0.6438555850166383,0.0,0.015625,0.0,63,0.00038794258772421327,0.6859927177429199,0.44700000000000006,1.0,64,1.0,50,0.78125,0.892905418072252,37.09015625,28.911363817504114,-0.5754646011090747,0.494598275535278,2.890625,1.8210332532315274,-0.48524053842157816,0.5692674075371473,2.915459062500002,1.4831502575069306,0.285522148761009,0.708850941244742,273.07140625,66.3151148915914,-0.47448036886277517,0.4402892524383222,1.0,0.9984766840934753,0.001485884073190391,1.0230478048324585,0.05197636038064957
20,1.4788013261552657,0.953125,0.8782119399211445,0.6798499441173396,0.0,0.046875,0.0,61,0.0003256701095172808,0.6728491187095642,0.46,1.0,64,1.0,52,0.8125,0.8861762508963645,28.120937500000004,22.05921729960276,-0.728904617105928,0.3773758617860797,2.328125,1.3699302844944337,-0.661081872549557,0.4282495446894629,3.044130312500002,1.4433695711662544,0.34701877475152254,0.6898383180710456,256.05365625,79.19952999233544,-0.587467165883801,0.5258333927460838,1.0,0.9986743330955505,0.002062919083982706,1.0648607015609741,0.05353967472910881
21,1.5084364426277912,0.96875,0.8456881452471979,0.6980100630462098,0.0,0.03125,0.0,62,0.0003994042543369166,0.6635115146636963,0.47300000000000003,1.0,64,1.0,48,0.75,0.8763179462555067,34.07703125,27.319301365957795,-0.6270113367933303,0.4673622257920095,2.625,1.595893166850463,-0.5682767239820126,0.49888708192837444,3.0317975000000015,1.3983500705250826,0.34112447934579937,0.6683218768053407,271.12896875,87.30585660194299,-0.4873768911138675,0.5796541316349422,1.0,0.9981456995010376,0.004166666883975267,1.0446383953094482,0.05674958601593971
22,1.4696194311377895,0.9375,0.8652444397409756,0.6810728195975007,0.0,0.03125,0.0,60,0.008041310137038123,0.670832097530365,0.48600000000000004,0.984375,62,0.96875,45,0.7258064516129032,0.8833465752384719,26.379677419354834,20.00867972686031,-0.7586930504216923,0.3422964945932848,2.193548387096774,1.0447828864968804,-0.7031514390479177,0.3266062517967861,3.15167241935484,1.5869613423973203,0.3984170220172002,0.758465998696766,259.87269354838713,67.96662114421264,-0.5621112409202428,0.45125418033677356,0.96875,0.9988390803337097,0.014054054394364357,1.0837910175323486,0.06092751398682594
23,1.4189084585723306,0.890625,0.8593636353810629,0.7007641385412708,0.0,0.09375,0.0,57,0.004175607930316495,0.6867853403091431,0.49900000000000005,1.0,63,0.984375,43,0.6825396825396826,0.8862161996811725,27.822857142857146,20.405906041157408,-0.7340039971125031,0.34909200418213476,2.1587301587301586,1.129775215826936,-0.7140358545642879,0.3531754332724155,2.682330317460319,1.2913395486845154,0.17410152262002435,0.6171776931692989,231.6530634920635,68.98970417845617,-0.7494712393443754,0.45804678659351894,0.984375,0.998222291469574,0.0012202562065795064,1.133455753326416,0.07021157443523407
24,1.4222092339280255,0.921875,0.8356575157682774,0.6620032059048268,0.0,0.0625,0.0,59,0.00423513986131667,0.6766340136528015,0.512,1.0,63,0.984375,54,0.8571428571428571,0.8953220185641028,29.89015873015873,19.473450179143054,-0.6986378412111459,0.3331401084405082,2.507936507936508,1.1391031820958195,-0.6048715695324562,0.35609141910960884,2.97701396825397,1.5213298583236692,0.314941455848125,0.7270983479645343,253.35855555555563,80.37410564133044,-0.6053608824511741,0.5336318114817473,0.984375,0.9988977313041687,0.006352567579597235,1.1014961004257202,0.060708317905664444
25,1.5021586053721872,0.953125,0.8603866569331435,0.6455332441301976,0.0,0.03125,0.0,61,0.004306547586000837,0.6753751635551453,0.525,1.0,63,0.984375,50,0.7936507936507936,0.8881178829069011,31.901269841269837,23.708818163395733,-0.6642329582819234,0.40559624418324414,2.5396825396825395,1.434555368596191,-0.5949475436204715,0.44845178647894884,2.5301541269841277,1.317894033224359,0.10137103876776156,0.6298690380044321,243.66219047619046,70.4001996508842,-0.669738443119535,0.46741155958890923,0.984375,0.999269962310791,0.008993816561996937,1.0648607015609741,0.06626314669847488
26,1.5300405070115968,0.953125,0.8743589359228728,0.6764190318714549,0.0,0.046875,0.0,61,0.0004212374552349116,0.6511144042015076,0.538,1.0,64,1.0,48,0.75,0.8883653737731545,32.01359375,23.9585040595706,-0.6623113882062259,0.4098677207712424,2.4375,1.3792547806696194,-0.6268905020246722,0.43116444575171337,2.608775312500001,1.6081515736688679,0.1389469357968216,0.7685935736380124,239.65275,71.1324568573482,-0.6963585214055139,0.47227327141062075,1.0,0.9996700286865234,0.0016456390731036663,1.0648607015609741,0.06365524977445602
27,1.559150318550223,0.953125,0.8897766509994132,0.7108254123499823,0.0,0.03125,0.0,61,0.004397367807730994,0.6673452854156494,0.551,1.0,63,0.984375,51,0.8095238095238095,0.8706630375022344,27.835238095238093,20.076252168514593,-0.7337921912033888,0.3434524834053962,2.5873015873015874,1.3408706083773254,-0.5800615047524944,0.4191652918578908,3.00455396825397,1.280656861279164,0.3281038140266517,0.6120720519950625,255.2414761904762,67.53822534198449,-0.5928595134932055,0.448409910703537,0.984375,0.9991036057472229,0.005192107986658812,1.0648605823516846,0.058449845761060715
28,1.4885218336862582,0.921875,0.86886905108468,0.6738128412657571,0.0,0.078125,0.0,59,0.0005145568113674413,0.6523453593254089,0.5640000000000001,1.0,64,1.0,51,0.796875,0.8810182784967859,26.593906250000003,17.65090645841485,-0.7550281520490016,0.3019611233518124,2.421875,1.1699984975951891,-0.6317749835282273,0.36574950532421147,2.9019607812500015,1.406112951161048,0.27907083385153203,0.6720320371331447,256.06376562500003,82.52384246153926,-0.587400046205751,0.547904666456909,1.0,0.9971089959144592,0.00479233218356967,1.1014958620071411,0.06098773330450058
29,1.554343077687704,0.953125,0.8874319806450703,0.6929612248315484,0.0,0.03125,0.0,61,0.004411872949610591,0.6711949706077576,0.577,1.0,63,0.984375,52,0.8253968253968254,0.8870379443505129,25.934603174603176,16.312004910727836,-0.7663071137128215,0.2790559985442246,2.492063492063492,1.390135494972147,-0.6098335824884485,0.4345658312081077,3.101360952380954,1.2673722963634533,0.3743713593883912,0.6057228798212618,261.27353968253976,83.25353914548279,-0.552810533258114,0.5527493780736412,0.984375,0.9980672597885132,0.006259780842810869,1.0648607015609741,0.05314028635621071
30,1.5409922733076786,0.953125,0.8429511348243619,0.6897686543101149,0.0,0.046875,0.0,61,0.000680322166721487,0.6882537603378296,0.5900000000000001,0.984375,64,0.984375,48,0.75,0.8745429520704504,27.485468750000003,20.2559269049894,-0.7397758354230753,0.34652625105532947,2.3125,1.248436522214886,-0.665966354053112,0.3902697664717506,3.343007656250002,1.5215903981101728,0.489863024928869,0.7272228693149235,267.36826562500005,89.32490424642266,-0.5123455150882888,0.5930592954422965,1.0,0.9990015625953674,0.0033333334140479565,1.0648607015609741,0.053718265146017075
31,1.5308917919201193,0.953125,0.874684460338999,0.6343191747698108,0.0,0.046875,0.0,61,0.00046325997830487173,0.690994381904602,0.603,1.0,64,1.0,52,0.8125,0.8822145295830492,31.40953125,24.39534186003085,-0.6726453272310823,0.4173408799124052,2.640625,1.6523391326767638,-0.5633922424784576,0.5165324755942216,3.231985781250002,1.3204904509426196,0.4368016711016501,0.6311099595726536,277.08050000000003,84.59065936688879,-0.4478625926132993,0.5616269871023735,1.0,0.9971928596496582,0.003358925227075815,1.0648608207702637,0.05370820313692093
32,1.6115138175711539,0.984375,0.8594216709099118,0.7105267829178411,0.0,0.0,0.0,63,0.004003560784293022,0.6752378344535828,0.6160000000000001,1.0,63,0.984375,55,0.873015873015873,0.8804395754014726,28.95079365079365,20.846398973534235,-0.7147079357001073,0.35662769312833215,2.3174603174603177,1.005151758665877,-0.6644157250043643,0.31421729110203034,3.175385555555558,1.289502345150448,0.4097503841163299,0.6162996274117735,261.32714285714286,56.09254623539629,-0.5524546430253534,0.3724180420967071,0.984375,0.9991899728775024,0.0010251153726130724,1.023047685623169,0.05608094856142998
33,1.6141332045955918,0.984375,0.8639565185895042,0.696645589692079,0.0,0.015625,0.0,63,0.0005943465680740279,0.6726820468902588,0.629,1.0,64,1.0,54,0.84375,0.8872858974542,29.9284375,21.803816410403794,-0.6979829909705066,0.37300661652441186,2.65625,1.2147369828485506,-0.5585077609749026,0.37973506076210656,3.0544579687500018,1.2188768585863954,0.35195473374597414,0.5825451629713676,267.06864062500006,58.67658943026365,-0.5143348303066594,0.3895744090636705,1.0,1.0015385150909424,0.012548262253403664,1.0230478048324585,0.05790867283940315
34,1.5880502960829788,0.953125,0.8777903186493232,0.7217117601428055,0.0,0.046875,0.0,61,0.0004833669465701733,0.6694682836532593,0.6420000000000001,1.0,64,1.0,51,0.796875,0.8720214586417971,24.721406249999998,18.380029572472427,-0.7870617592072737,0.3144345243695622,2.171875,1.2190504437368455,-0.7099266875851067,0.38108347803731835,3.188497656250002,1.08469415051367,0.4160171294254504,0.5184144126076099,258.10729687500003,66.53149304527703,-0.573832327174159,0.44172586271466674,1.0,0.9961807131767273,0.006896551698446274,1.0648608207702637,0.05799185112118721
35,1.5915688600400393,0.96875,0.8543719538757878,0.704291799978626,0.0,0.015625,0.0,62,0.0043256445734138746,0.6584059000015259,0.655,1.0,63,0.984375,53,0.8412698412698413,0.87495133890415,33.72666666666667,29.6358209893751,-0.6330051639894165,0.5069918544120247,2.7301587301587302,1.6638676420798295,-0.5354033881485633,0.5201363662145629,2.891059682539684,1.33191073492179,0.27386080604598845,0.6365681247227745,274.731,76.43616738873929,-0.4634617452392871,0.5074864614779659,0.984375,0.9994492530822754,0.005203405860811472,1.0446385145187378,0.05666293576359749
36,1.5973093370916072,0.96875,0.8652500104038946,0.6799334350151973,0.0,0.03125,0.0,62,0.0007495339183148683,0.6474001407623291,0.6679999999999999,1.0,64,1.0,48,0.75,0.8781947728645745,33.22234375,29.88532419632312,-0.6416328180312932,0.5112602056622793,2.640625,1.5847632660353408,-0.5633922424784576,0.495407799069631,2.970421093750002,1.6956907895374813,0.31179048360239875,0.81043171866089,276.645171875,80.65785754142983,-0.45075288836314403,0.5355157396356371,1.0,0.9982727766036987,0.0028571428265422583,1.0446386337280273,0.05728878080844879
37,1.4684880761757428,0.890625,0.8425500581139013,0.6898807660757416,0.0,0.078125,0.0,57,0.0077191966055305565,0.6877899765968323,0.681,1.0,62,0.96875,53,0.8548387096774194,0.8872255974880698,31.347419354838706,26.510332735131172,-0.6737079002881999,0.4535228755526155,2.338709677419355,1.2819283406460398,-0.6577730302406971,0.40073953720118366,2.820905322580647,1.4831255283219906,0.2403315099833111,0.7088391222763454,256.0529193548387,82.185669872139,-0.5874720583886278,0.5456594203041191,0.96875,0.9980331063270569,0.0010106114204972982,1.1334558725357056,0.07123608887195587
38,1.6144723078242542,0.96875,0.8745039004471994,0.6670892752807415,0.0,0.015625,0.0,62,0.003998535535973589,0.6560481190681458,0.6940000000000001,1.0,63,0.984375,49,0.7777777777777778,0.8872337849101649,31.81888888888889,20.907107860316128,-0.6656422822156459,0.35766626435940674,2.492063492063492,1.0965026056616218,-0.6098335824884485,0.3427741885410573,2.698092857142859,1.2637879301408197,0.18163500820843506,0.604009782070161,245.00028571428572,50.05533324341018,-0.6608543606138294,0.3323348725297411,0.984375,0.9986528754234314,0.00324324332177639,1.0446385145187378,0.07301105558872223
39,1.5999317069328298,0.953125,0.8681100181868819,0.700565424183326,0.0,0.046875,0.0,61,0.0011628645848127928,0.6859025359153748,0.7070000000000001,1.0,64,1.0,55,0.859375,0.8813479556332681,25.368125000000003,19.062775889396985,-0.7759980826361714,0.3261145389517349,2.34375,1.394394469832694,-0.656197391046002,0.4358972157796564,3.200163906250002,1.495605809918278,0.4215928505982986,0.7148038984760262,259.30878125000004,85.45811673863787,-0.5658552519907735,0.5673863401300185,1.0,0.9966548085212708,0.009859886020421982,1.0648608207702637,0.06570690870285034
40,1.6314767876479312,0.984375,0.8630480718991113,0.6304448411997032,0.0,0.015625,0.0,63,0.0008548212003252195,0.6709829568862915,0.72,1.0,64,1.0,43,0.671875,0.8868051847218625,30.630312500000002,18.505962634441467,-0.6859757343487645,0.3165889116781628,2.578125,1.234968211888468,-0.5829301684926775,0.38605948086064484,3.283180781250002,1.3808628415463489,0.4612696059945211,0.6599641000672142,279.18690625000005,75.64881637472902,-0.433877424455783,0.5022589625897887,1.0,0.9988126754760742,0.0009727626456879079,1.0230478048324585,0.06810940057039261
41,1.5946204104707886,0.953125,0.8257786643798234,0.6841896192592312,0.0,0.03125,0.0,61,0.004608890677519379,0.6669250130653381,0.7330000000000001,1.0,63,0.984375,50,0.7936507936507936,0.8855337553534559,33.19063492063493,24.867263357644788,-0.6421752736699204,0.4254142299065885,2.507936507936508,1.5723101583542594,-0.6048715695324562,0.4915148727253097,3.313331111111114,1.3640721247480438,0.4756795348555481,0.6519392115932311,272.7661111111111,82.45851169597137,-0.4765073301172973,0.5474709126440697,0.984375,0.9994863271713257,0.005042864475399256,1.0648607015609741,0.06592828780412674
42,1.6828598659145408,0.984375,0.872883485423194,0.6895891583420156,0.0,0.015625,0.0,63,0.0007189758960006746,0.6636254191398621,0.746,1.0,64,1.0,54,0.84375,0.8811293999931741,25.03015625,18.956337288967138,-0.7817798493487335,0.32429365120132314,2.140625,1.1020887484113973,-0.7196956505922166,0.344520454841057,3.392683437500002,1.5005436486406147,0.5136048704484999,0.7171638694960405,271.10215625,61.611999309747624,-0.48755490868347146,0.40906362239838107,1.0,0.9984776973724365,0.007146503310650587,1.0230478048324585,0.06292817741632462
43,1.6636940046860187,0.96875,0.8768277874877376,0.6738401060941893,0.0,0.015625,0.0,62,0.004090046253634911,0.6496456265449524,0.7590000000000001,1.0,63,0.984375,47,0.746031746031746,0.8796253872763885,27.749047619047616,22.268853165692946,-0.7352666861860698,0.3809621864753278,2.3968253968253967,1.2155041091477237,-0.6396056602244027,0.37997486967213545,2.858312222222224,1.4643919975430353,0.2582096149735303,0.6998856930076067,249.68044444444445,66.76127874957656,-0.6297811491451789,0.443251490411044,0.984375,0.9996193647384644,0.0,1.0446385145187378,0.07028738409280777
44,1.5639537449067638,0.90625,0.8853449800918842,0.6821401182862623,0.0,0.078125,0.0,58,0.004073214290578161,0.6638403534889221,0.772,0.96875,63,0.9375,47,0.746031746031746,0.893922662977169,27.014285714285716,17.89348943533194,-0.7478365522538969,0.3061110874564032,2.238095238095238,1.0647942749998998,-0.6892257897843261,0.3328619482450069,2.5926171428571445,1.3844974772342604,0.13122436439708765,0.6617012234068201,231.69107936507933,68.92066375494564,-0.7492188386610878,0.4575884030635323,0.984375,0.9979691505432129,0.0028105678502470255,1.1180336475372314,0.06742081791162491
45,1.7124338722184036,0.984375,0.8718846099717277,0.7015250582360107,0.0,0.0,0.0,63,0.004119728970505856,0.6521138548851013,0.7850000000000001,1.0,63,0.984375,49,0.7777777777777778,0.8637905616280015,28.145396825396826,19.34889413397078,-0.7284861816340358,0.33100927830954074,2.3333333333333335,1.0837911120705754,-0.659453712048372,0.33880048900006376,2.968883333333334,1.2126008772462669,0.31105553249866086,0.579545645385292,255.22977777777777,58.49699949582126,-0.5929371833485638,0.3883820486476424,0.984375,0.9985473155975342,0.01477572601288557,1.0230478048324585,0.05644583702087402
46,1.7108157017444794,0.984375,0.8592429232029688,0.6794485326706317,0.0,0.015625,0.0,63,0.0012502179259114266,0.6516907811164856,0.798,1.0,64,1.0,49,0.765625,0.8628401136283,31.4546875,24.045930461875326,-0.6718728211839577,0.41136335923676476,2.515625,1.286858911992686,-0.6024680945068974,0.4022808674120414,3.404894062500002,1.2597152595895929,0.5194407680459464,0.602063306088375,280.15920312500003,77.10818016008011,-0.4274220052811094,0.5119481894144453,1.0,0.9993454217910767,0.0,1.0230478048324585,0.05974072590470314
47,1.7201620081346514,0.984375,0.8620443594834161,0.6944380643532774,0.0,0.015625,0.0,63,0.0011114613802110092,0.6319820880889893,0.8109999999999999,0.984375,64,0.984375,44,0.6875,0.8689373554511708,28.0878125,27.080933933578503,-0.7294712997425732,0.4632843786955266,2.375,1.3975424859373686,-0.6464284280388921,0.4368813070715717,2.8412457812500014,1.5504759871919227,0.2500529479833678,0.7410283329929093,255.31514062500003,66.79657228337658,-0.5923704295360893,0.4434858165316896,1.0,0.9983967542648315,0.008844953030347824,1.0230478048324585,0.06430669128894806
48,1.6121020576345146,0.921875,0.8751047405145936,0.6696916390764792,0.0,0.0625,0.0,59,0.004966312177775071,0.6376891136169434,0.8240000000000001,1.0,63,0.984375,48,0.7619047619047619,0.8843153321999015,28.458888888888886,22.937284274223554,-0.7231231473968446,0.3923973050563894,2.4761904761904763,1.4568627181693667,-0.6147955954444408,0.4554252160074936,3.177318095238097,1.464492992130571,0.4106740144538679,0.6999339619595035,260.76971428571426,83.36281100305503,-0.5561556063638513,0.5534748721719577,0.984375,0.9984341859817505,0.001550387591123581,1.1014961004257202,0.07912095636129379
49,1.72618640309246,0.984375,0.869754361727881,0.6789123578537799,0.0,0.015625,0.0,63,0.001802267340144157,0.6533191204071045,0.837,1.0,64,1.0,56,0.875,0.8797614512177593,27.727968750000002,18.698050799121376,-0.7356272908378252,0.31987504081413587,2.40625,1.1418016191528193,-0.6366594650317822,0.3569349689267879,3.204544531250002,1.2606402718955094,0.42368650910577166,0.6025054027946212,268.596265625,68.17554981402844,-0.5041923933923059,0.452641330883018,1.0,0.9986038208007812,0.001010101055726409,1.0230478048324585,0.06715091317892075
50,1.6440048995292738,0.921875,0.8752829457743693,0.6937595583418967,0.0,0.078125,0.0,59,0.0017483601141791076,0.6507284641265869,0.8500000000000001,1.0,64,1.0,50,0.78125,0.8739581582768283,22.52109375,18.60295390835044,-0.8247033860432874,0.3182481802315301,2.140625,1.0438388809461927,-0.7196956505922166,0.32631114922708454,2.9511885937500018,1.4312593383798722,0.30259857896665016,0.684050401529299,245.32896875,69.74412438849438,-0.6586721189285006,0.46305564635113367,1.0,0.9976213574409485,0.004429678898304701,1.1014959812164307,0.07066341489553452
51,1.6560610155652868,0.9375,0.8852654978632927,0.6833550148888373,0.0,0.0625,0.0,60,0.0011483020256001196,0.6132740378379822,0.863,0.984375,64,0.984375,51,0.796875,0.8802451624274967,24.238125,19.319852959051605,-0.79532944503342,0.3305124593035191,2.234375,1.1557220078267092,-0.6903887615708868,0.36128657731078223,2.9707931250000015,1.2402547419845804,0.3119682907398751,0.5927624236244428,245.967359375,74.10391201367327,-0.6544336201864812,0.49200180195107296,1.0,0.9991550445556641,0.014346440322697163,1.0837911367416382,0.0675843358039856
52,1.7650623597139863,0.984375,0.8867018582328917,0.6802031070391406,0.0,0.0,0.0,63,0.005243066667807839,0.6433402895927429,0.8760000000000001,1.0,63,0.984375,54,0.8571428571428571,0.8720280713314364,26.798412698412697,19.385853965931194,-0.7515295783615326,0.3316415649518134,2.7142857142857144,1.3265131692556302,-0.5403654011045556,0.4146770585248773,3.312117301587304,1.1643479018177192,0.4750994115544265,0.5564838100268974,276.23423809523814,71.66112367572202,-0.4534812215189982,0.4757832754064107,0.984375,0.9996943473815918,0.015810277312994003,1.0230478048324585,0.06894978135824203
53,1.6605044025460758,0.9375,0.8564223011334737,0.6821952073903296,0.0,0.0625,0.0,60,0.0015150652254476682,0.6483917236328125,0.889,1.0,64,1.0,49,0.765625,0.885798045942149,28.309375,19.765976913863252,-0.7256809413521834,0.3381444804048975,2.453125,1.286099815090182,-0.6220060205211173,0.40204356854614137,3.0149081250000016,1.5264812671957733,0.33305243856288536,0.7295603918533751,260.47979687500003,89.46422051338804,-0.5580804695001196,0.5939842648875725,1.0,0.9983065128326416,0.00296296295709908,1.0837911367416382,0.06533926725387573
54,1.6222715381818114,0.921875,0.8322116975056923,0.6866552780980771,0.0,0.078125,0.0,59,0.0014848250530060934,0.6338874101638794,0.9020000000000001,1.0,64,1.0,47,0.734375,0.8896216476912244,32.50953125,22.46957828304246,-0.6538271868443803,0.38439607141843724,2.515625,1.172499833422163,-0.6024680945068974,0.3665314399533976,2.7271010937500018,1.4429530225559994,0.1954990895574061,0.6896392344832843,243.473703125,74.92860732926039,-0.6709898765986958,0.49747724272476124,1.0,0.998551070690155,0.009249184280633926,1.1014961004257202,0.06005313619971275
55,1.6864116436670145,0.953125,0.8506125319199483,0.6664022054300813,0.0,0.046875,0.0,61,0.0018723065132397482,0.63314288854599,0.915,0.984375,64,0.984375,44,0.6875,0.8868918407575905,28.99203125,23.688334100069667,-0.7140024675809477,0.40524581511109864,2.328125,1.3235214332888607,-0.661081872549557,0.41374182146931215,2.9746510937500017,1.5696144814522917,0.3138121529958325,0.7501753088989606,256.40723437500003,75.77725762735939,-0.5851196369895317,0.5031117290095606,1.0,0.9973769187927246,0.022501308470964432,1.0648608207702637,0.06504055112600327
56,1.725979816845856,0.953125,0.8662310120512228,0.6764742942633852,0.0,0.046875,0.0,61,0.001950085459018715,0.6476273536682129,0.9280000000000002,1.0,64,1.0,51,0.796875,0.877235859564479,28.515468750000004,25.103195820557858,-0.7221552130609817,0.42945042100556896,2.296875,1.3656464529207404,-0.6708508355566669,0.4269103897399557,3.130224375000002,1.4466000560299537,0.38816622891526453,0.6913822831714929,258.4180625,73.38415500592482,-0.5717690454481386,0.48722308332264475,1.0,0.9986146688461304,0.003546099178493023,1.0648607015609741,0.0607898086309433
57,1.7213198646375871,0.953125,0.8662215525009593,0.7117269870261562,0.0,0.046875,0.0,61,0.0027167592516054145,0.6211950778961182,0.9410000000000001,1.0,64,1.0,56,0.875,0.885609507987992,31.977968750000002,22.429013658351618,-0.6629208393437497,0.3837021161437408,2.6875,1.4670868242881878,-0.5487387979677927,0.45862134127007054,3.1266190625000014,1.294576218015861,0.38644312018358246,0.6187246140496411,277.14759375,77.01628510981439,-0.4474171337299201,0.5113380660202475,1.0,0.9975597858428955,0.005955335218459368,1.0648607015609741,0.06453318148851395
58,1.7730363444393826,1.0,0.849787984509021,0.686001296552578,0.0,0.0,0.0,64,0.0020172265858820447,0.6284820437431335,0.954,1.0,64,1.0,53,0.828125,0.8803278419231737,29.224218750000002,20.530400462232794,-0.7100303430618227,0.3512217800850055,2.453125,1.368503830602969,-0.6220060205211173,0.4278036254799568,3.156577656250002,1.3274799317277164,0.40076141144946753,0.6344504842485931,268.32893750000005,65.66885060782128,-0.5059672783563806,0.4359984777206143,1.0,0.9976345300674438,0.004950494971126318,0.9999998807907104,0.062301650643348694
59,1.728044084613153,0.953125,0.8627114364358245,0.685945105446125,0.0,0.03125,0.0,61,0.00612560439359036,0.5984148383140564,0.9670000000000001,1.0,63,0.984375,52,0.8253968253968254,0.8774664254009861,29.20904761904762,21.550496971714853,-0.7102898816728108,0.36867297946993094,2.6984126984126986,1.528926593428448,-0.545327414060548,0.477952874617252,3.141622063492065,1.2378741922051253,0.39361359486805336,0.591624673121211,272.0105238095238,75.06808143149122,-0.48152393860408954,0.4984032600935935,0.984375,0.9986110925674438,0.0009569377871230245,1.0648608207702637,0.0738338753581047
60,1.7653731110907689,0.953125,0.8879977366963371,0.6936949935249263,0.0,0.046875,0.0,61,0.003241627363215035,0.6473551988601685,0.98,0.984375,64,0.984375,52,0.8125,0.8797792881669667,24.83875,21.861783257261973,-0.7850543126972718,0.37399827858073154,2.296875,1.4966596922396889,-0.6708508355566669,0.4678660213671061,3.2142906250000016,1.4352780717402338,0.4283445184296277,0.6859710989843852,263.21103125,86.35045490108335,-0.5399468487838104,0.5733108854332661,1.0,0.9984938502311707,0.0025746652390807867,1.0648608207702637,0.06349468976259232
61,1.8760904047130431,1.0,0.8981444332748652,0.6966415619963537,0.0,0.0,0.0,64,0.002792256683077025,0.6249768137931824,0.9930000000000001,1.0,64,1.0,59,0.921875,0.873782896552419,23.263125,15.721899026020203,-0.8120091603761783,0.2689608209247272,2.21875,1.178833507116251,-0.6952732430744418,0.3685113895219304,3.5784346875000024,1.3138365670693812,0.6023820848496999,0.6279298287513796,270.573859375,71.02127818629151,-0.4910624564957539,0.4715351173103578,1.0,0.9991991519927979,0.01827160455286503,0.9999999403953552,0.0711602121591568
62,1.7735445956607305,0.953125,0.8746048485646483,0.7059336696278367,0.0,0.03125,0.0,61,0.005414242010784183,0.6355741620063782,1.006,1.0,63,0.984375,49,0.7777777777777778,0.8770363808354839,23.710793650793654,15.639641868751879,-0.8043507135422143,0.2675536148035577,2.126984126984127,1.0156249697172313,-0.7239598804762726,0.31749128826447304,3.379923492063494,1.2964934334607547,0.50750643282418,0.6196409203819249,264.18955555555556,66.75272388420719,-0.5334500835186052,0.4431946916663785,0.984375,0.9987462162971497,0.009221311658620834,1.0648607015609741,0.07237714529037476
63,1.8354776329552394,0.984375,0.8867404574439639,0.6893729261851079,0.0,0.015625,0.0,63,0.0017947084582978629,0.6264742016792297,1.0190000000000001,0.984375,64,0.984375,50,0.78125,0.8796002249628823,26.854374999999997,19.523413337820184,-0.7505722088636847,0.33399484819882574,2.34375,1.1887329126006396,-0.656197391046002,0.3716060111529504,2.9759495312500017,1.1599865143349064,0.314432723055652,0.5543993458219546,252.95723437500004,68.14533537519789,-0.6080253941973023,0.4524407266511276,1.0,1.000376582145691,0.0069481562823057175,1.0230478048324585,0.06507154554128647
64,1.7165738828262636,0.90625,0.8822260889513739,0.7048293730055714,0.0,0.09375,0.0,58,0.002569719972702019,0.5969617366790771,1.032,1.0,64,1.0,48,0.75,0.879706630607565,27.563437500000003,19.77459103707568,-0.7384419928019156,0.33829184565937004,2.375,1.231107225224513,-0.6464284280388921,0.38485251011212895,2.8470165625000017,1.3860405654622585,0.25281101224562014,0.6624387208635368,247.30842187500002,62.918435111908174,-0.6455298369906997,0.4177375068307952,1.0,0.9978293180465698,0.009199134074151516,1.118033766746521,0.07144482433795929
65,1.8638040617943448,0.984375,0.8928502457482475,0.6921819713159879,0.0,0.015625,0.0,63,0.0029841055091540665,0.6224683523178101,1.0450000000000002,1.0,64,1.0,53,0.828125,0.8796644936094428,24.140156250000004,15.319072823218967,-0.7970054356616104,0.2620695118013129,2.265625,1.2021099614323973,-0.6806197985637769,0.3757877677987662,3.255181718750002,1.3745793579634602,0.4478878453086842,0.6569609968890416,265.303109375,67.33523076279363,-0.5260568100617993,0.4470621586613806,1.0,0.9976099729537964,0.0066838045604527,1.0230478048324585,0.0701005682349205
66,1.7614734846636804,0.9375,0.8757542788982391,0.6847563498612665,0.0,0.0625,0.0,60,0.003189428973561906,0.617661714553833,1.058,1.0,64,1.0,49,0.765625,0.8931566734347859,27.958125000000003,18.476223054492902,-0.7316899157256643,0.3160801447776958,2.421875,1.1832778559471988,-0.6317749835282273,0.36990072326017753,2.9624440625000017,1.7353619969869765,0.3079779729809825,0.8293920179283152,254.54489062500002,77.83780468768,-0.597484388808346,0.5167924219599634,1.0,0.9980421662330627,0.013278855942189693,1.0837910175323486,0.05908410623669624
67,1.8666181755478628,0.984375,0.8711786535051134,0.7066276070366602,0.0,0.015625,0.0,63,0.0030893266097722274,0.6316096782684326,1.0710000000000002,1.0,64,1.0,49,0.765625,0.8827230566225791,25.87375,18.567575274184296,-0.7673481533334205,0.317642943772959,2.21875,1.1105847277448038,-0.6952732430744418,0.347176355891208,3.0162167187500017,1.2157841381453367,0.3336778626604774,0.5810670404517138,254.44546875,65.53284136312136,-0.598144485425706,0.43509546475333644,1.0,0.9994217753410339,0.006676938850432634,1.0230478048324585,0.06126194819808006
68,1.7752579917050297,0.9375,0.8764839301506678,0.6668237211409832,0.0,0.0625,0.0,60,0.003255778815265578,0.6075624823570251,1.084,0.96875,64,0.96875,43,0.671875,0.8839315462982256,27.663125,21.169353576795277,-0.7367365988293708,0.36215260682169387,2.09375,0.9955957701296244,-0.7343490951028816,0.31123002394980576,2.540933593750001,1.6433603719222014,0.10652293428504367,0.7854211267841946,235.23767187500002,66.99469224732816,-0.7256717699807571,0.44480120429757,1.0,0.9979797005653381,0.008686210960149765,1.0837910175323486,0.0723823755979538
69,1.8509655855410378,0.984375,0.8617759162471408,0.6778895126945882,0.0,0.015625,0.0,63,0.0046639128799735785,0.6196642518043518,1.097,1.0,64,1.0,52,0.8125,0.8856645179229999,28.474375000000002,20.523871305369635,-0.7228582202941781,0.35111008318458936,2.296875,1.3071879108892492,-0.6708508355566669,0.4086358510341887,3.1124128125000015,1.3085136718889179,0.3796534415026205,0.6253858253776682,259.04109375,68.38922533848053,-0.5676325229712244,0.45405999745818976,1.0,0.998317301273346,0.011071967892348766,1.0230478048324585,0.0650123804807663
70,1.8009181819429818,0.953125,0.8576559712652301,0.6885730577996106,0.0,0.03125,0.0,61,0.006345396115017549,0.6177834272384644,1.1099999999999999,1.0,63,0.984375,42,0.6666666666666666,0.8847132388786768,25.782698412698412,22.624105714596446,-0.7689058092900327,0.3870396340553276,2.2222222222222223,1.2654686620949045,-0.6941878027403184,0.3955941294931849,3.1740230158730176,1.61056314060586,0.4090991773140768,0.7697461483582805,256.0850158730159,72.91822379409324,-0.5872589583733868,0.484129602970837,0.984375,0.9990151524543762,0.0,1.0648608207702637,0.0769461840391159
71,1.6928645228415469,0.890625,0.8661817333154511,0.6842012071479041,0.0,0.078125,0.0,57,0.007555384596888572,0.6039990782737732,1.123,1.0,62,0.96875,46,0.7419354838709677,0.8883830971968137,31.245161290322578,22.6423159181051,-0.6754572699370517,0.3873511632972333,2.5161290322580645,1.132253469340919,-0.6023105305874279,0.35395015221322634,2.9189783870967756,1.396652204521289,0.28720416077586863,0.6675104054734208,246.5469193548387,71.69566791684059,-0.6505857186834302,0.4760126267107552,0.96875,0.9985886812210083,0.0010775862028822303,1.133455753326416,0.07674400508403778
72,1.8910128290840222,0.984375,0.8648241848226578,0.698007218403974,0.0,0.015625,0.0,63,0.005381909352013622,0.588773787021637,1.136,1.0,64,1.0,49,0.765625,0.8765066072954337,26.1165625,19.91487346328351,-0.7631942626855605,0.3406917132867937,2.234375,1.0568554108178658,-0.6903887615708868,0.3303802051885986,3.1680007812500017,1.272792157742312,0.40622093442579577,0.6083132268345698,259.284375,73.4655853715492,-0.5660172936246438,0.48776372801375545,1.0,1.0003314018249512,0.0036591740790754557,1.0230478048324585,0.07310644537210464
73,1.857510710703845,0.953125,0.8779000043869019,0.7087155208074671,0.0,0.046875,0.0,61,0.004320375022074028,0.6141486763954163,1.149,1.0,64,1.0,56,0.875,0.8816066210979804,27.996406250000003,16.725594194152293,-0.7310350230559566,0.28613143599687624,2.375,0.960143218483576,-0.6464284280388921,0.3001473146525929,3.0362518750000014,1.3921362610075614,0.3432533856352501,0.665352073373142,259.55175,68.72678822109692,-0.5642420974410415,0.45630119555429594,1.0,0.9987003207206726,0.001025640987791121,1.0648607015609741,0.07426313310861588
74,1.8682417406648641,0.96875,0.8554465347720731,0.7077466511334295,0.0,0.03125,0.0,62,0.004137805362797727,0.5893139243125916,1.162,1.0,64,1.0,45,0.703125,0.8803873415802613,26.6571875,16.66815062371479,-0.7539455743705054,0.2851487258397796,2.375,1.0383279828647594,-0.6464284280388921,0.32458840492329327,3.367032656250002,1.3594957101764835,0.5013454379731356,0.6497519781958344,265.72371875,69.48288512501406,-0.5232642372435206,0.46132118746927364,1.0,0.9987945556640625,0.000998502247966826,1.0446385145187378,0.07433384656906128
75,1.9156844703128681,0.96875,0.880770155979741,0.7370419100739617,0.0,0.015625,0.0,62,0.006353370801431832,0.6046146154403687,1.175,1.0,63,0.984375,56,0.8888888888888888,0.8659603059264103,27.349999999999998,19.74949772316907,-0.7420933535644492,0.3378625642922226,2.4603174603174605,1.1929075700352976,-0.6197576084004331,0.3729110375224393,3.464093968253971,1.298602655767651,0.5477345357899098,0.6206489937109556,282.2017460317461,63.62458557347012,-0.4138608482062168,0.4224258868379526,0.984375,1.0000832080841064,0.0,1.0446385145187378,0.06806305795907974
76,1.9770651307874052,0.984375,0.9014792555854434,0.7202031050119878,0.0,0.015625,0.0,63,0.004751122948276022,0.5967192649841309,1.1880000000000002,0.984375,64,0.984375,57,0.890625,0.8660006463338621,30.20640625,23.627599947359464,-0.6932276682790375,0.4042068116456732,2.5,1.3693063937629153,-0.6073525760104523,0.4280545121942091,3.0636300000000016,1.30190098452225,0.3563383779194359,0.6222253838510633,272.100203125,75.50104246531549,-0.48092852624847887,0.501277839896841,1.0,0.9996909499168396,0.003287928644567728,1.0230478048324585,0.06425194442272186
77,1.9002694739834185,0.96875,0.8706156645090349,0.6887377135891867,0.0,0.015625,0.0,62,0.007581669217608607,0.6048963665962219,1.201,1.0,63,0.984375,51,0.8095238095238095,0.868644303494564,33.26793650793651,21.820396760591212,-0.6408528444681422,0.3732902632130368,3.015873015873016,1.3391784201583778,-0.446087154940701,0.41863630228630794,3.1781946031746053,1.303981369507123,0.41109292917451584,0.6232196747849822,291.3692857142858,74.20590489156183,-0.3529943443914754,0.4926789683562432,0.984375,0.9996979236602783,0.0009237875347025692,1.0446385145187378,0.06653687357902527
78,1.907579740308171,0.984375,0.8601435858105856,0.6949856667712098,0.0,0.015625,0.0,63,0.005795988218328935,0.619912326335907,1.214,1.0,64,1.0,57,0.890625,0.875071132314353,32.98359375,21.56792369231357,-0.6457172098652252,0.36897110535602773,2.796875,1.438094306495579,-0.5145474274429079,0.4495580825885034,3.3108425000000024,1.066972226911274,0.47449013794881206,0.5099444668535351,294.14025000000004,76.71384992538837,-0.3345969428958308,0.5093300930041461,1.0,0.9979323148727417,0.0013574660988524556,1.0230478048324585,0.05938465893268585
79,1.8701396969490287,0.9375,0.87810165087382,0.7164679456194591,0.0,0.0625,0.0,60,0.005832380634762059,0.6087572574615479,1.227,1.0,64,1.0,48,0.75,0.8864448200715402,28.669531250000002,18.82671036633255,-0.7195196041943215,0.3220760715394742,2.421875,1.2723586304085024,-0.6317749835282273,0.3977479805516072,2.6833435937500014,1.3612986348363831,0.17458580386398265,0.6506136608444363,248.73754687500002,70.94328426107582,-0.6360413760430025,0.4710172883495834,1.0,0.9997076988220215,0.00533617939800024,1.083790898323059,0.059543441981077194
80,1.938844358258656,0.96875,0.8832455008260666,0.7193399657745471,0.0,0.03125,0.0,62,0.006592941319120717,0.5919848680496216,1.24,1.0,64,1.0,52,0.8125,0.886051161577487,30.53765625,21.828410296431027,-0.6875608419125875,0.37342735397888005,2.546875,1.2365487189654114,-0.5926991314997875,0.3865535581459932,2.7612684375000014,1.2450154456662623,0.21182889407615477,0.5950377354269165,260.70015624999996,64.64459587530763,-0.5566174265023792,0.4291980921490584,1.0,0.9988544583320618,0.0,1.0446386337280273,0.06345658749341965
81,1.9287015980294138,0.953125,0.8908191152283402,0.7007944144979101,0.0,0.046875,0.0,61,0.006551682586683021,0.5748350620269775,1.2530000000000001,1.0,64,1.0,50,0.78125,0.8761617984625946,28.77578125,21.856452480094944,-0.7177019429069696,0.3739070828415503,2.421875,1.1429770270547872,-0.6317749835282273,0.35730240944879077,2.8349704687500017,1.4467694838916452,0.24705375006008595,0.6914632588505417,256.411890625,76.6156723311469,-0.5850887225164887,0.508678257602135,1.0,0.9982984662055969,0.003508772002533078,1.0648608207702637,0.06196708604693413
82,1.9032257444961838,0.953125,0.8655623407637487,0.6905378416922395,0.0,0.03125,0.0,61,0.010661191468811568,0.5907003283500671,1.266,0.984375,63,0.96875,48,0.7619047619047619,0.8743982806183093,29.01666666666667,22.582778872125143,-0.7135810196452038,0.3863326392159057,2.5873015873015874,1.3874141830737876,-0.5800615047524944,0.43371513055959954,3.2331326984126996,1.3497176728100946,0.43734982413347745,0.6450787018668791,274.8507777777778,87.62487052843636,-0.46266649866054366,0.5817721767207841,0.984375,0.9965949058532715,0.0018832391360774636,1.0648607015609741,0.06231917813420296
83,1.9418382377728451,0.984375,0.8401630298485832,0.6917051984000692,0.0,0.015625,0.0,63,0.007610506436576826,0.6210745573043823,1.279,1.0,64,1.0,51,0.796875,0.8763492588544589,28.992031250000004,22.38480638315917,-0.7140024675809475,0.3829458445885725,2.578125,1.4230764155079656,-0.5829301684926775,0.44486338750041365,3.0177375000000017,1.338414953779284,0.3344046988087594,0.6396767252410702,265.365765625,75.52400525427792,-0.5256408132936692,0.5014302978877937,1.0,0.9984442591667175,0.0021019442938268185,1.0230478048324585,0.07060253620147705
84,1.9218170302840671,0.953125,0.8755860133249251,0.6585142423349969,0.0,0.03125,0.0,61,0.007449194143667947,0.5880222320556641,1.292,1.0,63,0.984375,50,0.7936507936507936,0.875827052429194,30.15492063492064,22.01720192370631,-0.6941084533085458,0.3766570879296984,2.365079365079365,1.348739414999873,-0.6495296861363873,0.42162513444367544,3.0632698412698427,1.3289529177281165,0.35616624508692046,0.6351544773251806,260.8442857142857,67.73859303688545,-0.5556605005558819,0.4497402219417057,0.984375,0.9991522431373596,0.0015267175622284412,1.0648607015609741,0.06547330319881439
85,1.9321775655165918,0.9375,0.8818998167912165,0.7136560850423178,0.0,0.0625,0.0,60,0.006252836718731148,0.5705108642578125,1.305,1.0,64,1.0,50,0.78125,0.8732096262104218,25.953906250000003,20.232458190459976,-0.7659768882739918,0.34612476236013845,2.15625,1.0928567781278569,-0.7148111690886617,0.3416344780032124,2.9237089062500017,1.2295299668929869,0.2894650463047409,0.5876366672286658,239.02226562500005,65.44950919392994,-0.7005445277872652,0.4345421933228739,1.0,0.998377799987793,0.006246450822800398,1.0837911367416382,0.06893736124038696
86,2.01285251881545,0.96875,0.9005319812605458,0.699156811775044,0.0,0.03125,0.0,62,0.008299889177605543,0.6104263663291931,1.318,0.984375,64,0.984375,50,0.78125,0.8812577279513202,26.65078125,24.657795883394538,-0.7540551686540073,0.4218307859639621,2.296875,1.3656464529207404,-0.6708508355566669,0.4269103897399557,3.0046892187500016,1.4956064533307907,0.32816845511135,0.7148042059860461,249.207,64.08415727775473,-0.6329245124772985,0.425477144193867,1.0,0.9997686147689819,0.004208311438560486,1.0446385145187378,0.07450094819068909
87,2.020421773062477,0.984375,0.8793132371372647,0.7019087044418654,0.0,0.015625,0.0,63,0.008143128042758171,0.5812365412712097,1.331,1.0,64,1.0,49,0.765625,0.8798849412664486,27.97171875,19.173484013955274,-0.7314573620021355,0.3280084671607225,2.3125,1.1021995055342748,-0.665966354053112,0.3445550782726143,3.1399859375000014,1.2555489749628945,0.39283163131203536,0.6000720885673041,258.19175,63.06818723983394,-0.573271613325844,0.4187317636086545,1.0,0.998567521572113,0.0,1.0230478048324585,0.07423290610313416
88,2.0057460504240643,0.984375,0.8765688150648087,0.6706874155820652,0.0,0.015625,0.0,63,0.0056185503459938195,0.5874930024147034,1.344,1.0,64,1.0,53,0.828125,0.8875194245204502,28.4065625,19.70020972435557,-0.7240183158805175,0.33701937476399346,2.421875,1.1832778559471988,-0.6317749835282273,0.36990072326017753,3.1409400000000014,1.5983543435818228,0.39328761215262,0.763911124416403,264.534,68.7479236975107,-0.531163196325559,0.45644152137783345,1.0,0.999710202217102,0.0015251652803272009,1.0230478048324585,0.07741148769855499
89,1.982093712760281,0.953125,0.8894233219936246,0.6814965244065244,0.0,0.046875,0.0,61,0.011775316077536301,0.5843978524208069,1.357,1.0,64,1.0,52,0.8125,0.8856623599401064,26.821875000000002,21.32647055854238,-0.7511281993751098,0.36484046993046826,2.390625,1.257691182037546,-0.6415439465353372,0.3931628362141811,3.029816406250002,1.47319358819896,0.3401776432701736,0.7040922902753647,255.77553124999997,66.53876614096123,-0.589313735078993,0.4417741513418815,1.0,0.995596706867218,0.0009847366018220782,1.0648607015609741,0.07094821333885193
90,2.0278879930813076,0.984375,0.8774668366189987,0.6872495234711881,0.0,0.015625,0.0,63,0.00955444239204202,0.5564223527908325,1.37,1.0,64,1.0,54,0.84375,0.8767254271217731,26.57625,18.277052680547268,-0.7553302045864586,0.3126728574524405,2.3125,1.2358574958303243,-0.665966354053112,0.3863374770824308,3.3219017187500017,1.0097264570379252,0.4797757370178814,0.4825846510482147,269.962859375,60.04810247727114,-0.4951190992939996,0.3986803640961468,1.0,0.9975906610488892,0.01396508701145649,1.0230478048324585,0.07838494330644608
91,2.0477562765451482,0.96875,0.8983258701139881,0.7270323898849614,0.0,0.03125,0.0,62,0.005626889866191764,0.5761212110519409,1.383,0.96875,64,0.96875,50,0.78125,0.8631454790966842,21.7325,14.473886507258511,-0.8381941750392652,0.2476105711225281,2.15625,1.107061848994897,-0.7148111690886617,0.34607507998124404,3.397889843750002,1.2373869361866123,0.5160931995656176,0.5913917959156805,258.15289062500005,65.91829018520707,-0.5735296143139583,0.43765459435760207,1.0,0.9975688457489014,0.0010712372604757547,1.0446385145187378,0.06888601183891296
92,2.1156153890190836,1.0,0.8939725682139397,0.69943085348637,0.0,0.0,0.0,64,0.00806774793856786,0.5581629872322083,1.3960000000000001,1.0,64,1.0,53,0.828125,0.8696262445286799,27.2675,15.493932683473233,-0.7435047140934518,0.26506090943609817,2.40625,0.9797759629119301,-0.6366594650317822,0.30628464438214925,3.0931423437500016,1.0538804926048053,0.3704433902333539,0.5036874553749641,266.495203125,63.11727337073125,-0.5181420825237123,0.4190576636076697,1.0,0.9998283982276917,0.0010531859006732702,0.9999999403953552,0.07624735683202744
93,1.933126532803268,0.921875,0.8787765225111428,0.6914418627642274,0.0,0.046875,0.0,59,0.015531909326381302,0.5889384150505066,1.409,0.984375,62,0.953125,51,0.8225806451612904,0.8813758747041461,25.129516129032258,17.65544679068678,-0.7800800601192475,0.3020387966337174,2.3870967741935485,1.1409509150856383,-0.6426468939716237,0.35666903303679465,3.193583064516132,1.4340794259852419,0.41844762924690443,0.6853982229946839,268.81870967741935,67.80117093107901,-0.5027155094917174,0.4501556984782191,0.96875,0.997799277305603,0.0005025125574320555,1.1014959812164307,0.06794808804988861
94,2.0755761234046366,1.0,0.8582564683165401,0.6877656017787768,0.0,0.0,0.0,64,0.012075377103439412,0.5878037214279175,1.422,0.984375,64,0.984375,48,0.75,0.886107928339186,32.16671875,24.964950684327384,-0.6596918175273951,0.42708540611342005,2.75,1.4469796128487782,-0.5292008719535729,0.45233568991878315,3.167265312500002,1.5631913534526993,0.4058694274135731,0.7471054646231016,275.87045312500004,66.16732753026837,-0.4558965172303345,0.4393080404334403,1.0,0.9974133372306824,0.005102040711790323,1.0,0.07708225399255753
95,2.0803021504761396,0.96875,0.8896732455299746,0.7088701390030523,0.0,0.015625,0.0,62,0.0097388489179638,0.5798915028572083,1.4349999999999998,1.0,63,0.984375,47,0.746031746031746,0.8723580733589268,27.804761904761907,17.677801689190836,-0.734313559595055,0.3024212308322445,2.1904761904761907,0.8883218145798871,-0.7041118286523032,0.2776954542412701,2.7720934920634934,1.0695067120861521,0.21700257764430203,0.5111557886280417,246.63819047619046,56.396739477085546,-0.6499797377716146,0.3744376874701502,0.984375,0.9992156624794006,0.0021598271559923887,1.0446385145187378,0.06886231154203415
96,2.0692726751999837,0.96875,0.8793186814554276,0.7159611540401685,0.0,0.03125,0.0,62,0.007134907390719558,0.5642473101615906,1.448,1.0,64,1.0,53,0.828125,0.8774175994905363,27.8321875,21.48936448199071,-0.7338443789574374,0.36762716149373315,2.09375,1.1688502630790651,-0.7343490951028816,0.36539055938784337,3.0913531250000013,1.2302242865617992,0.3695882581328731,0.5879685076125185,257.121296875,60.128172080481484,-0.5803787261906411,0.39921197420943927,1.0,0.9991603493690491,0.008209338411688805,1.0446385145187378,0.06758644431829453
97,2.10009991959934,0.984375,0.8816186071388306,0.7071176207190808,0.0,0.015625,0.0,63,0.007588222807754766,0.5455378890037537,1.4609999999999999,1.0,64,1.0,58,0.90625,0.8814685515667721,28.3428125,21.24492898822784,-0.7251089126529285,0.36344550564180367,2.234375,1.0419661027955756,-0.6903887615708868,0.32572570601191964,3.213975468750002,1.2731134208284562,0.4281938939036764,0.6084667700375244,261.306609375,67.4752513369757,-0.5525909719982793,0.44799180424871604,1.0,1.0003315210342407,0.005483549553900957,1.0230478048324585,0.06965795904397964
98,2.116775628129349,0.984375,0.879182459106521,0.7256770116801798,0.0,0.015625,0.0,63,0.00893192100953002,0.5710923671722412,1.474,1.0,64,1.0,55,0.859375,0.8751815893642922,28.422656250000003,19.950805767107152,-0.7237429936561097,0.3413064215938582,2.40625,1.283534548619553,-0.6366594650317822,0.4012416487619829,3.1322079687500017,1.3906612471525246,0.38911425983095754,0.6646471111117664,271.908296875,72.97183775729852,-0.48220265899316106,0.48448556483290267,1.0,0.9973186254501343,0.023156899958848953,1.023047924041748,0.07333645224571228
99,2.054390550463709,0.96875,0.8666885437503937,0.6915980004614655,0.0,0.03125,0.0,62,0.010116764525273048,0.5864933729171753,1.4869999999999999,1.0,64,1.0,57,0.890625,0.893651039621437,31.696718750000002,23.77838856337617,-0.6677322956926223,0.4067864128683267,2.40625,1.3430230591840187,-0.6366594650317822,0.4198381626516576,3.0007287500000017,1.3795612993068906,0.32627560441264414,0.6593420461405537,264.85314062500004,69.05034311280325,-0.5290443100439974,0.4584493896971399,1.0,0.9992175102233887,0.004868549294769764,1.0446385145187378,0.07245169579982758
100,2.0496237727514934,0.953125,0.876703278940232,0.7221944749886803,0.0,0.03125,0.0,61,0.015805968497005093,0.5728762745857239,1.5,1.0,63,0.984375,60,0.9523809523809523,0.8939881599851128,27.316825396825397,21.689181988233678,-0.7426608847824607,0.37104551957027937,2.3174603174603177,1.1929075700352978,-0.6644157250043643,0.3729110375224394,3.179643015873017,1.2781093741142988,0.4117851777847853,0.6108545161011208,268.77466666666663,70.04826713264019,-0.5030079264514279,0.465074956453716,0.984375,0.9981622099876404,0.0,1.0648607015609741,0.06955863535404205
101,2.0850731435561722,1.0,0.8449634147109464,0.6842093059149363,0.0,0.0,0.0,64,0.013029188826744333,0.5376427173614502,1.5,1.0,64,1.0,54,0.84375,0.8941108985236197,29.0446875,20.486598818553162,-0.7131016560311865,0.3504724478305222,2.375,1.3169567191065923,-0.6464284280388921,0.4116896470693496,3.2315087500000024,1.3794020736882036,0.436573680681358,0.659265946480991,267.516984375,66.09357720769195,-0.5113581192680738,0.4388183862354895,1.0,1.0007474422454834,0.004473160952329636,0.9999999403953552,0.07539977133274078
102,2.058631928716502,0.953125,0.885224672614551,0.6821053797300425,0.0,0.046875,0.0,61,0.013986273692555708,0.5372077822685242,1.5,0.984375,64,0.984375,47,0.734375,0.8798812309271395,25.244687499999998,25.84454536072058,-0.7781097773670658,0.44213298438956805,2.203125,1.2012973130640892,-0.7001577245779967,0.3755337283796369,3.197127343750002,1.2444919355067694,0.4201415679818685,0.5947875310612903,258.90342187500005,76.77342205819116,-0.568546574722844,0.5097256132390243,1.0,0.9998554587364197,0.002621919149532914,1.0648607015609741,0.06282547861337662
103,2.1357747628143287,1.0,0.8705755034461617,0.6955862382387421,0.0,0.0,0.0,64,0.014471139016444864,0.5615172386169434,1.5,0.984375,64,0.984375,52,0.8125,0.880727687240917,23.943906249999998,20.443989536749203,-0.8003627629806017,0.34974351378801,2.234375,1.2592431692786743,-0.6903887615708868,0.3936479980044559,3.391353437500002,1.1542998974489633,0.512969215532834,0.5516815067414593,272.2888125,67.9478038393431,-0.4796762826105486,0.45112924566528184,1.0,0.9969800114631653,0.0064676618203520775,0.9999999403953552,0.061965521425008774
104,2.0011219358492722,0.921875,0.8914148959062868,0.6799259961488718,0.0,0.078125,0.0,59,0.01006702982406651,0.5851980447769165,1.5,1.0,64,1.0,46,0.71875,0.8787131843539688,21.9946875,19.679533147469325,-0.833708828509594,0.33666565228530093,2.09375,1.0711960313126632,-0.7343490951028816,0.3348631809042043,3.243125781250002,1.4997499795641003,0.44212587844038603,0.716784546451004,250.37693750000003,74.69625586874216,-0.6251568880357719,0.49593458007505065,1.0,0.9986913800239563,0.004223864991217852,1.1014958620071411,0.06284885108470917
105,2.0693235224481303,0.9375,0.9041499306758245,0.7224317455640006,0.0,0.0625,0.0,60,0.011387697804754026,0.5465390682220459,1.5,1.0,64,1.0,51,0.796875,0.8791323207512387,25.25875,17.33566901831308,-0.777869204549622,0.29656823025819457,2.1875,1.0439558180306292,-0.7050422060815518,0.32634770455674916,2.7537212500000017,1.2977846899362067,0.20822182126876568,0.6202580583714035,237.422421875,62.933788352522924,-0.7111664502533146,0.41783944236757026,1.0,0.9970245957374573,0.012027491815388203,1.0837910175323486,0.07940725982189178
106,2.0563475655704155,0.953125,0.885030454299489,0.6994055665559854,0.0,0.046875,0.0,61,0.009865606346054018,0.5293314456939697,1.5,1.0,64,1.0,53,0.828125,0.876114913164937,25.698124999999997,20.12554408231924,-0.7703526405201611,0.34429573990894624,2.34375,1.0928567781278569,-0.656197391046002,0.3416344780032124,3.183970312500002,1.3063545786725197,0.4138533487415429,0.6243539169442964,261.12267187500004,66.74902179012973,-0.5538121974233238,0.4431701121683789,1.0,0.9985160827636719,0.01005025114864111,1.0648607015609741,0.07627716660499573
107,2.078063088514728,0.953125,0.9029482739870666,0.6975329505449102,0.0,0.03125,0.0,61,0.01618680338733394,0.5164715051651001,1.5,1.0,63,0.96875,56,0.8888888888888888,0.8827160301907147,21.105079365079362,15.864180564835397,-0.8489277110296746,0.27139488817187285,2.2222222222222223,1.060764091847849,-0.6941878027403184,0.33160208552103054,3.444002380952383,1.1878718019277037,0.5381320423825521,0.5677267293806918,262.5922857142857,63.09163915489679,-0.5440549169039448,0.41888746907894053,0.984375,0.9987173676490784,0.0015136225847527385,1.0648608207702637,0.07161512970924377
108,2.1425455306695667,0.984375,0.884428731505833,0.7164379097509463,0.0,0.015625,0.0,63,0.01731388417814629,0.5548571348190308,1.5,1.0,64,1.0,63,0.984375,0.8708211554887306,23.780781249999997,17.591807157797874,-0.8031534076629478,0.30095008795566136,2.25,1.0606601717798212,-0.6855042800673319,0.33156959939942227,3.480995781250002,1.3608000164675722,0.5558125211392286,0.6503753531623491,274.7013125,66.82251757942339,-0.4636588509398976,0.44365807643080035,1.0,0.9993577003479004,0.00732421875,1.0230478048324585,0.06511460244655609
109,2.1467650207405367,0.96875,0.9140890932852223,0.7350046430872986,0.0,0.015625,0.0,62,0.016907379504797558,0.5015050768852234,1.5,1.0,63,0.984375,57,0.9047619047619048,0.8655920013447552,20.792857142857144,14.99287327297846,-0.8542690215838797,0.2564890855008539,2.2222222222222223,1.075623768006185,-0.6941878027403184,0.33624732157506,3.4846711111111133,1.1227937827510817,0.5575690936902882,0.5366235994623286,270.7761587301587,57.86263162259618,-0.4897193202892163,0.38417025836227914,0.984375,0.9988197684288025,0.0009881423320621252,1.0446385145187378,0.0656757801771164
110,2.015078266260586,0.9375,0.8959351922074954,0.6804763473916603,0.0,0.046875,0.0,60,0.00990158784635798,0.5821588039398193,1.5,1.0,63,0.984375,54,0.8571428571428571,0.876333366327154,24.105396825396824,17.699123180272693,-0.7976000790542864,0.3027859861162738,2.253968253968254,1.1264250793149315,-0.6842637768283337,0.3521281577634702,3.3337722222222244,1.349457203686863,0.48544907828370704,0.6449542142890134,266.09533333333343,73.85412400796677,-0.520796957991143,0.49034337197654365,0.984375,0.9980042576789856,0.0004849660617765039,1.083790898323059,0.07295586913824081
111,2.1183346570502177,0.984375,0.8827821574513874,0.6916657847948691,0.0,0.015625,0.0,63,0.015034398744899992,0.5462473034858704,1.5,1.0,64,1.0,50,0.78125,0.8794151107870296,24.4696875,21.203874790998547,-0.7913680126395147,0.36274317505369075,2.296875,1.2708226604743087,-0.6708508355566669,0.39726782588065773,3.226813593750002,1.2242184317904732,0.4343296963579501,0.585098093245474,261.52175,70.89864495509599,-0.5511625781079089,0.47072091237720737,1.0,0.9976635575294495,0.0,1.0230478048324585,0.08353853970766068
112,2.1003431169042868,0.96875,0.8986192292744114,0.7077397179886638,0.0,0.03125,0.0,62,0.013127729776969414,0.5613141655921936,1.5,1.0,64,1.0,58,0.90625,0.8766381713443029,24.64828125,16.64151168338978,-0.7883127378579807,0.28469300282269866,2.25,1.0606601717798212,-0.6855042800673319,0.33156959939942227,2.994104687500002,1.2739369838749015,0.32310972630001,0.6088603804877752,252.606609375,63.63888015877591,-0.6103533162613531,0.4225207935916918,1.0,0.9995524883270264,0.0005246589425951242,1.0446385145187378,0.08005058765411377
113,2.049221151479654,0.953125,0.8803963700278861,0.7097779808991506,0.0,0.046875,0.0,61,0.016019310928654832,0.5400407314300537,1.5,0.984375,64,0.984375,55,0.859375,0.8764332655197259,27.8890625,23.120982807746163,-0.7328713955624431,0.3955399094133528,2.421875,1.260018446045533,-0.6317749835282273,0.39389035480623874,3.0693729687500015,1.4477655525495152,0.35908314958594223,0.6919393159473205,258.29846875,83.99259941580584,-0.5725630702020712,0.557656257816809,1.0,0.9981401562690735,0.0,1.0648608207702637,0.08403830230236053
114,2.141001034432958,0.984375,0.8926695235191829,0.7138492795717319,0.0,0.015625,0.0,63,0.012632986310402168,0.5448470115661621,1.5,1.0,64,1.0,58,0.90625,0.8768737835359858,23.53015625,15.423417209330944,-0.8074409498760542,0.26385457298896686,2.328125,0.9528688180305829,-0.661081872549557,0.29787328748701875,3.181004843750002,1.120676736463276,0.4124360443895195,0.5356117867709481,256.8724375,55.60874435899085,-0.5820309906609679,0.36920591214957466,1.0,0.9985392093658447,0.004598875995725393,1.023047685623169,0.06886116415262222
115,2.061900165641568,0.953125,0.8870610545893185,0.7007896356427061,0.0,0.03125,0.0,61,0.014146247104721269,0.508044958114624,1.5,1.0,63,0.984375,55,0.873015873015873,0.8836432897979555,26.489682539682537,15.983566756153813,-0.7568111487875262,0.2734372755432034,2.4761904761904763,1.0816968277714807,-0.6147955954444408,0.33814580145304846,3.2992050793650813,1.3640228257409985,0.4689281953681655,0.6519156498216778,272.56815873015876,63.95535376058423,-0.4778216052410059,0.42462197257305123,0.984375,1.0007808208465576,0.0030487803742289543,1.0648607015609741,0.07954584807157516
116,1.91071910982023,0.890625,0.8727826810719674,0.6971110625826471,0.0,0.09375,0.0,57,0.015894054428903903,0.4637511670589447,1.5,1.0,63,0.984375,48,0.7619047619047619,0.8910121605980132,23.90190476190476,17.308705659580017,-0.8010812992528077,0.29610695728552566,2.1587301587301586,1.33578761269646,-0.7140358545642879,0.4175763127611973,3.133631904761907,1.299110500499279,0.3897948101509285,0.6208917110042295,252.12007936507936,80.52714127927773,-0.6135835592415086,0.5346478686315899,0.984375,1.0002679824829102,0.0068746693432331085,1.133455753326416,0.08057626336812973
117,2.085284610551314,0.96875,0.8740744956078068,0.7355790660546292,0.0,0.03125,0.0,62,0.01573439447819793,0.548604428768158,1.5,1.0,64,1.0,59,0.921875,0.8863002514915748,25.72484375,18.921102140879267,-0.769895552167018,0.3236908694165379,2.421875,1.1153010734214326,-0.6317749835282273,0.34865071769740735,3.1134000000000017,1.308131492709641,0.3801252539740935,0.6252031681791926,262.199765625,56.826413992180576,-0.5466609951254958,0.3772904469255512,1.0,0.997673749923706,0.010095911100506783,1.0446386337280273,0.07248074561357498
118,2.131367911506926,1.0,0.8668652912601829,0.7110745837476787,0.0,0.0,0.0,64,0.013743783205039169,0.5356926918029785,1.5,1.0,64,1.0,56,0.875,0.8846745199259161,29.6140625,21.031624827176184,-0.7033611299560242,0.3597964259620421,2.53125,1.1452176376130434,-0.5975836130033424,0.358002839581813,2.9152076562500016,1.2586086177374392,0.285401992656767,0.6015344020784479,262.334484375,60.18542930290321,-0.5457665502040946,0.399592124944275,1.0,0.9989314675331116,0.0020120723638683558,0.9999999403953552,0.08157196640968323
119,2.116918336620722,0.984375,0.8962661321201022,0.6705797654657961,0.0,0.015625,0.0,63,0.011186316276183102,0.5233981609344482,1.5,0.984375,64,0.984375,50,0.78125,0.8738380266215227,28.08515625,27.518464936758114,-0.729516741274757,0.4707693967331343,2.375,1.375,-0.6464284280388921,0.4298343723128373,3.1775821875000023,1.476164080672299,0.4108002336602359,0.7055119956457607,259.83000000000004,63.837545709793744,-0.5623946983271103,0.42383980370101426,1.0,0.9985733032226562,0.001025640987791121,1.0230478048324585,0.07084497809410095
120,2.0110146833030154,0.953125,0.8654528751236493,0.6714125322887361,0.0,0.046875,0.0,61,0.02126031931238163,0.48950299620628357,1.5,1.0,64,1.0,57,0.890625,0.8863711270835964,28.25296875,22.7449286710032,-0.7266459056532629,0.38910660074223546,2.453125,1.2738927483799412,-0.6220060205211173,0.3982275562863761,3.0108717187500016,1.413474578892998,0.33112329459714307,0.6755504242422552,260.643796875,81.57107532912246,-0.5569916161140112,0.5415789120770009,1.0,0.9985256791114807,0.00048638132284395397,1.0648608207702637,0.079262875020504
121,1.9842950311673477,0.953125,0.855939755429987,0.6611866136389507,0.0,0.046875,0.0,61,0.022102758192869512,0.5627081394195557,1.5,0.984375,64,0.984375,52,0.8125,0.885931528304501,31.728906249999998,26.39068491658015,-0.667181651243807,0.4514760124194739,2.578125,1.5186824830671486,-0.5829301684926775,0.47475049589212287,2.7366162500000013,1.229158342723158,0.20004672553006916,0.5874590546494689,257.87407812500004,68.3817444416602,-0.575380748062217,0.45401032916651934,1.0,0.9975969195365906,0.012151898816227913,1.0648608207702637,0.07528118044137955
122,2.1181660040389225,1.0,0.8722324511036277,0.6991942516086447,0.0,0.0,0.0,64,0.01810939600717308,0.5068644285202026,1.5,1.0,64,1.0,53,0.828125,0.8823775964872514,29.4409375,24.174398694612734,-0.7063228486418858,0.41356111672665935,2.703125,1.2584674149039379,-0.5438543164642378,0.393405491899195,3.0463670312500017,1.3986682426046848,0.3480877832240034,0.6684739427049097,265.59707812500005,56.83304877179322,-0.524105048666387,0.37733449754901044,1.0,0.9986698031425476,0.009045226499438286,0.9999999403953552,0.07393961399793625
123,1.9646571268921513,0.9375,0.8476328904430072,0.7126701828897353,0.0,0.046875,0.0,60,0.02030395102436794,0.5492430925369263,1.5,1.0,63,0.984375,49,0.7777777777777778,0.8926172150348375,29.268730158730158,20.151485627384343,-0.7092688685724646,0.34473953230611265,2.5238095238095237,1.38995423993585,-0.5999095565764638,0.43450916964828573,3.2021573015873033,1.2232971396296384,0.4225455660456829,0.5846577745305874,267.831380952381,74.68461593704826,-0.5092707303786701,0.4958572984955447,0.984375,0.9980503916740417,0.0029411765281111,1.0837910175323486,0.07830927520990372
124,2.0916082351877954,0.984375,0.8690815298330217,0.7009631236344873,0.0,0.015625,0.0,63,0.02368810452274203,0.5285884737968445,1.5,1.0,64,1.0,56,0.875,0.8770275617342129,24.744062500000002,17.99200913936778,-0.786674169668059,0.3077965034758603,2.328125,1.0614654890174244,-0.661081872549557,0.3318213470571225,3.3083321875000022,1.5220245400416412,0.4732903691664942,0.727430361384724,267.02473437500004,68.1887012463489,-0.5146263392638779,0.45272864784408084,1.0,0.9984586834907532,0.005316577851772308,1.023047924041748,0.07349952310323715
125,2.1293516645898767,1.0,0.8603645851835608,0.7130735694182693,0.0,0.0,0.0,64,0.02763388472858213,0.6042886972427368,1.5,1.0,64,1.0,52,0.8125,0.8753505399341672,31.635624999999997,22.53169204663456,-0.6687774509328497,0.3854586764395487,2.515625,1.2246451973428876,-0.6024680945068974,0.3828324361496806,3.560679375000002,1.1507450753151687,0.5938961813385643,0.5499825291747941,285.77637500000003,61.275997907903395,-0.39012763566862596,0.4068327915195073,1.0,0.9976581335067749,0.018239853903651237,1.0,0.068102166056633
126,2.0957740974457137,0.96875,0.8796485518255541,0.7407764110821493,0.0,0.03125,0.0,62,0.017371341925315156,0.45127397775650024,1.5,1.0,64,1.0,54,0.84375,0.8756806657063501,24.7746875,18.871056456312765,-0.7861502555322929,0.3228347178547915,2.1875,0.9662265521087692,-0.7050422060815518,0.3020490062092144,3.1482984375000016,1.0286689744492328,0.39680447453494766,0.4916379625576775,259.07446875,58.89520454639348,-0.5674109346678016,0.3910258713164295,1.0,0.9977267384529114,0.007444168906658888,1.0446385145187378,0.07343600690364838
127,2.0882938570133867,0.96875,0.8803278438506588,0.7038194894521861,0.0,0.015625,0.0,62,0.01681899810392734,0.523806631565094,1.5,1.0,63,0.984375,47,0.746031746031746,0.8738876523461092,26.55634920634921,14.922480250629782,-0.7556706554307563,0.25528484388557965,2.253968253968254,1.0230401932902868,-0.6842637768283337,0.3198093376972612,2.9015598412698425,1.3626267028007684,0.27887921019042294,0.6512483923706769,253.00555555555562,61.0315177183791,-0.6077045729712737,0.40520960199389766,0.984375,0.9998233318328857,0.022564101964235306,1.0446386337280273,0.06834064424037933
128,2.074044432334345,0.953125,0.8933853780637022,0.7242694142591678,0.0,0.03125,0.0,61,0.01785197866167547,0.4890623688697815,1.5,1.0,63,0.984375,52,0.8253968253968254,0.8751135649187591,22.948730158730157,11.987092064603528,-0.8173876387942427,0.2050679830000267,2.126984126984127,0.8065616518039683,-0.7239598804762726,0.2521366700616465,3.3107934920634943,1.2147078190028,0.4744667152903549,0.5805526287571433,257.01311111111113,59.8904262288769,-0.5810970093329527,0.3976334963097264,0.984375,0.9999358057975769,0.006042296066880226,1.0648607015609741,0.07758774608373642
129,2.030559890574575,0.96875,0.8507289742269823,0.6866451241645459,0.0,0.03125,0.0,62,0.016616152169429084,0.5302659273147583,1.5,0.984375,64,0.984375,53,0.828125,0.8841377328640501,33.6175,25.074930894720328,-0.6348727218611272,0.42896688160335955,2.640625,1.4828939980237967,-0.5633922424784576,0.4635627715251145,2.729430937500001,1.5505841001435152,0.19661260582238402,0.7410800040674409,256.196234375,68.33760164199099,-0.5865205398216592,0.45371724967327465,1.0,0.9983235001564026,0.002037697471678257,1.0446385145187378,0.0728253424167633
130,1.9730678507713444,0.953125,0.844795889541751,0.670298793672948,0.0,0.046875,0.0,61,0.017566961069005523,0.4936857521533966,1.5,1.0,64,1.0,53,0.828125,0.8936426411502151,27.68484375,18.929532399153075,-0.7363650474779857,0.3238350892198949,2.25,0.9682458365518543,-0.6855042800673319,0.30268024829002493,2.7716725000000015,1.4646511663799437,0.21680137037015546,0.7000095591317934,242.7131875,72.6377665568752,-0.6760392059491206,0.48226754923666937,1.0,1.000977635383606,0.006673511117696762,1.0648607015609741,0.0770140290260315
131,2.1184840104833578,0.984375,0.8783710386071887,0.7144808292545597,0.0,0.015625,0.0,63,0.017234569975205755,0.46763816475868225,1.5,1.0,64,1.0,56,0.875,0.8756059316978642,23.77078125,15.06662861515968,-0.8033244816664633,0.25775084766761336,2.125,0.8926785535678563,-0.7245801320957717,0.27905740054543343,3.2511496875000017,1.2377640589763692,0.44596079231305896,0.5915720364834388,255.5069375,62.2775386106608,-0.5910970229703043,0.41348237069952504,1.0,0.9986183643341064,0.004746835213154554,1.0230478048324585,0.07199253141880035
132,2.044700089897822,0.96875,0.8685923761898472,0.678255683051237,0.0,0.03125,0.0,62,0.014398035636132643,0.46674978733062744,1.5,1.0,64,1.0,55,0.859375,0.8885882730538079,29.9040625,20.107898457349883,-0.6983999838540756,0.3439938691381422,2.234375,1.2592431692786743,-0.6903887615708868,0.3936479980044559,2.6509029687500014,1.1900800310426614,0.1590812604440384,0.5687821216301951,231.935140625,61.2379827649544,-0.7475984305557066,0.40658039568338894,1.0,0.9996134638786316,0.0037553647998720407,1.0446385145187378,0.10180150717496872
133,2.0431263381482987,0.96875,0.8658276536772328,0.6896926938859862,0.0,0.03125,0.0,62,0.020727169653634317,0.4608266055583954,1.5,1.0,64,1.0,54,0.84375,0.8747750448473745,30.86359375,24.221797477116784,-0.681984898610505,0.41437198667513203,2.5,1.334634781503914,-0.6073525760104523,0.41721592987244766,2.8726732812500018,1.4875032533011232,0.26507328246614376,0.7109313947593674,254.02382812500002,67.44919260324647,-0.6009439050735849,0.4478187911971382,1.0,0.9998759627342224,0.010676156729459763,1.0446386337280273,0.08856062591075897
134,1.9931331703547355,0.9375,0.8775148103634517,0.6848918805025335,0.0,0.046875,0.0,60,0.024473800629391758,0.4994332790374756,1.5,1.0,63,0.984375,53,0.8412698412698413,0.88758893892107,31.346349206349206,21.523567245908986,-0.6737262077468454,0.36821228186921257,2.634920634920635,1.3604572912518171,-0.5651754658845174,0.42528822243174375,2.742464285714287,1.2511813745565394,0.20284171248403585,0.5979846549823686,251.54123809523813,69.85492015774481,-0.6174266889773988,0.46379125823232165,0.984375,1.0006911754608154,0.028161803260445595,1.0837911367416382,0.08838585019111633
135,2.0711376232215732,0.984375,0.8747722591672625,0.6722996700645596,0.0,0.015625,0.0,63,0.01993286395575806,0.4987165331840515,1.5,1.0,64,1.0,55,0.859375,0.8834615765279725,28.608125,23.693091152472594,-0.7205701054971587,0.4053271959110488,2.5625,1.4347800354061246,-0.5878146499962325,0.44852201885511417,3.2561154687500022,1.6131650358649874,0.44833411807372414,0.7709896878406205,275.42567187500003,72.49196509464318,-0.4588495755848472,0.48129952231074913,1.0,1.0003243684768677,0.004269449505954981,1.0230478048324585,0.06450098752975464
136,1.9790979024329962,0.953125,0.8413319968786396,0.696031299239092,0.0,0.046875,0.0,61,0.024010836197169497,0.5191096663475037,1.5,1.0,64,1.0,55,0.859375,0.8900046174672207,31.74578125,23.568764472594836,-0.6668929638628746,0.4032002896240014,2.640625,1.4828939980237967,-0.5633922424784576,0.4635627715251145,3.154680468750002,1.5869289474922461,0.3998546771935916,0.7584505160045457,274.94351562500003,74.8035899621035,-0.46205077964244406,0.49664720867871764,1.0,0.9994221925735474,0.0,1.0648608207702637,0.07234088331460953
137,2.1261067957172255,1.0,0.8590627196244895,0.7341258459341231,0.0,0.0,0.0,64,0.025272343972525892,0.5892863273620605,1.5,1.0,64,1.0,56,0.875,0.8761807922629551,27.171875,21.483633878126277,-0.7451406092520684,0.3675291257591682,2.40625,1.3430230591840187,-0.6366594650317822,0.4198381626516576,3.2378437500000015,1.2982492156368,0.4396014054112401,0.6204800719390992,270.99429687500003,56.399315337344696,-0.48827102481574136,0.37445478950774364,1.0,0.998363733291626,0.0,0.9999999403953552,0.07176137715578079
138,2.112591519058315,1.0,0.8685838948003948,0.6961549423263904,0.0,0.0,0.0,64,0.020090478685798906,0.49845629930496216,1.5,1.0,64,1.0,52,0.8125,0.8771726205770868,28.15625,18.402734469026605,-0.7283005120310141,0.31482294612485495,2.453125,1.1309521361998482,-0.6220060205211173,0.3535433466031449,3.243528750000002,1.3525646516877914,0.44231847172369226,0.646439375640116,268.15632812499996,71.39832725523381,-0.5071132923956666,0.4740384780143022,1.0,0.9990812540054321,0.002790697617456317,0.9999999403953552,0.06820465624332428
139,2.013046500167796,0.96875,0.8471146067303996,0.6796888220476591,0.0,0.03125,0.0,62,0.02746588582151068,0.5286688208580017,1.5,1.0,64,1.0,48,0.75,0.8881282077683981,31.4609375,22.51305424905945,-0.6717658999317606,0.38513983217476017,2.78125,1.5048748909793133,-0.519431908946463,0.4704341484897764,2.7922265625000016,1.579560325522007,0.22662489733634364,0.7549287860969769,258.02507812500005,73.77491405965532,-0.5743782062250071,0.4898174694129314,1.0,0.9998423457145691,0.0004901961074210703,1.0446386337280273,0.06892206519842148
140,2.1213967114229297,0.984375,0.8784689950564551,0.7207390752048511,0.0,0.015625,0.0,63,0.026329876987457083,0.5250033140182495,1.5,1.0,64,1.0,56,0.875,0.8708014753761475,25.51171875,20.315505589534276,-0.7735415668669416,0.3475454874642572,2.28125,1.268226492981439,-0.6757353170602219,0.39645624622631837,3.4514479687500024,1.1582420461349778,0.5416905570318596,0.553565601621573,271.726890625,65.61206074250883,-0.4834070785637328,0.4356214299331624,1.0,0.9995642304420471,0.0004683840670622885,1.0230478048324585,0.06519804149866104
141,2.0466166022290944,0.96875,0.8775448856815216,0.6660249981049238,0.0,0.0,0.0,62,0.029502567147775494,0.4836897552013397,1.5,1.0,62,0.96875,53,0.8548387096774194,0.8837676064870497,26.96241935483871,20.60183922931623,-0.7487238508297341,0.35244391167412276,2.5806451612903225,1.185236972314441,-0.58214234889533,0.3705131563903603,3.1020362903225824,1.5384110991982098,0.37469412772097144,0.735262088361208,263.7843870967742,70.84425214154868,-0.5361401386910958,0.4703597794551893,0.96875,0.9981768131256104,0.0,1.0446386337280273,0.06987779587507248
142,2.038395350241515,0.953125,0.8836056968716325,0.6856752038860036,0.0,0.046875,0.0,61,0.023396488980263058,0.49023228883743286,1.5,1.0,64,1.0,56,0.875,0.8819898983824008,29.470156250000002,23.37948723588877,-0.705822991787864,0.39996224815823617,2.53125,1.39159025488827,-0.5975836130033424,0.43502059907386237,3.058730156250002,1.5024088779393305,0.35399656606553936,0.7180553297761705,260.3524375,77.8893530227887,-0.5589260529557382,0.517134669394301,1.0,1.0001879930496216,0.0015282731037586927,1.0648605823516846,0.07398426532745361
143,2.0550440811733517,0.96875,0.8658988004730593,0.7016807829676822,0.0,0.03125,0.0,62,0.01933928040789801,0.5104736089706421,1.5,1.0,64,1.0,53,0.828125,0.8812701987053272,29.661249999999995,24.37777570734254,-0.7025538745019357,0.41704036870572986,2.34375,1.0928567781278569,-0.656197391046002,0.3416344780032124,2.843592656250001,1.544723432829324,0.25117460409630266,0.7382789800168029,247.86421875,52.95973310493455,-0.6418397070557469,0.3516181995043382,1.0,0.9985790252685547,0.0,1.0446385145187378,0.07481685280799866
144,2.0383153912554777,0.953125,0.8858164001683719,0.713274155066952,0.0,0.046875,0.0,61,0.011956481591171195,0.44156694412231445,1.5,1.0,64,1.0,58,0.90625,0.887404758887154,25.385,16.188216972539006,-0.7757093952552392,0.2769383087269357,2.140625,1.0733590309747247,-0.7196956505922166,0.3355393493420626,3.0225320312500017,1.2214213784014876,0.336696178024832,0.5837612806619487,244.840953125,69.51217713070805,-0.6619122254270075,0.4615156673447969,1.0,0.9982799887657166,0.011698881164193153,1.0648608207702637,0.08142689615488052
145,2.007551817779055,0.9375,0.8817643081148465,0.7032133380201183,0.0,0.0625,0.0,60,0.018054828155536558,0.4977654814720154,1.5,1.0,64,1.0,52,0.8125,0.88729953256793,26.5640625,20.41370309672142,-0.7555387010282432,0.3492253915332316,2.25,1.1319231422671772,-0.6855042800673319,0.3538468897183902,2.9263292187500016,1.4250114715024074,0.2907173880500085,0.681064320857805,247.37032812500001,67.12445422637872,-0.6451188197350058,0.44566273948218793,1.0,0.9985390305519104,0.0031595577020198107,1.0837910175323486,0.07599131017923355
146,2.009593030528071,0.9375,0.8746323188145956,0.7011709136721003,0.0,0.0625,0.0,60,0.02378324391264612,0.5217822194099426,1.5,1.0,64,1.0,47,0.734375,0.8878904957037049,26.540781250000002,19.788135279180512,-0.7559369826926775,0.33852355243151566,2.203125,1.1344008261522909,-0.7001577245779967,0.3546214305893338,2.877567968750002,1.4535099461176955,0.2674126299624023,0.6946847685857669,246.314375,72.38054408072573,-0.6521296620260311,0.4805597592114341,1.0,0.9987062811851501,0.0026511135511100292,1.0837910175323486,0.06686247140169144
147,2.0650055912100225,0.96875,0.8761831820011139,0.6959660207229201,0.0,0.03125,0.0,62,0.021927665775221067,0.4482373297214508,1.5,1.0,64,1.0,49,0.765625,0.8836151082854348,28.333437500000002,18.657876454961155,-0.7252692945312244,0.31918776222472617,2.359375,1.266974589080223,-0.651312909542447,0.39606489253353644,3.2372214062500024,1.268388094439243,0.4393039649120515,0.6062083663176525,270.286671875,68.15532641878927,-0.49296919479955265,0.4525070606855498,1.0,0.9984692335128784,0.0029027576092630625,1.0446385145187378,0.0739007517695427
148,2.1487208552222197,1.0,0.8838864001445472,0.7152349479869939,0.0,0.0,0.0,64,0.030796739354363292,0.47132155299186707,1.5,1.0,64,1.0,58,0.90625,0.8786822074858291,27.426875,22.792436648137798,-0.740778222162424,0.3899193387269692,2.375,1.3287682265918312,-0.6464284280388921,0.4153820048191576,3.230624218750002,1.30178840279897,0.43615093133013766,0.6221715769895466,266.888953125,58.84126518663099,-0.5155278384945644,0.3906677490327593,1.0,0.9993041753768921,0.006435643415898085,0.9999999403953552,0.07137076556682587
149,2.1130226239902443,0.984375,0.8856252124385228,0.7279783851382546,0.0,0.015625,0.0,63,0.017906157903780858,0.4501187801361084,1.5,0.984375,64,0.984375,54,0.84375,0.8819287530270628,25.7340625,21.143119870801797,-0.7697378433200273,0.36170381631055865,2.015625,0.9761561654648298,-0.7587715026206564,0.3051530710268227,3.1237217187500015,1.3274576412681167,0.3850583752233859,0.6344398308348961,254.95328124999997,52.943187081905556,-0.5947729405468449,0.35150834466774217,1.0,0.9976322650909424,0.01596292480826378,1.0230478048324585,0.06410374492406845
150,2.018693053376291,0.9375,0.8827004715800285,0.712029576784396,0.0,0.046875,0.0,60,0.021880225268097964,0.4741281569004059,1.5,0.984375,63,0.96875,49,0.7777777777777778,0.8671406308775629,24.70428571428571,19.06926919586587,-0.787354647065971,0.32622562254510346,2.126984126984127,1.0156249697172313,-0.7239598804762726,0.31749128826447304,3.309423492063494,1.3485501920012248,0.4738119429336162,0.6445207207277034,260.0249206349206,68.22810891537526,-0.5611005520261612,0.452990289148093,0.984375,0.9973580837249756,0.008134214207530022,1.083790898323059,0.06319563835859299
151,1.998773703699234,0.9375,0.8787047902743021,0.6804175483416977,0.0,0.03125,0.0,60,0.02864013735534745,0.4445018172264099,1.5,1.0,62,0.96875,48,0.7741935483870968,0.873771842755799,31.335967741935484,25.402812992549535,-0.6739038076148063,0.43457609191902896,2.3870967741935485,1.311916090816952,-0.6426468939716237,0.41011391230793875,3.4443324193548412,1.6080818969301516,0.5382897796253198,0.7685602726143488,281.3537258064516,72.39824310271838,-0.4194911512171949,0.4806772692116019,0.96875,0.9979111552238464,0.011220196262001991,1.083790898323059,0.06286120414733887
152,1.9906306171420258,0.953125,0.8643795144362528,0.6756671492006949,0.0,0.046875,0.0,61,0.01771674286983889,0.48660656809806824,1.5,1.0,64,1.0,58,0.90625,0.8902116805037995,26.963437499999998,18.678146925179536,-0.748706433012844,0.3195345372740661,2.375,1.3169567191065923,-0.6464284280388921,0.4116896470693496,3.332202968750002,1.6228436264496895,0.4846990755141251,0.7756154349698566,270.69634375,81.1256773843482,-0.4902492398709726,0.5386217592700909,1.0,1.0003421306610107,0.022482436150312424,1.0648607015609741,0.07080452144145966
153,2.1205245008473224,1.0,0.8761532781645656,0.6857750494216245,0.0,0.0,0.0,64,0.0321220551849983,0.45701363682746887,1.5,1.0,64,1.0,52,0.8125,0.8780436679137622,28.72296875,22.158609195954142,-0.7186054274880358,0.3790761987486623,2.46875,1.1721874583444407,-0.6171215390175623,0.366433789374882,2.9991510937500014,1.3998321028900647,0.3255215856528368,0.6690301934654737,264.63145312500006,60.912013658773084,-0.5305161709283445,0.40441617272587493,1.0,0.9985008239746094,0.0,0.9999998807907104,0.07538336515426636
154,2.041707008883464,0.953125,0.8723861604440407,0.7157360808449845,0.0,0.046875,0.0,61,0.019809103613374852,0.4696280360221863,1.5,1.0,64,1.0,49,0.765625,0.8788785288048806,28.662656249999998,27.5185288852227,-0.7196372175717385,0.4707704907251198,2.46875,1.4248766393972496,-0.6171215390175623,0.44542614975893946,3.4085448437500023,1.1190649767272134,0.5211856079313476,0.5348414687265115,273.23990625000005,74.14594455293876,-0.4733616384020475,0.492280870687085,1.0,0.9987232089042664,0.0009596928721293807,1.0648608207702637,0.08229070901870728
155,1.950235266243184,0.921875,0.8546430367534443,0.7264235290357364,0.0,0.0625,0.0,59,0.030005406631136364,0.49569952487945557,1.5,1.0,63,0.984375,46,0.7301587301587301,0.8757987304961773,32.039206349206346,23.16867393164898,-0.6618732232175591,0.3963557805631735,2.6984126984126986,1.3874141830737878,-0.545327414060548,0.43371513055959965,2.8166114285714303,1.608477237457403,0.23827930334097494,0.7687492200951829,262.20992063492065,74.95386856632015,-0.5465935724612393,0.49764496091689425,0.984375,0.9983416199684143,0.007345739286392927,1.1014962196350098,0.08725972473621368
156,2.1060473642777584,0.96875,0.8965864373791602,0.723338282336767,0.0,0.015625,0.0,62,0.007995317523266609,0.39577364921569824,1.5,1.0,63,0.984375,47,0.746031746031746,0.8461722518927164,23.369047619047613,18.052824667016793,-0.8101970997258464,0.30883689905494255,2.1904761904761907,1.0669217382099085,-0.7041118286523032,0.33352700774572897,3.1804426984127,1.1603946590177192,0.41216737488051586,0.5545944128700244,251.67447619047627,60.67822078850831,-0.6165420746410653,0.40286394005248577,0.984375,0.9991366267204285,0.00863464642316103,1.0446385145187378,0.08153270930051804
157,2.148918929349161,1.0,0.8816175046376884,0.6996346313654676,0.0,0.0,0.0,64,0.019142204617902756,0.4360658526420593,1.5,0.984375,64,0.984375,47,0.734375,0.8644515035988234,22.36921875,17.309432246672575,-0.8273015724716786,0.29611938730180837,2.046875,0.8737435175009884,-0.7490025396135465,0.27313817920541666,3.029183906250002,1.2401480135975937,0.3398753487332121,0.5927114142832177,245.75953125000004,68.75568523651538,-0.6558134638305958,0.4564930529511667,1.0,1.0001415014266968,0.0021774631459265947,0.9999999403953552,0.08721975237131119
158,2.1407571214887406,0.984375,0.900826318869515,0.7194389514502054,0.0,0.015625,0.0,63,0.021682937890017802,0.43069201707839966,1.5,0.984375,64,0.984375,49,0.765625,0.8732315582084302,23.13390625,17.838634828756124,-0.8142197572653549,0.3051726677405841,2.21875,0.9916644782889019,-0.6952732430744418,0.31000107532381627,2.9784932812500013,1.286591537650275,0.3156484728238663,0.6149084476403132,240.16771875,49.807316169561375,-0.6929394636788213,0.3306882003914911,1.0,0.9970259070396423,0.000554323720280081,1.0230478048324585,0.09220681339502335
159,2.0930388749372257,0.953125,0.9035633997839005,0.7218222481374977,0.0,0.046875,0.0,61,0.021735508783076472,0.36139553785324097,1.5,1.0,64,1.0,53,0.828125,0.8618765800473093,20.979999999999997,16.774912164449624,-0.8510674938038045,0.2869751382592784,1.90625,0.9137619698258403,-0.7929628731455411,0.28564822017704133,3.1043343750000014,1.2152803346024683,0.37579246518098497,0.5808262545881392,236.227796875,65.98788645396873,-0.719097983645875,0.43811666833870966,1.0,0.9991047382354736,0.001065530115738511,1.0648605823516846,0.07082483917474747
160,2.0922028788198723,0.96875,0.8929452213548845,0.6973159736867629,0.0,0.03125,0.0,62,0.025502062487000196,0.3887539207935333,1.5,1.0,64,1.0,51,0.796875,0.8687215187465125,26.951718749999998,21.640417665410215,-0.7489069103607138,0.3702112887768663,2.265625,1.1489422785218586,-0.6806197985637769,0.35916718771790845,3.067751406250002,1.343364655342915,0.3583081464474578,0.6420423659403195,257.44509375,65.85039304522007,-0.5782289254360365,0.43720380148698057,1.0,0.9989405274391174,0.00973360612988472,1.0446386337280273,0.07493177801370621
161,2.102326990416457,0.96875,0.8935609676184193,0.7214153107480537,0.0,0.03125,0.0,62,0.019538898052063068,0.4289068877696991,1.5,0.984375,64,0.984375,50,0.78125,0.8645000899234851,25.37203125,19.62987759288181,-0.7759312568535484,0.33581617483329423,2.109375,1.0018293813694026,-0.7294646135993266,0.3131786933130729,3.0293989062500017,1.3285050973746284,0.33997810497897757,0.6349404478447069,250.74309375,56.62773922312689,-0.6227258485683493,0.3759713756144632,1.0,0.999313235282898,0.0,1.0446385145187378,0.06609691679477692
162,2.0758158163111853,0.984375,0.881717598627484,0.6817580933844336,0.0,0.015625,0.0,63,0.026266066036168184,0.43469879031181335,1.5,1.0,64,1.0,54,0.84375,0.8768747110874487,24.5709375,16.62479019780682,-0.7896358883539206,0.28440694167435837,2.40625,1.0265042316035526,-0.6366594650317822,0.32089221968566134,3.176661406250002,1.2142945572003787,0.4103601591280435,0.580355116053259,257.083625,64.71630774085754,-0.5806288429507314,0.42967421231752295,1.0,0.9977927207946777,0.00313152396120131,1.0230478048324585,0.0839003175497055
163,2.0413743292296935,0.96875,0.8694929913167031,0.69664555156249,0.0,0.03125,0.0,62,0.023300205949762693,0.4632057845592499,1.5,1.0,64,1.0,53,0.828125,0.8873578036347977,30.1746875,22.76839777855139,-0.693770293633938,0.38950809616095583,2.5,1.5512092057488571,-0.6073525760104523,0.4849185711119672,3.275888750000002,1.3568133645403546,0.4577844815514743,0.6484699885799543,270.89528125000004,69.93215338331257,-0.48892842419719806,0.4643040366419529,1.0,0.9993608593940735,0.0024740227963775396,1.0446383953094482,0.07165569812059402
164,2.10688597486541,1.0,0.8674343358725309,0.7013371768460885,0.0,0.0,0.0,64,0.04232357308687309,0.5157892107963562,1.5,1.0,64,1.0,55,0.859375,0.8826582701092376,27.27640625,21.506780934102178,-0.7433523513090707,0.3679251117127076,2.359375,1.1641411466720863,-0.651312909542447,0.36391845750061297,3.4308478125000024,1.3527478440895662,0.5318450002019354,0.6465269298887633,283.18040625000003,69.53160043321108,-0.40736318056904913,0.4616446254466251,1.0,0.9986847043037415,0.006149479653686285,0.9999999403953552,0.07478908449411392
165,2.1134624928749464,0.96875,0.9043313812824988,0.7206931751728632,0.0,0.03125,0.0,62,0.027997001395213092,0.4710621237754822,1.5,0.984375,64,0.984375,52,0.8125,0.8710439683698424,22.4675,17.510801577169445,-0.8256202357808781,0.29956429305714133,1.953125,0.8372142702886759,-0.7783094286348763,0.2617188875351877,3.438049062500002,1.3732786183877619,0.5352867370150476,0.6563393265843094,264.99098437500004,58.49032129348738,-0.5281291171541108,0.3883377097255427,1.0,1.0000927448272705,0.005502751562744379,1.0446385145187378,0.0687485858798027
166,2.0510038631278107,0.96875,0.8674703384599378,0.6917110517893633,0.0,0.03125,0.0,62,0.031213355564651452,0.4126274585723877,1.5,1.0,64,1.0,55,0.859375,0.8773061184324019,27.79484375,21.49784843828763,-0.7344832334393155,0.36777229993066957,2.296875,1.354156650603984,-0.6708508355566669,0.4233185992186309,3.362697343750002,1.4225266233132992,0.49927343594187773,0.6798767223870604,268.54346875000005,72.68779368319196,-0.5045429303198647,0.482599696833543,1.0,0.9973248243331909,0.0009675858891569078,1.0446386337280273,0.07382523268461227
167,2.1299029017958864,0.984375,0.8956173412383549,0.7155948432813408,0.0,0.015625,0.0,63,0.03286990229883284,0.39598724246025085,1.5,1.0,64,1.0,53,0.828125,0.8683115200880236,27.61,17.175559306759126,-0.7376454294730468,0.2938291693224704,2.375,0.9437293044088437,-0.6464284280388921,0.29501621323185884,3.0710301562500018,1.213023348866497,0.3598751791953823,0.5797475597929075,267.7656875,66.02291484185508,-0.5097068921961712,0.4383492340628559,1.0,1.0011249780654907,0.006822612136602402,1.0230478048324585,0.06218622624874115
168,2.1534172758205345,1.0,0.8838823158293962,0.7260759102251149,0.0,0.0,0.0,64,0.02261771364691135,0.4423190951347351,1.5,0.984375,64,0.984375,53,0.828125,0.8630757373152145,26.75734375,19.686535630522606,-0.7522321613040456,0.33678544656634835,2.234375,1.0715378478499955,-0.6903887615708868,0.3349700350836737,3.209284062500002,1.176936693361361,0.42595170184036923,0.5625004470396868,262.483328125,52.86991377577575,-0.5447783244651396,0.3510218575488958,1.0,0.9998034834861755,0.0033800096716731787,0.9999999403953552,0.06530051678419113
169,2.09180625343183,0.984375,0.8837921950552199,0.715537555553269,0.0,0.015625,0.0,63,0.0310284772336017,0.439601331949234,1.5,1.0,64,1.0,54,0.84375,0.879909633610766,25.7728125,16.25651325899388,-0.7690749315564048,0.2781066806418432,2.203125,1.0028036868575025,-0.7001577245779967,0.3134832678497408,2.9686184375000018,1.304939605508886,0.31092892923655774,0.6236776502924173,251.61242187500002,61.75194890315325,-0.6169540749552662,0.4099927967195044,1.0,0.9994184374809265,0.0005144032766111195,1.0230478048324585,0.08178853243589401
170,2.041263491683886,0.9375,0.8869688868522644,0.7318928988563201,0.0,0.0625,0.0,60,0.04616118020248529,0.49273252487182617,1.5,1.0,64,1.0,48,0.75,0.8743288278232352,27.42984375,18.808194564818972,-0.7407274345676301,0.3217593143101517,2.328125,1.031605052515254,-0.661081872549557,0.3224867710710151,2.8008590625000016,1.3789170995167728,0.23075068008783714,0.6590341598523887,251.79057812500002,71.63183092138684,-0.6157712332719193,0.4755887905603966,1.0,0.9982219338417053,0.0015290520386770368,1.083790898323059,0.08072962611913681
171,2.0002153736325763,0.96875,0.8301909955278519,0.7074717679050916,0.0,0.03125,0.0,62,0.039202730391867974,0.5099653601646423,1.5,0.984375,64,0.984375,48,0.75,0.8784828558294223,32.550312500000004,26.107390355076543,-0.6531295256737938,0.44662957893841565,2.328125,1.09050858977589,-0.661081872549557,0.34090041831860146,3.0463706250000016,1.2164278490238798,0.3480895008065997,0.5813746930714232,262.05371875000003,63.55320349136345,-0.5476306514326561,0.421951956217164,1.0,0.9988709092140198,0.0005060728872194886,1.0446385145187378,0.0787644162774086
172,2.062586672952136,0.96875,0.8807745234620187,0.68468421083482,0.0,0.015625,0.0,62,0.035344858309683536,0.4072548747062683,1.5,1.0,63,0.984375,51,0.8095238095238095,0.869805111917225,27.488888888888887,25.073131012409124,-0.7397173257378453,0.42893609029607616,2.238095238095238,1.2812975282927344,-0.6892257897843261,0.40054234095977986,3.0595358730158755,1.248546573967947,0.3543816471353604,0.5967253888576031,254.4087142857143,65.0297451482424,-0.598388511175048,0.4317552329416941,0.984375,0.9973350763320923,0.003409644355997443,1.0446385145187378,0.06783867627382278
173,2.1222254319739955,1.0,0.8656493667513132,0.7065086263065962,0.0,0.0,0.0,64,0.04720951103614258,0.4235650897026062,1.5,1.0,64,1.0,52,0.8125,0.8792221052751895,27.1603125,19.62970795191166,-0.7453384135686331,0.3358132727173018,2.453125,1.1849273118529253,-0.6220060205211173,0.37041635441937437,3.133282968750002,1.3340212714485207,0.3896280410597854,0.6375768261648113,262.28345312500005,64.06231322336915,-0.5461053645294591,0.4253321138732324,1.0,0.9978957176208496,0.002015113364905119,0.9999998807907104,0.06992486864328384
174,2.1618725851518503,1.0,0.8898848947137594,0.7230395670391683,0.0,0.0,0.0,64,0.0347208457775801,0.39320799708366394,1.5,1.0,64,1.0,48,0.75,0.8591887505318095,23.02171875,17.25005222407742,-0.8161389937422939,0.29510354948238915,2.25,1.015504800579495,-0.6855042800673319,0.31745372257291654,3.391400312500002,1.234795681375529,0.5129916187840909,0.5901533418868021,262.734953125,71.57090376779122,-0.5431076980427034,0.47518427386833234,1.0,0.9999144077301025,0.007956240326166153,0.9999999403953552,0.06823616474866867
175,2.1258011751376813,0.984375,0.887938925671199,0.7175457836593638,0.0,0.015625,0.0,63,0.02794684848043534,0.46331679821014404,1.5,0.96875,64,0.96875,46,0.71875,0.857764902168707,24.042812500000004,17.00295465764241,-0.7986707341645813,0.29087635248749233,2.390625,0.9781549516180962,-0.6415439465353372,0.30577790520251497,3.317913906250002,1.2974914985181722,0.47786981775594234,0.6201179316299713,271.142484375,62.951995045081844,-0.4872871561501688,0.41796032297026914,1.0,0.9993388652801514,0.0005128204938955605,1.0230478048324585,0.07713017612695694
176,2.0437785827970867,0.953125,0.8886387973535256,0.6990206721929673,0.0,0.046875,0.0,61,0.030249363557427612,0.41386422514915466,1.5,1.0,64,1.0,51,0.796875,0.8716550537603824,26.528437500000003,18.23130259837716,-0.7561481521657669,0.31189019248064026,2.53125,1.089276566120836,-0.5975836130033424,0.340515279326278,3.212163906250002,1.3471192111636994,0.42732808292009666,0.643836803431766,264.908203125,66.58322136858594,-0.5286787308392867,0.4420693051536461,1.0,0.9980647563934326,0.006301502697169781,1.0648607015609741,0.0726824626326561
177,2.099841236763042,0.984375,0.8788541503368862,0.6954914614054125,0.0,0.0,0.0,63,0.024131396326127624,0.3505832850933075,1.5,1.0,63,0.984375,46,0.7301587301587301,0.8570727539066657,24.788095238095234,19.65715886857968,-0.7859208839888889,0.3362828865387586,2.4285714285714284,0.9712418121129114,-0.629681634312418,0.30361681067166246,3.5259246031746057,1.3486011592649914,0.57728562377942,0.6445450798192457,276.975873015873,52.559988462615046,-0.4485572477715008,0.3489641549472142,0.984375,0.9988102912902832,0.005749880336225033,1.0230478048324585,0.08189752697944641
178,2.175281404917738,1.0,0.894206665456295,0.7409104283836782,0.0,0.0,0.0,64,0.03385562485852754,0.39117106795310974,1.5,0.984375,64,0.984375,53,0.828125,0.8685061584288969,23.91,16.760684092542288,-0.8009428107737714,0.286731732936929,2.375,0.960143218483576,-0.6464284280388921,0.3001473146525929,3.258127812500002,1.034125241136001,0.4492958896501881,0.4942457089792028,262.63534375,47.33609622859798,-0.5437690395381723,0.3142809064857784,1.0,0.9984721541404724,0.007014028262346983,0.9999998807907104,0.0751686841249466
179,2.1578748945499004,1.0,0.8905952470377088,0.7145668750575697,0.0,0.0,0.0,64,0.03566066455796857,0.38477200269699097,1.5,1.0,64,1.0,49,0.765625,0.8696429621556422,24.7775,17.243629077140344,-0.786102140968804,0.29499366613621975,2.453125,1.0596238645741234,-0.6220060205211173,0.33124564270321544,3.227593125000001,1.0247745916189261,0.434702262426354,0.4897766967008583,257.511359375,51.79537798918672,-0.577788964764306,0.3438876384652236,1.0,0.9991187453269958,0.002072538947686553,0.9999998211860657,0.07754398882389069
180,2.008351606612987,0.9375,0.8856620699167251,0.692490419153092,0.0,0.046875,0.0,60,0.03519821469733099,0.41335687041282654,1.5,1.0,63,0.984375,50,0.7936507936507936,0.8801111344920581,28.69079365079365,20.0253146380836,-0.7191558597915095,0.3425810746793941,2.5238095238095237,1.0669217382099085,-0.5999095565764638,0.33352700774572897,2.801718571428573,1.2195764512527876,0.2311614703701719,0.582879523510733,241.5615396825397,58.17040395602525,-0.6836853987884264,0.3862136665781618,0.984375,0.9987020492553711,0.002209944650530815,1.0837910175323486,0.07923126965761185
181,2.0836448670850087,0.96875,0.8947708476935664,0.7106175986663388,0.0,0.03125,0.0,62,0.03476944267615695,0.39254650473594666,1.5,1.0,64,1.0,57,0.890625,0.8817687592087284,27.298906249999998,19.843332721375482,-0.7429674348011609,0.3394678371735264,2.578125,1.234968211888468,-0.5829301684926775,0.38605948086064484,3.0465539062500016,1.2145483842701295,0.34817709751901466,0.5804764291544742,261.63834375,67.31790879852731,-0.5503884714037224,0.4469471520793963,1.0,0.9987354874610901,0.0031120332423597574,1.0446385145187378,0.08709988743066788
182,1.9856680120152082,0.953125,0.8718907046513479,0.661811789071143,0.0,0.046875,0.0,61,0.028614452622090135,0.4130588173866272,1.5,1.0,64,1.0,46,0.71875,0.9023374402091225,21.8421875,14.269993153111313,-0.836317707063205,0.2441224858841122,2.078125,1.1082741016440834,-0.7392335766064365,0.3464540384223696,2.899126250000001,1.2816295685370405,0.2777161092480196,0.6125369438371476,234.642640625,62.20419000918648,-0.729622390660043,0.41299538366853944,1.0,0.9993544816970825,0.0027716185431927443,1.0648607015609741,0.08040314167737961
183,2.157132052633855,1.0,0.8946283301338553,0.7115688675435838,0.0,0.0,0.0,64,0.04063165703019722,0.5037802457809448,1.5,1.0,64,1.0,57,0.890625,0.8834065916758099,25.2275,16.262783145113875,-0.7784038108106079,0.2782139420938565,2.421875,1.1292238415721658,-0.6317749835282273,0.35300306992208197,2.976378750000001,1.2638582377232586,0.31463786215966194,0.6040433845967669,253.97945312500002,64.28073701689571,-0.6012385262260761,0.4267823058682816,1.0,0.9982430934906006,0.0122535964474082,0.9999998807907104,0.07090114802122116
184,2.0081771541036773,0.953125,0.8670649870497281,0.7057523149034646,0.0,0.046875,0.0,61,0.031979194286036045,0.3869335651397705,1.5,1.0,64,1.0,52,0.8125,0.8939551468972483,29.477500000000003,19.686970945272407,-0.7056973593165323,0.3367928936700521,2.296875,0.9300485118395706,-0.6708508355566669,0.29073950422330924,2.8877571875000014,1.3614230393971847,0.2722824246881413,0.6506731182659437,243.55523437500003,65.04395227621625,-0.6704485621009141,0.43184955903560385,1.0,1.000003457069397,0.006050604861229658,1.0648608207702637,0.08220750093460083
185,2.0716072978884084,0.96875,0.8967743323695275,0.6986874157314319,0.0,0.03125,0.0,62,0.03254933926002068,0.49559152126312256,1.5,1.0,64,1.0,57,0.890625,0.8807898868282776,26.19484375,17.56588890721406,-0.7618550740017909,0.30050669406651237,2.375,1.2054563451241194,-0.6464284280388921,0.3768338701505111,3.0689639062500023,1.3371886659221588,0.35888764387997296,0.6390906380949024,257.89146875000006,70.08445399011667,-0.575265285617596,0.46531521366283723,1.0,0.9978040456771851,0.004012036137282848,1.0446385145187378,0.07708702981472015
186,2.0412492614708717,0.96875,0.8835987583283456,0.6853862215967076,0.0,0.015625,0.0,62,0.03592705638900419,0.46369338035583496,1.5,1.0,63,0.984375,50,0.7936507936507936,0.8843535875386663,32.572857142857146,17.97253057665498,-0.6527438454426541,0.3074632759052597,2.619047619047619,1.3023613648740326,-0.5701374788405097,0.40712703985099624,2.872783174603176,1.468866909804998,0.2651258044587334,0.7020244147944417,261.53457142857144,60.170808073723784,-0.551077452157209,0.39949504948756104,0.984375,0.999543309211731,0.001488833804614842,1.0446386337280273,0.06733657419681549
187,1.9533200910876958,0.9375,0.8608887299895287,0.6988758856320009,0.0,0.046875,0.0,60,0.042340254412764275,0.48951244354248047,1.5,1.0,63,0.984375,50,0.7936507936507936,0.893890637362335,30.009841269841267,19.492087812145524,-0.6965903840897069,0.33345894988988667,2.5238095238095237,1.2453996981544782,-0.5999095565764638,0.38932043457078336,2.9060836507936516,1.3110696978873475,0.281041301740307,0.6266074422877974,260.8025714285714,64.14365367331644,-0.5559374562952059,0.4258721615827,0.984375,0.9977630972862244,0.014191106893122196,1.0837910175323486,0.07184935361146927
188,1.9837072051028328,0.9375,0.8714362214008967,0.7030255905157113,0.0,0.046875,0.0,60,0.035769629120811816,0.4566505551338196,1.5,1.0,63,0.984375,49,0.7777777777777778,0.8802751105268977,28.934603174603172,17.23007962518307,-0.71498491265818,0.2947618702370426,2.4603174603174605,1.06644933538037,-0.6197576084004331,0.33337933140121,3.0272426984127003,1.3065022092318264,0.33894757557222716,0.6244244749072482,260.20738095238096,59.093593892709436,-0.5598891341328858,0.39234304760608796,0.984375,0.997106671333313,0.01703992299735546,1.0837910175323486,0.06823648512363434
189,1.990253815947362,0.953125,0.8593026639008131,0.680590304979813,0.0,0.03125,0.0,61,0.058150754118152084,0.48208752274513245,1.5,1.0,63,0.984375,60,0.9523809523809523,0.8841990457941418,35.858253968253955,26.37531473006727,-0.5965392466368887,0.4512130684853201,2.9365079365079363,1.3786698889275215,-0.47089721972066284,0.4309816046063784,2.9123182539682553,1.6812362526016489,0.28402104321035465,0.8035233747083058,277.8684603174603,87.45617457320319,-0.442631048346313,0.580652145244696,0.984375,0.9982683658599854,0.0009606147650629282,1.0648608207702637,0.06929471343755722
190,1.9572794334619426,0.9375,0.8623794679840405,0.684421255464014,0.0,0.03125,0.0,60,0.04080168377805557,0.4384828507900238,1.5,1.0,62,0.96875,53,0.8548387096774194,0.8819989911563176,31.123387096774188,19.32512245452572,-0.6775405098185707,0.3306026066722454,2.6129032258064515,1.2744997590411877,-0.572058258049281,0.39841731195660457,3.105300806451614,1.3327203937753926,0.37625435758915926,0.6369550898583421,272.5890806451613,64.48516298876083,-0.47768269732640606,0.42813956142726856,0.96875,0.9983415007591248,0.004697040654718876,1.0837910175323486,0.07460954040288925
191,2.006946011975242,0.953125,0.871311352634039,0.7089634217245686,0.0,0.046875,0.0,61,0.03273251640766724,0.3601333796977997,1.5,1.0,64,1.0,52,0.8125,0.8734754790176864,29.84234375,24.47018681874611,-0.6994558312195227,0.4186212825854422,2.53125,1.402773480466465,-0.5975836130033424,0.4385165516170161,3.3077428125000017,1.3303461303671005,0.47300868562068893,0.6358203438383672,272.79514062500004,71.46202980492231,-0.47631459301671775,0.4744614215321807,1.0,0.9983190298080444,0.0024449878837913275,1.0648607015609741,0.0623897910118103
192,2.024483099802983,0.984375,0.8531030700320289,0.6680934758830696,0.0,0.015625,0.0,63,0.038756882647430144,0.3824577331542969,1.5,1.0,64,1.0,49,0.765625,0.8871405677281528,31.080937499999997,22.784294256046064,-0.6782667120653485,0.3897800435656366,2.609375,1.3763310319014825,-0.5731612054855676,0.430250461957857,3.045192343750002,1.6216826675225173,0.3475263577475025,0.7750605708729068,273.20498437500004,64.40084430844355,-0.47359349694987074,0.42757974020424616,1.0,0.9987908601760864,0.0014333492144942284,1.023047924041748,0.08198172599077225
193,2.0693835800695144,0.984375,0.8715479600997198,0.6933467085113711,0.0,0.015625,0.0,63,0.022617081372369577,0.41992077231407166,1.5,1.0,64,1.0,48,0.75,0.8755231015812069,31.091562500000002,23.51259703719676,-0.6780849459366133,0.4022394108199268,2.796875,1.4703282743574646,-0.5145474274429079,0.45963464065618764,3.089208750000002,1.2171624551563325,0.36856338406536876,0.5817257878076427,277.83979687500005,76.73593286459332,-0.4428213549705835,0.509476709364686,1.0,0.9973955154418945,0.005940594244748354,1.0230478048324585,0.07713339477777481
194,2.0536258629862587,0.953125,0.8919378563028867,0.7107346346292794,0.0,0.03125,0.0,61,0.04238241401208853,0.4013349115848541,1.5,1.0,63,0.984375,54,0.8571428571428571,0.8794117425988061,28.847301587301583,21.133296545435098,-0.7164784158634737,0.361535764750727,2.5396825396825395,1.232179599687324,-0.5949475436204715,0.38518774167875197,2.9355739682539697,1.2645227650998159,0.2951357868968489,0.6043609861708295,258.1540952380953,58.36315681995735,-0.5735216164661066,0.3874934202889824,0.984375,0.9986267685890198,0.002037697471678257,1.0648608207702637,0.07894209772348404
195,2.140009157802173,1.0,0.8783509340137243,0.7129496405143856,0.0,0.0,0.0,64,0.04226942999458773,0.4042032063007355,1.5,0.984375,64,0.984375,56,0.875,0.8776772978778267,28.098593750000003,19.36703673990838,-0.7292868605825329,0.3313196511327356,2.390625,1.0550057390246748,-0.6415439465353372,0.3298019851782633,3.0768762500000015,1.2992715999353024,0.362669238014654,0.620968706228605,263.178,60.50417827694839,-0.5401661548107001,0.4017084109181025,1.0,0.9980136156082153,0.0015205270610749722,0.9999998807907104,0.06822482496500015
196,1.9925337182704654,0.953125,0.8583548894671144,0.7007345241656243,0.0,0.046875,0.0,61,0.05006975063626582,0.4428207278251648,1.5,1.0,64,1.0,48,0.75,0.8947554028828789,28.56109375,19.52898743832386,-0.7213746879199425,0.3340902065677419,2.390625,1.1126711595862455,-0.6415439465353372,0.3478285887064368,2.7219803125000013,1.3161697599164994,0.1930516837125844,0.6290449456705279,247.94296875,63.4531096157255,-0.6413168582499172,0.4212873979524256,1.0,0.9997566342353821,0.005144033115357161,1.0648607015609741,0.07704199850559235
197,2.008669124140776,0.953125,0.8575808244650481,0.6974441751724948,0.0,0.03125,0.0,61,0.03803302470784249,0.45465558767318726,1.5,1.0,63,0.984375,43,0.6825396825396826,0.8707658854012311,30.16650793650794,22.288229376912682,-0.6939102247012977,0.38129366307796,2.5555555555555554,1.1788853731826756,-0.5899855306644792,0.3685276032078257,2.684299206349208,1.4776707413211227,0.1750425255528233,0.7062320830500203,256.23438095238095,61.95066218702133,-0.5862672713463564,0.4113121237439221,0.984375,0.9977056980133057,0.019947506487369537,1.0648605823516846,0.0660688504576683
198,2.0429392712792622,0.984375,0.8529965272025456,0.7039634216905756,0.0,0.015625,0.0,63,0.034764582701396554,0.3221549689769745,1.5,1.0,64,1.0,46,0.71875,0.882097774274995,34.927343750000006,26.226946021827167,-0.6124647004319052,0.44867486559381475,2.734375,1.3490990917553092,-0.5340853534571278,0.4217375718490634,2.9505528125000016,1.371191837483989,0.30229471620210063,0.6553419788103236,274.98723437500007,65.02243174444261,-0.4617605155633345,0.43170667669479545,1.0,0.9984033107757568,0.007187350187450647,1.0230478048324585,0.06921324133872986
199,2.0763660417923555,0.984375,0.8701582399625627,0.7060901458945206,0.0,0.015625,0.0,63,0.026352367484752507,0.3599484860897064,1.5,1.0,64,1.0,51,0.796875,0.8758657788645842,32.65171875,21.511909750377775,-0.6513947283568948,0.36801285242606374,2.40625,1.1821425199611086,-0.6366594650317822,0.3695458094922173,2.9167862500000012,1.2311698802923445,0.28615645948159923,0.588420440923078,260.33246875000003,77.15083973375812,-0.559058632474359,0.5122314212513309,1.0,0.9981162548065186,0.0020597323309630156,1.0230478048324585,0.06642412394285202
200,1.9642158512737624,0.9375,0.8711626802881559,0.6703294765733402,0.0,0.0625,0.0,60,0.027484282885345244,0.38450953364372253,1.5,1.0,64,1.0,48,0.75,0.8773853195311268,27.2575,22.819265161262315,-0.7436757880969671,0.39037830484182706,2.234375,1.3079347687767153,-0.6903887615708868,0.4088693239005639,3.294852968750002,1.4356448389113352,0.46684816491252856,0.6861463902289081,258.46529687500004,80.44877390878929,-0.5714554399044831,0.5341275602369755,1.0,0.9981884360313416,0.0004916421021334827,1.0837910175323486,0.06778497993946075
201,1.9011275534117107,0.90625,0.8561304596991375,0.6942786703126652,0.0,0.09375,0.0,58,0.0374772250404636,0.35751956701278687,1.5,0.984375,64,0.984375,48,0.75,0.8852336217327887,25.603125000000002,18.136042229063513,-0.7719778435535579,0.31026053520515545,2.296875,1.2459896606212268,-0.6708508355566669,0.3895048608592074,2.991916562500002,1.4114122148503652,0.32206394253133214,0.67456474616587,246.033671875,82.6328039688338,-0.653993348295223,0.5486281000311355,1.0,0.9995473027229309,0.0036157025024294853,1.1180340051651,0.07980329543352127
202,2.0534464373213623,0.953125,0.8863756988869339,0.7138179656953726,0.0,0.046875,0.0,61,0.03832999381350015,0.38051414489746094,1.5,1.0,64,1.0,49,0.765625,0.8611326813483192,25.945,17.631365251307116,-0.7661292510583728,0.3016268240984679,2.296875,1.0994272301407675,-0.6708508355566669,0.34368844608814403,3.2248406250000023,1.371679482765649,0.43338674351254214,0.6555750420587361,258.64895312500005,66.43016023953976,-0.570236081796602,0.4410530787594783,1.0,0.998039186000824,0.006182380020618439,1.0648608207702637,0.06864309310913086
203,1.9766323240412957,0.96875,0.8443010636875706,0.6692633477191846,0.0,0.03125,0.0,62,0.03133455162651942,0.424864798784256,1.5,1.0,64,1.0,48,0.75,0.885514576974318,30.856875000000002,25.558392266227838,-0.682099838956617,0.43723764884024663,2.484375,1.2246451973428876,-0.6122370575140074,0.3828324361496806,3.125036718750002,1.4744625332473442,0.38568686109864975,0.7046987648300379,271.98145312500003,67.9648954674695,-0.4817169490509201,0.4512427229650352,1.0,0.9998152852058411,0.0014319808688014746,1.0446385145187378,0.0687076598405838
204,1.978257032578116,0.96875,0.8294324548013748,0.6709357225974554,0.0,0.015625,0.0,62,0.033537118185779105,0.3934210538864136,1.5,1.0,63,0.984375,47,0.746031746031746,0.8701787108598528,33.300158730158735,24.469953295021202,-0.6403016060123701,0.41861728760158856,2.3333333333333335,1.3569339855976197,-0.659453712048372,0.4241868130685887,3.1108077777777794,1.4465973643839827,0.3788863375845791,0.6913809967369119,267.6090952380953,74.06125617474639,-0.5107465630169843,0.49171859491050696,0.984375,0.9983460307121277,0.001956947147846222,1.0446386337280273,0.07062005996704102
205,2.0323159397014665,0.953125,0.8736545985839406,0.7105787535470485,0.0,0.046875,0.0,61,0.05950393885400776,0.435077041387558,1.5,1.0,64,1.0,46,0.71875,0.8891543536703788,27.4809375,23.568610197062824,-0.7398533533309184,0.4031976503707108,2.171875,1.3527135633144955,-0.7099266875851067,0.42286748029552557,2.9606540625000015,1.3178753136591679,0.3071224674929809,0.629860091249821,255.63696875,69.16312506132894,-0.590233700001631,0.4591981885175308,1.0,0.9984564185142517,0.000496277934871614,1.0648607015609741,0.07169283926486969
206,2.0460151139058653,0.96875,0.8745424161034245,0.7101758728349422,0.0,0.03125,0.0,62,0.030246154644382503,0.36991286277770996,1.5,1.0,64,1.0,49,0.765625,0.8849490410866954,28.4484375,18.39143739443967,-0.7233019434907965,0.314629682547095,2.421875,1.1429770270547872,-0.6317749835282273,0.35730240944879077,3.111679531250002,1.1708826163270898,0.37930297997545664,0.5596069855158862,267.41289062500005,60.48207207980035,-0.5120492340983188,0.40156164013994017,1.0,0.9994052052497864,0.0014742014463990927,1.0446385145187378,0.06878738850355148
207,2.0601314270110045,0.984375,0.8646488142391991,0.6921118280072656,0.0,0.015625,0.0,63,0.031546052648993336,0.4062730669975281,1.5,1.0,64,1.0,51,0.796875,0.870589312659432,30.907031250000003,25.209944694485614,-0.6812417959077347,0.4312766167289279,2.765625,1.3316130666882928,-0.5243163904500179,0.4162713212243888,3.3470692187500024,1.3939318590471277,0.49180419197278613,0.6662102543659318,293.78910937500007,70.15696208082215,-0.3369282883746813,0.465796620248721,1.0,0.9987932443618774,0.0009358914103358984,1.023047924041748,0.06561502814292908
208,2.027642015275551,0.953125,0.8740275448463002,0.6971366670905831,0.0,0.015625,0.0,61,0.05175044817868881,0.447672039270401,1.5,1.0,62,0.96875,45,0.7258064516129032,0.8742329608626574,24.404838709677417,18.096402667108027,-0.7924774068578766,0.30958240534902304,2.1774193548387095,1.198442450855479,-0.7081934844709421,0.374641278993835,3.3295154838709697,1.288704862834199,0.4834146296689109,0.6159184818820891,265.2046290322581,69.28733067364132,-0.5267106555170412,0.4600228330391163,0.96875,0.998720645904541,0.00048709206748753786,1.0648608207702637,0.07348845899105072
209,2.0628212197694,0.96875,0.8802794823723454,0.7201952029279479,0.0,0.03125,0.0,62,0.03293376307881849,0.3615703284740448,1.5,1.0,64,1.0,53,0.828125,0.8766467031033311,29.344375,16.66588224065486,-0.7079747819883322,0.28510991970262267,2.53125,1.045358042729858,-0.5975836130033424,0.3267860495556107,3.1177032812500016,1.299166409119536,0.38218194711699244,0.62091843174806,269.43271875,66.48488566877177,-0.4986388884076883,0.44141642003341436,1.0,0.999709963798523,0.0,1.0446385145187378,0.06819417327642441
210,1.9991426062491695,0.9375,0.8800528019666671,0.7239171537837685,0.0,0.0625,0.0,60,0.04198075624019374,0.4990382194519043,1.5,1.0,64,1.0,47,0.734375,0.8801453353422273,25.23890625,16.121027816681263,-0.7782086795253481,0.27578887693839477,2.234375,1.0568554108178658,-0.6903887615708868,0.3303802051885986,3.181267343750002,1.334603250202382,0.4125615025965587,0.6378549747781234,260.48376562500005,67.28237902483791,-0.5580541195801432,0.44671125747946105,1.0,0.9984471797943115,0.000499251123983413,1.0837910175323486,0.07640276104211807
211,2.1155030460839797,1.0,0.8865163065493107,0.7026721286244648,0.0,0.0,0.0,64,0.026174273709857677,0.3511561155319214,1.5,1.0,64,1.0,47,0.734375,0.8783319684095872,30.268906249999997,23.70240501491802,-0.6921584557570658,0.405486531884722,2.515625,1.3462005271782507,-0.6024680945068974,0.4208314608049993,2.9395564062500013,1.2192805576949983,0.2970391374897153,0.5827381053193627,264.8365625,67.46202403664671,-0.5291543780168121,0.44790398357339717,1.0,0.998042106628418,0.00100351229775697,0.9999998211860657,0.061472728848457336
212,1.9803597301134934,0.96875,0.8465006663914649,0.6550867855614736,0.0,0.03125,0.0,62,0.04469483538560734,0.4453093409538269,1.5,1.0,64,1.0,53,0.828125,0.8962474731019411,29.45265625,22.23389777191206,-0.7061223712940161,0.3803641905594722,2.65625,1.5832990676116752,-0.5585077609749026,0.49495008066208357,3.0631914062500014,1.4690218941791557,0.35612875816517425,0.7020984874104452,273.10034375000004,85.74877723111767,-0.474288242674601,0.5693161368461441,1.0,0.9982738494873047,0.002373042283579707,1.0446385145187378,0.07029998302459717
213,2.0437878421695324,0.96875,0.8591657682291923,0.679578016762913,0.0,0.03125,0.0,62,0.06275811933212239,0.4527857303619385,1.5,1.0,64,1.0,45,0.703125,0.8832663762169666,28.541093750000005,21.746656719854915,-0.7217168359269733,0.3720287628142216,2.390625,1.2325936513608204,-0.6415439465353372,0.3853171770541574,3.042844531250002,1.3308669821174501,0.34640425356954235,0.6360692776544897,259.82354687500003,67.02213053162222,-0.5624375428820325,0.44498337666807364,1.0,0.9980887174606323,0.003498250851407647,1.0446386337280273,0.06629512459039688
214,2.035350612838082,0.96875,0.8585586004680202,0.6750773167149784,0.0,0.03125,0.0,62,0.041569886690910336,0.4324420094490051,1.5,1.0,64,1.0,46,0.71875,0.8706064098908045,24.5103125,18.12192620218237,-0.7906730245002331,0.31001904668192654,2.328125,1.09050858977589,-0.661081872549557,0.34090041831860146,3.1976906250000017,1.2897145610861878,0.42041078038447366,0.6164010530529281,256.963703125,65.56646396827036,-0.5814250462413546,0.4353186969939844,1.0,0.9996481537818909,0.0005307855899445713,1.0446385145187378,0.07119761407375336
215,2.0588501679647497,0.984375,0.8663551069441295,0.689102183456528,0.0,0.0,0.0,63,0.02813226931293606,0.4358067512512207,1.5,1.0,63,0.984375,50,0.7936507936507936,0.8721163735429506,31.65904761904762,22.80252358035516,-0.6683767508115203,0.39009189991473053,2.7142857142857144,1.3384256497671614,-0.5403654011045556,0.4184009811309594,3.06921523809524,1.3074038785316304,0.3590077644234984,0.624855415149899,267.3891428571429,72.917392393201,-0.5122069038388298,0.4841240830093936,0.984375,1.0003403425216675,0.005811138078570366,1.0230478048324585,0.08033865690231323
216,2.01932383242964,0.953125,0.8733965886420891,0.7050883056996019,0.0,0.046875,0.0,61,0.049413945568444584,0.4652584493160248,1.5,1.0,64,1.0,52,0.8125,0.8886692937508012,24.86828125,21.61311100601666,-0.7845491097806403,0.3697441428223574,2.203125,1.2891335207708317,-0.7001577245779967,0.40299192562034064,2.8332489062500015,1.3553848844540877,0.24623095331891956,0.6477872664831374,241.71798437500001,70.4244417493166,-0.6826467077327915,0.4675725113630829,1.0,0.9982665181159973,0.0038546256255358458,1.0648607015609741,0.07905755937099457
217,2.0471926106851317,0.953125,0.9031044870126442,0.7070698094116922,0.0,0.046875,0.0,61,0.013930776410049096,0.38327693939208984,1.5,1.0,64,1.0,48,0.75,0.8704216155880073,21.964375000000004,19.62328319520908,-0.8342273965827502,0.3357033618322295,2.15625,1.3488276159317023,-0.7148111690886617,0.4216527066561629,2.9800539062500015,1.234888222916879,0.31639435173571695,0.5901975708233904,244.80651562500003,70.58242906324854,-0.6621408680397153,0.4686214444224548,1.0,0.9980753064155579,0.0016103059751912951,1.0648607015609741,0.07808903604745865
218,2.056581514800241,0.953125,0.88295414701837,0.7048960417596914,0.0,0.046875,0.0,61,0.044693868768338155,0.4523197412490845,1.5,0.984375,64,0.984375,40,0.625,0.8690775901571977,26.079531250000002,22.66558676094165,-0.7638277711048287,0.3877492669221561,2.234375,1.0860218042815715,-0.6903887615708868,0.33949781859012673,2.8220790625000016,1.3953426043165882,0.24089248257688345,0.6668845003548679,239.049078125,61.24320729561176,-0.7003665102176616,0.4066150831705663,1.0,0.9972591400146484,0.002753303851932287,1.0648608207702637,0.08027046173810959
219,2.069385102478297,0.96875,0.8837826790348176,0.6871298461918617,0.0,0.015625,0.0,62,0.03373756820365179,0.34139612317085266,1.5,1.0,63,0.984375,45,0.7142857142857143,0.862991346092307,24.975714285714286,21.008195809170825,-0.7827112098276938,0.3593956163711808,2.2698412698412698,1.23707731862849,-0.6793017638723414,0.3867188020037271,2.8310117460317477,1.2570479831562806,0.2451617338528554,0.6007885185874164,241.9664285714286,58.42166010061309,-0.6809971997782776,0.3878818440404487,0.984375,0.9976615309715271,0.002176278503611684,1.0446386337280273,0.0806577205657959
220,2.1115745305844813,0.96875,0.9029280913452948,0.7267204594085416,0.0,0.03125,0.0,62,0.0377019309665292,0.30817553400993347,1.5,1.0,64,1.0,49,0.765625,0.866134617574621,20.3859375,15.383118153387947,-0.8612303588251455,0.2631651609051606,2.0,1.1726039399558574,-0.7636559841242113,0.3665639843654443,3.274647500000002,1.3050236967101416,0.45719124345818846,0.6237178405070357,253.28770312500004,71.37950053776817,-0.6058312965299819,0.4739134808492914,1.0,0.9984990358352661,0.006201550364494324,1.0446385145187378,0.07680615782737732
221,2.1133416421343942,0.984375,0.8910615955080304,0.7152772012348572,0.0,0.015625,0.0,63,0.039704236491950956,0.31876206398010254,1.5,1.0,64,1.0,55,0.859375,0.8757596190897331,22.7746875,15.78201388930905,-0.8203650562353872,0.269989229958088,2.4375,1.0135796712641785,-0.6268905020246722,0.31685191402682916,3.298045312500002,1.45188848892676,0.46837390100063603,0.6939098157782781,267.83240625,71.66793055969991,-0.5092639230690099,0.47582846869097273,1.0,0.9986382722854614,0.009146341122686863,1.0230478048324585,0.0769428163766861
222,2.0852114546339973,0.984375,0.86920865400443,0.7324883727738286,0.0,0.015625,0.0,63,0.04294798393446374,0.2881909906864166,1.5,1.0,64,1.0,51,0.796875,0.8780193963037373,24.98171875,16.476657025422313,-0.7826084890532616,0.28187276818903184,2.453125,1.1849273118529253,-0.6220060205211173,0.37041635441937437,3.1528746875000015,1.119652583044694,0.3989916292776667,0.5351223069552205,256.52414062500003,58.6819579504817,-0.5843434554884966,0.3896100525479255,1.0,0.9984898567199707,0.002663825172930956,1.0230478048324585,0.07814712077379227
223,2.1015375169880426,0.984375,0.8992142970599826,0.7317149336098913,0.0,0.015625,0.0,63,0.0310624758711021,0.3911016583442688,1.5,1.0,64,1.0,55,0.859375,0.8714511490251259,25.2265625,14.672443369582101,-0.7784198489984375,0.2510073628588448,2.578125,1.1429770270547872,-0.5829301684926775,0.35730240944879077,3.330127968750002,1.1675563023538478,0.4837073582584808,0.5580172202315706,272.43942187500005,55.527135458092914,-0.4786763342693993,0.3686640821003106,1.0,0.999222993850708,0.0015136225847527385,1.0230478048324585,0.07154488563537598
224,2.0323765569636083,0.953125,0.8958259478944247,0.692525579752446,0.0,0.046875,0.0,61,0.03409107651521298,0.4346851706504822,1.5,1.0,64,1.0,53,0.828125,0.8793532349569942,22.7509375,17.474601096909012,-0.8207713569937365,0.2989449969484078,2.28125,1.1655035124357198,-0.6757353170602219,0.36434434232451984,3.235650468750002,1.5210857285663493,0.4385531572849243,0.7269816695582931,264.03353125,73.38238659412099,-0.5344859834784795,0.48721134221788476,1.0,0.9982553124427795,0.0,1.0648607015609741,0.07928808778524399
225,2.104763121091919,0.984375,0.887758491531251,0.720552600824978,0.0,0.015625,0.0,63,0.0274570431797741,0.3759944438934326,1.5,1.0,64,1.0,48,0.75,0.8738477349187223,25.601875,15.443029968544872,-0.7719992278039974,0.264190096312838,2.421875,1.2093992245635847,-0.6317749835282273,0.3780664411388513,3.2731515625000016,0.9740017032008652,0.4564762810330724,0.46551050414033246,268.328046875,60.6055456869537,-0.5059731915273993,0.40238142462313503,1.0,0.9988389015197754,0.0005076142260804772,1.023047924041748,0.07692215591669083
226,2.0940950140839423,0.984375,0.8831280039416419,0.7300202618885807,0.0,0.015625,0.0,63,0.04844003527872925,0.40605926513671875,1.5,1.0,64,1.0,57,0.890625,0.8827870547273377,26.553906249999997,18.67001586913388,-0.7557124480630636,0.3193954360430122,2.25,1.0458250331675945,-0.6855042800673319,0.3269320339495601,3.3894807812500023,1.3028654669819448,0.5120742056451161,0.622686344765784,275.65257812500005,63.75150267562446,-0.45734306559312954,0.4232685338893906,1.0,0.9992658495903015,0.0,1.023047685623169,0.07702888548374176
227,2.0627909968885434,0.96875,0.8910460760516505,0.6929010899643449,0.0,0.015625,0.0,62,0.031857948536685596,0.4088227152824402,1.5,1.0,63,0.984375,55,0.873015873015873,0.8719382879361827,27.949682539682538,20.72985906951796,-0.7318343442742672,0.3546339983333949,2.5238095238095237,1.2453996981544782,-0.5999095565764638,0.38932043457078336,3.2724995238095262,1.5179808415697462,0.45616464825201597,0.7254977322034225,276.15957142857144,73.00390436345441,-0.4539769596460072,0.4846984662517676,0.984375,0.9975898861885071,0.0028395645786076784,1.0446386337280273,0.07315169274806976
228,2.0749633067636566,0.96875,0.8864600384427656,0.7191747239363757,0.0,0.03125,0.0,62,0.040086135855224456,0.411234587430954,1.5,1.0,64,1.0,57,0.890625,0.8754513542116621,25.290468750000002,19.257998210945328,-0.7773265791947214,0.3294542853640209,2.375,1.2562344526401112,-0.6464284280388921,0.39270745267514395,3.4006665625000023,1.3428305194872183,0.5174202934925797,0.6417870831716675,268.754140625,68.23615433044533,-0.5031442060244287,0.453043705473957,1.0,0.9986748099327087,0.0,1.0446385145187378,0.07670807838439941
229,2.1146884139019457,0.984375,0.8967970221761673,0.7231179551198946,0.0,0.015625,0.0,63,0.041170411647120694,0.3859883248806,1.5,1.0,64,1.0,54,0.84375,0.8812098585867034,22.98015625,15.563585152145567,-0.8168500200694052,0.2662524821031494,2.078125,1.0797089813347853,-0.7392335766064365,0.3375243871073239,3.417802656250002,1.2553234179264365,0.5256102500546096,0.5999642867334789,266.677234375,57.00446196262357,-0.5169335133594434,0.3784725697030305,1.0,1.0004757642745972,0.0010000000474974513,1.0230478048324585,0.07345318049192429
230,2.007420095993144,0.953125,0.876868834749597,0.706253492397687,0.0,0.015625,0.0,61,0.03156298201321933,0.38901856541633606,1.5,1.0,62,0.96875,50,0.8064516129032258,0.880476408522875,25.341129032258067,22.341874910842595,-0.7764599134642103,0.3822113987039715,2.2580645161290325,1.1062211741601449,-0.6829832573558196,0.3458122792976696,3.0216833870967763,1.2848278472845636,0.3362905804100584,0.6140655164743904,258.0603870967742,59.66919845046628,-0.5741437776062492,0.39616468767787477,0.96875,0.9985780715942383,0.0004995004856027663,1.0648608207702637,0.07181470841169357
231,2.0638974722201335,0.984375,0.8690842707005758,0.7026864926847899,0.0,0.015625,0.0,63,0.04596109483815966,0.4412378668785095,1.5,1.0,64,1.0,55,0.859375,0.8817595528842805,28.184062500000003,18.78833146186999,-0.7278247124587367,0.3214195082557795,2.546875,1.1446845567120227,-0.5926991314997875,0.3578361948585532,2.8320156250000017,1.324894320166325,0.2456415237783474,0.6332147273320509,257.76425000000006,63.61166839331644,-0.5761099354146326,0.42234012515899344,1.0,0.9983944296836853,0.0,1.0230478048324585,0.09158849716186523
232,2.041571986083347,0.96875,0.8845685028260754,0.705353695575054,0.0,0.03125,0.0,62,0.030134320491225868,0.334214985370636,1.5,1.0,64,1.0,49,0.765625,0.8807482253938905,27.34734375,22.390408677753875,-0.7421387950966328,0.38304168528509147,2.34375,1.2527313908017152,-0.656197391046002,0.39161237166679486,3.270973125000002,1.3720742964507655,0.4554351272696545,0.6557637377427333,269.34329687499996,54.96022691788121,-0.4992325915258953,0.36490017793187546,1.0,0.9994902014732361,0.0020090406760573387,1.0446385145187378,0.07532724738121033
233,2.1439497464217987,1.0,0.8987390780821443,0.7060258878243354,0.0,0.0,0.0,64,0.03320048665448947,0.3773539662361145,1.5,1.0,64,1.0,53,0.828125,0.8833096922204328,24.1834375,22.45945007248828,-0.7962650059901452,0.38422280406564213,2.15625,1.1887329126006396,-0.7148111690886617,0.3716060111529504,3.2344510937500015,1.1583800479847361,0.4379799327627609,0.5536315576773398,251.62014062500003,52.15239203103106,-0.6169028274731075,0.34625797961370225,1.0,0.9999949932098389,0.0063091483898460865,0.9999998807907104,0.07247213274240494
234,2.045894877418249,0.984375,0.8513479649074494,0.702799294072661,0.0,0.015625,0.0,63,0.044717100837123866,0.3714936673641205,1.5,1.0,64,1.0,49,0.765625,0.8809096775935841,24.38203125,19.771919654184405,-0.7928675832015801,0.3382461452427567,2.15625,1.1887329126006396,-0.7148111690886617,0.3716060111529504,3.3007725000000017,1.0699857845945326,0.4696773221587695,0.5113847546392541,262.039,53.843864514387825,-0.5477283743642222,0.3574882573028022,1.0,0.9980764389038086,0.004545454401522875,1.0230478048324585,0.08365295082330704
235,2.112228382020387,0.984375,0.8905365949585324,0.6929603566599579,0.0,0.0,0.0,63,0.05144586104032406,0.4005737006664276,1.5,1.0,63,0.984375,51,0.8095238095238095,0.8842619819585555,22.074285714285708,17.162396113678643,-0.8323471099905402,0.2936039813085378,2.0634920634920637,1.1529536379260243,-0.7438079323002419,0.360421166009989,3.351909841269843,1.2869099873068581,0.49411769986723736,0.6150606462039215,253.977,55.22345672277952,-0.6012548133813372,0.36664785271473044,0.984375,0.9994021654129028,0.0015923567116260529,1.0230478048324585,0.08687402307987213
236,2.1297534364292146,1.0,0.8836832633242011,0.7267367862431208,0.0,0.0,0.0,64,0.04050326528334211,0.4024791717529297,1.5,1.0,64,1.0,57,0.890625,0.8756690480304316,22.899062500000003,16.49219026527689,-0.8182373233166635,0.28213850154198067,2.234375,1.0715378478499955,-0.6903887615708868,0.3349700350836737,3.575354687500002,1.2490904661567375,0.600910041887105,0.59698533452933,273.37046875000004,54.22922892597016,-0.47249478827873165,0.36004682647619946,1.0,0.9966868162155151,0.0060240961611270905,1.0,0.06093689054250717
237,2.0644042906329485,0.96875,0.8825958746094857,0.7011561784790992,0.0,0.015625,0.0,62,0.03776164413552438,0.3906552493572235,1.5,1.0,63,0.984375,51,0.8095238095238095,0.8741068765649618,24.075873015873018,18.561424722523505,-0.7981051546837131,0.31753772382331497,2.111111111111111,0.9777056250434598,-0.7289218934322649,0.3056374426525715,3.2172198412698436,1.1729776563204273,0.4297444964153222,0.5606082806063235,257.3008571428571,63.34406307677803,-0.5791865627414533,0.4205633998233014,0.984375,0.9990917444229126,0.00324324332177639,1.0446386337280273,0.07050798833370209
238,2.0537019473690314,0.96875,0.8814218188485792,0.690368430264183,0.0,0.03125,0.0,62,0.03359358385708372,0.3772869408130646,1.5,1.0,64,1.0,46,0.71875,0.8830750195652859,24.559375,17.782372932468125,-0.7898336926704853,0.3042101729562481,2.203125,1.106510386022201,-0.7001577245779967,0.3459026888970822,3.0860950000000016,1.155100813217997,0.3670752107618687,0.552064293241926,252.72557812500003,63.47116718459768,-0.6095634411011177,0.42140728847078757,1.0,1.0002808570861816,0.0036706868559122086,1.0446385145187378,0.06877046078443527
239,2.0280807498382547,0.96875,0.8645539322207051,0.6800789445184444,0.0,0.03125,0.0,62,0.05889116225300835,0.385202556848526,1.5,1.0,64,1.0,46,0.71875,0.8799157037996398,28.7434375,23.148793179852674,-0.7182552603870901,0.3960156725829044,2.703125,1.354156650603984,-0.5438543164642378,0.4233185992186309,3.139008125000002,1.4823121244780448,0.3923642994908141,0.7084503672749727,274.50528125,77.31088964803668,-0.4649603710029803,0.5132940486361394,1.0,0.9995542168617249,0.0010245901066809893,1.0446385145187378,0.0657440647482872
240,2.0646803397481186,0.96875,0.8821382162071043,0.7210040919116737,0.0,0.03125,0.0,62,0.035170649677173024,0.3143467307090759,1.5,0.984375,64,0.984375,51,0.796875,0.8777187093044273,26.203750000000003,18.628301930463227,-0.76170271121741,0.31868181899393344,2.359375,1.1231538671860593,-0.651312909542447,0.3511055545546586,3.249456562500002,1.2173677404691905,0.44515158687765544,0.5818239010544338,260.20378125,54.40673988276546,-0.5599130338165837,0.36122538383216235,1.0,1.0007774829864502,0.001621621660888195,1.0446383953094482,0.06410002708435059
241,2.032184718765248,0.96875,0.8745784773941963,0.6916100751296941,0.0,0.015625,0.0,62,0.04048640593345339,0.36770787835121155,1.5,1.0,63,0.984375,55,0.873015873015873,0.8829649156119128,29.629206349206346,24.962966239954387,-0.7031020580647879,0.4270514574290558,2.7936507936507935,1.2867916317149997,-0.5155553363245939,0.40225983513863894,3.2001853968253986,1.4026690492237444,0.4216031217185176,0.6703860723244842,280.1254761904762,59.185832345050464,-0.4276459302009834,0.3929554509668254,0.984375,1.000209927558899,0.010597302578389645,1.0446385145187378,0.07432812452316284
242,1.9896703027983524,0.953125,0.8733688832306471,0.6986743732552493,0.0,0.046875,0.0,61,0.032620057485041154,0.3802005648612976,1.5,1.0,64,1.0,54,0.84375,0.8839218665594702,24.634687500000002,18.228647180395583,-0.7885452915815095,0.3118447651821287,2.3125,0.982264602843857,-0.665966354053112,0.30706261018800557,3.2104882812500017,1.4568190276491062,0.4265272413651621,0.6962662978653013,260.157828125,64.6029298035688,-0.5602181326931603,0.42892145651918845,1.0,0.9980140328407288,0.0005200207815505564,1.0648607015609741,0.07466036081314087
243,2.006209564013332,0.96875,0.855552731742782,0.7037292838480032,0.0,0.03125,0.0,62,0.044625429719557956,0.37853115797042847,1.5,1.0,64,1.0,54,0.84375,0.8841692202828687,30.14546875,25.55995298617103,-0.6942701504879599,0.43726434870115144,2.546875,1.3101727879844705,-0.5926991314997875,0.4095689439597563,3.409544218750002,1.3149715735102483,0.5216632452481472,0.6284722892201388,284.19314062500007,69.74953563148902,-0.4006392826821754,0.46309157348685176,1.0,0.995103120803833,0.01123595517128706,1.0446386337280273,0.08339252322912216
244,2.1281845226745126,0.984375,0.9032100202545287,0.721806575015282,0.0,0.015625,0.0,63,0.024420020221342965,0.3268769085407257,1.5,1.0,64,1.0,54,0.84375,0.872467866210215,21.28703125,15.855903344622892,-0.8458149872896186,0.2712532864518996,2.046875,0.9910488052437175,-0.7490025396135465,0.3098086117333241,3.1749257812500016,1.3435345024386771,0.40953064141150003,0.6421235419864343,249.98389062500002,55.08900115242984,-0.6277664637720105,0.3657551551351182,1.0,0.9987475275993347,0.0010911074932664633,1.0230478048324585,0.08518734574317932
245,1.933454223927466,0.90625,0.8831248699591078,0.6910571143838892,0.0,0.09375,0.0,58,0.05422628331041293,0.44190508127212524,1.5,1.0,64,1.0,53,0.828125,0.8903678031052048,29.7321875,23.41508884971065,-0.7013403182894978,0.4005712992190482,2.40625,1.2338804388999771,-0.6366594650317822,0.38571943560993444,2.975945781250002,1.4816590653299408,0.3144309307955515,0.7081382467804517,250.35578125,68.9074110866959,-0.6252973517824174,0.457500413961711,1.0,0.9976098537445068,0.0069481562823057175,1.1180340051651,0.07969029992818832
246,2.05565067109856,0.96875,0.8805340129521585,0.705769004600843,0.0,0.03125,0.0,62,0.03805812298787989,0.43263041973114014,1.5,1.0,64,1.0,57,0.890625,0.8812280450033002,26.32609375,17.994394580082737,-0.7596097277056504,0.30783731216518595,2.375,1.0077822185373186,-0.6464284280388921,0.315039590787656,3.198177656250002,1.2677725851182156,0.42064355016503435,0.6059141922382922,264.046375,67.18601916216932,-0.534400709328005,0.44607149063341445,1.0,0.9983855485916138,0.01317790150642395,1.0446385145187378,0.06724327802658081
247,2.0332890118975024,0.953125,0.8899381033709792,0.7046464811678912,0.0,0.046875,0.0,61,0.050205707953167325,0.32053011655807495,1.5,0.984375,64,0.984375,57,0.890625,0.8818499059577901,30.556406250000006,27.778233293308286,-0.6872400781559959,0.4752133580073015,2.515625,1.3692172433091105,-0.6024680945068974,0.4280266431546799,3.1449801562500026,1.4579580355827435,0.39521854837846343,0.6968106707916163,272.57918750000005,64.4112719143249,-0.47774838137889436,0.4276489727284712,1.0,0.998444676399231,0.008204633370041847,1.0648608207702637,0.07223276048898697
248,2.0781974214694103,0.984375,0.8785735505913931,0.7073338948045276,0.0,0.015625,0.0,63,0.054962300811786755,0.3816429376602173,1.5,0.984375,64,0.984375,56,0.875,0.8750766670672142,32.47125,25.605354756134506,-0.6544820795140881,0.43804105495658546,2.75,1.4361406616345072,-0.5292008719535729,0.44894735988844453,3.068600312500002,1.3850432566202695,0.3587138693277224,0.6619620710380877,272.929625,57.34913469609309,-0.47542170419295327,0.38076097258679614,1.0,0.9994077682495117,0.006872852332890034,1.023047924041748,0.06721600890159607
249,1.982567124568333,0.953125,0.8605998803357608,0.6896931989265264,0.0,0.046875,0.0,61,0.04086455380686106,0.3960304856300354,1.5,1.0,64,1.0,50,0.78125,0.8742604752044978,37.816250000000004,28.033673250887052,-0.5630430246350684,0.4795832716273837,2.8125,1.4670868242881878,-0.509662945939353,0.45862134127007054,3.232274375000002,1.4425741328956423,0.43693960045188923,0.6894581494644114,285.20665625000004,72.43882395882814,-0.3939101978031809,0.48094669971517684,1.0,0.9992295503616333,0.0,1.0648608207702637,0.06523008644580841
