step,reward_mean,valid_frac,c_mean,qed_mean,tox_mean,undersized_frac,alerts_mean,n_rankable,d_var,d_loss,w_C,unique,n_valid,unique_smiles_frac,n_scaffolds,scaffold_frac,tanimoto_dist,tpsa_mean,tpsa_sd,tpsa_drift_sd,tpsa_spread_ratio,hba_mean,hba_sd,hba_drift_sd,hba_spread_ratio,logp_mean,logp_sd,logp_drift_sd,logp_spread_ratio,mw_mean,mw_sd,mw_drift_sd,mw_spread_ratio,rdkit_valid_frac,ratio_mean,clip_frac,adv_std,kl
0,1.084440159642178,0.890625,0.8427581470786479,0.5292626568390004,0.0,0.09375,0.0,57,0.0037073174821139437,0.7046520113945007,0.2,1.0,63,0.984375,48,0.7619047619047619,0.916307592620937,64.84269841269841,48.28883624003566,-0.10069075155860018,0.8260964540685898,4.015873015873016,2.5102460733869094,-0.13348033871318302,0.7847200329491103,1.9222995238095253,1.980967449537813,-0.18914457515563257,0.9467757120849322,295.14620634920647,113.76905241190799,-0.32791804669393576,0.7553525484942909,0.984375,0.9931315183639526,0.06415563076734543,1.1334556341171265,0.005224442109465599
1,1.197022787465699,0.90625,0.8654077926586414,0.6018075189687948,0.0,0.09375,0.0,58,5.465838273576926e-07,0.6854335069656372,0.21300000000000002,1.0,64,1.0,44,0.6875,0.9093270901735374,50.98109375000001,25.61988541135988,-0.3378267720382548,0.4382896366928963,3.234375,1.4441929785783478,-0.37778194534336884,0.45146456905151344,2.0162050000000007,1.7725720276223977,-0.14426376496884466,0.8471760321279289,254.74965625,90.47681353792026,-0.596124878173347,0.6007072242992296,1.0,0.9975595474243164,0.014029995538294315,1.1180338859558105,0.009245962835848331
2,1.2470540018268954,0.953125,0.8624128948469632,0.5919036484855817,0.0,0.046875,0.0,61,7.649379705765291e-07,0.6532937288284302,0.226,1.0,64,1.0,52,0.8125,0.9075428454786869,56.50171875,35.91655770474669,-0.24338322997249476,0.6144389319045477,3.40625,2.205948987964137,-0.32405264880426415,0.6895946898877843,2.7074668750000015,1.4439647878388044,0.1861151890583848,0.6901227935626191,290.217734375,96.3512308109701,-0.36063989667842133,0.6397095361234655,1.0,0.9981556534767151,0.0051107327453792095,1.0648607015609741,0.01658274233341217
3,1.2632666539051065,0.953125,0.8703956721258945,0.5891292444072077,0.0,0.046875,0.0,61,1.568072487159039e-06,0.6393937468528748,0.23900000000000002,1.0,64,1.0,47,0.734375,0.9101403380549832,49.19109375,30.25913421582334,-0.36844901866752433,0.5176551233212893,3.015625,1.7543890273753424,-0.4461646863931384,0.5484339682722977,2.835919062500002,1.8915408554079005,0.24750711718802415,0.9040355209947494,280.79004687500003,97.21205889195765,-0.42323361288298206,0.6454248749700545,1.0,0.9981367588043213,0.002287282608449459,1.0648607015609741,0.019522100687026978
4,1.211252754912288,0.90625,0.8477423725457027,0.578666493654288,0.0,0.078125,0.0,58,0.003860812026920176,0.6025658845901489,0.252,1.0,63,0.984375,54,0.8571428571428571,0.9083806752375629,45.82539682539683,30.660860051998604,-0.4260273434186818,0.5245276080322995,3.015873015873016,1.906480705983601,-0.446087154940701,0.5959788636967244,2.5904992063492083,1.6103518310519573,0.13021212623743497,0.7696451559096599,260.1182380952381,105.86809276802975,-0.5604809847539065,0.7028953127519519,0.984375,0.996228039264679,0.003150315023958683,1.1180340051651,0.024501387029886246
5,1.2903195505794987,0.953125,0.8771648416753675,0.6085493055096479,0.0,0.03125,0.0,61,0.003822106173617361,0.6061771512031555,0.265,1.0,63,0.984375,46,0.7301587301587301,0.9081859355259531,46.82158730158731,27.036091116825656,-0.4089851141160929,0.46251723467644457,3.142857142857143,1.7715309750226929,-0.4063910512927622,0.5537926579502748,2.6880734920634937,1.602790831907934,0.17684639267117921,0.7660314820200024,272.967126984127,90.50093816675742,-0.4751727153978162,0.6008673961516562,0.984375,0.9977152347564697,0.001397949643433094,1.0648607015609741,0.033487092703580856
6,1.2118064230773182,0.875,0.8964041322469711,0.631100171871522,0.0,0.09375,0.0,56,0.007386099260861919,0.5963127613067627,0.278,1.0,62,0.96875,45,0.7258064516129032,0.9108854932435841,34.46983870967741,20.276630795711558,-0.6202914223195546,0.3468804408027481,2.403225806451613,1.1840291711118034,-0.6376048485485992,0.370135589501768,2.8125059677419366,1.689333925496598,0.23631715570387593,0.8073935443181776,243.57822580645166,84.90483487495024,-0.6702959139424531,0.5637129082352093,0.96875,0.9967976212501526,0.0014749262481927872,1.1478066444396973,0.03224160894751549
7,1.2509127147706587,0.921875,0.8803228251004623,0.5994224929888735,0.0,0.078125,0.0,59,2.0829163977458117e-05,0.5916864275932312,0.29100000000000004,1.0,64,1.0,52,0.8125,0.9149983670733672,41.0515625,27.762895045520626,-0.5076952384352035,0.47495096046170676,2.8125,1.5090870584562046,-0.509662945939353,0.4717509007541445,2.7836434375000016,1.8472510032691318,0.22252271267617424,0.8828678050352557,269.06181250000003,93.14775376080522,-0.5011014647872082,0.6184405310418011,1.0,0.9994837641716003,0.0013458949979394674,1.1014959812164307,0.038443755358457565
8,1.2740676014049062,0.921875,0.9008635641154596,0.6079780949090663,0.0,0.0625,0.0,59,0.003602975811200906,0.55104660987854,0.30400000000000005,1.0,63,0.984375,47,0.746031746031746,0.9051389177233639,42.46507936507937,26.932809982716805,-0.48351363952062687,0.46075036296648264,2.873015873015873,1.4852936590843917,-0.49074527154463216,0.46431292192929224,2.5671488888888905,1.6260623146077948,0.11905216828554657,0.7771537619997029,258.2618888888889,93.03029071684492,-0.5728059366998406,0.6176606527908329,0.984375,0.9965919256210327,0.006416584365069866,1.1014961004257202,0.044641997665166855
9,1.2854014601736106,0.921875,0.8712770782284818,0.623318986068453,0.0,0.046875,0.0,59,0.0069194895795273575,0.6180600523948669,0.317,1.0,62,0.96875,47,0.7580645161290323,0.9000934921754247,42.00709677419355,27.34815511776752,-0.4913485310569494,0.4678558384758626,2.7580645161290325,1.5521627353882683,-0.5266798492420606,0.48521665097672206,2.7208377419354846,1.5208457436649974,0.19250560807662181,0.7268669721280451,254.53641935483873,76.74495294922647,-0.5975406325351739,0.509536596862831,0.96875,0.9987306594848633,0.0,1.1014959812164307,0.04080754145979881
10,1.2908266090547527,0.921875,0.9100258219040046,0.6170701597285047,0.0,0.0625,0.0,59,0.003487908448766703,0.5682919025421143,0.33,1.0,63,0.984375,51,0.8095238095238095,0.8973751551975266,37.94873015873016,25.098748561230778,-0.5607766335210351,0.42937433995979346,2.5555555555555554,1.6882204190867722,-0.5899855306644792,0.5277492103010021,2.6857603174603195,1.7467760791340214,0.1757408431920053,0.834847218999431,256.56212698412696,89.8813107185906,-0.5840912507582449,0.5967534727061548,0.984375,0.9976630210876465,0.0,1.1014959812164307,0.04921959340572357
11,1.4086666429828558,1.0,0.8883231244981289,0.6442857864648723,0.0,0.0,0.0,64,0.0002491266993931004,0.5619568228721619,0.343,1.0,64,1.0,55,0.859375,0.8878837695161426,43.414218749999996,33.36703199851087,-0.46727633207336844,0.5708231749414105,2.984375,2.0878531699750824,-0.45593364940024833,0.6526771322164415,3.0097459375000017,1.472358832318187,0.3305852431794536,0.7036933303663464,285.9995781250001,98.8649198835849,-0.38864571201956305,0.6563987974548108,1.0,0.9980781674385071,0.0004675081872846931,0.9999998807907104,0.04320419207215309
12,1.2936801077894184,0.921875,0.8973673905356455,0.6389351586151045,0.0,0.078125,0.0,59,0.0004378408412580717,0.5145791172981262,0.356,1.0,64,1.0,56,0.875,0.8977915659554212,39.0840625,25.56955224962091,-0.5413540486268725,0.43742856714406847,2.796875,1.382702149551739,-0.5145474274429079,0.4322421167623146,2.8035039062500013,1.2862070657528502,0.2320147462012625,0.6147246946692353,257.282125,76.25332271336202,-0.579310931992545,0.5062724916979875,1.0,0.9965283274650574,0.001959823537617922,1.1014958620071411,0.037997014820575714
13,1.3745535368314008,0.984375,0.90611242585712,0.6354265895658101,0.0,0.015625,0.0,63,0.0007159388540565609,0.48971813917160034,0.369,1.0,64,1.0,52,0.8125,0.8985854735731448,37.987343749999994,26.272446726691367,-0.560116055356171,0.4494532643682042,2.59375,1.5783570373967988,-0.5780456869891225,0.49340516833091086,2.9190157812500015,1.65011774621806,0.2872220327888876,0.7886507194068693,265.75275,84.00726869816093,-0.5230714886162922,0.5577536523153708,1.0,0.9983851909637451,0.00048709206748753786,1.0230478048324585,0.043397869914770126
14,1.2484391386819267,0.875,0.8733521848917007,0.6560709815646374,0.0,0.109375,0.0,56,0.0037193593542151904,0.5188348293304443,0.382,1.0,63,0.984375,44,0.6984126984126984,0.8994818996927711,33.06301587301587,21.814124638904328,-0.6443585038100228,0.3731829635162857,2.238095238095238,1.2046772038736682,-0.6892257897843261,0.376590305284816,2.43053142857143,1.3738045891285489,0.053757762107657724,0.6565907069503828,228.61733333333336,76.77465297704727,-0.7696265141166014,0.5097337857400274,0.984375,0.9989450573921204,0.0016384489135816693,1.1478068828582764,0.04887428134679794
15,1.3242952310089524,0.9375,0.8879917884866396,0.6479527073854777,0.0,0.0625,0.0,60,0.001707763469573859,0.5094752907752991,0.395,1.0,64,1.0,51,0.796875,0.8964600118946391,39.21421875,28.038478962216345,-0.5391274135498665,0.4796654848550679,2.59375,1.486593736533287,-0.5780456869891225,0.4647193350014406,2.6614592187500015,1.5789790231223246,0.16412647262712016,0.7546509607376938,247.018421875,78.83916529016624,-0.6474552484661356,0.523440805391261,1.0,0.9994957447052002,0.0005291005363687873,1.083790898323059,0.04475873336195946
16,1.3332008198416154,0.921875,0.9048757649074166,0.6696320594502897,0.0,0.0625,0.0,59,0.0059763651215802,0.4906291663646698,0.40800000000000003,1.0,63,0.984375,44,0.6984126984126984,0.8974476967387857,33.87555555555555,25.995599247697943,-0.6304580621592974,0.44471712370874716,2.2698412698412698,1.2873788949835947,-0.6793017638723414,0.4024434176393218,2.8259358730158746,1.6116082367757032,0.24273579127102388,0.7702456374693365,239.852873015873,67.93965268764047,-0.6950298346770287,0.4510751273169155,0.984375,0.9992101192474365,0.006399999838322401,1.1014962196350098,0.04336705058813095
17,1.3497117563814394,0.984375,0.9142482030013251,0.6057127719256196,0.0,0.015625,0.0,63,0.006308757156848584,0.5617978572845459,0.42100000000000004,1.0,64,1.0,55,0.859375,0.9016871324398397,43.80546875,29.87018015145328,-0.4605830616858255,0.5110011304237492,3.0,1.8200274723201295,-0.45104916789669336,0.5689529935686128,3.1919782812500017,1.5669171574968437,0.4176806455087886,0.7488861606046568,299.09340625000004,98.83853464548241,-0.3017112053669461,0.6562236166264499,1.0,0.9993740916252136,0.0,1.0230478048324585,0.0421389676630497
18,1.2841586341656002,0.921875,0.9089249089612799,0.6672634362738944,0.0,0.046875,0.0,59,0.010834664579420679,0.44483423233032227,0.434,1.0,62,0.96875,47,0.7580645161290323,0.9008155308150145,40.34483870967742,23.205911145024224,-0.5197854452542148,0.39699281248035984,2.5161290322580645,1.3288599950997406,-0.6023105305874279,0.4154106922802451,2.657665000000001,1.4361213963779944,0.16231307879287227,0.686374154211073,257.6115,63.04716047064525,-0.5771240961141946,0.4185921595304226,0.96875,0.9986355304718018,0.0030395137146115303,1.1014959812164307,0.04168595001101494
19,1.2839730602371295,0.890625,0.9160793570050022,0.6791592811020448,0.0,0.09375,0.0,57,0.00928920504183262,0.4638037383556366,0.44700000000000006,1.0,63,0.984375,44,0.6984126984126984,0.8997199668247756,40.02603174603174,26.904533667618328,-0.5252394036161625,0.46026662872362645,2.4444444444444446,1.488343894569021,-0.6247196213564256,0.4652664463328864,2.3947093650793656,1.489015904389006,0.036637107409891755,0.7116543452102698,241.90417460317462,82.15123314197601,-0.6814105256571314,0.5454307828026284,0.984375,0.9972141981124878,0.0030659171752631664,1.133455753326416,0.04520127549767494
20,1.2001657742019325,0.84375,0.8980656155833492,0.6635679277408207,0.0,0.078125,0.0,54,0.021749794971493736,0.5055602192878723,0.46,1.0,59,0.921875,44,0.7457627118644068,0.8948032159260813,46.02186440677967,35.16975344725829,-0.4226662938478654,0.6016630524874538,2.8983050847457625,1.6742811789676582,-0.4828396915808478,0.5233917088267349,2.4427538983050856,1.407415675694246,0.05959932073004604,0.6726546561205778,263.580186440678,85.45251830119517,-0.5374958982998514,0.5673491701448575,0.921875,0.9977056980133057,0.0048851980827748775,1.1734496355056763,0.050391390919685364
21,1.3350347221012302,0.9375,0.9081301902731259,0.6483204347454389,0.0,0.03125,0.0,60,0.015248260963683345,0.4987860918045044,0.47300000000000003,1.0,62,0.96875,52,0.8387096774193549,0.8912515933270403,37.432419354838714,27.340375300388196,-0.5696093691490353,0.4677227460252926,2.5806451612903225,1.4090535269575195,-0.58214234889533,0.4404797369563454,2.9334366129032268,1.5861354928801057,0.2941142677726198,0.7580712954597602,263.4647096774193,76.60310546269403,-0.5382625889382117,0.5085948217651369,0.96875,0.9987460970878601,0.0,1.083790898323059,0.06581596285104752
22,1.3026074620720223,0.921875,0.9095876525014134,0.6386406537516355,0.0,0.078125,0.0,59,0.01693536761382885,0.4891529977321625,0.48600000000000004,0.96875,64,0.96875,52,0.8125,0.8964619020637699,38.881406250000005,24.709954273732702,-0.5448209702293657,0.42272308042916934,2.6875,1.3564084008881692,-0.5487387979677927,0.4240225117059095,2.4859071875000014,1.5947780610494346,0.0802238323119278,0.7622018901521,256.18906250000003,77.6715038467043,-0.5865681564093329,0.5156882924855177,1.0,0.9973332285881042,0.012569130398333073,1.1014961004257202,0.049661874771118164
23,1.360312514167239,0.9375,0.8876246293385823,0.6726526026209677,0.0,0.046875,0.0,60,0.022496865342251537,0.5060198903083801,0.49900000000000005,1.0,63,0.984375,50,0.7936507936507936,0.8988568545339739,41.253015873015876,29.328051506880303,-0.5042488949308513,0.5017267186589977,2.888888888888889,1.3928514900622415,-0.4857832585886398,0.43541486978611177,2.8870800000000014,1.3399721846639279,0.27195877238498145,0.6404209819829129,279.41076190476196,79.42721040660476,-0.43239116843330105,0.5273450426852773,0.984375,0.9998666644096375,0.00805729627609253,1.0837910175323486,0.04839165136218071
24,1.3814906515227627,0.953125,0.898355851407911,0.6711610874072024,0.0,0.03125,0.0,61,0.023387327357155038,0.505434513092041,0.512,1.0,63,0.984375,51,0.8095238095238095,0.8888506650503056,45.810634920634925,34.350384756654606,-0.42627988123339516,0.5876457842617736,2.6507936507936507,1.5650825847547294,-0.5602134529285251,0.4892554839533106,2.6385026984126996,1.4183894811897981,0.15315472450757775,0.6778994331181791,266.1832063492064,78.68345411982921,-0.5202135382906501,0.5224069844456732,0.984375,0.9971106052398682,0.010309278033673763,1.0648608207702637,0.049746397882699966
25,1.406619557351538,0.96875,0.9067489024131529,0.6574500227872321,0.0,0.03125,0.0,62,0.02482884557870146,0.5185702443122864,0.525,1.0,64,1.0,45,0.703125,0.8865581904891855,44.6784375,34.72833327318767,-0.4456488357851858,0.5941115008463781,2.828125,1.6255257562939445,-0.504778464435798,0.5081504313708783,2.6879450000000014,1.6684007864878063,0.17678498168487625,0.797388843031518,274.5098750000001,86.14092822547761,-0.46492987148930637,0.571919764517331,1.0,0.9970526695251465,0.022580645978450775,1.0446385145187378,0.04819110780954361
26,1.3473658720042916,0.953125,0.8867711683765787,0.608005761862779,0.0,0.046875,0.0,61,0.023426413068819284,0.475167840719223,0.538,1.0,64,1.0,40,0.625,0.9013100895786188,49.308125000000004,34.20001781226693,-0.36644691822013226,0.5850733967444948,3.109375,1.9212397324058754,-0.41685779737180856,0.6005926359572094,2.6789725000000018,1.7186534848028574,0.17249670068426534,0.8214064180010221,274.63034375000007,102.12671607022376,-0.46413003730419816,0.6780550036902838,1.0,0.9981174468994141,0.011100386269390583,1.0648607015609741,0.04781997203826904
27,1.3179546871641996,0.90625,0.8915129386145493,0.6355759404852825,0.0,0.09375,0.0,58,0.023093794910228185,0.5188061594963074,0.551,1.0,64,1.0,40,0.625,0.8906446198313837,43.17125,29.690493138587307,-0.47143289575253333,0.5079271527566773,2.640625,1.5549034083746167,-0.5633922424784576,0.4860734040333052,2.209749218750001,1.516005897313218,-0.051762010046164465,0.7245538351922733,232.615640625,71.92421929111555,-0.7430803529383477,0.4775300592581884,1.0,0.9977652430534363,0.001614639419130981,1.1180340051651,0.04329552501440048
28,1.3601812889168436,0.953125,0.8812139918569659,0.6378235292596228,0.0,0.046875,0.0,61,0.029924817441139277,0.5055717825889587,0.5640000000000001,1.0,64,1.0,43,0.671875,0.8964242084931136,49.45765625,30.811742726099347,-0.36388882726131505,0.5271088183442529,3.171875,1.6061861611827566,-0.39731987135758867,0.5021047421160406,2.102966250000001,1.5396973918035213,-0.1027974378622108,0.735876853938314,259.21064062500005,75.18320296519185,-0.5665068419410542,0.4991675922386175,1.0,0.9992877840995789,0.004335260018706322,1.0648607015609741,0.047516126185655594
29,1.392540673750319,0.953125,0.8838596984011228,0.6663666940844625,0.0,0.046875,0.0,61,0.02835555937984311,0.45393693447113037,0.577,1.0,64,1.0,49,0.765625,0.888350828072413,49.187968749999996,34.503633104885104,-0.36850247929362295,0.5902674651081661,3.03125,1.5808299837427173,-0.4412802048895834,0.49417822821480994,2.4088339062500013,1.639857250557212,0.04338773449759154,0.7837468588775555,274.546953125,83.09027415923711,-0.4646836968432287,0.5516654047010402,1.0,0.9984205365180969,0.0022789426147937775,1.0648607015609741,0.04657580703496933
30,1.367690786931286,0.921875,0.8674940386060941,0.6584588127588618,0.0,0.0625,0.0,59,0.026133904396810355,0.5005941987037659,0.5900000000000001,1.0,63,0.984375,54,0.8571428571428571,0.8929027745252911,50.036031746031746,33.905925854671544,-0.35399432609717524,0.5800422478857403,3.1904761904761907,1.9424836242258225,-0.3915050124247851,0.6072336213433248,2.344361428571429,1.795639944670086,0.012574014676878832,0.8582010207486338,269.31077777777784,90.27171052227433,-0.4994484971912825,0.5993454736096739,0.984375,0.9994229078292847,0.0004849660617765039,1.1014959812164307,0.04737313836812973
31,1.3675903356234655,0.953125,0.8802450883095382,0.6177628574158812,0.0,0.046875,0.0,61,0.0362775423703438,0.444659948348999,0.603,1.0,64,1.0,49,0.765625,0.9037512058420208,49.07781249999999,32.09820908500728,-0.37038696636359814,0.5491169133848881,2.953125,1.6146757366031732,-0.4657026124073583,0.5047586412593404,2.4508759375000015,1.795881990379936,0.06348113587251211,0.8583167031135075,265.20715625,84.47216411731792,-0.5266938764341403,0.5608402556771721,1.0,0.9982560276985168,0.00047801146865822375,1.0648607015609741,0.04459686577320099
32,1.3414837766692922,0.921875,0.8522744421231545,0.6509202287704552,0.0,0.078125,0.0,59,0.04598024523772421,0.5242537260055542,0.6160000000000001,1.0,64,1.0,49,0.765625,0.9037075904336314,44.47578125,31.14712686412101,-0.4491157573876791,0.5328463690649481,2.890625,1.7058464495302619,-0.48524053842157816,0.5332592275606707,2.3504600000000013,1.5953896269289531,0.015488741674707289,0.7624941795186937,271.73787500000003,89.47774974007162,-0.4833341494545068,0.594074090157608,1.0,0.9986876249313354,0.0,1.1014961004257202,0.04710739478468895
33,1.3232334008369087,0.921875,0.895524547766831,0.622734993303539,0.0,0.078125,0.0,59,0.028809688422307272,0.42862287163734436,0.629,1.0,64,1.0,44,0.6875,0.9036957834693768,40.8878125,30.497188623950958,-0.5104965752427693,0.521727615386579,2.609375,1.4749702062668928,-0.5731612054855676,0.46108574021153886,2.243446562500001,1.7366604227242979,-0.03565683546001956,0.8300125823663268,251.35581249999998,88.1660061908917,-0.6186577943874368,0.5853649657354705,1.0,0.9966933131217957,0.0004899558844044805,1.1014961004257202,0.0487932451069355
34,1.4688935697521903,0.96875,0.8896048323762032,0.6655520055694786,0.0,0.03125,0.0,62,0.03479515524802268,0.5064606666564941,0.6420000000000001,1.0,64,1.0,54,0.84375,0.8939055398029666,41.23828125,26.63517971796696,-0.5045009660258131,0.45565868287067,2.78125,1.2558457060881325,-0.519431908946463,0.39258592785321045,2.8326453125000013,1.356651512709659,0.2459424741202332,0.6483926337590588,276.65634375,83.44698361613706,-0.4506787143758091,0.5540337236034941,1.0,0.9982507824897766,0.002274795202538371,1.0446385145187378,0.04529576003551483
35,1.474237044705914,0.96875,0.8604628756161659,0.648216210531949,0.0,0.03125,0.0,62,0.03156443349548875,0.4677406847476959,0.655,1.0,64,1.0,48,0.75,0.8896070707379391,46.2084375,32.69675993211856,-0.41947451324731866,0.5593565623571785,2.921875,1.5642958429833533,-0.4754715754144682,0.4890095431129675,2.9510843750000015,1.8982891522959864,0.3025487690713553,0.9072607751972194,293.429890625,92.0030825988519,-0.339313267352067,0.6108406586596448,1.0,0.9981224536895752,0.0036150021478533745,1.0446385145187378,0.04141839221119881
36,1.46309429771981,0.953125,0.8950630133269263,0.63198294337418,0.0,0.046875,0.0,61,0.031780729380061205,0.48492443561553955,0.6679999999999999,1.0,64,1.0,45,0.703125,0.8920645097465378,43.26234375,28.490850874786734,-0.4698745185017596,0.4874043922712046,2.953125,1.6434499488499794,-0.4657026124073583,0.5137536561392694,2.7558957812500013,1.792958023784305,0.20926110809457887,0.8569192341362475,282.60803125,93.29818951568828,-0.4111633784768167,0.6194393266582414,1.0,0.9996376633644104,0.0022862369660288095,1.0648608207702637,0.04501364007592201
37,1.4588974954125573,0.9375,0.8857974747816721,0.6929129426264302,0.0,0.046875,0.0,60,0.028570741830386298,0.4650231897830963,0.681,1.0,63,0.984375,45,0.7142857142857143,0.8763677163705392,33.68571428571429,23.013530162092515,-0.633705752765718,0.3937016739853229,2.5238095238095237,1.4998110236212976,-0.5999095565764638,0.46885114903718866,2.96509142857143,1.3186965909730692,0.3092432446026898,0.6302526092661415,261.31850793650796,68.03611495862063,-0.5525119732849393,0.45171557408757684,0.984375,0.9985503554344177,0.0014985015150159597,1.0837910175323486,0.04473460838198662
38,1.475421408339839,0.96875,0.8800682728329012,0.6386545020438051,0.0,0.03125,0.0,62,0.03700413530523725,0.5027579069137573,0.6940000000000001,1.0,64,1.0,51,0.796875,0.8954042542706139,40.661874999999995,35.47070282619693,-0.5143617785096971,0.6068115139985065,2.796875,1.7516036179384307,-0.5145474274429079,0.5475632302963347,3.3621278125000025,1.6729379152673212,0.49900123643910504,0.7995573003335541,290.04084375,79.49979413126235,-0.3618143354345317,0.5278269514314344,1.0,0.9981014132499695,0.0045045046135783195,1.0446385145187378,0.04960881546139717
39,1.3744247150121551,0.890625,0.8322750920789284,0.6639214485545777,0.0,0.078125,0.0,57,0.03256255449133301,0.477173775434494,0.7070000000000001,1.0,62,0.96875,49,0.7903225806451613,0.8977781083078642,39.572096774193554,27.24212150903845,-0.5330050509129667,0.4660418790806152,2.8225806451612905,1.4867608605285463,-0.5065116675499626,0.4647715791015138,2.736819032258066,1.638891646634623,0.20014364247679753,0.783285361975315,256.62616129032256,87.06087642919266,-0.5836661045928291,0.578027622545743,0.96875,0.9973071813583374,0.007060009986162186,1.1334559917449951,0.045187994837760925
40,1.4494328324524621,0.9375,0.8880549112955729,0.6319721486880451,0.0,0.0625,0.0,60,0.0268163516621687,0.44518738985061646,0.72,1.0,64,1.0,53,0.828125,0.8896621768084156,35.5434375,30.142192667564743,-0.6019249379965692,0.5156545574374997,2.59375,1.6461958988832404,-0.5780456869891225,0.5146120588366869,3.0026637500000017,1.545682112298545,0.3272004106245341,0.738737167473313,266.97803125,86.55691070817386,-0.5149364176528909,0.5746816177785848,1.0,0.9980366230010986,0.007256893906742334,1.0837910175323486,0.04670106619596481
41,1.4258826745330901,0.921875,0.9015334794076822,0.6835497843768876,0.0,0.078125,0.0,59,0.03659528398262847,0.4550304412841797,0.7330000000000001,1.0,64,1.0,49,0.765625,0.8955976807943988,34.97625,21.97611789676466,-0.6116280416334624,0.3759542470327538,2.328125,1.0614654890174244,-0.661081872549557,0.3318213470571225,2.586652343750001,1.3879093597450622,0.12837357201106075,0.6633318849779974,246.29517187500002,68.45855302881144,-0.6522571582923732,0.4545202882531159,1.0,0.9983851909637451,0.0026385225355625153,1.1014959812164307,0.05814222991466522
42,1.482139623289268,0.9375,0.8674512093265851,0.6561656111084986,0.0,0.0625,0.0,60,0.054814453864316104,0.5913428068161011,0.746,1.0,64,1.0,56,0.875,0.9001334967540457,37.38109375,32.49978639916286,-0.5704874168192965,0.5559868572702467,2.703125,1.7999972873243448,-0.5438543164642378,0.5626914212086324,2.5768767187500017,1.5736063551898627,0.12370144863891304,0.7520831691726485,261.80296875,86.86363471916215,-0.5492954684239167,0.5767180658149592,1.0,0.996942937374115,0.005087881814688444,1.0837910175323486,0.05727779120206833
43,1.4064544350645654,0.890625,0.8864018650431382,0.6736682601199054,0.0,0.109375,0.0,57,0.038308829610738865,0.48345082998275757,0.7590000000000001,1.0,64,1.0,46,0.71875,0.8984362888375966,39.58296875,30.99495657964411,-0.5328190596702335,0.530243131086793,2.703125,1.597651474626115,-0.5438543164642378,0.4994367409240691,2.190775156250001,1.5099411311113602,-0.06083039808998271,0.7216552649301863,253.84065625000002,95.8415414447558,-0.6021600472463507,0.6363255300730635,1.0,0.9980697631835938,0.0,1.1334558725357056,0.05997031554579735
44,1.4629488086691431,0.9375,0.9044793094197909,0.6542286090526681,0.0,0.0625,0.0,60,0.0222509855764065,0.4282211661338806,0.772,1.0,64,1.0,46,0.71875,0.8886890270781157,41.01046875,32.182026011700586,-0.5083982456683999,0.5505508031060669,2.875,1.653594569415369,-0.4901250199251331,0.5169249336760521,2.303045937500001,1.4032857223603377,-0.007172146971772326,0.670680802633232,250.88175,84.09419254305709,-0.6218052612066567,0.5583307701376193,1.0,0.9985079765319824,0.004987531341612339,1.0837911367416382,0.06595311313867569
45,1.50707853699627,0.9375,0.9450646897157033,0.662098566398589,0.0,0.0625,0.0,60,0.029876787009118666,0.4072210192680359,0.7850000000000001,1.0,64,1.0,51,0.796875,0.8993548761254937,34.12453125,26.765056506203635,-0.6261987352766318,0.457880537083408,2.75,1.6393596310755,-0.5292008719535729,0.5124749949224305,3.2591025000000022,1.5750365250368024,0.4497617279213259,0.7527666988669676,283.493375,93.31004145882096,-0.4052852715252465,0.6195180158558755,1.0,0.9991614818572998,0.0022946305107325315,1.0837910175323486,0.057339418679475784
46,1.4984784257836372,0.9375,0.8834483509262403,0.6755001643935494,0.0,0.0625,0.0,60,0.025456891062654145,0.4558822512626648,0.798,1.0,64,1.0,53,0.828125,0.900705115439958,37.47015625,30.182098092877606,-0.5689637889754867,0.5163372355245256,2.796875,1.4271878763410935,-0.5145474274429079,0.4461486581815019,2.7491096875000016,1.524852030259791,0.20601778941009966,0.728781720825449,265.7548125,78.04101266799464,-0.5230577949570917,0.5181415908468529,1.0,0.9985455274581909,0.0023820868227630854,1.0837911367416382,0.060105063021183014
47,1.5277563469237512,0.921875,0.8816108400538817,0.724895780935289,0.0,0.0625,0.0,59,0.03954485620340087,0.5390653014183044,0.8109999999999999,1.0,63,0.984375,54,0.8571428571428571,0.8967876974237332,38.1104761904762,23.07374797914263,-0.5580095794006815,0.3947318442898955,2.6507936507936507,1.1973347406759434,-0.5602134529285251,0.37429500124130755,2.5218860317460337,1.39914197385459,0.09741941818032641,0.6687003559362682,258.6703492063493,76.54789895018403,-0.5700940257257083,0.50822828641098,0.984375,0.998233437538147,0.0019011406693607569,1.1014961004257202,0.05763828381896019
48,1.59575985988349,0.96875,0.8681832119341819,0.6494612380562664,0.0,0.015625,0.0,62,0.03238321872827113,0.5359156727790833,0.8240000000000001,1.0,63,0.984375,43,0.6825396825396826,0.8788172547884683,41.4804761904762,31.777282812535212,-0.5003576402159675,0.5436266991583788,2.6507936507936507,1.4601449173428738,-0.5602134529285251,0.4564512538413482,2.9065166666666684,1.7496924187982317,0.28124825562620515,0.8362410427913911,270.73366666666675,86.41748532155745,-0.4900014399673625,0.5737559238497631,0.984375,0.9987051486968994,0.0019286402966827154,1.0446385145187378,0.04965762421488762
49,1.6183864086160948,0.984375,0.9015525825439937,0.6378051723396755,0.0,0.015625,0.0,63,0.04553922217253101,0.5167015790939331,0.837,1.0,64,1.0,48,0.75,0.8862542661086045,44.141093749999996,28.115587487036635,-0.4548413904428376,0.4809846112596858,3.015625,1.7721119770982308,-0.4461646863931384,0.5539742831593303,2.8827503125000016,1.5096378783927065,0.26988945874387443,0.7215103295307117,280.62050000000005,79.00372734600887,-0.42435929391315186,0.5245333904627807,1.0,0.9979876279830933,0.001367989112623036,1.0230478048324585,0.05092018470168114
50,1.578590151347019,0.9375,0.8963659341136615,0.6647627374854538,0.0,0.0625,0.0,60,0.037408246460427313,0.5923954248428345,0.8500000000000001,1.0,64,1.0,50,0.78125,0.9019039454212762,52.98796875,36.6228945717228,-0.30349435795774365,0.6265225194709657,3.21875,1.8830556118978536,-0.3826664268469238,0.5886560196147488,2.145120781250001,1.6850993401589356,-0.0826502686842735,0.8053696834266797,274.26006250000006,93.80579604458677,-0.4665884640900213,0.6228095040228873,1.0,0.999426543712616,0.002216312102973461,1.0837910175323486,0.05318136140704155
51,1.5531821459687682,0.921875,0.8923021721637855,0.6782163493015332,0.0,0.0625,0.0,59,0.0257426699366491,0.4201797842979431,0.863,1.0,63,0.984375,44,0.6984126984126984,0.8920594069960536,41.88523809523811,31.74206376789162,-0.49343321626415076,0.5430241928616618,2.857142857142857,1.6700645635000173,-0.49570728450062446,0.52207356609014,2.475616031746034,1.478982082754775,0.07530531821952671,0.7068588203646199,268.40969841269845,84.098373393785,-0.5054310783974972,0.5583585282685455,0.984375,0.9982914328575134,0.00045372050954028964,1.1014959812164307,0.05592278391122818
52,1.6885937720820148,0.96875,0.9056514184321126,0.6903621841144557,0.0,0.03125,0.0,62,0.03295551741084024,0.4765443205833435,0.8760000000000001,1.0,64,1.0,52,0.8125,0.8784913889101368,47.579375,29.076248784177356,-0.3960213365778695,0.4974190286721087,2.875,1.6630168369562588,-0.4901250199251331,0.5198703987336535,2.3900834375000013,1.4842374427243985,0.03442620996226947,0.7093705462279922,265.2341875,66.22231377500222,-0.5265144065067425,0.43967311335275644,1.0,1.0000007152557373,0.000490436505060643,1.0446386337280273,0.05172884836792946
53,1.602101049219954,0.921875,0.8951464441873259,0.6971688250728301,0.0,0.078125,0.0,59,0.045746957287770514,0.4540102481842041,0.889,1.0,64,1.0,56,0.875,0.8956173555583592,37.3503125,28.419896252930688,-0.5710140039863675,0.48619054314832055,2.671875,1.4258187066997683,-0.5536232794713477,0.44572064641905185,2.685127812500001,1.3740688055648698,0.175438546284329,0.6567169855041777,259.598453125,79.42817754600102,-0.5639320190520289,0.5273514638621459,1.0,0.9994306564331055,0.0009328357991762459,1.1014959812164307,0.05636567622423172
54,1.591324928002181,0.9375,0.8780574053525925,0.6739277827236365,0.0,0.046875,0.0,60,0.036841334389315146,0.4262324869632721,0.9020000000000001,1.0,63,0.984375,54,0.8571428571428571,0.8919295041612906,48.0815873015873,29.13678944337854,-0.3874297896731436,0.49845472196660995,3.0317460317460316,1.6520142007946272,-0.4411251419847087,0.5164308996730561,2.602794603174604,1.670622523091248,0.13608853934429685,0.7984506909963996,286.5296984126985,89.59277977864406,-0.38512605793233595,0.5948378148344605,0.984375,0.9993868470191956,0.002623524283990264,1.0837911367416382,0.05822645127773285
55,1.5750726460748692,0.90625,0.9129111052587114,0.6780249793288683,0.0,0.09375,0.0,58,0.039531445052788286,0.47717002034187317,0.915,1.0,64,1.0,52,0.8125,0.8903813884425267,35.77328125,30.589888344367953,-0.5979929089470184,0.523313466616229,2.765625,1.7918407740016968,-0.5243163904500179,0.5601416395473221,3.0342550000000017,1.8340888356338907,0.342299007131701,0.8765771309313758,280.307265625,98.52353153169213,-0.4264389665342761,0.6541322007295884,1.0,0.9979844093322754,0.004608294926583767,1.1180338859558105,0.060824133455753326
56,1.6576835860981507,0.96875,0.898889234469783,0.6847402407647037,0.0,0.03125,0.0,62,0.03077672184597128,0.43296417593955994,0.9280000000000002,1.0,64,1.0,58,0.90625,0.8905957685665358,38.947187500000005,28.27492498159533,-0.5436956240499905,0.4837104615701138,2.65625,1.3718002542279981,-0.5585077609749026,0.4288341099743143,2.8886128125000017,1.9485636826017756,0.27269135870108624,0.9312887844616343,271.014328125,80.40501361739963,-0.4881380303377507,0.5338370203500442,1.0,0.9987585544586182,0.010449795983731747,1.0446385145187378,0.06530964374542236
57,1.6705602246148048,0.953125,0.9165480058701312,0.6875737630286489,0.0,0.046875,0.0,61,0.029449458377456834,0.41617077589035034,0.9410000000000001,1.0,64,1.0,53,0.828125,0.8826773232465138,34.636875,31.156221633638037,-0.6174338656277687,0.5330019569281809,2.484375,1.5511305101038404,-0.6122370575140074,0.4848939703169275,3.178127656250002,1.4503526210403366,0.4110609328273632,0.6931757691829259,280.423,73.9361522945643,-0.42567056552142307,0.4908879864742168,1.0,0.9969069957733154,0.005376344081014395,1.0648607015609741,0.05737783759832382
58,1.745421772249009,0.984375,0.9256474915004912,0.6712236035979074,0.0,0.015625,0.0,63,0.035198965701036755,0.4138907194137573,0.954,1.0,64,1.0,53,0.828125,0.8916653335422805,31.400624999999998,24.467992477099035,-0.6727976900154633,0.41858374310437757,2.34375,1.2896068926227093,-0.656197391046002,0.40313990488784784,3.083932031250002,1.4578667161142307,0.3660414500713657,0.6967670259276644,260.88240625000003,65.80070138463546,-0.555407404980316,0.43687388116448717,1.0,0.9989528059959412,0.008345606736838818,1.023047924041748,0.0551728755235672
59,1.6350085328809438,0.921875,0.9123547721212193,0.6958593422177061,0.0,0.078125,0.0,59,0.02348759876256469,0.3898075819015503,0.9670000000000001,1.0,64,1.0,50,0.78125,0.894696471043917,32.170781250000005,21.640386455702412,-0.659622318713467,0.37021075485990007,2.359375,1.3620663013873444,-0.651312909542447,0.42579120996748876,2.9263929687500014,1.6369257867738705,0.29074785647171797,0.7823458067241887,252.137046875,75.27092244735634,-0.6134709060059542,0.49974999257509606,1.0,0.9981757402420044,0.005649717524647713,1.1014959812164307,0.04811479523777962
60,1.599176968914646,0.921875,0.9105885634988041,0.6637776101895921,0.0,0.046875,0.0,59,0.02015448448279343,0.3878052234649658,0.98,1.0,62,0.96875,49,0.7903225806451613,0.8880801443832248,35.05967741935484,25.237007897884354,-0.6102008153702627,0.4317395977842655,2.5483870967741935,1.3990482865936413,-0.5922264397413789,0.4373520306206024,3.008820000000002,1.3922424177331647,0.3301427042896232,0.6654028094967966,264.7087903225807,83.70790565973991,-0.5300027022121383,0.5557660763515875,0.96875,0.9963943958282471,0.0015128592494875193,1.1014959812164307,0.04917272925376892
61,1.6265702818114245,0.953125,0.8740113840484228,0.6351675258319232,0.0,0.046875,0.0,61,0.026004862250660524,0.4686471223831177,0.9930000000000001,1.0,64,1.0,45,0.703125,0.8928877663146533,43.0053125,32.01176585300073,-0.47427165499836815,0.5476380944072704,2.71875,1.575880210390371,-0.5389698349606828,0.49263089532608517,2.3999335937500015,1.6790474434392557,0.039133954503916345,0.8024772639537721,260.532078125,74.26107326842427,-0.5577333559873608,0.49304525051449183,1.0,0.9982343912124634,0.0005020080134272575,1.0648608207702637,0.046943314373493195
62,1.5989805847421543,0.90625,0.8915484270145153,0.6691562614228844,0.0,0.09375,0.0,58,0.02653322429967087,0.3873497247695923,1.006,1.0,64,1.0,51,0.796875,0.8986824140433639,36.536875,24.715841824817034,-0.584929804959829,0.4228238011226592,2.546875,1.4462201541864226,-0.5926991314997875,0.45209827796428775,3.040555468750002,1.6676234819543083,0.34531022813315765,0.7970173411911515,272.28421875000004,94.16936755977714,-0.47970678212422185,0.6252233825314705,1.0,0.9985191226005554,0.0004766444326378405,1.1180338859558105,0.05215812847018242
63,1.7429604219821164,0.96875,0.9116300690558649,0.6640627021279175,0.0,0.03125,0.0,62,0.021892910385966278,0.4294759929180145,1.0190000000000001,1.0,64,1.0,40,0.625,0.8948735542654942,39.1765625,30.147140889454075,-0.5397716140943544,0.5157392086503887,2.625,1.4415703243338496,-0.5682767239820126,0.4506447094580752,2.5458114062500012,1.5644976955658447,0.10885421661084965,0.7477298125823214,257.8380625,74.37833421872494,-0.5756198683990104,0.4938237869949381,1.0,0.9995546936988831,0.0,1.0446385145187378,0.05027085915207863
64,1.6670809314819799,0.953125,0.8914848697967217,0.647062135972077,0.0,0.03125,0.0,61,0.03409562959630315,0.35743582248687744,1.032,1.0,63,0.984375,51,0.8095238095238095,0.90076331470432,36.67999999999999,29.79798107574532,-0.582481308284514,0.5097659919306015,2.7301587301587302,1.555393577572552,-0.5354033881485633,0.4862266342656846,3.0250892063492074,1.418175719953086,0.3379183441316205,0.6777972689220176,277.6741428571429,81.02366242537343,-0.4439211899600118,0.5379444462608629,0.984375,0.9982712268829346,0.001372997765429318,1.0648607015609741,0.05474647507071495
65,1.6197617274441172,0.90625,0.9013555810369295,0.6460195176589483,0.0,0.078125,0.0,58,0.03303086388388768,0.4455658197402954,1.0450000000000002,1.0,63,0.984375,49,0.7777777777777778,0.8955970500413152,34.05920634920635,24.13012168195576,-0.6273162745074339,0.412803652144766,2.6984126984126986,1.4868195590281266,-0.545327414060548,0.46478992865258495,3.1233139682539703,1.496253616404951,0.38486349657138025,0.7151135085344126,281.05684126984124,96.98938099937271,-0.4214622715401916,0.6439464385227824,0.984375,0.9973453283309937,0.0035906643606722355,1.1180340051651,0.05802226439118385
66,1.7342532875671388,0.953125,0.897056019697033,0.6695904002820243,0.0,0.046875,0.0,61,0.041417470046317816,0.42021483182907104,1.058,1.0,64,1.0,53,0.828125,0.8946336411624307,39.21875,25.09791092526428,-0.5390498956420235,0.4293600101859657,2.84375,1.4493398281631538,-0.499893982932243,0.45307350931382157,2.9965014062500015,1.4074038762013072,0.3242552045367814,0.6726490167178042,290.31709375,70.72027528640544,-0.3599802150204312,0.46953665373249537,1.0,0.9989818930625916,0.004990925546735525,1.0648607015609741,0.05955633521080017
67,1.7021601283522896,0.9375,0.8787295232216518,0.6714104510501439,0.0,0.03125,0.0,60,0.05348871058813167,0.4837415814399719,1.0710000000000002,1.0,62,0.96875,53,0.8548387096774194,0.8919143807163058,36.39483870967742,29.07382670319705,-0.5873596766428261,0.4973775931630947,2.596774193548387,1.5288587079947729,-0.5771003034723055,0.4779316531679626,2.9806806451612915,1.5960665047839129,0.31669389284083016,0.7628176838313332,267.90474193548386,77.69346315861183,-0.50878366114172,0.515834088041171,0.96875,0.9990033507347107,0.001461988314986229,1.0837910175323486,0.07262063026428223
68,1.7561080119620303,0.9375,0.9119735017418862,0.7051434694141112,0.0,0.046875,0.0,60,0.03936803972892477,0.42684125900268555,1.084,1.0,63,0.984375,53,0.8412698412698413,0.8877029188814023,32.2447619047619,22.05173188009424,-0.6583567020341856,0.3772478057177482,2.507936507936508,1.390135494972147,-0.6048715695324562,0.4345658312081077,3.1060161904761925,1.3251393834353893,0.37659626538751423,0.6333318518971861,265.8670158730159,80.2445677656042,-0.5223128375019629,0.5327717641975166,0.984375,0.9988496899604797,0.0004814636486116797,1.0837910175323486,0.06574167311191559
69,1.8368755890086144,0.96875,0.930569804964527,0.6890619361034389,0.0,0.03125,0.0,62,0.038961707264375374,0.44793468713760376,1.097,1.0,64,1.0,52,0.8125,0.8861911578221098,34.19687499999999,27.565734610370445,-0.6249611217824497,0.47157805796410734,2.578125,1.5186824830671486,-0.5829301684926775,0.47475049589212287,3.058959062500002,1.2292348927174679,0.35410596860917776,0.5874956406496021,266.44443750000005,77.24983174392585,-0.5184791332717555,0.512888663845653,1.0,0.9964492917060852,0.002364066196605563,1.0446385145187378,0.06745364516973495
70,1.7191766775772714,0.90625,0.8977503889593584,0.6878109204839918,0.0,0.09375,0.0,58,0.03893061449687944,0.44817110896110535,1.1099999999999999,1.0,64,1.0,48,0.75,0.8918460025118747,34.809375,28.282404582785656,-0.6144828390671268,0.4838384181021467,2.40625,1.30765474705673,-0.6366594650317822,0.4087817872022047,2.7043450000000018,1.5722666371953276,0.18462313252466717,0.7514428696772858,247.70621875,77.87662256826276,-0.6428887243423635,0.5170501474521225,1.0,0.9977541565895081,0.0015220700297504663,1.1180340051651,0.0597367025911808
71,1.8474737053160082,0.96875,0.900153782098524,0.6933905708082408,0.0,0.03125,0.0,62,0.03666547245329482,0.4722517430782318,1.123,1.0,64,1.0,48,0.75,0.8730212727935843,34.0734375,26.53038389156089,-0.6270728165133437,0.4538658987131702,2.59375,1.2956507776017425,-0.5780456869891225,0.40502926452878873,3.080484687500002,1.5864034523263724,0.36439384029641997,0.7581993629328568,271.299796875,75.31624638756152,-0.4862427034166185,0.5000509140736582,1.0,1.0002516508102417,0.0009861933067440987,1.0446386337280273,0.059274572879076004
72,1.6982501802167853,0.90625,0.9066193720390057,0.6763772359231276,0.0,0.078125,0.0,58,0.02488435428294324,0.42743241786956787,1.136,1.0,63,0.984375,53,0.8412698412698413,0.8902430381154103,32.32571428571429,25.13698525409121,-0.6569718172438221,0.43002847037267605,2.3492063492063493,1.4601449173428738,-0.6544916990923797,0.4564512538413482,2.790381269841272,1.6196784867584777,0.22574296549471676,0.7741027006815197,250.7857936507937,84.86534227694379,-0.6224423489856318,0.5634507030579804,0.984375,0.9981992244720459,0.0015600624028593302,1.1180340051651,0.057244673371315
73,1.8314625222228123,0.984375,0.9102692769633399,0.6662386830516207,0.0,0.015625,0.0,63,0.025078319430504082,0.42719948291778564,1.149,1.0,64,1.0,51,0.796875,0.8875346912224198,36.0884375,27.566070359385538,-0.5926014048049761,0.4715838017569262,2.484375,1.5511305101038404,-0.6122370575140074,0.4848939703169275,3.059209687500002,1.4893089178300223,0.3542257513258987,0.7117943868900729,269.1337500000001,88.62000398858889,-0.5006238465526763,0.5883792159751559,1.0,0.9986260533332825,0.0004816955770365894,1.023047924041748,0.06382033973932266
74,1.7787014128021688,0.9375,0.9262164642413457,0.6998560032029194,0.0,0.046875,0.0,60,0.02464753284643258,0.3833577036857605,1.162,1.0,63,0.984375,53,0.8412698412698413,0.8941023643803149,34.76507936507936,24.698531212226374,-0.6152406222275403,0.42252766154274024,2.619047619047619,1.3384256497671618,-0.5701374788405097,0.4184009811309595,2.8908738095238102,1.183242088976374,0.27377197063528924,0.5655140227674323,257.2190952380953,74.45299018134406,-0.5797294086369081,0.4943194540540297,0.984375,0.9987350106239319,0.022022021934390068,1.0837911367416382,0.06562770158052444
75,1.8052162543145969,0.9375,0.9308848465482394,0.6919460221764829,0.0,0.03125,0.0,60,0.018911697510257328,0.37325918674468994,1.175,1.0,62,0.96875,49,0.7903225806451613,0.8763519110664572,33.34774193548386,27.528260401042342,-0.6394875810688633,0.47093697166227383,2.306451612903226,1.4209119025314214,-0.6678571210867461,0.444186745990133,3.0866374193548407,1.5514666893796447,0.3673344525131889,0.7415018252602676,262.6019838709678,75.29169745353886,-0.5439905274481992,0.49988792511063423,0.96875,0.9973903894424438,0.005888125393539667,1.0837910175323486,0.06625502556562424
76,1.8110759661065499,0.96875,0.9198343277938904,0.6417368448700879,0.0,0.015625,0.0,62,0.03115450648000976,0.3954128324985504,1.1880000000000002,1.0,63,0.984375,53,0.8412698412698413,0.88765623616428,40.38285714285715,28.22344125511946,-0.5191350486970706,0.4828297088497016,2.8253968253968256,1.618736353521519,-0.5056313104126091,0.5060280177861041,2.9165584126984143,1.57194135711552,0.2860475678269182,0.75128740660834,281.15920634920644,78.11512177267984,-0.42078263395917903,0.5186336271247672,0.984375,0.9985649585723877,0.007178106810897589,1.0446385145187378,0.07211748510599136
77,1.8246212338437666,0.9375,0.9109151204427083,0.7073102341433571,0.0,0.046875,0.0,60,0.0337747301236993,0.49126332998275757,1.201,1.0,63,0.984375,53,0.8412698412698413,0.8890626484387436,32.51047619047619,24.76575172498104,-0.6538110213693459,0.4236776297662706,2.6666666666666665,1.4800257398019097,-0.5552514399725328,0.462666134454252,2.9117744444444464,1.478974007879593,0.28376113704720046,0.7068549610908583,262.42938095238094,73.61767281596863,-0.5451364986210986,0.4887734897749792,0.984375,0.997049868106842,0.01163354329764843,1.0837910175323486,0.07336919754743576
78,1.8628520509673523,0.96875,0.9190499181708982,0.6641409802168227,0.0,0.015625,0.0,62,0.03226126249348467,0.3855434060096741,1.214,0.984375,63,0.96875,49,0.7777777777777778,0.8778887373562452,30.787619047619046,25.658881609340984,-0.6832846282607257,0.4389567602639472,2.6984126984126986,1.5597610789254917,-0.545327414060548,0.4875919449584964,2.9818255555555577,1.428003735780293,0.3172410867657267,0.6824944317579626,263.9133333333333,77.25806889528482,-0.5352840195063194,0.5129433531758305,0.984375,0.9986018538475037,0.01104972418397665,1.0446385145187378,0.07014058530330658
79,1.8795911412918913,0.96875,0.9186833250907159,0.6824251992260307,0.0,0.03125,0.0,62,0.024540902924724668,0.3682901859283447,1.227,1.0,64,1.0,56,0.875,0.8778331432121302,32.059062499999996,26.148608036491996,-0.6615335360964915,0.44733470631595235,2.546875,1.2238475127134916,-0.5926991314997875,0.3825830744973315,3.5457717187500024,1.5251853852201833,0.5867712753412931,0.7289410431707385,285.8720312500001,76.56482216253285,-0.3894925403532906,0.5083406455394546,1.0,0.9978790879249573,0.0032051282469183207,1.0446385145187378,0.07294454425573349
80,1.7366287854351015,0.890625,0.9082324672163579,0.679173511162243,0.0,0.09375,0.0,57,0.026544624516567264,0.33783289790153503,1.24,1.0,63,0.984375,43,0.6825396825396826,0.8796130267858246,28.18444444444444,21.721732865027416,-0.7278181783822136,0.3716023804513838,2.3174603174603177,1.561698269999853,-0.6644157250043643,0.48819752409267686,3.1309171428571445,1.4675068392241373,0.3884973276324135,0.7013743880648351,260.2201111111112,92.63710596647978,-0.5598046141545986,0.6150501616518005,0.984375,0.9986711144447327,0.004358353558927774,1.1334558725357056,0.07033717632293701
81,1.918439454668231,0.953125,0.918786388928773,0.6967910031933268,0.0,0.03125,0.0,61,0.024267063150964725,0.40351685881614685,1.2530000000000001,1.0,63,0.984375,44,0.6984126984126984,0.8640208190527086,29.268412698412693,16.773652071915645,-0.7092742994932112,0.28695358135181964,2.365079365079365,1.0281990311556601,-0.6495296861363873,0.32142202557778954,2.9054819047619063,1.4555665871742054,0.28075370563274205,0.695667711440903,247.08836507936502,65.71049107495064,-0.6469908710581591,0.4362749433525225,0.984375,0.998810887336731,0.004955946933478117,1.0648608207702637,0.06026608869433403
82,1.9896180820722458,1.0,0.9151336369104683,0.6761166869514306,0.0,0.0,0.0,64,0.036219114853405066,0.4699041545391083,1.266,1.0,64,1.0,52,0.8125,0.8834328670490498,30.672656250000003,23.864267106006753,-0.6852513428651286,0.4082555714787155,2.515625,1.4360556602635568,-0.6024680945068974,0.4489207878804967,3.0331314062500017,1.438066563865861,0.3417620011990702,0.6873038198317165,262.08837500000004,71.45960004337685,-0.547400556462154,0.47444528949506964,1.0,0.9981183409690857,0.0,0.9999998807907104,0.06260481476783752
83,1.8107540009314158,0.921875,0.8977365993847282,0.6696155308094021,0.0,0.0625,0.0,59,0.0329979550864921,0.49064183235168457,1.279,1.0,63,0.984375,46,0.7301587301587301,0.8911844812949626,41.10523809523811,30.97897658126678,-0.5067769885383576,0.5299697548569349,2.6825396825396823,1.5818955559747288,-0.5502894270165404,0.49451133335771946,2.7659585714285733,1.4644143861559484,0.2140704780512137,0.6998963933323084,273.95452380952383,83.74951958239038,-0.4686170423687543,0.556042365745412,0.984375,0.9991692304611206,0.0004608294984791428,1.1014959812164307,0.06472945213317871
84,1.6968771874764401,0.859375,0.9224580650979822,0.6430465536372075,0.0,0.125,0.0,55,0.031874295143522524,0.34111839532852173,1.292,1.0,63,0.984375,47,0.746031746031746,0.8934465209609095,35.67095238095238,33.32104052922287,-0.599743489877337,0.5700363804635449,2.5555555555555554,1.7708197167232476,-0.5899855306644792,0.5535703137577698,2.657143333333334,1.5711970304379865,0.16206375549888274,0.7509316660734261,254.6330634920635,92.42153210033771,-0.5968989782908767,0.6136188913218902,0.984375,0.9974092841148376,0.0025050099939107895,1.1611261367797852,0.07064522057771683
85,1.915315105008512,0.9375,0.909395894408226,0.6984183684638937,0.0,0.046875,0.0,60,0.04094156374847469,0.4856577217578888,1.305,1.0,63,0.984375,47,0.746031746031746,0.8804253385840088,35.5052380952381,23.354952627759666,-0.6025784305070219,0.39954252479450325,2.4285714285714284,1.3883218797250716,-0.629681634312418,0.4339988827198578,2.901610317460319,1.6482076486976094,0.2789033345803482,0.787737814987113,258.7551587301587,84.32479552099342,-0.5695309456209878,0.5598618239996478,0.984375,1.0002272129058838,0.006663493346422911,1.0837911367416382,0.06638555228710175
86,1.8153501983248495,0.890625,0.9043123126029968,0.7111125169659137,0.0,0.109375,0.0,57,0.04844718403739934,0.38099998235702515,1.318,1.0,64,1.0,53,0.828125,0.8946655302338407,33.098593750000006,24.51132403267847,-0.6437498588247971,0.4193250333735303,2.46875,1.2986621721987592,-0.6171215390175623,0.40597064700616686,2.676594218750001,1.3565776451939704,0.17136003439298775,0.6483573298120997,248.867359375,85.58514779617273,-0.6351795054321232,0.5682297437711026,1.0,0.9972631931304932,0.007157464046031237,1.1334558725357056,0.06283681094646454
87,1.995385085001444,0.984375,0.932970040374332,0.6682116859340139,0.0,0.015625,0.0,63,0.04711320895322567,0.38965076208114624,1.331,1.0,64,1.0,46,0.71875,0.896069462617042,35.51546875,24.988955868648723,-0.6024034106001517,0.4274960724121179,2.609375,1.2700539789217622,-0.5731612054855676,0.3970275307878233,2.9462795312500014,1.5455396813284097,0.3002523611400061,0.7386690945813509,273.069453125,74.4375206085047,-0.47449333634307844,0.494216746146909,1.0,0.998311460018158,0.004281636327505112,1.0230478048324585,0.06768819689750671
88,1.9359793072787927,0.953125,0.9005735189211174,0.6850065664486256,0.0,0.046875,0.0,61,0.04908606745307587,0.41112402081489563,1.344,1.0,64,1.0,55,0.859375,0.8924089675375448,40.27515625,34.49425472960078,-0.5209775309893969,0.5901070254875301,2.640625,1.6428556264550456,-0.5633922424784576,0.5135678669075764,2.774360156250001,1.4797246571369425,0.21808589811972878,0.7072137234144488,273.1184375,77.45721935483873,-0.4741681119370712,0.5142655827626008,1.0,1.0001596212387085,0.007932804524898529,1.0648607015609741,0.06160376965999603
89,1.9961073441245194,0.953125,0.9372386267927827,0.6798657056074466,0.0,0.03125,0.0,61,0.045858219980448346,0.4054340720176697,1.357,1.0,63,0.984375,49,0.7777777777777778,0.88472418023078,33.422698412698416,25.603970748995057,-0.6382052706042122,0.43801737819236153,2.3968253968253967,1.339742720381536,-0.6396056602244027,0.41881270638246587,3.25415031746032,1.620567366774326,0.44739490147424005,0.7745275284646107,272.1870793650794,68.27303683316187,-0.48035172449126656,0.4532885813152439,0.984375,0.9979627728462219,0.0009519276791252196,1.0648607015609741,0.06731123477220535
90,1.996296930844257,0.96875,0.899695094554655,0.6932621037597763,0.0,0.015625,0.0,62,0.04802384549375122,0.4134005904197693,1.37,1.0,63,0.984375,53,0.8412698412698413,0.8895577563563851,32.2584126984127,25.500485598012478,-0.6581231724420851,0.43624701628406226,2.365079365079365,1.3008127776855798,-0.6495296861363873,0.4066429409403633,2.767179682539684,1.4967260615226734,0.2146540910439594,0.7153393070768657,258.05215873015874,64.78752429268161,-0.5741984086114407,0.4301470439248437,0.984375,0.9999743700027466,0.001982160611078143,1.0446385145187378,0.0750315934419632
91,1.9995209521096546,0.96875,0.9117349977454832,0.6800141511345568,0.0,0.03125,0.0,62,0.04415552383038096,0.42171305418014526,1.383,1.0,64,1.0,51,0.796875,0.8986708900853932,36.084843750000005,25.364598853038974,-0.5926628845249894,0.4339223473353319,2.65625,1.277433339748106,-0.5585077609749026,0.3993343692815407,2.7731503125000017,1.5782276874095693,0.2175076702047853,0.7542918703323341,265.954375,75.63965420632971,-0.5217328296896204,0.5021981317478028,1.0,0.9992420673370361,0.004859086591750383,1.0446386337280273,0.06534578651189804
92,1.8994294175760986,0.9375,0.8904200648268064,0.6629998966697025,0.0,0.0625,0.0,60,0.03731237247220126,0.3774448335170746,1.3960000000000001,1.0,64,1.0,48,0.75,0.8939275157543553,40.86171875,30.941157185590175,-0.5109429714706925,0.5293227633140416,2.984375,1.5257394467519676,-0.45593364940024833,0.47695655084186733,2.4740528125000014,1.7123150323561136,0.07455819942403488,0.81837704322246,262.12268750000004,75.37796886563473,-0.5471727437681855,0.5004607112032254,1.0,0.9992327094078064,0.0048971595242619514,1.0837911367416382,0.07195001095533371
93,1.9850477200101826,0.953125,0.8921537291808207,0.6678830881355889,0.0,0.046875,0.0,61,0.06325511365387057,0.5000252723693848,1.409,1.0,64,0.984375,42,0.65625,0.888517267813548,36.4225,30.287222708181748,-0.5868864638750373,0.5181356444053359,2.59375,1.5177980555726114,-0.5780456869891225,0.4744740178288715,2.713199843750002,1.616747811223288,0.18885518136462315,0.7727020252603428,258.70410937500003,80.83292961587449,-0.5698698801528366,0.536678104398272,1.0,0.9985323548316956,0.0,1.0648607015609741,0.06419044733047485
94,2.006209371895933,0.96875,0.9012596991754347,0.676837034859638,0.0,0.03125,0.0,62,0.02337785634374245,0.4197728931903839,1.422,1.0,64,1.0,48,0.75,0.8905680126816614,37.29109375,27.940209998158764,-0.5720270828509356,0.477984358344803,2.6875,1.5090870584562046,-0.5487387979677927,0.4717509007541445,2.6355576562500014,1.3568001706252004,0.15174718275753069,0.6484636827325674,264.10035937500004,80.92999398928208,-0.5340422881724213,0.537322548737634,1.0,0.999144971370697,0.0009794319048523903,1.0446385145187378,0.06411668658256531
95,1.9826631658378433,0.9375,0.9085273802280426,0.7163642913538272,0.0,0.0625,0.0,60,0.029866897572942985,0.38447409868240356,1.4349999999999998,1.0,64,1.0,52,0.8125,0.8866311301440825,36.203593749999996,29.890683507114066,-0.5906313807332433,0.5113518895375884,2.765625,1.7024081060001448,-0.5243163904500179,0.5321843779366243,2.8440792187500015,1.4119963539217995,0.2514071498443507,0.6748439272727796,268.753140625,79.3357664390066,-0.5031508453743437,0.5267379141867501,1.0,0.9987870454788208,0.0038591413758695126,1.0837911367416382,0.07285072654485703
96,2.058737823363919,0.96875,0.9243377158718724,0.6656779070984533,0.0,0.03125,0.0,62,0.027054926054754555,0.4209027886390686,1.448,1.0,64,1.0,44,0.6875,0.8933571029296808,36.1815625,26.80859267676306,-0.5910082781472382,0.45862532778294124,2.5625,1.3564084008881692,-0.5878146499962325,0.4240225117059095,2.732451406250001,1.4655191087662296,0.19805619665588242,0.7004243800674005,256.43275,70.12448168725567,-0.5849502298268494,0.46558097155044653,1.0,0.9998369216918945,0.00836382620036602,1.0446386337280273,0.0655561164021492
97,2.0750430040103494,0.96875,0.9324261805703563,0.6939165861979633,0.0,0.015625,0.0,62,0.02599375162341669,0.33477264642715454,1.4609999999999999,1.0,63,0.984375,54,0.8571428571428571,0.8903353085930588,33.12063492063493,26.17792562586017,-0.6433727916945287,0.44783625405461597,2.3333333333333335,1.2971274735120224,-0.659453712048372,0.4054908897358375,2.874425079365081,1.53488809809672,0.26591052989704944,0.7335783192122919,257.04622222222224,64.88923564445841,-0.5808771730802018,0.4308223411796476,0.984375,0.9982753396034241,0.0065293824300169945,1.0446385145187378,0.06739355623722076
98,1.8591383595710445,0.90625,0.8879716129138552,0.6323453432406827,0.0,0.09375,0.0,58,0.04894849155746922,0.3958892524242401,1.474,1.0,64,1.0,49,0.765625,0.9026283754648808,41.68734375,31.162049748160594,-0.49681867405544644,0.533101660816613,3.046875,1.7803588779723598,-0.43639572338602844,0.5565523205853357,2.7635537500000016,1.6418164790612844,0.21292112725243895,0.7846832447644175,275.9791875,90.21105277276784,-0.4551745916668886,0.598942745585626,1.0,0.9981481432914734,0.006511627696454525,1.1180340051651,0.07816238701343536
99,2.1580267260587735,0.984375,0.9226597339387924,0.6947190383252477,0.0,0.015625,0.0,63,0.036943303057251284,0.27700600028038025,1.4869999999999999,0.984375,64,0.984375,52,0.8125,0.8836381691233937,27.138125000000002,21.26716629241834,-0.7457179840139331,0.36382592810732967,2.296875,1.220651561410954,-0.6708508355566669,0.38158399833582707,3.208202500000002,1.2023384858682697,0.4254347841563655,0.5746408788244561,263.454375,69.11730060341716,-0.53833120447786,0.4588939439067758,1.0,0.9975876212120056,0.0014669926604256034,1.0230478048324585,0.05627783015370369
100,2.0579451736908823,0.953125,0.9084090942242107,0.6982733592221289,0.0,0.046875,0.0,61,0.033450611695978516,0.38349103927612305,1.5,1.0,64,1.0,53,0.828125,0.890597571535877,33.89921875,30.544257249966787,-0.6300532464183397,0.522532837215829,2.421875,1.2966867333226635,-0.6317749835282273,0.40535311134845853,3.1124123437500018,1.3781860962134511,0.37965321747010805,0.6586847870380094,270.08168750000004,75.49409312921343,-0.49433015779234574,0.5012317008227805,1.0,0.9988658428192139,0.0,1.0648608207702637,0.06407851725816727
101,2.0403438264432365,0.9375,0.9247960319121679,0.6832583585343446,0.0,0.0625,0.0,60,0.04004911539663722,0.3961532413959503,1.5,1.0,64,1.0,46,0.71875,0.8954960321614479,28.524218750000003,21.278562481160435,-0.7220055233079057,0.3640208872706225,2.359375,1.3505460411903771,-0.651312909542447,0.4221898981052022,3.122405781250002,1.4040619790070323,0.3844294412830973,0.6710518036507432,266.3001875,80.6115784419481,-0.5194368594970373,0.5352084765004131,1.0,0.9968482851982117,0.009595959447324276,1.083790898323059,0.06899415701627731
102,2.1492089547520457,0.984375,0.9223772627966744,0.6683255795377733,0.0,0.015625,0.0,63,0.041597055504065505,0.3453076183795929,1.5,1.0,64,1.0,44,0.6875,0.8821202452088776,32.704375,25.11541408397192,-0.6504939168071336,0.429659443729394,2.40625,1.4330774359747627,-0.6366594650317822,0.44798977466756534,3.1221112500000014,1.2653778416352826,0.3842886741876987,0.6047696580528145,263.581140625,73.42613800081416,-0.5374895631362541,0.48750182311620716,1.0,1.000538945198059,0.017932986840605736,1.0230478048324585,0.06643740832805634
103,1.995041270922891,0.921875,0.950780521004887,0.6495361232849769,0.0,0.078125,0.0,59,0.02874191318144205,0.29477956891059875,1.5,0.984375,64,0.984375,48,0.75,0.8999331119422787,31.946718750000002,24.645506059338658,-0.6634554456047356,0.4216205390235881,2.28125,1.5152222403000821,-0.6757353170602219,0.4736688004173359,3.010308125000002,1.5551953742917206,0.3308539328395297,0.7432838981123958,263.1809375,84.554645057552,-0.5401466517203237,0.5613878755007288,1.0,0.9986153841018677,0.006009013392031193,1.1014959812164307,0.07701137661933899
104,2.1090694788505306,0.96875,0.9111024670062526,0.6857266179340434,0.0,0.03125,0.0,62,0.03830245861531735,0.37356582283973694,1.5,1.0,64,1.0,46,0.71875,0.8759177431495769,34.004375,23.694828739291932,-0.6282542963501223,0.4053569215044128,2.34375,1.416628369580392,-0.656197391046002,0.4428476843921061,3.086702812500002,1.5415132066023938,0.3673657062531682,0.7367446972487217,264.44346875,77.67493192324201,-0.5317642649725779,0.515711052685188,1.0,0.9974939227104187,0.003866602201014757,1.0446385145187378,0.0782880112528801
105,2.0826813356300335,0.953125,0.9198625478588167,0.7132735090021632,0.0,0.046875,0.0,61,0.02881737779373139,0.3447209298610687,1.5,1.0,64,1.0,53,0.828125,0.8950486998597436,29.4084375,19.96677984950487,-0.7068788391533111,0.3415796966166846,2.09375,1.0416145820311848,-0.7343490951028816,0.3256158182249256,2.9489631250000015,1.17765311985968,0.3015349472744707,0.5628428530737994,244.7739375,61.60333895777157,-0.6623571656111747,0.40900612329122243,1.0,0.9984359741210938,0.0035750765819102526,1.0648607015609741,0.07300928980112076
106,2.1277280581517752,0.96875,0.9236342801201728,0.6976728135471785,0.0,0.03125,0.0,62,0.052243610970616604,0.4585087299346924,1.5,1.0,64,1.0,50,0.78125,0.8843477941354364,30.44078125,23.009721946975986,-0.6892181213216436,0.3936365253246996,2.359375,1.38481934178253,-0.651312909542447,0.4329039654849238,3.257137656250002,1.4388865069426773,0.4488226583061356,0.6876957001680658,267.198125,76.93054282811302,-0.5134751382324713,0.5107687930094962,1.0,0.998894214630127,0.010957598686218262,1.0446385145187378,0.061310891062021255
107,2.0840225876639153,0.953125,0.9308286963916216,0.6703742236493005,0.0,0.046875,0.0,61,0.029280365962025618,0.2965567111968994,1.5,1.0,64,1.0,40,0.625,0.8802860940237253,27.08625,21.354948745841092,-0.7466054304071696,0.3653276576818737,2.125,1.340475661845451,-0.7245801320957717,0.4190418288799815,3.114737968750002,1.5428072665155124,0.38076471744247326,0.7373631751020602,263.421609375,86.08578323749539,-0.5385487469274285,0.5715536376460423,1.0,0.9968910217285156,0.005794302094727755,1.0648608207702637,0.060579441487789154
108,1.961728886540951,0.9375,0.8820717220505079,0.6695361812077164,0.0,0.0625,0.0,60,0.027732989769845968,0.3761127293109894,1.5,0.984375,64,0.984375,42,0.65625,0.889127374807034,35.7646875,25.1983438176469,-0.5981399256687895,0.43107815588441906,2.5,1.3228756555322954,-0.6073525760104523,0.4135399469408417,2.6647089062500013,1.5060756486998323,0.16567961535926537,0.7198078116246917,256.311703125,81.39169058357554,-0.5857539023861275,0.5403879139818486,1.0,0.9994609355926514,0.0028943559154868126,1.0837910175323486,0.0696382150053978
109,2.1402055032329774,1.0,0.9263642616569996,0.6580355707521588,0.0,0.0,0.0,64,0.022010406692345198,0.32235991954803467,1.5,1.0,64,1.0,50,0.78125,0.8856124809626458,29.908750000000005,23.99192601819412,-0.6983197929149276,0.41043948359794785,2.40625,1.2956507776017425,-0.6366594650317822,0.40502926452878873,3.0615857812500016,1.2491793462970073,0.3553613721321171,0.5970278135504334,269.8433125,73.58534893277736,-0.49591281282840455,0.48855888020385124,1.0,1.0003291368484497,0.011020603589713573,0.9999999403953552,0.06566403806209564
110,2.0309481883422844,0.953125,0.9054766414595432,0.671033050883265,0.0,0.03125,0.0,61,0.023003823902956792,0.33462071418762207,1.5,1.0,63,0.984375,48,0.7619047619047619,0.8868472062005902,31.332539682539682,24.249237983003958,-0.6739624527993191,0.41484142239519295,2.3968253968253967,1.4202579973503198,-0.6396056602244027,0.4439823307733542,3.030711746031748,1.3513902927650083,0.3406055584081121,0.6458781072025046,261.63050793650797,81.24370679312977,-0.5504404961113669,0.5394053978152873,0.984375,0.997505784034729,0.009950248524546623,1.0648607015609741,0.07031621783971786
111,2.1299126600277996,0.984375,0.9128518104553223,0.6921687155854725,0.0,0.015625,0.0,63,0.039258610747805754,0.36743780970573425,1.5,1.0,64,1.0,50,0.78125,0.886454513117896,33.7865625,24.594795322051244,-0.6319805019891936,0.42075301013869015,2.46875,1.3689497571130944,-0.6171215390175623,0.4279430251465585,2.9168279687500016,1.4620288254427702,0.2861763983752182,0.6987562479233225,255.873390625,69.42431415614088,-0.5886640124458755,0.4609323143120467,1.0,0.9983840584754944,0.007209063041955233,1.0230478048324585,0.06861221790313721
112,2.0475263381294875,0.953125,0.9138568263561999,0.6689257762333989,0.0,0.046875,0.0,61,0.03211376273904641,0.3681672513484955,1.5,1.0,64,1.0,43,0.671875,0.8890376189518633,30.6271875,23.351546018729547,-0.6860291949748629,0.39948424656998377,2.28125,1.2558457060881325,-0.6757353170602219,0.39258592785321045,2.766556093750001,1.4959937023812744,0.2143560554954511,0.7149892862586227,249.746890625,69.13630351751654,-0.6293399897019357,0.45902011090289185,1.0,0.9990407824516296,0.0010454782750457525,1.0648607015609741,0.06649860739707947
113,2.0368267513775873,0.9375,0.9181141833464305,0.673190813905137,0.0,0.0625,0.0,60,0.030420424928890667,0.3897562623023987,1.5,1.0,64,1.0,41,0.640625,0.8744271247171199,35.5728125,28.960718787952132,-0.6014224081112426,0.49544261077407103,2.671875,1.4901204596860618,-0.5536232794713477,0.46582181269794537,3.033291250000002,1.5143703698727213,0.3418383962858569,0.723772157705613,276.41173437500004,82.56676602117268,-0.45230276160899574,0.5481896509889254,1.0,0.9993594288825989,0.005819592624902725,1.0837910175323486,0.0660744160413742
114,2.0510828262564917,0.953125,0.9314501178069193,0.6643755034972557,0.0,0.046875,0.0,61,0.03931760234600097,0.38678133487701416,1.5,1.0,64,1.0,53,0.828125,0.8919386874385532,36.7496875,26.45880984950653,-0.5812891363225154,0.45264145292096775,2.703125,1.4861831093021478,-0.5438543164642378,0.46459097013005785,2.7717020312500016,1.4647442982641852,0.2168154844184474,0.7000540702145177,272.444328125,84.7821582164872,-0.4786437599588776,0.562898414973234,1.0,0.9983129501342773,0.02018260397017002,1.0648607015609741,0.07014361023902893
115,2.119302661534048,0.984375,0.9126001974892994,0.6697904881913601,0.0,0.015625,0.0,63,0.0561756990472051,0.42666926980018616,1.5,1.0,64,1.0,52,0.8125,0.8827615703246063,41.51671875,33.299228034158666,-0.4997376242404291,0.5696632253778153,3.0,1.8114220932736798,-0.45104916789669336,0.5662628934224712,3.0234950000000023,1.5642959793506164,0.33715641548315567,0.7476334051358706,295.89315625000006,76.65367810630873,-0.32295878493337155,0.5089305912422365,1.0,0.9999815225601196,0.0049239033833146095,1.0230478048324585,0.07263762503862381
116,2.103290956243155,0.96875,0.9356267163830418,0.6403952452745898,0.0,0.03125,0.0,62,0.04616029865576393,0.36902642250061035,1.5,1.0,64,1.0,49,0.765625,0.8859102004095073,43.78078125,23.94241126541244,-0.4610054006320044,0.4095924148988037,2.78125,1.3971930566317599,-0.519431908946463,0.43677207308884874,3.1746017187500017,1.6539353480360075,0.40937576026780986,0.7904752888517065,295.21618750000005,89.43730959953098,-0.3274534173463421,0.5938055939139351,1.0,0.9976925253868103,0.011022927239537239,1.0446385145187378,0.07080239802598953
117,2.0634117704218267,0.9375,0.9523035784562429,0.6539227819488012,0.0,0.0625,0.0,60,0.04023586351974899,0.39808645844459534,1.5,1.0,64,1.0,49,0.765625,0.8857932626082439,37.83859375,26.90867093447688,-0.5626607811584635,0.4603374066041369,2.515625,1.4789374088767246,-0.6024680945068974,0.4623259147887279,3.059742812500002,1.5437971560393613,0.35448055097019526,0.7378362789680758,275.60365625000003,80.28209247791094,-0.457667875039767,0.5330209038929918,1.0,0.9986929893493652,0.005581395234912634,1.0837910175323486,0.07375765591859818
118,2.1125326266951054,0.96875,0.9354914181655453,0.6258388851941521,0.0,0.03125,0.0,62,0.03684498768604268,0.39449113607406616,1.5,1.0,64,1.0,46,0.71875,0.8812039393008096,42.2365625,28.19171056239039,-0.48742296901862014,0.48228687918575347,2.71875,1.4193831186469705,-0.5389698349606828,0.4437088377273149,2.7127873437500014,1.5137386731215814,0.18865803275356116,0.7234702470702202,270.9981875,83.70089207108907,-0.4882451935949776,0.5557195106823726,1.0,0.9996344447135925,0.0018682858208194375,1.0446385145187378,0.07368626445531845
119,2.123239626746644,0.984375,0.9303771777758523,0.6475416779803601,0.0,0.015625,0.0,63,0.045849181394872915,0.4117516875267029,1.5,1.0,64,1.0,45,0.703125,0.8958783753318067,36.442343750000006,28.029442820351175,-0.5865469888993112,0.479510899958547,2.484375,1.4789374088767246,-0.6122370575140074,0.4623259147887279,2.965369218750002,1.3233408254741412,0.30937601053692515,0.632472256251188,265.93140625,77.6329314389436,-0.5218853272579874,0.515432196773319,1.0,0.9985113143920898,0.0033381020184606314,1.0230478048324585,0.07358816266059875
120,2.0864685730815147,0.953125,0.9238877672641004,0.6894576729563069,0.0,0.015625,0.0,61,0.04849059124292483,0.3855779469013214,1.5,1.0,62,0.96875,48,0.7741935483870968,0.8879776900453341,34.8866129032258,23.286971225347365,-0.613161499334329,0.3983795397269764,2.5,1.1743220418882192,-0.6073525760104523,0.36710107474047426,3.0780291935483888,1.3680125100650635,0.36322027127331397,0.6538224636957736,272.54662903225807,57.90040390583783,-0.4779645484389392,0.3844210417678201,0.96875,0.998544454574585,0.006277160719037056,1.0648607015609741,0.0707697793841362
121,2.095121713449706,0.96875,0.927744587102244,0.6614671134981166,0.0,0.03125,0.0,62,0.03797460892030077,0.3977062404155731,1.5,1.0,64,1.0,50,0.78125,0.8914506885607537,38.91046874999999,31.265096225148156,-0.544323786406649,0.5348645181532556,2.765625,1.7566141748759174,-0.5243163904500179,0.5491295645480891,2.812570937500002,1.517355825747664,0.23634820709190896,0.725199014624719,270.971734375,80.21668682801494,-0.48842082514820556,0.532586652896895,1.0,0.9961627125740051,0.004755111876875162,1.0446386337280273,0.07256593555212021
122,1.9349206428576196,0.90625,0.9075808273307209,0.6654318288184563,0.0,0.078125,0.0,58,0.03140402340966112,0.35918688774108887,1.5,1.0,63,0.984375,47,0.746031746031746,0.8900243832819311,33.26285714285714,28.852567128974375,-0.6409397392000865,0.4935924170452546,2.4126984126984126,1.4434847675415439,-0.6346436472684103,0.45124317745408093,2.824836349206351,1.467127687668926,0.24221028923010995,0.7011931778769761,253.38607936507938,79.65518111035759,-0.605178142248744,0.5288586199579285,0.984375,0.9965362548828125,0.011133602820336819,1.1180338859558105,0.06790054589509964
123,2.16656949263254,0.984375,0.928557985358768,0.7093739866572488,0.0,0.015625,0.0,63,0.024930710678420592,0.29629603028297424,1.5,1.0,64,1.0,42,0.65625,0.8652672641648897,33.539531249999996,24.911883235572002,-0.6362065644822869,0.4261775600219265,2.40625,1.2956507776017425,-0.6366594650317822,0.40502926452878873,3.0004281250000018,1.292288075354229,0.3261319248945824,0.6176310282371513,271.618359375,76.6790087011203,-0.4841276555092272,0.509098769924753,1.0,0.9994447827339172,0.005928853526711464,1.0230478048324585,0.05679343268275261
124,2.0906125957165984,0.96875,0.9173934411618018,0.6645153580208716,0.0,0.03125,0.0,62,0.039420761438380164,0.4138953685760498,1.5,1.0,64,1.0,49,0.765625,0.8846543901794517,31.786093750000006,24.949062207900937,-0.6662033217862027,0.42681359558621673,2.4375,1.260890062614501,-0.6268905020246722,0.394162828086835,3.4796235937500026,1.394494503213181,0.5551567032974316,0.6664791622831668,284.70095312500007,81.69389517821045,-0.39726773780331426,0.5423943560316399,1.0,0.9979300498962402,0.013104382902383804,1.0446385145187378,0.056226421147584915
125,1.9821772903931352,0.921875,0.9182021345122385,0.6516228892118595,0.0,0.078125,0.0,59,0.03233962184274017,0.4524160921573639,1.5,1.0,64,1.0,43,0.671875,0.8837202484142461,41.81609375,29.175854990534738,-0.4946160962601847,0.49912303192176327,2.765625,1.558667174022408,-0.5243163904500179,0.4872499828294877,2.988143281250002,1.7837512585052113,0.3202605554826459,0.8525189893189252,282.10368750000004,104.86071019942291,-0.41451189311065906,0.6962069473804016,1.0,0.9988718032836914,0.009263343177735806,1.1014961004257202,0.055809762328863144
126,2.0193857946501446,0.953125,0.9270726901585938,0.6452660890906211,0.0,0.046875,0.0,61,0.028045056998289217,0.33333975076675415,1.5,1.0,64,1.0,50,0.78125,0.9002731039724949,38.36796875,27.506279520529915,-0.5536045510973633,0.47056093593926823,2.71875,1.4193831186469705,-0.5389698349606828,0.4437088377273149,3.1025707812500016,1.8910345684970857,0.3749495801911917,0.9037935482401653,286.659328125,100.59220719150152,-0.3842654009129472,0.6678668622963185,1.0,0.9994515776634216,0.0030674845911562443,1.0648608207702637,0.058177605271339417
127,2.096631380853024,0.984375,0.9259928937942262,0.6103860248952652,0.0,0.015625,0.0,63,0.03623153373905949,0.35777732729911804,1.5,1.0,64,1.0,51,0.796875,0.8884454933172062,42.176562499999996,27.069405828972194,-0.488449413039713,0.46308716279473194,2.90625,1.5177980555726114,-0.4803560569180232,0.4744740178288715,3.065091406250002,1.1927750498455119,0.35703683661612584,0.5700701682090253,294.17421875,83.23058554373002,-0.3343714124783957,0.5525969810797882,1.0,0.9974972605705261,0.0016666667070239782,1.0230478048324585,0.055178865790367126
128,2.1460751919438756,1.0,0.921593907289207,0.6753002528162495,0.0,0.0,0.0,64,0.029025358605275026,0.33055776357650757,1.5,0.984375,64,0.984375,52,0.8125,0.888657658101066,34.2915625,26.08750222920151,-0.6233412648116624,0.4462893448068295,2.53125,1.4786897705401225,-0.5975836130033424,0.46224850135674683,2.7920118750000014,1.2578951966863088,0.22652229044558636,0.6011934324558234,258.5990625,78.42282669782665,-0.57056732311347,0.5206765877934768,1.0,0.9976961612701416,0.004293892998248339,0.9999999403953552,0.0647784098982811
129,2.0352211367760735,0.9375,0.9321276317040126,0.660177936838875,0.0,0.0625,0.0,60,0.0332916366792661,0.29215309023857117,1.5,1.0,64,1.0,50,0.78125,0.8864334911299525,30.576875,23.809931414944796,-0.6868899110550503,0.40732602905834064,2.34375,1.277433339748106,-0.656197391046002,0.3993343692815407,2.7034325000000017,1.3733385292713713,0.18418701590019707,0.6563679601539848,238.0566875,67.27293068302879,-0.7069553388296956,0.446648526632071,1.0,1.000174880027771,0.023968784138560295,1.0837911367416382,0.06535118073225021
130,2.0741410146852695,0.953125,0.9332854005156971,0.7073573804574979,0.0,0.03125,0.0,61,0.02322897724050655,0.2925792634487152,1.5,1.0,63,0.984375,59,0.9365079365079365,0.8755710354011762,26.304285714285708,20.15763573582105,-0.7599828065034956,0.34484474467334486,2.3015873015873014,1.1496710452210679,-0.6693777379603568,0.3593950051555209,3.291574761904764,1.2435243809876269,0.46528139175783273,0.594325101898683,265.5177936507937,68.00596551754337,-0.5246314460334932,0.4515154013985143,0.984375,0.99803227186203,0.010452961549162865,1.0648607015609741,0.06857483834028244
131,2.133317272057135,1.0,0.9244224261492491,0.6873696685436135,0.0,0.0,0.0,64,0.030421771780581624,0.31490007042884827,1.5,1.0,64,1.0,61,0.953125,0.8875150484751239,30.84109375,26.31559923061246,-0.6823698151184149,0.45019149152895405,2.609375,1.547348412405881,-0.5731612054855676,0.483711660796907,3.5540304687500024,1.3608227687625587,0.590718429502764,0.6503862273038159,286.2205625,69.56659027190136,-0.3871785194281255,0.46187693522916967,1.0,0.9992440342903137,0.0013992537278681993,0.9999998807907104,0.06272246688604355
132,2.1121204566435914,0.96875,0.9310299302301099,0.7023414052273238,0.0,0.03125,0.0,62,0.033311798900677196,0.373628169298172,1.5,0.984375,64,0.984375,47,0.734375,0.881255657475889,28.708593750000002,22.435993394208353,-0.7188513463680891,0.38382152127938995,2.28125,1.0675431782836702,-0.6757353170602219,0.33372127414866376,3.0733043750000015,1.3538228278446789,0.3609621102688688,0.6470407033535741,256.82734375,55.22843666174689,-0.5823303838462106,0.36668091627209165,1.0,0.9985724687576294,0.0019782392773777246,1.0446385145187378,0.06983400881290436
133,2.0669269513358994,0.953125,0.921084174367248,0.6825881772670491,0.0,0.046875,0.0,61,0.03792186326303931,0.45606470108032227,1.5,1.0,64,1.0,42,0.65625,0.8849316210737884,29.79375,23.00461417710586,-0.7002871439553556,0.39354914466062785,2.359375,1.1641411466720863,-0.651312909542447,0.36391845750061297,2.7549501562500014,1.2759566317087512,0.20880915983922052,0.609825642949054,245.491265625,74.62206909366742,-0.6575945731852165,0.4954420281162421,1.0,1.000187635421753,0.0036045315209776163,1.0648607015609741,0.07382019609212875
134,2.0421188305394247,0.953125,0.9153433681511488,0.6956705416903184,0.0,0.046875,0.0,61,0.03264802324574602,0.33489084243774414,1.5,1.0,64,1.0,56,0.875,0.8854359134961975,30.348125000000003,22.715939398016868,-0.6908032288854666,0.388610669643358,2.28125,1.2050512177911776,-0.6757353170602219,0.37670722458479344,2.7262750000000016,1.444877988988172,0.19510426959275307,0.690559245291632,242.16596875,70.72133262848648,-0.6796723827105815,0.4695436737965516,1.0,0.9993218779563904,0.004310344811528921,1.0648608207702637,0.06368058174848557
135,2.083045205601804,0.96875,0.9230029241692635,0.6874006183982695,0.0,0.03125,0.0,62,0.0436668902484921,0.39898014068603516,1.5,1.0,64,1.0,50,0.78125,0.8940258314556299,34.62578125,28.49227043234092,-0.6176236508504187,0.4874286772106061,2.59375,1.3546073001058276,-0.5780456869891225,0.4234594753246368,2.6887146875000014,1.3290298930069842,0.17715284307051662,0.6351912665841257,258.211046875,65.7338398116863,-0.5731434946204471,0.4364299637857906,1.0,0.9982198476791382,0.005982053931802511,1.0446386337280273,0.06015719845890999
136,2.0915972722994565,0.984375,0.9238016293162391,0.6540407981626343,0.0,0.015625,0.0,63,0.021950870926088162,0.28959596157073975,1.5,1.0,64,1.0,47,0.734375,0.8955014765647878,32.43109375,19.228479294817127,-0.6551690485594549,0.328949293447872,2.546875,1.2615675702771532,-0.5926991314997875,0.3943746216002264,3.000889843750002,1.3494987541137886,0.3263525969194641,0.6449740727349708,266.97246875,67.72372786779778,-0.5149733490367947,0.4496415268825826,1.0,0.9983474016189575,0.0024461839348077774,1.0230478048324585,0.059374209493398666
137,2.0630533978599805,0.953125,0.9383147676460079,0.6712183502482995,0.0,0.046875,0.0,61,0.03259836823010981,0.31932586431503296,1.5,0.984375,64,0.984375,46,0.71875,0.8870590214434588,32.51703125,27.716649366834066,-0.6536988813417438,0.47415981712188676,2.4375,1.539835624344365,-0.6268905020246722,0.48136311204000437,3.0015825000000014,1.2655361271907661,0.32668364229553853,0.6048453084223048,265.227625,76.72955864868429,-0.5265579772405619,0.5094343887148303,1.0,0.9968776106834412,0.003849855624139309,1.0648607015609741,0.053665872663259506
138,2.0102868412993837,0.9375,0.9243242502212524,0.6709308013187626,0.0,0.03125,0.0,60,0.03302578141040505,0.36473798751831055,1.5,1.0,62,0.96875,49,0.7903225806451613,0.8917383814577529,37.6825806451613,27.464112591471885,-0.5653297598030271,0.4698395694022772,2.5161290322580645,1.4891211467850056,-0.6023105305874279,0.4655094206735311,2.6506603225806464,1.4459356504197336,0.1589652910979346,0.6910647397939497,263.9116290322581,73.30050171223672,-0.5352953349575188,0.48666767983428244,0.96875,0.9971690773963928,0.000971345289144665,1.0837910175323486,0.06499554961919785
139,2.1005267778133323,0.96875,0.9192100037490168,0.6745537545225431,0.0,0.03125,0.0,62,0.03641300783622424,0.3488233983516693,1.5,1.0,64,1.0,44,0.6875,0.8821196300204315,30.69296875,27.7257070288392,-0.6849038487954878,0.4743147701720576,2.28125,1.6532992583014123,-0.6757353170602219,0.5168326174089214,3.0354406250000014,1.2706465849849784,0.3428656600334952,0.607287780315684,263.687265625,72.21398880437795,-0.5367849621264932,0.47945394045152245,1.0,0.9983165264129639,0.004918839316815138,1.0446385145187378,0.0715489313006401
140,2.068119041847545,0.96875,0.9306815901110249,0.6431236187867581,0.0,0.015625,0.0,62,0.0401122389586324,0.338135302066803,1.5,1.0,63,0.984375,59,0.9365079365079365,0.8855192010653501,39.05095238095239,30.95523402235371,-0.5419204766891075,0.5295635813962388,2.5238095238095237,1.6889664619969713,-0.5999095565764638,0.5279824283999285,3.04112888888889,1.449458445302072,0.3455842862760345,0.692748410383304,281.5542698412699,81.64041421762636,-0.418159669196611,0.5420392772205159,0.984375,0.9978415369987488,0.006451612804085016,1.0446385145187378,0.07025803625583649
141,2.0593446945409437,0.921875,0.9436521863533278,0.6913098239389359,0.0,0.0625,0.0,59,0.04544606450557102,0.41899374127388,1.5,1.0,63,0.984375,48,0.7619047619047619,0.8896419340648192,25.757460317460318,18.06821193253227,-0.7693375674893813,0.30910013516643137,1.9365079365079365,0.8140242161878148,-0.7835040359481807,0.2544695185545736,2.9694936507936527,1.5251398824466997,0.3113472252007422,0.7289192957559706,237.43473015873013,63.74649508303679,-0.7110847312507734,0.42323528672996785,0.984375,0.9994159936904907,0.0005390835576690733,1.1014959812164307,0.07587288320064545
142,1.945131918028712,0.890625,0.9312998014583922,0.6836009598000181,0.0,0.078125,0.0,57,0.04884413198480603,0.33915308117866516,1.5,1.0,62,0.96875,54,0.8709677419354839,0.897442550296619,33.19870967741936,23.099618030906427,-0.6420371355728678,0.39517441362253397,2.435483870967742,1.3151838794771735,-0.6275207577025502,0.411135445317115,2.9404069354838733,1.6050056102832209,0.2974456360524434,0.7670900043969661,249.33685483870974,72.07829772430654,-0.6320623607649102,0.47855303989054393,0.96875,0.999610960483551,0.003560529090464115,1.1334558725357056,0.0753168910741806
143,2.1028653357912903,0.96875,0.9262828326994373,0.6662806654793864,0.0,0.015625,0.0,62,0.05138573732720842,0.3169493079185486,1.5,1.0,63,0.984375,54,0.8571428571428571,0.8920915897811988,30.60857142857143,25.212636782271293,-0.6863476675617646,0.43132267135245905,2.1587301587301586,1.1711661425839184,-0.7140358545642879,0.3661145191066221,3.1032941269841294,1.5126870957881293,0.37529529317737537,0.7229676603775799,254.7099841269841,66.00360122438059,-0.5963882752799322,0.43822100419831256,0.984375,0.9977129101753235,0.0025484198704361916,1.0446385145187378,0.059609804302453995
144,2.1569881410339695,0.96875,0.9182551974250425,0.6907739266620597,0.0,0.03125,0.0,62,0.06793796108975592,0.5316823124885559,1.5,1.0,64,1.0,46,0.71875,0.8746979214870995,31.422968750000003,25.589518159278096,-0.6724154465388583,0.4377701319539568,2.234375,1.3890440451529966,-0.6903887615708868,0.43422463655507104,3.1611745312500017,1.4383582677993199,0.4029584236227396,0.6874432356506807,254.387453125,56.01642199556578,-0.5985296714606355,0.3719126266314364,1.0,0.9983717203140259,0.006602336186915636,1.0446385145187378,0.05304618924856186
145,2.0768144791721115,0.953125,0.9044931008190406,0.6887034877246548,0.0,0.046875,0.0,61,0.05821932782369752,0.3695681393146515,1.5,1.0,64,1.0,50,0.78125,0.8785517420546834,31.448125,20.85475776613996,-0.6719850884987647,0.3567706903398939,2.390625,1.3534352992939855,-0.6415439465353372,0.42309309988223076,3.277013750000002,1.3129912289043255,0.4583221595816429,0.6275258111874565,267.987109375,71.16181355195823,-0.5082367948891454,0.47246818077849323,1.0,0.9996216893196106,0.005865102633833885,1.0648607015609741,0.056117329746484756
146,2.048321875438518,0.9375,0.930464447538058,0.6998243606437722,0.0,0.046875,0.0,60,0.027538514158202902,0.28082898259162903,1.5,1.0,63,0.984375,52,0.8253968253968254,0.8849040047096687,29.739841269841268,22.343641863421382,-0.7012093821846247,0.382241626669139,1.9523809523809523,1.2526615655205624,-0.7785420229921883,0.3915905438079615,3.0413577777777796,1.3023972791721679,0.3456936805221728,0.6224625809441753,247.99453968253968,65.93947734501802,-0.6409744607833282,0.4377952633252982,0.984375,0.9980655312538147,0.0076608783565461636,1.0837911367416382,0.06227731332182884
147,2.111413498077479,0.984375,0.9286015304544616,0.64219050544864,0.0,0.015625,0.0,63,0.03509066969278648,0.3212621808052063,1.5,1.0,64,1.0,51,0.796875,0.8824424270688359,36.79203125000001,29.155115126878226,-0.5805647448388795,0.4987682267709548,2.578125,1.466337779768018,-0.5829301684926775,0.45838718484740754,3.314396250000002,1.720748130950697,0.476188603104111,0.822407524858507,286.03368750000004,88.58279486391446,-0.3884192479435463,0.5881321715764004,1.0,1.0007046461105347,0.00045330915600061417,1.023047924041748,0.07171355932950974
148,2.1206725838652325,0.984375,0.9299449679397401,0.64957506892637,0.0,0.015625,0.0,63,0.04598879899930894,0.38820019364356995,1.5,1.0,64,1.0,49,0.765625,0.8870170194696215,35.999531250000004,23.127652714721687,-0.5941223596174807,0.3956540141822907,2.5625,1.4563975247163805,-0.5878146499962325,0.45527979336322566,3.0661053125000017,1.4717079461175482,0.3575214189408152,0.7033822484017033,274.75884375000004,75.5191888841875,-0.4632768808400828,0.5013983203214418,1.0,0.9991316199302673,0.0004734848625957966,1.0230478048324585,0.06695414334535599
149,2.166491766225627,1.0,0.9160243300721049,0.6910591580730725,0.0,0.0,0.0,64,0.04666917514768384,0.41159772872924805,1.5,1.0,64,1.0,56,0.875,0.8794235779657472,37.8384375,28.545886318059804,-0.5626634541897685,0.48834590563280184,2.5625,1.4563975247163805,-0.5878146499962325,0.45527979336322566,3.220833593750002,1.52711818500809,0.43147163891758733,0.7298647978220023,286.390890625,68.39750083064928,-0.38604765140583447,0.45411494134641933,1.0,0.9987710118293762,0.013092550449073315,0.9999999403953552,0.06641650199890137
150,2.0332380274961253,0.953125,0.910882442456777,0.6750431364901318,0.0,0.046875,0.0,61,0.02787044063162939,0.30867552757263184,1.5,1.0,64,1.0,52,0.8125,0.8845370649551956,32.817968750000006,22.783989593824945,-0.64855062304845,0.38977483158704795,2.328125,1.146389543032821,-0.661081872549557,0.35836918520400945,3.055365937500002,1.55746901425209,0.35238868472282286,0.744370552561466,263.55678125,75.5436715333151,-0.5376512935505972,0.5015608691958534,1.0,0.9992740750312805,0.005896805785596371,1.0648607015609741,0.06403293460607529
151,2.116125187895111,0.96875,0.9282310653117395,0.6807278922757268,0.0,0.03125,0.0,62,0.027632677538040707,0.3425023555755615,1.5,1.0,64,1.0,49,0.765625,0.878086191888468,33.496562499999996,24.66853887157879,-0.6369416480911424,0.42201457056380204,2.34375,1.3603624287299323,-0.656197391046002,0.425258567760798,2.8648087500000017,1.7376641661154113,0.2613145396477444,0.8304923074946189,253.598484375,74.47598960801737,-0.6037679110641192,0.494472155295565,1.0,1.002798318862915,0.010909090749919415,1.0446386337280273,0.06900472939014435
152,2.0450626067510083,0.953125,0.9071426616340387,0.6983980902968078,0.0,0.046875,0.0,61,0.03730086375629205,0.3921598792076111,1.5,1.0,64,1.0,55,0.859375,0.8883990405861755,31.707500000000003,20.856686352942074,-0.6675478565325822,0.3568036834464303,2.359375,1.1231538671860593,-0.651312909542447,0.3511055545546586,2.8221409375000013,1.3424946406163043,0.24092205486854254,0.6416265545586113,246.84982812500002,69.59848899054732,-0.6485746013659174,0.4620887219841098,1.0,0.9993100762367249,0.0010389609960839152,1.0648608207702637,0.06874244660139084
153,1.9432359030209074,0.921875,0.8906723175008419,0.6981627619925898,0.0,0.0625,0.0,59,0.022057664048653353,0.35345658659935,1.5,1.0,63,0.984375,51,0.8095238095238095,0.8873303409702564,47.02190476190476,27.194638585582517,-0.4055582031250371,0.4652295696991926,2.7777777777777777,1.2903112020889886,-0.5205173492805862,0.40336007682774033,2.5960449206349216,1.557983350463103,0.13286262288900838,0.7446163723666055,267.8888571428572,71.53499058632738,-0.5088891258383003,0.47494583369002236,0.984375,0.9987735748291016,0.019990481436252594,1.1014962196350098,0.07219753414392471
154,2.112647108707398,0.984375,0.8942272194794246,0.7035106616338503,0.0,0.015625,0.0,63,0.03817559963862696,0.35937702655792236,1.5,1.0,64,1.0,56,0.875,0.8748978251424043,34.49140625,21.51162272086792,-0.6199224577726579,0.36800794209732596,2.5625,1.1709371246996996,-0.5878146499962325,0.36604292655497733,3.1451940625000017,1.4796194305037111,0.3953207818816992,0.7071634318154468,274.25639062500005,76.440525072932,-0.4666128429529916,0.5075153936681417,1.0,0.9974542856216431,0.015347721986472607,1.0230478048324585,0.056178417056798935
155,2.0460889609575883,0.96875,0.8904307667286165,0.6775752325240367,0.0,0.03125,0.0,62,0.05766923244948419,0.3753887414932251,1.5,1.0,64,1.0,51,0.796875,0.8889837781837014,41.324687499999996,30.828774453055114,-0.5030227797141873,0.5274001869159635,2.734375,1.6031432747496401,-0.5340853534571278,0.5011535150760422,2.7580528125000017,1.6044864240753471,0.21029203103992306,0.766841866603597,269.154890625,76.29278727952381,-0.5004834865458737,0.506534510761991,1.0,0.9986966252326965,0.016347501426935196,1.0446386337280273,0.06567815691232681
156,2.1558893958565983,0.984375,0.9179240644924225,0.7067121272623743,0.0,0.015625,0.0,63,0.038702434379758364,0.3862001299858093,1.5,1.0,64,1.0,48,0.75,0.8808812945377638,29.46484375,20.06742937823841,-0.7059138748522317,0.3433015483999238,2.234375,1.1421223049109057,-0.6903887615708868,0.35703521748063277,2.8674679687500015,1.2839213213289455,0.26258547609155536,0.6136322550609563,249.620734375,66.41058683185477,-0.6301775851896871,0.4409231240568229,1.0,0.9983636140823364,0.0,1.0230478048324585,0.05986645072698593
157,2.044271662536362,0.96875,0.912045463438957,0.6546753173649512,0.0,0.03125,0.0,62,0.03856614126691943,0.29380473494529724,1.5,1.0,64,1.0,57,0.890625,0.8893108769939705,38.35671875,29.010396415266346,-0.5537970093513183,0.49629246583305026,2.6875,1.5499495959546556,-0.5487387979677927,0.48452480850451285,3.0712165625000014,1.408904249876278,0.3599642694578809,0.6733660993507599,271.86765625000004,80.56252666004582,-0.48247248632331224,0.5348828045563951,1.0,0.9985455274581909,0.0062082139775156975,1.0446386337280273,0.0718492865562439
158,2.0423076974432623,0.9375,0.9421265085538229,0.6528298325246207,0.0,0.0625,0.0,60,0.04824600167444655,0.35096031427383423,1.5,1.0,64,1.0,46,0.71875,0.8896087729044817,29.559374999999996,21.550683202264725,-0.7042966909127496,0.3686761653905053,2.078125,1.1633019747146482,-0.7392335766064365,0.36365612662673086,2.7912582812500015,1.3168120375213435,0.22616212084287768,0.6293519132771004,243.6731875,77.31730745115286,-0.6696654300304365,0.5133366586767152,1.0,0.998772919178009,0.0025025024078786373,1.0837910175323486,0.0666896179318428
159,2.1515351557774256,0.984375,0.9447752909054832,0.6960478877636387,0.0,0.015625,0.0,63,0.029196657765697,0.2887958884239197,1.5,1.0,64,1.0,55,0.859375,0.8907896777742854,31.387968750000006,19.816226398750178,-0.6730142055511624,0.33900411846031714,2.234375,1.0715378478499955,-0.6903887615708868,0.3349700350836737,3.188398281250002,1.1783384758627766,0.4159696345327855,0.5631704093988743,259.771515625,55.22541489828084,-0.5627829965573129,0.36666085372707924,1.0,0.9986299872398376,0.0015113350236788392,1.0230478048324585,0.07524038106203079
160,2.1140692296222627,0.96875,0.9160138224401781,0.6913209224327034,0.0,0.015625,0.0,62,0.026657747614804113,0.36070752143859863,1.5,1.0,63,0.984375,52,0.8253968253968254,0.8729878062726542,28.076984126984133,23.15468286380873,-0.7296565450549115,0.39611642976428474,2.5714285714285716,1.411003084764672,-0.5850235177084867,0.4410891820154908,3.1022874603174624,1.3775344460394812,0.3748141709103799,0.658373339942988,258.95650793650793,59.50418921623658,-0.5681941177848683,0.3950691336325688,0.984375,0.9994200468063354,0.013930348679423332,1.0446385145187378,0.06844355165958405
161,2.0653837113852545,0.96875,0.9122078490834082,0.6930445716821312,0.0,0.015625,0.0,62,0.022440578665038673,0.30050933361053467,1.5,0.984375,63,0.96875,54,0.8571428571428571,0.886204647817065,30.406349206349205,20.898293717968926,-0.6898071640772997,0.35751547729751765,2.4444444444444446,1.3425606637327303,-0.6247196213564256,0.4196936146817922,3.072504444444447,1.5269970954170142,0.3605797946374179,0.7298069247439548,261.00641269841276,66.96877958733448,-0.5545840827775509,0.4446291610806359,0.984375,0.9988152384757996,0.003948667552322149,1.0446385145187378,0.08280027657747269
162,2.084394563221623,0.96875,0.9302586624699254,0.6737088956558887,0.0,0.03125,0.0,62,0.0336941908807545,0.3133847713470459,1.5,1.0,64,1.0,53,0.828125,0.8936465565234231,36.665625000000006,28.139910485098827,-0.5827272271645674,0.4814007145252856,2.6875,1.4456291882775472,-0.5487387979677927,0.4519135379930152,2.8488003125000017,1.5680277517981884,0.25366353063345404,0.7494169536324465,267.2355625,61.1172889512133,-0.5132265775700173,0.4057790672213502,1.0,1.000412106513977,0.004840271081775427,1.0446385145187378,0.07805583626031876
163,2.161436747899737,0.984375,0.94343772577861,0.7247753857150326,0.0,0.015625,0.0,63,0.032917738209374194,0.3995996117591858,1.5,1.0,64,1.0,54,0.84375,0.8844220060759234,36.11375,26.799917706263578,-0.5921683737335774,0.45847692158956876,2.578125,1.1832778559471988,-0.5829301684926775,0.36990072326017753,3.0793609375000015,1.3684217897644901,0.36385675968628467,0.6540180732091742,268.964625,62.09091940692198,-0.5017467266071012,0.41224334050498906,1.0,0.9990269541740417,0.004950494971126318,1.023047924041748,0.07655388861894608
164,2.0544170571232026,0.953125,0.9396919832854974,0.6677721415281088,0.0,0.046875,0.0,61,0.030172014122734774,0.40868237614631653,1.5,1.0,64,1.0,54,0.84375,0.8981076794722003,33.27140625,25.391390387983108,-0.6407934862015454,0.4343806808496537,2.40625,1.3313380252587996,-0.6366594650317822,0.4161853413987843,3.163743125000002,1.616754797646234,0.4041860471141205,0.7727053643235672,268.78454687500005,79.18343334288151,-0.5029423282910663,0.5257265214578952,1.0,0.9994423985481262,0.004197761416435242,1.0648605823516846,0.07536324858665466
165,2.07880230728411,0.953125,0.9314488543838751,0.7080303627972853,0.0,0.03125,0.0,61,0.03153827778025269,0.31807082891464233,1.5,1.0,63,0.984375,51,0.8095238095238095,0.8870216469224481,31.737142857142857,22.10657723203888,-0.6670407443078756,0.37818606711088665,2.3968253968253967,1.3158337635595367,-0.6396056602244027,0.4113386035110195,3.1663431746031763,1.508192989639017,0.4054287044909874,0.7208197651405814,269.70753968253973,70.96097208645594,-0.496814256072509,0.4711347240115227,0.984375,0.9993006587028503,0.003814973868429661,1.0648607015609741,0.06499765813350677
166,2.0141677257129533,0.9375,0.9213155701756477,0.6759138861265506,0.0,0.046875,0.0,60,0.028364700465612777,0.30746355652809143,1.5,1.0,63,0.984375,54,0.8571428571428571,0.890669485805532,31.71984126984127,22.024644601356787,-0.6673367294885612,0.3767844127959526,2.492063492063492,1.152953637926024,-0.6098335824884485,0.3604211660099889,2.905910634920637,1.5906455877748313,0.28095861122138216,0.7602268322943108,258.6544761904762,77.5059372922554,-0.5701994122323006,0.5145890381962616,0.984375,0.9980614185333252,0.0004955401527695358,1.0837910175323486,0.07753006368875504
167,2.1455961812970434,0.984375,0.9287375041416713,0.6900666113571958,0.0,0.0,0.0,63,0.03786883427007902,0.28506433963775635,1.5,1.0,63,0.984375,49,0.7777777777777778,0.8810334787510838,32.25507936507937,20.917929339464845,-0.6581801971099235,0.35785139173559977,2.5396825396825395,1.2192294837886681,-0.5949475436204715,0.38113944717789583,3.1449604761904784,1.4012478518844866,0.3952091425690069,0.6697068309148372,270.25142857142856,66.34158080259893,-0.4932031874241346,0.4404649688823282,0.984375,0.9996115565299988,0.0,1.0230478048324585,0.07237586379051208
168,2.0969573413002514,0.953125,0.9379422430132256,0.707322985534237,0.0,0.03125,0.0,61,0.035582021867085756,0.32845523953437805,1.5,1.0,63,0.984375,53,0.8412698412698413,0.8817783931276558,33.21492063492063,25.626077298176437,-0.6417598082328115,0.43839556377959854,2.4603174603174605,1.6312951016731327,-0.6197576084004331,0.5099539680615833,3.038818730158731,1.2715991470404293,0.3444801781912267,0.6077430440397623,265.39307936507936,73.99002256188326,-0.5254594678157869,0.49124565002897796,0.984375,0.9969509840011597,0.0014211274683475494,1.0648605823516846,0.07179330289363861
169,2.051002843082779,0.96875,0.8967961145024146,0.6826784874957371,0.0,0.03125,0.0,62,0.04495000061691447,0.4361638128757477,1.5,1.0,64,1.0,53,0.828125,0.891979695961687,38.861250000000005,29.209416637661562,-0.5451657912677016,0.49969718445561917,3.046875,1.699537506021859,-0.43639572338602844,0.5312870088167495,2.868593750000002,1.594291673387532,0.263123527509245,0.7619694279654777,272.3990625,62.219487347432796,-0.4789442942823872,0.41309694804992936,1.0,0.9977467060089111,0.006360078230500221,1.0446386337280273,0.06983958929777145
170,2.0518504043958172,0.96875,0.8956177715332277,0.6868960895426701,0.0,0.03125,0.0,62,0.04651617125514799,0.40552929043769836,1.5,1.0,64,1.0,52,0.8125,0.8890057646458502,37.825781250000006,23.16110693359988,-0.5628799697254677,0.3962263288980882,2.671875,1.3116626793406145,-0.5536232794713477,0.4100346941531254,2.787319375000001,1.4009515898096685,0.2242795756397497,0.6695652365959022,267.35996875,66.83737443343564,-0.5124006009446176,0.44375671628322816,1.0,0.9985788464546204,0.002373042283579707,1.0446385145187378,0.07388314604759216
171,2.144151518679905,0.96875,0.9269361813222209,0.7030875600962684,0.0,0.015625,0.0,62,0.04863484286081267,0.34944382309913635,1.5,1.0,63,0.984375,46,0.7301587301587301,0.8764467693083072,32.51650793650794,20.738197573539107,-0.6537078338751618,0.3547766484600176,2.4126984126984126,1.0178552090083424,-0.6346436472684103,0.31818847626869284,3.173967460317462,1.5678892212942526,0.40907262531258703,0.7493507449138026,261.62880952380954,65.09486537253522,-0.5504517724675724,0.4321875888973367,0.984375,0.9992175102233887,0.0020554985385388136,1.0446385145187378,0.07045283913612366
172,2.09306008501136,0.96875,0.9223879296933452,0.6720365202632484,0.0,0.03125,0.0,62,0.05737997871787228,0.38908669352531433,1.5,1.0,64,1.0,54,0.84375,0.8806794232415008,36.16140625,31.22683140481853,-0.5913530991855741,0.5342099065524968,2.90625,1.7204537010626004,-0.4803560569180232,0.5378255539560295,3.0778703125000018,1.559970693254334,0.36314433629631143,0.7455661950841688,278.684796875,79.98640373353695,-0.4372111042921587,0.5310577228530785,1.0,0.9995905756950378,0.0,1.0446383953094482,0.07237879186868668
173,2.0550257825182747,0.953125,0.9263943756212953,0.6422510676829972,0.0,0.046875,0.0,61,0.046981925045588416,0.2634093761444092,1.5,1.0,64,1.0,43,0.671875,0.8872114013953728,32.745000000000005,25.311292316869164,-0.6497989286678519,0.4330104110797207,2.421875,1.260018446045533,-0.6317749835282273,0.39389035480623874,3.189745937500002,1.697164857702693,0.416613728006425,0.811136228943028,260.511421875,74.84564589160416,-0.5578705000590486,0.49692643271068554,1.0,1.000219464302063,0.005522088147699833,1.0648607015609741,0.07398495078086853
174,2.038929154490279,0.9375,0.928744841615359,0.7068407355982183,0.0,0.0625,0.0,60,0.036758716870777905,0.2825982868671417,1.5,0.984375,64,0.984375,50,0.78125,0.8919634102022196,29.889843749999997,21.51061994197485,-0.6986432297028242,0.36799078715733813,2.4375,1.2975337182516684,-0.6268905020246722,0.40561788461050746,3.1825665625000017,1.3997367894304498,0.41318244604389914,0.6689846397292832,268.465796875,70.51310241702865,-0.505058621076567,0.468161160559747,1.0,1.0001444816589355,0.00698974821716547,1.0837911367416382,0.062325265258550644
175,1.9901686950057456,0.921875,0.9216844439506531,0.6944128840591091,0.0,0.046875,0.0,59,0.03495136304474848,0.3017618954181671,1.5,1.0,62,0.96875,57,0.9193548387096774,0.8959407780600805,33.594193548387096,20.975977469506606,-0.6352714346596431,0.35884444433588286,2.5483870967741935,1.328076700015413,-0.5922264397413789,0.41516582889776676,3.184728709677421,1.5755681625179774,0.4142158140752675,0.7530207875724271,274.83930645161297,82.82069573182099,-0.46274266080894455,0.5498755791918093,0.96875,0.9996545314788818,0.0004725898033939302,1.1014961004257202,0.07071995735168457
176,2.050514442870555,0.953125,0.92409512742621,0.6639209513608644,0.0,0.046875,0.0,61,0.04531777606543792,0.32534655928611755,1.5,1.0,64,1.0,53,0.828125,0.887365334123253,33.69953125,27.21022317241763,-0.6334693804260393,0.4654961814654944,2.671875,1.436735530421309,-0.5536232794713477,0.44913331992595973,3.023534218750002,1.7497114601420771,0.3371751595367072,0.8362501433356139,271.833390625,93.77871935183002,-0.48269998779775386,0.6226297323851263,1.0,0.9987372756004333,0.0022935778833925724,1.0648608207702637,0.06327804923057556
177,2.1096213596524236,0.984375,0.9182780886453296,0.7037722248613855,0.0,0.015625,0.0,63,0.027571971289045493,0.3567042946815491,1.5,1.0,64,1.0,51,0.796875,0.8909196869005414,33.252500000000005,23.763251237467486,-0.6411169229894418,0.406527452573755,2.421875,1.2093992245635847,-0.6317749835282273,0.3780664411388513,2.8799540625000013,1.156346481586401,0.26855303012888865,0.552659643032652,253.87570312500003,68.43064678030778,-0.601927358779788,0.4543350089044769,1.0,0.9988418817520142,0.0020544426515698433,1.023047685623169,0.06495602428913116
178,2.052691640443469,0.953125,0.9310349528906775,0.698590385210155,0.0,0.046875,0.0,61,0.03845216663577194,0.353614866733551,1.5,1.0,64,1.0,58,0.90625,0.8873883124583436,36.5978125,29.66399698438907,-0.5838873227509066,0.5074738724390317,2.578125,1.559293585049012,-0.5829301684926775,0.4874458031861642,3.180286093750002,1.320710629076278,0.41209252787024514,0.6312151906350462,279.3965625000001,83.91440375109838,-0.4324854432501041,0.5571370894369571,1.0,0.9982976317405701,0.002334267133846879,1.0648605823516846,0.06440140306949615
179,2.077077029713082,0.96875,0.9331364689334747,0.694011482500694,0.0,0.03125,0.0,62,0.03141896183744447,0.35041746497154236,1.5,1.0,64,1.0,54,0.84375,0.8919648363577684,38.08671875,26.10685949460215,-0.5584160074462359,0.44662049729574943,2.71875,1.4733969042657855,-0.5389698349606828,0.4605939152820084,3.016208593750002,1.4810822117235642,0.3336739794302595,0.7078625476597653,284.62996875000005,70.97541577941992,-0.39773902790745796,0.4712306207431796,1.0,0.9986975193023682,0.0,1.0446383953094482,0.06302634626626968
180,1.9330182975186874,0.90625,0.9118085596068152,0.6958481668468225,0.0,0.078125,0.0,58,0.03352303927765861,0.36413925886154175,1.5,1.0,63,0.984375,49,0.7777777777777778,0.8953858836993379,38.705714285714286,25.734329533782066,-0.5478266030009512,0.4402474781130541,2.4444444444444446,1.257078722109418,-0.6247196213564256,0.392971377065982,2.6783968253968267,1.7419637467623634,0.17222156505168465,0.8325472319860003,257.4820476190476,79.79179651660277,-0.5779835757687056,0.5297656574438105,0.984375,0.9985544085502625,0.0004894762532785535,1.1180340051651,0.06623657792806625
181,2.0732234094584916,0.984375,0.8947583209900629,0.6530125747882216,0.0,0.015625,0.0,63,0.03053935726178637,0.3819118142127991,1.5,1.0,64,1.0,51,0.796875,0.8881482692491197,42.30578125,31.82251688097044,-0.4862388161505364,0.5444005364766294,2.96875,1.4786897705401225,-0.4608181309038033,0.46224850135674683,2.657732343750001,1.5477619712868316,0.16234526479717823,0.7397312070145132,275.9816875,78.43036933800646,-0.4551579932921004,0.5207266660209157,1.0,0.999870240688324,0.0014124293811619282,1.023047924041748,0.05839594826102257
182,2.070116001820672,0.96875,0.9064722565873977,0.6866704735488524,0.0,0.015625,0.0,62,0.03817255011424822,0.34908246994018555,1.5,1.0,63,0.984375,52,0.8253968253968254,0.8867216235875445,35.58714285714286,25.85758612265853,-0.601177252954419,0.4423560779249298,2.4285714285714284,1.3652639225553764,-0.629681634312418,0.42679080814032894,2.822785714285715,1.4673176681934788,0.24123021692369015,0.7012839764140534,257.27736507936504,72.18550717495043,-0.5793425347712096,0.47926484094759536,0.984375,0.9984405040740967,0.004506760276854038,1.0446385145187378,0.05263066664338112
183,2.0604473993010926,0.96875,0.9088736416832093,0.6569569933487851,0.0,0.03125,0.0,62,0.03588966659765974,0.3493362069129944,1.5,1.0,64,1.0,52,0.8125,0.8939643305358783,37.84734374999999,26.822052042243822,-0.5625110914053877,0.45885558253669845,2.765625,1.8853231445497614,-0.5243163904500179,0.5893648657777536,3.0363971875000018,1.3321887359453215,0.34332283571414707,0.6367009914274121,271.50518750000003,84.64665443991925,-0.4848790431879222,0.5619987579857553,1.0,0.9977973699569702,0.012458073906600475,1.0446385145187378,0.067753367125988
184,1.9210789895321505,0.90625,0.9147867935484854,0.6405841433758936,0.0,0.09375,0.0,58,0.037334776589129814,0.3659493029117584,1.5,1.0,64,1.0,38,0.59375,0.8953730915267877,37.634375000000006,25.31103729570116,-0.566154433074006,0.43300604833050155,2.5,1.5,-0.6073525760104523,0.468910224341277,2.5010839062500008,1.3329952777305447,0.08747733297141409,0.6370864668037032,239.61618750000002,82.45304458066482,-0.6966012726367917,0.5474346145525222,1.0,0.9969469904899597,0.0009955201530829072,1.1180338859558105,0.08155988901853561
185,2.116172579877714,0.984375,0.9062516372355204,0.672943049745822,0.0,0.015625,0.0,63,0.04982673001775621,0.3339843153953552,1.5,1.0,64,1.0,46,0.71875,0.8831545012017705,32.67,27.686379322692233,-0.6510819836942181,0.47364197535809344,2.203125,1.5327639199743057,-0.7001577245779967,0.4791524490515779,2.871943281250002,1.5030994538401476,0.26472438916656776,0.7183853808784222,248.49903125,72.52549273121335,-0.6376249647376431,0.48152212402177136,1.0,0.9992932677268982,0.0016304347664117813,1.0230478048324585,0.07366746664047241
186,2.062080145070274,0.953125,0.9277071444714655,0.6845384027636221,0.0,0.046875,0.0,61,0.02353161601975653,0.2888053357601166,1.5,1.0,64,1.0,53,0.828125,0.8836348095472916,31.482656250000005,26.610846428323843,-0.6713943485803753,0.4552424035428751,2.421875,1.6937817109577609,-0.6317749835282273,0.5294877080469038,3.209481875000002,1.3593492112058123,0.42604624356067394,0.6496819610598591,271.1147656250001,97.45329437170508,-0.4874711906306328,0.647026521732082,1.0,0.9978116154670715,0.0019436345901340246,1.0648608207702637,0.08496472984552383
187,2.0509576258201982,0.9375,0.913966037829717,0.7061153694652427,0.0,0.0625,0.0,60,0.04475983789378184,0.30968570709228516,1.5,1.0,64,1.0,47,0.734375,0.8757590733963491,31.92671875,20.33289814674481,-0.6637975936117665,0.347843028903595,2.40625,1.19528696868158,-0.6366594650317822,0.37365485375778973,2.9238865625000017,1.2688949417483057,0.289549954627005,0.6064506069067487,252.74526562500003,66.54514846380668,-0.6094327288996603,0.4418165258165249,1.0,1.0002176761627197,0.004140786826610565,1.0837910175323486,0.0703672245144844
188,2.0899950378176246,0.96875,0.9153240803749331,0.6707201482205912,0.0,0.03125,0.0,62,0.06653305969968909,0.43319520354270935,1.5,1.0,64,1.0,50,0.78125,0.8933121475135075,32.414375,25.31632457989064,-0.6554550629090823,0.4330965000179034,2.359375,1.254581447884114,-0.651312909542447,0.3921907121211627,3.147577500000002,1.6215628438552356,0.3964599125306148,0.7750033028254476,268.21273437499997,70.51317998569539,-0.506738791564507,0.46816167556526794,1.0,0.999022901058197,0.002967359032481909,1.0446385145187378,0.07275784015655518
189,2.1612248999943873,0.984375,0.9366042897814796,0.6884857810787915,0.0,0.015625,0.0,63,0.03987022658923235,0.27969425916671753,1.5,1.0,64,1.0,53,0.828125,0.8869490562644482,24.384687500000002,18.578929847473557,-0.7928221416693962,0.31783719100403934,1.921875,1.0651391854471415,-0.7880783916419862,0.3329697696018028,3.5063148437500025,1.3876287165363181,0.5679134132731977,0.6631977554778573,256.76734375,62.406093504114956,-0.5827287448411284,0.4143358916204907,1.0,0.9992987513542175,0.003047232050448656,1.0230478048324585,0.06236184760928154
190,2.1308526200415,0.96875,0.9330530695376857,0.6837308629001673,0.0,0.015625,0.0,62,0.052331153840473946,0.3512040078639984,1.5,1.0,63,0.984375,49,0.7777777777777778,0.880771594275253,26.48888888888889,24.114032344431518,-0.7568247260893923,0.4125284054063476,2.015873015873016,1.2017456019522348,-0.758693971168219,0.37567386654171026,3.4464512698412717,1.3498710167583068,0.5393024546082226,0.645151990464224,267.70339682539685,72.69582184573376,-0.5101204617813214,0.4826529986138349,0.984375,0.9981904029846191,0.003436426166445017,1.0446385145187378,0.0669415146112442
191,2.040008496292467,0.9375,0.9474659015734991,0.6664945186978574,0.0,0.046875,0.0,60,0.040384156356435566,0.28216835856437683,1.5,1.0,63,0.984375,46,0.7301587301587301,0.9024559657083909,33.070634920634916,21.6059788810042,-0.6442281617121063,0.369622130704412,2.507936507936508,1.3901354949721472,-0.6048715695324562,0.4345658312081078,2.9813896825396844,1.5488327360418312,0.31703276734832364,0.7402429640671729,257.85758730158733,66.75140799481312,-0.5754902364092452,0.4431859550162415,0.984375,0.9992492198944092,0.004018081352114677,1.0837910175323486,0.08007677644491196
192,2.031088493707551,0.9375,0.9287464718023936,0.7007638056636051,0.0,0.0625,0.0,60,0.036632354099973785,0.3294565677642822,1.5,1.0,64,1.0,51,0.796875,0.8903874742036794,29.97671875,20.678482555446337,-0.6971570242972834,0.3537550797385047,2.171875,1.0833208132289345,-0.7099266875851067,0.3386534703765029,3.197093750000002,1.471114500023602,0.4201255123184676,0.7030986191334329,264.342859375,77.8067746537993,-0.5324322458179623,0.516586402707146,1.0,1.0000323057174683,0.0010055304737761617,1.0837912559509277,0.07544741779565811
193,2.126651546933656,0.96875,0.9518807184311652,0.7047320962648653,0.0,0.03125,0.0,62,0.03024794395197987,0.33709028363227844,1.5,1.0,64,1.0,49,0.765625,0.8941455181704552,34.54921875,25.26775182326573,-0.618933436189834,0.43226554642414283,2.5,1.357847561400027,-0.6073525760104523,0.4244724030915617,3.205185312500002,1.5675043287410029,0.4239927615504552,0.7491667908961511,276.53006250000004,66.83942781418277,-0.45151713978229985,0.44377034939651766,1.0,0.9980664849281311,0.0032139576505869627,1.0446386337280273,0.06265261769294739
194,2.058159528926285,0.953125,0.9383294826648274,0.6555248150496213,0.0,0.046875,0.0,61,0.030566666163334776,0.399624228477478,1.5,1.0,64,1.0,45,0.703125,0.8875164485904784,31.836406249999996,25.21933684987496,-0.6653426057060157,0.4314372920913374,2.46875,1.4574029770451273,-0.6171215390175623,0.4555941046145838,3.322666562500002,1.4813162713616184,0.48014128340089196,0.707974413193215,272.1573125,73.93801904337577,-0.48054935712441016,0.4909003804727802,1.0,0.9989601373672485,0.006063432898372412,1.0648609399795532,0.06062033027410507
195,2.020355315854582,0.9375,0.9183401832977931,0.688937026463882,0.0,0.0625,0.0,60,0.037578409711455485,0.343026340007782,1.5,1.0,64,1.0,50,0.78125,0.8944364642426085,33.185625,24.086698149276813,-0.6422609803879515,0.41206078838654875,2.5,1.299038105676658,-0.6073525760104523,0.4060881663738061,3.171892812500002,1.4446636897718512,0.4080810763776666,0.6904568239756338,268.96135937500003,76.9552981447199,-0.5017684082341681,0.5109331522187133,1.0,1.0006603002548218,0.006483790464699268,1.0837911367416382,0.0743970274925232
196,2.0797323025809167,0.96875,0.9127582326050727,0.6971931525274684,0.0,0.03125,0.0,62,0.04317034261962698,0.34636804461479187,1.5,1.0,64,1.0,49,0.765625,0.8866516797027157,30.65078125,21.40183442084226,-0.6856255672478186,0.3661297496948712,2.40625,1.1554050967085094,-0.6366594650317822,0.3611875087350947,3.243784375000002,1.4869401897246455,0.4424406441205472,0.7106622863907806,268.90734375,74.81548769080565,-0.5021270368694368,0.4967262018627685,1.0,0.9986832141876221,0.0009460737928748131,1.0446385145187378,0.06466212123632431
197,2.1231237098109332,0.984375,0.929673634351246,0.6702914121471266,0.0,0.015625,0.0,63,0.036665800959976395,0.3552114963531494,1.5,1.0,64,1.0,50,0.78125,0.8897989388515276,36.285000000000004,25.23998860934767,-0.589238731423375,0.4317905900086009,2.65625,1.4276154725625525,-0.5585077609749026,0.44628232767492315,2.8845675000000015,1.551110164802336,0.270757958117605,0.7413314293203263,259.376046875,63.9050186977786,-0.5654086519691277,0.4242877804780763,1.0,0.9987653493881226,0.0010235414374619722,1.0230478048324585,0.07827480137348175
198,2.0487521188275584,0.953125,0.9204586275288316,0.6669277735949367,0.0,0.03125,0.0,61,0.03961733660451361,0.3950498104095459,1.5,1.0,63,0.984375,51,0.8095238095238095,0.8840570013786183,36.65444444444445,31.919746079358514,-0.5829184974046089,0.5460638752993143,2.746031746031746,1.8599219472294637,-0.530441375192571,0.5814242783550884,3.0422495238095255,1.3697931837920896,0.3461198780775148,0.654673511821925,274.4660634920635,78.04002637899396,-0.4652207514208142,0.5181350425290597,0.984375,0.9977971911430359,0.002360717626288533,1.0648607015609741,0.06532906740903854
199,2.11717437496715,0.96875,0.9445054011960183,0.6867980134326801,0.0,0.03125,0.0,62,0.025310670479031523,0.3012320399284363,1.5,1.0,64,1.0,54,0.84375,0.8803511693596285,32.123906250000005,24.12221775518808,-0.6604242281049457,0.41266843650520196,2.40625,1.2464794171986957,-0.6366594650317822,0.3896579621036164,3.3134901562500025,1.3661108383238592,0.47575554825731303,0.6529135862594732,277.214578125,78.86554135655605,-0.44697240102543767,0.523615925325412,1.0,0.9982043504714966,0.0014627011260017753,1.0446385145187378,0.06761057674884796
