step,reward_mean,valid_frac,c_mean,qed_mean,tox_mean,undersized_frac,alerts_mean,n_rankable,d_var,d_loss,w_C,unique,n_valid,unique_smiles_frac,n_scaffolds,scaffold_frac,tanimoto_dist,tpsa_mean,tpsa_sd,tpsa_drift_sd,tpsa_spread_ratio,hba_mean,hba_sd,hba_drift_sd,hba_spread_ratio,logp_mean,logp_sd,logp_drift_sd,logp_spread_ratio,mw_mean,mw_sd,mw_drift_sd,mw_spread_ratio,rdkit_valid_frac,ratio_mean,clip_frac,adv_std,kl
0,1.1045700608285718,0.859375,0.852694030512463,0.5582206051451795,0.0,0.140625,0.0,55,8.321153434076578e-07,0.7391569018363953,0.2,1.0,64,1.0,49,0.765625,0.9189736375994233,57.84109375,37.19458559039489,-0.22047000562664132,0.6363026666047729,3.6875,1.8445443204217133,-0.23613198174027472,0.5766171273975826,2.3036268750000017,1.9913252070911192,-0.006894496011193351,0.9517260575766879,291.574078125,112.5392837093876,-0.3516346559167467,0.7471876837633786,1.0,0.995103657245636,0.04456476494669914,1.1611262559890747,0.0041016824543476105
1,1.2079385160998086,0.921875,0.8679613748849448,0.5764724023802088,0.0,0.0625,0.0,59,0.004232962761380617,0.7023422718048096,0.21300000000000002,1.0,63,0.984375,51,0.8095238095238095,0.9140167072332069,54.89746031746032,36.133680149813976,-0.2708279212452966,0.6181533324976206,3.6984126984126986,1.8740917007168816,-0.23272059783302992,0.5858538398795189,2.475288888888891,1.7308935144922888,0.07514896486218241,0.827256369158905,288.5497936507937,99.71680281791667,-0.37171393878439923,0.6620547463427083,0.984375,0.9984127283096313,0.008909630589187145,1.1014958620071411,0.00532543333247304
2,1.1027807090071806,0.859375,0.8488507704301314,0.5208085558216213,0.0,0.125,0.0,55,0.004191877976292613,0.7053482532501221,0.226,1.0,63,0.984375,46,0.7301587301587301,0.9179353726854198,58.21730158730159,35.82385549989419,-0.21403406753853324,0.6128530381726649,3.6825396825396823,2.0765156776524485,-0.2376826107890224,0.649132954837459,2.1168395238095252,1.9869264228414427,-0.09616690049874929,0.9496237201095746,280.82914285714287,111.22165861258843,-0.42297404097725355,0.7384395096885533,0.984375,0.997930645942688,0.0004330879310145974,1.1611263751983643,0.007680969778448343
3,1.1501932657077958,0.875,0.8837199115327427,0.5346221592505611,0.0,0.078125,0.0,56,0.012127411359291997,0.6750784516334534,0.23900000000000002,1.0,61,0.953125,44,0.7213114754098361,0.9185187428264463,56.80245901639345,34.275284105469,-0.2382383458334711,0.5863610073552795,3.9344262295081966,2.1028384599916867,-0.15894115929065195,0.6573616360187782,2.3072396721311486,1.5326326542121154,-0.005167810104638965,0.7325003613233763,284.27881967213114,95.81465122496108,-0.40007042950786315,0.6361469964945471,0.953125,0.9984918236732483,0.005496828816831112,1.1478066444396973,0.008688349276781082
4,1.1645311651049055,0.890625,0.8620324092998839,0.5632017825737483,0.0,0.09375,0.0,57,0.004155373472339061,0.6626293659210205,0.252,1.0,63,0.984375,51,0.8095238095238095,0.9161592703741727,55.743968253968276,35.087741111625476,-0.25634637107469294,0.6002600346280178,3.984126984126984,2.1638594524383454,-0.14340436462516767,0.6764372141905716,2.7984706349206365,1.774661633034501,0.22960916450021643,0.8481747298362039,304.6466984126986,127.18860748618226,-0.26484095551692044,0.8444496703399818,0.984375,0.9986785650253296,0.0029325513169169426,1.133455753326416,0.010478082112967968
5,1.198150177903506,0.90625,0.8272902174242611,0.5404882851904842,0.0,0.078125,0.0,58,0.004128230486717564,0.6644365191459656,0.265,1.0,63,0.984375,48,0.7619047619047619,0.9096119191842938,58.98952380952381,32.4305524882614,-0.20082335282261632,0.554802445038552,3.873015873015873,2.0586022649998066,-0.17813845531711414,0.6435330999403469,2.4174639682539696,1.9942159324012507,0.047512352042948264,0.9531076393460302,299.229380952381,110.68762991301085,-0.3008084217382107,0.7348939062872474,0.984375,0.9969998002052307,0.0012552301632240415,1.118033766746521,0.011614321731030941
6,1.0909967248663108,0.8125,0.861433150103459,0.5929535679795627,0.0,0.1875,0.0,52,4.691338801410781e-06,0.6484797596931458,0.278,1.0,64,1.0,49,0.765625,0.9304199063346328,47.3840625,34.90433088810175,-0.3993626257090311,0.5971223625056306,3.328125,2.0543755704288835,-0.348475056322039,0.6422118064073645,2.050591562500001,1.7793516260453024,-0.12782918791171696,0.8504162464615834,254.511640625,105.249023419069,-0.5977051471930297,0.698785094722367,1.0,0.9981050491333008,0.0012992637930437922,1.1952284574508667,0.015586134046316147
7,1.2214487566804606,0.90625,0.8660254781616146,0.5726071404795443,0.0,0.09375,0.0,58,1.0840742907732535e-05,0.6348083019256592,0.29100000000000004,1.0,64,1.0,50,0.78125,0.9170867734564213,54.26953124999999,34.548096882719506,-0.2815701551947141,0.5910281247567214,3.71875,2.1756374784186816,-0.22636301873316478,0.6801191053937294,1.9836051562500012,1.7953804195611942,-0.15984440476555833,0.858076984349231,277.03560937500004,104.34150502925142,-0.44816063718059057,0.6927597625778023,1.0,0.9988036155700684,0.0009358914103358984,1.1180338859558105,0.017343973740935326
8,1.2852372443869182,0.921875,0.8708113310700756,0.6151289040063626,0.0,0.078125,0.0,59,1.5165681262785911e-05,0.6391383409500122,0.30400000000000005,1.0,64,1.0,49,0.765625,0.9122871806603495,42.80500000000001,28.712872820827247,-0.4776984811312874,0.49120261058894926,3.15625,1.6126332309300835,-0.40220435286114364,0.5041201400637492,2.5343984375000015,1.6226591877447842,0.10339954767229381,0.775527285068043,274.84282812500004,95.60135794661127,-0.46271927918704037,0.6347308677850021,1.0,1.001503586769104,0.0013786765048280358,1.1014959812164307,0.016970129683613777
9,1.325319952048142,0.953125,0.8601801429615646,0.6039798424202882,0.0,0.046875,0.0,61,1.399775576547968e-05,0.6305031180381775,0.317,1.0,64,1.0,51,0.796875,0.9002137559328394,56.88421875,35.80545968340092,-0.23683964933802795,0.6125383335751209,3.875,1.8157298807917437,-0.1775182036976151,0.5676095371634778,2.2356351562500008,1.4921678399165517,-0.03939018792699424,0.7131607687530868,288.98071875000005,92.92131309296546,-0.3688528762634845,0.6169371122129598,1.0,0.9979297518730164,0.0016985137481242418,1.0648607015609741,0.024369876831769943
10,1.2015678164508548,0.859375,0.881781647422097,0.628487213483653,0.0,0.140625,0.0,55,3.498707300508461e-05,0.6021955609321594,0.33,1.0,64,1.0,52,0.8125,0.9132817231549252,46.22,30.61238566740593,-0.4192767089307539,0.5236983373282778,3.359375,2.0338324929489646,-0.33870609331492907,0.6357899003608518,2.313331250000001,1.7365445152078427,-0.002256425580956286,0.829957185988434,268.98240625000005,106.532559544418,-0.5016286706664195,0.7073069401874822,1.0,0.9983952641487122,0.004986400716006756,1.1611261367797852,0.028761006891727448
11,1.292652506808328,0.90625,0.9025896499896872,0.6259265166107059,0.0,0.078125,0.0,58,0.00403171204942993,0.6157413125038147,0.343,1.0,63,0.984375,45,0.7142857142857143,0.9135888819826666,39.782222222222224,29.556896729326603,-0.529410350749492,0.5056416654979253,2.984126984126984,1.7949847546955147,-0.45601118085268566,0.5611244693422972,2.628378253968255,1.521773569420183,0.14831588775607543,0.7273104134830566,261.247380952381,94.54951219325177,-0.552984210220978,0.6277472957715304,0.984375,0.998267650604248,0.010531354695558548,1.1180338859558105,0.0390532985329628
12,1.3340844402650651,0.921875,0.899575193049544,0.6317392968291845,0.0,0.078125,0.0,59,0.00015618592751883917,0.6204113364219666,0.356,1.0,64,1.0,51,0.796875,0.9061832089773898,37.37390625,24.981532530125346,-0.5706103762593232,0.42736907838805344,2.875,1.595893166850463,-0.4901250199251331,0.49888708192837444,2.9432720312500016,1.5009695241630296,0.2988149685393555,0.7173674107511419,266.23932812500004,91.7589351248788,-0.5198409261832883,0.6092196781490018,1.0,0.998891294002533,0.019468186423182487,1.1014958620071411,0.04149142652750015
13,1.3629533076110958,0.921875,0.8999557565834563,0.6848989518426795,0.0,0.0625,0.0,59,0.004046947077559421,0.5954946875572205,0.369,1.0,63,0.984375,56,0.8888888888888888,0.8986178075608202,39.84761904761904,26.691427891787548,-0.5282915810757084,0.45662094289926225,3.0793650793650795,1.5461327824617044,-0.4262391031167316,0.4833316465903471,3.0323296825396846,1.4719275760683268,0.34137882855435664,0.7034872174677483,280.90492063492064,81.13046478227129,-0.4224709257947834,0.5386535444800861,0.984375,0.9989453554153442,0.011455846950411797,1.1014961004257202,0.041747208684682846
14,1.2961395183341233,0.890625,0.8723217635823969,0.662180402504842,0.0,0.109375,0.0,57,0.00031275709416153804,0.5597941875457764,0.382,1.0,64,1.0,50,0.78125,0.8967536489510347,40.744375,27.068278706068014,-0.5129504179806944,0.46306788065196475,2.796875,1.6600045886608266,-0.5145474274429079,0.5189287493843316,2.817028906250001,1.6600865616579297,0.23847883096395556,0.7934151754502676,259.137578125,87.93806120179931,-0.5669919294442408,0.5838515591914478,1.0,1.000262975692749,0.0035353535786271095,1.1334556341171265,0.04029044508934021
15,1.3178062207559684,0.90625,0.8919855011948223,0.6295249134824468,0.0,0.0625,0.0,58,0.008114466037092377,0.5986368060112,0.395,1.0,62,0.96875,53,0.8548387096774194,0.8958593152954873,42.0359677419355,25.360829872175138,-0.49085462385325124,0.43385786987077696,3.0161290322580645,1.3853139330231596,-0.44600712247366886,0.4330585780779911,3.116307258064518,1.6414853915753835,0.38151473734237873,0.7845250061268774,282.7485,87.01369153995995,-0.41023075729340275,0.5777143455554126,0.96875,0.9980118870735168,0.004136029630899429,1.1180338859558105,0.03478137403726578
16,1.322190941365315,0.9375,0.8919629206260046,0.5673533443907188,0.0,0.0625,0.0,60,0.0014941914835098066,0.5224513411521912,0.40800000000000003,1.0,64,1.0,49,0.765625,0.8998875476102606,47.80203125,29.51309291969453,-0.3922122669683453,0.5048922961896265,3.21875,1.6906798743404974,-0.3826664268469238,0.5285180527775231,2.9285900000000016,1.8052947890225244,0.29179789685813473,0.86281541869797,291.82762500000007,91.73876271162254,-0.34995126949369165,0.6090857464387576,1.0,0.9984070658683777,0.007657657843083143,1.083790898323059,0.02835582196712494
17,1.3203552228346862,0.921875,0.9110741362733356,0.6169538068626378,0.0,0.0625,0.0,59,0.004783437251961842,0.5500171780586243,0.42100000000000004,1.0,63,0.984375,47,0.746031746031746,0.9052997399268589,50.92412698412698,33.98780152950867,-0.3388013253087775,0.5814429278342321,3.2857142857142856,1.7129624522480904,-0.3617329346888311,0.5354837385145574,2.678318095238098,1.6647309160254637,0.17218393707243115,0.7956348797238147,288.50861904761905,99.90634210693645,-0.371987311382499,0.6633131640052071,0.984375,0.9973303079605103,0.022064946591854095,1.1014961004257202,0.02725115604698658
18,1.3408401437613424,0.96875,0.869540732233755,0.5604972953978911,0.0,0.03125,0.0,62,0.003726499565914433,0.5501685738563538,0.434,1.0,64,1.0,53,0.828125,0.9039816869477486,57.20109375,37.399095540416624,-0.2314187418516315,0.6398013001956696,3.546875,1.7934750442576557,-0.28009231527226947,0.5606525235688927,2.5523387500000014,1.828876967554561,0.1119738693483903,0.8740861914092491,288.95418750000005,104.89305585435511,-0.36902902651592473,0.6964217015017359,1.0,1.0005192756652832,0.004743423778563738,1.0446385145187378,0.029533781111240387
19,1.3143042078964422,0.953125,0.9087305005456581,0.5567565037473585,0.0,0.046875,0.0,61,0.005307461800471491,0.4858545660972595,0.44700000000000006,1.0,64,1.0,47,0.734375,0.9086595370798825,51.30015625000001,38.423214641842314,-0.33236844211358924,0.6573213156714256,3.34375,1.7519520363012224,-0.34359057481848404,0.5476721482514422,2.4417592187500015,1.9258411625331946,0.05912392753553351,0.9204288735007984,277.45771875,87.68837637970272,-0.4453581053374388,0.5821938142890102,1.0,0.9995313286781311,0.0035288927610963583,1.0648608207702637,0.02964869886636734
20,1.3918741853154872,0.96875,0.8776402410960966,0.6097038568800706,0.0,0.015625,0.0,62,0.008424618608069409,0.535182535648346,0.46,1.0,63,0.984375,51,0.8095238095238095,0.8961465187540295,51.3873015873016,28.856565603565066,-0.33087761193960025,0.493660820550873,3.4126984126984126,1.5392733869715123,-0.3220368310408923,0.48118735280491276,2.8616898412698433,1.5964689734878985,0.25982390080124923,0.7630100381246341,294.3177301587302,80.8858345883516,-0.3334185900189988,0.5370293590228066,0.984375,0.9996978640556335,0.0008699434692971408,1.0446385145187378,0.03027121163904667
21,1.3014546109037952,0.90625,0.8925935055675178,0.6294598831995587,0.0,0.0625,0.0,58,0.009543519222234887,0.5022805333137512,0.47300000000000003,1.0,62,0.96875,47,0.7580645161290323,0.904463538691116,46.808064516129036,32.851279487956596,-0.40921645382079563,0.5619999902610431,3.0483870967741935,1.799887266674425,-0.4359230316276199,0.5626570280035417,2.7732582258064533,1.9027857493121938,0.2175592458617114,0.9094098609093405,275.56716129032264,97.49982149068751,-0.4579101778472098,0.647335431555557,0.96875,0.9990056753158569,0.0009107468067668378,1.1180340051651,0.030796939507126808
22,1.3337133782638204,0.9375,0.8928237751126289,0.5852725171041934,0.0,0.0625,0.0,60,0.010043954575411311,0.49363696575164795,0.48600000000000004,1.0,64,1.0,50,0.78125,0.9013370265820236,42.70265625,25.708736917278454,-0.4794493166360162,0.43980965497648317,2.96875,1.6580179243602886,-0.4608181309038033,0.5183077045824276,2.646338281250001,1.6334494613791586,0.15689963183662928,0.7806843455771189,266.17795312500004,87.38005608679926,-0.5202484162843395,0.5801467679784376,1.0,0.9970987439155579,0.009183180518448353,1.0837911367416382,0.02597878873348236
23,1.24682287029494,0.90625,0.8704122495034645,0.6104398742865568,0.0,0.078125,0.0,58,0.014860395853174613,0.49970996379852295,0.49900000000000005,1.0,63,0.984375,47,0.746031746031746,0.9155217567757219,55.068412698412686,28.91670178158149,-0.26790337042329426,0.4946895942238119,3.4126984126984126,1.7332868183769776,-0.3220368310408923,0.5418372739019512,2.07597888888889,1.6148264157144707,-0.11569567000591745,0.7717837211249156,268.87182539682544,89.60045256485408,-0.5023628556445777,0.5948887571469341,0.984375,0.9980500340461731,0.007397133391350508,1.1180338859558105,0.02816941775381565
24,1.3659663464770295,0.96875,0.8801636368997635,0.6060935872085218,0.0,0.03125,0.0,62,0.01671512865478989,0.490350604057312,0.512,1.0,64,1.0,49,0.765625,0.9012703375576883,46.29140625,32.86599662204025,-0.4180551336244012,0.5622517621658395,3.203125,1.778163444224124,-0.38755090835047873,0.5558660130310612,2.9338665625000018,1.6419873141297983,0.2943197561746338,0.784764892998304,300.6326562500001,89.5095901286943,-0.2914915860098267,0.5942854896391131,1.0,0.9991162419319153,0.001332149258814752,1.0446385145187378,0.024229202419519424
25,1.1907040926573704,0.890625,0.8738667196349094,0.5255280270602164,0.0,0.109375,0.0,57,0.014727184816017876,0.4816523790359497,0.525,1.0,64,1.0,44,0.6875,0.9097078487870254,58.550937499999996,36.342931986441236,-0.20832642440834778,0.6217330874410997,3.703125,2.485455739773895,-0.23124750023671975,0.7769704056851279,2.237581562500001,1.6498829085207267,-0.03845993025729838,0.7885384820108591,285.89893750000005,125.06920568577665,-0.3893139003446324,0.8303782201759808,1.0,0.9999487400054932,0.001290877815335989,1.1334558725357056,0.030929608270525932
26,1.33279188442783,0.921875,0.9041391323178501,0.6178433092711518,0.0,0.078125,0.0,59,0.024663388533476778,0.4263237714767456,0.538,1.0,64,1.0,51,0.796875,0.9062401286391922,44.682187500000005,33.31071371705872,-0.44558468303386745,0.5698597155534975,2.984375,1.7454600709769903,-0.45593364940024833,0.5456427156403746,2.873745625000002,1.698047793634904,0.26558579417740036,0.8115582158344025,287.6027656250001,96.42254907870725,-0.37800158922723476,0.6401830430583253,1.0,0.9993556141853333,0.0008583691087551415,1.1014961004257202,0.02548280730843544
27,1.2975898524265466,0.90625,0.8973492229806965,0.5822770714758779,0.0,0.0625,0.0,58,0.02694474504728824,0.46468377113342285,0.551,1.0,62,0.96875,45,0.7258064516129032,0.9055083292005128,43.556612903225805,32.53806544716057,-0.46484033828641497,0.5566417122694196,3.1451612903225805,1.9825592306455033,-0.40567075908947303,0.6197615290745684,2.739511774193549,1.498347030568886,0.20143060085868444,0.7161140265824051,271.5998387096775,105.88149619864805,-0.48425062068696745,0.7029843028178921,0.96875,0.9972749352455139,0.0,1.1180338859558105,0.03110092133283615
28,1.3427269805976585,0.9375,0.9195019433895747,0.6031208241326326,0.0,0.0625,0.0,60,0.026868681093993492,0.4031948447227478,0.5640000000000001,1.0,64,1.0,52,0.8125,0.9015868515995207,45.58859375,31.20949023670462,-0.430078428433973,0.5339132442470086,2.96875,1.4574029770451273,-0.4608181309038033,0.4555941046145838,2.7251734375000014,1.5841424524794365,0.19457779318821294,0.7571187496493795,275.97264062500005,82.02958721121749,-0.4552180586608651,0.5446231329025507,1.0,0.9990659952163696,0.00047915667528286576,1.0837911367416382,0.03270043432712555
29,1.3906193012055297,0.953125,0.9165511487937364,0.6070273969130946,0.0,0.03125,0.0,61,0.03669295561292524,0.42333856225013733,0.577,1.0,63,0.984375,48,0.7619047619047619,0.8859684746708977,43.636190476190485,31.36331485702463,-0.46347897288670376,0.5365447836107478,2.7142857142857144,1.526782813512514,-0.5403654011045556,0.4772827144030394,2.853153492063494,1.6267210330748565,0.25574407197804827,0.777468587286641,279.993888888889,82.2135215254923,-0.4285195843406305,0.5458443371764511,0.984375,0.9991556406021118,0.0009041591547429562,1.0648608207702637,0.029346587136387825
30,1.3817939823676064,0.953125,0.9337943987768205,0.5688868843698012,0.0,0.046875,0.0,61,0.03323928533707868,0.4281313419342041,0.5900000000000001,1.0,64,1.0,51,0.796875,0.9028255032348864,41.8165625,34.57668078067346,-0.49460807716626987,0.5915171209426275,2.84375,1.9301776958352823,-0.499893982932243,0.6033867042484342,3.2955151562500022,1.612772326075888,0.4671646481752862,0.7708019976843263,296.95331250000004,97.02257938279037,-0.31592003662473384,0.6441668542069144,1.0,0.9974729418754578,0.003859348129481077,1.0648608207702637,0.03144409880042076
31,1.3768680101407313,0.921875,0.9045586222309178,0.6415779155522395,0.0,0.078125,0.0,59,0.04332397836128899,0.4578613340854645,0.603,1.0,64,1.0,46,0.71875,0.9024480201706552,42.72765625,34.566876157954106,-0.47902163162722744,0.5913493893364716,2.953125,1.8910123570127721,-0.4657026124073583,0.5911433523726574,2.7275065625000012,1.5620921713864833,0.19569287768077911,0.7465801259136263,275.0983281250001,94.47956619556275,-0.46102292528368205,0.6272828998176986,1.0,0.9991797208786011,0.003714020363986492,1.1014959812164307,0.03424461558461189
32,1.3817906574995438,0.96875,0.9003471611968933,0.5874103876122765,0.0,0.03125,0.0,62,0.04920050561629894,0.4298669695854187,0.6160000000000001,1.0,64,1.0,52,0.8125,0.9099291510412713,46.08,31.090258221024797,-0.42167174497997056,0.5318734944200519,3.0625,1.6476782908080085,-0.4315112418824735,0.5150754646566901,2.872728125000002,1.9160841425286148,0.2650994942701145,0.9157656421262403,289.14506250000005,102.00698430252757,-0.3677617406008426,0.6772600625885719,1.0,0.9999300837516785,0.0,1.0446386337280273,0.03939513489603996
33,1.350925631437741,0.921875,0.9015009034488161,0.6526195523167975,0.0,0.046875,0.0,59,0.034806703244525936,0.39933761954307556,0.629,1.0,62,0.96875,50,0.8064516129032258,0.8979458686136501,45.30725806451613,28.808922126568586,-0.4348913506387226,0.4928457645157545,2.935483870967742,1.6740039671392415,-0.47121734958879125,0.5233050505196329,2.4411333870967757,1.6081846312574704,0.05882482004173481,0.7686093730505652,263.66158064516134,74.45636506999956,-0.5369554936952095,0.49434186112073875,0.96875,0.9990943074226379,0.0,1.1014959812164307,0.03810887411236763
34,1.2718509170720744,0.890625,0.9027473957915055,0.5952976943134052,0.0,0.078125,0.0,57,0.0479834381265699,0.4518710672855377,0.6420000000000001,1.0,62,0.96875,49,0.7903225806451613,0.9052429859285086,47.199516129032254,35.98033263968863,-0.4025197343606014,0.6155299552489935,3.1774193548387095,2.0440645273286884,-0.3955866682434241,0.6389885040518277,2.5297016129032275,1.6485000530983143,0.1011547659858576,0.7878775655846095,276.1552903225806,94.91126222125513,-0.454005383406705,0.6301490807893128,0.96875,0.9991746544837952,0.003777148202061653,1.1334558725357056,0.03349074348807335
35,1.4090398954145296,0.953125,0.8701808542990294,0.6518626057443128,0.0,0.03125,0.0,61,0.04968634695974959,0.4886755049228668,0.655,1.0,63,0.984375,46,0.7301587301587301,0.8971278012507918,46.35936507936507,36.13152402222061,-0.4168925347230305,0.6181164467596719,2.7936507936507935,1.886953790693788,-0.5155553363245939,0.5898746168772315,2.9690168253968277,1.326709533523562,0.3111193331650985,0.6340822831918329,295.3459047619048,96.95949473464316,-0.3265921790545022,0.6437480131535818,0.984375,0.9999209642410278,0.00043630017898976803,1.0648608207702637,0.03429008275270462
36,1.4432879348735907,0.953125,0.8986488922697599,0.6174377956199167,0.0,0.046875,0.0,61,0.042110541475527966,0.4444093108177185,0.6679999999999999,1.0,64,1.0,47,0.734375,0.8861007255762984,38.109218750000004,26.675565792071747,-0.558031090938326,0.4563495836090079,2.953125,1.726898298793244,-0.4657026124073583,0.5398401791344731,3.4054248437500023,1.5581865981576488,0.5196944475276801,0.7447135117621962,287.88395312500006,91.3447589433553,-0.3761346870229276,0.6064698175532862,1.0,0.9982706308364868,0.0018458698177710176,1.0648605823516846,0.03385361656546593
37,1.4113949949613958,0.953125,0.9114342561510743,0.6083673276986421,0.0,0.046875,0.0,61,0.04633030593741728,0.4092628061771393,0.681,1.0,64,1.0,50,0.78125,0.9093730159971222,44.6465625,31.00905347730875,-0.44619413417139137,0.5304842923588567,3.234375,1.8178127954701495,-0.37778194534336884,0.5682606704895679,2.7772887500000016,1.4561072642714434,0.2194855785807637,0.6959261205045476,282.53506250000004,98.982642374477,-0.4116478435409483,0.6571803982647436,1.0,0.9988805651664734,0.0009115770226344466,1.0648607015609741,0.03262253850698471
38,1.420667325190104,0.953125,0.8893892349766903,0.613656743684946,0.0,0.03125,0.0,61,0.06019554007376135,0.509920597076416,0.6940000000000001,1.0,63,0.984375,55,0.873015873015873,0.8967349741087121,42.441746031746035,33.252472281386666,-0.4839128121954963,0.5688633559964068,2.9365079365079363,1.8159174153746145,-0.47089721972066284,0.5676681617523616,3.283317936507938,1.627696051952995,0.4613351574335562,0.7779345839353297,305.9930476190476,91.59012685170839,-0.25590207202778836,0.6080989009548265,0.984375,0.9986773133277893,0.0,1.0648608207702637,0.03449447080492973
39,1.3459764476216896,0.921875,0.8831873495699996,0.5949542297558638,0.0,0.078125,0.0,59,0.03507790207580276,0.38273540139198303,0.7070000000000001,1.0,64,1.0,48,0.75,0.9081189362200924,39.581875,33.52172373416043,-0.532837770889368,0.5734695483942434,2.828125,2.0808253132771624,-0.504778464435798,0.6504801763092015,2.9764943750000024,1.913871029205989,0.31469312351276313,0.91470791553793,281.80090625,111.33811755424321,-0.4165221637771998,0.7392127213529645,1.0,0.9982094168663025,0.00042517005931586027,1.1014961004257202,0.039252132177352905
40,1.3922582820338352,0.921875,0.8854652133028386,0.6091810105748453,0.0,0.0625,0.0,59,0.05488620992963783,0.4852089583873749,0.72,1.0,63,0.984375,55,0.873015873015873,0.9049843525808458,41.57793650793651,31.401733708013396,-0.4986903475467851,0.537202030275659,2.8095238095238093,1.5721499065923024,-0.5105933233686016,0.49146477693220947,3.092357301587304,1.6872115257968139,0.37006819030123067,0.8063791730383462,289.91793650793653,97.33415159422415,-0.3626303596217152,0.6462354911425059,0.984375,0.9986328482627869,0.0004372540570329875,1.1014959812164307,0.03597019985318184
41,1.4951312176560245,0.96875,0.9258024240693739,0.5996625516684563,0.0,0.015625,0.0,62,0.03698871486379658,0.4057815372943878,0.7330000000000001,0.984375,63,0.96875,55,0.873015873015873,0.8973686740112146,31.512698412698416,24.64834088922792,-0.6708804052756674,0.4216690355934322,2.4603174603174605,1.6792420514842152,-0.6197576084004331,0.5249425113898464,3.367605396825399,1.7736912990537939,0.5016191713281374,0.8477109722687796,273.8270634920635,85.94497727623093,-0.4694632960166883,0.5706187775990479,0.984375,0.9995808005332947,0.0,1.0446385145187378,0.03949173539876938
42,1.3550856176629178,0.875,0.922727861574718,0.6023562358754744,0.0,0.125,0.0,56,0.05421675789231219,0.44016656279563904,0.746,1.0,64,1.0,45,0.703125,0.9100476340675973,35.13765625,25.299997822516428,-0.6088668002954706,0.4328171916430602,2.4375,1.4456291882775472,-0.6268905020246722,0.4519135379930152,2.822276093750002,1.7067975646437423,0.2409866509096673,0.8157400466259209,252.11975,103.16449996879986,-0.6135857460115204,0.6849452141293905,1.0,0.9988610744476318,0.0019193857442587614,1.1478067636489868,0.037791866809129715
43,1.4677167131030207,0.9375,0.9066138992706935,0.6223476737832586,0.0,0.0625,0.0,60,0.04674622692618094,0.4484413266181946,0.7590000000000001,1.0,64,1.0,48,0.75,0.9033774211287454,40.025000000000006,29.794481976533845,-0.5252570541085886,0.5097061314395209,2.703125,1.465005199436166,-0.5438543164642378,0.4579706111524999,3.067094843750002,1.6340013628025547,0.35799435157485104,0.7809481191506111,279.87265625,92.08996792763638,-0.4293244902513694,0.6114175207599505,1.0,0.9984071850776672,0.0009013069211505353,1.0837911367416382,0.040795523673295975
44,1.3677316235903985,0.921875,0.8914689037759426,0.6126510593039296,0.0,0.046875,0.0,59,0.037017868783355584,0.323453426361084,0.772,1.0,62,0.96875,48,0.7741935483870968,0.8992503793937086,47.18,37.61573341036965,-0.40285360459326863,0.6435074109682624,3.1451612903225805,2.1466160480757615,-0.40567075908947303,0.6710468084518605,2.93614112903226,1.4185935560334735,0.29540685346579115,0.6779969678381386,287.6484838709678,95.12620812623383,-0.3776980497947413,0.6315761818653264,0.96875,0.9980822801589966,0.0031517334282398224,1.1014962196350098,0.050827234983444214
45,1.4461235942981843,0.90625,0.928244287597722,0.6139073033030018,0.0,0.078125,0.0,58,0.047068580486845715,0.37737202644348145,0.7850000000000001,1.0,63,0.984375,44,0.6984126984126984,0.8994811003794331,37.163809523809526,36.01084256599567,-0.5742045850668129,0.6160519007730241,2.7142857142857144,2.0581126461880292,-0.5403654011045556,0.643380041762432,2.9110965079365103,1.6943901462929003,0.2834371267661636,0.8098100943962693,266.3820793650795,94.74902467870125,-0.5188931507495583,0.6290719289748998,0.984375,0.9980150461196899,0.0019020447507500648,1.1180338859558105,0.04334166646003723
46,1.447001434334591,0.890625,0.8810747365156809,0.6786934649569446,0.0,0.09375,0.0,57,0.046029336572916454,0.4449702799320221,0.798,1.0,63,0.984375,49,0.7777777777777778,0.8955711684698386,38.444126984126974,30.190939649773338,-0.5523016816960863,0.5164884915780719,2.6984126984126986,1.7695387313487976,-0.545327414060548,0.553169868998229,3.062559047619049,1.489148297032452,0.3558265311935737,0.7117176204242581,268.14187301587305,88.79027993285814,-0.507209264923224,0.5895097375513169,0.984375,0.9973598718643188,0.0023551578633487225,1.1334556341171265,0.04865102097392082
47,1.4860553609377294,0.921875,0.9053086678860551,0.6357148882981011,0.0,0.078125,0.0,59,0.04907967646006592,0.39134180545806885,0.8109999999999999,1.0,64,1.0,46,0.71875,0.8936007448994616,39.85796875,30.09534043978442,-0.528114524573558,0.5148530376194997,2.671875,1.66822030450867,-0.5536232794713477,0.521497038158556,2.8979714062500017,1.5976523509794662,0.27716416781455105,0.763575616861178,273.53676562500004,89.473892275684,-0.47139068513578647,0.5940484791017528,1.0,0.9989967346191406,0.006928406655788422,1.1014961004257202,0.04464868828654289
48,1.5609878613227413,0.953125,0.92250293884121,0.6181411805503805,0.0,0.03125,0.0,61,0.04042434134379201,0.39164385199546814,0.8240000000000001,1.0,63,0.984375,46,0.7301587301587301,0.9009229340306969,35.908571428571435,25.199721140882318,-0.5956784456985645,0.43110171830442084,2.5714285714285716,1.3299276232160897,-0.5850235177084867,0.415744440106612,2.8253361904761918,1.6265215405874633,0.24244918138065666,0.7773732426398365,263.03392063492066,73.21894085620754,-0.5411227481310354,0.4861261687717136,0.984375,0.9989938735961914,0.009300049394369125,1.0648608207702637,0.043394774198532104
49,1.4775542682097877,0.921875,0.8788496834241738,0.5923903660111232,0.0,0.0625,0.0,59,0.0648042557591732,0.509409487247467,0.837,1.0,63,0.984375,57,0.9047619047619048,0.9021147191919763,42.077142857142874,26.89097874508254,-0.4901502246728776,0.4600347392370725,2.984126984126984,1.6182693429756105,-0.45601118085268566,0.505882027106203,3.273685555555558,2.0267526733064543,0.4567314955523926,0.9686581200198213,304.9748730158731,109.58795324601402,-0.26266208949313163,0.7275927681013692,0.984375,0.9996227025985718,0.004616030026227236,1.1014961004257202,0.0360555537045002
50,1.4755050334617301,0.953125,0.9112461385179739,0.5688094337687313,0.0,0.046875,0.0,61,0.036676113497057544,0.3120494782924652,0.8500000000000001,1.0,64,1.0,51,0.796875,0.9042885286145874,44.2178125,28.386406433623186,-0.45352893207211725,0.48561761940172615,3.078125,1.6705602306935838,-0.4266267603789185,0.5222285150334293,3.118377656250002,1.6879791026668032,0.38250425522507703,0.8067460256778651,297.23498437500007,88.40641207929514,-0.31404991848531116,0.5869611045502785,1.0,0.9971603155136108,0.004704875871539116,1.0648608207702637,0.03583187237381935
51,1.6305593384345358,0.984375,0.915575720488079,0.6343673149164195,0.0,0.0,0.0,63,0.057355653003990176,0.46542251110076904,0.863,1.0,63,0.984375,56,0.8888888888888888,0.9025605351357775,45.13412698412698,29.78568073116335,-0.4378531733442356,0.5095555650113757,3.4444444444444446,1.678791872649938,-0.3121128051289075,0.52480178241773,3.0447541269841287,1.6063441006690942,0.3473169181675367,0.7677297171739224,308.0098095238096,88.9885654976459,-0.24251208404623484,0.5908262247990947,0.984375,0.9996611475944519,0.0028374544344842434,1.0230478048324585,0.04263175651431084
52,1.5858487747358057,1.0,0.8641346746589988,0.6063503536752591,0.0,0.0,0.0,64,0.051846394092660564,0.4162532091140747,0.8760000000000001,1.0,64,1.0,58,0.90625,0.9028952635891929,56.573125000000005,35.93928721099481,-0.24216165466614203,0.6148277746677274,3.78125,2.003658762738805,-0.20682509271894492,0.6263573866261458,2.6628890625000015,1.6000042134805068,0.16480984646796357,0.7646996566805441,319.7652656250001,87.0974886851371,-0.16446349757653173,0.5782707041241465,1.0,1.0000101327896118,0.0011261261533945799,1.0,0.034125667065382004
53,1.588658550386815,0.96875,0.897393849107527,0.582441790035108,0.0,0.03125,0.0,62,0.06125469676842765,0.49840813875198364,0.889,1.0,64,1.0,55,0.859375,0.9091950161479685,61.807500000000005,49.803425741860366,-0.15261510595101233,0.8520071430445555,4.109375,2.5987808890660635,-0.10425098114429056,0.8123966198038608,2.6196090625000017,1.5636442181494643,0.14412477522734524,0.7473219049769588,316.3012812500001,114.26570106314567,-0.18746210194327412,0.7586499726748175,1.0,0.9982146620750427,0.0004019292537122965,1.0446385145187378,0.03233085572719574
54,1.4706694743224475,0.90625,0.9046895308741207,0.6256560100056563,0.0,0.078125,0.0,58,0.047174260073495275,0.40244150161743164,0.9020000000000001,1.0,63,0.984375,49,0.7777777777777778,0.9031675362273259,43.743015873015864,27.69571175533622,-0.4616514680554991,0.47380162901958794,3.238095238095238,1.7431433540688692,-0.3766189735568081,0.5449184941436264,2.76517523809524,1.5265040883186387,0.21369609483020752,0.7295712988901648,288.0706507936508,87.47463510163263,-0.3748951358723852,0.5807747111525603,0.984375,0.9983726143836975,0.0030661411583423615,1.1180340051651,0.03164806589484215
55,1.5105503735110197,0.9375,0.8626907405753931,0.6050874736431407,0.0,0.0625,0.0,60,0.05902706641450953,0.45245370268821716,0.915,1.0,64,1.0,46,0.71875,0.9060008312042831,50.785000000000004,38.06733335485952,-0.341181426325941,0.6512331120173871,3.328125,2.136400941858761,-0.348475056322039,0.6678534966199381,2.7492996875000015,1.6300357017715619,0.20610859725519476,0.7790527868737575,291.18728125000007,113.86370457720896,-0.3542027357160144,0.7559809773399644,1.0,1.0001697540283203,0.0032921810634434223,1.0837910175323486,0.03318723291158676
56,1.5278095255393218,0.9375,0.8921128198504448,0.5863792640610577,0.0,0.0625,0.0,60,0.04001487361942257,0.44825100898742676,0.9280000000000002,1.0,64,1.0,48,0.75,0.9028506779618117,52.59546875,36.34882447074834,-0.31020901259572586,0.6218338925292065,3.71875,2.0575224026726904,-0.22636301873316478,0.643195527616303,2.4861559375000013,1.5580611474629293,0.08034271889859837,0.7446535543556007,284.935546875,94.87351893704489,-0.39571018780912326,0.6298984899184885,1.0,0.9978350400924683,0.0012897677952423692,1.0837911367416382,0.03642164170742035
57,1.459548559057127,0.859375,0.9096238889477469,0.6186213201803212,0.0,0.109375,0.0,55,0.04031527864194986,0.4124763011932373,0.9410000000000001,1.0,62,0.96875,38,0.6129032258064516,0.8985335433428664,44.986451612903224,38.31778586003372,-0.44037951504182377,0.6555177032924502,2.9838709677419355,1.9878009853967336,-0.45609121331971786,0.6214001373387958,2.7717045161290335,1.3875591666276834,0.216816672031659,0.6631645150708589,268.3259677419355,86.607669492385,-0.505986995619335,0.5750186231082376,0.96875,0.9977404475212097,0.0004923683009110391,1.1611263751983643,0.035085003823041916
58,1.5228638262250214,0.9375,0.8579992987215519,0.6028717367593476,0.0,0.03125,0.0,60,0.04834872558512757,0.38906270265579224,0.954,0.984375,62,0.953125,52,0.8387096774193549,0.8994467643700099,54.19645161290323,36.33628605379397,-0.28282035780407416,0.6216193928105935,3.629032258064516,1.9775666945055181,-0.2544093963987385,0.6182008282469468,2.5938656451612916,1.7816244962163428,0.13182106862780296,0.8515025330006002,291.8967741935484,96.21058807576487,-0.3494921638013636,0.6387757597913938,0.96875,0.9993256330490112,0.0004262574657332152,1.0837911367416382,0.03396789729595184
59,1.5401817276844803,0.9375,0.8496888240178426,0.618598968039747,0.0,0.046875,0.0,60,0.04411148307649919,0.40329375863075256,0.9670000000000001,1.0,63,0.984375,40,0.6349206349206349,0.9092450802950661,47.88126984126985,36.86720577802944,-0.3908567006641994,0.6307020490876227,2.888888888888889,2.0008816398929423,-0.4857832585886398,0.6254892390950278,2.414445873015874,1.6544211428550557,0.04606989559629903,0.7907074676973704,265.4123015873016,93.21170888412856,-0.5253318447563037,0.6188651514844207,0.984375,0.9999496936798096,0.0031236056238412857,1.0837910175323486,0.03697195649147034
60,1.5904757916104053,0.953125,0.8334916136303886,0.6424469808832806,0.0,0.046875,0.0,61,0.05290749990383477,0.39315149188041687,0.98,1.0,64,1.0,52,0.8125,0.9017238455884868,51.770624999999995,31.468122604222433,-0.3243199448544475,0.5383377717020044,3.5625,1.8445443204217133,-0.2752078337687145,0.5766171273975826,2.8359832812500017,1.7828559412297733,0.24753780964224603,0.8520910849375622,299.73862500000007,96.81509273585984,-0.2974273723137862,0.6427892777551912,1.0,0.9981561899185181,0.0016849199309945107,1.0648607015609741,0.03324593976140022
61,1.6269577477540196,0.953125,0.90817243398213,0.6023963244743658,0.0,0.046875,0.0,61,0.06592523222887672,0.4243050515651703,0.9930000000000001,1.0,64,1.0,50,0.78125,0.9022382262524447,42.554218750000004,27.9719145865929,-0.48198869637569886,0.4785267414321268,3.25,1.7230060940112777,-0.37289746383981387,0.5386234493894771,2.8840943750000014,1.3356922774198359,0.2705318346349174,0.6383754601195283,281.58610937500004,88.80777580523241,-0.4179482753910368,0.589625898770083,1.0,0.9983417987823486,0.002650176640599966,1.0648608207702637,0.03561045601963997
62,1.655123697532491,0.96875,0.901005458447241,0.6032506925130747,0.0,0.03125,0.0,62,0.04011687661205528,0.35723257064819336,1.006,1.0,64,1.0,52,0.8125,0.8896634457648618,54.720937500000005,36.41258958617327,-0.2738477677547733,0.6229247478872434,3.6875,2.0832291640623697,-0.23613198174027472,0.6512316364498512,3.109522968750002,1.76205253888193,0.3782722810626253,0.8421483894751688,322.84368750000004,106.71918252092081,-0.14402477756150592,0.7085459954307183,1.0,0.9990242123603821,0.0011574074160307646,1.0446386337280273,0.03593314811587334
63,1.5617674940022952,0.921875,0.9031146330348516,0.6173207993944982,0.0,0.0625,0.0,59,0.038083473398259786,0.3780759871006012,1.0190000000000001,1.0,63,0.984375,54,0.8571428571428571,0.9018892368628451,45.00142857142856,30.094833805301327,-0.44012329821628227,0.5148443704205656,3.2857142857142856,1.7944232077539781,-0.3617329346888311,0.5609489259407412,3.167620158730161,1.6091691571478282,0.40603902121094615,0.7690799134429007,300.81271428571443,94.09349457708487,-0.29029611770565833,0.6247196352502593,0.984375,0.9989697337150574,0.004643309395760298,1.1014959812164307,0.03756484389305115
64,1.6638313942830147,0.953125,0.8796922740389089,0.6300942412502996,0.0,0.03125,0.0,61,0.054895047893453564,0.45128586888313293,1.032,1.0,63,0.984375,49,0.7777777777777778,0.9040469793699467,48.44269841269841,39.12095266175165,-0.38125211732397374,0.6692577993185105,3.126984126984127,2.2146128221720836,-0.41135306424875456,0.6923030635158536,2.9944252380952405,1.7857228255974857,0.323262928977892,0.8534612722616091,296.2295555555556,103.98846818815989,-0.320725312232526,0.6904158274568049,0.984375,0.998835563659668,0.0078125,1.0648608207702637,0.03769337758421898
65,1.587870819511166,0.921875,0.8981607490676945,0.5948394569354355,0.0,0.0625,0.0,59,0.05761885203634497,0.3581559360027313,1.0450000000000002,1.0,63,0.984375,52,0.8253968253968254,0.9005001324943845,50.63269841269842,39.11541068474201,-0.3437869105540854,0.6691629904990675,3.5396825396825395,2.3759736305080787,-0.2823407273929535,0.7427455520736678,2.4724419047619066,1.551771689986641,0.07378828858012189,0.741647596038552,289.2952222222222,104.83052948774412,-0.3667647776618261,0.6960065670748734,0.984375,0.9979856014251709,0.0025884383358061314,1.1014961004257202,0.04173053056001663
66,1.72328995975123,0.96875,0.8768385538170415,0.6482250321779044,0.0,0.03125,0.0,62,0.05042763581675021,0.4506993293762207,1.058,1.0,64,1.0,44,0.6875,0.8995342616420382,41.48515625,29.266065726376446,-0.5002775765640248,0.5006663030958151,2.96875,1.6580179243602886,-0.4608181309038033,0.5183077045824276,2.7249154687500012,1.3029273063638407,0.19445450062879505,0.6227159000342681,269.6930625,84.24470907530991,-0.49691037515317793,0.5593301020632827,1.0,0.9996519684791565,0.0004708097840193659,1.0446385145187378,0.03240694850683212
67,1.646091624721133,0.921875,0.8825900665784286,0.6342288380076271,0.0,0.078125,0.0,59,0.038328504227152685,0.49852225184440613,1.0710000000000002,1.0,64,1.0,44,0.6875,0.8947085982427498,38.299843749999994,29.854468074947942,-0.5547699927463126,0.5107323376406182,2.828125,1.6541112370016111,-0.504778464435798,0.5170864474852351,2.763605625000001,1.4916976305767744,0.21294592018382985,0.7129360387694615,268.14859375000003,97.26089532745146,-0.5071646436176673,0.6457491171539137,1.0,0.99868243932724,0.006830601021647453,1.1014959812164307,0.03413882106542587
68,1.6715356354190831,0.953125,0.8892970344082254,0.6097833137065037,0.0,0.046875,0.0,61,0.05033080319694545,0.451555997133255,1.084,1.0,64,1.0,51,0.796875,0.9003403048198082,47.23703125000001,32.59259375608243,-0.4018779481669693,0.5575745498806387,3.421875,2.127239169528194,-0.3191681673007092,0.6649894641406782,2.954306562500002,1.8488686546948623,0.30408876856276335,0.8836409389304434,303.483671875,101.87543577867764,-0.2725626956614762,0.6763866659078915,1.0,0.9991579651832581,0.0,1.0648607015609741,0.04227389767765999
69,1.5603703123313042,0.859375,0.8846392672170292,0.6551185977205207,0.0,0.09375,0.0,55,0.05303728431807822,0.4715206027030945,1.097,1.0,61,0.953125,45,0.7377049180327869,0.9056579539594151,40.125901639344264,27.61801380407593,-0.5235308893681989,0.47247241906088316,2.7704918032786887,1.4974671798910475,-0.5227949945718614,0.46811844751094034,2.7961801639344284,2.015391507439028,0.2285144658975296,0.9632282095451402,264.29768852459017,89.93782633020074,-0.5327321508998046,0.5971286996273114,0.953125,0.9992595314979553,0.004710315726697445,1.1611263751983643,0.03992406278848648
70,1.7221679610345966,0.953125,0.904004239156598,0.635916913039167,0.0,0.046875,0.0,61,0.050456786645228485,0.4001379609107971,1.1099999999999999,1.0,64,1.0,50,0.78125,0.9065082102403632,42.915156249999995,26.14971331058117,-0.4758139940613125,0.44735361468229407,2.875,1.4630874888399532,-0.4901250199251331,0.4573711217485721,2.6543301562500017,1.5228915503630478,0.16071923682094372,0.7278447368529459,273.16240625,76.70818726994675,-0.47387618802048315,0.5092924966532194,1.0,0.9981645345687866,0.0009429514175280929,1.0648608207702637,0.03954947367310524
71,1.7375709614257282,0.984375,0.8962552888052804,0.5718324778579188,0.0,0.0,0.0,63,0.036452407643133164,0.4008658826351166,1.123,1.0,63,0.984375,46,0.7301587301587301,0.9092270323715839,45.153968253968245,32.62549049876042,-0.437513740797578,0.5581373276278929,2.9365079365079363,1.679692109664847,-0.47089721972066284,0.5250832026448108,2.7294593650793666,1.6740181572851105,0.19662619238671802,0.8000735869115366,278.14582539682544,93.05709328704084,-0.44078952453012393,0.617838604432993,0.984375,0.999121904373169,0.0025850925594568253,1.0230478048324585,0.04506877064704895
72,1.689927025711298,0.921875,0.8991220042867175,0.6376373058743263,0.0,0.078125,0.0,59,0.053706726425564566,0.48474830389022827,1.136,1.0,64,1.0,55,0.859375,0.9066638647927476,40.6603125,30.95262867314089,-0.5143885088227462,0.5295190106441995,2.78125,1.6053499423801654,-0.519431908946463,0.5018433344184929,2.9205379687500015,2.1654366752734453,0.2879495410347073,1.0349402009029376,272.89978125000005,101.67118399149982,-0.4756198472919875,0.6750305668219935,1.0,0.9997395277023315,0.0,1.1014962196350098,0.04221086576581001
73,1.7807214192908,0.984375,0.8902431031068166,0.6302776453200092,0.0,0.015625,0.0,63,0.03966917620208572,0.36653995513916016,1.149,1.0,64,1.0,48,0.75,0.8983602901328808,44.73109375,34.166156962939375,-0.4447480242354247,0.5844941256388049,3.234375,1.9901490796859918,-0.37778194534336884,0.622134167618763,3.1127526562500023,1.4521557842343007,0.3798158650742343,0.6940375658355509,298.71760937500005,86.82063685672203,-0.30420625231714576,0.5764325879606095,1.0,0.9990261793136597,0.006911447271704674,1.0230478048324585,0.03689160197973251
74,1.7472594909875898,0.96875,0.9067782899064403,0.5871660915363772,0.0,0.03125,0.0,62,0.040099885244347905,0.3416707217693329,1.162,1.0,64,1.0,51,0.796875,0.8936075471559525,46.5378125,28.207896914513917,-0.4138397632565278,0.4825637855917617,3.203125,1.6787242877777757,-0.38755090835047873,0.5247806549260182,3.421028125000002,1.6608755188546989,0.5271518177736055,0.7937922465182198,311.34090625000005,97.03801678461502,-0.22039576727936014,0.6442693485194114,1.0,0.9989861249923706,0.0033941450528800488,1.0446385145187378,0.038772087544202805
75,1.810329103201032,0.984375,0.8973713857786996,0.614646534748477,0.0,0.015625,0.0,63,0.04504052180782673,0.4191998541355133,1.175,1.0,64,1.0,49,0.765625,0.8986334352305059,48.92359375000001,36.36707286333973,-0.373025248261563,0.6221460750870397,3.46875,1.9523123309296595,-0.30451472279004427,0.6103061420536454,3.178065937500002,1.9922941210689762,0.41103143521320834,0.9521891364735919,303.04967187500006,81.87690421469887,-0.2754441735247144,0.5436094170625476,1.0,0.9992471933364868,0.0029698768630623817,1.0230478048324585,0.043173398822546005
76,1.7964636390176163,0.96875,0.9141688322828662,0.5922906626111153,0.0,0.03125,0.0,62,0.056342923030143904,0.5071385502815247,1.1880000000000002,1.0,64,1.0,47,0.734375,0.9029265475377244,50.59125,38.06758674958921,-0.34449598514405333,0.6512374469424749,3.171875,1.9808038732734243,-0.39731987135758867,0.6192127923951413,2.899476562500002,1.8268873968876513,0.2778835362124143,0.8731353039096357,297.49628125000004,95.70005232683215,-0.31231507710041306,0.6353861343099618,1.0,0.9992421865463257,0.005403158720582724,1.0446386337280273,0.03974805772304535
77,1.7829885547644755,0.953125,0.9129723857660763,0.6240986839266122,0.0,0.03125,0.0,61,0.045668902503697595,0.42990803718566895,1.201,1.0,63,0.984375,49,0.7777777777777778,0.8996468702911338,44.491587301587316,30.644915122696933,-0.44884535693519767,0.5242548317431587,2.9047619047619047,1.8057604977008135,-0.4808212456326475,0.5644930400556697,2.6739888888888905,1.4863797535656493,0.17011485339062224,0.7103944337596656,276.0944603174604,103.49581788066662,-0.4544092550960471,0.687144949679479,0.984375,0.9990803003311157,0.002745995530858636,1.0648608207702637,0.03461519256234169
78,1.811291859106257,0.96875,0.900184674609092,0.6163979528383453,0.0,0.03125,0.0,62,0.03348413735240986,0.4476042091846466,1.214,1.0,64,1.0,44,0.6875,0.8985196460691347,41.3728125,31.51848651331221,-0.5021994860722689,0.539199367258072,2.921875,1.6231209087356986,-0.4754715754144682,0.5073986596321826,3.093131718750002,1.5505390686100475,0.37043831216306905,0.7410584818752538,280.872453125,84.01020327334689,-0.42268648895402494,0.557773135986883,1.0,0.9994404911994934,0.0,1.0446385145187378,0.03504900634288788
79,1.7790074265978362,0.9375,0.9070595078170299,0.6221348658888678,0.0,0.0625,0.0,60,0.05291921745620205,0.44012224674224854,1.227,1.0,64,1.0,45,0.703125,0.9023475115412124,36.1821875,27.07678118960678,-0.5909975860220186,0.46321333604184484,2.578125,1.5692821557562553,-0.5829301684926775,0.490568298473619,2.9315910937500016,1.4360014650455168,0.2932322276811136,0.6863168347065378,266.22575,82.4366535398166,-0.5199310761063571,0.547325788696855,1.0,1.0001593828201294,0.0037157454062253237,1.0837911367416382,0.038288652896881104
80,1.7930049454580514,0.9375,0.8971295749147733,0.631009865994444,0.0,0.0625,0.0,60,0.03579146239919609,0.4170011281967163,1.24,1.0,64,1.0,41,0.640625,0.8970210018849354,40.718593750000004,32.61517859195257,-0.5133914681460077,0.5579609177097432,2.75,1.976423537605237,-0.5292008719535729,0.6178434696079014,2.962732812500002,1.8277415084200146,0.30811597700872584,0.8735435145818715,279.14787500000006,100.09621613485515,-0.4341365665821644,0.664573804116386,1.0,0.9979069828987122,0.0009000900317914784,1.0837910175323486,0.0381644032895565
81,1.8903700714243292,0.96875,0.9076387632277704,0.6618945852279664,0.0,0.03125,0.0,62,0.04587322262804805,0.42385849356651306,1.2530000000000001,1.0,64,1.0,43,0.671875,0.9042509925031428,36.54328125,22.367719070591406,-0.5848202106763271,0.38265352509154377,2.4375,1.2358574958303243,-0.6268905020246722,0.3863374770824308,2.898402656250002,1.5497948301924958,0.2773702777261157,0.7407027835229649,258.0390625,85.28916989807293,-0.5742853590660357,0.5662646429384242,1.0,0.9985135197639465,0.0009537434671074152,1.0446385145187378,0.042406897991895676
82,1.7091541200314715,0.90625,0.8878686178860993,0.6333337571027298,0.0,0.078125,0.0,58,0.060378158461682985,0.34998032450675964,1.266,1.0,63,0.984375,43,0.6825396825396826,0.9087085929373516,43.60666666666667,31.64045336098851,-0.4639840485161305,0.5412859029508866,2.7142857142857144,1.6176464525202885,-0.5403654011045556,0.5056873073041063,2.558127777777779,1.6356034338874057,0.11474065428363166,0.7817138066395825,263.0396507936508,79.69372099385444,-0.5410847036021558,0.5291144997301589,0.984375,0.9984865188598633,0.0019714145455509424,1.1180338859558105,0.04636450484395027
83,1.737531262062902,0.90625,0.8881932576668674,0.623063326508828,0.0,0.09375,0.0,58,0.060161256332219734,0.41714149713516235,1.279,1.0,64,1.0,48,0.75,0.9017290555173472,39.979687500000004,28.92046334176449,-0.5260322331870181,0.4947539447398089,2.71875,1.5254994059323654,-0.5389698349606828,0.4768815124454869,2.946075468750002,1.9589305150737952,0.3001548323195341,0.9362434671839838,276.38034375000007,96.88019202154715,-0.45251117495243043,0.6432214946921051,1.0,0.998268723487854,0.017161410301923752,1.1180340051651,0.04117452725768089
84,1.856060781488389,0.953125,0.8923710653039275,0.635473077083108,0.0,0.046875,0.0,61,0.05169287707980831,0.45679229497909546,1.292,1.0,64,1.0,48,0.75,0.8947148521457808,39.41125,30.743833400984663,-0.5357567210743507,0.5259470663319127,2.671875,1.6960863729111793,-0.5536232794713477,0.5302081610826426,2.9059120312500015,1.5258953444598735,0.2809592785774908,0.7292803582689577,269.2383125,93.96460379394122,-0.49992961952715864,0.6238638842401121,1.0,0.9991027116775513,0.0019540791399776936,1.0648607015609741,0.03711715713143349
85,1.8947660609496761,0.96875,0.9029693911152501,0.6422283471951837,0.0,0.03125,0.0,62,0.028926183710453433,0.2918231785297394,1.305,1.0,64,1.0,46,0.71875,0.8924054522270648,36.4103125,25.701162909532787,-0.5870949603168217,0.4396800833937123,2.59375,1.4221325316228441,-0.5780456869891225,0.4445683229641974,3.191529375000002,1.5437313111134707,0.41746609703925047,0.7378048093058096,281.4487968750001,92.78397155139123,-0.41885994112628055,0.6160252536605423,1.0,0.9964737296104431,0.018807338550686836,1.0446386337280273,0.039937905967235565
86,1.8568490727854536,0.921875,0.9264979221053042,0.6380596692551527,0.0,0.078125,0.0,59,0.04817706949437376,0.3733171224594116,1.318,1.0,64,1.0,55,0.859375,0.9024579481406677,35.078281249999996,30.609684055595846,-0.6098825521913437,0.5236521197734482,2.484375,1.620109829417438,-0.6122370575140074,0.5064573757130926,2.9071696875000015,1.4164424109344005,0.28156035780871674,0.6769688580963819,262.014625,74.26984411179703,-0.5478902085184072,0.4931034832126958,1.0,1.0006580352783203,0.009818360209465027,1.1014959812164307,0.036395445466041565
87,1.8427061848488215,0.9375,0.8903657520810763,0.6190550450295189,0.0,0.0625,0.0,60,0.059219755614261585,0.443176805973053,1.331,1.0,64,1.0,48,0.75,0.899469785234378,39.302343750000006,23.711406784379875,-0.5376198238938863,0.40564052875877826,2.78125,1.2050512177911776,-0.519431908946463,0.37670722458479344,2.7311792187500012,1.7204258324542672,0.19744817241676693,0.8222534867956744,264.13632812500003,89.4800288419948,-0.5338034790551555,0.5940892219127687,1.0,0.9990912079811096,0.0009132419945672154,1.0837910175323486,0.04518596827983856
88,1.9405190985753629,0.96875,0.9169836486539533,0.6434788167812615,0.0,0.03125,0.0,62,0.04966248566284437,0.436977744102478,1.344,1.0,64,1.0,51,0.796875,0.8964202162795869,37.05140625000001,29.203924975248807,-0.576127512872697,0.49960323638812865,2.78125,1.7181817242364092,-0.519431908946463,0.5371153185138512,2.9011607812500015,1.556893942030801,0.27868848503007887,0.7440957048288905,275.471171875,88.67738184962863,-0.4585474851637016,0.5887601676719899,1.0,0.9992585182189941,0.00044742730096913874,1.0446385145187378,0.0422043614089489
89,1.8892052466184488,0.96875,0.8980852226095815,0.6193219654394695,0.0,0.03125,0.0,62,0.0452904796137826,0.428875595331192,1.357,1.0,64,1.0,53,0.828125,0.907625342418156,41.19109375,32.108218871750125,-0.5053082214799017,0.5492881548141316,3.109375,1.5822964669666049,-0.41685779737180856,0.49463666086648045,2.845590781250002,1.885141340203622,0.25212958001988584,0.9009769621244647,288.06528125,91.34625128451309,-0.3749307861515685,0.6064797257284257,1.0,0.9978935718536377,0.013501741923391819,1.0446385145187378,0.04647292196750641
90,1.8739107262479417,0.953125,0.8874287488030606,0.618299770250017,0.0,0.046875,0.0,61,0.03649098786805009,0.41663429141044617,1.37,1.0,64,1.0,55,0.859375,0.8977745258281659,46.11640625,22.931738197800467,-0.42104892868592203,0.3923024261066394,3.484375,1.7138424254799507,-0.2996302412864893,0.5357588241449347,2.960330625000002,1.5847636318902933,0.3069678850593076,0.7574156336689447,310.91684375000006,102.05016619829975,-0.22321126660281523,0.6775467623046092,1.0,0.9991433024406433,0.0033085194882005453,1.0648608207702637,0.04411680996417999
91,1.889508700948961,0.953125,0.8914044084119015,0.6061299691941969,0.0,0.046875,0.0,61,0.043264279526181296,0.398095041513443,1.383,1.0,64,1.0,58,0.90625,0.9023530051866848,43.88671875,30.13708419739538,-0.45919308540726234,0.5155671647931285,3.484375,1.8956544672948707,-0.2996302412864893,0.5925945076885212,3.071841718750002,1.7197060129991668,0.3602630541521456,0.8219094591452786,305.82040625,98.91581336888821,-0.2570482984867511,0.6567366971121483,1.0,0.9989047050476074,0.008013496175408363,1.0648608207702637,0.04056604579091072
92,1.9102291777025524,0.96875,0.896209615853525,0.5954077497489083,0.0,0.03125,0.0,62,0.02890690113811237,0.31911200284957886,1.3960000000000001,1.0,64,1.0,52,0.8125,0.8960782230240283,46.88078125,30.503308442727135,-0.4079724595422082,0.521832309576462,3.3125,1.7488835724541527,-0.353359537825594,0.5467129255375005,3.1994868750000016,1.7745187641168352,0.42126927297264277,0.8481064476333391,305.9172343750001,101.9227255903864,-0.2564054226832337,0.6767006395152545,1.0,0.9987109303474426,0.0174245648086071,1.0446385145187378,0.0400221049785614
93,1.8362096824371856,0.90625,0.9141967584346903,0.6254241579109303,0.0,0.078125,0.0,58,0.04877571684374966,0.43884316086769104,1.409,1.0,63,0.984375,53,0.8412698412698413,0.9029992327033285,43.32603174603174,28.586380514497236,-0.46878498245605693,0.4890386560631712,3.111111111111111,1.992932840091366,-0.41631507720474686,0.6230043900962272,3.0819466666666684,1.8222826337203393,0.36509257281062496,0.8709345216970196,293.851746031746,91.90466928099899,-0.33651242169302065,0.6101872582060941,0.984375,0.9998294115066528,0.002084201667457819,1.1180340051651,0.04442394897341728
94,1.777047981267894,0.890625,0.9183085743795362,0.5790729485053548,0.0,0.09375,0.0,57,0.025327240982764065,0.3348613381385803,1.422,1.0,63,0.984375,53,0.8412698412698413,0.9103186282241063,47.19761904761904,37.92418706013796,-0.4025521884918367,0.6487842510447448,3.380952380952381,2.4392854237839425,-0.33196085695287697,0.7625372501992903,2.953689365079367,1.7880976962016109,0.3037937876797836,0.8545963084823479,294.6501269841271,113.6387675194912,-0.3312116911844555,0.7544875415048591,0.984375,0.99843430519104,0.00039682540227659047,1.1334558725357056,0.04514458775520325
95,1.983587528496694,0.984375,0.9122035948057023,0.6002538911671677,0.0,0.015625,0.0,63,0.03731905167223908,0.40384334325790405,1.4349999999999998,1.0,64,1.0,54,0.84375,0.9077857108898117,46.301718750000006,34.30159674466188,-0.4178787135582758,0.586811148208258,3.203125,1.945986956373295,-0.38755090835047873,0.6083287868521338,2.9405807812500018,1.587196396707007,0.2975287232071857,0.7585783396196238,298.67453125000003,89.46410854236623,-0.30449226306271576,0.5939835214727783,1.0,0.9999088048934937,0.002061855746433139,1.0230478048324585,0.041777290403842926
96,1.954491269133504,0.96875,0.9204408814830165,0.5724766776252912,0.0,0.03125,0.0,62,0.03347152010780963,0.3130118250846863,1.448,1.0,64,1.0,49,0.765625,0.9084358119837364,45.946875000000006,28.69362412164722,-0.42394916765177015,0.49087331538583,3.28125,1.6814126315393256,-0.3631285008327039,0.5256210495102415,3.1044068750000022,1.7698766474945342,0.3758271155429296,0.8458878128588576,295.857546875,87.22565589534317,-0.32319520803426177,0.579121651080372,1.0,0.9983507990837097,0.004566209856420755,1.0446385145187378,0.046026576310396194
97,1.9124477690164583,0.96875,0.881044551009132,0.5767809328720104,0.0,0.03125,0.0,62,0.0517430456384584,0.3661935329437256,1.4609999999999999,1.0,64,1.0,54,0.84375,0.9048464442976688,57.31546875000001,37.96293376973484,-0.22946208293642315,0.6494471065181238,3.90625,2.3366559304912653,-0.16774924069050515,0.7304545710500231,2.822121718750002,1.8615222221289394,0.24091286953552743,0.8896885346749409,317.61332812500007,97.6105593985378,-0.1787509636348789,0.6480706592746628,1.0,0.9988807439804077,0.0037174720782786608,1.0446386337280273,0.03482434153556824
98,1.920547158411683,0.96875,0.8717729449272156,0.5732074309930157,0.0,0.03125,0.0,62,0.039463282717164164,0.3824392557144165,1.474,1.0,64,1.0,51,0.796875,0.9031584040091614,51.36890625000001,37.52248118283506,-0.3311923083394203,0.6419121077781546,3.6875,1.9990231989649345,-0.23613198174027472,0.6249082777933764,3.0467800000000023,2.0917811036896596,0.3482851558675781,0.9997375496672843,324.00425000000007,99.68631907717462,-0.13631939702543522,0.6618523541211947,1.0,0.9985126852989197,0.004308656323701143,1.0446386337280273,0.040818583220243454
99,1.8530055363651203,0.90625,0.8959840217541004,0.6042398946420591,0.0,0.09375,0.0,58,0.05644424983374961,0.4412165880203247,1.4869999999999999,1.0,64,1.0,52,0.8125,0.908383191956502,47.71953125,32.62849748636571,-0.3936236274973479,0.5581887693687088,3.3125,1.9029171684547912,-0.353359537825594,0.5948648775753358,2.716280625000002,1.852527337218061,0.19032759771473895,0.885389555118964,289.59176562500005,108.2931937305709,-0.3647959222457115,0.7189964066221833,1.0,0.9975417852401733,0.007692307699471712,1.1180340051651,0.03707233443856239
100,2.0355391535625893,0.984375,0.8845131761497922,0.6175982880748567,0.0,0.015625,0.0,63,0.05736265986750419,0.37840700149536133,1.5,1.0,64,1.0,52,0.8125,0.8979020781102385,48.7725,30.483004281074397,-0.37561006953342974,0.5214849581542661,3.328125,1.686848832698117,-0.348475056322039,0.5273204430468635,2.6245678125000014,1.8934568205529128,0.14649474050032146,0.9049512297636755,286.30204687500003,81.96227734498316,-0.3866375161498713,0.5441762391478692,1.0,0.9994360208511353,0.002114164875820279,1.023047924041748,0.04131897911429405
101,1.9733420787096905,0.953125,0.8705993502355013,0.6346227051928295,0.0,0.03125,0.0,61,0.06609686940350498,0.47826871275901794,1.5,1.0,63,0.984375,54,0.8571428571428571,0.8985742493313252,45.34761904761904,41.588844456415885,-0.434200879142199,0.7114770122741297,3.1587301587301586,2.1690927750716957,-0.4014290383367699,0.6780731865172747,2.8223206349206365,1.71258054064144,0.2410079387397901,0.8185039391974358,295.51469841269846,97.8062960745866,-0.325471498943403,0.6493702235582077,0.984375,0.999614417552948,0.002572898752987385,1.0648608207702637,0.041873492300510406
102,1.9275318175426808,0.9375,0.8883555680513382,0.5822185797871667,0.0,0.0625,0.0,60,0.05517989570772096,0.5053982734680176,1.5,1.0,64,1.0,47,0.734375,0.8955704555083266,49.845625,35.03638612548924,-0.3572516905311757,0.599381484320137,3.25,1.776583800443987,-0.37289746383981387,0.5553722056181789,3.0971645312500025,1.8072915095868698,0.3723657385462153,0.8637697233911561,301.402375,112.75683772676778,-0.2863811538922131,0.748632101010244,1.0,0.9996780753135681,0.007154881954193115,1.0837911367416382,0.04420096427202225
103,2.0977336844274532,0.96875,0.9221585022826349,0.680303342079503,0.0,0.03125,0.0,62,0.051302616980426874,0.3910510540008545,1.5,1.0,64,1.0,53,0.828125,0.8898244171116672,43.454687500000006,25.685211027502653,-0.4665840169653916,0.4394071881614622,3.0625,1.5699820858850588,-0.4315112418824735,0.490787101402766,3.008083281250002,1.4817408051712522,0.3297905998573671,0.7081773131954406,286.59737500000006,92.47285848502054,-0.3846767293881679,0.6139596651496866,1.0,0.9994654655456543,0.018807338550686836,1.0446385145187378,0.04217732697725296
104,2.0115934752336635,0.96875,0.9006091245720463,0.5998362510508877,0.0,0.03125,0.0,62,0.05031601625184781,0.35424476861953735,1.5,1.0,64,1.0,50,0.78125,0.8938877283144339,54.63609375,35.597867896879876,-0.27529922375335,0.6089869777734125,3.4375,1.757795138803154,-0.3142836857971542,0.5494987419214621,2.6644929687500016,1.5019240289788307,0.16557641104847481,0.7178236029903831,303.0182187500001,100.79984975302996,-0.27565300182751884,0.6692454739196142,1.0,0.9976996779441833,0.0008729812107048929,1.0446386337280273,0.04485737159848213
105,1.923448646362087,0.9375,0.8736832949022452,0.6210204344171331,0.0,0.0625,0.0,60,0.042815312594506834,0.34156543016433716,1.5,1.0,64,1.0,51,0.796875,0.9013580948412288,49.623281250000005,33.69326500090038,-0.36105541407808994,0.5764041735211752,3.359375,1.9232718500968604,-0.33870609331492907,0.6012278897987878,2.3398968750000013,1.6252567088327503,0.010440243681441166,0.7767687339763977,275.58751562500004,92.53994264910567,-0.4577750382969935,0.6144050603888228,1.0,0.9996631145477295,0.0014231499517336488,1.0837911367416382,0.04597149416804314
106,2.009125543359357,0.96875,0.8928303410930019,0.6112737311911977,0.0,0.03125,0.0,62,0.05240888806561509,0.3864116668701172,1.5,1.0,64,1.0,51,0.796875,0.9048615598930972,49.9934375,32.59167623885881,-0.35472300291671266,0.5575588535461647,3.1875,1.5599979967935855,-0.3924353898540337,0.48766600709894864,2.5330115625000014,1.749944726721051,0.1027367101451026,0.8363616298375577,280.23629687500005,85.84555562328929,-0.426910152898577,0.5699586824560112,1.0,0.9994691014289856,0.0008968609618023038,1.0446385145187378,0.04721519351005554
107,2.0219258351620013,0.953125,0.9170619391027044,0.628853588833958,0.0,0.046875,0.0,61,0.05478525152769691,0.42543479800224304,1.5,1.0,64,1.0,49,0.765625,0.9029403459441807,42.23578125,24.76659663265521,-0.4874363341751447,0.42369208394011276,2.921875,1.4927395902752094,-0.4754715754144682,0.46664057077270293,2.5255440625000007,1.4990128396920506,0.09916772286485004,0.7164322407493485,261.101109375,73.5278501347698,-0.5539553584058724,0.48817712556417014,1.0,0.9991726279258728,0.00047961631207726896,1.0648608207702637,0.047621872276067734
108,1.9289559035669162,0.90625,0.9072070512278326,0.6609870453347773,0.0,0.09375,0.0,58,0.04190922363326077,0.30118528008461,1.5,1.0,64,1.0,51,0.796875,0.8984465791373841,38.44265625,30.769327017857183,-0.5523268421336072,0.5263831958421599,2.75,1.741048534648015,-0.5292008719535729,0.5442636393139015,2.5756904687500013,1.7480955781689538,0.12313449702710177,0.8354778551255748,255.62548437500004,106.8033709040521,-0.5903099487858142,0.70910495156513,1.0,0.9989903569221497,0.005946481600403786,1.1180338859558105,0.04555337503552437
109,1.8748118817250938,0.875,0.9113109899418694,0.64533113907932,0.0,0.125,0.0,56,0.05163150633333063,0.35407885909080505,1.5,1.0,64,1.0,40,0.625,0.898182779854169,42.060156250000006,34.13387107644086,-0.4904408213618851,0.5839417980527702,2.8125,1.9435389756832766,-0.509662945939353,0.6075635314024407,2.5531104687500017,1.7829442793605395,0.11234270154158522,0.8521333049127969,261.852734375,107.03920178027106,-0.5489650570257882,0.7106707152731784,1.0,0.9990464448928833,0.00046446817577816546,1.1478066444396973,0.046148963272571564
110,1.9454449457869196,0.921875,0.9062414098594148,0.6411813997797489,0.0,0.046875,0.0,59,0.055878714445053906,0.41275352239608765,1.5,1.0,62,0.96875,49,0.7903225806451613,0.8972649957276612,40.193225806451615,26.704911157252585,-0.522379147888159,0.45685160651961887,2.9838709677419355,1.5186149832072788,-0.45609121331971786,0.47472939497583316,2.828051129032259,1.7129241812892668,0.24374674832719434,0.8186681774433108,283.93648387096783,97.98900263290618,-0.4023433166803195,0.6505832763307108,0.96875,0.9981058239936829,0.004577611107379198,1.1014962196350098,0.05635402724146843
111,2.020896241839832,0.9375,0.9273731778065364,0.6489839885391322,0.0,0.0625,0.0,60,0.05010314784410852,0.41511285305023193,1.5,1.0,64,1.0,54,0.84375,0.891523899939593,34.127343749999994,25.564174776566443,-0.6261506207131431,0.4373365725596461,2.515625,1.5308513511686888,-0.6024680945068974,0.47855456700643795,3.312715156250002,1.8316970972528064,0.47538514783653,0.8754340329923358,282.77454687500006,90.8830714443238,-0.41005782297607724,0.6034045126956983,1.0,0.9997220039367676,0.005819158628582954,1.0837910175323486,0.04265648499131203
112,2.0220492923755162,0.953125,0.9197900397855727,0.602563183147815,0.0,0.046875,0.0,61,0.06458185061403494,0.45008695125579834,1.5,1.0,64,1.0,51,0.796875,0.9042106765715778,38.435781250000005,28.66305117245281,-0.552444455511024,0.49035029170403377,2.75,1.590990257669732,-0.5292008719535729,0.4973543990991334,3.5242929687500024,1.6528895348768033,0.5765058069053082,0.7899754570656041,294.51943750000004,98.38229439488774,-0.33207938439982454,0.6531944779573096,1.0,0.9994674921035767,0.00041186160524375737,1.0648607015609741,0.046541906893253326
113,1.9680649929259912,0.953125,0.8974165134742612,0.5756335998865997,0.0,0.046875,0.0,61,0.056644448909746084,0.43350932002067566,1.5,1.0,64,1.0,50,0.78125,0.9028518413290859,40.291875,29.150010820913515,-0.5206915166397695,0.4986809053652997,2.84375,1.7785066593915244,-0.499893982932243,0.5559733044318232,3.0498498437500023,1.5351914059954115,0.3497523447924006,0.7337232809842944,284.41840625000003,91.20524105875151,-0.3991436653739129,0.6055435094979598,1.0,0.9988713264465332,0.0031124944798648357,1.0648608207702637,0.04347148910164833
114,2.008305638569941,0.96875,0.9061648494774296,0.6015195939335409,0.0,0.03125,0.0,62,0.05042799826908455,0.3846043348312378,1.5,1.0,64,1.0,51,0.796875,0.9016279659412316,39.13640625,30.348690064769865,-0.5404585831397213,0.5191871910830401,2.84375,1.6883678324050124,-0.499893982932243,0.5277952927090866,3.387682968750002,2.0247421945766337,0.5112149662819048,0.9676972398036917,301.78448437500003,110.6469403083227,-0.2838441960456729,0.7346237537638076,1.0,1.0005992650985718,0.0024529844522476196,1.0446386337280273,0.044570472091436386
115,1.950410304447958,0.953125,0.8906150914606501,0.6022728991314326,0.0,0.046875,0.0,61,0.04889525460995356,0.43413349986076355,1.5,1.0,64,1.0,52,0.8125,0.9055376181486993,44.71015625,33.692986681772304,-0.44510621043028525,0.5763994122044257,2.953125,1.7627188472286215,-0.4657026124073583,0.5510379267363801,3.382502500000003,1.7916217702676205,0.5087390336304832,0.8562805904396636,302.0765,95.5367355808095,-0.28190540213056425,0.6343018172860899,1.0,0.9989098906517029,0.0,1.0648608207702637,0.05498937517404556
116,1.9534455602421077,0.953125,0.8873127723326448,0.6320222333052371,0.0,0.03125,0.0,61,0.058005403676418085,0.4184496998786926,1.5,1.0,63,0.984375,58,0.9206349206349206,0.9060975800575715,41.766349206349204,28.03069186930115,-0.49546709608372386,0.47953226793899295,2.888888888888889,1.6243300070433058,-0.4857832585886398,0.5077766320046297,3.415192222222224,1.8542980467349979,0.5243626295871069,0.886235840990135,293.3474285714286,92.3421201013727,-0.33986076178046115,0.6130916472732884,0.984375,0.9976761341094971,0.008146639913320541,1.0648608207702637,0.04587908089160919
117,1.9791254621725138,0.96875,0.901978729232665,0.5850426309638527,0.0,0.015625,0.0,62,0.03206819247459551,0.3227178752422333,1.5,1.0,63,0.984375,53,0.8412698412698413,0.9031988319745896,49.27285714285714,33.01565388358293,-0.36705025957181636,0.5648120088545663,3.2857142857142856,1.6176464525202885,-0.3617329346888311,0.5056873073041063,2.6277788888888907,1.8896454183520175,0.1480294295914315,0.9031296233391799,285.9047301587302,86.83845414298362,-0.3892754408563829,0.5765508831586411,0.984375,0.9977981448173523,0.004262574482709169,1.0446386337280273,0.053878504782915115
118,1.837791494126405,0.921875,0.8682114870871528,0.5896888725832763,0.0,0.078125,0.0,59,0.04869939704387316,0.3595670759677887,1.5,1.0,64,1.0,52,0.8125,0.9084038790632206,48.802968750000005,36.62639569352987,-0.37508882842896846,0.6265824145633987,3.171875,2.154607617264684,-0.39731987135758867,0.6735450274526716,2.7778017187500015,1.6576152810236122,0.21973074482701965,0.7922340614027533,287.03267187500006,115.43141717840179,-0.38178664111800803,0.7663895698659022,1.0,0.9991863369941711,0.0,1.1014961004257202,0.04737481847405434
119,1.9588849440869827,0.953125,0.8769346026123547,0.6608335103053385,0.0,0.046875,0.0,61,0.04141155608656531,0.39332157373428345,1.5,1.0,64,1.0,55,0.859375,0.9050677677157841,39.166093749999995,25.535171309464733,-0.5399507071917848,0.4368403986363542,2.8125,1.5799030824705673,-0.509662945939353,0.49388847255916585,3.112796093750002,1.9444114540576758,0.3798366254203989,0.9293042848488332,290.48120312500004,93.8988463644156,-0.3588906354554256,0.623427297655961,1.0,1.0016937255859375,0.007893643341958523,1.0648608207702637,0.043003883212804794
120,1.8232798263623577,0.890625,0.8869586613094598,0.6134925955131963,0.0,0.09375,0.0,57,0.031842528732765524,0.331439346075058,1.5,1.0,63,0.984375,51,0.8095238095238095,0.9044087886806249,41.128730158730164,29.79823854877542,-0.5063751004031151,0.509770396624807,2.9047619047619047,1.7522256659975335,-0.4808212456326475,0.5477576867596313,3.078950952380954,1.8849068449801618,0.3636608130274332,0.9008648884090567,282.6734761904762,99.12928948534078,-0.4107288666168096,0.6581540397478354,0.984375,0.9984522461891174,0.001354401814751327,1.1334558725357056,0.03931697830557823
121,1.9191145308000557,0.921875,0.8858032014410374,0.6575578644394837,0.0,0.078125,0.0,59,0.048188344420453375,0.3764483332633972,1.5,1.0,64,1.0,53,0.828125,0.9043166878600193,36.818124999999995,23.35857276214399,-0.5801183486109566,0.39960445588274224,2.625,1.4842927608797396,-0.5682767239820126,0.4640000343281681,3.320637187500002,1.4537701392892104,0.4791713719764711,0.6948091242763655,281.21609375,93.75564942590111,-0.42040493859953876,0.6224765630743643,1.0,0.9989180564880371,0.0018083183094859123,1.1014959812164307,0.039361223578453064
122,2.076917484827986,0.984375,0.9100406396956671,0.6504497476193005,0.0,0.0,0.0,63,0.04103596341902961,0.3645884096622467,1.5,1.0,63,0.984375,48,0.7619047619047619,0.9010335104536866,36.220000000000006,22.302071154441638,-0.5903507124462255,0.3815304599077249,2.7142857142857144,1.2652695481510878,-0.5403654011045556,0.3955318851171419,2.946512857142859,1.4502594372080082,0.30036387599019193,0.6931312332723393,277.1826666666667,72.3404937281009,-0.44718427236361985,0.4802938509061269,0.984375,0.9987188577651978,0.007487131282687187,1.023047924041748,0.04400167614221573
123,1.813456555549081,0.890625,0.8771261745377591,0.6248242845495084,0.0,0.078125,0.0,57,0.029180821178949122,0.26542073488235474,1.5,1.0,62,0.96875,46,0.7419354838709677,0.9073930884692348,34.33806451612904,25.64218448740591,-0.6225457362045889,0.43867111591428526,2.338709677419355,1.4804483669907917,-0.6577730302406971,0.4627982505942196,2.7847029032258077,1.5714232900990648,0.22302906951571425,0.7510398037168706,250.54982258064513,77.87722797776502,-0.6240090434902349,0.51705416697765,0.96875,0.9988101720809937,0.004413928370922804,1.1334558725357056,0.04123872146010399
124,1.7962631810367036,0.859375,0.9057226441123268,0.6333174552129824,0.0,0.125,0.0,55,0.036183919042131044,0.32228368520736694,1.5,1.0,63,0.984375,49,0.7777777777777778,0.9055810308069354,41.31746031746032,26.059869225040313,-0.5031464180193072,0.44581661594172795,2.857142857142857,1.4349065879351772,-0.49570728450062446,0.4485615800383069,2.659577460317461,1.4801861882723688,0.16322711247844338,0.7074343057715665,262.61330158730163,87.88085919912095,-0.5439153851692167,0.5834717750798105,0.984375,0.9988216161727905,0.00046970410039648414,1.1611262559890747,0.045263536274433136
125,1.9605068161421717,0.953125,0.8856992264751529,0.6545547978144878,0.0,0.046875,0.0,61,0.04343417540338161,0.29160720109939575,1.5,1.0,64,1.0,55,0.859375,0.8997072298352758,40.72078125,30.7057267818586,-0.5133540457077387,0.5252951611424792,2.953125,1.633914849181254,-0.4657026124073583,0.5107729189894171,2.942251875000001,1.8649420591132622,0.2983273991144983,0.8913229979755883,285.1834375,82.31724454319158,-0.3940643552090267,0.5465329905852271,1.0,0.9986990094184875,0.0008768084226176143,1.0648609399795532,0.04432052746415138
126,2.0454945597339447,0.953125,0.9201088537935351,0.6507673101844936,0.0,0.046875,0.0,61,0.04284610688836873,0.4361024498939514,1.5,1.0,64,1.0,55,0.859375,0.8962827635415223,36.262187499999996,27.798694296492485,-0.5896289939938948,0.4755633925803679,2.8125,1.5599979967935855,-0.509662945939353,0.48766600709894864,3.007856718750002,1.6685930714246737,0.3296823174762915,0.797480742930261,282.71365625000004,96.24888340394835,-0.41046209714201337,0.639030015875325,1.0,1.0002350807189941,0.0032213530503213406,1.0648607015609741,0.04470211640000343
127,1.9372365903473128,0.9375,0.8990169396003087,0.6103522094342998,0.0,0.046875,0.0,60,0.04578123858917436,0.3691795766353607,1.5,1.0,63,0.984375,55,0.873015873015873,0.9032851404625039,46.243968253968255,28.82920656070207,-0.4188666744143914,0.4931927784513806,3.3174603174603177,1.5818955559747288,-0.3518089087768463,0.49451133335771946,2.699200952380953,1.6788837056718748,0.1821646068438641,0.8023990077757902,293.22993650793666,93.49175415534569,-0.3406408327022545,0.6207244700321551,0.984375,0.9997627139091492,0.002196836518123746,1.0837911367416382,0.04871451482176781
128,2.017383238614598,0.953125,0.9012263612669023,0.6506773995775026,0.0,0.046875,0.0,61,0.04762914586344831,0.3677690029144287,1.5,1.0,64,1.0,54,0.84375,0.9010902995069285,44.2640625,28.328856518064647,-0.45273771480585817,0.4846330899560685,3.140625,1.6851111563855365,-0.4070888343646986,0.5267772335871538,2.707498750000001,1.612409347038522,0.18613042326923934,0.7706285169253899,277.7752031250001,80.68078709821113,-0.4432502154791745,0.5356679769865108,1.0,0.9999692440032959,0.0060861422680318356,1.0648608207702637,0.04646476358175278
129,2.098813779809092,1.0,0.9126212485134602,0.6521853708885372,0.0,0.0,0.0,64,0.0417305186115475,0.32818856835365295,1.5,1.0,64,1.0,57,0.890625,0.886396260401872,48.705312500000005,32.37781536835591,-0.37675947299454926,0.5539002500149413,3.375,1.8915932438026946,-0.3338216118113741,0.5913249415426436,3.245788750000002,1.3254723560802075,0.44339860714429763,0.6334909915200891,318.18829687500005,87.84048304040259,-0.17493354491326876,0.5832037036338438,1.0,1.0001795291900635,0.01066010631620884,1.0,0.04336735978722572
130,1.8510415501466122,0.90625,0.8779447983051168,0.6294087376270663,0.0,0.0625,0.0,58,0.05446917433398055,0.4397345781326294,1.5,1.0,62,0.96875,52,0.8387096774193549,0.9050620395792038,44.090483870967745,28.48985084865788,-0.4557071939051857,0.4873872844238563,3.0806451612903225,1.7897412598795663,-0.425838940781571,0.5594853171219781,2.921853709677421,1.6406357079471001,0.288578381025878,0.7841189117095246,284.0010645161291,106.21832046899405,-0.4019145431793384,0.7052205970086834,0.96875,0.9979101419448853,0.005165733862668276,1.1180341243743896,0.04480329900979996
131,1.9630331860656751,0.953125,0.8968008658925041,0.6466219008847203,0.0,0.046875,0.0,61,0.05254245237486414,0.3689787983894348,1.5,1.0,64,1.0,57,0.890625,0.9037271375530338,48.31281250000001,30.240261318147436,-0.38347412763253147,0.5173322571049538,3.34375,1.7519520363012224,-0.34359057481848404,0.5476721482514422,3.085095468750002,1.6215861113495207,0.3665974987675649,0.7750144231992202,302.12075000000004,79.25041695631644,-0.2816116108968122,0.5261712491060806,1.0,0.999170184135437,0.001215066877193749,1.0648608207702637,0.04415207356214523
132,2.024527387097222,0.96875,0.893870880526881,0.6697400939296503,0.0,0.03125,0.0,62,0.03564374863935908,0.3335418701171875,1.5,1.0,64,1.0,51,0.796875,0.8963292093416694,40.7946875,29.80773420863021,-0.5120897019005072,0.5099328426795451,2.953125,1.6049696988962128,-0.4657026124073583,0.5017244677135833,2.905504843750002,1.51994241008191,0.28076466900157165,0.7264352364644543,280.63801562500004,72.36457923478784,-0.42424300154979183,0.4804537630129087,1.0,0.9978664517402649,0.00804289523512125,1.0446385145187378,0.03795721381902695
133,2.017963754627038,0.96875,0.9097058080857799,0.6567603656152011,0.0,0.03125,0.0,62,0.029972680057063734,0.35293859243392944,1.5,1.0,64,1.0,52,0.8125,0.9001822763800899,44.208749999999995,28.346043512499236,-0.45368396788780324,0.4849271147507008,3.109375,1.7688024506357403,-0.41685779737180856,0.5529397026286703,3.317682500000002,1.5600293236296492,0.4777592203722367,0.7455942166527977,307.21642187500004,94.23278907077096,-0.24777966226515552,0.6256444601351152,1.0,0.9993951320648193,0.002680965233594179,1.0446386337280273,0.03539915382862091
134,1.88056441253414,0.90625,0.9114977645462957,0.606384121868084,0.0,0.09375,0.0,58,0.03515769857482322,0.386126846075058,1.5,1.0,64,1.0,50,0.78125,0.905494520620324,44.05015625,31.5519861445058,-0.4563970946623063,0.53977245886053,3.0625,1.775484088917724,-0.4315112418824735,0.5550284282991852,2.6210312500000015,1.6925940644129476,0.14480448987048325,0.8089516821587275,279.229671875,88.30789369976627,-0.433593488507062,0.5863070065554984,1.0,0.9991501569747925,0.002157032024115324,1.1180338859558105,0.038489047437906265
135,1.9114298356811819,0.921875,0.90601254065158,0.6075276964946783,0.0,0.078125,0.0,59,0.041349388939506036,0.4275721311569214,1.5,1.0,64,1.0,53,0.828125,0.9074057338866087,48.78671875,33.645557890989096,-0.3753668236846812,0.5755880288923075,3.359375,1.8145866221745932,-0.33870609331492907,0.5672521467270457,2.773019218750002,1.787528924436702,0.21744501577876987,0.854324471964862,302.9530625000001,108.11697971365257,-0.27608559697043716,0.7178264601038827,1.0,0.9991674423217773,0.0,1.1014959812164307,0.03731526806950569
136,1.8855433450548893,0.90625,0.8857485035370136,0.6366398909618554,0.0,0.09375,0.0,58,0.035934301986842596,0.31342613697052,1.5,1.0,64,1.0,47,0.734375,0.8974640427708008,44.45046875,30.73073758621445,-0.44954878845907764,0.5257230309857089,2.859375,1.6285268218162696,-0.49500950142868805,0.5090885849091026,2.525374062500001,1.6739706453740835,0.09908647374029134,0.8000508792575539,271.6945625,102.29351718062878,-0.4836217162977131,0.6791624546285226,1.0,0.9990430474281311,0.0018340210663154721,1.1180340051651,0.03910677507519722
137,1.9590583842189417,0.921875,0.9098801910877228,0.6656349476969184,0.0,0.078125,0.0,59,0.04622532150005298,0.45235711336135864,1.5,1.0,64,1.0,53,0.828125,0.9022220176447954,38.49796875,29.433107855976125,-0.5513805890516622,0.5035239596824518,2.84375,1.6126332309300835,-0.499893982932243,0.5041201400637492,3.1219096875000023,1.734842962489662,0.38419234020729387,0.829143952642888,284.00229687500007,90.23880998402933,-0.40190636111757266,0.5991270354238638,1.0,1.0000594854354858,0.0017865118570625782,1.1014959812164307,0.03878236189484596
138,1.9904921590786402,0.953125,0.894874389542908,0.6558634125888899,0.0,0.046875,0.0,61,0.04381439309888088,0.3900405764579773,1.5,1.0,64,1.0,51,0.796875,0.8992935544273679,47.04015625,26.921807870908037,-0.40524596761118026,0.4605621454350575,3.0625,1.6092991486979666,-0.4315112418824735,0.5030778832321264,2.7084253125000015,1.7439283392163174,0.18657326086908677,0.8334861814977568,286.577140625,96.10697727725527,-0.3848110724841104,0.6380878514450853,1.0,0.9991821050643921,0.0004239084373693913,1.0648607015609741,0.05150480195879936
139,2.049199391341206,0.96875,0.9194579484962648,0.6267695584215713,0.0,0.03125,0.0,62,0.04406780038052312,0.40877822041511536,1.5,1.0,64,1.0,53,0.828125,0.9030088881268717,45.13734375,30.350222674336937,-0.43779814284260865,0.5192134100484866,3.078125,1.642261088979155,-0.4266267603789185,0.5133820104401102,2.936451250000002,1.6095821869806204,0.2955550714489462,0.7692773152801422,287.0716718750001,93.23838063920067,-0.38152770647131123,0.6190422345991995,1.0,0.9991047978401184,0.00042498938273638487,1.0446386337280273,0.046076156198978424
140,2.0140521405392877,0.984375,0.8871072769638092,0.6143066311052604,0.0,0.015625,0.0,63,0.034012804927229405,0.3329158425331116,1.5,1.0,64,1.0,52,0.8125,0.8934139102983351,41.02734375,29.272398808550626,-0.5081095582874675,0.500774645668028,2.890625,1.759946621172074,-0.48524053842157816,0.5501713099749798,3.5831314062500024,1.4413885990294535,0.6046268159481495,0.6888915401187486,315.05503125000007,97.52819806406782,-0.19573639177521177,0.6475238335556259,1.0,0.9992395043373108,0.0007797271246090531,1.023047924041748,0.042934536933898926
141,1.931032484133622,0.953125,0.8888134829333572,0.5818841399068455,0.0,0.046875,0.0,61,0.044475571177651524,0.38675495982170105,1.5,1.0,64,1.0,49,0.765625,0.9026380341039304,49.2484375,34.05963970645599,-0.36746801617861524,0.5826718922877951,3.5,2.0463381929681126,-0.2947457597829343,0.6396992674285341,2.897516093750002,1.5587993012498216,0.2769465575673413,0.7450063446436875,309.2724375000001,96.59394041470645,-0.23412905509946455,0.641320970110474,1.0,1.0002354383468628,0.007587859407067299,1.0648608207702637,0.045302532613277435
142,2.050090263409006,0.984375,0.8871423370308347,0.6599255169450975,0.0,0.015625,0.0,63,0.05097217491736792,0.4184184670448303,1.5,1.0,64,1.0,52,0.8125,0.906476326493266,47.16890625,30.190519575542435,-0.40304338981591864,0.5164813052000264,3.03125,1.4786897705401225,-0.4412802048895834,0.46224850135674683,2.6515667187500016,1.4147024436145306,0.15939849048183793,0.6761372650287326,278.315640625,83.34975430665789,-0.43966206180932715,0.5533881841958392,1.0,1.0016971826553345,0.0051129101775586605,1.023047924041748,0.045820314437150955
143,1.968001361630234,0.953125,0.8932384975620957,0.607572801777888,0.0,0.046875,0.0,61,0.03773268533967129,0.32447609305381775,1.5,1.0,64,1.0,45,0.703125,0.9091778230012105,43.51484375,36.820209251857676,-0.465554899912994,0.6298980606992705,3.0625,2.090716085459716,-0.4315112418824735,0.6535720991112214,2.5971853125000015,1.8064941866464466,0.1334076572460185,0.8633886540329205,269.559515625,85.64525984876376,-0.49779703958639704,0.5686288487223811,1.0,1.000070333480835,0.0009350163745693862,1.0648608207702637,0.04722855985164642
144,2.025520956422589,0.984375,0.8816786814067099,0.6454011716635899,0.0,0.015625,0.0,63,0.03142162138237939,0.30631276965141296,1.5,1.0,64,1.0,52,0.8125,0.8977782811937886,47.653125,29.627678722511742,-0.3947596658019428,0.506852561393024,3.140625,1.5896853806256759,-0.4070888343646986,0.49694648564082267,2.8008820312500013,1.5052928667789423,0.23076165768095297,0.7194336919435577,289.29365625,81.92034936643854,-0.36677517469936677,0.5438978646270705,1.0,0.9987834692001343,0.001758241793140769,1.0230478048324585,0.040179554373025894
145,1.8946288426797466,0.921875,0.8803911057569213,0.6354025602355252,0.0,0.078125,0.0,59,0.05352131141778815,0.35374653339385986,1.5,1.0,64,1.0,48,0.75,0.90591278107733,45.76546875,32.391603846989014,-0.4270525569967932,0.5541361350391566,3.015625,1.807036485346934,-0.4461646863931384,0.5648919224912691,2.5934662500000014,1.4784776822752321,0.1316301832912862,0.7066177492035028,284.77428125000006,98.13599939902743,-0.39678088672280676,0.6515592392974067,1.0,0.9995959401130676,0.01324786338955164,1.1014961004257202,0.03935781866312027
146,1.9807436290732197,0.953125,0.9168771573754607,0.5945676035821493,0.0,0.03125,0.0,61,0.053286075187460126,0.37952297925949097,1.5,1.0,63,0.984375,50,0.7936507936507936,0.9073013826474667,54.657301587301575,34.3689382744855,-0.27493641279004144,0.5879631867192363,3.6031746031746033,1.847689956638542,-0.26249267556898404,0.5776004747203355,2.8735001587301605,2.015603469147556,0.2654684770036749,0.9633295136819513,314.94241269841274,89.75470376012497,-0.19648410574615388,0.5959128848071902,0.984375,0.9988730549812317,0.0011966493912041187,1.0648607015609741,0.03670390322804451
147,1.8971843214633533,0.9375,0.8760865444938342,0.595501440757809,0.0,0.046875,0.0,60,0.05410715397033253,0.3847736716270447,1.5,1.0,63,0.984375,47,0.746031746031746,0.9046423085475253,52.252063492063485,35.92933815402734,-0.3160837838260722,0.6146575721670645,3.3968253968253967,1.873284887864372,-0.32699884399688467,0.5856016246824044,2.5038141269841283,1.739047649733408,0.08878220382141506,0.83115352415817,287.52111111111105,91.2827463564966,-0.37854372211710735,0.6060580942899786,0.984375,1.0005871057510376,0.0035226773470640182,1.0837912559509277,0.03415714576840401
148,1.9033797447002807,0.9375,0.8785514061649641,0.580687072513454,0.0,0.0625,0.0,60,0.05735223659128047,0.41342055797576904,1.5,1.0,64,1.0,51,0.796875,0.9033433187399842,54.529375,36.361500496533075,-0.2771249041346166,0.6220507463771726,3.609375,2.07377363985923,-0.2605543892580496,0.6482757751329454,2.5222654687500015,1.9670056275187449,0.09760076479442995,0.9401028543420196,291.79371875000004,104.73705470851596,-0.35017638495175735,0.6953859553073226,1.0,0.9990857839584351,0.01002925168722868,1.0837910175323486,0.03890965133905411
149,2.0195109122337827,0.953125,0.9017366048742513,0.6459737833493093,0.0,0.03125,0.0,61,0.0675140649728927,0.43856507539749146,1.5,1.0,63,0.984375,47,0.746031746031746,0.8934143661495191,51.971269841269844,37.2502595918115,-0.32088743322637153,0.6372551040361795,3.3015873015873014,2.044232464609287,-0.35677092173283875,0.6390410023904416,2.6111733333333347,1.6744485462554968,0.1400930363461283,0.8002792853060287,287.0626984126985,72.65450843080384,-0.38158728442748313,0.4823787043959194,0.984375,0.9993334412574768,0.0013163668336346745,1.0648608207702637,0.0419485829770565
150,1.8988875899707904,0.921875,0.8955881408715652,0.6152799827833147,0.0,0.0625,0.0,59,0.04309611000288718,0.3666393756866455,1.5,1.0,63,0.984375,48,0.7619047619047619,0.9002985626896199,47.433015873015876,37.71207640501283,-0.3985251607582898,0.6451555891486903,3.126984126984127,2.0508771912809167,-0.41135306424875456,0.6411181892399619,2.8532661904761913,1.4937083277730319,0.2557979346096415,0.713897023398572,290.38215873015884,103.09732030529962,-0.3595482258499251,0.6844991848362205,0.984375,0.9977578520774841,0.0021276595070958138,1.1014959812164307,0.04200565442442894
151,2.1025740081537903,1.0,0.9004207183606923,0.6421963651886939,0.0,0.0,0.0,64,0.0762376069893526,0.4385621249675751,1.5,1.0,64,1.0,53,0.828125,0.8965275449948074,44.02375000000001,31.926803125469675,-0.4568488369528393,0.5461846030124372,3.109375,1.6966620492528852,-0.41685779737180856,0.5303881214310008,3.139631875000002,1.7038477438643074,0.3926624120875408,0.814330221002777,298.224734375,67.41428749350968,-0.3074786219066474,0.4475870439597638,1.0,0.9994080066680908,0.0017064845887944102,0.9999998807907104,0.036948312073946
152,1.9967609539164002,0.96875,0.9033102825764687,0.6254584288155046,0.0,0.015625,0.0,62,0.03310138597133705,0.2915761172771454,1.5,1.0,63,0.984375,50,0.7936507936507936,0.9037530796626662,50.98809523809525,28.564947209303483,-0.33770699477835286,0.48867198793036476,3.2857142857142856,1.6849339059956319,-0.3617329346888311,0.5267218239070905,2.7372698412698426,1.6131253400208676,0.20035910034473908,0.7709707157666007,287.5341111111112,89.34816616306095,-0.37845741056820753,0.5932137394465585,0.984375,0.9981433749198914,0.0017452007159590721,1.0446385145187378,0.04511244222521782
153,1.9072698126028311,0.9375,0.9107585589090983,0.6043952942249529,0.0,0.046875,0.0,60,0.028677649901896824,0.3149283826351166,1.5,1.0,63,0.984375,56,0.8888888888888888,0.9063580851021072,49.68888888888888,31.492866318011803,-0.3599330379334982,0.5387610723199832,3.4444444444444446,1.9418349837348272,-0.3121128051289075,0.6070308519045585,2.8767003174603194,1.769386413101939,0.2669979481523492,0.8456535121810519,295.51695238095243,107.20846416558622,-0.3254565340594669,0.7117945074767834,0.984375,0.9999337792396545,0.0016339869471266866,1.0837911367416382,0.04286792501807213
154,1.9676071433492668,0.953125,0.8988340098838337,0.6362859978887703,0.0,0.046875,0.0,61,0.041882196338984955,0.3694140613079071,1.5,1.0,64,1.0,53,0.828125,0.8977943860214335,47.859843749999996,30.860369736736565,-0.39122324538552156,0.5279407000831228,3.140625,1.7577256923009916,-0.4070888343646986,0.5494770324715229,3.126041562500002,1.5476579889699675,0.3861671121280962,0.7396815101191321,289.57928125,82.77873159503841,-0.3648788103798105,0.5495969646038165,1.0,0.998559832572937,0.00224517285823822,1.0648607015609741,0.04074464365839958
155,2.040422054887317,0.984375,0.8847356504864163,0.627665652348446,0.0,0.015625,0.0,63,0.0513268763973781,0.41816332936286926,1.5,1.0,64,1.0,53,0.828125,0.9016639163736142,41.544375,32.18813474495493,-0.49926449769945663,0.5506553076514896,3.09375,1.8003363401042596,-0.42174227887536353,0.5627974114186947,2.8913504687500016,1.8516700268452189,0.2739997832520006,0.8849798156056192,280.16817187500004,77.95279947958794,-0.4273624586115566,0.5175559126218768,1.0,0.9986428618431091,0.0023463163524866104,1.023047924041748,0.03993913158774376
156,2.0130437645738235,0.953125,0.9076855661439114,0.6357311229471998,0.0,0.046875,0.0,61,0.051482500297010084,0.39990121126174927,1.5,1.0,64,1.0,50,0.78125,0.8928530677989508,43.177968750000005,32.19452691159669,-0.4713179554064213,0.550764661005344,2.921875,1.9788308377360102,-0.4754715754144682,0.6185960080374865,3.3990528125000026,1.5676892201067694,0.5166490242293046,0.7492551571408983,294.62712500000004,99.66192597468903,-0.3313644094058211,0.6616903997782732,1.0,0.9993721842765808,0.001325088320299983,1.0648607015609741,0.03869583085179329
157,1.955427479396893,0.9375,0.907301255563895,0.6211108762844685,0.0,0.0625,0.0,60,0.03014510326230957,0.39072084426879883,1.5,1.0,64,1.0,51,0.796875,0.8961285100250003,46.40640625,28.87538594802606,-0.4160877825839733,0.49398278771832127,3.265625,1.4815763089949163,-0.3680129823362589,0.4631508529530182,2.6012470312500016,1.567836937372515,0.13534889896743965,0.7493257565439809,278.42257812500003,78.10576990366272,-0.4389520663277601,0.5185715367940005,1.0,0.9978111386299133,0.0,1.0837911367416382,0.04205100238323212
158,1.922412675002486,0.9375,0.8828849355379741,0.6384435467425994,0.0,0.0625,0.0,60,0.047087051692624046,0.3942117989063263,1.5,1.0,64,1.0,50,0.78125,0.8991579953144424,39.868125000000006,33.61278945928729,-0.5279407775387375,0.5750274462122925,2.90625,1.8261875417108726,-0.4803560569180232,0.5708786732485936,3.0517284375000013,1.3002969604048864,0.35065019242527745,0.6214587629374927,280.70625,89.1276564225438,-0.4237899696579155,0.591749698119534,1.0,0.9993192553520203,0.0017937219236046076,1.0837910175323486,0.042228810489177704
159,2.022590745841181,0.984375,0.8873226618956006,0.6063339490663884,0.0,0.015625,0.0,63,0.05208494525888185,0.3623884916305542,1.5,1.0,64,1.0,49,0.765625,0.9025957068616485,44.0228125,28.60961931046696,-0.456864875140669,0.4894362114495132,3.21875,1.5857643070456593,-0.3826664268469238,0.4957207313127799,2.502572187500001,1.6096105997331605,0.08818863619882476,0.7692908947582021,274.87473437500006,85.80787409932191,-0.46250744242880537,0.5697085016330502,1.0,0.999772846698761,0.0021843600552529097,1.0230478048324585,0.04676520451903343
160,1.8699971236938062,0.921875,0.8815691940865275,0.5782219055154999,0.0,0.078125,0.0,59,0.04703474362207541,0.3522285223007202,1.5,1.0,64,1.0,48,0.75,0.8979561592976023,45.077031250000005,34.849254371493,-0.4388299329263113,0.5961801464860361,3.265625,2.1083330760045955,-0.3680129823362589,0.6590792904369663,3.085953437500002,2.069355792343826,0.3670075529430727,0.9890196854625334,295.09651562500005,114.81704712919822,-0.3282479607994866,0.7623105521317622,1.0,0.9988082051277161,0.005056890193372965,1.1014962196350098,0.03800812363624573
161,1.9340879488080036,0.9375,0.8944718658924102,0.614204404137525,0.0,0.0625,0.0,60,0.04379650973114405,0.367103636264801,1.5,1.0,64,1.0,52,0.8125,0.9023393142706353,39.3503125,30.284406825581772,-0.5367992032832731,0.5180874719743551,2.921875,1.805414491017229,-0.4754715754144682,0.5643848760079209,2.921063750000002,1.927742063549107,0.28820083083630715,0.921337382579715,278.00725,99.29892157379535,-0.44170957507929903,0.6592802865399477,1.0,0.9989960193634033,0.004094631411135197,1.0837910175323486,0.04203775152564049
162,2.0486296397073684,1.0,0.8884493424557149,0.5923726354573364,0.0,0.0,0.0,64,0.023639766188673958,0.2661110460758209,1.5,1.0,64,1.0,46,0.71875,0.896017309184817,47.93203125,38.8201581084045,-0.38998830492264414,0.6641119864708359,3.375,2.2946949688357274,-0.3338216118113741,0.7173372884210404,2.967508437500002,1.524422481233898,0.31039842024679154,0.7285764238706908,295.256421875,109.92359505936456,-0.3271862872520942,0.7298212115464078,1.0,0.9980779886245728,0.0013374944683164358,1.0,0.04418683052062988
163,2.02368229849813,0.953125,0.911288961523869,0.6553737152271091,0.0,0.046875,0.0,61,0.03944401494551524,0.33720138669013977,1.5,1.0,64,1.0,51,0.796875,0.8883478896662298,37.1665625,25.188632122121952,-0.5741574888009643,0.43091201402098145,2.734375,1.6321208164149492,-0.5340853534571278,0.5102120921181347,3.322632500000002,1.4383149260799528,0.48012500370497846,0.687422521081531,280.922984375,80.4496027277117,-0.4223509943036176,0.5341330630558178,1.0,1.0000014305114746,0.003242241684347391,1.0648607015609741,0.040185362100601196
164,2.0139499883739145,0.953125,0.9045702135953747,0.6494609760583936,0.0,0.03125,0.0,61,0.04430501976447807,0.3181872069835663,1.5,0.984375,63,0.96875,51,0.8095238095238095,0.8930692420244438,40.69111111111112,27.620520788115165,-0.5138616246521968,0.4725153070405173,2.7777777777777777,1.656583254050762,-0.5205173492805862,0.5178592168646303,2.9990833333333353,1.2654667050789978,0.3254892005085199,0.6048121290940329,279.2534761904763,86.40902743198484,-0.4334354433271207,0.5736997689613457,0.984375,0.9985673427581787,0.002735978225246072,1.0648607015609741,0.04288215935230255
165,2.0325262344020145,0.953125,0.9075102053704809,0.6794715089745932,0.0,0.046875,0.0,61,0.03503706154749538,0.34266582131385803,1.5,1.0,64,1.0,50,0.78125,0.8900347296803415,38.24796875,27.935260658557016,-0.555657439139549,0.47789968801076016,2.65625,1.4600807982779582,-0.5585077609749026,0.4564312097846055,2.7797493750000015,1.3636936740761239,0.22066159991674902,0.6517583363827476,271.37667187500006,70.0519381387961,-0.48573230339187995,0.4650993295481263,1.0,0.9997668862342834,0.0036968577187508345,1.0648608207702637,0.047947175800800323
166,2.082152542717467,0.984375,0.9057277450485836,0.663613922322998,0.0,0.015625,0.0,63,0.033960316175470726,0.2867681682109833,1.5,1.0,64,1.0,47,0.734375,0.8923472290931255,40.8046875,23.888260582393684,-0.5119186278969917,0.4086660374850921,2.71875,1.316585902058806,-0.5389698349606828,0.4115737271326382,2.780715937500001,1.4584474182389557,0.2211235549576686,0.6970445643939193,269.91353125,71.14291866596092,-0.49544660597654,0.4723427310187474,1.0,0.9973005652427673,0.004578754771500826,1.0230478048324585,0.04457193613052368
167,2.0318952357224895,0.984375,0.8878235660848164,0.6517286156658401,0.0,0.015625,0.0,63,0.034878633466959574,0.32297325134277344,1.5,1.0,64,1.0,51,0.796875,0.8970134725517229,48.028125,32.43100941204845,-0.3883443906701126,0.5548102618167072,3.15625,1.8219044808935512,-0.40220435286114364,0.569539759242782,2.939503750000002,1.5712521594431277,0.2970139711708035,0.7509580142111056,292.21178125000006,97.56392854583046,-0.34740072172779385,0.6477610607266902,1.0,0.9989724159240723,0.0008431703317910433,1.023047924041748,0.05276459455490112
168,2.0198908305689867,0.953125,0.9007247305307232,0.6731482037236144,0.0,0.046875,0.0,61,0.04598429108453109,0.3497332036495209,1.5,1.0,64,1.0,56,0.875,0.8962139218759785,38.0934375,23.459095398876613,-0.558301067100124,0.40132413687372037,2.859375,1.37916627328796,-0.49500950142868805,0.4311367777409202,3.286351406250002,1.711159565836195,0.4627849619095462,0.8178248041448106,288.4933125,84.8770396039683,-0.372088936908137,0.5635283657051697,1.0,0.9990431666374207,0.0108506940305233,1.0648607015609741,0.04743163287639618
169,1.9860162727953794,0.953125,0.9017812839296998,0.6233551531357112,0.0,0.046875,0.0,61,0.02964692051646029,0.2635652720928192,1.5,1.0,64,1.0,56,0.875,0.8955301431613868,46.0909375,33.317511851818914,-0.4214846327886254,0.5699760139664839,2.84375,1.6126332309300835,-0.499893982932243,0.5041201400637492,2.812649843750002,1.935775473445247,0.23638591923152483,0.9251768385872646,285.884,97.94882578641518,-0.38941307563399236,0.6503165281883639,1.0,0.998780369758606,0.008203799836337566,1.0648607015609741,0.04317415878176689
170,1.844200482754343,0.90625,0.8869070025353596,0.601465462956974,0.0,0.09375,0.0,58,0.049101786279591365,0.42429119348526,1.5,1.0,64,1.0,51,0.796875,0.9068842545669632,48.431406249999995,32.900790495213954,-0.3814452968720904,0.562846994884003,3.0625,1.71277370075559,-0.4315112418824735,0.5354247335114287,2.714052812500001,1.8114554148067572,0.1892628458599965,0.8657598037079896,286.83484375000006,100.68182466860938,-0.38310009126296996,0.6684618640853637,1.0,0.9978422522544861,0.016101695597171783,1.1180340051651,0.04725503921508789
171,1.9869584525584112,0.984375,0.87671402900938,0.5892531123675528,0.0,0.015625,0.0,63,0.03165735142098304,0.2978145480155945,1.5,1.0,64,1.0,42,0.65625,0.8958571221806869,49.49859375,32.328247703594464,-0.3631884930594236,0.5530522761293759,3.21875,1.924096784857768,-0.3826664268469238,0.6014857700279905,2.801749843750002,1.5651985796981296,0.23117641653922494,0.7480647903597644,297.543375,88.8582689250662,-0.3120024052153397,0.5899611402609745,1.0,1.00045645236969,0.006374840624630451,1.023047924041748,0.042966119945049286
172,2.084044455927661,0.984375,0.9151999117836119,0.6131080475795322,0.0,0.015625,0.0,63,0.06961053174515584,0.35112011432647705,1.5,1.0,64,1.0,48,0.75,0.9006905579713493,44.40234375,31.221830540814484,-0.45037208210099583,0.5341243547698759,2.984375,1.6629434324038206,-0.45593364940024833,0.5198474519702192,2.689826250000001,1.8061805838214082,0.17768409883532474,0.8632387719447233,277.3641875,73.40503857703573,-0.4459790920342039,0.487361736658731,1.0,1.0009852647781372,0.00047014575102366507,1.0230478048324585,0.04118523374199867
173,2.0467880598162322,0.984375,0.9000476239219545,0.6324803877421572,0.0,0.015625,0.0,63,0.047495923713988863,0.3567787706851959,1.5,1.0,64,1.0,47,0.734375,0.8986916750193851,37.19921875,25.143913174009896,-0.573598825258234,0.43014698907232846,2.53125,1.1452176376130434,-0.5975836130033424,0.358002839581813,2.8701487500000016,1.5604330151470593,0.2638667180309445,0.7457871553726882,269.46095312500006,78.55453309115703,-0.49845143051242313,0.5215510326248787,1.0,1.0009442567825317,0.00908677838742733,1.0230478048324585,0.03760587051510811
174,2.0520102190478395,1.0,0.8990212609060109,0.5967873907517944,0.0,0.0,0.0,64,0.04467912556422662,0.31064721941947937,1.5,1.0,64,1.0,56,0.875,0.8915480504520957,42.059062499999996,26.663939114862487,-0.4904595325810198,0.45615068138723086,2.890625,1.6404761837268471,-0.48524053842157816,0.5128240368919186,3.133659843750002,1.9294102861411226,0.3898081631998919,0.9221346862571885,305.5706875000001,99.70586019996446,-0.258706268648411,0.6619820944731343,1.0,0.9988057613372803,0.0012663571396842599,0.9999999403953552,0.03815983608365059
175,1.9332154390528218,0.9375,0.8971575329701106,0.6274298203644454,0.0,0.0625,0.0,60,0.05160784996785585,0.362133264541626,1.5,1.0,64,1.0,50,0.78125,0.908108634918046,37.56453125,30.26539628487084,-0.5673492780673094,0.5177622510435138,2.859375,1.9028530183319468,-0.49500950142868805,0.5948448238096729,2.935718437500001,1.425469652865789,0.29520483395429437,0.681283302238181,280.796640625,94.74847445578733,-0.4231898346694782,0.629068275852443,1.0,0.9988226294517517,0.00043159257620573044,1.0837910175323486,0.043442461639642715
176,1.9601954811329398,0.96875,0.8464558307201632,0.6438673440195387,0.0,0.03125,0.0,62,0.06383195674136424,0.35616520047187805,1.5,1.0,64,1.0,56,0.875,0.8966147381965112,43.329375,30.806961869184292,-0.468727788071945,0.5270270303109836,2.75,1.8285923547909742,-0.5292008719535729,0.5716304342091865,2.9616298437500017,1.4940819435813812,0.30758882850664804,0.7140755878535703,285.49390625,87.64449209568147,-0.39200304454001234,0.5819024511716109,1.0,0.998907208442688,0.004516711924225092,1.0446386337280273,0.04207824915647507
177,1.955582549479788,0.9375,0.9099757537245751,0.614630921830874,0.0,0.0625,0.0,60,0.03624098405968677,0.2849141061306,1.5,1.0,64,1.0,48,0.75,0.9038891033042393,37.803124999999994,30.029412138091796,-0.5632675592646826,0.5137251757679465,2.78125,1.5458487757539545,-0.519431908946463,0.48324286415765016,2.802239687500002,1.8361001109969552,0.23141053051486085,0.8775383918872327,273.59598437500006,91.29777607718816,-0.47099751113298993,0.606157881864779,1.0,0.9990907311439514,0.005783132743090391,1.0837911367416382,0.049885526299476624
178,2.1286332772993193,1.0,0.9263715576380491,0.6072257794293278,0.0,0.0,0.0,64,0.05242765258440851,0.38631224632263184,1.5,1.0,64,1.0,47,0.734375,0.8951582888803432,36.1040625,26.51803335225095,-0.5923341016744832,0.4536546130926375,2.640625,1.4182646471568696,-0.5633922424784576,0.44335919591575323,3.547238281250002,1.4269273507671518,0.5874721983956211,0.6819799885814571,293.022953125,79.82582270430846,-0.3420150678082225,0.5299915692102722,1.0,1.0007108449935913,0.007279344834387302,1.0,0.040918171405792236
179,2.045320352896992,0.96875,0.9143817823740744,0.6494670323937551,0.0,0.015625,0.0,62,0.04239153988713845,0.4298575818538666,1.5,1.0,63,0.984375,45,0.7142857142857143,0.9065635535532293,42.86000000000001,28.728557994519047,-0.4767575741119523,0.49147094313487844,2.7142857142857144,1.587936381003149,-0.5403654011045556,0.49639973643724145,3.044580793650795,1.550364207660449,0.34723407592288835,0.7409749095277574,287.6728253968255,76.70247381175223,-0.37753643788710006,0.5092545630050396,0.984375,0.9982892274856567,0.004508566111326218,1.0446386337280273,0.05261339247226715
180,1.8692494667862443,0.921875,0.8677711461560201,0.6214185934321309,0.0,0.0625,0.0,59,0.03956944855941057,0.3309843838214874,1.5,1.0,63,0.984375,49,0.7777777777777778,0.9092356839051952,39.74444444444445,27.18017121415979,-0.5300566303183282,0.4649820705842295,2.8253968253968256,1.6382305838019897,-0.5056313104126091,0.5121220470488882,3.1148876190476207,1.4986389795492758,0.3808362407111291,0.7162535595181257,275.9611587301588,91.08258540018045,-0.4552942909784069,0.6047291556616154,0.984375,0.9990402460098267,0.004683840554207563,1.1014959812164307,0.059616152197122574
181,2.0287802905699857,0.953125,0.9248967410111036,0.636712727111501,0.0,0.046875,0.0,61,0.03237659887452222,0.3016485273838043,1.5,1.0,64,1.0,47,0.734375,0.8987297957253857,30.67484375,20.280906583547637,-0.6852139204268596,0.3469535884170782,2.21875,1.230710541719701,-0.6952732430744418,0.3847285041446397,3.346654062500002,1.891229585401817,0.49160577384415294,0.9038867538447747,265.58917187500003,95.30576111464796,-0.5241575410266549,0.6327682969837448,1.0,0.9992223381996155,0.003958436194807291,1.0648608207702637,0.05603789538145065
182,2.0043552138006593,0.9375,0.9265127390623092,0.634143366601383,0.0,0.0625,0.0,60,0.0361096575679221,0.33849096298217773,1.5,1.0,64,1.0,42,0.65625,0.8905461725225113,38.1509375,26.63602123527637,-0.55731739157991,0.4556730790441849,2.65625,1.4707433282187616,-0.5585077609749026,0.4597643893223306,3.1842917187500017,1.6261149368621255,0.4140069603676618,0.7771789120708598,278.9992500000001,93.64067102927291,-0.4351233399633251,0.6217131812664499,1.0,0.99870765209198,0.004644681699573994,1.0837911367416382,0.05936983600258827
183,2.0095353462010674,0.953125,0.9054068055797796,0.6518266140881911,0.0,0.046875,0.0,61,0.0415601158893015,0.33352673053741455,1.5,1.0,64,1.0,50,0.78125,0.8993723036814971,39.54640625,30.863238719753,-0.533444548995587,0.5279897809241867,2.953125,1.8151247159286328,-0.4657026124073583,0.567420358502328,2.9486460937500016,1.6699389403841414,0.3013834266184692,0.7981239821933647,276.53684375,85.39350742302864,-0.45147211669068704,0.566957376275901,1.0,1.000045657157898,0.0014058107044547796,1.0648608207702637,0.05425916239619255
184,1.9828039028664175,0.9375,0.9018660401304562,0.6434791789344007,0.0,0.0625,0.0,60,0.051943661723916,0.3700164556503296,1.5,1.0,64,1.0,52,0.8125,0.9004113192062395,34.76484375,27.157278662461486,-0.6152446529890317,0.4645904385372581,2.4375,1.4347800354061246,-0.6268905020246722,0.44852201885511417,3.070441875000002,1.7490828383308104,0.35959401839210675,0.8359497023247668,263.3688125,77.23586476822864,-0.5388992838549878,0.5127959322067408,1.0,0.9978933334350586,0.003974168095737696,1.0837910175323486,0.049665529280900955
185,1.86625641252673,0.90625,0.8846254996184645,0.6365191543644912,0.0,0.09375,0.0,58,0.04377012623896831,0.3819546699523926,1.5,0.984375,64,0.984375,51,0.796875,0.9038689071578337,37.13546875,26.819285559188064,-0.5746894220306451,0.45880825520349783,2.484375,1.322783375831054,-0.6122370575140074,0.4135110996772342,2.7587631250000015,1.7473077614628643,0.2106315149739711,0.8351013291392068,255.794453125,77.09494229761644,-0.5891881061298143,0.5118602986134184,1.0,0.9989429712295532,0.001024065539240837,1.1180340051651,0.059999771416187286
186,1.990800592547203,0.9375,0.9166274517774582,0.628726778082888,0.0,0.0625,0.0,60,0.04424865597306675,0.3270206153392792,1.5,1.0,64,1.0,47,0.734375,0.8990589151417593,35.568125,25.55338907775982,-0.6015025990503904,0.43715205729209,2.625,1.375,-0.5682767239820126,0.4298343723128373,3.015022031250002,1.5363916980320536,0.33310687846344006,0.7342969437913066,270.02226562500005,80.96848916944528,-0.4947246804130937,0.5375781317087898,1.0,0.9997395277023315,0.0,1.0837910175323486,0.05526705086231232
187,2.131366272951866,0.984375,0.9249519573317634,0.6856622013510578,0.0,0.0,0.0,63,0.03051957897683855,0.3228016495704651,1.5,1.0,63,0.984375,51,0.8095238095238095,0.8916290815868702,40.66333333333333,25.840855494708624,-0.5143368302175179,0.44206986037445795,2.888888888888889,1.3582331089067559,-0.4857832585886398,0.4245929278701447,3.022101111111113,1.4249504385790777,0.33649022576577625,0.6810351510249238,287.8082380952381,69.73642642273235,-0.3766373855993643,0.4630045368628036,0.984375,0.9994310140609741,0.000908265239559114,1.0230478048324585,0.04920040816068649
188,2.01301304360069,0.96875,0.9048515837038716,0.6227897829107519,0.0,0.03125,0.0,62,0.04164955132606576,0.3061935305595398,1.5,1.0,64,1.0,50,0.78125,0.9011138672965374,40.39484375,28.997443636906787,-0.5189299890098211,0.49607087746798845,2.78125,1.575880210390371,-0.519431908946463,0.49263089532608517,3.0800695312500017,1.5840954688849955,0.3641954221677868,0.7570962944969268,288.75451562500007,93.6592984734085,-0.3703547179622928,0.6218368553860938,1.0,0.9993249773979187,0.01000454742461443,1.0446385145187378,0.04715836048126221
189,1.9695065098960578,0.9375,0.9088531623284022,0.6192485751999953,0.0,0.046875,0.0,60,0.041289193500318865,0.36145880818367004,1.5,1.0,63,0.984375,46,0.7301587301587301,0.9020921466130724,42.317301587301586,27.14477319423001,-0.48604173312813337,0.46437650248563866,2.9682539682539684,1.6423778152060744,-0.460973193808678,0.5134184998542778,3.09264523809524,1.6255746059913696,0.37020580553180915,0.7769206684813245,288.864380952381,104.60207114955004,-0.36962528361025226,0.6944897522265359,0.984375,0.9987972378730774,0.0229673869907856,1.0837910175323486,0.04959718510508537
190,1.8853442010609234,0.921875,0.875144497822907,0.6291980671662348,0.0,0.078125,0.0,59,0.05203536874461107,0.35951128602027893,1.5,1.0,64,1.0,49,0.765625,0.9088882475468889,40.41734375,25.204992576012316,-0.5185450725019113,0.43119189885561693,2.84375,1.553411065204571,-0.499893982932243,0.4856068873861983,2.7856576562500015,1.7555987765990482,0.22348538038268848,0.83906390397167,269.481984375,97.17008523178772,-0.4983117966845173,0.6451461971529607,1.0,0.9983190894126892,0.0004543389368336648,1.1014959812164307,0.052205704152584076
191,2.009494820865787,0.953125,0.9012192101752172,0.6388511709106978,0.0,0.046875,0.0,61,0.05328339990460393,0.3619205355644226,1.5,1.0,64,1.0,41,0.640625,0.9031931642142502,43.798437500000006,30.43753476480304,-0.46070334809454727,0.5207070929356208,2.953125,1.7449004941185042,-0.4657026124073583,0.5454677881002086,2.4403773437500016,1.6082491828113146,0.05846347968847652,0.7686402245637343,265.482328125,87.60562280435668,-0.5248669140691676,0.581644384345546,1.0,1.0003496408462524,0.003764705965295434,1.0648608207702637,0.056399356573820114
192,2.1134550097380145,0.984375,0.9299023113553486,0.6251529332824889,0.0,0.0,0.0,63,0.07039853118364635,0.4230259358882904,1.5,1.0,63,0.984375,46,0.7301587301587301,0.8928224862017959,48.291587301587306,32.87415181868475,-0.3838372355993186,0.5623912763797826,3.2698412698412698,2.0095513927744078,-0.3666949476448234,0.6281994629407821,2.7715314285714303,1.3754733387350622,0.21673394725208678,0.6573882625070714,290.05252380952396,78.22028531498322,-0.3617367874323208,0.5193318446804513,0.984375,0.998676598072052,0.006544502452015877,1.0230478048324585,0.05123373121023178
193,1.962952017491434,0.953125,0.8828055120882441,0.6171899055321214,0.0,0.03125,0.0,61,0.04472185304610088,0.42289671301841736,1.5,1.0,63,0.984375,47,0.746031746031746,0.9007079068774994,43.84047619047618,30.206025280816178,-0.4599841753863166,0.5167465675078774,2.9523809523809526,1.785555548500255,-0.4659352067646704,0.5581768352140444,2.7903017460317474,1.4937534221726527,0.22570495820115524,0.7139185756367584,272.5697936507936,78.65359735063313,-0.4778107504308275,0.5222087549076403,0.984375,0.9976113438606262,0.000933706818614155,1.0648607015609741,0.05534948781132698
194,2.071926755954325,0.984375,0.9077176234078785,0.5967510254375586,0.0,0.015625,0.0,63,0.058792045358974886,0.3929263949394226,1.5,1.0,64,1.0,44,0.6875,0.8915164765086909,46.955312500000005,33.24257670747476,-0.4066974236097568,0.5686940684517875,3.21875,1.8913350939217513,-0.3826664268469238,0.5912442421302524,2.827231406250002,1.6103509243435001,0.24335497327755143,0.7696447225610223,290.7163125000001,88.40868124933267,-0.35732966204643385,0.586976170364175,1.0,0.9992181062698364,0.0051282052882015705,1.0230478048324585,0.048666030168533325
195,1.9152698636761056,0.9375,0.888264554242293,0.6131274779980279,0.0,0.0625,0.0,60,0.0513513643512455,0.43458569049835205,1.5,1.0,64,1.0,49,0.765625,0.9145836488827921,42.24203125,32.93275920244952,-0.4873294129229476,0.5633938963574032,3.0,1.75,-0.45104916789669336,0.5470619283981565,2.503596250000001,1.5196584717929853,0.08867807256128653,0.7262995321267847,262.2840625,75.84515706273605,-0.5461013186756049,0.5035625371200773,1.0,1.0008302927017212,0.007095553446561098,1.0837911367416382,0.050909075886011124
196,2.0019884347999177,0.96875,0.8870403552728314,0.6447531575753047,0.0,0.03125,0.0,62,0.04975511032935147,0.37004008889198303,1.5,1.0,64,1.0,55,0.859375,0.8988424696307069,45.1640625,27.556241393667854,-0.43734105448946575,0.47141565370535216,3.25,1.571225636247067,-0.37289746383981387,0.4911758437222519,2.8305626562500015,1.6879096337428767,0.24494709766688372,0.8067128239763764,291.64389062500004,79.19867714372614,-0.35117114630078505,0.5258277303857418,1.0,0.9978780150413513,0.0017444395925849676,1.0446385145187378,0.044323764741420746
197,2.0652268546813,0.984375,0.8964409142259567,0.6474717858717483,0.0,0.015625,0.0,63,0.06401761775929182,0.36857569217681885,1.5,1.0,64,1.0,55,0.859375,0.9033251312064694,33.6784375,25.597250964382752,-0.6338302396522048,0.43790242014672265,2.65625,1.2896068926227093,-0.5585077609749026,0.40313990488784784,3.296920937500002,1.6958134325438052,0.4678365216804843,0.8104903341720493,288.7381250000001,81.7687068744632,-0.37046354105699814,0.5428910570608187,1.0,0.999148428440094,0.0018315018387511373,1.0230478048324585,0.043510857969522476
198,1.8823601741631424,0.90625,0.8723420721703562,0.6479500894973058,0.0,0.078125,0.0,58,0.06149364795286963,0.42246589064598083,1.5,1.0,63,0.984375,49,0.7777777777777778,0.8912801404445062,41.479682539682535,28.840035387791403,-0.5003712175178341,0.4933780315317355,3.015873015873016,1.6665910791627538,-0.446087154940701,0.5209877312102519,3.048821428571431,1.7437659491492117,0.34926082812803644,0.8334085694342899,287.5545396825397,100.4045214589029,-0.378321778134224,0.6666207510434877,0.984375,0.9987525939941406,0.002816901309415698,1.1180340051651,0.04083658754825592
199,1.9392459683687435,0.921875,0.9240454506065886,0.6206801731314397,0.0,0.0625,0.0,59,0.03104674942785984,0.32541146874427795,1.5,1.0,63,0.984375,51,0.8095238095238095,0.9050606489600757,37.52428571428572,26.899026459888766,-0.5680377745591362,0.46017241471617776,2.984126984126984,1.7861198833906098,-0.45601118085268566,0.5583532501474042,3.177519682539685,1.6032369636862989,0.4107703602878455,0.7662447044695906,291.65576190476196,101.25613772511184,-0.3510923287205033,0.6722749294284066,0.984375,0.9986743927001953,0.0013181018875911832,1.1014959812164307,0.038613222539424896
