step,reward_mean,valid_frac,c_mean,qed_mean,d_var,d_loss,w_C,unique,n_valid,unique_smiles_frac,n_scaffolds,scaffold_frac,tanimoto_dist,tpsa_mean,tpsa_sd,tpsa_drift_sd,tpsa_spread_ratio,hba_mean,hba_sd,hba_drift_sd,hba_spread_ratio,logp_mean,logp_sd,logp_drift_sd,logp_spread_ratio,mw_mean,mw_sd,mw_drift_sd,mw_spread_ratio,rdkit_valid_frac,ratio_mean,clip_frac,adv_std,kl
0,0.8986999278980339,0.953125,0.8302119376718021,0.5651021751417556,0.010917488061827326,0.7330234050750732,0.2,1.0,61,0.953125,52,0.8524590163934426,0.9177970980581669,60.99459016393443,39.97796026311557,-0.16652187996629664,0.6839189714593621,4.049180327868853,2.5442073680060524,-0.12306824595306781,0.7953365651349653,2.2843888524590175,1.7506871521852656,-0.016089040068237782,0.8367164617141318,300.7862950819673,117.04088517915226,-0.29047152404381904,0.7770753911003563,0.953125,0.9921129941940308,0.054567500948905945,1.0648607015609741,0.004840378183871508
1,0.9193054237105296,1.0,0.8710452038794756,0.4840049163224863,4.804506649502046e-07,0.7062953114509583,0.21300000000000002,1.0,64,1.0,45,0.703125,0.9193904830510303,54.90203125000001,35.80794195163307,-0.2707497244723603,0.6125807987315482,3.40625,1.9098326988246903,-0.32405264880426415,0.5970267195067948,2.2647498437500015,1.6389309960854563,-0.025475229861239634,0.7833041684955035,284.79145312500003,104.10131242312252,-0.3966668766359802,0.6911650398186457,1.0,0.9962033033370972,0.018332606181502342,0.9999999403953552,0.010918395593762398
2,0.9667368056954266,0.984375,0.8564874021306871,0.5960486142424194,0.003806560665717037,0.6570190191268921,0.226,1.0,63,0.984375,54,0.8571428571428571,0.9219991142267364,50.89190476190476,35.81803340507129,-0.3393525637645495,0.6127534372656449,3.4285714285714284,2.158146513071364,-0.31707481808489996,0.6746513104037587,2.460222063492065,1.4891232889412396,0.06794798619528533,0.7117056681565057,283.1719365079366,99.172363374409,-0.40741941415030053,0.658440022369572,0.984375,0.9998195171356201,0.009692372754216194,1.0230478048324585,0.018236583098769188
3,0.9820724847333049,0.984375,0.8572207135813577,0.6098219794881741,0.0038206803414090563,0.6553186178207397,0.23900000000000002,1.0,63,0.984375,54,0.8571428571428571,0.9180943392841489,41.19841269841271,26.139679271198197,-0.5051830132992531,0.44718195835342633,2.9523809523809526,1.4846149779161804,-0.4659352067646704,0.4641007615700641,2.503610793650795,1.7966586174281245,0.08868502349596237,0.858687881159237,270.13415873015873,82.65351242216416,-0.4939817829348362,0.5487655906990003,0.984375,0.9974450469017029,0.0023419202771037817,1.0230478048324585,0.0347161628305912
4,1.0096540536852507,1.0,0.8815590054728091,0.6039397358875629,2.5729645828330427e-06,0.6499199867248535,0.252,0.984375,64,0.984375,49,0.765625,0.918757641561913,34.31046875,22.510742187737247,-0.6230178280237659,0.3851002788160839,2.484375,1.380581710502859,-0.6122370575140074,0.4315792530622397,2.8439025000000018,1.7364754094879247,0.2513226895871119,0.8299241578752262,250.88271874999998,99.84009597217647,-0.6217988293364264,0.6628733327359997,1.0,1.0007410049438477,0.003691739635542035,0.9999998807907104,0.03486619144678116
5,1.0472820025093177,1.0,0.8743140418082476,0.6669450301709159,4.26828513633206e-06,0.6355539560317993,0.265,1.0,64,1.0,59,0.921875,0.9080106465444955,36.219218749999996,18.715173765614587,-0.5903640776027503,0.3201679702571414,2.671875,1.2754250210714073,-0.5536232794713477,0.39870655517404774,2.9882082812500017,1.652750515144713,0.3202916213243889,0.7899090145271997,264.283015625,82.76268342799725,-0.5328295694144556,0.549490415207331,1.0,0.999189555644989,0.002747252816334367,0.9999999403953552,0.049910277128219604
6,1.0373205054213455,0.984375,0.8850211841719491,0.6571756490331179,0.003857977475289376,0.6334791779518127,0.278,1.0,63,0.984375,55,0.873015873015873,0.9019105099885125,35.663174603174596,25.571536062359673,-0.5998765474356269,0.43746250502281303,2.634920634920635,1.48325668396491,-0.5651754658845174,0.46367614962245635,2.8289195238095255,1.5589360975820086,0.24416178547674933,0.745071724539176,263.78622222222225,82.83926231869874,-0.5361279546511077,0.5499988492588235,0.984375,0.9990841150283813,0.0023266635835170746,1.0230478048324585,0.05367131531238556
7,1.0218984091176218,0.96875,0.8938451579982235,0.6421036549295213,0.0075299753560208425,0.6216947436332703,0.29100000000000004,1.0,62,0.96875,53,0.8548387096774194,0.9021556908646007,36.13854838709677,22.600828763477807,-0.5917441377974404,0.38664142593357764,2.532258064516129,1.3285663135620058,-0.5972684851644035,0.41531888542974904,2.657566290322581,1.4640529969422542,0.16226590188183787,0.699723672407381,244.06541935483872,69.46854540784777,-0.6670612654982367,0.4612259810693202,0.96875,0.9980672001838684,0.0030534351244568825,1.0446385145187378,0.07804536074399948
8,1.0616623306296487,1.0,0.8981448216363788,0.6436432368203437,3.2678525096203025e-05,0.6122978925704956,0.30400000000000005,1.0,64,1.0,57,0.890625,0.9039968734356343,27.8584375,18.991323365779273,-0.7333953096982092,0.32489217202407833,2.171875,1.2190504437368455,-0.7099266875851067,0.38108347803731835,2.8193451562500016,1.6306699314382587,0.2395858502860696,0.7793559080807476,238.22371875,83.48670254924376,-0.7058463599141566,0.5542974314986516,1.0,0.9980668425559998,0.004682622384279966,0.9999998807907104,0.11055103689432144
9,1.0471257688033648,0.984375,0.8955244842975859,0.6373621585706438,0.0037931143913098107,0.6265724897384644,0.317,1.0,63,0.984375,59,0.9365079365079365,0.8856927719201245,27.624285714285712,21.155754195984294,-0.7374010380394532,0.36191995676962724,2.2857142857142856,1.361938061530961,-0.6743397509163491,0.4257511213142713,3.2630150793650823,1.5516938600940493,0.45163169055767655,0.7416103983289192,262.79388888888894,79.84273371479182,-0.5427164028837195,0.5301038473262925,0.984375,0.9979640245437622,0.01188212912529707,1.0230478048324585,0.09617504477500916
10,1.047152708831684,0.96875,0.9219592030971281,0.6533193348251493,0.007182018678378628,0.5966217517852783,0.33,1.0,62,0.96875,56,0.9032258064516129,0.8987439701593201,27.791935483870965,19.270947031210184,-0.7345329863123137,0.32967580601637203,2.225806451612903,1.2753159613400515,-0.6930673482018687,0.39867246235864995,2.973653387096776,1.548336142261131,0.3133353130420614,0.7400056240086833,248.99812903225813,83.95120685667976,-0.6343112799192832,0.5573814381328814,0.96875,0.9976959824562073,0.012396694160997868,1.0446385145187378,0.12423982471227646
11,1.089330218266454,1.0,0.9308380465954542,0.6660569063522671,0.00015699499139911074,0.5567314624786377,0.343,1.0,64,1.0,58,0.90625,0.8841377522375976,23.312656249999996,16.77477889591502,-0.8111618094525158,0.2869728583811027,1.84375,1.121086944665756,-0.812500799159761,0.35045942048619766,3.0599757812500017,1.5001283754157573,0.35459189512894257,0.7169653954609089,232.03109375,64.50207750499175,-0.7469613641833655,0.42825186281917355,1.0,0.9991218447685242,0.0011261261533945799,0.9999998807907104,0.13144785165786743
12,1.0882635685174853,1.0,0.9084355127997696,0.6728237695483745,0.00023416027007017496,0.5602837800979614,0.356,1.0,64,1.0,56,0.875,0.8871145907717818,23.118906250000002,18.56098959487912,-0.8144763682706281,0.3175302799204985,2.0,1.118033988749895,-0.7636559841242113,0.3495050456572573,3.0817117187500016,1.4454059259205054,0.3649802827368244,0.6908115653714811,238.964203125,65.95718260052782,-0.7009300250417223,0.43791281471196747,1.0,0.9986249804496765,0.0031645570416003466,0.9999998807907104,0.15143446624279022
13,1.108385751026703,1.0,0.921716844663024,0.7124673547065293,0.0003414754359778794,0.5417512059211731,0.369,1.0,64,1.0,61,0.953125,0.8790235626507736,23.3240625,15.41060640422997,-0.810966678167256,0.26363541341727886,2.09375,1.114096466873493,-0.7343490951028816,0.34827414947964913,3.0591475000000017,1.2777955742924034,0.3541960296792309,0.6107045398610284,245.350109375,69.86819317765357,-0.6585317589216977,0.4638793824559285,1.0,1.0032122135162354,0.026625704020261765,0.9999999403953552,0.13492043316364288
14,1.069175578143363,0.984375,0.9195457829369439,0.6708573480275111,0.003579878452760516,0.5716623663902283,0.382,1.0,63,0.984375,60,0.9523809523809523,0.8813016473486727,26.61634920634921,18.448790496904934,-0.7546442114096634,0.3156108450323716,2.2698412698412698,1.0721044311598908,-0.6793017638723414,0.3351471528883077,3.5118244444444464,1.5277343080011474,0.5705466499384456,0.7301592651973345,271.56268253968256,59.18621193756424,-0.4844973135010761,0.39295797121434956,0.984375,0.9997693300247192,0.008173077367246151,1.0230478048324585,0.13981549441814423
15,1.081258551979475,1.0,0.9286307282745838,0.6880956997639324,0.0008229397642553774,0.49729403853416443,0.395,1.0,64,1.0,59,0.921875,0.8930401165739513,24.10765625,16.821443415157212,-0.7975614261730357,0.28777116699399136,2.1875,1.197327753791751,-0.7050422060815518,0.37429281709368484,3.239591093750002,1.3886546993022133,0.44043652394059796,0.6636881096045715,260.024375,76.00241635005351,-0.5611041746873249,0.5046066365560079,1.0,0.9994946122169495,0.0032925682608038187,1.0,0.13309359550476074
16,1.0673402316248692,0.984375,0.9272467825147841,0.7034834480767587,0.0036074707382758617,0.511018693447113,0.40800000000000003,1.0,63,0.984375,57,0.9047619047619048,0.8770745240471465,24.647777777777772,17.655059569286696,-0.788321350958852,0.30203217228220147,2.238095238095238,1.049781318335648,-0.6892257897843261,0.3281687956600335,3.294731746031748,1.230400316883023,0.4667902282082063,0.5880526388448435,261.12107936507937,64.0947109615737,-0.5538227706539307,0.4255472137936365,0.984375,0.9986863732337952,0.0019249278120696545,1.0230478048324585,0.15772199630737305
17,1.058892609355885,0.984375,0.9121150469023084,0.690939415394139,0.0038782800861838556,0.5256633758544922,0.42100000000000004,1.0,63,0.984375,57,0.9047619047619048,0.8709092494963543,26.63365079365079,20.206807457490328,-0.7543482262289781,0.345685945001916,2.4444444444444446,1.3660019031079467,-0.6247196213564256,0.4270215058913058,3.0023134920634944,1.2002698911351508,0.3270330097379988,0.5736522228766157,250.93047619047624,66.2772670308216,-0.6214817509780456,0.44003796724712607,0.984375,0.9994752407073975,0.002998500829562545,1.0230478048324585,0.1533655822277069
18,1.0370115331522671,0.953125,0.9421656727790833,0.708277699433295,0.008362860441376746,0.49818962812423706,0.434,1.0,61,0.953125,58,0.9508196721311475,0.8793450347843279,23.74852459016393,15.503204728041208,-0.8037052352567671,0.2652195300145999,2.278688524590164,1.0732385116939613,-0.6765360517329359,0.3355016741934091,3.2668309836065594,1.2348700150891385,0.4534554486695604,0.5901888686465432,259.7203442622951,67.60861327435646,-0.5631227411399533,0.44887724081636865,0.953125,0.9997755885124207,0.021134020760655403,1.0648608207702637,0.1551959216594696
19,1.0845636238490146,1.0,0.9167807847261429,0.730972703692393,0.0015622941477030335,0.47212234139442444,0.44700000000000006,1.0,64,1.0,60,0.9375,0.8660665464233541,26.216406250000002,19.326410877280367,-0.7614861956817106,0.3306246482361312,2.484375,1.1318152938421533,-0.6122370575140074,0.3538131755656083,3.105751562500002,1.3776982100899537,0.3764697901439892,0.6584516086826062,267.46684375,54.505376949555085,-0.5116910204224204,0.3618802698331971,1.0,0.998725414276123,0.008106819353997707,0.9999999403953552,0.17165611684322357
20,1.0792770720462297,1.0,0.9202064210548997,0.7053984439751094,0.0046009483333252135,0.4650913178920746,0.46,1.0,64,1.0,61,0.953125,0.8685404530848483,25.380625000000002,20.792873018401643,-0.7757842401317772,0.35571200318467994,2.15625,1.0490881457246575,-0.7148111690886617,0.3279521051770156,3.272368593750002,1.4208269394736164,0.4561020720595762,0.6790643822458783,265.878859375,60.326585372057195,-0.5222342043480679,0.400529309480056,1.0,0.9990322589874268,0.016611294820904732,0.9999999403953552,0.16500045359134674
21,1.0778389974917797,1.0,0.9335971968248487,0.7039389024873359,0.003727271828297695,0.462482213973999,0.47300000000000003,1.0,64,1.0,62,0.96875,0.8685746861377336,24.445468750000003,16.391754017806434,-0.7917823324917788,0.2804202984466965,2.640625,1.177486564413794,-0.5633922424784576,0.3680903260520744,3.2357970312500024,1.5589565119111741,0.4386232047838547,0.7450814812825475,286.11039062500004,63.51639579362988,-0.3879099890570747,0.42170757703233447,1.0,0.9992440938949585,0.012142237275838852,0.9999998807907104,0.19316622614860535
22,1.0920999863394072,1.0,0.9329419648274779,0.6901121161011053,0.005852050965216123,0.48181280493736267,0.48600000000000004,1.0,64,1.0,57,0.890625,0.8677563747353814,24.220781249999998,17.644047181759305,-0.795626151508267,0.301843778959944,2.421875,1.1012022903967282,-0.6317749835282273,0.3442433420233719,3.2982487500000017,1.7821946212872823,0.46847113111109134,0.8517750163117935,279.78232812500005,85.81594777178928,-0.4299242102804365,0.5697621055696626,1.0,1.0019012689590454,0.04986876621842384,0.9999999403953552,0.16912941634655
23,1.0555025820815707,0.984375,0.9323973192109002,0.6953948582486036,0.0063226196327649305,0.4496176540851593,0.49900000000000005,1.0,63,0.984375,62,0.9841269841269841,0.8633715276318921,20.620158730158728,13.771366601395915,-0.8572234424699883,0.23559228183800543,2.365079365079365,1.1026891703465658,-0.6495296861363873,0.3447081508306032,3.7589869841269867,1.374255906724472,0.6886745321321963,0.6568064078890107,297.9324603174604,66.54243195297785,-0.30941913164581614,0.4417984899505836,0.984375,0.9971902370452881,0.09943795949220657,1.0230478048324585,0.18520021438598633
24,1.1112979730386128,1.0,0.9353208690881729,0.7369191991127712,0.010724872027182197,0.40696364641189575,0.512,1.0,64,1.0,62,0.96875,0.8799102609790168,24.74015625,12.294180596448303,-0.7867409954506822,0.2103214694576641,2.359375,0.9900629320275555,-0.651312909542447,0.30950042104601566,2.7435051562500012,1.090824240023045,0.20333918201230552,0.5213442032317502,257.12084374999995,60.45898008237146,-0.5803817346460717,0.40140832428876666,1.0,1.0004054307937622,0.015939990058541298,0.9999999403953552,0.22531111538410187
25,1.109770652344586,1.0,0.9185386970639229,0.7100791410336194,0.016574428504031187,0.46663159132003784,0.525,1.0,64,1.0,59,0.921875,0.8757818544165429,25.4375,14.730348349580874,-0.774811256736783,0.2519979665340321,2.21875,0.9432117670491607,-0.6952732430744418,0.2948544275255695,2.8424784375000014,1.4148756811921015,0.2506420788139233,0.6762200615082522,260.82582812500004,75.04795251528245,-0.5557830469497423,0.49826961717546775,1.0,0.9989697337150574,0.025561921298503876,0.9999998807907104,0.21517053246498108
26,1.1021284904696451,0.984375,0.9250003572494264,0.7365789378744143,0.013913658198999122,0.41467803716659546,0.538,1.0,63,0.984375,61,0.9682539682539683,0.8625087068648254,23.07809523809524,16.503653453834488,-0.8151745385900345,0.2823346068979408,2.365079365079365,1.0881991429208007,-0.6495296861363873,0.3401784694899853,3.3149874603174623,1.1117697262187034,0.4764711638142509,0.5313548056838432,282.1041111111112,51.26698177967164,-0.4145090806082641,0.34037943113633695,0.984375,0.9986214637756348,0.0030395137146115303,1.0230478048324585,0.2235422283411026
27,1.140512623314711,1.0,0.9282612791284919,0.7367685311256678,0.014981292269974317,0.4743766784667969,0.551,1.0,64,1.0,61,0.953125,0.8790196576722703,23.090937500000003,17.40895663146111,-0.8149548408742103,0.29782199079712723,2.421875,1.1292238415721658,-0.6317749835282273,0.35300306992208197,3.1933071875000016,1.1681727985157389,0.4183157776819251,0.5583118659577325,278.064921875,62.36956147039617,-0.441326671320903,0.41409334266551434,1.0,1.0003243684768677,0.005548442248255014,0.9999997615814209,0.23550106585025787
28,1.1327164018539906,1.0,0.9108115369454026,0.725362013225296,0.022508175984289155,0.4243633449077606,0.5640000000000001,1.0,64,1.0,62,0.96875,0.8815342008313112,28.1365625,18.944514065649553,-0.7286373139754353,0.3240913865865835,2.3125,0.9662265521087692,-0.665966354053112,0.3020490062092144,3.3195301562500017,1.4386866939553045,0.4786422818592843,0.6876002023427745,288.850375,60.3795802945572,-0.3697182740290068,0.40088116131426754,1.0,0.9995877146720886,0.0020946795120835304,0.9999998807907104,0.23147845268249512
29,1.1808381024298096,1.0,0.9192363517358899,0.7391329190981251,0.02604109234827571,0.4752242863178253,0.577,1.0,64,1.0,63,0.984375,0.8745070404841225,27.0159375,17.885292903558884,-0.7478082944943878,0.3059708661058674,2.5,1.1858541225631423,-0.6073525760104523,0.37070608176474085,3.2817229687500022,1.4984944606094237,0.46057286488042787,0.7161844887102131,292.37157812500004,57.49418978710069,-0.3463397743592982,0.38172404409299066,1.0,0.9999444484710693,0.0032921810634434223,0.9999998807907104,0.2319309264421463
30,1.149415158300191,0.96875,0.936023723694586,0.6604084064311476,0.03720220051875994,0.5610128045082092,0.5900000000000001,1.0,62,0.96875,52,0.8387096774193549,0.8770913432754219,34.450967741935486,17.437481109683596,-0.6206142555197368,0.2983099704658983,2.6774193548387095,1.1883058358963783,-0.5518900763571831,0.3714725040641463,2.7752577419354854,1.520042583187913,0.21851488665597651,0.7264831128007313,277.0715806451613,71.39578482645483,-0.44792181133109227,0.47402159794000387,0.96875,0.9992721080780029,0.03196527063846588,1.0446385145187378,0.22991782426834106
31,1.1958596491005675,1.0,0.9145777109079063,0.6737845492083454,0.03918634155779843,0.6009896993637085,0.603,1.0,64,1.0,58,0.90625,0.8797951706377259,28.87203125,16.06619716007878,-0.7160553556231333,0.2748508669443579,2.34375,0.8699631816921909,-0.656197391046002,0.27195642046395757,2.8344087500000015,1.440544150767668,0.2467852844325225,0.6884879478716588,256.83084375000004,76.98487854974732,-0.5823071461215068,0.5111295468783265,1.0,0.9984359741210938,0.0579896904528141,0.9999998807907104,0.2440907061100006
32,1.2158060019155537,1.0,0.9188021831214428,0.6953942012692875,0.03831973249360305,0.539483368396759,0.6160000000000001,1.0,64,1.0,56,0.875,0.8686481641501284,29.965468750000003,22.447543290531225,-0.6973494825512384,0.3840191099798042,2.171875,1.068800254666418,-0.7099266875851067,0.33411424479442936,2.7761225000000014,1.3110990571904277,0.21892818568948882,0.6266214741564616,252.44287500000002,66.13017053473497,-0.6114404060701404,0.439061342138293,1.0,0.9979806542396545,0.010883214883506298,0.9999999403953552,0.24187853932380676
33,1.173506938903433,0.984375,0.9218318907041398,0.6691243517166165,0.039596462153827255,0.5050221681594849,0.629,1.0,63,0.984375,55,0.873015873015873,0.8900879536219835,32.649365079365076,23.095655392509958,-0.6514349935427421,0.3951066231810372,2.3174603174603177,1.343123542940075,-0.6644157250043643,0.4198695745587209,2.414595873015874,1.4104839078848148,0.046141586000321554,0.6741210748230888,240.65369841269833,68.86714624519203,-0.6897128746464497,0.45723308158968284,0.984375,0.9957464933395386,0.024175824597477913,1.0230478048324585,0.2277771383523941
34,1.2447119293138778,0.984375,0.9483144595509484,0.6763595496960898,0.04406058124550703,0.6154059171676636,0.6420000000000001,1.0,63,0.984375,49,0.7777777777777778,0.8780281651743551,35.16634920634921,23.567392546346966,-0.6083759384039351,0.40317681953242623,2.3333333333333335,1.2084359562332876,-0.659453712048372,0.37776531689294435,2.342449047619049,1.358173776682843,0.011660018922738661,0.6491201785541681,235.87290476190478,66.28396604262709,-0.7214542365668928,0.44008244433058935,0.984375,0.9994399547576904,0.01582278497517109,1.0230478048324585,0.20884816348552704
35,1.251067274503896,1.0,0.9147340767085552,0.686861436498625,0.03388307558332292,0.6402181386947632,0.655,1.0,64,1.0,48,0.75,0.886489345167328,31.145468750000006,19.12604048882762,-0.6771627501364126,0.32719683178227504,1.890625,0.9034169078421103,-0.7978473546490962,0.28241428328663115,2.658458906250001,1.3910666655597852,0.16269251519166195,0.6648408751745308,230.583890625,74.21120331192363,-0.75656985212875,0.49271414642302347,1.0,0.9971740245819092,0.030414747074246407,1.0,0.18671861290931702
36,1.2849681786699136,1.0,0.9083037991076708,0.7004427681043579,0.03699334753725349,0.6310184001922607,0.6679999999999999,1.0,64,1.0,53,0.828125,0.8672955084363995,48.62296875,26.592958106875273,-0.3781681604922471,0.4549363808662372,2.8125,1.3095204274848102,-0.509662945939353,0.4093650116209249,2.272518437500001,1.483625771461401,-0.021762339030413375,0.7090782064948374,270.57268750000003,70.25762447812052,-0.4910702369839356,0.46646495312769737,1.0,0.9988494515419006,0.03619712218642235,0.9999999403953552,0.19577477872371674
37,1.3065844781989635,1.0,0.9109905767254531,0.6713566661804325,0.04690912236564346,0.6780592799186707,0.681,0.984375,64,0.984375,53,0.828125,0.8701170089970782,62.94484375,36.164137276804844,-0.13315811108243247,0.6186743747626113,3.28125,1.6438212912296761,-0.3631285008327039,0.5138697402983168,2.394420156250001,1.6870321029089193,0.036498884091065054,0.8062934203761859,305.44564062500007,77.92853034118174,-0.25953649860735034,0.5173947813198554,1.0,1.001496434211731,0.004198473412543535,0.9999999403953552,0.19832858443260193
38,1.2766494664836119,1.0,0.889800161588937,0.6831455105650056,0.04020918733792796,0.621977686882019,0.6940000000000001,1.0,64,1.0,47,0.734375,0.8642465376319436,60.596875,32.557525525742506,-0.17332575250160423,0.5569746236245934,3.1875,1.6758859597239903,-0.3924353898540337,0.523893374229715,2.237892968750001,1.646631464081179,-0.03831109799144743,0.786984499574007,288.57417187500005,89.22382307688257,-0.3715520832235796,0.5923881821878725,1.0,0.9994688630104065,0.0012396693928167224,0.9999999403953552,0.21637442708015442
39,1.2503419439003958,1.0,0.8965974925085902,0.6364492754685998,0.03999901099196407,0.6229909658432007,0.7070000000000001,1.0,64,1.0,43,0.671875,0.8553527064743883,71.70906250000002,33.1424182373751,0.016774887842354164,0.5669806174051941,3.5625,1.6665364532466729,-0.2752078337687145,0.5209706547765424,1.7758228125000006,1.6122718125506061,-0.2591510725800554,0.7705627842386853,296.93043750000004,86.28908435400362,-0.31607191175404625,0.5729034248967106,1.0,0.9996885657310486,0.009767092764377594,0.9999999403953552,0.20924966037273407
40,1.2661901898063705,1.0,0.9296716963872313,0.6434167172826798,0.03940342394716425,0.5998591184616089,0.72,0.984375,64,0.984375,43,0.671875,0.8754318485340276,62.52640625,37.34908279359027,-0.1403164889170329,0.6389457121130305,3.203125,1.742660389856555,-0.38755090835047873,0.544767516238863,2.130430937500001,1.690770497174217,-0.08967107424070392,0.8080801336780159,286.940953125,98.21586730536309,-0.38239559399305184,0.6520895102745712,1.0,0.9994713068008423,0.02168949693441391,0.9999999403953552,0.2404417246580124
41,1.2435957047988473,1.0,0.9182446808554232,0.6160857020007069,0.03419529115144598,0.536598265171051,0.7330000000000001,1.0,64,1.0,41,0.640625,0.8807578250704042,65.048125,37.74596169935765,-0.09717643668677986,0.6457352784450772,3.671875,1.9689360031181815,-0.2410164632438297,0.6155028152905092,1.9066843750000009,1.6984600516937727,-0.1966076173358052,0.8117552488130813,286.77385937500003,104.3826048021274,-0.3835049878679608,0.6930326383513651,1.0,0.9990590214729309,0.010408922098577023,0.9999999403953552,0.22424399852752686
42,1.2895679623152834,1.0,0.9150204653851688,0.6312519354156694,0.03397619449146691,0.5350251197814941,0.746,1.0,64,1.0,37,0.578125,0.8729315071197878,66.14828125,31.062825981925705,-0.07835562326877309,0.5314042001232444,3.5625,1.5599979967935855,-0.2752078337687145,0.48766600709894864,1.6778143750000005,1.363171952354915,-0.3059928357932994,0.6515089867762093,283.5439375,87.39985044714668,-0.40494956939515425,0.5802781896631335,1.0,1.0000561475753784,0.006701414939016104,0.9999998807907104,0.24575285613536835
43,1.2651470498378803,0.984375,0.914098288331713,0.5666223854307041,0.03983468664523822,0.6165878772735596,0.7590000000000001,1.0,63,0.984375,34,0.5396825396825397,0.877156238883772,77.95682539682541,34.29435993359881,0.12365786901988825,0.5866873451841336,4.285714285714286,1.7766436291597745,-0.049126118461313095,0.5553909084825402,1.8210857142857153,1.5453851692461915,-0.23751830113840508,0.7385952476906804,310.6760317460318,103.94111769559018,-0.22481010176096403,0.690101450967973,0.984375,1.0005450248718262,0.01699524186551571,1.0230478048324585,0.23861339688301086
44,1.3431286720075368,1.0,0.9178158594295382,0.6214612923880483,0.04712068155280867,0.6729968786239624,0.772,1.0,64,1.0,41,0.640625,0.8819717086958145,65.25296875000001,30.79064877725092,-0.09367209264601746,0.5267479557163078,3.71875,1.6342883581241103,-0.22636301873316478,0.5108896804308759,2.1028456250000005,1.5861246880101316,-0.1028550888954458,0.7580661314231345,299.35254687500003,99.7342319896249,-0.2999906800803028,0.6621704647124131,1.0,0.999942421913147,0.024196336045861244,0.9999999403953552,0.2863641083240509
45,1.3263969933292064,1.0,0.9034105674363673,0.5671975097568568,0.036390080862954546,0.6154369711875916,0.7850000000000001,1.0,64,1.0,32,0.5,0.8676031506418691,72.78109375,37.6083428708473,0.03511455562547339,0.6433809780498396,4.203125,1.9298614547098971,-0.07494409212296074,0.6032878451170673,2.1496906250000016,1.9519981471661902,-0.08046617571922597,0.9329302388097928,329.6547187500001,105.74566537680596,-0.09880395780874074,0.7020824744624004,1.0,1.0001569986343384,0.020257234573364258,0.9999998807907104,0.29419058561325073
46,1.4058628797110366,1.0,0.9330874243751168,0.6021685062149933,0.041768052389368565,0.6200441122055054,0.798,1.0,64,1.0,43,0.671875,0.8961274426013448,58.232656250000005,34.03012315591638,-0.21377138917648852,0.5821669408407174,3.65625,1.8975209979075331,-0.24590094474738466,0.5931779978807368,2.5502731250000013,1.5681940600066813,0.11098663274299737,0.7494964383168407,308.827984375,115.3641463886599,-0.23707993491728663,0.7659429355537276,1.0,1.0012661218643188,0.013136289082467556,0.9999999403953552,0.27085188031196594
47,1.3991780464810366,1.0,0.9382315399125218,0.6026417107222231,0.03799482257681887,0.5949949622154236,0.8109999999999999,1.0,64,1.0,39,0.609375,0.8983139613870551,51.813125,31.056402111470916,-0.32359288033950667,0.5312943043995678,3.359375,1.8487089033633717,-0.33870609331492907,0.5779190044118899,2.8807207812500017,1.6622769146690282,0.2689194726419496,0.7944620240657175,310.16981250000003,110.13802387499906,-0.22817106846922622,0.7312448794853277,1.0,1.0001667737960815,0.005502063315361738,0.9999999403953552,0.36921587586402893
48,1.3987562626243188,1.0,0.9253362417221069,0.5988621406846847,0.03347874498778107,0.6488763689994812,0.8240000000000001,1.0,64,1.0,39,0.609375,0.8980139588739926,54.15796875000001,26.99313895347341,-0.2834786995464333,0.46178243482201264,3.515625,1.6007048008221254,-0.28986127827937935,0.500391231505108,2.910386875000002,1.8707114046373483,0.2830979676199908,0.8940803760527016,313.7119062500001,105.11312081391758,-0.20465386863019344,0.6978827897723665,1.0,0.999984860420227,0.00821355264633894,1.0,0.3385467529296875
49,1.408151156931991,0.984375,0.9366174898450337,0.625620311304911,0.03556463567157564,0.5919504761695862,0.837,1.0,63,0.984375,44,0.6984126984126984,0.8983240092278761,41.19111111111111,27.447434732021986,-0.5053079244764234,0.46955425458366096,2.9047619047619047,1.5088551921671296,-0.4808212456326475,0.47167841777172625,3.267637301587304,1.8319838671347335,0.4538408170816282,0.8755710906503147,293.75093650793656,110.67269930557983,-0.337181731396386,0.7347947767600649,0.984375,0.9983658194541931,0.01736881025135517,1.0230478048324585,0.3415355384349823
50,1.4556974604006865,1.0,0.9408201416954398,0.6431668193504227,0.03278935609017791,0.6471966505050659,0.8500000000000001,1.0,64,1.0,44,0.6875,0.904443852038359,36.74671875,25.740563444122557,-0.5813399239173092,0.4403541241130045,2.75,1.5309310892394863,-0.5292008719535729,0.47857949367088204,3.3250503125000024,1.5445784817851305,0.48128056340481595,0.7382097026906582,290.27696875000004,95.33912672647985,-0.36024661893578236,0.6329898229558346,1.0,0.9998197555541992,0.019272727891802788,0.9999998807907104,0.29706475138664246
51,1.4594325856490546,1.0,0.9192160097882152,0.6390477135695558,0.03308578892109551,0.6170790195465088,0.863,1.0,64,1.0,53,0.828125,0.8909501918724689,37.02734375,25.40706737567002,-0.5765391596936562,0.43464887335431995,2.984375,1.5859952267819093,-0.45593364940024833,0.49579291839633305,3.4309004687500027,1.663824335503556,0.5318701665208476,0.7952015922311849,311.1778125000001,102.70715106263226,-0.22147860375460776,0.681908714707966,1.0,0.9991921782493591,0.013968481682240963,0.9999999403953552,0.30300840735435486
52,1.4999062286762168,1.0,0.9197432668879628,0.6801079356926716,0.01878010347209037,0.6440595388412476,0.8760000000000001,1.0,64,1.0,55,0.859375,0.8737182966467628,34.48359375,21.89480284844924,-0.6200561093379043,0.3745631579466165,2.859375,1.3330789959244727,-0.49500950142868805,0.41672958069572585,3.143940156250002,1.6479634905178175,0.39472149491057396,0.7876211229967486,298.8060000000001,64.05974086180227,-0.30361939602853877,0.4253150350646812,1.0,0.9985484480857849,0.039026275277137756,0.9999999403953552,0.32726532220840454
53,1.4853192331682494,1.0,0.9228399004787207,0.7098840047160302,0.028766684106317403,0.6250203847885132,0.889,1.0,64,1.0,56,0.875,0.8925670720751251,30.0953125,19.515415298613142,-0.6951281935368422,0.3338580225400835,2.5625,1.197327753791751,-0.5878146499962325,0.37429281709368484,3.0283520312500016,1.4618045834143463,0.339477765700904,0.6986490745792122,273.6697968750001,70.75618400804711,-0.47050744411736695,0.46977506430048543,1.0,0.9992176294326782,0.038802191615104675,1.0,0.24319621920585632
54,1.5236205159470533,1.0,0.9341304199770093,0.7194461537861453,0.024307313159724883,0.535953938961029,0.9020000000000001,1.0,64,1.0,58,0.90625,0.8718304616515586,27.021093750000002,17.57049596599968,-0.747720084461325,0.3005855088656011,2.46875,1.1587810136086973,-0.6171215390175623,0.3622428433691111,3.306793593750002,1.4422855010693625,0.47255501978273434,0.6893202019161464,273.034265625,69.85110980892733,-0.474726958468223,0.46376595999322306,1.0,1.0001741647720337,0.029545454308390617,0.9999998807907104,0.22349104285240173
55,1.5074322299845786,1.0,0.9202612927183509,0.7178581607319017,0.01889831890614339,0.6589706540107727,0.915,0.984375,64,0.984375,59,0.921875,0.8624139531739364,25.36125,19.410697477486483,-0.7761156960135885,0.33206657285012803,2.59375,1.19528696868158,-0.5780456869891225,0.37365485375778973,3.7349829687500025,1.2970333775156402,0.677202148395278,0.61989897909822,298.826859375,68.27883928166989,-0.3034809033388999,0.4533271058012542,1.0,0.9958354234695435,0.03880719095468521,0.9999998807907104,0.22395557165145874
56,1.5240812861594635,1.0,0.9301848625764251,0.7347903415954264,0.01958656505137871,0.6259236931800842,0.9280000000000002,1.0,64,1.0,57,0.890625,0.8560079082718802,28.02375,18.035870291934902,-0.7305672425775941,0.3085468537727063,2.6875,1.0135796712641785,-0.5487387979677927,0.31685191402682916,3.6219487500000027,1.426919436062901,0.6231790229915952,0.6819762058591541,288.70117187500006,63.37949748355015,-0.370708885784337,0.4207986612489025,1.0,0.9996857643127441,0.042553190141916275,0.9999999403953552,0.22789253294467926
57,1.5273064377612413,1.0,0.9330940749496222,0.7224184788147876,0.018347886614943503,0.6798349618911743,0.9410000000000001,1.0,64,1.0,53,0.828125,0.8390823702452945,25.527500000000003,17.744326646142426,-0.7732715907051437,0.3035592999041848,2.4375,1.1439378261076953,-0.6268905020246722,0.35760276178175476,3.6830371875000028,1.1594214499164954,0.6523753880947738,0.5541292811789239,277.764828125,61.86588470093869,-0.4433190987345461,0.4107492563488804,1.0,1.000718593597412,0.03832599148154259,0.9999999403953552,0.23955483734607697
58,1.5182212922911762,1.0,0.9406665558926761,0.7181525189706397,0.021715313151250536,0.6529456973075867,0.954,1.0,64,1.0,55,0.859375,0.8605497292762987,20.798593750000002,14.073644125099973,-0.8541708831488273,0.24076346445328506,2.21875,0.9264979425233496,-0.6952732430744418,0.2896295720535703,3.379862968750002,1.2944784938437575,0.5074775065521998,0.618677908147102,254.71354687500002,68.52734431436151,-0.5963646209491944,0.4549770176690059,1.0,1.0007822513580322,0.02450980432331562,0.9999998807907104,0.2291860580444336
59,1.4849305680331721,0.96875,0.9371965364102395,0.7486147055828652,0.021686525864972373,0.5850824117660522,0.9670000000000001,1.0,62,0.96875,51,0.8225806451612904,0.8457594619759307,22.635645161290327,13.904860674966095,-0.822743709189509,0.2378760183991294,2.403225806451613,0.9748395636297791,-0.6376048485485992,0.3047414923189282,3.4346438709677445,1.0842363891792706,0.5336592733035712,0.5181956319742168,261.98270967741934,51.74189866348946,-0.54810210551268,0.34353257050868535,0.96875,0.9984490871429443,0.018075011670589447,1.0446385145187378,0.2729116380214691
60,1.4984648163540792,1.0,0.9567542830482125,0.705323420263555,0.011253472775914125,0.547701358795166,0.98,0.984375,64,0.984375,52,0.8125,0.8510159905935982,19.442187500000003,13.058890107503153,-0.8773754679069181,0.22340366121591532,2.296875,0.9300485118395706,-0.6708508355566669,0.29073950422330924,3.601261562500002,1.2380694565964128,0.6132918707918369,0.5917179970085616,256.22834375,59.66501580758476,-0.5863073544454728,0.3961369176482136,1.0,0.9994675517082214,0.015850815922021866,0.9999999403953552,0.2702326774597168
61,1.4425480823099603,0.984375,0.9249747215755402,0.727973262935307,0.008818220734482208,0.6060194969177246,0.9930000000000001,0.984375,63,0.96875,51,0.8095238095238095,0.8390986281630057,20.966349206349207,12.928745295877476,-0.851301023395905,0.22117722181975819,2.2698412698412698,0.8766159537450208,-0.6793017638723414,0.27403612235448016,3.4037601587301607,1.2141100879983424,0.518898834583396,0.5802669515757678,255.87019047619052,56.892653387931176,-0.5886852593536028,0.3777302334521172,0.984375,0.9980570077896118,0.017312072217464447,1.023047685623169,0.22453100979328156
62,1.4637229182434295,0.984375,0.9410698177322508,0.7284562231080923,0.008609990346767895,0.4936985671520233,1.006,1.0,63,0.984375,53,0.8412698412698413,0.8517703727183585,20.991587301587302,14.717090292813417,-0.8508692651965564,0.2517711556490277,2.015873015873016,0.9510572812028727,-0.758693971168219,0.29730698872682937,3.2093536507936524,1.022113702251916,0.42598496059294955,0.4885049618089912,240.61477777777773,46.05471238575641,-0.689971282360613,0.30577335077734674,0.984375,0.9995003342628479,0.006172839552164078,1.023047924041748,0.25795668363571167
63,1.5006196538089525,1.0,0.9416006794199347,0.7416586449287329,0.00399584186608158,0.504269003868103,1.0190000000000001,1.0,64,1.0,49,0.765625,0.845128930576863,19.774843750000002,13.98242490505799,-0.8716845842587237,0.23920294073627096,2.171875,0.9109522404467756,-0.7099266875851067,0.284769879621391,3.374446718750002,1.0073838959807841,0.5048888855469549,0.4814650567239896,246.450953125,51.257285520093916,-0.651222872063381,0.3403150542761309,1.0,1.0009006261825562,0.00798122026026249,0.9999999403953552,0.27626463770866394
64,1.495716482684075,1.0,0.9519578702747822,0.7084502797873,0.005222268244463568,0.4648107886314392,1.032,0.984375,64,0.984375,49,0.765625,0.8508759353381085,19.697499999999998,16.00583994984331,-0.8730077347546638,0.2738183119847572,2.28125,0.9264979425233496,-0.6757353170602219,0.2896295720535703,3.394055781250002,1.2125995325665613,0.5142607629678013,0.5795450027144162,254.485,52.56142531273532,-0.5978820236243668,0.34897369469793854,1.0,1.0024770498275757,0.008892841637134552,0.9999999403953552,0.27346891164779663
65,1.5025935154618035,1.0,0.924691816791892,0.7383462335076723,0.006467011775303872,0.5226665735244751,1.0450000000000002,1.0,64,1.0,54,0.84375,0.8474531304027133,21.828125,13.746908842877188,-0.8365582798806486,0.23517387317132413,2.203125,0.8510964894622701,-0.7001577245779967,0.2660585638732176,3.213067031250002,0.9430623693678755,0.42775971889431524,0.45072348185584377,245.94815625,48.32910871863962,-0.6545611164528233,0.32087386387742406,1.0,1.0003536939620972,0.019589977338910103,0.9999999403953552,0.2990666329860687
66,1.5315489483960858,1.0,0.9385111294686794,0.7375135265227313,0.014185316063122696,0.5045095682144165,1.058,1.0,64,1.0,53,0.828125,0.8547893004992823,18.38578125,11.30570566747819,-0.8954478325595447,0.19341123311030523,2.15625,0.8518133231524382,-0.7148111690886617,0.2662826509708657,3.196802187500002,1.203233374167639,0.4199861640956491,0.5750685781827013,251.75815625,56.917656881789235,-0.6159864934449544,0.3778962403969458,1.0,0.9989725947380066,0.012053378857672215,0.9999999403953552,0.30253446102142334
67,1.5636491969052917,1.0,0.9492099266499281,0.7378771374825814,0.019295265455346537,0.4897007346153259,1.0710000000000002,0.984375,64,0.984375,59,0.921875,0.8574742357084553,17.626093750000003,12.623039775692341,-0.9084441107641107,0.2159473950962731,2.109375,0.9701350985172117,-0.7294646135993266,0.3032708444580351,3.6500459375000025,1.0553480274279188,0.6366076811500636,0.5043888431375378,266.584875,49.248474933081724,-0.5175467195680264,0.3269778578754061,1.0,0.9993215799331665,0.017376193776726723,0.9999999403953552,0.29210078716278076
68,1.584758214512973,1.0,0.9539196491241455,0.7159849459922738,0.020788993091756157,0.531493604183197,1.084,1.0,64,1.0,60,0.9375,0.8527981917420908,13.86734375,11.32506018777984,-0.9727465518354886,0.1937423386377177,2.015625,1.0076610835866393,-0.7587715026206564,0.3150017231763902,3.6102159375000022,1.2440095500333288,0.6175714892019619,0.5945569816647202,268.279359375,59.63776401491743,-0.5062964448764,0.3959559834608761,1.0,0.998180627822876,0.030150754377245903,0.9999999403953552,0.3085557520389557
69,1.5981848812579957,0.984375,0.9554388381185985,0.7075145490433177,0.04087063600993212,0.5489931702613831,1.097,1.0,63,0.984375,57,0.9047619047619048,0.8526707974568541,14.02079365079365,11.62051392213627,-0.9701214229487065,0.19879678395671282,1.873015873015873,0.8260071003973134,-0.8033520877721502,0.25821544983652794,3.2435979365079377,1.3320930346020992,0.4423515384484043,0.6366552523076714,253.17447619047616,50.35593588498391,-0.6065830497681223,0.33433067865261135,0.984375,1.0011566877365112,0.02330895885825157,1.0230478048324585,0.33008235692977905
70,1.6478650895003657,1.0,0.9364151982590556,0.7002449409031234,0.034578414553435806,0.6584949493408203,1.1099999999999999,1.0,64,1.0,63,0.984375,0.8550465396876802,16.31140625,12.895229479732453,-0.9309349961637854,0.2206038533348564,2.09375,0.764827390657526,-0.7343490951028816,0.23909025555704935,3.198704687500002,1.2833351297850968,0.42089543738666746,0.6133520930035359,263.16934375,51.02458193337393,-0.5402236266834044,0.33877005373735253,1.0,1.000069260597229,0.03448275849223137,0.9999999403953552,0.3809785842895508
71,1.6196822214346138,1.0,0.9142214162275195,0.6975914584357739,0.037005491143596594,0.6304917931556702,1.123,1.0,64,1.0,63,0.984375,0.8714257359157755,17.1625,15.249293221326687,-0.9163749946458358,0.26087576421537007,1.875,0.9762812094883317,-0.8027318361526511,0.30519216064089794,3.807082968750003,1.3343676810381029,0.7116613359287486,0.6377423877877073,282.32551562500004,63.84070241233069,-0.4130390985677301,0.4238607621537356,1.0,1.0018551349639893,0.017644645646214485,0.9999998807907104,0.43969982862472534
72,1.6270681365449642,1.0,0.9391035055741668,0.6694046403357221,0.03182730003697805,0.5863584876060486,1.136,1.0,64,1.0,63,0.984375,0.8760683578239202,15.60703125,11.697692304425837,-0.9429850212864065,0.2001171054410252,1.78125,0.9264979425233496,-0.8320387251739809,0.2896295720535703,4.244146250000004,1.7473908572743375,0.9205496240367594,0.8351410436211874,307.83245312500003,77.2994722764429,-0.24368961523764848,0.5132182447110153,1.0,1.000627875328064,0.03764442726969719,0.9999998807907104,0.4097660183906555
73,1.5999289324156867,1.0,0.927266800776124,0.6818655790330698,0.02170963850546012,0.5751066207885742,1.149,1.0,64,1.0,63,0.984375,0.8659817400846033,15.6103125,12.64199388060854,-0.942928887629003,0.21627165055737974,1.84375,0.8699631816921909,-0.812500799159761,0.27195642046395757,4.378205937500003,1.5586791129287572,0.9846215784367719,0.7449489023150482,314.495390625,72.45498871554186,-0.19945204171140193,0.48105402319129487,1.0,1.0004032850265503,0.013090909458696842,0.9999999403953552,0.5644028782844543
74,1.5553437570160118,0.984375,0.9130658299203903,0.6705165047416335,0.019273804439482033,0.48737847805023193,1.162,1.0,63,0.984375,63,1.0,0.8562640496654941,17.70301587301587,15.483239441503276,-0.9071281732097873,0.26487797586466216,1.9841269841269842,0.917070274644717,-0.7686179970802037,0.28668241881358053,4.31216301587302,1.5441833333262789,0.9530572868750176,0.7380208470062319,335.34490476190484,75.8182309538746,-0.06102482179258324,0.5033837652614888,0.984375,0.9994707107543945,0.008898015134036541,1.0230478048324585,0.4459894001483917
75,1.548258878602745,1.0,0.9077749992720783,0.6664172160976669,0.011618235849509809,0.4842197000980377,1.175,1.0,64,1.0,64,1.0,0.8764610193764711,18.0371875,13.583074310142154,-0.9014113654008419,0.23237109022841723,2.25,1.1726039399558574,-0.6855042800673319,0.3665639843654443,4.195031250000003,1.5742581539018845,0.8970757960796665,0.7523946872593563,332.4762968750001,66.90092044249094,-0.08007051332352115,0.4441786204730669,1.0,1.000492811203003,0.015205091796815395,0.9999999403953552,0.40657973289489746
76,1.557697718248329,0.984375,0.9419624313475594,0.6964218207665823,0.006410362607674874,0.40139368176460266,1.1880000000000002,1.0,63,0.984375,63,1.0,0.8664725308587757,18.211111111111112,14.17989512477293,-0.8984359845549774,0.24258114284244245,2.2222222222222223,1.0304020550550783,-0.6941878027403184,0.32211070586505974,3.797243809523812,1.382346926051225,0.7069588472609677,0.6606733975189346,309.47326984126994,66.76654864174404,-0.23279565891146584,0.44328647906915974,0.984375,1.0010056495666504,0.021812710911035538,1.0230478048324585,0.3645799458026886
77,1.586648139682266,1.0,0.9298777263611555,0.7123187481712423,0.010316463765097875,0.41293466091156006,1.201,1.0,64,1.0,64,1.0,0.857622008037441,21.6253125,17.20089922874219,-0.8400278745144467,0.2942626695127116,2.5625,1.184205957593526,-0.5878146499962325,0.37019085416097136,3.6361060937500023,1.4420357038517404,0.6299453276137456,0.6892008148264464,313.32535937500006,54.43218761202081,-0.20722028859198272,0.3613943402112384,1.0,0.9981212615966797,0.044526901096105576,0.9999998807907104,0.3706100583076477
78,1.6225650234453772,1.0,0.9434396512806416,0.7053912797544007,0.016300619502279873,0.4924580156803131,1.214,1.0,64,1.0,61,0.953125,0.8754609901208248,25.121250000000003,18.93867393226094,-0.7802214720979598,0.32399147708659803,2.8125,1.2231491119238078,-0.509662945939353,0.38236474965001765,3.166803906250002,1.4589611983794957,0.40564890474369986,0.6972901184329462,293.59039062500005,71.24879260328237,-0.33824765169066157,0.47304566513553464,1.0,1.0009915828704834,0.033420953899621964,0.9999999403953552,0.3432852625846863
79,1.6615466351409305,1.0,0.942791324108839,0.7388340921612178,0.019863338703219262,0.4156259298324585,1.227,1.0,64,1.0,63,0.984375,0.8708743603001075,30.33234375,21.59796921458904,-0.6910732050472645,0.3694851061343655,3.125,1.2686114456365274,-0.4119733158682536,0.39657658505022386,3.0669850000000016,1.3546835121417675,0.3579418532894053,0.647452055386868,309.30781250000007,71.70227704998184,-0.23389418809621104,0.47605650705831676,1.0,0.999649167060852,0.013483146205544472,1.0,0.3343864977359772
80,1.6622891190883204,0.984375,0.9554925693405999,0.7346328371673281,0.02383781245218178,0.42350083589553833,1.24,1.0,63,0.984375,55,0.873015873015873,0.87170838081641,24.452380952380953,16.557306133382866,-0.791664082678337,0.2832524647669082,2.873015873015873,1.2407379203722415,-0.49074527154463216,0.38786313106031817,3.1998382539682555,1.2813696988974381,0.4214372096406369,0.6124127427741058,293.13469841269847,67.94841802207542,-0.34127315174180706,0.45113332343935364,0.984375,1.0003085136413574,0.032958198338747025,1.0230478048324585,0.3338903784751892
81,1.684521902188219,0.984375,0.9517688126791091,0.7285270418144464,0.024325796315531428,0.5161594152450562,1.2530000000000001,1.0,63,0.984375,61,0.9682539682539683,0.8680371400744322,33.28793650793652,21.56000737393712,-0.640510696461111,0.36883567772825143,3.2063492063492065,1.3819554831542171,-0.3865429994687928,0.43200870375700123,3.2208249206349224,1.3749451539490056,0.43146749372342613,0.6571358239689986,313.24792063492066,75.39740567687481,-0.2077344314843695,0.5005897589942859,0.984375,0.99867182970047,0.03866565600037575,1.0230478048324585,0.29647573828697205
82,1.7143093821350672,1.0,0.9423593794927001,0.7274308467628808,0.03639217848058013,0.4934038519859314,1.266,1.0,64,1.0,58,0.90625,0.8734490819504674,32.6384375,19.48991912652779,-0.6516219360178137,0.3334218493167875,3.015625,1.179144121545369,-0.4461646863931384,0.36860848970969134,3.211629375000002,1.4438372046324557,0.4270726111782624,0.6900618169518882,303.6817187500001,68.22438190597374,-0.27124779315872005,0.45296554422853874,1.0,0.9994906187057495,0.009349435567855835,0.9999999403953552,0.32093536853790283
83,1.6805607043265325,0.984375,0.9342932492967636,0.7176749050275122,0.03557989284023265,0.48066025972366333,1.279,1.0,63,0.984375,55,0.873015873015873,0.8696465058239535,35.00777777777778,16.21991147926097,-0.6110886833168233,0.2774805193423731,3.507936507936508,1.152953637926024,-0.2922647533049382,0.3604211660099889,2.758333174603176,1.1614076012565921,0.21042602618958406,0.555078534459066,298.2178571428571,63.806171843302586,-0.307524282257293,0.4236315016231837,0.984375,0.9989563226699829,0.0345228873193264,1.023047924041748,0.31003397703170776
84,1.7365424211948581,1.0,0.9362512305378914,0.7424270377320115,0.03428000028449296,0.5401480793952942,1.292,1.0,64,1.0,58,0.90625,0.8693759891980056,35.2209375,19.626220242219176,-0.6074420746099433,0.33575360707128254,3.046875,1.0815164050420132,-0.43639572338602844,0.3380894000780145,3.1866850000000015,1.175303086297053,0.41515079569934116,0.5617196873699921,296.529625,61.91421016502901,-0.31873304619197096,0.41107010601479504,1.0,1.000154972076416,0.07677165418863297,1.0,0.28530293703079224
85,1.724636217233651,1.0,0.9435936007648706,0.7189317664681855,0.02617768821992687,0.46685320138931274,1.305,1.0,64,1.0,56,0.875,0.8639182333808304,28.26578125,18.196265911984483,-0.7264267170862587,0.3112908058595291,2.640625,0.9900629320275555,-0.5633922424784576,0.30950042104601566,3.302325156250002,1.3276713127067086,0.4704193925179065,0.6345419521133009,274.24485937500003,62.26111986647128,-0.46668940295670247,0.4133733609116811,1.0,1.0009913444519043,0.051397655159235,0.9999999403953552,0.28466370701789856
86,1.6924413280989614,0.984375,0.9419498339531913,0.711346200583873,0.024748960619553007,0.507486879825592,1.318,1.0,63,0.984375,55,0.873015873015873,0.8650833787604605,32.988888888888894,17.35022593614485,-0.6456266238043358,0.2968172612794272,2.5873015873015874,0.884342112837087,-0.5800615047524944,0.27645137234991823,2.7798074603174614,1.230134376147929,0.22068936098259218,0.5879255361865441,262.6548095238095,56.1087242046055,-0.5436397994544792,0.3725254532952059,0.984375,1.0002521276474,0.011322463862597942,1.0230478048324585,0.33678942918777466
87,1.770267128263911,1.0,0.948002771474421,0.7357725999086795,0.03410150572184424,0.6190040707588196,1.331,1.0,64,1.0,44,0.6875,0.857942313271553,33.49546875,20.063030205586433,-0.6369603593102768,0.3432262899921508,2.421875,0.8804240366863004,-0.6317749835282273,0.2752265550386839,2.7848762500000017,1.4101746587230573,0.22311191818423398,0.6739732735074221,257.95906249999996,63.85990783564714,-0.5748165070592597,0.42398827367940484,1.0,0.9988969564437866,0.025362318381667137,0.9999999403953552,0.2975721061229706
88,1.7649798981375255,1.0,0.9454408381134272,0.7576073318375662,0.024470232903405123,0.4699721038341522,1.344,1.0,64,1.0,51,0.796875,0.8500945363299389,36.67578125,21.9599170226039,-0.5825534801297471,0.37567709219244066,2.703125,0.9791528146183311,-0.5438543164642378,0.30608984397804967,3.0103256250000014,1.0135967901948792,0.33086229671999867,0.4844344226997055,284.79231250000004,63.86647009113896,-0.39666117094464676,0.4240318427898486,1.0,0.999874472618103,0.016352200880646706,0.9999998807907104,0.2655148208141327
89,1.7368918065488068,1.0,0.9348871819674969,0.7162407800930012,0.022491818844183654,0.4701584279537201,1.357,1.0,64,1.0,51,0.796875,0.867417862492627,45.652187500000004,26.606043690106272,-0.42899050469286676,0.45516024117740345,2.984375,1.3168640246339027,-0.45593364940024833,0.4116606701453602,2.7311445312500013,1.3849693600637556,0.1974315940108368,0.661926753211472,287.0715156250001,71.78935498822065,-0.3815287438697357,0.47663464796018673,1.0,0.9995232820510864,0.024028833955526352,1.0,0.3127903640270233
90,1.7179181065409246,0.984375,0.927713710164267,0.7455253005167392,0.023563876108733155,0.4229491353034973,1.37,1.0,63,0.984375,55,0.873015873015873,0.854406191983115,48.52746031746032,23.58605318108826,-0.3798020614846521,0.40349605448175957,3.0793650793650795,1.2382987215772754,-0.4262391031167316,0.3871006208908778,2.8906053968253986,1.2433835385929368,0.2736436865366633,0.5942577882441575,307.4432222222224,68.80288723603186,-0.24627385539903565,0.4568064435426583,0.984375,0.9964296817779541,0.007584830280393362,1.0230478048324585,0.25759831070899963
91,1.7748212773625849,1.0,0.9500281177461147,0.731231141885625,0.016753106140338883,0.4089559018611908,1.383,1.0,64,1.0,50,0.78125,0.8642057820473519,47.74359375,23.45716990383667,-0.3932119806763888,0.4012911966591972,2.921875,1.0651391854471415,-0.4754715754144682,0.3329697696018028,2.487271875000001,1.3959008115537752,0.08087606563352383,0.6671512877039494,294.226765625,57.975237919343186,-0.3340225353883156,0.38491789096904816,1.0,1.000369906425476,0.01081530749797821,0.9999999403953552,0.2791482210159302
92,1.7699164726534042,1.0,0.940802117343992,0.7320364671088981,0.0201337091497921,0.4358539879322052,1.3960000000000001,1.0,64,1.0,47,0.734375,0.8531172796875158,43.754375,23.555251860983677,-0.46145714292253737,0.40296912396737433,2.8125,1.0439558180306292,-0.509662945939353,0.32634770455674916,2.5776309375000013,1.2810238072664768,0.12406191695163836,0.6122474287022951,285.267125,59.31208661170487,-0.3935087246129904,0.3937936972214431,1.0,0.9986750483512878,0.008539709262549877,0.9999999403953552,0.28604820370674133
93,1.7884737871008904,0.984375,0.955845850800711,0.7520850764144467,0.024742942417382084,0.47841641306877136,1.409,1.0,63,0.984375,52,0.8253968253968254,0.8629772715487674,39.4742857142857,25.142029865538646,-0.5346783438736196,0.4301147705603253,2.5873015873015874,1.0784309683468587,-0.5800615047524944,0.33712487153607074,2.4883219047619054,1.1537830942102,0.08137791268596745,0.5514345078548789,268.44982539682536,68.2807771390715,-0.5051646613088331,0.45333997191462944,0.984375,1.001598596572876,0.015445719473063946,1.0230478048324585,0.27084261178970337
94,1.8124837704275993,1.0,0.9483157703652978,0.7182609466054997,0.028741729695432063,0.5272204279899597,1.422,1.0,64,1.0,47,0.734375,0.8640307311649951,33.730312500000004,22.150402505425127,-0.6329427932589682,0.37893580360822116,2.5,1.224744871391589,-0.6073525760104523,0.38286359493670563,2.5266340625000008,1.221788688226098,0.09968867313408004,0.5839368312601336,257.18309375,61.4981642916373,-0.5799684351138441,0.4083078318805326,1.0,0.9995943307876587,0.014672168530523777,0.9999999403953552,0.2721715271472931
95,1.8409741248425318,1.0,0.9573328690603375,0.7395395640136655,0.026975812026770435,0.48694607615470886,1.4349999999999998,1.0,64,1.0,47,0.734375,0.8558929542432826,33.3671875,23.972287285839954,-0.6391549180116238,0.41010351594116823,2.53125,1.1721874583444407,-0.5975836130033424,0.366433789374882,2.7801409375000015,1.2261927033909163,0.22084874174224933,0.5860416687700465,277.68568750000003,54.36775607117557,-0.44384454103643617,0.36096655666598515,1.0,0.9995834231376648,0.0009149130783043802,0.9999998807907104,0.26759421825408936
96,1.841165488962916,1.0,0.9588333545252681,0.7242369482925037,0.01960954730886456,0.4164164960384369,1.448,1.0,64,1.0,52,0.8125,0.852087141933025,41.36796875,26.265642849767136,-0.5022823500427217,0.44933686772171877,2.953125,1.0815164050420132,-0.4657026124073583,0.3380894000780145,2.4702560937500015,1.1409948813379625,0.07274361074972022,0.545322560204638,281.01604687500003,56.07041019485841,-0.4217331198021252,0.372271073177837,1.0,0.9969534277915955,0.006660745944827795,0.9999999403953552,0.2813982367515564
97,1.8664690006951132,1.0,0.9536614371463656,0.7333627090418309,0.02663305922110855,0.4516289532184601,1.4609999999999999,1.0,64,1.0,46,0.71875,0.8479374835062116,32.81296875,20.506532242776288,-0.6486361600502077,0.35081345689908444,2.5625,1.1021995055342748,-0.5878146499962325,0.3445550782726143,2.5570139062500012,1.2598245334068578,0.11420829495126157,0.6021155319824337,271.0075625,63.697198729583846,-0.4881829496895215,0.42290799098984566,1.0,0.9996334910392761,0.0009474182734265924,0.9999999403953552,0.2601000964641571
98,1.891696759531063,1.0,0.963109714910388,0.7564790560258983,0.029785649154892256,0.4630383551120758,1.474,1.0,64,1.0,47,0.734375,0.8477958742377862,30.725625,18.21199320459941,-0.6843451852527576,0.3115598589507386,2.453125,0.9831341385462108,-0.6220060205211173,0.30733443297551455,2.5986939062500007,0.9442864258820285,0.13412866854897335,0.45130850256281696,272.53626562500006,50.25442014491185,-0.47803335472603986,0.3336566801323627,1.0,0.9995678067207336,0.015617822296917439,1.0,0.25564733147621155
99,1.9025955297929447,1.0,0.9582705143839121,0.7443648560172835,0.02590313308748045,0.471560001373291,1.4869999999999999,1.0,64,1.0,49,0.765625,0.8495596620224326,30.5159375,21.895294494390658,-0.6879323932639727,0.3745715687305676,2.671875,0.9691279504662942,-0.5536232794713477,0.302956003112368,2.6076053125000014,1.1379504639742806,0.13838775064544645,0.5438675234658686,272.46346875,58.3012902312121,-0.4785166786519053,0.387082666358237,1.0,1.0002918243408203,0.011536686681210995,1.0,0.36134228110313416
100,1.8879434174786536,1.0,0.9559171693399549,0.7076396031395028,0.026511900354027697,0.4118615686893463,1.5,1.0,64,1.0,42,0.65625,0.8526043306919668,22.91328125,18.770413891837826,-0.817994077467915,0.32111298521191234,2.046875,1.0066914792402883,-0.7490025396135465,0.31469861824867706,2.8739840625000017,1.2197977597353484,0.2656997520487943,0.582985294807589,254.806828125,63.48314269565848,-0.5957452940899083,0.4214867980791347,1.0,1.001064658164978,0.026647966355085373,0.9999998807907104,0.3010982573032379
101,1.8662243184734901,0.984375,0.961897835845039,0.7088832979370338,0.028554496453028884,0.41534852981567383,1.5,1.0,63,0.984375,44,0.6984126984126984,0.8447183009127421,27.57190476190476,25.742165327278933,-0.7382971399626296,0.440381528169477,2.3174603174603177,1.30718887555005,-0.6644157250043643,0.40863615259373043,2.9599958730158744,1.251813092588755,0.3068078950260448,0.5982865757887541,275.87177777777777,64.1156854159988,-0.4558877223970269,0.4256864705358472,0.984375,0.9980932474136353,0.008984725922346115,1.023047924041748,0.33165544271469116
102,1.8944117221965788,1.0,0.9700516881421208,0.7013842495592979,0.028139982701732142,0.39679986238479614,1.5,1.0,64,1.0,43,0.671875,0.8533661228316917,28.617968750000003,25.742229663755303,-0.7204017045249481,0.4403826287993355,2.203125,1.2270351398289292,-0.7001577245779967,0.38357954846120895,3.137250937500002,1.2816626256335948,0.39152447627869247,0.6125527430145329,276.93189062500005,63.26981004128207,-0.4488492622546176,0.42007040793837086,1.0,0.9995241165161133,0.015837104991078377,0.9999998807907104,0.35985127091407776
103,1.902818958439636,1.0,0.9751131450757384,0.7178320376351567,0.027557054928697283,0.4419839680194855,1.5,1.0,64,1.0,47,0.734375,0.8507927555532908,17.376718750000002,16.854984338346284,-0.9127102687267779,0.2883449649951473,1.859375,0.8990826488009876,-0.8076163176562061,0.28105936436708046,3.327548750000002,1.1927960809644145,0.48247465669681505,0.5700802197384331,266.4104375,51.59540302920501,-0.518704871168876,0.3425599347316077,1.0,1.0008381605148315,0.0014548981562256813,0.9999998807907104,0.25916770100593567
104,1.8847719893894046,1.0,0.9662724966183305,0.7236373857335893,0.0191220040305524,0.4066188335418701,1.5,1.0,64,1.0,48,0.75,0.8491804754312513,26.959843750000005,23.95993038466694,-0.7487679127328573,0.4098921214856969,2.046875,1.0372693644251718,-0.7490025396135465,0.3242574735832941,2.8698956250000016,1.1773948020044562,0.2637457404741566,0.562719393664418,266.612015625,51.37807238699096,-0.5173665234617315,0.34111700055063265,1.0,1.000144600868225,0.011803587898612022,0.9999998807907104,0.28566890954971313
105,1.8853006078912227,1.0,0.9634875347837806,0.7267680511911035,0.039240270430032226,0.3872520327568054,1.5,1.0,64,1.0,51,0.796875,0.8684433677514434,26.805468750000003,21.59825426464541,-0.7514088676621274,0.36948998259980004,2.1875,1.0879309490955758,-0.7050422060815518,0.3400946302721499,3.0230325000000016,1.2305205654937785,0.33693537007075275,0.5881101099880982,270.0089375,56.15369971556725,-0.4948131704986838,0.3728240614501002,1.0,0.9992913007736206,0.005020538344979286,0.9999998807907104,0.2990836203098297
106,1.902020589258837,1.0,0.9696587054058909,0.7436016987941012,0.028184871748309172,0.40602752566337585,1.5,1.0,64,1.0,51,0.796875,0.843539809055788,31.973125000000003,27.106564984047225,-0.6630037033142024,0.4637228593373257,2.265625,1.4168868548246893,-0.6806197985637769,0.44292848864136763,2.9021901562500014,1.1399375204376514,0.2791804604276831,0.5448172093370321,273.997921875,57.72613736355291,-0.46832890742641126,0.3832640252150618,1.0,1.00032639503479,0.006855575833469629,0.9999998807907104,0.28790491819381714
107,1.8765969022594031,1.0,0.9655046071857214,0.7172725991597608,0.019758697389469677,0.3410581648349762,1.5,1.0,64,1.0,51,0.796875,0.8572639331026901,26.223750000000003,24.978905319038702,-0.761360563210379,0.4273241336361862,1.9375,1.197327753791751,-0.7831939101384312,0.37429281709368484,3.147886875000002,1.2490481926474508,0.39660777398891117,0.596965130496262,266.578359375,53.75005517653194,-0.5175899790823184,0.35686542428345475,1.0,1.000688076019287,0.014427412301301956,0.9999999403953552,0.29211530089378357
108,1.8912239449400978,1.0,0.9723309930413961,0.7309743023499959,0.012962053481321617,0.318481981754303,1.5,1.0,64,1.0,52,0.8125,0.855864286331446,26.727031250000003,20.477543315764795,-0.7527507293772019,0.3503175317189371,1.96875,0.8654614015078893,-0.7734249471313213,0.2705491332931869,3.2734565625000016,1.1811792875954255,0.45662205152125146,0.5645281356713102,273.263484375,55.09841965235718,-0.47320509497982605,0.365817687851813,1.0,0.999081015586853,0.022851919755339622,0.9999999403953552,0.2848576009273529
109,1.9033636092860058,1.0,0.9709798647090793,0.7506556181259993,0.0245773844610996,0.35962343215942383,1.5,1.0,64,1.0,53,0.828125,0.8478822505518091,33.237187500000005,25.305249607835204,-0.6413788800573248,0.43290703603706887,2.359375,1.0512966324377722,-0.651312909542447,0.3286424931770832,3.095443593750002,1.1689225715581106,0.37154324051506554,0.5586702095066178,290.95234375,43.95998948199192,-0.3557625679867396,0.29186575244366963,1.0,0.9978441596031189,0.019923696294426918,0.9999999403953552,0.2883906364440918
110,1.9019765406951161,1.0,0.9632457112893462,0.7624858382599136,0.02713425257615064,0.3709092140197754,1.5,1.0,64,1.0,50,0.78125,0.8482990556425273,33.480000000000004,23.870237024901954,-0.6372249894094648,0.408357701271322,2.140625,1.0878187392093408,-0.7196956505922166,0.3400595526968647,3.252734687500002,1.162888502278338,0.44671832091556335,0.5557863104095077,287.78934375000006,52.25024364303807,-0.3767628317688201,0.3469076507055925,1.0,0.9986106753349304,0.02376909926533699,0.9999999403953552,0.2567814290523529
111,1.8839839854933533,1.0,0.9663708582520485,0.7162769186458045,0.03441609783836851,0.41844305396080017,1.5,1.0,64,1.0,53,0.828125,0.8608825728708411,41.65359375,27.80253323480544,-0.49739604881731114,0.4756290668350125,2.359375,1.3734899378499283,-0.651312909542447,0.4293623165917977,2.930927343750002,1.349992610439548,0.2929149976433143,0.6452101044651225,289.07725,70.5241260560438,-0.368211971516974,0.46823435035650846,1.0,1.0009368658065796,0.026033058762550354,0.9999999403953552,0.325172483921051
112,1.926377032697292,1.0,0.97563686221838,0.7827558605002198,0.022976118900307266,0.38830050826072693,1.5,1.0,64,1.0,47,0.734375,0.8458161353139411,46.99843750000001,23.763978203545673,-0.4059596669695963,0.40653988907349653,2.71875,1.1105847277448038,-0.5389698349606828,0.347176355891208,3.0763584375000015,1.0516052193019898,0.3624217567657681,0.5026000202926948,306.60773437500006,53.1767668222112,-0.251820951566722,0.35305916229675527,1.0,0.9983097910881042,0.004399999976158142,0.9999999403953552,0.34197869896888733
113,1.8761197367816838,1.0,0.9535556975752115,0.7516848463134191,0.02166214417102736,0.33026373386383057,1.5,1.0,64,1.0,42,0.65625,0.8368081109768235,45.94390625,28.59265370123436,-0.4239999552465639,0.48914597398016324,2.46875,1.1035277239380985,-0.6171215390175623,0.3449702883990884,2.7559332812500017,1.3383595225394593,0.20927903069558465,0.6396502326545469,278.668796875,72.25056776878553,-0.4373173338908036,0.4796968009957635,1.0,0.9988348484039307,0.006114961113780737,0.9999998211860657,0.3251197338104248
114,1.8834833612244815,1.0,0.9668416539207101,0.7521252166802541,0.01593202756080665,0.3232671022415161,1.5,1.0,64,1.0,37,0.578125,0.8145369745038665,56.97328125,32.89432868361807,-0.23531602149421832,0.562736450086036,2.671875,1.2876175613803191,-0.5536232794713477,0.40251802638174233,2.9710932812500017,1.2976192045049941,0.31211174622542437,0.6201789669219137,306.56282812500007,60.34308747475628,-0.2521190998738557,0.4006388727142134,1.0,0.9991784691810608,0.0056689344346523285,0.9999998807907104,0.30885592103004456
115,1.8890514807591492,1.0,0.9673290252685547,0.7738674216302669,0.009679206347586324,0.2788046598434448,1.5,1.0,64,1.0,41,0.640625,0.8130866178514133,52.54875,28.83258120707371,-0.3110082489558998,0.49325050987790514,2.59375,1.114096466873493,-0.5780456869891225,0.34827414947964913,3.071841875000002,1.2553647768924028,0.36026312882964984,0.5999840536733461,298.66295312500006,60.3050466079617,-0.3045691342859536,0.400386306088483,1.0,0.9996100664138794,0.018362661823630333,0.9999998807907104,0.3413444459438324
116,1.8987821487604224,1.0,0.9722619848325849,0.786612268842115,0.015962744591408624,0.26007118821144104,1.5,1.0,64,1.0,43,0.671875,0.816208258263678,52.7865625,26.918081006241767,-0.30693989530979743,0.46049838846915564,2.625,1.0825317547305484,-0.5682767239820126,0.33840680531150513,3.108018281250002,1.166910632314226,0.3775531366972747,0.5577086312581994,309.33678125000006,52.99852174219959,-0.23370185442835237,0.35187573083987833,1.0,0.9988313913345337,0.009400704875588417,0.9999998807907104,0.3799208104610443
117,1.8519457392204073,0.984375,0.9616665092725603,0.7545152344723511,0.03328452764037336,0.3771498203277588,1.5,0.984375,63,0.96875,39,0.6190476190476191,0.8269361582731541,43.43301587301589,20.38515205334126,-0.4669547621644783,0.3487369574036728,2.4285714285714284,1.0190921218587,-0.629681634312418,0.318575143656794,3.1207647619047636,1.0378331246305936,0.38364513901730496,0.4960178400845069,286.1786825396825,56.215625096961084,-0.38745657513911236,0.37323520572581204,0.984375,1.0007810592651367,0.004885993432253599,1.023047685623169,0.37715116143226624
118,1.893796894564825,1.0,0.971920371055603,0.7914275728735528,0.01325195256674943,0.22184507548809052,1.5,0.953125,64,0.953125,38,0.59375,0.8005862742937263,44.814062500000006,23.66731473194823,-0.44332864461250715,0.4048862283655087,2.09375,0.7441175562369161,-0.7343490951028816,0.23261622015422342,2.9884706250000015,1.2089389430042,0.32041700485392394,0.5777954750831752,277.2549375,46.75619081064128,-0.44670444101245016,0.31043071149818796,1.0,0.9995417594909668,0.000803858507424593,0.9999999403953552,0.32374733686447144
119,1.8777088107371396,1.0,0.9658675100654364,0.77296783194275,0.016917133284897412,0.3090079128742218,1.5,0.96875,64,0.96875,44,0.6875,0.8185702974616702,39.41375,24.258436837778728,-0.5357139525734719,0.41499879088660063,2.25,0.9842509842514764,-0.6855042800673319,0.307683566555655,3.3106735937500016,1.0993733752821537,0.47440941156678224,0.5254301429702055,283.57446875000005,47.3864315353591,-0.40474686174305274,0.3146151002004592,1.0,0.9997119903564453,0.0016556291375309229,0.9999998807907104,0.3945293724536896
120,1.8509469792500375,0.984375,0.9667620242588104,0.7737411678470797,0.0197016708594525,0.2589365243911743,1.5,0.984375,63,0.96875,44,0.6984126984126984,0.8109768193711367,39.12857142857143,22.23637024002,-0.5405926165665826,0.3804064880612512,2.142857142857143,1.051939144494025,-0.7189978675202803,0.32884334682537614,3.3327123809523838,1.0026872373281126,0.48494254195814324,0.4792203543482184,287.41914285714296,48.30151166974766,-0.3792207250354533,0.3206906374132008,0.984375,0.9999794960021973,0.000830909819342196,1.0230478048324585,0.43831610679626465
121,1.8774487898853554,1.0,0.9721272438764572,0.7567909059568201,0.014711380395921481,0.25057360529899597,1.5,0.96875,64,0.96875,40,0.625,0.820220893685475,46.09484375,25.82705352388433,-0.4214178070060022,0.4418337445339264,2.265625,1.0494371631379364,-0.6806197985637769,0.32806121039938874,3.152323750000002,1.3341021744118087,0.3987283163978927,0.6376154926056429,282.85571875000005,59.64988438155939,-0.4095188944946716,0.39603645481611377,1.0,1.0004092454910278,0.0,0.9999999403953552,0.3987188935279846
122,1.8717123279935888,1.0,0.9620982864871621,0.7698447637504379,0.029708110808355094,0.3450378477573395,1.5,1.0,64,1.0,41,0.640625,0.8252582170228254,42.0203125,20.54049460583517,-0.49112244434464214,0.35139446464081736,2.15625,0.9051717723725149,-0.7148111690886617,0.28296286590039155,3.2417271875000018,1.0796993909453305,0.4414574401003805,0.5160272370646141,284.44303125000005,53.00801320613258,-0.3989801713822486,0.35193874799013786,1.0,1.0006500482559204,0.006987258326262236,0.9999998211860657,0.3557890057563782
123,1.890426432159411,1.0,0.9783523678779602,0.7845092287373884,0.008020215064686767,0.2517257332801819,1.5,0.9375,64,0.9375,42,0.65625,0.8047611684182084,43.12531250000001,25.119188131831482,-0.4722187669561824,0.42972400787707343,2.375,1.1110243021644486,-0.6464284280388921,0.34731376985102824,3.1393798437500022,1.0475873393369362,0.39254195727328245,0.5006797307059714,285.136546875,47.46434812932286,-0.3943756784761487,0.31513241573199263,1.0,0.997607946395874,0.003341687610372901,0.9999998211860657,0.30681124329566956
124,1.8923509158718277,1.0,0.9743234543129802,0.7899364538200417,0.022157502749321593,0.2626945376396179,1.5,1.0,64,1.0,37,0.578125,0.807383899255665,45.46875,21.29491661024997,-0.43212864344485374,0.36430066390435806,2.359375,0.9579794409980832,-0.651312909542447,0.2994709030618282,2.9764220312500016,0.9822281953026185,0.31465854782832275,0.4694422410900818,286.014578125,52.277534179608644,-0.3885461217708341,0.3470888421272607,1.0,1.000402569770813,0.03299916535615921,0.9999999403953552,0.36564701795578003
125,1.8747585713793455,1.0,0.9645348219200969,0.7741356624150513,0.021152618288350418,0.2093743234872818,1.5,1.0,64,1.0,39,0.609375,0.8094405090426791,38.8525,23.38035647183336,-0.5453154810207778,0.3999771185255402,2.203125,1.0028036868575025,-0.7001577245779967,0.3134832678497408,3.570740312500002,0.9717529839515056,0.5987046658333636,0.4644357601968677,290.93909375000004,51.86902722444257,-0.35585053937311706,0.3443766215090811,1.0,1.0004981756210327,0.014431239105761051,0.9999999403953552,0.3259068429470062
126,1.9057639337284484,1.0,0.9788855789229274,0.7879767447873007,0.01796680972473826,0.21417361497879028,1.5,1.0,64,1.0,37,0.578125,0.8060468888187311,40.075156250000006,25.355644896168307,-0.5243990110597062,0.4337691684104149,2.234375,0.9640764281813968,-0.6903887615708868,0.3013768628137839,3.291966250000002,1.0561222366996945,0.4654684980226168,0.5047588656408148,288.564125,47.624870338570254,-0.3716187879422602,0.31619817884836243,1.0,0.999912679195404,0.005934718064963818,0.9999998211860657,0.30093568563461304
127,1.8786044711485383,1.0,0.9721540547907352,0.7496225909981168,0.024315460131951648,0.28770729899406433,1.5,0.984375,64,0.984375,41,0.640625,0.8163808215623927,44.388906250000005,31.235965854543558,-0.4506019627932197,0.5343661732409339,2.421875,1.308681200436149,-0.6317749835282273,0.4091026635251509,3.3414779687500022,1.2037186095844576,0.4891319321628483,0.5753004896698861,302.491265625,61.31192632332084,-0.2791516280133531,0.4070713328413658,1.0,0.998319149017334,0.0154033238068223,0.9999998807907104,0.38110068440437317
128,1.9028947410475427,1.0,0.9693636298179626,0.7769529180971836,0.03217628081624989,0.3408166468143463,1.5,1.0,64,1.0,35,0.546875,0.8209261881227778,39.889375,27.269879037765737,-0.5275772452812673,0.46651673823732237,2.203125,0.9384110156935499,-0.7001577245779967,0.2933536799287921,3.0667334375000017,1.1180643113997006,0.3578216225076593,0.534363214715707,282.67175,52.86300642314767,-0.4107403273994017,0.35097599721780964,1.0,1.0043222904205322,0.02090592309832573,0.9999998807907104,0.3286950886249542
129,1.9017518690588986,1.0,0.9741068687289953,0.7704488485305773,0.025172913029627646,0.3225812315940857,1.5,1.0,64,1.0,40,0.625,0.8278934111848539,33.49390625,28.542875567796443,-0.6369870896233262,0.48829439952268805,2.15625,1.1621471238616907,-0.7148111690886617,0.36329511237837014,3.225735937500002,0.9803271829147774,0.4338146456115511,0.46853367878250807,277.32528125000005,64.6646282180386,-0.44623740424184566,0.42933109388207247,1.0,1.0009106397628784,0.009033423848450184,0.9999999403953552,0.29582101106643677
130,1.9137688354193316,1.0,0.9733295207843184,0.7825812453951383,0.042765915978724756,0.3985827565193176,1.5,1.0,64,1.0,42,0.65625,0.8341607747329202,35.70937500000001,26.642672765872703,-0.5990861787507342,0.4557868694410469,2.140625,1.0134592292613454,-0.7196956505922166,0.3168142630357834,3.110434531250002,1.1234395455348982,0.3787079496220701,0.5369322327614918,273.67940625,45.8641687822309,-0.47044364411427525,0.3045082651194194,1.0,0.9991582632064819,0.0213618166744709,0.9999998211860657,0.33307918906211853
131,1.8959392069591914,1.0,0.9715442815795541,0.7595036763087393,0.02345865103293318,0.34418368339538574,1.5,0.984375,64,0.984375,48,0.75,0.8302760445388673,27.42421875,24.600154331622566,-0.7408236636946076,0.42084468886091453,1.953125,0.9751552360393703,-0.7783094286348763,0.30484017366586136,3.4737793750000026,1.1294670456526112,0.55236354060821,0.5398129922193876,284.4464375,50.172997416088755,-0.39895755609659994,0.33311608614464794,1.0,0.9990867376327515,0.0013181018875911832,0.9999999403953552,0.29467788338661194
132,1.8861443257575665,1.0,0.9673458244651556,0.7230903633647683,0.05681164031564569,0.35743868350982666,1.5,1.0,64,1.0,41,0.640625,0.8528093462318239,35.76140625000001,35.111144058332265,-0.5981960593261928,0.6006603982067368,2.234375,1.3316130666882928,-0.6903887615708868,0.4162713212243888,2.9985250000000017,1.3164514413815762,0.32522235289354723,0.6291795713907746,272.769109375,56.01510745831134,-0.4764874235942004,0.3719038989586275,1.0,1.0000849962234497,0.005957836750894785,1.0,0.34531012177467346
133,1.8934039299318335,1.0,0.9739461671561003,0.7382728589699141,0.024646544932847445,0.2881043255329132,1.5,1.0,64,1.0,53,0.828125,0.8473359758296519,25.110937500000002,23.442815111907823,-0.7803978921640851,0.40104562348670725,1.9375,0.998044963916957,-0.7831939101384312,0.311995658621988,3.5320309375000023,1.257889417318649,0.5802040609453134,0.6011906702878065,279.477453125,52.82188955789595,-0.4319483820858625,0.3507030079619834,1.0,0.9993683695793152,0.007187780924141407,0.9999999403953552,0.3827102780342102
134,1.8886249261656118,1.0,0.9648740640841424,0.7512395807095883,0.04616609395883062,0.3221818208694458,1.5,1.0,64,1.0,51,0.796875,0.8502534389156944,35.80140625,27.124371068007473,-0.5975117633121311,0.46402747514432696,2.3125,1.1575161985907585,-0.665966354053112,0.3618474535732365,2.9943501562500017,1.3240997067010918,0.3232270446590925,0.6328349529296224,276.233046875,61.538505857214574,-0.45348913044698536,0.408575673650531,1.0,0.9999159574508667,0.00651890505105257,0.9999999403953552,0.4307589828968048
135,1.9006421018789932,1.0,0.9569579605013132,0.7670172811932752,0.0557499871442352,0.33825650811195374,1.5,1.0,64,1.0,51,0.796875,0.8477755322354142,40.029375,29.815497589078987,-0.5251822092320506,0.5100656539369637,2.453125,1.1582541752029216,-0.6220060205211173,0.3620781500924152,3.176887968750002,1.2948490825540986,0.4104684415091191,0.6188550258429054,293.4663125000001,43.64354445278645,-0.33907144977937026,0.28976476316581856,1.0,1.0008270740509033,0.007989907637238503,0.9999999403953552,0.37415921688079834
136,1.9080017555495021,1.0,0.9696079976856709,0.7505853896009265,0.049350520289435484,0.3525133430957794,1.5,1.0,64,1.0,46,0.71875,0.8472682784085772,36.82890625,25.601590839071132,-0.5799339094509163,0.4379766641204923,2.34375,1.107061848994897,-0.656197391046002,0.34607507998124404,3.297917500000002,1.0905747670766908,0.46831281480220843,0.5212249711229714,288.64129687499997,46.58120387850923,-0.3711064168605159,0.3092689120251591,1.0,1.0005440711975098,0.011880377307534218,0.9999999403953552,0.3220130205154419
137,1.867437984729459,0.984375,0.9652365796149723,0.7438016861540809,0.04335158152104637,0.44420623779296875,1.5,1.0,63,0.984375,51,0.8095238095238095,0.8413103201943402,45.10015873015873,31.718842354226382,-0.43843428186411343,0.5426269348413617,2.507936507936508,1.2582807100067566,-0.6048715695324562,0.39334712667571303,3.184298095238097,1.4575615322074675,0.41401000792104714,0.6966211675438176,295.23693650793655,58.05862879578511,-0.32731565742225643,0.3854715521774893,0.984375,0.9986223578453064,0.010241704061627388,1.023047924041748,0.3555464446544647
138,1.888239706896004,1.0,0.9685833230614662,0.732666741452162,0.03336159509887122,0.32344627380371094,1.5,0.96875,64,0.96875,44,0.6875,0.8348759785882607,49.562968749999996,28.552946360647674,-0.3620872041617928,0.48846668460785153,2.6875,1.197327753791751,-0.5487387979677927,0.37429281709368484,3.1489859375000018,1.5296027778169652,0.3971330555533841,0.7310522742373331,309.54315625000004,63.41835059774178,-0.23233165858958332,0.4210566206693196,1.0,1.0002505779266357,0.004168245475739241,0.9999998807907104,0.3122846782207489
139,1.9000986362944094,1.0,0.9693733295425773,0.7434033331559908,0.03254212144165402,0.3702346682548523,1.5,0.984375,64,0.984375,46,0.71875,0.8410376763185095,52.066250000000004,31.96380269637047,-0.3192625696255212,0.5468175694846725,2.75,1.2119199643540823,-0.5292008719535729,0.3788544415792968,3.3534357812500017,1.257856643505886,0.4948470015585148,0.6011750065019509,320.1042500000001,72.55963158434761,-0.1622128616950889,0.48174878381343667,1.0,1.0014946460723877,0.007279693614691496,0.9999999403953552,0.36809980869293213
140,1.90867417479617,1.0,0.9769012918695807,0.7532040756169414,0.03384449639088696,0.3445974886417389,1.5,1.0,64,1.0,45,0.703125,0.8268276819323039,56.377500000000005,30.315710706249323,-0.24550828985991344,0.518622999993492,2.953125,1.095868484068686,-0.4657026124073583,0.3425759578087885,2.9198757812500014,1.3675958386375593,0.28763305777194975,0.6536233214092243,314.87990625000003,56.990480590708884,-0.1968991079291282,0.37837974248259304,1.0,0.9984425902366638,0.028240405023097992,0.9999998211860657,0.37152889370918274
141,1.8897799321341,1.0,0.9642012431286275,0.7522822728278391,0.03647794182181452,0.25998350977897644,1.5,1.0,64,1.0,43,0.671875,0.8331819032277804,50.08453125,27.874565071140992,-0.3531646256659389,0.4768613442972619,2.53125,1.1452176376130434,-0.5975836130033424,0.358002839581813,2.8990278125000017,1.4967386695646705,0.2776690624203802,0.7153453329143638,289.12460937500003,71.61955199036463,-0.36789753605457903,0.47550726644075436,1.0,0.9992668032646179,0.002754820976406336,0.9999998807907104,0.3926020860671997
142,1.914404504996656,1.0,0.9722299659624696,0.7918998971119084,0.025909248594509854,0.324484646320343,1.5,0.984375,64,0.984375,43,0.671875,0.822769324021687,52.30796875,23.71863792329828,-0.3151273901967957,0.4057642347472531,2.671875,1.046641765063386,-0.5536232794713477,0.327187349907215,2.9652110937500016,1.1287975785447515,0.30930043690268455,0.5394930297697728,303.923765625,59.475834244291605,-0.2696407592596917,0.3948808750519877,1.0,1.0003669261932373,0.007792207878082991,0.9999998807907104,0.39443767070770264
143,1.9088103827357144,1.0,0.9730559037998319,0.7859025452298282,0.020961465110079902,0.24007993936538696,1.5,0.984375,64,0.984375,34,0.53125,0.8141422734400924,51.782812500000006,28.723603668670194,-0.3241114484126628,0.49138618749911006,2.53125,1.2986621721987592,-0.5975836130033424,0.40597064700616686,2.877472343750002,1.286646612513688,0.26736692732983786,0.6149347699017101,289.54853125,61.93312019276543,-0.36508297038970594,0.4111956563058451,1.0,0.9993066191673279,0.012412723153829575,0.9999999403953552,0.31739121675491333
144,1.9175733419875072,1.0,0.9731728760525584,0.8050844135485903,0.028833616956032242,0.2797709107398987,1.5,0.984375,64,0.984375,43,0.671875,0.8131053056182573,51.001875000000005,22.708207070558764,-0.3374712588746992,0.38847838962188297,2.390625,0.9940005580355576,-0.6415439465353372,0.3107313497758719,2.822952187500001,1.1493376836471811,0.2413097804702974,0.5493098859928215,287.28789062500005,45.238524080048904,-0.3800921545318137,0.30035439101898215,1.0,1.0000029802322388,0.025851456448435783,0.9999997615814209,0.3386191129684448
145,1.8935339293300197,1.0,0.9629838541150093,0.7877360859484457,0.025475032494859523,0.2791077494621277,1.5,0.984375,64,0.984375,43,0.671875,0.8151555585240567,62.79203125000001,27.45722128259747,-0.13577233569865307,0.4697216770224164,2.84375,1.2275324588376473,-0.499893982932243,0.3837350137731737,2.519794687500001,1.089902045000733,0.09641988942067202,0.5209034530068365,291.301046875,55.595655377530896,-0.35344740592330753,0.3691190098216272,1.0,0.9999222159385681,0.0028854080010205507,0.9999999403953552,0.3453224003314972
146,1.889210330328154,1.0,0.9752564141526818,0.767038088187007,0.0170667917350485,0.23871415853500366,1.5,0.984375,64,0.984375,35,0.546875,0.8226660270980363,52.24390625,24.179280943169317,-0.3162233330318167,0.4136446393073326,2.59375,1.0565088440235604,-0.5780456869891225,0.3302718660464206,2.634088125000001,1.1808986476287824,0.1510448408306227,0.5643940077206869,273.689265625,63.671327175984956,-0.470378184273704,0.42273622069265027,1.0,0.9993746876716614,0.021913189440965652,0.9999998807907104,0.40165796875953674
147,1.900963463758849,1.0,0.9727626852691174,0.7953939703544081,0.020809661561212504,0.269756019115448,1.5,0.984375,64,0.984375,33,0.515625,0.8056910614973114,54.47515625,25.94719017736961,-0.2780524459974271,0.44388897036199415,2.625,1.0825317547305484,-0.5682767239820126,0.33840680531150513,2.615827500000001,1.1198592604095403,0.14231743027093655,0.535221085513808,280.22760937500004,55.93452592529985,-0.4269678322509662,0.37136888996425327,1.0,1.0019811391830444,0.010105263441801071,0.9999998211860657,0.32489249110221863
148,1.8967095843572914,1.0,0.9750041058287024,0.7958148288188127,0.01044073574016723,0.20325641334056854,1.5,0.9375,64,0.9375,39,0.609375,0.7966749227364254,58.06703125000001,21.77133039398427,-0.2166048023597135,0.37245086523569615,2.734375,0.8881544681951445,-0.5340853534571278,0.27764314062072853,2.640686562500001,1.0425135352616823,0.1541984718325698,0.49825477694539916,289.281109375,54.55951461996492,-0.36685847779283526,0.362239708770647,1.0,0.9979086518287659,0.009840098209679127,0.9999997615814209,0.3506617844104767
149,1.9043046833701165,1.0,0.9783949051052332,0.7988036324010626,0.017377643298409653,0.26163095235824585,1.5,0.96875,64,0.96875,37,0.578125,0.7853923466262366,55.75765625,23.55920353215142,-0.2561122050465679,0.4030367267880986,2.625,0.9921567416492215,-0.5682767239820126,0.31015496020563127,2.589354687500001,1.2466115589067452,0.1296651194460283,0.5958005754474222,276.871421875,59.75602776467532,-0.44925073544480837,0.39674117787781377,1.0,0.9986923933029175,0.00467885984107852,0.9999998211860657,0.2998577356338501
150,1.9010138233605876,1.0,0.9754760982468724,0.8210563696234695,0.01317218902152276,0.2030809372663498,1.5,0.953125,64,0.953125,29,0.453125,0.7586311678105956,59.246875,19.491401379438447,-0.19642074297619283,0.3334472068107523,2.828125,0.9109522404467756,-0.504778464435798,0.284769879621391,2.771749218750001,1.0449142730840193,0.21683803702471252,0.499402176041635,292.70521875000003,46.14720328046328,-0.3441246175039653,0.3063874301912844,1.0,0.9999367594718933,0.00542344618588686,0.9999998211860657,0.3398614227771759
151,1.9023045254750077,1.0,0.9699403094127774,0.7931318746811975,0.04184114302746902,0.332880437374115,1.5,0.984375,64,0.984375,37,0.578125,0.7984576809413302,58.409687500000004,26.876082476383043,-0.2107428447080037,0.45977990280468606,2.859375,1.1972257971556577,-0.49500950142868805,0.37426094475428245,2.555637812500001,1.080635401710305,0.11355061017185943,0.5164745903306834,284.78875000000005,48.499950427809736,-0.3966848236287199,0.32200814176473164,1.0,0.9988136887550354,0.02018900401890278,0.9999998807907104,0.33282560110092163
152,1.8999357002645765,1.0,0.976758997887373,0.8158540192941272,0.01189636639351243,0.1922827661037445,1.5,0.953125,64,0.953125,24,0.375,0.7170327309498863,55.661093750000006,20.232121823753705,-0.257764138393014,0.3461190080002293,2.640625,0.9415278059489268,-0.5633922424784576,0.2943280098073744,3.304802968750002,0.9685087889019136,0.47160362837935277,0.46288524250464796,313.78921875,40.19945596120861,-0.20414056388986784,0.2668982545309898,1.0,0.9996361136436462,0.00654129171743989,0.9999998211860657,0.3314686715602875
153,1.87993259943925,1.0,0.9633029205724597,0.8086699043928395,0.0154613148694202,0.162335604429245,1.5,0.9375,64,0.9375,33,0.515625,0.7600432677631623,55.0953125,23.34470155147295,-0.2674431847481629,0.39936715552843216,2.75,1.0897247358851685,-0.5292008719535729,0.3406553802494355,3.055850156250002,1.151124163233344,0.35262011030830775,0.550163708948221,301.26620312500006,52.30520937792065,-0.28728524661895966,0.34727258745282935,1.0,0.9990603923797607,0.007818929851055145,0.9999999403953552,0.39864102005958557
154,1.8896209195789457,1.0,0.9779479056596756,0.8069889687748014,0.004721539914520317,0.12609747052192688,1.5,0.96875,64,0.96875,22,0.34375,0.7240054259528536,53.35593750000001,25.154258195603656,-0.2971993692346351,0.4303239654983783,2.5,1.0307764064044151,-0.6073525760104523,0.32222773064852644,3.116792343750001,1.1837036205364384,0.38174657726756406,0.5657346053275,296.54109375,48.04272847870646,-0.31865690114762985,0.3189724852556814,1.0,1.0007399320602417,0.00041271152440458536,0.9999997615814209,0.35259953141212463
155,1.8694345108161845,0.984375,0.970147516992357,0.8130507440678276,0.03298948305859073,0.2261795550584793,1.5,0.96875,63,0.953125,30,0.47619047619047616,0.7624304477037009,52.94269841269841,20.987470654288014,-0.3042688157420115,0.3590410628492527,2.5555555555555554,0.9220022686639748,-0.5899855306644792,0.28822419376159386,3.1294746031746055,1.055979392044026,0.38780788594801563,0.5046905950336326,298.8193650793651,37.23012859862149,-0.3035306605899886,0.24718385115771133,0.984375,0.9992439150810242,0.014571190811693668,1.023047685623169,0.3541375994682312
156,1.8992872711903845,1.0,0.9773523919284344,0.7997308204837769,0.020089973891124477,0.17516055703163147,1.5,0.921875,64,0.921875,33,0.515625,0.7679754914745485,46.17625,23.45233000817829,-0.4200251576961341,0.40120839862650953,2.40625,1.0111681054602148,-0.6366594650317822,0.31609804211872894,2.908881250000001,1.1815106616246913,0.2823783751896147,0.5646865112582476,282.60900000000004,47.93991837902419,-0.41115694660658614,0.3182898930290644,1.0,1.0004843473434448,0.002177700400352478,0.9999998211860657,0.37308448553085327
157,1.910585154161668,1.0,0.9810859188437462,0.8266019192163285,0.019196809531067206,0.19259163737297058,1.5,0.859375,64,0.859375,31,0.484375,0.7421545676691854,49.543906250000006,19.95623818643461,-0.36241331398099397,0.3413993561661705,2.4375,0.7680128579652817,-0.6268905020246722,0.2400860543503237,3.0510526562500013,0.9299635540140857,0.35032721221965535,0.44446308608965046,288.167234375,37.63633076552422,-0.37425388367973544,0.24988076948012997,1.0,1.0008751153945923,0.0022522523067891598,0.9999997615814209,0.3719274699687958
158,1.8929638684655328,1.0,0.9796763015910983,0.7971403017860064,0.009872932384913682,0.20289134979248047,1.5,0.9375,64,0.9375,24,0.375,0.7651449784424558,46.68671875000001,20.576732236822696,-0.41129236442293005,0.3520143963019126,2.265625,0.8522431339559152,-0.6806197985637769,0.2664170127577208,2.9633185937500013,0.924888496493746,0.3083959429719342,0.4420375332625141,279.240578125,48.199108538438225,-0.4335210780970482,0.3200107471920155,1.0,0.9995476007461548,0.0013315578689798713,0.9999998211860657,0.4035901725292206
159,1.8926526811448317,1.0,0.9762857034802437,0.796914300469806,0.0177014143176129,0.21342577040195465,1.5,0.9375,64,0.9375,30,0.46875,0.773435378012272,48.216718750000005,21.788622608391254,-0.385118041885063,0.3727466900705212,2.328125,0.830186114299077,-0.661081872549557,0.2595218380673288,3.0176881250000016,0.9985766414296836,0.33438110071743526,0.477255752476675,282.239671875,45.16833483345064,-0.41360904526202147,0.29988838005052526,1.0,1.000925064086914,0.019417475908994675,0.9999997615814209,0.38744020462036133
160,1.8817246263888086,1.0,0.9735130872577429,0.8024817793130649,0.0069800227557238895,0.15477249026298523,1.5,0.875,64,0.875,23,0.359375,0.7458347228683542,51.15796875000001,24.89932586811385,-0.3348009006010748,0.4259627361094584,2.375,1.1110243021644486,-0.6464284280388921,0.34731376985102824,2.729754687500001,1.123175377825311,0.19676733761106593,0.5368059774959585,272.0345,58.32116287072602,-0.4813647522858825,0.3872146077657105,1.0,1.003212571144104,0.017865322530269623,0.9999997615814209,0.38398125767707825
161,1.8953918916414825,1.0,0.9727347595617175,0.8332154262508231,0.0065947226671084595,0.17386111617088318,1.5,0.859375,64,0.859375,26,0.40625,0.721918923054399,51.9115625,22.12551596988404,-0.3219088706174012,0.3785100596813568,2.421875,0.981145496027475,-0.6317749835282273,0.3067127697691179,2.7928806250000013,1.0952497952177904,0.2269374973688832,0.523459335497984,276.708484375,43.58599912027093,-0.4503325345216319,0.28938269956725593,1.0,0.9994212985038757,0.006247211247682571,0.9999998211860657,0.4025767743587494
162,1.9018173546996389,1.0,0.9782149512320757,0.8414140756213713,0.002253618462298006,0.14162804186344147,1.5,0.921875,64,0.921875,21,0.328125,0.6939449741485366,57.4296875,20.460106607795172,-0.22750809705251998,0.35001923497488774,2.640625,0.9900629320275555,-0.5633922424784576,0.30950042104601566,2.7330526562500013,0.8628564445115615,0.198343555692006,0.41239018080287376,282.707828125,41.950546703661516,-0.4105007921032388,0.27852435870356984,1.0,1.000797986984253,0.016949152573943138,0.9999998211860657,0.46099475026130676
163,1.8927588661926082,1.0,0.9762808568775654,0.8153596968326215,0.011179896265989902,0.1348227560520172,1.5,0.96875,64,0.96875,19,0.296875,0.7285474795188223,48.483906250000004,19.165253684825334,-0.380547158353634,0.32786766762527164,2.359375,0.8726251253402001,-0.651312909542447,0.2727885621927388,2.854811875000001,0.8514666578870609,0.2565366729296629,0.40694659143727213,279.38437500000003,40.30723491644368,-0.43256636032719703,0.2676138367283004,1.0,0.9990699291229248,0.000434593646787107,0.9999998211860657,0.5060372948646545
164,1.887129472161682,1.0,0.9715607622638345,0.816131298908576,0.01382672855769854,0.19796761870384216,1.5,0.953125,64,0.953125,23,0.359375,0.7327039740572804,54.284375,18.078054623890676,-0.28131621722074573,0.3092685180280363,2.5625,0.8076779989575054,-0.5878146499962325,0.2524856477911184,2.8558340625000014,1.011821141930973,0.25702521316207455,0.48358577642343054,287.039859375,50.687362779058176,-0.3817389207904923,0.3365311377737101,1.0,1.0006353855133057,0.0061484407633543015,0.9999998807907104,0.41576868295669556
165,1.8988356667001154,1.0,0.976381097920239,0.8281701255294502,0.0129280696332642,0.17323805391788483,1.5,0.90625,64,0.90625,29,0.453125,0.7472227221225671,46.92640625000001,19.6721916171651,-0.4071919344011687,0.33654005778719354,2.359375,0.7977935882012339,-0.651312909542447,0.2493957136143153,3.1299556250000014,0.9229939586795715,0.38803778360805735,0.4411320653869539,285.343953125,39.3770001430204,-0.3929986358077796,0.26143768256416733,1.0,0.9996339082717896,0.003487358335405588,0.9999998807907104,0.3836200535297394
166,1.9040575791776642,1.0,0.9780395906418562,0.813979210762888,0.036255815811890676,0.2548714876174927,1.5,0.984375,64,0.984375,30,0.46875,0.7680778070554068,56.3025,22.208235310915633,-0.24679134488627955,0.3799251725652004,2.71875,0.9596345332990055,-0.5389698349606828,0.29998829619658224,2.730851250000001,1.0697595050268613,0.19729142433547187,0.5112766074817315,289.50273437500005,38.224849722252934,-0.3653870318678577,0.25378815276563677,1.0,0.9992351531982422,0.005450733937323093,0.9999999403953552,0.4248465597629547
167,1.8908950464451941,1.0,0.9803225584328175,0.7999055220951607,0.00823789881544051,0.13416114449501038,1.5,0.9375,64,0.9375,29,0.453125,0.7523869378628318,51.76140625000001,20.709493510464252,-0.3244776537014381,0.35428559656128,2.5625,0.9499177595981665,-0.5878146499962325,0.29695076650595964,2.8931107812500017,1.1056644575368832,0.27484110001420603,0.5284368778274068,284.51871875,52.88850124213817,-0.39847765558553494,0.3511452662421147,1.0,1.00034499168396,0.0017094017239287496,0.9999998807907104,0.396053284406662
168,1.8907459534694906,1.0,0.978421707637608,0.8170030821720953,0.0027674008481764992,0.1318284422159195,1.5,0.953125,64,0.953125,31,0.484375,0.7609032542388156,53.39625,18.947557436580052,-0.2965097271579635,0.3241434507515098,2.515625,0.951843400657377,-0.6024680945068974,0.29755273502667645,2.7737943750000014,1.149692568549409,0.21781549087705665,0.5494794982729695,283.942421875,45.65168556369412,-0.4023038921937516,0.3030975146804255,1.0,1.0005537271499634,0.03186381608247757,0.9999997615814209,0.4718192219734192
169,1.8952881491146236,1.0,0.9724952038377523,0.8200682452137373,0.0224116425022937,0.24069947004318237,1.5,0.921875,64,0.921875,26,0.40625,0.728390200117872,56.928281250000005,23.8562763986419,-0.23608585451003786,0.4081188712487329,2.71875,0.9264979425233496,-0.5389698349606828,0.2896295720535703,3.131940312500002,1.363945684453942,0.38898633726628007,0.6518787812214385,305.61823437500004,44.60915902793334,-0.2583905883079074,0.29617581621352845,1.0,0.9999426603317261,0.001238134573213756,1.0,0.40115875005722046
170,1.8660299569961416,0.984375,0.9809414697071862,0.8150064239847706,0.0054240815246513014,0.13278789818286896,1.5,0.953125,63,0.9375,28,0.4444444444444444,0.7532524349991814,55.42714285714286,19.956549979263198,-0.2617664299797231,0.3414046901309159,2.6507936507936507,0.8757532840719824,-0.5602134529285251,0.2737664459345356,3.2295149206349225,0.9670269015198553,0.43562075779646164,0.46217699513707744,304.9496349206349,40.57015501701731,-0.2628296540386136,0.26935945527577354,0.984375,0.9997907280921936,0.008641975000500679,1.0230475664138794,0.42966800928115845
171,1.8997793008433352,1.0,0.9702653596177697,0.8414104372856066,0.028071046497127987,0.20719730854034424,1.5,0.953125,64,0.953125,30,0.46875,0.7448119332277393,58.60625,17.61173272814177,-0.2073801713264027,0.30129096266476735,2.71875,0.8379429798619952,-0.5389698349606828,0.2619466871148575,2.8726292187500015,0.9751263854036202,0.26505222340996204,0.4660480302837484,295.206796875,34.08042711283291,-0.3275157649916407,0.22627188086483369,1.0,1.0008288621902466,0.003408606629818678,0.9999998211860657,0.42733117938041687
172,1.9017980696022803,1.0,0.9752791952341795,0.8228168521179346,0.03177087844126409,0.21127967536449432,1.5,0.9375,64,0.9375,34,0.53125,0.7828106496046454,60.88609375,17.243235414321493,-0.16837797155618014,0.29498693158877415,2.890625,0.7729243878769773,-0.48524053842157816,0.24162143207882508,2.8034187500000014,1.1031650878374644,0.23197404696147894,0.527242339003721,299.82640625,44.28637630267873,-0.29684456187903463,0.29403274875395036,1.0,1.0004162788391113,0.01109285093843937,0.9999998211860657,0.387637197971344
173,1.897278970117624,1.0,0.9763277722522616,0.8428425906109656,0.003043872769394879,0.11354116350412369,1.5,0.921875,64,0.921875,28,0.4375,0.7262061864359053,63.565000000000005,21.24588776387092,-0.12254884983316816,0.3634619078005771,2.890625,0.9538931330998247,-0.48524053842157816,0.2981934953596283,2.6448546875000014,1.110979715999534,0.1561905689343446,0.5309772313385489,289.59265625,49.45347122397567,-0.36479000907469344,0.3283388999819888,1.0,0.9997794032096863,0.007846556603908539,0.9999998807907104,0.380913645029068
174,1.9012771529915216,1.0,0.9752411022782326,0.8401721963684885,0.01853052778348186,0.16315606236457825,1.5,0.90625,64,0.90625,25,0.390625,0.7235193499541994,62.433749999999996,20.10293973371805,-0.14190159648085604,0.3439090382677397,2.8125,0.8637671850678283,-0.509662945939353,0.27001950968585914,2.581715156250001,0.9164031691516717,0.12601391223366268,0.4379820896264056,285.693625,35.71864024108248,-0.3906770418741169,0.23714855105911403,1.0,1.0012871026992798,0.003102836897596717,0.9999997615814209,0.35918372869491577
175,1.896661789988086,1.0,0.9793057544156909,0.8261588052277914,0.010610166769057596,0.12967851758003235,1.5,0.953125,64,0.953125,26,0.40625,0.7362371446610014,59.471250000000005,20.514014683564504,-0.1925822700223144,0.35094146200925525,2.6875,0.899218410621135,-0.5487387979677927,0.281101804437442,2.560174843750001,0.9295538977413992,0.11571902086102673,0.4442672965983222,276.196328125,43.19451307640775,-0.45373291907668784,0.28678348673509346,1.0,0.9983980059623718,0.010624170303344727,0.9999998211860657,0.41678592562675476
176,1.8937583884241465,1.0,0.9766023410484195,0.8226486929479281,0.010409185623589765,0.1611255258321762,1.5,0.90625,64,0.90625,28,0.4375,0.7494278982937475,56.0221875,19.29770189270846,-0.25158676304732264,0.3301335121433732,2.671875,0.8670115249378176,-0.5536232794713477,0.2710337124433765,2.6570918750000017,1.0750976044932443,0.16203916170750335,0.5138278775314459,282.34765625,39.06547124068565,-0.41289209921101194,0.2593693331728389,1.0,1.000787377357483,0.009936765767633915,0.9999997615814209,0.3930477201938629
177,1.9121595638576854,1.0,0.9765012674033642,0.8604664875700283,0.013968972571067065,0.12341641634702682,1.5,0.828125,64,0.828125,25,0.390625,0.7118214843286317,53.5365625,14.161194690371067,-0.294109345046137,0.2422612270243819,2.421875,0.6568077986557407,-0.6317749835282273,0.2053225948111758,2.758936562500001,0.8509274100452461,0.21071440700362187,0.4066888654662858,277.366359375,32.83997099304406,-0.4459646721961067,0.21803605863098538,1.0,0.9995372295379639,0.012256014160811901,0.9999997615814209,0.4083116054534912
178,1.9175530652241823,1.0,0.9787396136671305,0.8704029302831242,0.011005894593760826,0.1540665328502655,1.5,0.8125,64,0.8125,24,0.375,0.6758509362896399,56.620937500000004,16.67565269700391,-0.2413437070868337,0.2852770668110032,2.515625,0.8290089621801443,-0.6024680945068974,0.2591538522912138,2.8889565625000015,0.9353277419760737,0.27285564921030436,0.44702682477129996,284.94993750000003,39.26901653612992,-0.39561464341424823,0.26072074161290565,1.0,1.0017833709716797,0.02052401751279831,0.9999997019767761,0.33592215180397034
179,1.9106815895143554,1.0,0.9812010051682591,0.8634534140840769,0.0010540389485345918,0.08015765994787216,1.5,0.84375,64,0.84375,20,0.3125,0.6905352248005889,55.532812500000006,14.17801384062111,-0.2599586970943609,0.24254895896128223,2.421875,0.6801812143649661,-0.6317749835282273,0.212629283880399,3.1223173437500016,0.9153087786886506,0.38438717381572546,0.4374590409967234,286.710796875,29.76726649210281,-0.3839236818719941,0.19763529826293189,1.0,0.999975860118866,0.004684838000684977,0.9999996423721313,0.45380038022994995
180,1.9099593864713107,1.0,0.980692426674068,0.8587287351349386,0.005374511523626167,0.08885399997234344,1.5,0.78125,64,0.78125,24,0.375,0.6697760546649307,53.997656250000006,15.804820046249688,-0.2862212296652908,0.27037938401535166,2.421875,0.766581035752255,-0.6317749835282273,0.23963845696690558,3.142742656250002,1.0259572812626065,0.3941491665184612,0.490341946690116,294.5056875,28.76766890857851,-0.33217067546115997,0.1909986201314299,1.0,0.9997827410697937,0.01234042551368475,0.9999997615814209,0.402173787355423
181,1.9002838004537472,1.0,0.9737108889967203,0.8259402575576371,0.025661478982787426,0.2059781402349472,1.5,0.765625,64,0.765625,29,0.453125,0.6889109120223711,46.81578125,17.31991725628758,-0.4090844405650587,0.2962987585589821,2.140625,0.7260162597180589,-0.7196956505922166,0.22695763147987325,3.5312668750000022,1.092032501705358,0.5798388879498239,0.5219216750195494,292.92915625,38.81059105660577,-0.34263781808230886,0.25767709444425757,1.0,0.999041736125946,0.015490533784031868,0.9999998807907104,0.3764839470386505
182,1.901695129541258,1.0,0.9791257828474045,0.8363372317493482,0.012258672654900698,0.1134144589304924,1.5,0.9375,64,0.9375,32,0.5,0.7438847538087601,50.809843750000006,16.260601204693693,-0.3407564143484572,0.2781766147655452,2.125,0.649519052838329,-0.7245801320957717,0.20304408318690306,3.0061165625000017,0.9142378072885007,0.32885063411212645,0.43694718518090164,274.70068749999996,30.772773928362298,-0.46366300053359477,0.20431121397469068,1.0,1.0003116130828857,0.02858418971300125,0.9999998211860657,0.5101244449615479
183,1.8899889483932508,1.0,0.9723425302654505,0.8358557634188648,0.007384796905621598,0.2073391228914261,1.5,0.8125,64,0.8125,26,0.40625,0.7106710193661796,46.787656250000005,16.228134880334707,-0.4095655861999459,0.2776212003567929,2.125,0.7180703308172536,-0.7245801320957717,0.22447367994422227,3.3079206250000017,0.9181657984278964,0.47309366862045726,0.43882451365943487,282.03114062500003,27.973153763847407,-0.4149935571990453,0.18572355607255817,1.0,0.9987660646438599,0.008524001576006413,0.9999998807907104,0.3804662525653839
184,1.9099708030024347,1.0,0.978312898427248,0.8512024722837684,0.018775300262062575,0.13720442354679108,1.5,0.734375,64,0.734375,24,0.375,0.6733515444220967,47.211875000000006,12.984620575295029,-0.402308306207063,0.2221331025945088,2.140625,0.5827517562178599,-0.7196956505922166,0.18217217116225992,3.1222423437500018,1.0549374566498941,0.3843513286137143,0.5041926165711618,275.4740625,38.35516584946341,-0.45852829329285255,0.25465336713379333,1.0,1.0004496574401855,0.006922012194991112,0.9999997615814209,0.4049287736415863
185,1.8967103477607008,1.0,0.9705903390422463,0.8451617471458146,0.015434720954508088,0.18217483162879944,1.5,0.796875,64,0.796875,23,0.359375,0.6781821950467051,45.034062500000005,16.783512251495328,-0.43956501653516683,0.28712226339142743,2.0625,0.7680128579652817,-0.7441180581099914,0.2400860543503237,3.4589845312500023,0.8361595739711005,0.5452925517689639,0.3996307845683312,287.99859375,41.617526827917864,-0.3753735477990448,0.2763133232197594,1.0,0.9996005296707153,0.005006827414035797,0.9999998211860657,0.36366692185401917
186,1.8964459728993335,1.0,0.9770702542737126,0.8276252468374625,0.017929071313104537,0.13198377192020416,1.5,0.84375,64,0.84375,32,0.5,0.7500985247386487,49.9584375,14.70289004528,-0.35532176192901677,0.2515282263293825,2.296875,0.6999930245188162,-0.6708508355566669,0.21882259077629806,3.0569687500000016,1.0152266693645637,0.35315472656080443,0.48521340067425545,284.622625,32.86492259779987,-0.39778778563339856,0.21820172106590732,1.0,0.9999060034751892,0.01826483942568302,0.9999998211860657,0.4946656823158264
187,1.9052507454743117,1.0,0.9756783340126276,0.8580979465134041,0.008657443235424476,0.14704422652721405,1.5,0.8125,64,0.8125,24,0.375,0.6742952333842858,49.04703125,13.618957453638785,-0.370913553530669,0.2329849575300861,2.21875,0.6724198372296879,-0.6952732430744418,0.21020302448459863,3.0730279687500017,0.8903682817400274,0.36083000576395663,0.4255390789782692,282.87768750000004,33.635373931266095,-0.40937303627622007,0.2233170170614959,1.0,0.998055100440979,0.013333333656191826,0.9999997615814209,0.4015975594520569
188,1.9042163392832354,1.0,0.9772135969251394,0.8532597658132837,0.008725410080026282,0.11034967750310898,1.5,0.8125,64,0.8125,24,0.375,0.6757261741959544,53.74390625000001,14.855854340249536,-0.2905622325044958,0.25414504776291846,2.375,0.625,-0.6464284280388921,0.19537926014219875,2.922397031250002,1.0320108857978443,0.2888380539795611,0.4932351823896059,291.65278125000003,41.67068905210413,-0.3511121183304444,0.2766662858284074,1.0,0.9991064667701721,0.0026431716978549957,0.9999997019767761,0.45614007115364075
189,1.8400646103755594,0.96875,0.9763934958365655,0.8461597787378579,0.005925461852589123,0.1533222198486328,1.5,0.84375,62,0.8125,24,0.3870967741935484,0.6748512968420924,57.05419354838709,18.568324446129555,-0.23393182241234653,0.3176557601573587,2.5161290322580645,0.8374680635965914,-0.6023105305874279,0.26179822505315503,2.902496451612905,1.0239990319584915,0.27932685001646157,0.48940602879819106,297.5058225806451,38.89216522416003,-0.31225172886760305,0.25821869388669927,0.96875,0.9986218214035034,0.006890611723065376,1.0446383953094482,0.45451119542121887
190,1.9010140185578899,1.0,0.9727422874420881,0.8492159524422838,0.022201345089758538,0.12289987504482269,1.5,0.734375,64,0.734375,13,0.203125,0.6413901860711427,50.40015625000001,15.992487639922876,-0.34776510242998165,0.2735898886733304,2.234375,0.7233210624439191,-0.6903887615708868,0.2261150944408993,3.0273771875000017,0.973654493887381,0.33901185275226214,0.46534456030057214,282.5028125,48.76863897042182,-0.41186196257571683,0.3237920590173642,1.0,0.9987379312515259,0.002219263231381774,0.9999998211860657,0.41207194328308105
191,1.8898775300292825,1.0,0.9723634039983153,0.8186913516739565,0.01934908748515958,0.16792774200439453,1.5,0.78125,64,0.78125,27,0.421875,0.7383041592960096,50.790312500000006,19.119566791047955,-0.3410905432615734,0.3270860836426034,2.390625,0.9289979060121718,-0.6415439465353372,0.29041107768049607,2.9446062500000014,0.9525985124425793,0.29945263974763453,0.4552811481881215,277.919578125,53.79292695019392,-0.44229165933515424,0.35715006499028606,1.0,0.999695897102356,0.006357856560498476,0.9999997615814209,0.44423386454582214
192,1.8968423445918567,1.0,0.9680027575232089,0.8441522463512895,0.02502517691909296,0.1532728224992752,1.5,0.765625,64,0.765625,22,0.34375,0.6823506870003118,52.53046875,18.82475559516706,-0.3113209936185765,0.3220426304865505,2.375,0.8385254915624212,-0.6464284280388921,0.262128784242943,2.9749601562500017,1.1190156557753295,0.31395986509912044,0.5348178964667293,281.83578125,43.66468559855778,-0.41629061644890386,0.2899051266302047,1.0,0.9994634985923767,0.010516689158976078,0.9999998807907104,0.5952607989311218
193,1.9111441386513217,1.0,0.980486311018467,0.8554897551699036,0.012761765516979058,0.08442698419094086,1.5,0.8125,64,0.8125,19,0.296875,0.6387310838487941,53.23015625000001,14.923803709613912,-0.2993511594351032,0.25530748482827004,2.390625,0.7627497029661827,-0.6415439465353372,0.23844075622274344,2.980004375000002,1.021321559882519,0.3163706789668888,0.48812636843228857,285.0199375,37.86117579884566,-0.3951498889201776,0.25137359433306733,1.0,0.9987484216690063,0.0023062729742377996,0.9999997019767761,0.42801159620285034
194,1.9123664269780312,1.0,0.9774956190958619,0.8714159488641383,0.006514765434477729,0.0850285142660141,1.5,0.75,64,0.75,19,0.296875,0.5944785724171686,53.77937500000001,14.015280597775236,-0.28995545439827686,0.23976501622541233,2.359375,0.6929824019230214,-0.651312909542447,0.21663102236685397,3.235868906250002,0.7477677895182386,0.438657556435782,0.35738516630370926,293.205109375,28.760260344743287,-0.34080566872521445,0.19094943208375803,1.0,0.9991236329078674,0.0031645570416003466,0.9999997019767761,0.4112931787967682
195,1.9136285790215841,1.0,0.9789188243448734,0.8679496583665163,0.00494762093303249,0.08450475335121155,1.5,0.734375,64,0.734375,22,0.34375,0.6075520437635331,55.581250000000004,19.450353989387956,-0.2591300573898329,0.33274499267577246,2.375,0.8003905296791061,-0.6464284280388921,0.25020753522164213,3.2198625000000023,0.8024554065550166,0.4310075182290462,0.3835223487063296,296.29481250000003,38.07706631370904,-0.3202920485439562,0.2528069670046387,1.0,0.9974742531776428,0.023204904049634933,0.9999996423721313,0.4228734076023102
196,1.9175307768068026,1.0,0.9819492204114795,0.8675059686790072,0.007994393870228692,0.13358736038208008,1.5,0.6875,64,0.6875,20,0.3125,0.6127147438592684,51.2084375,16.201612209394277,-0.3339375114895828,0.2771674664066226,2.28125,0.7388494010960556,-0.6757353170602219,0.23096935894824638,3.082026250000002,0.8855094826435033,0.36513060855275925,0.42321688384297684,283.21254687500004,32.969437930230235,-0.4071497877131777,0.21889563492942601,1.0,0.9993889927864075,0.007609668653458357,0.9999996423721313,0.4209858775138855
197,1.9105844372126959,1.0,0.9823736809194088,0.8556688824530728,0.0041422015214345196,0.07649152725934982,1.5,0.78125,64,0.765625,22,0.34375,0.6420387432172383,52.086562500000014,16.141110674566164,-0.3189150755558802,0.276132442428435,2.296875,0.6773036500529138,-0.6708508355566669,0.2117297376623184,3.106240156250002,0.9716249894225087,0.3767033066995916,0.4643745870002247,281.15209375,42.80004025469733,-0.42082985699411785,0.28416444363968385,1.0,0.9981049299240112,0.006283662281930447,0.9999997615814209,0.4475939869880676
198,1.9148900149168113,1.0,0.9770520413294435,0.8718463881253996,0.012683311633132346,0.10505112260580063,1.5,0.65625,64,0.65625,18,0.28125,0.5966370998930981,50.64140625000001,14.369325604737368,-0.3436379420951709,0.2458218059019798,2.265625,0.5927211480747081,-0.6806197985637769,0.18528867101035376,3.225934843750002,0.8020380874606128,0.43390971007438506,0.3833228968764356,283.92046875000005,27.27037198646682,-0.40244964667236033,0.1810575419384349,1.0,0.9987646341323853,0.008780037052929401,0.9999997615814209,0.4202089011669159
199,1.916220985669113,1.0,0.9803036339581013,0.8614439547359829,0.01395788383189947,0.09427037835121155,1.5,0.703125,64,0.703125,22,0.34375,0.6388166871787084,48.42421875000001,14.291947558490705,-0.3815682563121169,0.2444980686864176,2.28125,0.7173900177030623,-0.6757353170602219,0.22426100942755708,3.273156250000002,0.9032359940228465,0.4564785213581984,0.43168902226093775,285.62873437499996,32.37047409206529,-0.39110787343971437,0.2149189044212403,1.0,0.999322772026062,0.006448640953749418,0.9999997615814209,0.41842588782310486
