step,reward_mean,valid_frac,c_mean,qed_mean,tox_mean,undersized_frac,alerts_mean,n_rankable,d_var,d_loss,w_C,unique,n_valid,unique_smiles_frac,n_scaffolds,scaffold_frac,tanimoto_dist,tpsa_mean,tpsa_sd,tpsa_drift_sd,tpsa_spread_ratio,hba_mean,hba_sd,hba_drift_sd,hba_spread_ratio,logp_mean,logp_sd,logp_drift_sd,logp_spread_ratio,mw_mean,mw_sd,mw_drift_sd,mw_spread_ratio,rdkit_valid_frac,ratio_mean,clip_frac,adv_std,kl
0,1.1488230149918053,0.90625,0.8113926284272095,0.5638646758281208,0.0,0.078125,0.0,58,0.004315220573852132,0.7506814002990723,0.2,1.0,63,0.984375,49,0.7777777777777778,0.9208022223937068,61.797777777777775,32.02878756926285,-0.15278142789887472,0.547929291722037,3.984126984126984,2.027525378010891,-0.14340436462516767,0.6338182532404796,1.9513980952380958,1.4976327494255495,-0.17523731954102525,0.7157726458907289,285.5093333333335,101.60726669754504,-0.391900618735589,0.6746061975417889,0.984375,0.9942945837974548,0.03353140875697136,1.118033766746521,0.003134219441562891
1,1.1775134420646638,0.921875,0.8559607681581529,0.517716881982784,0.0,0.0625,0.0,59,0.004230357774202109,0.7166903018951416,0.21300000000000002,1.0,63,0.984375,46,0.7301587301587301,0.919981893480708,62.38444444444445,33.14386168732456,-0.14274508635930025,0.567005311081367,3.873015873015873,2.058602264999806,-0.17813845531711414,0.6435330999403467,1.5038382539682547,1.6745123751816937,-0.3891422918401598,0.8003097914494112,261.4879523809524,103.99450171552937,-0.5513869723270699,0.6904558861562344,0.984375,0.9964932799339294,0.0164986252784729,1.1014961004257202,0.007496130187064409
2,1.1954988717580401,0.90625,0.8745606490250292,0.5720827224714866,0.0,0.078125,0.0,58,0.004188281323162273,0.7259767651557922,0.226,1.0,63,0.984375,56,0.8888888888888888,0.9073769289115031,56.491269841269855,37.0639514032921,-0.24356198363737816,0.6340678552664065,3.7301587301587302,2.139621307587887,-0.22279657192104527,0.6688602048976084,2.4120725396825415,1.7273041446247965,0.04493559409265494,0.8255408799856608,291.9207777777778,100.40668164835031,-0.3493327956064435,0.6666350932971123,0.984375,0.996319055557251,0.0117647061124444,1.1180338859558105,0.014960389584302902
3,1.246653631361197,0.90625,0.8741848404551374,0.622852980483841,0.0,0.09375,0.0,58,9.814923030765019e-07,0.6779276132583618,0.23900000000000002,1.0,64,1.0,53,0.828125,0.9061779528362384,41.58796875,27.364041652532315,-0.4985187219653814,0.46812761578628276,2.90625,1.5882257199466328,-0.4803560569180232,0.4964901857631745,2.6954810937500016,1.7239280022253314,0.18038675238946805,0.8239272999012938,264.543796875,84.08525390102223,-0.5310981514443575,0.5582714233653823,1.0,0.9985138773918152,0.0009186954703181982,1.1180340051651,0.02207196317613125
4,1.275814320497209,0.953125,0.8630794184129746,0.5864361093710906,0.0,0.046875,0.0,61,1.2570107933282046e-06,0.6652463674545288,0.252,1.0,64,1.0,56,0.875,0.9067672092222552,47.959375,35.34701087410894,-0.38952052444428154,0.6046954662538729,3.46875,2.083932205591151,-0.30451472279004427,0.6514514120238393,2.5460360937500015,1.6382112549893582,0.1089616028618751,0.7829601782956979,290.0598125000001,96.7474166169754,-0.3616883952658256,0.6423399523210083,1.0,0.9974427819252014,0.0012842465657740831,1.0648608207702637,0.024196190759539604
5,1.2817499819028986,0.9375,0.8734638549387455,0.6150718164281141,0.0,0.046875,0.0,60,0.004107432067659232,0.6691247224807739,0.265,1.0,63,0.984375,54,0.8571428571428571,0.9116580935375767,44.68650793650794,25.63343694069904,-0.44551077159683283,0.43852146813067694,3.015873015873016,1.548087027331633,-0.446087154940701,0.48394255685726445,2.3654996825396837,1.5934653322170775,0.02267674779230467,0.7615744897496758,266.5133968253969,94.97757388625344,-0.5180212881805231,0.6305893471367024,0.984375,0.9981990456581116,0.0004755111876875162,1.0837910175323486,0.029286541044712067
6,1.2608736213985243,0.90625,0.9062404694228336,0.6036413369025979,0.0,0.0625,0.0,58,0.007972958821898411,0.6420677304267883,0.278,1.0,62,0.96875,45,0.7258064516129032,0.905793854972057,41.1483870967742,24.02037785375686,-0.5060388212943101,0.41092622053965594,2.8548387096774195,1.2932426635742644,-0.4964275767039137,0.404276471669546,2.422655161290324,1.626552118198277,0.049993410217181004,0.7773878567816583,252.99920967741937,72.88882814195638,-0.60774670547674,0.48393443495031213,0.96875,0.9984775185585022,0.0071428571827709675,1.1180338859558105,0.03251931816339493
7,1.2136120319383519,0.859375,0.8892246506430886,0.6453172192165036,0.0,0.125,0.0,55,0.00401548796208338,0.6766170859336853,0.29100000000000004,1.0,63,0.984375,50,0.7936507936507936,0.908903364491741,40.25222222222223,24.21326616864796,-0.5213698725842647,0.4142260381656333,2.746031746031746,1.447145564449712,-0.530441375192571,0.45238756752039894,2.526517301587303,1.758413500313052,0.09963286888737771,0.8404091618401273,255.8266984126984,100.50613440579022,-0.5889740183816653,0.667295394953797,0.984375,0.9964880347251892,0.0014866204001009464,1.1611260175704956,0.03270924463868141
8,1.2971677448752525,0.921875,0.8646452593601356,0.6395905739243972,0.0,0.078125,0.0,59,1.2429722508178719e-05,0.6173065900802612,0.30400000000000005,1.0,64,1.0,49,0.765625,0.9036176448594342,44.05859375,25.146933825716427,-0.45625275097184015,0.43019866457039463,2.96875,1.357487914310842,-0.4608181309038033,0.4243599749600461,2.4502295312500006,1.333387649932296,0.06317219503767732,0.6372739956148414,265.49859375000005,72.23923752900821,-0.5247589208932011,0.47962157556925766,1.0,0.9983203411102295,0.0004826254735235125,1.1014961004257202,0.041993461549282074
9,1.3288741912804414,0.9375,0.9077069605390231,0.6208181129600668,0.0,0.0625,0.0,60,1.8745128947970056e-05,0.6097240447998047,0.317,1.0,64,1.0,55,0.859375,0.9066609767933196,43.04609375,24.848310469299737,-0.4735739938277817,0.42508999525785157,3.046875,1.4835524036497667,-0.43639572338602844,0.46376859361163525,2.6840987500000013,1.842807152878881,0.17494672024173324,0.8807439288359722,268.33423437500005,93.36036916663008,-0.5059321105497979,0.619852159118455,1.0,0.998791515827179,0.003549245884642005,1.0837912559509277,0.03503759577870369
10,1.2944761769300408,0.90625,0.9046870845145193,0.6213197759944874,0.0,0.09375,0.0,58,2.9395001186523738e-05,0.5850375890731812,0.33,1.0,64,1.0,46,0.71875,0.9039375772284524,42.98484375,35.69269432391713,-0.4746218220993139,0.6106092114246456,2.859375,2.249077501860485,-0.49500950142868805,0.7030769573055459,2.3916346875000016,1.6210581409973104,0.03516760822386874,0.7747620871468079,259.02965625,102.47386521819526,-0.5677084605358805,0.6803598483564633,1.0,0.9969639778137207,0.005469915457069874,1.1180338859558105,0.041055358946323395
11,1.4405528804322452,1.0,0.8939124969765544,0.6462353809310728,0.0,0.0,0.0,64,6.582169298274734e-05,0.6207021474838257,0.343,1.0,64,1.0,56,0.875,0.9079022724351081,34.81796875,21.728845472355946,-0.6143358223453558,0.37172405867249625,2.484375,1.2499023399350047,-0.6122370575140074,0.39072799108240674,2.8905637500000014,1.7706764762209366,0.2736237820184035,0.8462700798224881,262.298125,68.45462422553628,-0.5460079528174209,0.4544942035534238,1.0,0.9982589483261108,0.000511247431859374,1.0,0.03656438738107681
12,1.3456386446071444,0.921875,0.8935275390996771,0.6527274163149351,0.0,0.078125,0.0,59,7.642581610262707e-05,0.6210252642631531,0.356,1.0,64,1.0,49,0.765625,0.8988087696914457,36.5353125,24.535808650874824,-0.5849565352728784,0.41974390153947005,2.328125,1.3469257531040826,-0.661081872549557,0.4210581713727192,2.6180112500000012,1.4239336389585775,0.14336112306949728,0.6805491858542334,239.41064062499998,74.42574937928222,-0.6979659702639125,0.4941385928371678,1.0,0.9959359765052795,0.007583965547382832,1.1014958620071411,0.039793942123651505
13,1.4087947122509468,0.96875,0.8770635526987814,0.6414913574584443,0.0,0.015625,0.0,62,0.0038426520367009207,0.6000924706459045,0.369,1.0,63,0.984375,51,0.8095238095238095,0.8960088839491958,42.64952380952382,26.273941186801956,-0.4803582745668969,0.4494788306956255,2.7301587301587302,1.2996501263783315,-0.5354033881485633,0.40627948821682164,2.700983650793653,1.211908568885239,0.18301662264024207,0.5792147662778905,264.5078253968254,70.53323306085677,-0.531336978674929,0.4682948149481421,0.984375,0.9994485378265381,0.004473160952329636,1.0446385145187378,0.04540732502937317
14,1.3572260137221073,0.9375,0.862242536743482,0.6685376138449592,0.0,0.046875,0.0,60,0.003979970246252171,0.5933817625045776,0.382,1.0,63,0.984375,54,0.8571428571428571,0.9007331601245728,38.854444444444454,22.17185050576718,-0.5452822166312051,0.37930272313681274,2.5714285714285716,1.3179383336283856,-0.5850235177084867,0.4119965064597701,2.9395834920634933,1.4653186763426596,0.2970520827757988,0.7003285861912343,269.84285714285716,77.70108119405825,-0.49591583610381246,0.5158846668441669,0.984375,0.9980199337005615,0.0,1.0837910175323486,0.04890423268079758
15,1.3402798042035167,0.90625,0.9107879667446531,0.6740338366642905,0.0,0.09375,0.0,58,0.0004294552230575413,0.5283086895942688,0.395,1.0,64,1.0,45,0.703125,0.8928789929092517,39.6684375,24.949303172806125,-0.5313569115464372,0.42681771786932043,2.5,1.3806701271484076,-0.6073525760104523,0.4316068927083062,2.413156875000001,1.421835250518977,0.04545383700601843,0.6795462904206931,251.860640625,75.85063551220405,-0.6153060638184791,0.5035989104630886,1.0,0.9978710412979126,0.0014917951775714755,1.1180340051651,0.059428002685308456
16,1.34370695096452,0.921875,0.8874341926332248,0.6474576646452419,0.0,0.078125,0.0,59,0.001517791989355379,0.5287261009216309,0.40800000000000003,1.0,64,1.0,50,0.78125,0.9016095920966467,37.8290625,25.58082776457974,-0.5628238360680643,0.4376214618926391,2.40625,1.3195495206698382,-0.6366594650317822,0.41250017451114557,2.5882692187500007,1.561708677133905,0.12914633482441965,0.7463968401942421,246.65609375000003,78.4606207333731,-0.6498608716721634,0.5209275156201808,1.0,0.9979767203330994,0.0,1.1014959812164307,0.05705086514353752
17,1.4571556976073936,0.984375,0.9008071469882178,0.692295986615406,0.0,0.015625,0.0,63,0.0018289860469867928,0.5503700375556946,0.42100000000000004,1.0,64,1.0,54,0.84375,0.8910130346160009,40.95953125,25.239783293795796,-0.5092696538738068,0.43178707759325663,2.84375,1.3136155973114814,-0.499893982932243,0.4106451896223516,2.787297656250001,1.3702774245530804,0.22426919546666738,0.6549049479272555,272.31018750000004,73.4094844946983,-0.479534366506109,0.48739125466178745,1.0,0.9987123608589172,0.00582524249330163,1.0230478048324585,0.049350809305906296
18,1.4106228424711045,0.953125,0.8918959430006684,0.7029702694609883,0.0,0.03125,0.0,61,0.004886118822424997,0.5414287447929382,0.434,1.0,63,0.984375,55,0.873015873015873,0.8921422068422686,39.134285714285724,22.915734922307827,-0.5404948599931452,0.3920286516658507,2.5714285714285716,1.2046772038736684,-0.5850235177084867,0.37659030528481613,2.8309638095238108,1.4630900205641417,0.24513882326871256,0.6992634313033078,269.4535714285714,77.76821964663206,-0.49850044017798134,0.5163304225235759,0.984375,0.9962752461433411,0.003809523768723011,1.0648607015609741,0.04606371000409126
19,1.310226742709443,0.921875,0.8733336986121485,0.6471485074456163,0.0,0.0625,0.0,59,0.004993107603577407,0.49560269713401794,0.44700000000000006,1.0,63,0.984375,51,0.8095238095238095,0.8980876962693186,46.791904761904775,22.993660745238465,-0.40949290520589265,0.3933617599164489,3.1587301587301586,1.438764342047576,-0.4014290383367699,0.44976754026917243,2.4750433333333346,1.4790471243584562,0.07503160501559712,0.706889906090261,273.15350793650794,81.94054715305487,-0.473935267037413,0.5440319647999307,0.984375,0.9997131824493408,0.0018744142726063728,1.1014957427978516,0.05015796050429344
20,1.4241539986958927,0.96875,0.9074447433794698,0.6517405742132845,0.0,0.03125,0.0,62,0.004445907756615424,0.5216047763824463,0.46,1.0,64,1.0,50,0.78125,0.8922251791338669,37.44671875,23.952179901752125,-0.5693647436712261,0.40975953087155537,2.703125,1.1274928977049035,-0.5438543164642378,0.3524619650706685,3.251581875000002,1.5858850000757432,0.44616735028964893,0.757951575924097,285.733578125,83.44648429098228,-0.3904117790970323,0.55403040840907,1.0,0.9987041354179382,0.007342817727476358,1.0446385145187378,0.0458204410970211
21,1.4033326220830467,0.96875,0.8895915756302495,0.6617227353577669,0.0,0.03125,0.0,62,0.005552881959361225,0.48566827178001404,0.47300000000000003,1.0,64,1.0,52,0.8125,0.8886047259352795,47.50984375,24.654473763154748,-0.39721083550856295,0.42177395312300403,3.109375,1.1873971994977082,-0.41685779737180856,0.3711884581324496,2.304864375000001,1.3680588123949524,-0.00630305017800824,0.653844593247353,268.341125,76.90969530305904,-0.5058863612792883,0.5106303789957949,1.0,0.9993759989738464,0.0004679457051679492,1.0446385145187378,0.05057661607861519
22,1.4342270923954858,0.953125,0.9116294960506627,0.7146494682838793,0.0,0.03125,0.0,61,0.009432469555390371,0.4867910146713257,0.48600000000000004,1.0,63,0.984375,54,0.8571428571428571,0.8888631586773823,42.02349206349208,30.56368205601815,-0.49106805027904005,0.5228651451497008,2.8095238095238093,1.3075743064519982,-0.5105933233686016,0.4087566409208641,2.6880163492063507,1.5431025971716161,0.17681908204107535,0.7375043242624355,270.9755714285714,61.755396371032354,-0.4883953496069011,0.4100156856650755,0.984375,0.9987719058990479,0.0018639329355210066,1.0648607015609741,0.05257878825068474
23,1.4107137114647572,0.953125,0.9040536797437512,0.6481315758699807,0.0,0.046875,0.0,61,0.015295168040449097,0.5195443630218506,0.49900000000000005,1.0,64,1.0,46,0.71875,0.8931083397951115,43.783437500000005,27.71595643864007,-0.46095995909982046,0.47414796292185724,2.78125,1.4627537173085563,-0.519431908946463,0.4572667824927947,2.6303178125000013,1.5045391328622757,0.14924287265451633,0.7190734553501492,264.26232812500007,83.29496209837944,-0.532966920965828,0.5530243995524469,1.0,1.0003879070281982,0.0027985074557363987,1.0648607015609741,0.053696680814027786
24,1.4000137113613027,0.9375,0.9115091726183892,0.6683255614389484,0.0,0.03125,0.0,60,0.023007498002119074,0.5712774991989136,0.512,1.0,62,0.96875,52,0.8387096774193549,0.8902817670609541,37.431451612903224,22.37195730595049,-0.5696259246977626,0.38272603028061575,2.774193548387097,1.4189882224466304,-0.521637803819036,0.44358539048338624,2.5797008064516147,1.8092735300330864,0.12505118189440334,0.86471700236829,263.13399999999996,80.72866541114453,-0.5404582862069733,0.5359858578594298,0.96875,0.9997299909591675,0.0009416195680387318,1.0837911367416382,0.06528402119874954
25,1.3513167638538002,0.9375,0.8793440257509549,0.6607626112667957,0.0,0.046875,0.0,60,0.0166891418191617,0.504715621471405,0.525,1.0,63,0.984375,54,0.8571428571428571,0.9010972710419434,40.205555555555556,27.461704925036447,-0.5221682179340037,0.4697983804886532,2.6507936507936507,1.2867916317149997,-0.5602134529285251,0.40225983513863894,2.7694649206349222,1.769009013805021,0.21574628865952733,0.8454731394605596,264.56392063492075,77.27148848328392,-0.5309645427606322,0.5130324505162756,0.984375,0.9998181462287903,0.012848914600908756,1.0837910175323486,0.05580446124076843
26,1.4500789688270133,0.96875,0.8815674781799316,0.691217615558243,0.0,0.03125,0.0,62,0.02092122998009368,0.48464328050613403,0.538,1.0,64,1.0,57,0.890625,0.8863439372550266,46.85906250000001,28.10003223523229,-0.4083440108935932,0.4807185013394997,3.171875,1.4092849195159225,-0.39731987135758867,0.4405520718473265,2.6666618750000013,1.5293828178456461,0.16661300948413715,0.7309471474425822,292.97226562500003,76.20331839359147,-0.34235159985705393,0.5059404955217545,1.0,1.0000594854354858,0.014239219017326832,1.0446385145187378,0.04972280561923981
27,1.4941722804198125,1.0,0.9087560204789042,0.6263736754605878,0.0,0.0,0.0,64,0.02412959586113085,0.5326465964317322,0.551,1.0,64,1.0,53,0.828125,0.890674492245461,43.283125000000005,31.141315948180083,-0.4695190053382039,0.5327469593995374,3.046875,1.5952046058029672,-0.43639572338602844,0.49867183305153845,3.326883750000002,1.6742826128519772,0.48215682923898223,0.8001999797544344,307.4953750000001,79.88634104453894,-0.24592759485831497,0.5303933716473552,1.0,0.9989801049232483,0.004078303463757038,0.9999999403953552,0.047330938279628754
28,1.471553127831137,0.984375,0.9028766259314522,0.668394637332568,0.0,0.015625,0.0,63,0.02673669547156487,0.49471139907836914,0.5640000000000001,1.0,64,1.0,57,0.890625,0.8862363790040341,46.14,31.309158404530773,-0.4206453009588777,0.5356183074963158,3.0625,1.6851835953390955,-0.4315112418824735,0.5267998784977966,3.1059342187500016,1.521194802521408,0.3765570881463873,0.727033799931003,303.54076562500006,87.45013600113472,-0.2721836302772495,0.5806120530517447,1.0,0.9981091022491455,0.0044498383067548275,1.0230478048324585,0.04711592569947243
29,1.3168968563652812,0.90625,0.8974158578905566,0.6121123728069526,0.0,0.0625,0.0,58,0.029144365369061617,0.5120497941970825,0.577,1.0,62,0.96875,54,0.8709677419354839,0.8963550194172123,51.22016129032257,36.26141522120935,-0.333736947914897,0.6203385475029147,3.5161290322580645,2.175686287602226,-0.2897037143599099,0.6801343634771999,3.1253862903225826,1.6125599481752064,0.385853933947137,0.770700494634291,322.1834193548387,115.6883343829793,-0.1484085288151555,0.768095333086352,0.96875,0.9966017603874207,0.020400308072566986,1.1180338859558105,0.057253848761320114
30,1.4382061589245367,0.953125,0.8837286839719678,0.6489948327024961,0.0,0.046875,0.0,61,0.030017963569814357,0.5406686067581177,0.5900000000000001,1.0,64,1.0,50,0.78125,0.9031573008464775,40.6521875,26.775541921963853,-0.5145275064506027,0.45805991528867046,3.0625,1.4882351124738322,-0.4315112418824735,0.46523244030844685,2.9043690625000016,1.6693074940232706,0.2802218382236138,0.7978221912285024,286.32310937500006,81.5788827807397,-0.3864976748422802,0.5416307484802345,1.0,0.9994259476661682,0.002991453045979142,1.0648608207702637,0.04664801433682442
31,1.3587448552240362,0.921875,0.884099542589511,0.6743608749800362,0.0,0.0625,0.0,59,0.02667439214922212,0.4673334062099457,0.603,1.0,63,0.984375,53,0.8412698412698413,0.8933224273840974,39.692380952380965,27.812440673839248,-0.5309473013207578,0.4757985573610224,2.873015873015873,1.6855319304708933,-0.49074527154463216,0.5269087704343283,2.8794041269841286,1.602789921553591,0.26829019613342714,0.7660310469288646,288.7484285714286,83.41976748619751,-0.3703951320409071,0.5538530261934853,0.984375,0.9979868531227112,0.00042662114719860256,1.1014959812164307,0.049167171120643616
32,1.4029488983996492,0.953125,0.8888051470772165,0.6427184886061422,0.0,0.03125,0.0,61,0.03074740229297249,0.511818528175354,0.6160000000000001,1.0,63,0.984375,56,0.8888888888888888,0.9033967399522915,46.953809523809525,32.82147803509408,-0.4067231356251662,0.5614901648758662,3.4126984126984126,1.6962603183990532,-0.3220368310408923,0.5302625376278041,2.6004811111111126,1.5496364074913116,0.1349828381394003,0.7406270676066035,286.17934920634923,78.72950299100964,-0.38745214890583496,0.5227127190146444,0.984375,0.9980080723762512,0.0,1.0648607015609741,0.05465446785092354
33,1.4807429242119619,0.96875,0.8984683929912506,0.6533654590368647,0.0,0.03125,0.0,62,0.03508466036283414,0.5119228959083557,0.629,1.0,64,1.0,51,0.796875,0.8907773212735912,40.741718750000004,28.17668376483291,-0.5129958595128781,0.48202980974393594,2.8125,1.3448396744593758,-0.509662945939353,0.42040604896919725,2.6568390625000013,1.7056830293121583,0.16191833350572366,0.815207370037797,265.95453125,73.16161697868992,-0.5217317922911963,0.4857455754903726,1.0,0.9985800385475159,0.0009519276791252196,1.0446386337280273,0.05376364663243294
34,1.4329608424908964,0.953125,0.8808647213412113,0.6122682009227409,0.0,0.03125,0.0,61,0.03368125678236402,0.5040850043296814,0.6420000000000001,1.0,63,0.984375,52,0.8253968253968254,0.897926590183886,41.50666666666668,27.472411731575487,-0.49990958925437934,0.46998154611460313,3.0,1.4692617733849058,-0.45104916789669336,0.4593012451826525,2.5343530158730174,1.7105004952970766,0.1033778390403615,0.8175098105899525,263.6752380952381,81.72433816067563,-0.5368648171051991,0.5425964776446914,0.984375,0.9999529719352722,0.0,1.0648608207702637,0.057147588580846786
35,1.542790538986142,0.984375,0.8901140145839207,0.6909661062008314,0.0,0.015625,0.0,63,0.04364207720027667,0.5369619727134705,0.655,1.0,64,1.0,58,0.90625,0.8890446617044915,35.3790625,26.74985897852723,-0.6047369669293547,0.45762054689309395,2.625,1.4306903927824497,-0.5682767239820126,0.4472435686950188,3.065572500000002,1.604659593862513,0.35726676865152707,0.7669246306836397,278.01028125000005,72.10867735263145,-0.441689449549868,0.4787547408732896,1.0,0.9984806180000305,0.0,1.0230478048324585,0.05277443677186966
36,1.5028088718263144,0.953125,0.8997793187860583,0.6778783897130908,0.0,0.046875,0.0,61,0.04316210034666171,0.536126971244812,0.6679999999999999,1.0,64,1.0,56,0.875,0.8979570711793534,39.283125,27.86550470984466,-0.5379486067443927,0.47670634506923587,2.921875,1.6891629537658586,-0.4754715754144682,0.5280438530662153,2.396805000000001,1.463289366535419,0.03763868683751814,0.6993587059247819,269.37296875,69.06944162783046,-0.4990355895651272,0.45857619142126804,1.0,0.9995008111000061,0.004597701132297516,1.0648607015609741,0.05582629144191742
37,1.4415371696460906,0.921875,0.8877339049921198,0.6901546792169344,0.0,0.078125,0.0,59,0.03220068345605306,0.4693320393562317,0.681,1.0,64,1.0,51,0.796875,0.9012538961793825,35.59640625,21.38104727082986,-0.6010187803841982,0.36577413559744143,2.515625,1.2989441325072453,-0.6024680945068974,0.40605878972050524,2.457487343750001,1.3254865600533299,0.06664096510730662,0.6334977801105682,245.78506249999998,65.40384849697185,-0.6556439529280713,0.43423903597839286,1.0,0.9991233348846436,0.0015447991900146008,1.1014961004257202,0.058635447174310684
38,1.591234999633814,0.984375,0.8832914975900499,0.7081651608949652,0.0,0.015625,0.0,63,0.027329806677871715,0.5434390306472778,0.6940000000000001,1.0,64,1.0,55,0.859375,0.8895657181763806,38.9121875,24.397193195936367,-0.5442943830622947,0.41737255145692603,2.78125,1.1655035124357198,-0.519431908946463,0.36434434232451984,2.5225120312500016,1.6976802423649133,0.09771860589604195,0.8113825498407717,265.48870312500003,65.8882616859027,-0.5248245882134572,0.4374552246432892,1.0,0.9989571571350098,0.004746084567159414,1.0230478048324585,0.05050913617014885
39,1.4804678351433351,0.9375,0.9040545304616292,0.6617176049160246,0.0,0.0625,0.0,60,0.03125381717386746,0.4565678834915161,0.7070000000000001,1.0,64,1.0,54,0.84375,0.8995622875987096,36.3365625,24.987173035551535,-0.5883566310927484,0.4274655727725643,2.71875,1.3284007066770176,-0.5389698349606828,0.4152671155886875,2.6804846875000012,1.538121225686115,0.17321942956981667,0.735123547366558,270.0881875,81.98615033972112,-0.4942870020178966,0.5443347403134605,1.0,0.9973265528678894,0.0009115770226344466,1.0837910175323486,0.04928412660956383
40,1.5466240024556686,0.984375,0.8769507171615721,0.6437462832354127,0.0,0.015625,0.0,63,0.04570412630947071,0.5906012058258057,0.72,1.0,64,1.0,60,0.9375,0.8911102471634497,51.4190625,30.763674739798137,-0.33033426529053816,0.5262865000585055,3.34375,1.9702375332685143,-0.34359057481848404,0.6159096824870288,2.591748750000001,1.5149470977814923,0.13080932816522872,0.7240477967508852,293.092625,80.53302182034172,-0.34155249185084285,0.5346869116014049,1.0,0.9992750883102417,0.0013026486849412322,1.0230478048324585,0.05053107440471649
41,1.4653790804394071,0.953125,0.8720596515741504,0.643723287408029,0.0,0.046875,0.0,61,0.03379042232410999,0.4624556303024292,0.7330000000000001,1.0,64,1.0,55,0.859375,0.8992668471170453,41.83921875,28.4626088219641,-0.49422048762705517,0.48692124416681826,3.015625,1.90797821250008,-0.4461646863931384,0.5964469944411208,2.829000937500002,1.9059929852029556,0.24420069601250405,0.9109427144880344,276.14953125,89.49064434742763,-0.4540436199047551,0.594159701967865,1.0,0.9984493851661682,0.001374255632981658,1.0648607015609741,0.05208873003721237
42,1.5352532411721547,0.9375,0.9062337179978689,0.6376114119529035,0.0,0.046875,0.0,60,0.03871839787028813,0.538013756275177,0.746,1.0,63,0.984375,52,0.8253968253968254,0.8883861621066004,46.19412698412698,38.68601439735203,-0.4197193289715956,0.6618171363012191,3.142857142857143,2.045957243708651,-0.4063910512927622,0.6395801800933896,3.0305652380952406,1.7805208865116728,0.3405355369870406,0.8509750781631942,292.7156825396826,92.56916976807142,-0.3440551447428228,0.6145991094586525,0.984375,0.9989091157913208,0.005863779690116644,1.0837910175323486,0.053073905408382416
43,1.4637563052235776,0.96875,0.8482259247572191,0.6316265394529704,0.0,0.03125,0.0,62,0.033619368471262547,0.501456618309021,0.7590000000000001,1.0,64,1.0,54,0.84375,0.9033907064571765,53.1609375,46.67253437243465,-0.3005353123031869,0.7984457309305859,3.78125,2.712636805305863,-0.20682509271894492,0.8479887552882515,2.6887089062500014,1.596976264186594,0.17715008000286156,0.7632524906256096,297.226328125,98.33035097632228,-0.3141073903580158,0.6528496074256569,1.0,0.9967286586761475,0.007822149433195591,1.0446386337280273,0.06101381778717041
44,1.5180079175268066,0.953125,0.8974768607342829,0.6901372513120686,0.0,0.046875,0.0,61,0.030804112393514584,0.42627593874931335,0.772,1.0,64,1.0,54,0.84375,0.8918974301124234,37.4865625,22.737768636315078,-0.5686831206884692,0.3889841111622948,2.546875,1.1309521361998482,-0.5926991314997875,0.3535433466031449,2.8538392187500015,1.4080148895589513,0.2560718054660798,0.6729410420142884,266.829484375,72.71057892940863,-0.5159226723348398,0.48275097605608164,1.0,1.000128149986267,0.00047938639181666076,1.0648607015609741,0.06479274481534958
45,1.5339509671859877,0.9375,0.9019687220454216,0.6566329328541537,0.0,0.03125,0.0,60,0.03610461581466918,0.48071935772895813,0.7850000000000001,1.0,62,0.96875,49,0.7903225806451613,0.8893400100319665,31.392580645161285,25.78643666583104,-0.672935308014259,0.4411388956821868,2.306451612903226,1.3510892818976432,-0.6678571210867461,0.4223597188531458,3.02597677419355,1.7346259483492035,0.3383425447806757,0.8290402337668342,259.51130645161294,65.70930272593579,-0.5645106163105996,0.43626705348759137,0.96875,0.9997877478599548,0.011267605237662792,1.0837910175323486,0.06368496268987656
46,1.551295885721937,0.953125,0.9300944404523881,0.6681493237208382,0.0,0.046875,0.0,61,0.028693698727794214,0.485723614692688,0.798,1.0,64,1.0,52,0.8125,0.8864161519838699,35.35578125000001,23.473342913071598,-0.6051352485937892,0.4015678748030683,2.5,1.489546910976623,-0.6073525760104523,0.46564251746193636,3.0857184375000015,1.620335742776613,0.3668952379767706,0.7744168270114284,270.80887500000006,77.67560382017079,-0.48950210552581647,0.5157155136440053,1.0,0.9952189326286316,0.03664681687951088,1.0648608207702637,0.055658359080553055
47,1.5473413295511433,0.953125,0.8977746733876525,0.6499855971537997,0.0,0.046875,0.0,61,0.040001168913472426,0.45215532183647156,0.8109999999999999,1.0,64,1.0,52,0.8125,0.8937781532942515,37.43140625000001,28.412995753879265,-0.569626700739109,0.4860724935484224,2.8125,1.6092991486979666,-0.509662945939353,0.5030778832321264,3.4562465625000023,1.5457978083857098,0.5439839778630411,0.7387924628015308,300.1605937500001,90.43501048330907,-0.29462577412921603,0.6004296791921377,1.0,0.9997281432151794,0.0017754106083884835,1.0648607015609741,0.05622297525405884
48,1.5596287764280299,0.953125,0.8948863979245796,0.6381817655790436,0.0,0.03125,0.0,61,0.03337521377258,0.44845616817474365,0.8240000000000001,1.0,63,0.984375,49,0.7777777777777778,0.9019138962435457,30.73666666666667,22.346669792021604,-0.6841562910405425,0.38229342665593896,2.3492063492063493,1.210519108884928,-0.6544916990923797,0.3784165246110896,3.079948730158732,1.6420486173616617,0.36413768697419024,0.7847941920213718,260.91498412698405,80.96040617928027,-0.5551911090555217,0.5375244659087224,0.984375,0.9998580813407898,0.012980769388377666,1.0648608207702637,0.05523347109556198
49,1.5487034934758577,0.9375,0.9021814708908399,0.6574251134751293,0.0,0.046875,0.0,60,0.03980862744335459,0.4830563962459564,0.837,1.0,63,0.984375,52,0.8253968253968254,0.889152180680913,33.260000000000005,23.150019575568532,-0.6409886174868051,0.39603665302540497,2.3492063492063493,1.4382388939776882,-0.6544916990923797,0.4496032816209519,3.664358253968257,1.5659629958991779,0.6434480528174417,0.7484301324017275,287.0946190476191,77.58690654232365,-0.3813753521627269,0.5151266213798438,0.984375,0.9986732006072998,0.002263467526063323,1.0837910175323486,0.04648921266198158
50,1.6025384526697977,0.96875,0.891179698849878,0.6295070843547559,0.0,0.03125,0.0,62,0.04701917279531935,0.44732099771499634,0.8500000000000001,1.0,64,1.0,57,0.890625,0.900259325389402,47.6125,33.26888190374002,-0.39545465394122453,0.5691440819756233,3.21875,1.7362742978861376,-0.3826664268469238,0.5427711803598547,3.0078900000000015,1.7755409195791592,0.3296982237846837,0.8485949725537909,301.730296875,98.04387711005339,-0.2842039658192081,0.65094760718591,1.0,0.9991143345832825,0.0013094719033688307,1.0446386337280273,0.04479699581861496
51,1.564889243431146,0.9375,0.9249902119239172,0.6530850305154359,0.0,0.046875,0.0,60,0.03793723826069189,0.4240099787712097,0.863,1.0,63,0.984375,57,0.9047619047619048,0.8862878241157955,37.363015873015875,25.70069084581442,-0.5707966822983699,0.4396720076106908,2.8412698412698414,1.5035022522177293,-0.5006692974566168,0.47000505225668715,3.3925703174603203,1.6234284118767892,0.5135508063061812,0.7758949249934249,302.40082539682544,76.49491427177178,-0.27975209233462306,0.5078765025908515,0.984375,0.9995688199996948,0.0004422821803018451,1.0837911367416382,0.045540742576122284
52,1.598841230257955,0.9375,0.9108756000796954,0.666712307658656,0.0,0.0625,0.0,60,0.036566672984895826,0.4902345836162567,0.8760000000000001,1.0,64,1.0,55,0.859375,0.89640739221496,38.765468750000004,30.250061411595073,-0.5468043594576232,0.5174999112270451,2.765625,1.7830993689009595,-0.5243163904500179,0.5574090167294256,2.889144843750002,1.6009108129407477,0.2729456356028535,0.7651329532244856,278.080484375,88.06904217217743,-0.4412233464378459,0.5847211876860332,1.0,0.9979366660118103,0.0009319664677605033,1.0837911367416382,0.05198333412408829
53,1.515549287458347,0.90625,0.9064241801870281,0.6444371975458482,0.0,0.09375,0.0,58,0.03640427777624598,0.43467116355895996,0.889,1.0,64,1.0,50,0.78125,0.8991792417794253,37.1653125,29.943209579174102,-0.5741788730514037,0.5122504740812136,2.6875,1.5699820858850588,-0.5487387979677927,0.490787101402766,2.8251276562500016,1.6454962675177434,0.24234951536113608,0.7864419482388227,263.21204687500006,77.10159727176335,-0.5399401056940524,0.511904483315457,1.0,0.998065173625946,0.0028275211807340384,1.1180338859558105,0.05249110981822014
54,1.6333466087707302,0.953125,0.9120767136089137,0.640670600137007,0.0,0.046875,0.0,61,0.04681606031934241,0.5017717480659485,0.9020000000000001,1.0,64,1.0,53,0.828125,0.8997318681587417,40.929218750000004,30.90583077595793,-0.509788221946963,0.5287184202814801,2.703125,1.720098902498051,-0.5438543164642378,0.5377146415063637,2.6524468750000016,1.7845907668031316,0.15981914886294066,0.8529202205793127,279.03396875,84.08814252281076,-0.43489283003345397,0.5582906019362093,1.0,0.9984995126724243,0.010397830046713352,1.0648608207702637,0.0498628243803978
55,1.5801751362086922,0.921875,0.8914694048590579,0.6653718034244752,0.0,0.0625,0.0,59,0.04170649917504146,0.4595010578632355,0.915,0.984375,63,0.96875,48,0.7619047619047619,0.8901171718547459,40.74968253968254,33.15316542469206,-0.5128596197744635,0.5671644738412785,2.8095238095238093,1.7625481450782614,-0.5105933233686016,0.5509845640806328,3.0794347619047637,1.5437690679373604,0.3638920430289788,0.7378228546522047,285.11600000000004,90.51384240764966,-0.39451209636893936,0.600953071922331,0.984375,0.9974493384361267,0.004028648138046265,1.1014961004257202,0.05737756937742233
56,1.618308983966536,0.9375,0.9154321993390719,0.6751043220431626,0.0,0.046875,0.0,60,0.042503815574669396,0.4606471061706543,0.9280000000000002,1.0,63,0.984375,49,0.7777777777777778,0.8930938922089517,38.27095238095238,33.29647694382618,-0.5552642489633144,0.5696161613740942,2.888888888888889,1.8004506588506968,-0.4857832585886398,0.5628331482380535,2.8882211111111133,1.735183155587697,0.27250415049558246,0.8293065431805132,274.3294920634921,83.8307435470232,-0.4661274969235313,0.556581640068117,0.984375,0.9987349510192871,0.00048309177509509027,1.0837911367416382,0.05868516489863396
57,1.6115393004335634,0.921875,0.8850628945787075,0.6474521889844004,0.0,0.0625,0.0,59,0.049939727214634126,0.5196703672409058,0.9410000000000001,1.0,63,0.984375,51,0.8095238095238095,0.891948925147022,43.227936507936505,37.76976081801335,-0.4704631369667324,0.6461424194959342,2.8095238095238093,1.707659150194391,-0.5105933233686016,0.5338258901440576,2.9329928571428594,1.7616162044432158,0.29390218090763287,0.8419398495271665,278.227634920635,81.52462750766514,-0.4402463624751485,0.5412705287375426,0.984375,0.9993820190429688,0.0008884940179996192,1.1014961004257202,0.06372138857841492
58,1.7250959511844672,0.96875,0.912303269390137,0.6525944991630082,0.0,0.03125,0.0,62,0.035712350414318576,0.4540713429450989,0.954,1.0,64,1.0,49,0.765625,0.8889883133728178,38.6621875,30.159326577194058,-0.5485712331501815,0.5159476740891156,2.796875,1.5429242477759562,-0.5145474274429079,0.4823286367774798,3.2736142187500024,1.409300491261984,0.4566974011229796,0.6735554773843044,287.56278125000006,92.19009103587088,-0.3782670594840043,0.6120822731101263,1.0,0.9973656535148621,0.004878048785030842,1.0446386337280273,0.06670822203159332
59,1.707559781499973,0.9375,0.9076742842793465,0.6994419450195833,0.0,0.0625,0.0,60,0.03706263537067785,0.5193526148796082,0.9670000000000001,1.0,64,1.0,49,0.765625,0.8716850548878817,32.01703125,24.1320589206355,-0.6622525815175173,0.41283679326243683,2.25,1.159202311936963,-0.6855042800673319,0.3623745440981922,3.127272031250002,1.7799130935448624,0.38675519747359316,0.8506845920075097,266.00603125000004,77.83845311765278,-0.5213898657705583,0.5167967271134483,1.0,0.9986739754676819,0.01627572998404503,1.0837910175323486,0.07730201631784439
60,1.7021325296520133,0.9375,0.927619406580925,0.6693130464139997,0.0,0.0625,0.0,60,0.019432545685274104,0.37543725967407227,0.98,1.0,64,1.0,50,0.78125,0.8733611434535997,32.84109375,23.350865958058407,-0.6481550144153205,0.39947261249981925,2.125,1.1524430571616109,-0.7245801320957717,0.3602615549827987,2.732604375000001,1.498153866996474,0.19812930593248457,0.7160217067520809,245.06993749999998,83.24258094191397,-0.6603919180362472,0.5526766227257047,1.0,0.9981668591499329,0.0010193679481744766,1.0837911367416382,0.07664847373962402
61,1.736915920573916,0.953125,0.9160041525715688,0.6902756415964905,0.0,0.03125,0.0,61,0.028178999797270277,0.38614222407341003,0.9930000000000001,1.0,63,0.984375,47,0.746031746031746,0.8772494690345725,27.350000000000005,20.473823240793063,-0.7420933535644488,0.3502538909070579,1.9365079365079365,1.1391031820958193,-0.7835040359481807,0.3560914191096088,2.840461746031747,1.3329141466244399,0.24967822930627104,0.6370476913252001,231.2005873015873,53.66171029926627,-0.752475387101287,0.3562788717300641,0.984375,1.0003018379211426,0.006539509631693363,1.0648607015609741,0.07816857099533081
62,1.7782025990267107,0.984375,0.9364175399144491,0.6893598957610196,0.0,0.015625,0.0,63,0.043737208341383976,0.4275531768798828,1.006,1.0,64,1.0,54,0.84375,0.8873806690272935,30.15484375,17.19965651838972,-0.6941097686096642,0.2942414099691909,2.390625,1.1126711595862455,-0.6415439465353372,0.3478285887064368,3.192549843750002,1.3468572657701305,0.417953815819116,0.6437116102911208,265.413265625,60.28020576214322,-0.5253254441726926,0.4002213790209022,1.0,1.001012921333313,0.01627218909561634,1.0230478048324585,0.06231497600674629
63,1.7122719985468091,0.921875,0.9148516988350173,0.7120531128586687,0.0,0.046875,0.0,59,0.0430089837222265,0.45951423048973083,1.0190000000000001,0.984375,62,0.953125,43,0.6935483870967742,0.8858618249824239,33.29032258064516,27.40138747180173,-0.6404698769600164,0.46876650566798117,2.306451612903226,1.4095150124207028,-0.6678571210867461,0.4406240004577264,2.6559035483870983,1.33577171280234,0.161471217607572,0.638413425150631,250.58319354838707,59.51838837049106,-0.6237874819583841,0.3951634067861655,0.96875,0.9972226619720459,0.03457172214984894,1.1014959812164307,0.057148806750774384
64,1.796622253471746,0.984375,0.9083388826203724,0.6823464338722883,0.0,0.015625,0.0,63,0.03550608907088531,0.5130855441093445,1.032,1.0,64,1.0,54,0.84375,0.8838280470235719,42.800000000000004,29.205987827841057,-0.47778401813304516,0.4996385264332905,2.734375,1.325733140332171,-0.5340853534571278,0.4144332161665493,2.6925918750000015,1.7643745097890542,0.1790058906594893,0.8432581430249032,282.16204687500004,73.80558601391351,-0.41412442479919603,0.4900211112498375,1.0,0.9987362623214722,0.0,1.0230478048324585,0.06145576015114784
65,1.8258255954745395,0.984375,0.919793123763705,0.6822176928530737,0.0,0.015625,0.0,63,0.036706592857803824,0.386058509349823,1.0450000000000002,1.0,64,1.0,53,0.828125,0.8809264910758416,36.16921875,21.55827808701679,-0.5912194476203276,0.3688060941245827,2.640625,1.24206465587545,-0.5633922424784576,0.3882778776219522,2.975684375000002,1.5865828811354656,0.3143059953310416,0.7582851184249713,278.0341406250001,72.86155614585691,-0.44153103881048256,0.48375336662531915,1.0,0.9985812306404114,0.0009460737928748131,1.0230478048324585,0.05665760859847069
66,1.6945341275522712,0.96875,0.868097244251159,0.6062633407933062,0.0,0.03125,0.0,62,0.04528522176182094,0.49482831358909607,1.058,1.0,64,1.0,47,0.734375,0.8986374379108999,44.953125,32.20547114209595,-0.44094964675112025,0.5509518883380345,2.96875,1.8954612730150937,-0.4608181309038033,0.5925341138398067,2.8679510937500012,1.8355696457776733,0.26281637893451093,0.8772848634479647,289.377,91.25988987809765,-0.36622182637986395,0.6059063421320565,1.0,0.9985684752464294,0.0021729683503508568,1.0446383953094482,0.05925074592232704
67,1.7512955058703732,0.953125,0.8964422584557142,0.6701050385319042,0.0,0.046875,0.0,61,0.038195350476666945,0.5024370551109314,1.0710000000000002,1.0,64,1.0,49,0.765625,0.8825508646303779,34.111250000000005,22.860539589268228,-0.6264259429375506,0.3910844030060053,2.359375,1.2792476731950697,-0.651312909542447,0.3999015422839712,2.761931562500002,1.5678222251643958,0.21214582540393767,0.7493187250496868,260.79903125000004,72.76522733914723,-0.5559609607795037,0.4831138059706507,1.0,0.9995563626289368,0.0014684287598356605,1.0648607015609741,0.05880909785628319
68,1.7575454507456982,0.96875,0.8651571744872678,0.6603884617182076,0.0,0.03125,0.0,62,0.02949402335901086,0.4115840792655945,1.084,1.0,64,1.0,46,0.71875,0.8946548086582602,38.290156249999995,24.390414772776744,-0.5549357206872181,0.4172565902581822,2.46875,1.237042213305593,-0.6171215390175623,0.3867078278405036,2.5926943750000015,1.8120520405562277,0.13126127642058727,0.8660449526481879,258.21104687499997,78.04172737937817,-0.5731434946204476,0.5181463360658166,1.0,0.9987678527832031,0.0,1.0446385145187378,0.05974854901432991
69,1.775121339343715,0.953125,0.9092164743142049,0.6633911820548056,0.0,0.046875,0.0,61,0.04527706903727573,0.43773484230041504,1.097,1.0,64,1.0,54,0.84375,0.8929448895175962,36.544687499999995,26.104690908002414,-0.5847961533945828,0.4465833984165907,2.71875,1.2433416415048602,-0.5389698349606828,0.38867707203393037,2.959132968750002,1.4739813470375493,0.30639548198969063,0.7044687886047697,275.50428125,75.87021056536884,-0.4583276604375996,0.5037288760906602,1.0,0.9988410472869873,0.0076045626774430275,1.0648607015609741,0.05113796889781952
70,1.748241727595653,0.921875,0.9146285920830096,0.6809534705134879,0.0,0.0625,0.0,59,0.04788894733841079,0.4182409942150116,1.1099999999999999,1.0,63,0.984375,50,0.7936507936507936,0.9020474392347467,33.30047619047619,21.379929649948217,-0.6402961750916236,0.3657550160095779,2.3333333333333335,1.2084359562332876,-0.659453712048372,0.37776531689294435,2.9856928571428587,1.5955037888733772,0.3190894095208625,0.7625487416248253,267.086507936508,81.5430089358581,-0.5142162029735127,0.5413925694712585,0.984375,0.9986296892166138,0.0013882461935281754,1.1014961004257202,0.05000311881303787
71,1.8002213875837594,0.953125,0.8956366112974824,0.6744266733912808,0.0,0.046875,0.0,61,0.03900154277704557,0.4534568190574646,1.123,1.0,64,1.0,53,0.828125,0.899687179745243,38.1165625,22.69641086843014,-0.5579054584669945,0.3882765872694408,2.59375,1.2589523174052304,-0.5780456869891225,0.3935570757263048,2.9305853125000016,1.3060550134840343,0.2927515285866421,0.6242107439483392,287.85678125000004,70.4040553283041,-0.37631509060890744,0.4674371587804604,1.0,0.9984946250915527,0.0,1.0648608207702637,0.05339638888835907
72,1.8380887060155313,0.953125,0.9084570759632549,0.6669741562504521,0.0,0.046875,0.0,61,0.042465511100929054,0.522098183631897,1.136,1.0,64,1.0,52,0.8125,0.892565426050413,45.80859375000001,30.914272940827207,-0.4263148003566325,0.5288628437757326,3.0,1.845602882529175,-0.45104916789669336,0.5769480411277753,3.0102945312500022,1.778741759962407,0.3308474358966652,0.8501247694890343,289.99142187500007,93.84217742834993,-0.36214246455612636,0.6230510527600935,1.0,0.9994537830352783,0.0,1.0648607015609741,0.051022760570049286
73,1.880468012333391,0.984375,0.9085697692538065,0.6572400274159376,0.0,0.015625,0.0,63,0.03757787614244669,0.4793272018432617,1.149,1.0,64,1.0,50,0.78125,0.8926637909036939,38.41421875,25.50700313178027,-0.5528133338311042,0.43635851434353257,2.859375,1.4986158978787727,-0.49500950142868805,0.4684775445838264,3.297222500000002,1.7591646138597308,0.467980649263571,0.8407681460643149,298.64218750000003,90.79141629183539,-0.3047070045365386,0.6027959820667879,1.0,0.9983634948730469,0.0,1.0230478048324585,0.05954940989613533
74,1.8889131177468688,0.96875,0.9109223061992276,0.6780663344376215,0.0,0.03125,0.0,62,0.04818610930229198,0.4896796941757202,1.162,1.0,64,1.0,56,0.875,0.8910644096592326,43.8084375,24.63396139090491,-0.4605322740910319,0.4214230397587661,2.921875,1.4285557337307495,-0.4754715754144682,0.44657625972513554,3.051490781250002,1.7048785818289471,0.35053660794140457,0.8148228956038885,295.40909375000007,75.97590756835334,-0.32617264525174444,0.5044306354784723,1.0,0.9981535077095032,0.0013221683911979198,1.0446385145187378,0.05717099830508232
75,1.838767898082314,0.96875,0.8936521449396687,0.6460181532135489,0.0,0.03125,0.0,62,0.034685234729972245,0.4585520625114441,1.175,1.0,64,1.0,52,0.8125,0.8743852152416409,37.28687500000001,28.56677658766167,-0.5720992546961686,0.4887032838383328,2.453125,1.4569841228973637,-0.6220060205211173,0.4554631679529877,3.0454729687500017,1.942843921472368,0.3476604785450278,0.9285551045531059,276.223875,86.55475342963918,-0.45355002573448966,0.5746672948515283,1.0,0.9990441799163818,0.0018248175038024783,1.0446386337280273,0.059136997908353806
76,1.8569247803181672,0.9375,0.9253072937329611,0.7109828528639673,0.0,0.03125,0.0,60,0.030245278022596116,0.4576740562915802,1.1880000000000002,1.0,62,0.96875,50,0.8064516129032258,0.8772447938706471,39.83596774193549,22.41738527958051,-0.5284909046266552,0.383503184812664,2.7419354838709675,1.3552226798451614,-0.5317218946650851,0.42365184722572086,2.8932356451612917,1.5139475274812282,0.2749007769758608,0.7235700660930531,274.2833064516129,77.67255201175635,-0.4664341393618497,0.5156952516200674,0.96875,0.998504638671875,0.0018648018594831228,1.0837910175323486,0.05461350828409195
77,1.883200993157588,0.984375,0.8888982903389704,0.6834601138668379,0.0,0.0,0.0,63,0.034413598218980754,0.4442542493343353,1.201,1.0,63,0.984375,53,0.8412698412698413,0.887363095263497,42.48206349206349,22.423761855273092,-0.48322308526068797,0.3836122714459089,2.7936507936507935,1.261879804085828,-0.5155553363245939,0.3944722280170748,2.5470703174603186,1.6763666292188693,0.10945589563282351,0.8011960062566473,263.64609523809526,69.89721756723746,-0.537058306731302,0.4640720855344539,0.984375,0.9997233152389526,0.004657662007957697,1.0230478048324585,0.05880584567785263
78,1.8886648593328363,0.984375,0.8940073171305278,0.6853506656633864,0.0,0.015625,0.0,63,0.044820896293408144,0.5093427896499634,1.214,1.0,64,1.0,61,0.953125,0.8890888558724047,37.256718750000005,20.625359546463635,-0.57261514973802,0.3528462831559588,2.6875,1.197327753791751,-0.5487387979677927,0.37429281709368484,2.8895915625000015,1.6626480501045056,0.2731591385873328,0.7946394030611604,267.68375000000003,79.36947803252998,-0.5102509039298556,0.5269617372523541,1.0,0.9972065091133118,0.004714757204055786,1.0230478048324585,0.05389191210269928
79,1.857736934455209,0.96875,0.8975896292155788,0.6552502953758935,0.0,0.03125,0.0,62,0.04881758379819444,0.4753270149230957,1.227,1.0,64,1.0,58,0.90625,0.8982203384029459,43.005,28.37772872341971,-0.47427700106097803,0.4854691663391406,2.796875,1.6025340041244054,-0.5145474274429079,0.5009630529256666,2.9436753125000017,1.8267249101756284,0.29900771117767017,0.8730576456560809,287.137015625,91.23351390636498,-0.38109386645028426,0.6057312228263674,1.0,0.9969273805618286,0.0,1.0446386337280273,0.058397077023983
80,1.8947749583914597,0.953125,0.9100064449622983,0.7218831621998575,0.0,0.046875,0.0,61,0.04149419915260757,0.4547223746776581,1.24,0.984375,64,0.984375,55,0.859375,0.8822258340735006,38.90625,24.172111286821846,-0.544395958251882,0.4135219851258134,2.5625,1.3448396744593758,-0.5878146499962325,0.42040604896919725,3.0647046875000017,1.3540051305374663,0.3568520097932553,0.6471278323782429,275.31914062500005,71.76560579715995,-0.45955687383051097,0.47647696877052953,1.0,0.9989751577377319,0.006928406655788422,1.0648607015609741,0.060724228620529175
81,1.8683101719156652,0.921875,0.9307030580811582,0.7020687967340371,0.0,0.078125,0.0,59,0.031521661585026964,0.40019023418426514,1.2530000000000001,1.0,64,1.0,48,0.75,0.8867803683456188,35.6928125,26.76476645405007,-0.5993695200690569,0.4578755750450941,2.265625,1.3374671432880136,-0.6806197985637769,0.4181013454721796,3.0657042187500014,1.5338536698468075,0.3573297217875591,0.7330839286845019,258.90049999999997,72.45703214405765,-0.5685659740733783,0.4810675902282381,1.0,0.9995235800743103,0.0009881423320621252,1.1014962196350098,0.06080871820449829
82,1.8351521146711138,0.9375,0.8972970351576806,0.6828772204058626,0.0,0.03125,0.0,60,0.029497692025276856,0.3442619740962982,1.266,1.0,62,0.96875,48,0.7741935483870968,0.8760141379933901,37.67048387096774,20.894048267190236,-0.5655367041621185,0.3574428486713738,2.4193548387096775,1.2384744400291914,-0.6325628031255748,0.3871555516766837,3.0705829032258087,1.5385042463803231,0.35966142086201786,0.7353066067553364,267.6337741935484,73.78068726112012,-0.5105827107961871,0.48985579971758775,0.96875,0.9971123337745667,0.003386550582945347,1.0837910175323486,0.06900738179683685
83,1.8501653981598412,0.953125,0.8853969622830875,0.6380421259382123,0.0,0.046875,0.0,61,0.0368352103434909,0.4646315574645996,1.279,1.0,64,1.0,53,0.828125,0.8878236725475871,50.54765625,30.480994885245067,-0.3452417608781286,0.5214505826153489,3.078125,1.6611807500615339,-0.4266267603789185,0.5192964254551764,2.4854731250000013,1.718766976678773,0.08001637820528772,0.8214606598572731,273.815078125,88.13129611006967,-0.4695428710624859,0.5851345133633048,1.0,0.9995580315589905,0.000916170421987772,1.0648608207702637,0.057664673775434494
84,1.9174557961983045,0.953125,0.9277183931381976,0.6907008739868853,0.0,0.03125,0.0,61,0.020038589537784837,0.4180290102958679,1.292,1.0,63,0.984375,49,0.7777777777777778,0.8870015213951212,43.87015873015873,32.518180091800055,-0.45947638429651655,0.5563015255341345,2.761904761904762,1.455305408565345,-0.5254793622365787,0.4549383904102998,2.7404819047619062,1.4750936062618099,0.20189426120801832,0.7050003773592027,273.1172380952381,72.40328777212507,-0.47417607520497557,0.4807107625369999,0.984375,0.9994529485702515,0.0,1.0648608207702637,0.062181297689676285
85,1.7716626445429755,0.890625,0.9062371253967285,0.6671206234130022,0.0,0.109375,0.0,57,0.04345792294017945,0.47146618366241455,1.305,1.0,64,1.0,55,0.859375,0.8939098602537615,43.95328125,29.6993651581292,-0.4580543740713624,0.5080789299469073,2.828125,1.7726629641234681,-0.504778464435798,0.5541465254590724,2.7971714062500017,1.8608239319988316,0.22898821631144714,0.889354796664592,272.8134375000001,103.84769840836559,-0.47619311366123607,0.6894812076312514,1.0,0.9987393021583557,0.0004438526520971209,1.1334558725357056,0.0598781444132328
86,1.9200321782152712,0.96875,0.8876603913884009,0.6802193540078387,0.0,0.015625,0.0,62,0.03116778272642643,0.38978779315948486,1.318,1.0,63,0.984375,54,0.8571428571428571,0.8852775817363832,45.168888888888894,33.49648558258732,-0.4372584875224912,0.573037789231149,2.6825396825396823,1.5515010327983998,-0.5502894270165404,0.4850097982368138,2.631261269841271,1.7789368694719458,0.14969378490767363,0.8502180193528174,272.3836825396825,75.20199048738208,-0.4790464072206184,0.4992923291724798,0.984375,0.9981234073638916,0.0022946305107325315,1.0446386337280273,0.05887892097234726
87,1.9984195060440166,0.984375,0.930045571592119,0.683452142432867,0.0,0.015625,0.0,63,0.030034914227376627,0.3713401257991791,1.331,1.0,64,1.0,54,0.84375,0.8839871294785763,31.6103125,25.17096646987048,-0.6692104820042483,0.4306098006354443,2.359375,1.177486564413794,-0.651312909542447,0.3680903260520744,3.2761540625000016,1.5018060863722558,0.457911283953589,0.7177672339696042,283.86846875000003,69.60827175567232,-0.40279489286795583,0.46215367318491374,1.0,0.9996628761291504,0.0013882461935281754,1.0230478048324585,0.05421848222613335
88,1.9924489229099756,0.984375,0.9147161576482985,0.6839662373549081,0.0,0.015625,0.0,63,0.042729219676228204,0.40721118450164795,1.344,1.0,64,1.0,55,0.859375,0.8940843870674497,44.276250000000005,31.822527128003205,-0.45252921836407367,0.5444007117767214,2.828125,1.3642155197676795,-0.504778464435798,0.42646307028274294,3.0662596875000014,1.639147431603136,0.35759520031495484,0.7834076108268854,296.94860937500005,73.87438078433752,-0.3159512623173042,0.49047786380302494,1.0,0.9996404647827148,0.0,1.0230478048324585,0.05956659093499184
89,1.9852727241464787,0.96875,0.9324931194705348,0.6582966969755998,0.0,0.03125,0.0,62,0.0403512985626862,0.429879367351532,1.357,1.0,64,1.0,52,0.8125,0.8899563112870182,37.044531250000006,25.847120241533165,-0.5762451262501139,0.4421770339064865,2.703125,1.3425685212960268,-0.5438543164642378,0.41969607100963763,3.3069059375000016,1.4434422030229948,0.47260871290824685,0.6898730314520763,294.72698437500003,77.1670936394872,-0.33070140807287346,0.5123393366189566,1.0,0.9987996220588684,0.0,1.0446385145187378,0.05294327065348625
90,1.9711608099720264,0.96875,0.9050718204629037,0.6744129490043361,0.0,0.03125,0.0,62,0.03356328415493551,0.40382838249206543,1.37,1.0,64,1.0,49,0.765625,0.8908849715429558,33.545,25.114247388185852,-0.6361130083866143,0.42963948459749324,2.53125,1.2986621721987592,-0.5975836130033424,0.40597064700616686,3.2220559375000017,1.5955409420463023,0.43205584103286626,0.7625664984646767,283.63559375000006,79.20875692586785,-0.40434103147948025,0.5258946535864505,1.0,0.9997270703315735,0.0026978417299687862,1.0446383953094482,0.0544511117041111
91,2.015010609570938,0.984375,0.9214668198237344,0.6430826824867277,0.0,0.015625,0.0,63,0.03646351100785444,0.36523082852363586,1.383,1.0,64,1.0,46,0.71875,0.8910556373043302,35.07984375000001,24.774984579472214,-0.6098558218782941,0.4238355799044387,2.6875,1.4986973510352248,-0.5487387979677927,0.4685030073957366,3.186922968750002,1.5528868271612326,0.4152645295382229,0.7421805602691317,287.5505781250001,92.71418080143624,-0.3783480803009393,0.6155618884507401,1.0,0.9979279637336731,0.0017873101169243455,1.0230478048324585,0.06156868115067482
92,1.9506415846990233,0.9375,0.9084458728631337,0.6852490570217804,0.0,0.0625,0.0,60,0.0361539883294771,0.39616626501083374,1.3960000000000001,1.0,64,1.0,50,0.78125,0.8984513353340877,35.66234375,21.965191194122028,-0.5998907611735181,0.375767319556124,2.546875,1.2615675702771532,-0.5926991314997875,0.3943746216002264,2.8904850000000017,1.4530128652486631,0.2735861445562918,0.6944471957302151,257.547734375,82.11609647117807,-0.577547458411137,0.5451974981503422,1.0,1.0000500679016113,0.026496564969420433,1.0837911367416382,0.055158648639917374
93,2.040661180131554,0.953125,0.9467963136610438,0.6774742115802979,0.0,0.046875,0.0,61,0.0309020098251747,0.4169587790966034,1.409,1.0,64,1.0,51,0.796875,0.8886683032997416,34.20281250000001,21.24394777553936,-0.624859546592862,0.3634287196435118,2.4375,1.1301963325015703,-0.6268905020246722,0.3533070772153332,3.0193325000000018,1.5938596667288516,0.3351670067715317,0.7617629564194697,269.67771875,81.4161854636543,-0.4970122476784407,0.5405505440618247,1.0,0.9971187710762024,0.009025271050632,1.0648607015609741,0.0589589960873127
94,1.9958379174735312,0.96875,0.8630643986886547,0.685026536016554,0.0,0.03125,0.0,62,0.03743815566578975,0.44442594051361084,1.422,1.0,64,1.0,51,0.796875,0.8803383944369706,39.73859375000001,24.85813975511766,-0.5301567204905239,0.42525814878550855,2.640625,1.407204537149806,-0.5633922424784576,0.439901730139319,2.357433593750001,1.3511475440116265,0.018821673364214586,0.6457620888277986,241.53403125000003,58.76992130332511,-0.6838680368976785,0.39019407202717554,1.0,0.9976921081542969,0.0005382131203077734,1.0446386337280273,0.060804225504398346
95,2.0847337216397595,0.96875,0.9368778717133307,0.7108184289060419,0.0,0.03125,0.0,62,0.029223736748966757,0.35446637868881226,1.4349999999999998,1.0,64,1.0,51,0.796875,0.8943262618733931,33.0559375,24.76770873528865,-0.6444795963710429,0.42371110912509496,2.453125,1.4569841228973637,-0.6220060205211173,0.4554631679529877,2.8940781250000014,1.3515948051397888,0.2753034284426467,0.645975851034342,258.537015625,74.42950546878492,-0.5709792740277458,0.49416353082968945,1.0,0.9996626973152161,0.015432098880410194,1.0446383953094482,0.06745216995477676
96,2.0460501845843044,0.96875,0.9183868054420717,0.6604446435677371,0.0,0.03125,0.0,62,0.045633487992450615,0.42986252903938293,1.448,1.0,64,1.0,55,0.859375,0.8978262985908481,40.052343750000006,33.902357022695874,-0.5247892736302259,0.5799811944483451,2.8125,1.7309228030157786,-0.509662945939353,0.5410982665863738,2.9192120312500016,1.3417342309351228,0.2873158277341504,0.6412631273768346,277.20015625,86.29139682751894,-0.44706815289999724,0.5729187782175488,1.0,0.9990279078483582,0.010723860934376717,1.0446385145187378,0.06793750822544098
97,2.0044276240077825,0.9375,0.915873584151268,0.6791895119862359,0.0,0.046875,0.0,60,0.03744711950560609,0.385841965675354,1.4609999999999999,1.0,63,0.984375,55,0.873015873015873,0.8886883589600016,36.461746031746024,24.90382220550566,-0.5862150662977486,0.42603965675333577,2.365079365079365,1.3008127776855798,-0.6495296861363873,0.4066429409403633,3.021101269841271,1.494821017235783,0.3360123656018208,0.7144288177794799,268.4290952380953,85.1303523786782,-0.5053022960864418,0.5652101978544832,0.984375,0.9990793466567993,0.0,1.083790898323059,0.06670057028532028
98,2.1242779285413924,0.984375,0.9232108801130264,0.692299876841131,0.0,0.015625,0.0,63,0.04187134560824701,0.36969906091690063,1.474,0.984375,64,0.984375,55,0.859375,0.8872119847191534,33.00640625,27.08279027855994,-0.6453269472947054,0.46331613593231463,2.5,1.346291201783626,-0.6073525760104523,0.4208598063046983,3.130157656250002,1.6199881780488243,0.38813434162097543,0.7742507133063676,280.78928125000004,78.31034768440347,-0.42323869613526083,0.5199298002652329,1.0,0.9999025464057922,0.0013574660988524556,1.0230478048324585,0.06012774258852005
99,2.0796404644398763,0.96875,0.9066329882029565,0.6832709822360675,0.0,0.03125,0.0,62,0.04793241038378143,0.4400881230831146,1.4869999999999999,1.0,64,1.0,57,0.890625,0.8834737173696824,37.597187500000004,23.431983915469978,-0.5667906145245792,0.4008603298729588,2.484375,1.1590970017108146,-0.6122370575140074,0.36234162340367976,3.0557154687500017,1.661070744298812,0.35255573829969583,0.7938855517913127,270.70853125,68.96843904392269,-0.4901683227938797,0.4579055999243553,1.0,1.0014712810516357,0.0009487665956839919,1.0446385145187378,0.061354272067546844
100,2.0346938487298285,0.9375,0.9304800500472387,0.6852190420796317,0.0,0.0625,0.0,60,0.029750756163416978,0.37602463364601135,1.5,1.0,64,1.0,51,0.796875,0.8884390783849554,36.208749999999995,24.061553909972233,-0.5905431707001806,0.4116306358182302,2.484375,1.274659114969567,-0.6122370575140074,0.39846712770602216,3.1115687500000018,1.6670876658323392,0.3792500336249858,0.7967612553627134,273.74207812500003,79.19888257030227,-0.47002754360630233,0.5258290942846626,1.0,0.9991233944892883,0.0022573363967239857,1.0837910175323486,0.06935743242502213
101,2.139039710032243,0.984375,0.9308276630583263,0.7201875362337807,0.0,0.015625,0.0,63,0.019850715997288854,0.3158113360404968,1.5,1.0,64,1.0,58,0.90625,0.8871906497586994,33.91546875,19.075182742382143,-0.629775251162627,0.3263267879528548,2.4375,1.0288798520721456,-0.6268905020246722,0.3216348548369131,3.153561718750002,1.6562865423313649,0.39931998626359066,0.7915990093115033,282.96746875,62.55851882586839,-0.4087769471416375,0.41534789666756333,1.0,0.9993484616279602,0.0009186954703181982,1.0230478048324585,0.05963590368628502
102,2.0461143403382454,0.921875,0.9437231418945021,0.7225129207774494,0.0,0.0625,0.0,59,0.030388184890410702,0.4801253378391266,1.5,1.0,63,0.984375,54,0.8571428571428571,0.8865799151057305,29.301111111111112,25.04993743369629,-0.7087149146563192,0.42853930845945054,2.0476190476190474,1.3265131692556305,-0.7487699452562344,0.41467705852487735,3.1559506349206368,1.4879520479226003,0.4004617353665816,0.7111458898776127,261.5712063492063,63.83242510908253,-0.5508342200999952,0.423805806241116,0.984375,0.998023271560669,0.0004670714552048594,1.1014961004257202,0.057994864881038666
103,1.9708140579320665,0.921875,0.9138361932867665,0.6756797542890278,0.0,0.0625,0.0,59,0.022570115499470772,0.3924424350261688,1.5,1.0,63,0.984375,47,0.746031746031746,0.8884680734493575,34.98158730158731,24.35144219883113,-0.6115367342784114,0.4165898708329643,2.5555555555555554,1.2055134949871444,-0.5899855306644792,0.3768517355872392,2.9521849206349224,1.4912248844861435,0.3030747594794396,0.7127100963812124,271.69311111111114,80.17032283853719,-0.4836313525764096,0.5322788261472831,0.984375,0.9976320862770081,0.006216696463525295,1.1014959812164307,0.0643702819943428
104,2.0740572516690907,0.9375,0.9438090056180954,0.7064100137388503,0.0,0.0625,0.0,60,0.03300320571718985,0.39888378977775574,1.5,1.0,64,1.0,54,0.84375,0.8926723919115425,31.991875,23.605330758842907,-0.662682939557611,0.4038258437222164,2.359375,1.3505460411903771,-0.651312909542447,0.4221898981052022,3.0058018750000017,1.4628122955606315,0.3287002336186876,0.6991306965185825,266.20453125000006,73.16517004502744,-0.5200719548123719,0.48576916554105964,1.0,0.9987956285476685,0.009134615771472454,1.0837910175323486,0.06154808774590492
105,1.9668723174324232,0.90625,0.9209683886889753,0.6902982965162281,0.0,0.078125,0.0,58,0.03450604948123609,0.3569832146167755,1.5,1.0,63,0.984375,52,0.8253968253968254,0.8833881294873128,30.1347619047619,24.848622257942463,-0.6944533167759501,0.42509532915098774,2.126984126984127,1.3391784201583778,-0.7239598804762726,0.41863630228630794,3.2476833333333355,1.6350255902108837,0.4443040967751037,0.7814376343287045,267.18114285714285,72.56171638010788,-0.5135878886212115,0.481762625501991,0.984375,0.9975147247314453,0.0019221528200432658,1.118033766746521,0.06262964010238647
106,2.1152322628960047,0.96875,0.9218561380140243,0.7179017879358061,0.0,0.03125,0.0,62,0.026455788488249428,0.3615976870059967,1.5,1.0,64,1.0,51,0.796875,0.8778151117596682,37.33656250000001,24.00691627028748,-0.5712492307412012,0.4106959278418795,2.484375,1.2373382154346482,-0.6122370575140074,0.38680036012366414,3.217636562500002,1.5166817257752823,0.4299436625043541,0.7248768379622418,281.92620312500003,67.42266207528534,-0.4156902739807817,0.4476426457385667,1.0,0.9980691075325012,0.000933706818614155,1.0446386337280273,0.06539887189865112
107,1.9460345966957595,0.90625,0.9018106881914467,0.683507261692641,0.0,0.09375,0.0,58,0.04256315133757102,0.4799748659133911,1.5,1.0,64,1.0,48,0.75,0.8937782814640933,35.58984375,24.129947905312314,-0.6011310476990053,0.4128006792781548,2.515625,1.1590970017108146,-0.6024680945068974,0.36234162340367976,2.8632918750000016,1.5898384348553674,0.2605895704370671,0.7598410648349487,262.40448437500004,79.21363312212117,-0.5453017957100236,0.525927028359632,1.0,0.9996495246887207,0.001997004495933652,1.118033766746521,0.061595793813467026
108,2.0927194829263556,0.96875,0.9152945227199986,0.7109523650854713,0.0,0.03125,0.0,62,0.03469565896492004,0.30739977955818176,1.5,1.0,64,1.0,51,0.796875,0.8921427229749036,38.3590625,23.376406890732667,-0.5537569138817443,0.3999095514604297,2.75,1.2374368670764582,-0.5292008719535729,0.38683119929932597,2.826572500000001,1.3617641774149547,0.24304005824238145,0.6508361604147527,272.99746875,67.15753075744021,-0.47497126579713733,0.44588234614588934,1.0,0.9992265105247498,0.0009578543831594288,1.0446386337280273,0.05518065765500069
109,2.100145454033222,0.96875,0.9208667893563548,0.6843509276845312,0.0,0.03125,0.0,62,0.025760865270548924,0.3544667065143585,1.5,1.0,64,1.0,49,0.765625,0.8781351220628862,37.24609375,19.010414877211673,-0.5727969158667553,0.32521877815346856,2.53125,1.045358042729858,-0.5975836130033424,0.3267860495556107,2.829600468750001,1.2209862958273614,0.24448723359608107,0.5835533390251336,262.224125,58.35074221692154,-0.5464992647111528,0.3874109953953682,1.0,0.9996120929718018,0.0024764735717326403,1.0446385145187378,0.0578133687376976
110,2.066559808070073,0.953125,0.9228736533493292,0.6636404468499705,0.0,0.046875,0.0,61,0.03545444679275788,0.44637203216552734,1.5,1.0,64,1.0,47,0.734375,0.8922494401039344,38.91546875,26.050553312842965,-0.5442382494048912,0.44565724490212805,2.703125,1.4106701366283332,-0.5438543164642378,0.4409851001586211,2.7734496875000016,1.7180456785709035,0.21765075230281347,0.8211159255054478,267.119015625,79.66320840350573,-0.5140003730546768,0.5289119159660117,1.0,0.9975477457046509,0.002364066196605563,1.0648608207702637,0.06414859741926193
111,2.116480320222102,0.984375,0.9125014127246918,0.6687717976168005,0.0,0.015625,0.0,63,0.04358872088708417,0.42193105816841125,1.5,1.0,64,1.0,54,0.84375,0.8869155252984833,38.1653125,22.252398815124263,-0.5570714726998566,0.38068069531262466,2.796875,1.2891335207708317,-0.5145474274429079,0.40299192562034064,3.006784843750002,1.612226643824072,0.32917002979754756,0.7705411964769892,284.350078125,70.62958942595007,-0.39959731970484424,0.4689345585725625,1.0,0.9983896017074585,0.0022512380965054035,1.0230478048324585,0.06268493831157684
112,2.1149340220398516,0.984375,0.9323003377233233,0.6728533497942221,0.0,0.015625,0.0,63,0.027807748755933857,0.3086376190185547,1.5,1.0,64,1.0,58,0.90625,0.9018637979456167,33.894062500000004,22.426297601724052,-0.6301414564514023,0.3836556514756355,2.46875,1.2243461265099833,-0.6171215390175623,0.3827389445687799,3.266068593750002,1.6234395545827889,0.453091075090632,0.7759002504940584,272.718875,74.60475289557216,-0.4768209471876016,0.4953270598178851,1.0,0.9997709393501282,0.0013736264081671834,1.0230478048324585,0.06437195837497711
113,2.093176170993465,0.984375,0.9138118161095513,0.6421568354518287,0.0,0.015625,0.0,63,0.046394171380612415,0.390672892332077,1.5,1.0,64,1.0,53,0.828125,0.8921755482143776,42.6446875,28.15839189792883,-0.4804410112501449,0.4817168834536307,3.03125,1.4680849558182931,-0.4412802048895834,0.45893336398987306,3.170570625000002,1.597776988541303,0.40744915533721016,0.7636351856422744,299.04990625000005,66.28789033915787,-0.30200001708826146,0.44010849910842864,1.0,0.9972432255744934,0.002116850111633539,1.0230478048324585,0.06303869932889938
114,2.109250744440666,0.96875,0.9430696060580592,0.6845806404449071,0.0,0.03125,0.0,62,0.03169290709366352,0.35185912251472473,1.5,1.0,64,1.0,53,0.828125,0.894228959894166,36.114218750000006,24.596834069949907,-0.5921603546396627,0.4207878878152085,2.734375,1.265432084062594,-0.5340853534571278,0.3955826949509605,2.8354275000000015,1.461643509310454,0.24727218175984186,0.698572091461975,276.06696875,68.80007221175556,-0.45459178123213667,0.4567877536114679,1.0,0.999594509601593,0.0027829313185065985,1.0446385145187378,0.08093205094337463
115,2.1094782532879086,0.96875,0.9264533707211094,0.6876243697521722,0.0,0.03125,0.0,62,0.03696700386889174,0.36752113699913025,1.5,1.0,64,1.0,47,0.734375,0.8891151265448319,32.132656250000004,23.541534056998835,-0.6602745383518697,0.40273444800266156,2.5,1.2624381172952597,-0.6073525760104523,0.3946467605319331,3.2107260937500017,1.36530215049364,0.4266409005265394,0.6525270852109634,271.10485937500005,66.95722933379454,-0.4875369616907314,0.4445524749057738,1.0,0.9994831681251526,0.0032362460624426603,1.0446385145187378,0.07831493765115738
116,2.140815036211835,0.984375,0.9218430046051268,0.6821211147094801,0.0,0.015625,0.0,63,0.03879664046163755,0.38995569944381714,1.5,1.0,64,1.0,55,0.859375,0.8890258543420991,34.21984375000001,22.971274826684873,-0.6245681861806247,0.39297879504551547,2.671875,1.5617967167256435,-0.5536232794713477,0.4882282992101942,3.246739843750002,1.622868755033519,0.4438531691123026,0.7756274448253717,286.31659375000004,77.57352542844414,-0.38654093435657216,0.5150377794825414,1.0,0.9994279742240906,0.00046168052358552814,1.023047924041748,0.07023318856954575
117,2.0794955749315247,0.953125,0.9375037932005085,0.6876695994109844,0.0,0.046875,0.0,61,0.031556448750577476,0.3078322410583496,1.5,1.0,64,1.0,54,0.84375,0.889960216444998,30.915468750000002,22.07467998987241,-0.6810974522172686,0.37764038821903456,2.328125,1.4148176505737409,-0.661081872549557,0.4422816412883542,3.0756045312500015,1.3603625978368907,0.362061437808051,0.6501662950399457,263.05084375,62.138036091335316,-0.5410103896483669,0.41255616465965783,1.0,0.9991135597229004,0.006057546474039555,1.0648607015609741,0.08005262911319733
118,2.120627335254894,0.984375,0.9255809074356443,0.6714734159389601,0.0,0.015625,0.0,63,0.028424648318496885,0.29321733117103577,1.5,1.0,64,1.0,56,0.875,0.8870614421917997,32.58656250000001,23.551877460907313,-0.6525093824110502,0.40291139675432164,2.328125,1.1865744748539806,-0.661081872549557,0.370931268800942,2.9350778125000017,1.459623312790699,0.29489865618711525,0.6976065667639346,263.638125,66.71826168544958,-0.5371112239309246,0.44296588506997625,1.0,1.0001012086868286,0.0014251781394705176,1.0230478048324585,0.07290884852409363
119,2.106961202524303,0.96875,0.9258967743765923,0.7020608834299318,0.0,0.03125,0.0,62,0.03267351399388657,0.3129253089427948,1.5,1.0,64,1.0,53,0.828125,0.8863022269416133,32.434062499999996,20.066412213474877,-0.6551182609646613,0.34328414735509055,2.453125,1.1029744939820685,-0.6220060205211173,0.34479734494389214,3.077517343750002,1.3645843274868121,0.36297563981434616,0.6521840117351225,279.305546875,61.277256409120156,-0.4330897278322389,0.4068411471494542,1.0,0.9989115595817566,0.0017969452310353518,1.0446386337280273,0.06749710440635681
120,2.093533946301469,0.96875,0.9202163075247118,0.6749773435796859,0.0,0.015625,0.0,62,0.039849942516628684,0.38644081354141235,1.5,1.0,63,0.984375,54,0.8571428571428571,0.8821257311171818,37.140158730158745,27.35135773258934,-0.5746091886624287,0.4679106268897913,2.619047619047619,1.290115922299435,-0.5701374788405097,0.40329903103445436,2.743269206349208,1.6453993496319417,0.20322641305419273,0.7863956276895553,267.2464285714285,66.32709111589092,-0.513154433919599,0.44036876678211073,0.984375,0.999765932559967,0.001439539366401732,1.0446386337280273,0.06798011064529419
121,2.1259250591396084,0.96875,0.9251741132428569,0.746956941652906,0.0,0.015625,0.0,62,0.026756504567389882,0.32737115025520325,1.5,1.0,63,0.984375,57,0.9047619047619048,0.8830909725386987,35.06619047619048,22.899264314000327,-0.6100893938994632,0.39174688237550076,2.5714285714285716,1.1644780248226176,-0.5850235177084867,0.3640237679067072,3.018988412698415,1.1620109860697059,0.3350025550537332,0.5553669137992869,280.65990476190484,68.51279484901112,-0.424097671910537,0.45488041867746415,0.984375,0.9994636178016663,0.001361161470413208,1.0446385145187378,0.07163486629724503
122,2.18848004899166,1.0,0.9242257671430707,0.7270169897926586,0.0,0.0,0.0,64,0.037130447346176675,0.35391297936439514,1.5,1.0,64,1.0,58,0.90625,0.8748145151633846,35.788281250000004,23.215189771104573,-0.5977362979417451,0.39715154565142863,2.734375,1.5536467936358638,-0.5340853534571278,0.4856805777005991,3.0281831250000013,1.2359376753525488,0.3393970393188744,0.5906991419508274,282.473546875,60.64209481378474,-0.4120562673005816,0.4026240870652648,1.0,0.9999641180038452,0.0018264839891344309,0.9999998807907104,0.06534583866596222
123,2.14188709923583,0.984375,0.9461383478982108,0.6781210421881301,0.0,0.015625,0.0,63,0.047337345248801094,0.317454993724823,1.5,1.0,64,1.0,61,0.953125,0.8899921034553024,35.550625,27.90195388963603,-0.6018019785565426,0.47732989578041235,2.6875,1.529654781315052,-0.5487387979677927,0.4781805111140987,3.2234014062500016,1.3307630046364243,0.432698889021447,0.6360195830703298,287.893140625,83.34260104023699,-0.3760736879955812,0.5533406911570335,1.0,0.9997815489768982,0.009051724337041378,1.0230478048324585,0.06493868678808212
124,2.104914015539604,0.96875,0.9270338512236073,0.6823157110379938,0.0,0.03125,0.0,62,0.035390738317470416,0.3782188594341278,1.5,1.0,64,1.0,56,0.875,0.8833355441778706,34.065937500000004,22.900991089275895,-0.6272011220159801,0.39177642301145704,2.328125,1.3235214332888607,-0.661081872549557,0.41374182146931215,2.7586882812500013,1.427358470912655,0.21059574444946394,0.6821860364308795,256.0939375,66.94331854820237,-0.5871997245700258,0.4444601163326307,1.0,0.999427318572998,0.00047483379603363574,1.0446385145187378,0.07283607125282288
125,2.057333053731436,0.9375,0.953867283463478,0.7218358699719454,0.0,0.046875,0.0,60,0.01918114023043303,0.2501176595687866,1.5,1.0,63,0.984375,55,0.873015873015873,0.8883084550465368,28.594444444444445,21.963028731041724,-0.7208041442380791,0.37573032543446383,2.2063492063492065,1.071399176551505,-0.6991498156963107,0.33492668549055044,3.173487301587304,1.3943712340911862,0.4088431401568541,0.6664202475287715,269.0482380952381,76.25153590994648,-0.5011915900103144,0.506260628484882,0.984375,0.9989117980003357,0.0075365048833191395,1.0837910175323486,0.06994491070508957
126,2.097154540216134,0.953125,0.9447622123311777,0.6841022599686133,0.0,0.046875,0.0,61,0.04109700103995134,0.40625667572021484,1.5,1.0,64,1.0,53,0.828125,0.8870041128067274,31.92484375,24.13264924020125,-0.6638296699874257,0.41284689209558345,2.328125,1.3235214332888607,-0.661081872549557,0.41374182146931215,3.0536406250000017,1.498694689647541,0.3515640957215558,0.7162801853811442,259.68956249999997,77.85707327369879,-0.5633271120308402,0.5169203528449151,1.0,0.998772382736206,0.02044609747827053,1.0648607015609741,0.06345254182815552
127,2.099071412141138,0.96875,0.9142543971538544,0.678644400856996,0.0,0.015625,0.0,62,0.04304287064887627,0.5242132544517517,1.5,1.0,63,0.984375,48,0.7619047619047619,0.8853873133636875,40.74619047619047,33.02871643429475,-0.5129193599026753,0.5650354751392058,2.857142857142857,1.798210246523734,-0.49570728450062446,0.5621327800734848,2.910505396825399,1.5532025673650207,0.28315461347031196,0.7423314638876365,276.82755555555553,79.03358926266087,-0.4495419792890964,0.5247316541765747,0.984375,0.9982894659042358,0.00044802867341786623,1.0446385145187378,0.06651749461889267
128,2.0798372498870297,0.984375,0.9106121943110511,0.65066610618596,0.0,0.015625,0.0,63,0.03075182524727572,0.33528608083724976,1.5,1.0,64,1.0,47,0.734375,0.883319153597389,40.882343750000004,30.890340710233936,-0.5105901313384418,0.5284534255256679,2.640625,1.4182646471568696,-0.5633922424784576,0.44335919591575323,3.0871139062500017,1.323277575896562,0.3675621827666923,0.632442026999382,295.52209375000007,78.91332218123073,-0.325422398711316,0.5239331589396686,1.0,0.9978499412536621,0.009043927304446697,1.0230478048324585,0.0649508610367775
129,2.1188607150740344,0.984375,0.9248420596122742,0.6922711942484207,0.0,0.0,0.0,63,0.03878589841530056,0.3092404007911682,1.5,1.0,63,0.984375,51,0.8095238095238095,0.883600999665352,42.30492063492064,28.82780639970891,-0.4862535390372476,0.49316882533671397,3.015873015873016,1.722789022376525,-0.446087154940701,0.5385555913168437,3.114941269841272,1.2036272853304888,0.38086188235828233,0.5752568425187923,295.2212857142858,75.02830268161112,-0.32741956851775594,0.49813915505394646,0.984375,0.9985806345939636,0.0,1.0230478048324585,0.07603595405817032
130,2.1089620897643266,0.96875,0.9148682966347663,0.7127242200826589,0.0,0.03125,0.0,62,0.03792718505178869,0.3941086530685425,1.5,1.0,64,1.0,54,0.84375,0.8756837295300985,31.479843749999997,24.69704957658072,-0.6714424631438641,0.4225023146085749,2.421875,1.2966867333226635,-0.6317749835282273,0.40535311134845853,3.2587134375000018,1.6216610922573538,0.4495757809358924,0.775050259276397,277.00378125000003,69.71960751724298,-0.4483719552396134,0.46289287026406734,1.0,0.9987663626670837,0.0038517091888934374,1.0446386337280273,0.06633156538009644
131,2.060325061304648,0.953125,0.924917716960438,0.667385624831625,0.0,0.03125,0.0,61,0.048521781475703026,0.3776327073574066,1.5,1.0,63,0.984375,46,0.7301587301587301,0.8891056692230921,40.992063492063494,33.08825831921565,-0.5087131117844932,0.5660540820022334,2.8095238095238093,1.7715309750226926,-0.5105933233686016,0.5537926579502747,3.1049863492063503,1.3778336952994543,0.3761040671427542,0.6585163619453273,284.10904761904766,85.4381895319055,-0.40119760557412254,0.5672540364316878,0.984375,0.9989787936210632,0.008407079614698887,1.0648607015609741,0.07884965091943741
132,2.1763860964176875,0.984375,0.9365277801241193,0.7052189795924155,0.0,0.015625,0.0,63,0.04849828823329688,0.3752099275588989,1.5,1.0,64,1.0,54,0.84375,0.8776410914942026,30.065000000000005,19.680435478540613,-0.6956467616099984,0.33668108882418707,2.375,1.2054563451241194,-0.6464284280388921,0.3768338701505111,3.4521628125000023,1.356166951462455,0.5420322066135292,0.6481610444818208,279.03240625,72.36017791871933,-0.4349032040176965,0.4804245411354421,1.0,0.9990434050559998,0.00044984256965108216,1.0230478048324585,0.06487059593200684
133,2.069033836775219,0.953125,0.9250652369905691,0.6661440371330926,0.0,0.03125,0.0,61,0.04954821595697748,0.41399797797203064,1.5,1.0,63,0.984375,53,0.8412698412698413,0.8913291172543564,35.83428571428571,31.35171657862299,-0.596949281153251,0.5363463672187422,2.5238095238095237,1.8418171053155918,-0.5999095565764638,0.5757645813660904,3.398963174603177,1.4984595385598631,0.5166061830490436,0.7161677982045979,292.92411111111113,93.30751413014062,-0.34267131452476335,0.6195012360364157,0.984375,0.9958745241165161,0.017914561554789543,1.0648607015609741,0.06423022598028183
134,2.0990665092230762,0.96875,0.8985061655121465,0.6737665972670046,0.0,0.03125,0.0,62,0.0544300660164882,0.4818355441093445,1.5,1.0,64,1.0,49,0.765625,0.8907487813083484,31.235781250000002,23.566524311820963,-0.6756177380421636,0.4031619662967909,2.078125,1.2538028092068545,-0.7392335766064365,0.39194730436327296,3.239230312500002,1.402437111046528,0.4402640935834231,0.6702752207135984,256.549984375,66.71748025477758,-0.5841718697891234,0.44296069687831036,1.0,1.00022554397583,0.010484273545444012,1.0446385145187378,0.07099243998527527
135,2.040940128630151,0.9375,0.9253442406654357,0.663807207920765,0.0,0.046875,0.0,60,0.050666146628297506,0.3746287524700165,1.5,1.0,63,0.984375,50,0.7936507936507936,0.8919702075508742,29.478095238095236,27.21981408664587,-0.7056871763401328,0.4656602570749342,2.142857142857143,1.5312319229346216,-0.7189978675202803,0.4786735363345323,2.9887725396825413,1.5473272475188276,0.3205613007577346,0.7395234368640707,249.21553968253966,76.40699539461397,-0.6328678145367521,0.507292778401241,0.984375,0.997244119644165,0.004069176036864519,1.0837911367416382,0.07336189597845078
136,2.0219487536825156,0.921875,0.9208177333160982,0.6899449587853748,0.0,0.078125,0.0,59,0.04245331132865225,0.33331164717674255,1.5,1.0,64,1.0,42,0.65625,0.88443949954215,36.45453125,22.82527231010122,-0.5863384924575268,0.3904810715419855,2.3125,1.2103072956898178,-0.665966354053112,0.37835031036253114,2.7403981250000014,1.5356385412456242,0.20185421984148585,0.7339369830292307,253.62043749999998,72.23229639241092,-0.60362215658551,0.4795754909345784,1.0,0.9994445443153381,0.0030596633441746235,1.1014959812164307,0.06100981682538986
137,2.055051512323651,0.953125,0.9353725538879144,0.6425825671989674,0.0,0.046875,0.0,61,0.027190333906973604,0.3373551368713379,1.5,1.0,64,1.0,48,0.75,0.8956700899885064,36.17234375,27.264962620446337,-0.591165986994229,0.46643263111794414,2.484375,1.4141272429930059,-0.6122370575140074,0.44206581517264126,3.0586762500000013,1.5912435915616256,0.3539708023265935,0.7605126398481924,268.08034375,75.24513123103442,-0.5076177792493864,0.4995787556651938,1.0,0.9990021586418152,0.009794776327908039,1.0648608207702637,0.061751559376716614
138,2.126297884118333,0.984375,0.9148599495963444,0.6550070748482232,0.0,0.015625,0.0,63,0.06404347037756672,0.4374019205570221,1.5,1.0,64,1.0,54,0.84375,0.8907883013796923,40.24734375,29.280689788781206,-0.5214533305616743,0.5009164827861393,2.71875,1.5254994059323654,-0.5389698349606828,0.4768815124454869,3.0717985937500014,1.36850847888754,0.36024244316098897,0.6540595050642128,281.34482812500005,80.92080488615763,-0.4195502260377867,0.5372615390665829,1.0,0.9996337294578552,0.003644646843895316,1.0230478048324585,0.0596696175634861
139,2.0496396723915127,0.9375,0.9274973730246227,0.6772182681278828,0.0,0.046875,0.0,60,0.051274042712654705,0.43671223521232605,1.5,1.0,63,0.984375,48,0.7619047619047619,0.8834008532335513,35.23460317460317,21.81083528784812,-0.6072082904434328,0.3731266912708704,2.4761904761904763,1.1933299129658732,-0.6147955954444408,0.37304306480132277,3.1855239682539707,1.5572715834285615,0.4145958967996353,0.7442761932580977,274.9488095238096,77.42622822410598,-0.4620156315958313,0.5140598218013955,0.984375,1.000357747077942,0.0009099181042984128,1.0837910175323486,0.06071341782808304
140,2.096030519670527,0.96875,0.9352576194270965,0.6781590994470212,0.0,0.03125,0.0,62,0.04894122027583023,0.35978755354881287,1.5,1.0,64,1.0,52,0.8125,0.8947771589593739,37.9934375,23.157585367619696,-0.5600118071352788,0.3961660840590008,2.765625,1.2959333931089978,-0.5243163904500179,0.40511761206272834,2.9906609375000017,1.4625142959661543,0.32146383410766055,0.6989882717764052,277.801046875,74.40335994606315,-0.44307862977980156,0.49398994155562126,1.0,0.9981880187988281,0.0017857142956927419,1.0446386337280273,0.05868343636393547
141,2.075095479251365,0.96875,0.9381228637310767,0.6319317009573079,0.0,0.03125,0.0,62,0.025713023087477957,0.31452322006225586,1.5,1.0,64,1.0,54,0.84375,0.8980791796714677,39.259375000000006,26.44819889159515,-0.5383549075027418,0.4524599270158644,2.578125,1.3555982016714982,-0.5829301684926775,0.423769237908276,3.2906753125000017,1.7329741979451567,0.4648515124829982,0.8282508027414316,288.16020312500007,77.43821177804033,-0.3743005666088271,0.5141393848091944,1.0,0.9996037483215332,0.0008764241938479245,1.0446383953094482,0.05449989438056946
142,2.0075203106950696,0.953125,0.9227344584269602,0.628460556872248,0.0,0.046875,0.0,61,0.053362212424855504,0.4269810914993286,1.5,1.0,64,1.0,53,0.828125,0.904787203007763,36.91875,29.498739194455414,-0.578396916450582,0.5046467412654249,2.546875,1.749372097175155,-0.5926991314997875,0.5468656416951815,2.8942192187500013,1.7413983452559991,0.2753708622289303,0.8322770062364926,263.59378125000006,75.28825538606374,-0.5374056376037306,0.4998650720202349,1.0,0.998755931854248,0.00046061721513979137,1.0648608207702637,0.05695314705371857
143,2.112337100070835,0.984375,0.9329578701465849,0.6377453630693553,0.0,0.015625,0.0,63,0.023935711650726492,0.30464988946914673,1.5,1.0,64,1.0,49,0.765625,0.8818312581808252,36.709218750000005,30.708370006435516,-0.5819814514304921,0.5253403798435355,2.609375,1.9414651965397165,-0.5731612054855676,0.6069152539068133,3.464335000000002,1.6881235105565455,0.5478497335449446,0.8068150434109295,292.089484375,93.32750046559708,-0.34821269347446654,0.6196339323110357,1.0,0.9960216283798218,0.0021691974252462387,1.0230478048324585,0.05257245898246765
144,2.157575226370907,0.984375,0.9337659653217073,0.684487372065726,0.0,0.015625,0.0,63,0.033478716788602564,0.3214990198612213,1.5,1.0,64,1.0,50,0.78125,0.8866389657638776,38.20515625,31.06421630028007,-0.5563898497170995,0.5314279848559487,2.765625,1.50771129841724,-0.5243163904500179,0.4713208287884707,2.8043101562500015,1.5538629661211416,0.23240008212288335,0.7426470922452514,262.874015625,73.41033267584261,-0.5421844134451074,0.4873968860331961,1.0,0.9993552565574646,0.0004670714552048594,1.0230478048324585,0.0616937018930912
145,1.9980428556452952,0.9375,0.9125616242488225,0.6839250952299545,0.0,0.0625,0.0,60,0.028880413545994875,0.2712964117527008,1.5,1.0,64,1.0,50,0.78125,0.894939087330159,32.834374999999994,24.58632622230037,-0.6482699547614326,0.42060812585863483,2.375,1.3635890143294642,-0.6464284280388921,0.42626722041235326,3.055170000000002,1.483892417099368,0.3522950391325685,0.7092056460516153,261.46332812500003,71.10524593649343,-0.5515504613787413,0.4720926085855485,1.0,1.0001606941223145,0.0032956686336547136,1.083790898323059,0.06027321517467499
146,2.037741886952904,0.96875,0.9184207954714375,0.6664959444961372,0.0,0.03125,0.0,62,0.02390097087815425,0.3021903336048126,1.5,1.0,64,1.0,53,0.828125,0.9018522379973418,34.185156250000006,23.368644523176474,-0.6251615991303191,0.3997767575309701,2.46875,1.5906833240780516,-0.6171215390175623,0.49725844956624493,3.100310625000002,1.2852361356902429,0.3738693700930823,0.614260652212796,274.333828125,76.03678232616988,-0.4660987082939261,0.5048348042966253,1.0,1.0004535913467407,0.002763703465461731,1.0446385145187378,0.06348448246717453
147,1.9803930642965093,0.921875,0.9282080076508603,0.6621201667076917,0.0,0.078125,0.0,59,0.030942445911470266,0.3605867028236389,1.5,1.0,64,1.0,50,0.78125,0.8939543921680498,34.625,22.915283859795412,-0.6176370160069433,0.39202093515886727,2.46875,1.3459284667098768,-0.6171215390175623,0.42074641284815956,2.8472890625000016,1.5129527296138503,0.25294124981292754,0.723094616352833,250.55771875,74.80233761334537,-0.6239566180588975,0.4966388938970964,1.0,0.9998287558555603,0.015323776751756668,1.1014958620071411,0.06961771845817566
148,2.1095962590336086,0.96875,0.9369028152958039,0.7008874419996759,0.0,0.03125,0.0,62,0.03003829255297985,0.3257497251033783,1.5,1.0,64,1.0,58,0.90625,0.892803449158612,28.523281250000004,16.99848376093875,-0.7220215614957353,0.29079986706765243,2.078125,1.0047494634857985,-0.7392335766064365,0.31409153088660235,3.348593281250002,1.362711813549613,0.49253259634865604,0.6512890698638191,262.5623125,60.77527825339303,-0.5442539195616737,0.40350833852374696,1.0,0.9990742802619934,0.002877697814255953,1.0446385145187378,0.0792962908744812
149,2.092781015624425,0.96875,0.9228001342665765,0.6738674190017543,0.0,0.03125,0.0,62,0.03542192646401529,0.3210270404815674,1.5,1.0,64,1.0,51,0.796875,0.8756109254179149,31.359375000000004,21.62873514527318,-0.6735033702799645,0.37001143122776703,2.21875,1.2179484543690673,-0.6952732430744418,0.38073898864954064,3.536675156250002,1.7672998493243464,0.582423700402355,0.84465626817949,271.89284375,83.83903591597021,-0.482305257697321,0.5566366960071829,1.0,0.9992658495903015,0.00047281323350034654,1.0446383953094482,0.08380143344402313
150,2.04235673222857,0.9375,0.9328697800636292,0.6912779841975178,0.0,0.0625,0.0,60,0.03416760208289657,0.40099969506263733,1.5,1.0,64,1.0,56,0.875,0.8883824750943238,31.36703125,21.273866720674537,-0.6733723917460231,0.3639405550160352,2.234375,1.1557220078267092,-0.6903887615708868,0.36128657731078223,2.9126932812500015,1.5450613532499045,0.28420028225934024,0.7384404843599953,250.89525,74.91547669811797,-0.6217156299828002,0.497390063869998,1.0,0.998643159866333,0.0035897435154765844,1.0837911367416382,0.07825841754674911
151,2.08445558819648,0.96875,0.9169221592526282,0.6778855954503668,0.0,0.03125,0.0,62,0.04383090426743771,0.32806500792503357,1.5,1.0,64,1.0,56,0.875,0.8911181360787774,27.4103125,25.484615823126386,-0.7410615634807463,0.4359755256915969,2.09375,1.3313380252587996,-0.7343490951028816,0.4161853413987843,3.1254529687500017,1.4181444396438443,0.38588580196981204,0.677782318935301,252.43651562499997,65.76109828314921,-0.6114826281860083,0.436610942315989,1.0,0.9995436668395996,0.0015748031437397003,1.0446386337280273,0.0814812108874321
152,2.1504368506505607,0.984375,0.925819804744115,0.6925530194358637,0.0,0.015625,0.0,63,0.03708774867697954,0.3317132294178009,1.5,1.0,64,1.0,54,0.84375,0.8796257236666852,33.73859375000001,23.816126027546147,-0.6328011225998068,0.40743200277613467,2.53125,1.2986621721987592,-0.5975836130033424,0.40597064700616686,3.112648906250002,1.3994007945212195,0.37976627921145184,0.668824055657335,272.176578125,64.82773880634664,-0.4804214458986983,0.4304140421527393,1.0,0.9993836283683777,0.02178121916949749,1.0230478048324585,0.05929267778992653
153,2.0513051284971278,0.9375,0.9403153171141942,0.6827448132928123,0.0,0.0625,0.0,60,0.036553380744923716,0.3812273144721985,1.5,1.0,64,1.0,51,0.796875,0.8947068106886821,31.258125,22.437178888718943,-0.6752354945655588,0.3838418020085972,2.421875,1.434014115821389,-0.6317749835282273,0.4482825871722437,2.9396131250000015,1.6050442367734339,0.29706624542373644,0.7671084653882283,260.635359375,84.04712030952626,-0.5570476356289216,0.5580182411079136,1.0,0.9977859854698181,0.005270723719149828,1.0837911367416382,0.0637986809015274
154,2.0356305174343183,0.9375,0.932244348526001,0.7050069268805277,0.0,0.0625,0.0,60,0.027361953976829664,0.3411334156990051,1.5,1.0,64,1.0,57,0.890625,0.8928021325091232,30.61734375,19.526502362349383,-0.6861975959470735,0.3340476933781425,2.171875,1.1117931392012634,-0.7099266875851067,0.3475541135493047,2.968145156250001,1.481026946359765,0.3107027310763657,0.7078361343513705,252.270625,70.29050493476612,-0.6125840340930502,0.4666832579847422,1.0,0.9989758133888245,0.00047438329784199595,1.0837910175323486,0.06164395064115524
155,2.107953290476236,0.984375,0.9290792137857468,0.6573509825197127,0.0,0.015625,0.0,63,0.03068108961096904,0.3500220775604248,1.5,1.0,64,1.0,53,0.828125,0.8907216685605517,34.201875,22.236575716808897,-0.6248755847806917,0.3804100032349418,2.625,1.340475661845451,-0.5682767239820126,0.4190418288799815,3.079518750000002,1.300138428368424,0.3639321839655168,0.6213829947658627,281.477625,66.1669570649458,-0.4186685411170043,0.4393055807845323,1.0,0.9990428686141968,0.0,1.023047685623169,0.06271763890981674
156,2.090246588575824,0.96875,0.9318534539591882,0.6826396190311225,0.0,0.03125,0.0,62,0.024129224349344773,0.2642887830734253,1.5,1.0,64,1.0,53,0.828125,0.8942640835403594,29.845468750000002,19.638985138755856,-0.699402370593424,0.3359719812667816,2.40625,1.19528696868158,-0.6366594650317822,0.37365485375778973,3.363350312500002,1.5207725372065946,0.499585513231888,0.7268319841241787,277.03876562500005,74.8564124189902,-0.4481396817324203,0.4969979154533741,1.0,0.9992045760154724,0.0013927576364949346,1.0446386337280273,0.05746188387274742
157,2.0588518402370974,0.96875,0.924604449541338,0.6495784006947286,0.0,0.03125,0.0,62,0.024334518786115526,0.3264775574207306,1.5,1.0,64,1.0,51,0.796875,0.8836739681027643,36.646093750000006,26.031507688831834,-0.5830613560776835,0.44533142378722457,2.6875,1.5599979967935855,-0.5487387979677927,0.48766600709894864,3.258094531250002,1.5509708366545487,0.44927998334179564,0.741264839378949,289.56103125000004,88.49993234742632,-0.36499997851576443,0.5875820183345737,1.0,0.9975936412811279,0.00830219965428114,1.0446383953094482,0.06938190758228302
158,2.1112529592282305,0.96875,0.924296808819617,0.679811805720605,0.0,0.015625,0.0,62,0.05092101845021177,0.4664130210876465,1.5,1.0,63,0.984375,52,0.8253968253968254,0.8884830002130168,33.24238095238095,25.9753867450186,-0.6412900335882373,0.44437134033330494,2.5238095238095237,1.2830660557435694,-0.5999095565764638,0.40109519469559635,2.7801353968253983,1.4190308544581443,0.22084609365424362,0.6782059685097588,268.9742857142857,60.6989061961617,-0.5016825857445266,0.40300127771203714,0.984375,0.9985301494598389,0.013482101261615753,1.0446383953094482,0.06708536297082901
159,2.031696814450677,0.953125,0.8997656253517651,0.6564135400748868,0.0,0.03125,0.0,61,0.06897124722941214,0.4630729854106903,1.5,1.0,63,0.984375,53,0.8412698412698413,0.8930368305360202,41.37746031746032,28.44213775192046,-0.5021199739982144,0.48657103737595714,2.9047619047619047,1.529750324210382,-0.4808212456326475,0.478210378474421,2.7198469841269852,1.7534882850791895,0.1920320892260902,0.8380552240400388,276.03601587301586,79.61291585779726,-0.45479728821331955,0.5285780061569222,0.984375,0.998282253742218,0.0004547521530184895,1.0648608207702637,0.06571970134973526
160,2.0863361849560738,0.96875,0.9154948611413279,0.6891868724183525,0.0,0.03125,0.0,62,0.06494663209606424,0.40280282497406006,1.5,1.0,64,1.0,55,0.859375,0.8931110481281372,36.85421875,24.85527803635776,-0.5795008783795178,0.42520919221698944,2.8125,1.6571341979453564,-0.509662945939353,0.5180314456814394,2.8740975000000013,1.3890436023945139,0.2657539679168361,0.6638739804033222,275.34542187500006,74.70089494753496,-0.45938238341554954,0.4959653805424407,1.0,0.998964786529541,0.00641613220795989,1.0446385145187378,0.06982670724391937
161,2.005866450443852,0.9375,0.9115109821160634,0.6611811020312052,0.0,0.03125,0.0,60,0.042501315117131615,0.35590434074401855,1.5,1.0,62,0.96875,53,0.8548387096774194,0.885691028657019,42.26032258064516,28.671402520221903,-0.4870164958066383,0.49049316155379463,2.8225806451612905,1.591552230233389,-0.5065116675499626,0.4975300755530655,2.8353954838709696,1.6581095229922764,0.24725688009833832,0.7924702774455427,283.6850161290323,86.8585588048814,-0.4040128990114387,0.5766843650439092,0.96875,0.9984297752380371,0.0004478280316106975,1.0837910175323486,0.06135468930006027
162,2.06824661304019,0.953125,0.9270983113617194,0.6649045395968416,0.0,0.03125,0.0,61,0.044524327901444914,0.3232201933860779,1.5,1.0,63,0.984375,49,0.7777777777777778,0.8905616723702572,40.86317460317461,33.08798682998978,-0.5109180656075814,0.5660494375273554,2.9523809523809526,1.5058465048420853,-0.4659352067646704,0.47073788160602004,3.163629841269844,1.9263122427322052,0.4041319047382257,0.9206540196994255,291.9676349206349,86.18301562710029,-0.3490216946389842,0.5721991975037295,0.984375,0.9983286261558533,0.0026041667442768812,1.0648608207702637,0.060420673340559006
163,2.135453398138238,0.984375,0.9278277083048745,0.6790160747286478,0.0,0.015625,0.0,63,0.05515673846313965,0.3904818296432495,1.5,1.0,64,1.0,49,0.765625,0.8916712984490718,39.0740625,24.882382366768937,-0.5415251226303881,0.42567287684859406,2.828125,1.2190504437368455,-0.504778464435798,0.38108347803731835,2.683693906250001,1.3795808262981306,0.17475323082837665,0.6593513787931626,273.230375,62.9202302995875,-0.47342491970592804,0.4177494257099619,1.0,0.9990676641464233,0.00601017102599144,1.023047924041748,0.06526466459035873
164,2.169331091394374,1.0,0.9267908837646246,0.6591862004556996,0.0,0.0,0.0,64,0.05540050054881738,0.3369065523147583,1.5,1.0,64,1.0,49,0.765625,0.8904154001424156,39.2625,30.45823872534326,-0.5383014468766433,0.521061283877445,2.6875,1.4776988021921111,-0.5487387979677927,0.46193871789649277,2.6922612500000014,1.5177775518258818,0.17884787306062302,0.7254005727109474,271.18928125,76.36623968037779,-0.4869764553221012,0.5070221869533791,1.0,0.9994966387748718,0.0004512635350693017,1.0,0.06382553279399872
165,2.050223808257864,0.9375,0.9357069482405981,0.6730542601374122,0.0,0.0625,0.0,60,0.05426738485174967,0.32886552810668945,1.5,1.0,64,1.0,49,0.765625,0.8905501681231868,34.047343749999996,24.11815966770342,-0.6275192127412669,0.4125990131779403,2.671875,1.4258187066997683,-0.5536232794713477,0.44572064641905185,2.8308975000000016,1.5909474757956752,0.24510713155836314,0.7603711154555364,261.44475,74.09774062724523,-0.5516738080513867,0.4919608279571147,1.0,0.9995844960212708,0.011257953941822052,1.0837910175323486,0.06281640380620956
166,1.9275722154679622,0.90625,0.9152655956046335,0.6104054156464909,0.0,0.09375,0.0,58,0.042534325175477394,0.2935815751552582,1.5,1.0,64,1.0,51,0.796875,0.9049532756421359,39.1934375,31.140913964728043,-0.539482926713422,0.5327400825076887,2.765625,1.6746472343078707,-0.5243163904500179,0.5235061402212018,2.331749375000001,1.6325234785360634,0.0065462599029535795,0.7802417850161897,250.34934375,82.40733051381468,-0.6253400925974972,0.5471311028666529,1.0,0.9981909394264221,0.009295498952269554,1.1180338859558105,0.07410439848899841
167,2.0997432246672267,0.984375,0.9175478929565066,0.6525793729144257,0.0,0.015625,0.0,63,0.03630180058806464,0.29440316557884216,1.5,1.0,64,1.0,52,0.8125,0.8956699164755282,38.686406250000005,32.5471279631162,-0.5481569132979174,0.5567967483580649,2.75,1.571225636247067,-0.5292008719535729,0.4911758437222519,2.959548281250002,1.7858448732738839,0.30659397479582784,0.8535196032431489,287.784171875,73.95486455381818,-0.37679716965666343,0.4910122237111091,1.0,0.9992039203643799,0.0018859028350561857,1.0230478048324585,0.06704346090555191
168,2.0001709535709473,0.921875,0.9099238171415814,0.6829881865987053,0.0,0.078125,0.0,59,0.05499626913742028,0.3771025538444519,1.5,1.0,64,1.0,46,0.71875,0.889966132537066,42.7596875,28.64619166272096,-0.47847366020971704,0.4900618693213202,2.84375,1.325456878778031,-0.499893982932243,0.41434685492166357,2.7104065625000016,1.6712279508541956,0.187520171622217,0.7987400467359473,275.15590625000004,79.83715923927572,-0.4606406439643406,0.5300668364327468,1.0,0.9969213604927063,0.004629629664123058,1.1014959812164307,0.06729743629693985
169,2.1598769273510277,0.984375,0.922649896334088,0.7107622867253804,0.0,0.015625,0.0,63,0.06391580785728129,0.36603832244873047,1.5,1.0,64,1.0,51,0.796875,0.8857207052721946,36.113125,23.416846625012838,-0.5921790658587973,0.4006013701848708,2.640625,1.2792476731950697,-0.5633922424784576,0.3999015422839712,3.1807184375000017,1.2902247896299652,0.4122991605243389,0.6166449096559095,286.52878125000007,74.87405440376797,-0.38513214729642015,0.497115046763514,1.0,0.9993262887001038,0.012093023397028446,1.0230478048324585,0.05349770933389664
170,2.034461961641528,0.9375,0.9298635954658191,0.6600311471324805,0.0,0.046875,0.0,60,0.055907908933072986,0.3721574544906616,1.5,1.0,63,0.984375,53,0.8412698412698413,0.8904598262214892,46.635238095238094,35.22966214405952,-0.412173064594302,0.6026879345481718,3.0793650793650795,1.683737219831888,-0.4262391031167316,0.5263477316554191,2.815028412698415,1.6706272507779614,0.23752272302423846,0.7984529505282035,291.2792063492064,80.8390652522788,-0.3535924128163853,0.5367188410353132,0.984375,0.9991685152053833,0.002913025440648198,1.0837911367416382,0.07003898173570633
171,2.15421288756482,0.984375,0.9304379376154097,0.6994912954546045,0.0,0.0,0.0,63,0.05415816947111425,0.33078256249427795,1.5,1.0,63,0.984375,55,0.873015873015873,0.8885954058675787,35.1704761904762,21.41952969031288,-0.6083053364342302,0.36643246975403365,2.507936507936508,1.2708329461109902,-0.6048715695324562,0.3972710412407936,2.95825761904762,1.2831942895272281,0.3059771208308592,0.6132847803702742,267.75401587301593,63.637694642253535,-0.5097843842117993,0.4225129225326694,0.984375,1.0003061294555664,0.016393441706895828,1.0230478048324585,0.06908343732357025
172,2.1232857518363666,0.96875,0.9405516751350895,0.6686924948613966,0.0,0.03125,0.0,62,0.046561371557899675,0.3119679093360901,1.5,1.0,64,1.0,52,0.8125,0.8903114009449556,34.0721875,23.936235702170126,-0.6270942007637831,0.40948676706602116,2.265625,1.2150384188884729,-0.6806197985637769,0.3798292917228429,3.122848125000002,1.453903218834429,0.38464085329745945,0.6948727277854578,268.58896875,67.94779890726983,-0.5042408398987192,0.4511292129195216,1.0,0.9994510412216187,0.0009220839128829539,1.0446386337280273,0.06899133324623108
173,2.068736519286224,0.953125,0.9178484946977897,0.6996954531882821,0.0,0.046875,0.0,61,0.03764109053674217,0.3536719083786011,1.5,1.0,64,1.0,53,0.828125,0.8871394112272977,31.74921875,26.503340078698546,-0.6668341571741662,0.4534032493795017,2.4375,1.3792547806696194,-0.6268905020246722,0.43116444575171337,3.2303109375000014,1.4922449032390346,0.4360012029342364,0.7131976000912476,264.896859375,70.71879396151249,-0.5287540459648882,0.46952681869819285,1.0,0.9977161288261414,0.004004003945738077,1.0648608207702637,0.057763490825891495
174,2.1108016915145686,0.984375,0.9191096548050169,0.6756818417519387,0.0,0.015625,0.0,63,0.03493760525332355,0.32975533604621887,1.5,1.0,64,1.0,60,0.9375,0.8939907088347245,37.55890625,29.321936653574078,-0.5674455071942869,0.5016221094153971,2.640625,1.24206465587545,-0.5633922424784576,0.3882778776219522,2.9652787500000017,1.4283519270720069,0.30933277226199896,0.6826608449204965,274.04457812500004,64.90843426724413,-0.46801914025692526,0.4309498075542138,1.0,0.9993412494659424,0.0029440626967698336,1.0230478048324585,0.06522640585899353
175,2.1219185270711964,0.984375,0.9412911354549347,0.6774853684932328,0.0,0.015625,0.0,63,0.02548834036057692,0.2908921241760254,1.5,1.0,64,1.0,58,0.90625,0.8940460843635031,37.76734375,22.795305180164533,-0.5638796834335112,0.38996841185277176,2.765625,1.3890440451529966,-0.5243163904500179,0.43422463655507104,3.0139673437500014,1.3365894491230321,0.33260280531015685,0.6388042507987262,274.242984375,67.928733825075,-0.46670185173779394,0.45100263316766626,1.0,0.9984408617019653,0.00047281323350034654,1.0230478048324585,0.06554765999317169
176,2.0940804537080426,0.96875,0.936886380757055,0.6784633190495108,0.0,0.03125,0.0,62,0.014208881538114972,0.30884239077568054,1.5,1.0,64,1.0,50,0.78125,0.8886070716059715,37.25984375,26.627602073094863,-0.5725616891119215,0.45552904906612124,2.625,1.231107225224513,-0.5682767239820126,0.38485251011212895,2.7669282812500016,1.5076614071681473,0.21453393731043208,0.7205657027265288,270.30725000000007,72.34172391676886,-0.49283256942707665,0.48030201855915533,1.0,0.9985936880111694,0.0,1.0446385145187378,0.06033731997013092
177,2.0872914322468676,0.96875,0.9333024284531993,0.6959745116271172,0.0,0.03125,0.0,62,0.021407140883576974,0.3230779767036438,1.5,1.0,64,1.0,52,0.8125,0.8929512785392175,31.26953125,15.774457640209803,-0.6750403632802989,0.26985996217959113,2.4375,0.998044963916957,-0.6268905020246722,0.311995658621988,3.117141718750002,1.4236333281481706,0.38191355616693345,0.6804056564986976,275.22754687500003,71.20504632879125,-0.4601649967868152,0.47275521831169753,1.0,0.998293399810791,0.0,1.0446385145187378,0.0625104084610939
178,2.1360118929888134,0.984375,0.9269637919607616,0.6747453299710847,0.0,0.015625,0.0,63,0.04492494903831369,0.40403246879577637,1.5,1.0,64,1.0,52,0.8125,0.8890944825636777,36.2140625,24.410715994642473,-0.590452287635813,0.4176038913882648,2.5625,1.3678792892649556,-0.5878146499962325,0.42760838960067793,3.2887782812500017,1.400515417390545,0.46394485290462645,0.6693567740828994,286.28206250000005,78.94670048042605,-0.3867701994083346,0.5241547691476037,1.0,1.0000332593917847,0.0004418912867549807,1.0230478048324585,0.06096886843442917
179,2.0875256561667346,0.96875,0.924746121129682,0.6910900286108934,0.0,0.03125,0.0,62,0.029345088119002005,0.43820998072624207,1.5,1.0,64,1.0,47,0.734375,0.8928692789500156,33.7859375,27.024456731284975,-0.6319911941144134,0.4623182005851559,2.53125,1.2986621721987592,-0.5975836130033424,0.40597064700616686,2.9636110937500018,1.4192273474072066,0.30853573925977823,0.6782998795691312,269.480265625,78.3751937821054,-0.4983232080671843,0.5203603361985176,1.0,0.9988254904747009,0.002747252816334367,1.0446385145187378,0.06334059685468674
180,2.0264758076026217,0.953125,0.9228676987476037,0.6517542017298746,0.0,0.046875,0.0,61,0.04913576684416587,0.4063548445701599,1.5,1.0,64,1.0,53,0.828125,0.8957925305491907,37.03156250000001,29.591208904564777,-0.576466987848423,0.5062286576166573,2.828125,1.7189630549767496,-0.504778464435798,0.5373595678290097,2.940646562500002,1.3779168849040977,0.2975601624364497,0.658556121254443,285.11356250000006,83.57050126238387,-0.3945282797843578,0.5548538004776403,1.0,1.0007421970367432,0.001361161470413208,1.0648607015609741,0.07471926510334015
181,2.1154707480759853,0.984375,0.9130882048417651,0.684901636628918,0.0,0.015625,0.0,63,0.023388334855951064,0.3632092773914337,1.5,1.0,64,1.0,49,0.765625,0.882794633113827,39.80546875,23.919347094042376,-0.5290126630920142,0.40919784688539934,2.703125,1.4435166207477488,-0.5438543164642378,0.4512531349834593,2.7724995312500016,1.3870632181974787,0.21719663839983355,0.6629274834486211,272.311765625,77.86990777587451,-0.479523888782024,0.5170055655958483,1.0,0.9972009658813477,0.02434367500245571,1.0230478048324585,0.06226854771375656
182,2.152990111823569,1.0,0.9219851978123188,0.6739426136461596,0.0,0.0,0.0,64,0.031986968070213576,0.3959161043167114,1.5,1.0,64,1.0,52,0.8125,0.8926804079937447,34.2928125,25.61162940618663,-0.623319880561223,0.43814839790709303,2.578125,1.4230764155079656,-0.5829301684926775,0.44486338750041365,2.830226875000002,1.4698250778513966,0.24478661571037946,0.7024823578235599,266.57540625,71.2058761476886,-0.5176095859125369,0.47276072776972333,1.0,0.9985882043838501,0.005766458343714476,0.9999998807907104,0.05639556050300598
183,2.111451222753361,0.96875,0.92893803408069,0.693880758785958,0.0,0.03125,0.0,62,0.04473559882984217,0.3976118862628937,1.5,1.0,64,1.0,55,0.859375,0.8923512746231224,36.42796875,24.88415711977248,-0.5867929077793649,0.4257032382587507,2.578125,1.260018446045533,-0.5829301684926775,0.39389035480623874,2.6213046875000012,1.496517254484109,0.14493517550281576,0.715239510670483,258.73045312500005,63.632991824929604,-0.5696949747785053,0.42248169888286813,1.0,0.9973104596138,0.018832391127943993,1.0446385145187378,0.06485410779714584
184,2.150659932544415,0.984375,0.9324406536798628,0.6865028034774838,0.0,0.015625,0.0,63,0.039919089341902164,0.33151155710220337,1.5,1.0,64,1.0,49,0.765625,0.8883663510889529,34.57109375,26.95794624950519,-0.6185592118071439,0.46118037914577487,2.578125,1.4120539948511175,-0.5829301684926775,0.4414177036717559,2.8578484375000013,1.4263973289070573,0.257987955546093,0.6817266720395176,271.359640625,57.87682203999264,-0.48584537982012527,0.3842644735088183,1.0,0.9999446272850037,0.01011560671031475,1.0230478048324585,0.06669732183218002
185,2.0800341075353304,0.953125,0.9360643586174386,0.6762096270211629,0.0,0.03125,0.0,61,0.028732763550312932,0.28528881072998047,1.5,1.0,63,0.984375,51,0.8095238095238095,0.8900471085606171,31.48825396825397,25.373634831659828,-0.6712985861731495,0.43407692943916687,2.6507936507936507,1.4817271149352336,-0.5602134529285251,0.463197995917889,3.0568630158730175,1.3498090686906352,0.3531041924122547,0.6451223832508921,273.78090476190476,71.5706949139599,-0.4697697599778577,0.475182887214665,0.984375,0.9992325901985168,0.0,1.0648607015609741,0.06584472954273224
186,1.9768546800234663,0.90625,0.918980459714758,0.6892692456657644,0.0,0.0625,0.0,58,0.0376234218807612,0.30581310391426086,1.5,1.0,62,0.96875,48,0.7741935483870968,0.8848697538692976,35.73806451612903,24.40484747186243,-0.5985953757124229,0.41750349621959437,2.4838709677419355,1.433942630380185,-0.6123946214334768,0.44826024033606227,3.108667096774196,1.528291467518009,0.3778632290110448,0.7304255518031264,277.2335967741936,79.98195231233265,-0.4468461295585252,0.5310281683100828,0.96875,0.997843861579895,0.00046274872147478163,1.1180340051651,0.06508596241474152
187,2.0953789568218912,0.96875,0.9085390558165889,0.7142998846516773,0.0,0.03125,0.0,62,0.03098191975438339,0.36927175521850586,1.5,1.0,64,1.0,53,0.828125,0.8823584321770417,35.01109375,21.93824073658166,-0.6110319556524632,0.37530626728932354,2.65625,1.2018052826893382,-0.5585077609749026,0.37569252314692625,2.808957031250002,1.5231906928864418,0.2346209910974966,0.7279877078420287,277.851796875,72.24780177347523,-0.44274168277160036,0.4796784365850344,1.0,0.9991517663002014,0.00453926483169198,1.0446385145187378,0.06647119671106339
188,2.1521346569046687,0.984375,0.9326408410829211,0.6860163856343705,0.0,0.015625,0.0,63,0.04989140050103319,0.3483324646949768,1.5,1.0,64,1.0,58,0.90625,0.8917529541559006,34.304375,22.490353687400628,-0.6231220762446582,0.3847514845782577,2.53125,1.1854422961494162,-0.5975836130033424,0.3705773420207075,2.834800468750002,1.3709862117963556,0.24697250093552725,0.6552437028861647,268.54339062500003,66.13750055179017,-0.504543449019077,0.43911000868640754,1.0,0.9982644319534302,0.0032817628234624863,1.023047685623169,0.07573723793029785
189,2.1134818583954322,0.96875,0.933948411095527,0.6911440411050297,0.0,0.03125,0.0,62,0.026362111284912674,0.33997708559036255,1.5,1.0,64,1.0,59,0.921875,0.8845732677774527,29.97125,22.775716268923357,-0.6972505803929561,0.38963329650571804,2.453125,1.368503830602969,-0.6220060205211173,0.4278036254799568,3.1713639062500016,1.4226332911998292,0.407828293025983,0.6799277028129376,267.88903125,77.02287772939792,-0.5088879698800564,0.511381836728521,1.0,0.9993034601211548,0.00808753538876772,1.0446385145187378,0.07941413670778275
190,2.2157543491637126,1.0,0.9215025887824595,0.741702306673184,0.0,0.0,0.0,64,0.03780438358075733,0.33252573013305664,1.5,1.0,64,1.0,55,0.859375,0.8732333005792738,30.62328125,25.568669674445292,-0.6860960207574862,0.43741346857719887,2.25,1.2119199643540823,-0.6855042800673319,0.3788544415792968,3.1286306250000018,1.299365665921111,0.3874045183725257,0.621013663752121,261.81034375,45.27579928691859,-0.5492465032182914,0.300601874160555,1.0,0.9988682866096497,0.0005086470046080649,0.9999999403953552,0.07178176939487457
191,2.1916391140246976,0.984375,0.9571474601352026,0.7161866157063767,0.0,0.015625,0.0,63,0.03716101833663468,0.30802926421165466,1.5,1.0,64,1.0,53,0.828125,0.8861763078109735,26.38265625,15.382803430514087,-0.758642090373266,0.2631597768149577,2.21875,1.0675431782836702,-0.6952732430744418,0.33372127414866376,3.278041875000002,1.2991346429557402,0.4588135375592138,0.6209032495539483,265.59343750000005,58.495420932666576,-0.5241292200496723,0.3883715680144951,1.0,1.0003952980041504,0.008637236431241035,1.0230478048324585,0.06881614029407501
192,2.086340731006553,0.953125,0.9212727722574453,0.7170372126864984,0.0,0.046875,0.0,61,0.04669977191358695,0.4172915518283844,1.5,1.0,64,1.0,57,0.890625,0.8781762338849929,35.68046875,20.018643219328663,-0.5995806895421463,0.34246694404784056,2.5625,1.27322179921646,-0.5878146499962325,0.39801781300452976,2.9737076562500016,1.5392649412480781,0.3133612502255327,0.7356701702380509,268.825125,74.23393672381675,-0.5026729159202848,0.4928650814993505,1.0,0.997718870639801,0.029317453503608704,1.0648607015609741,0.06723032891750336
193,2.079344813287528,0.96875,0.938123204054371,0.6710708495894492,0.0,0.03125,0.0,62,0.024227657333977165,0.3328264057636261,1.5,1.0,64,1.0,55,0.859375,0.8824013079533003,41.129374999999996,26.604835784296338,-0.5063640688453488,0.45513957704912594,2.875,1.5258194519667128,-0.4901250199251331,0.4769815610173304,3.448426093750002,1.5442403035054755,0.5402462941008234,0.7380480751073242,305.64737500000007,84.88727393367415,-0.2581971135017818,0.5635963150012354,1.0,0.9981656670570374,0.0021195420995354652,1.0446385145187378,0.06646668910980225
194,2.078404855955024,0.984375,0.9148792671778846,0.6421697100361232,0.0,0.015625,0.0,63,0.03986885456037077,0.40114516019821167,1.5,1.0,64,1.0,54,0.84375,0.8923162168042433,45.63609375,26.460869908294985,-0.4292658269172745,0.45267669517140957,3.125,1.6056540723331412,-0.4119733158682536,0.5019384075148122,2.6736420312500018,1.7248685193888522,0.16994907762882078,0.8243768069375796,289.67553125,86.95341699923463,-0.36423977295046334,0.5773141617885534,1.0,0.999477744102478,0.004908523056656122,1.0230478048324585,0.052804913371801376
195,2.032030397265551,0.96875,0.8985965439388829,0.6732135369080463,0.0,0.03125,0.0,62,0.03457096034658147,0.43010732531547546,1.5,1.0,64,1.0,53,0.828125,0.8935632333535383,43.986875,29.335366713821305,-0.4574796723408027,0.5018518628327918,3.0,1.75,-0.45104916789669336,0.5470619283981565,2.8801339062500015,1.4297136582214838,0.26863898393621155,0.6833116652956698,286.67662500000006,81.81948273247261,-0.3841505609073807,0.5432281757493925,1.0,0.9986488223075867,0.0017368649132549763,1.0446385145187378,0.05709177628159523
196,2.1099919233256474,0.984375,0.9264615641699897,0.6570576843804127,0.0,0.015625,0.0,63,0.04014904084513535,0.4502517879009247,1.5,1.0,64,1.0,56,0.875,0.8941678174613954,39.791875,31.106395387192887,-0.5292452168155432,0.5321495593822289,2.796875,1.5122384846230439,-0.5145474274429079,0.4727360580547362,2.8092881250000015,1.4960104019460772,0.2347792327288751,0.7149972675822741,276.40282812500004,72.74669600370069,-0.45236189331917886,0.4829907699502234,1.0,1.000148057937622,0.005755395628511906,1.0230478048324585,0.06569909304380417
197,1.9947540403192763,0.9375,0.9152495612700781,0.6761050882465763,0.0,0.0625,0.0,60,0.030778371829297706,0.3174760639667511,1.5,1.0,64,1.0,51,0.796875,0.8954738651620814,39.9690625,28.318518770781317,-0.5262139993157533,0.48445623797455944,2.59375,1.5177980555726114,-0.5780456869891225,0.4744740178288715,2.678275156250001,1.6133229964240283,0.1721634149830647,0.7710651828826023,266.117296875,79.43804228270447,-0.5206511343526393,0.5274169593009423,1.0,0.9991690516471863,0.005004549399018288,1.0837911367416382,0.06971082836389542
198,2.1659304743645897,1.0,0.9166096532717347,0.6989286616944352,0.0,0.0,0.0,64,0.04066961654292727,0.36962810158729553,1.5,0.984375,64,0.984375,51,0.796875,0.883064787561723,34.876562500000006,26.561784062042854,-0.6133334356060072,0.45440307400071195,2.546875,1.4569841228973637,-0.5926991314997875,0.4554631679529877,3.1565121875000015,1.3798840533735413,0.4007301215752117,0.6594963019368075,279.37015625000004,79.12700471793335,-0.4326607635838051,0.5253518720716254,1.0,0.9987658858299255,0.005043557845056057,0.9999998807907104,0.05763190984725952
199,2.0500062523873708,0.953125,0.9183625148945167,0.6825872664529125,0.0,0.046875,0.0,61,0.028125577218797337,0.31964462995529175,1.5,1.0,64,1.0,47,0.734375,0.8913412680977737,34.44796875,27.744024423045104,-0.6206655604754282,0.4746281331681351,2.359375,1.229420436374392,-0.651312909542447,0.38432520842004453,2.7698918750000017,1.4225013631318997,0.21595034553240536,0.6798646496363258,258.86593750000003,76.08666126465498,-0.5687954466048253,0.5051659680226314,1.0,0.99965500831604,0.0009718172950670123,1.0648607015609741,0.0661819577217102
