step,reward_mean,valid_frac,c_mean,qed_mean,tox_mean,undersized_frac,alerts_mean,n_rankable,d_var,d_loss,w_C,unique,n_valid,unique_smiles_frac,n_scaffolds,scaffold_frac,tanimoto_dist,tpsa_mean,tpsa_sd,tpsa_drift_sd,tpsa_spread_ratio,hba_mean,hba_sd,hba_drift_sd,hba_spread_ratio,logp_mean,logp_sd,logp_drift_sd,logp_spread_ratio,mw_mean,mw_sd,mw_drift_sd,mw_spread_ratio,rdkit_valid_frac,ratio_mean,clip_frac,adv_std,kl
0,1.0149654228406986,0.953125,0.7880482881284151,0.5275106767463414,0.0,0.015625,0.0,61,0.007247624314161332,0.7462701797485352,0.0,1.0,62,0.96875,52,0.8387096774193549,0.913178348303675,69.82016129032257,37.76536151844897,-0.015539301376119587,0.6460671589170199,4.580645161290323,2.379674598904257,0.0430712835597062,0.7439025000209557,1.9346874193548398,1.8553891730307674,-0.18322395357808707,0.8867573295566901,309.9063064516129,104.5611324587261,-0.22992057732926516,0.6942179459330817,0.96875,0.9908199310302734,0.06874500215053558,1.0648607015609741,0.005457058548927307
1,0.9835963453995494,0.90625,0.8198254262578899,0.5736066136010097,0.0,0.09375,0.0,58,1.069269248152446e-06,0.6994768381118774,0.0,1.0,64,1.0,56,0.875,0.9225055607505286,58.4984375,36.66792579262691,-0.20922456292680391,0.6272928865952911,3.8125,2.262983373778959,-0.19705612971183498,0.7074240276528477,1.7033968750000006,1.4899398089414084,-0.29376603738726603,0.7120959124812026,275.68212500000004,106.22333526680066,-0.45714689355110105,0.705253892006076,1.0,0.9977715015411377,0.0030581040773540735,1.1180338859558105,0.00902822520583868
2,0.9506020022038254,0.875,0.7960713888917651,0.5548865122662228,0.0,0.109375,0.0,56,0.0037479821168333277,0.693458080291748,0.0,1.0,63,0.984375,51,0.8095238095238095,0.9179865957843063,53.686031746031745,39.902867046600484,-0.2915523148140281,0.6826343217407531,3.619047619047619,2.3328473740792175,-0.25753066261299173,0.7292639903556299,2.20737523809524,1.7541633849568747,-0.05289662092804036,0.838377878593284,271.27014285714284,102.16860479818727,-0.4864395868175668,0.6783331176127402,0.984375,0.9929596185684204,0.015514184720814228,1.1478066444396973,0.01981869898736477
3,0.9912850526874091,0.90625,0.868456173559715,0.6021755993694999,0.0,0.078125,0.0,58,0.0037655474437531112,0.6624614000320435,0.0,1.0,63,0.984375,54,0.8571428571428571,0.9144859194962317,50.80301587301587,34.24552060314897,-0.3408732215735759,0.5858518312052265,3.3015873015873014,1.9731122835886137,-0.35677092173283875,0.6168083490320442,2.3781217460317476,1.6911554221568779,0.02870928666792741,0.8082641031948512,274.96958730158735,87.71259738787869,-0.46187768065870244,0.5823546260375917,0.984375,0.997587263584137,0.006744604092091322,1.1180340051651,0.028685299679636955
4,1.0374860092978668,0.921875,0.8413090087094549,0.6197715776478745,0.0,0.078125,0.0,59,5.329289373481871e-06,0.6509981155395508,0.0,1.0,64,1.0,53,0.828125,0.910811523869484,48.1871875,28.917153023159866,-0.3856232448016947,0.49469731379414844,3.25,1.6393596310755,-0.37289746383981387,0.5124749949224305,2.103767500000001,1.5834803853507717,-0.10241449162072414,0.7568023239164197,255.92895312500002,88.31371934533834,-0.5882951135662069,0.5863456850549339,1.0,0.9996986985206604,0.006301502697169781,1.1014961004257202,0.029823755845427513
5,0.980932145753969,0.890625,0.8273315858422664,0.57981096405837,0.0,0.078125,0.0,57,0.007472875699490962,0.637490451335907,0.0,1.0,62,0.96875,48,0.7741935483870968,0.9102792244723755,52.904999999999994,29.21639573661867,-0.3049137375806612,0.4998165786955715,3.5161290322580645,1.820509814131931,-0.2897037143599099,0.5691037769067335,2.0962069354838717,1.5244073885702956,-0.10602795778605278,0.7285692105430146,269.1598870967742,102.8540402120348,-0.5004503132214231,0.6828839631696095,0.96875,0.9974812269210815,0.0,1.1334556341171265,0.03566134721040726
6,0.9813526858648882,0.875,0.8776062327836242,0.6098427643944024,0.0,0.09375,0.0,56,0.007511356460691767,0.6424404978752136,0.0,1.0,62,0.96875,53,0.8548387096774194,0.9126282150114415,41.03677419354839,27.775970049213726,-0.5079482279141926,0.4751746397844826,3.0806451612903225,1.6490308698060694,-0.425838940781571,0.5154982900709701,2.964013387096776,1.8086197815808691,0.30872800974355025,0.8644045524304997,279.3734193548388,85.90088236103745,-0.43263909868897027,0.570326016027593,0.96875,0.9976880550384521,0.0014771048445254564,1.1478067636489868,0.03851212188601494
7,1.0285868612430684,0.921875,0.8591872092525837,0.5988277528045608,0.0,0.078125,0.0,59,2.435894869825747e-05,0.6556128859519958,0.0,1.0,64,1.0,55,0.859375,0.8962607079126728,46.72984375,31.92408708033929,-0.41055460778276975,0.5461381385410189,3.09375,1.834723667885712,-0.42174227887536353,0.5735471244750265,2.9052665625000014,2.223532649169461,0.2806507858076815,1.0627063598408348,287.326859375,105.97316652413531,-0.3798334273648022,0.7035929341856512,1.0,0.9981659650802612,0.008093524724245071,1.1014961004257202,0.03726523742079735
8,1.1087450582392293,0.96875,0.8562385819612011,0.6330612011707378,0.0,0.03125,0.0,62,3.748388995752829e-05,0.6820998787879944,0.0,1.0,64,1.0,51,0.796875,0.8923488308204295,42.536875,23.975020130009796,-0.48228540285054605,0.4101502678004801,2.921875,1.349822760355966,-0.4754715754144682,0.4219637955863186,2.7392300000000014,1.6804885303043222,0.20129593082016084,0.8031660112843594,269.7816250000001,83.38879010572634,-0.496322377726304,0.5536473565250779,1.0,0.9976238012313843,0.01729399710893631,1.0446385145187378,0.029096869751811028
9,1.0312063876556867,0.921875,0.8529321495759286,0.6103616354354467,0.0,0.078125,0.0,59,3.5861954409639523e-05,0.6293436884880066,0.0,1.0,64,1.0,57,0.890625,0.9085424986661673,48.32421875,27.204423514653797,-0.38327899634727175,0.4653969643982265,3.171875,1.4636714058746245,-0.39731987135758867,0.4575536581937217,2.155904062500001,1.825155212305347,-0.07749655008760348,0.8723074304926562,255.659640625,91.36608358247048,-0.5900831734902701,0.6066113992941893,1.0,0.9988160133361816,0.0004686035681515932,1.1014959812164307,0.0356515608727932
10,0.9663233414933694,0.875,0.8751547618636063,0.6141165834077071,0.0,0.125,0.0,56,0.0001309115306755114,0.6556650400161743,0.0,0.984375,64,0.984375,51,0.796875,0.9082182812198333,41.7071875,31.791036937945947,-0.4964791990797203,0.5438619964882656,2.640625,1.7353600806100733,-0.5633922424784576,0.542485389807844,2.645574531250001,1.7658935375840288,0.1565346081961482,0.8439841411338572,259.458828125,98.74206387850161,-0.5648590382839519,0.6555831134478675,1.0,0.9988848567008972,0.007276034448295832,1.1478067636489868,0.0344603955745697
11,1.0432650688407183,0.953125,0.9208214595669606,0.6114768389656888,0.0,0.046875,0.0,61,0.00016145051348633878,0.6214535236358643,0.0,1.0,64,1.0,57,0.890625,0.9016110161190384,43.71203125,29.718447037345733,-0.4621815344061732,0.5084053712941243,2.90625,1.60778137117582,-0.4803560569180232,0.5026034156331864,2.8857523437500014,1.8321116167048406,0.27132423763187835,0.8756321467722792,275.13835937500005,90.13577248732318,-0.4607571438073855,0.5984429334288355,1.0,0.9979065656661987,0.003569834865629673,1.0648608207702637,0.036665335297584534
12,0.960306113048681,0.890625,0.8830936153729757,0.5914854357035824,0.0,0.109375,0.0,57,0.0001411389370791561,0.5913189649581909,0.0,1.0,64,1.0,52,0.8125,0.9041854524664075,47.1815625,33.30795955073792,-0.40282687428021935,0.5698125989276128,2.859375,2.0681149893985586,-0.49500950142868805,0.6465068424282906,2.274407656250001,1.6747030923903192,-0.02085941332725106,0.8004009420743472,247.35759375,78.40739654138164,-0.6452033677065835,0.5205741415855906,1.0,0.9969083070755005,0.0014238253934308887,1.1334558725357056,0.044251568615436554
13,1.003088210766651,0.90625,0.8929340238201207,0.6559852732585533,0.0,0.078125,0.0,58,0.0036028105821636347,0.6129504442214966,0.0,1.0,63,0.984375,54,0.8571428571428571,0.9028453919040371,46.84571428571429,37.27970641252532,-0.4085723641393572,0.637758862587211,2.7936507936507935,1.9612008805647476,-0.5155553363245939,0.6130847632559505,2.531489365079366,1.6948778330126621,0.10200919715785378,0.8100431774494434,264.5845555555556,99.57901441166861,-0.5308275403020631,0.6611399208993566,0.984375,0.9955266714096069,0.005464480724185705,1.1180341243743896,0.050316594541072845
14,1.03717063329918,0.953125,0.8931076717181284,0.6486578478149163,0.0,0.046875,0.0,61,0.00043582777733998986,0.5712944865226746,0.0,1.0,64,1.0,53,0.828125,0.8956697360842263,40.97734375,26.446840385608184,-0.5089649283050448,0.45243668651006536,2.703125,1.4106701366283332,-0.5438543164642378,0.4409851001586211,3.101671406250002,1.6705801453732223,0.3745197364770738,0.7984304371582209,278.476890625,81.325289514186,-0.43859146663548576,0.5399470540474216,1.0,0.9997485280036926,0.0009225092362612486,1.0648608207702637,0.0544038750231266
15,0.981776427740336,0.90625,0.8805609802747595,0.6670381060364289,0.0,0.09375,0.0,58,0.0005366626992843804,0.5508447289466858,0.0,1.0,64,1.0,55,0.859375,0.8987581120156238,41.9540625,24.7742718560222,-0.4922558096179322,0.4238233870590394,2.609375,1.206974361523475,-0.5731612054855676,0.3773084124240948,2.7625378125000015,1.642710933056306,0.21243557412019504,0.7851107365529684,259.7229375,85.23467088608135,-0.563105523727417,0.5659028049277741,1.0,0.9983421564102173,0.009064885787665844,1.1180340051651,0.04659279063344002
16,1.0077855896558239,0.953125,0.8665329137297927,0.6303913237800488,0.0,0.03125,0.0,61,0.0035597128141988186,0.5583071708679199,0.0,1.0,63,0.984375,51,0.8095238095238095,0.8935781405799637,40.0673015873016,25.24778728046953,-0.5245333839191143,0.4319240049976926,2.873015873015873,1.6084307988436066,-0.49074527154463216,0.5028064311487833,3.0648252380952394,1.3977628201520995,0.3569096252657736,0.6680412086953307,287.919888888889,85.5302428449414,-0.37589609691199566,0.5678652105877955,0.984375,0.9998121857643127,0.0,1.0648608207702637,0.04346511885523796
17,0.9739904925639744,0.9375,0.9122596889734268,0.6344054354196857,0.0,0.0625,0.0,60,0.0012442902245008566,0.5384129881858826,0.0,1.0,64,1.0,45,0.703125,0.8930870500032156,44.6815625,35.58597780458749,-0.4455953751590873,0.60878356920435,2.703125,1.973889620615854,-0.5438543164642378,0.6170513498852656,2.6888568750000017,1.7854818583341137,0.1772207995993297,0.8533461053251602,269.35310937500003,95.19480543176276,-0.499167442904851,0.6320316233799793,1.0,0.9991753697395325,0.007170171942561865,1.0837910175323486,0.041115760803222656
18,0.9021080913132771,0.890625,0.9006621225884086,0.6245401898686789,0.0,0.078125,0.0,57,0.006527538590988258,0.5004217028617859,0.0,1.0,62,0.96875,52,0.8387096774193549,0.9044103274112414,43.83274193548387,26.03885069866941,-0.46011648838289104,0.4454570435963014,2.870967741935484,1.3968151673942557,-0.4913855312808892,0.4366539423374259,2.6015985483870985,1.6685425720919984,0.13551690167130165,0.7974566074798454,267.4175967741936,89.54724329368665,-0.5120179883270691,0.5945354821769157,0.96875,0.9984705448150635,0.003150315023958683,1.133455753326416,0.044858045876026154
19,0.9596403481457774,0.921875,0.9100229896731296,0.6442650361050523,0.0,0.0625,0.0,59,0.006441995138528552,0.5290006399154663,0.0,1.0,63,0.984375,49,0.7777777777777778,0.8945905412380978,40.41190476190475,28.488695104424046,-0.518638119448764,0.4873675126445441,2.5714285714285716,1.5503638662952104,-0.5850235177084867,0.48465431223673117,2.9747839682539703,1.517537541150702,0.31387565850832444,0.7252858629624583,276.6760000000001,81.14442628786841,-0.45054820965403597,0.5387462398010898,0.984375,0.9975948333740234,0.005657708737999201,1.1014959812164307,0.042581673711538315
20,0.9913702177660637,0.96875,0.9064627323419817,0.6500586934311627,0.0,0.03125,0.0,62,0.002570653136111148,0.5287469625473022,0.0,1.0,64,1.0,57,0.890625,0.9047266741175326,41.876562500000006,31.1158605667366,-0.493581633145177,0.5323114839980825,2.921875,1.6611807500615339,-0.4754715754144682,0.5192964254551764,2.481010937500001,1.4619319451924309,0.07788373804062736,0.6987099453613982,264.717828125,73.87208379810055,-0.5299426970794113,0.49046261330764707,1.0,0.9973494410514832,0.006407096982002258,1.0446385145187378,0.05102071166038513
21,1.0079217929826165,0.953125,0.8720762165354901,0.6863159752579423,0.0,0.046875,0.0,61,0.003845129989533922,0.5368397831916809,0.0,1.0,64,1.0,49,0.765625,0.8911612335299197,39.041875,27.543148755350668,-0.5420757670792035,0.47119167270000206,2.546875,1.2238475127134916,-0.5926991314997875,0.3825830744973315,2.584455000000002,1.446400906889236,0.1273233822696362,0.6912871026224343,252.62134375,64.93608263424765,-0.610255489589945,0.4311333747373367,1.0,0.9984731674194336,0.0005068423924967647,1.0648607015609741,0.05173702538013458
22,0.8719228465262607,0.890625,0.8957397692036211,0.6644170090098699,0.0,0.109375,0.0,57,0.008141877532882792,0.46784693002700806,0.0,1.0,64,1.0,52,0.8125,0.9096299954646816,37.39609375,20.490594993281942,-0.5702308058140232,0.3505408119914822,2.59375,1.2464794171986957,-0.5780456869891225,0.3896579621036164,2.4466039062500013,1.5675668678058228,0.06143937823045106,0.749196680568312,249.11653125,88.19266638374208,-0.6335251661649478,0.5855419720846134,1.0,0.999451220035553,0.0020366599783301353,1.1334558725357056,0.06254531443119049
23,1.0274116564243068,1.0,0.916306811850518,0.6584442765838125,0.0,0.0,0.0,64,0.00914346670665429,0.5546326041221619,0.0,1.0,64,1.0,44,0.6875,0.8876294040905592,35.24703125,22.54775693387312,-0.6069956783820201,0.3857335048971412,2.328125,1.1599392158104664,-0.661081872549557,0.3626049052719538,2.498053906250001,1.5187444566931951,0.08602918681016014,0.7258626913815407,244.55657812500002,63.74498982415324,-0.6638002905591696,0.4232252927895268,1.0,0.9987344145774841,0.0015932023525238037,0.9999998807907104,0.05204083397984505
24,0.9806184765354093,0.953125,0.8995794311898654,0.6768157765652645,0.0,0.046875,0.0,61,0.011002003652245402,0.49851059913635254,0.0,1.0,64,1.0,54,0.84375,0.9025330018770807,35.246249999999996,23.692322629123975,-0.6070090435385448,0.40531404847444447,2.625,1.340475661845451,-0.5682767239820126,0.4190418288799815,2.5976882812500013,1.5879616258829232,0.13364804413200626,0.7589440702115653,255.33684374999999,75.45801162737355,-0.5922263348949592,0.5009921431065961,1.0,0.9995944499969482,0.00401606410741806,1.0648607015609741,0.051261864602565765
25,0.9725999922562962,0.953125,0.9136376336949771,0.6732760379805907,0.0,0.03125,0.0,61,0.015587180527510666,0.5344753861427307,0.0,1.0,63,0.984375,51,0.8095238095238095,0.8993579873827738,33.0773015873016,19.53637309407634,-0.644114112376429,0.3342165559375582,2.3015873015873014,1.033332114206971,-0.6693777379603568,0.32302666232789123,2.8070190476190486,1.4910957884720546,0.2336947589008833,0.7126483967451609,249.8516825396825,68.1259541772876,-0.6286442395120646,0.4523120480964236,0.984375,0.9980332851409912,0.002483855001628399,1.0648607015609741,0.04907674714922905
26,0.9504526833746947,0.96875,0.8874547534411953,0.6459081889848518,0.0,0.03125,0.0,62,0.02058726462073022,0.5481674671173096,0.0,1.0,64,1.0,56,0.875,0.9068982413543638,40.42109375,28.240322131948332,-0.5184809197505931,0.48311849676789825,2.875,1.4523687548277813,-0.4901250199251331,0.4540203724350374,2.9387067187500016,1.3436755965355531,0.2966330412219298,0.6421909759385025,282.630890625,86.85495401424245,-0.4110116070873468,0.5766604315774859,1.0,0.9996346235275269,0.0017675651470199227,1.0446385145187378,0.0526619628071785
27,0.9335777583317577,0.921875,0.8656559596627446,0.6651258523646827,0.0,0.0625,0.0,59,0.021177147661140764,0.5287491679191589,0.0,1.0,63,0.984375,55,0.873015873015873,0.8921211299301528,43.4557142857143,31.641988515076115,-0.4665664513311019,0.5413121654464647,2.9047619047619047,1.3997084244475302,-0.4808212456326475,0.43755839421337783,2.6592658730158742,1.5081616416027892,0.16307819368151646,0.7208047827846983,269.35849206349206,84.41907502113813,-0.49913170535246737,0.5604877785909477,0.984375,0.9985748529434204,0.003975265193730593,1.1014959812164307,0.05118777975440025
28,0.8634338488379554,0.90625,0.8572888872746763,0.6524771124978899,0.0,0.09375,0.0,58,0.014996523363315199,0.48626235127449036,0.0,1.0,64,1.0,52,0.8125,0.9134849870758238,41.542812500000004,26.83451261137127,-0.49929122801250586,0.45906875048136986,2.8125,1.4128318194321643,-0.509662945939353,0.44166085693762047,2.5449831250000017,1.566177289925294,0.10845835116113825,0.7485325512371399,264.55021875,85.0383318788263,-0.5310555143691202,0.564599241556586,1.0,0.9990190863609314,0.001882352982647717,1.1180338859558105,0.04978438466787338
29,0.9816096289499188,0.984375,0.8914980282859196,0.6839632669193664,0.0,0.015625,0.0,63,0.022546295109288086,0.5594160556793213,0.0,1.0,64,1.0,58,0.90625,0.8974855454582811,37.65203125000001,26.896343802392984,-0.565852380536549,0.4601265214203913,2.78125,1.4412315697000257,-0.519431908946463,0.45053881245051325,2.774981562500001,1.5533205501513727,0.21838289055389276,0.7423878521117783,271.776140625,75.04050687084514,-0.48308009058040463,0.49822018293670356,1.0,0.9990590810775757,0.0013274336233735085,1.0230478048324585,0.05206158012151718
30,0.8873900835264978,0.890625,0.8993573847569918,0.6992735288968328,0.0,0.09375,0.0,57,0.018875687375242502,0.5673242807388306,0.0,1.0,63,0.984375,57,0.9047619047619048,0.9022456982758706,37.158095238095235,24.021207683921812,-0.5743023416402505,0.4109404167765116,2.6507936507936507,1.170520575529309,-0.5602134529285251,0.36591271044501933,2.5736463492063506,1.7325526546681886,0.12215753865407139,0.8280493320225062,259.474253968254,75.43002193202427,-0.5647566207128503,0.5008063097251497,0.984375,0.9969617128372192,0.005265677347779274,1.1334558725357056,0.04800190404057503
31,0.9014554554709475,1.0,0.8503325334750116,0.6532392670516458,0.0,0.0,0.0,64,0.018519537931148286,0.4383127987384796,0.0,1.0,64,1.0,62,0.96875,0.8969577640216674,41.8103125,26.99816880183439,-0.49471499841846706,0.4618684824516315,2.875,1.375,-0.4901250199251331,0.4298343723128373,2.7831859375000016,1.4765956054931308,0.22230405694390568,0.7057182369041017,283.4208125,71.16835399509462,-0.4057670393534752,0.4725116050690768,1.0,0.9996879696846008,0.0031250000465661287,0.9999998807907104,0.04637599363923073
32,0.8814856700733147,0.9375,0.8905841405193011,0.6636722299855224,0.0,0.0625,0.0,60,0.020954711328756766,0.4703647196292877,0.0,1.0,64,1.0,52,0.8125,0.9038703490549418,43.315312500000005,28.60624953401518,-0.46896836088938854,0.4893785633346574,2.984375,1.4085918001234425,-0.45593364940024833,0.44033539800077776,2.5388332812500014,1.5642581213770075,0.10551911927372079,0.7476153114463807,280.627015625,84.32026945474998,-0.42431603439886023,0.5598317738621178,1.0,0.9980804324150085,0.0012853470398113132,1.0837910175323486,0.049122199416160583
33,0.9056647855943507,0.953125,0.8651830939972986,0.6809915371693416,0.0,0.046875,0.0,61,0.026591431442298908,0.5137516260147095,0.0,1.0,64,1.0,51,0.796875,0.8990055576743282,53.96609375,31.28597047885379,-0.2867611819888866,0.5352216223684377,3.296875,1.42170328633474,-0.35824401932914895,0.4444341379613025,1.8502621875000007,1.41728999918029,-0.22357381345385127,0.6773739510549986,261.74768750000004,72.53791801725046,-0.5496624999864215,0.4816046198435694,1.0,0.9993095993995667,0.002319109393283725,1.0648607015609741,0.05047959089279175
34,0.8280789696681412,0.953125,0.8541225683493693,0.5979529636181217,0.0,0.046875,0.0,61,0.025287102167291853,0.4691898226737976,0.0,1.0,64,1.0,52,0.8125,0.9063890406903645,51.717187499999994,35.10459614088792,-0.3252341215607333,0.6005483803615475,3.40625,2.005607373715005,-0.32405264880426415,0.6269665356994816,2.015126562500001,1.6738610136029997,-0.14477918910276433,0.7999984822844692,275.73525,89.10925625601422,-0.4567941780868512,0.5916275329754445,1.0,0.9978604316711426,0.0023084026761353016,1.0648607015609741,0.05223878100514412
35,0.8560447540473961,0.921875,0.8604930571075213,0.6352377050607729,0.0,0.0625,0.0,59,0.027042782127069745,0.5224615335464478,0.0,1.0,63,0.984375,48,0.7619047619047619,0.8997520606748305,47.395714285714284,33.344804774389914,-0.39916329394600636,0.5704429249196697,3.0317460317460316,1.6805918644528797,-0.4411251419847087,0.5253644721244832,2.505465079365081,1.6213483976693586,0.08957125344283073,0.7749008112674036,277.97149206349206,91.64056722505218,-0.4419469845320242,0.6084337922433142,0.984375,0.9981799721717834,0.012998655438423157,1.1014959812164307,0.04559125751256943
36,0.8846347759675486,0.921875,0.8692546032242856,0.6598273157179154,0.0,0.046875,0.0,59,0.041743712605688085,0.4489234387874603,0.0,1.0,62,0.96875,52,0.8387096774193549,0.9019389700888132,45.33274193548388,24.824305348391462,-0.43445538785557003,0.4246793300439864,2.9516129032258065,1.2627085500677313,-0.4661753041657668,0.39473129965993903,2.6738367741935494,1.5731994128514195,0.17004215229751046,0.7518886767682695,275.3408225806452,77.4671279435566,-0.459412919740135,0.5143313693502656,0.96875,0.9987753033638,0.007070260588079691,1.1014961004257202,0.048433128744363785
37,0.9609761666527881,0.984375,0.8821668780985332,0.6769743659982288,0.0,0.015625,0.0,63,0.04044826896846594,0.4890623688697815,0.0,1.0,64,1.0,50,0.78125,0.8922027688829743,40.486562500000005,25.441778646226638,-0.5173609196338276,0.4352426929564429,3.046875,1.575492854434764,-0.43639572338602844,0.492509805214056,2.7222035937500015,1.5295651534661825,0.19315839786607217,0.7310342922046085,283.407984375,79.09771971636027,-0.4058522097641073,0.5251574386989117,1.0,0.9993031620979309,0.005504587199538946,1.0230478048324585,0.05401206761598587
38,0.9202298735492968,0.9375,0.8982858975728353,0.6628825360807539,0.0,0.03125,0.0,60,0.04231308437190099,0.47078660130500793,0.0,1.0,62,0.96875,50,0.8064516129032258,0.8936376883919614,43.51693548387097,29.258509023635504,-0.46551911578423444,0.500537027556688,2.9516129032258065,1.4638374155582805,-0.4661753041657668,0.45760555395239233,2.453618387096776,1.5704339093365811,0.06479185133653904,0.7505669430062405,269.25777419354847,69.84089335870902,-0.49980040653374613,0.4636981294053315,0.96875,0.9983527064323425,0.00045045046135783195,1.0837910175323486,0.05675492435693741
39,0.8883684562482808,0.921875,0.8917189285916797,0.64424868047975,0.0,0.078125,0.0,59,0.034178314796118436,0.6102221012115479,0.0,1.0,64,1.0,53,0.828125,0.8977151410639012,41.5709375,30.66786152262811,-0.4988100823776187,0.5246473849934081,3.03125,1.5407866294526313,-0.4412802048895834,0.4816604027191156,2.995014531250002,1.818281042392728,0.3235445734069089,0.8690220170369576,293.176171875,88.98955633888926,-0.3409977949133882,0.59083280334082,1.0,0.9986904859542847,0.01060539111495018,1.1014961004257202,0.0528695285320282
40,0.9489456804000822,0.984375,0.8863046803171672,0.6772310289793579,0.0,0.015625,0.0,63,0.03830779810462685,0.5042756199836731,0.0,1.0,64,1.0,56,0.875,0.8836245395154173,41.63921875,26.289547430055702,-0.49764196769736463,0.44974581294695093,3.109375,1.5115925738686995,-0.41685779737180856,0.4725341419502535,3.2122737500000023,1.5992227813793853,0.4273805812055424,0.7643261821269072,303.29376562500005,76.93370704861395,-0.2738235497063277,0.510789801376611,1.0,0.9991398453712463,0.0012831479543820024,1.0230478048324585,0.05119013041257858
41,0.9323608643044976,0.984375,0.8649706305965544,0.642322308872605,0.0,0.015625,0.0,63,0.05112250340233538,0.5922319889068604,0.0,1.0,64,1.0,51,0.796875,0.895149540527716,44.98765625,33.30504108531223,-0.4403589068327309,0.5697626715711634,3.109375,1.9694319255498525,-0.41685779737180856,0.6156578440229696,2.6438432812500015,1.6918599845289133,0.15570718144972223,0.8086008389355862,277.753609375,86.97488267950149,-0.44339358394140843,0.577456679951015,1.0,0.9992190599441528,0.0017308524111285806,1.0230478048324585,0.05584486201405525
42,0.8645098581801047,0.9375,0.8478707107404868,0.6495075843462063,0.0,0.046875,0.0,60,0.03512003101916275,0.48942357301712036,0.0,1.0,63,0.984375,50,0.7936507936507936,0.8966812662380789,52.551587301587304,27.133078693455253,-0.3109597101017277,0.46417643997897345,3.2857142857142856,1.7129624522480904,-0.3617329346888311,0.5354837385145574,2.644845396825398,1.4080091516148592,0.1561861285862382,0.6729382996440869,297.60180952380966,97.50873253882862,-0.3116144379646338,0.6473945951222778,0.984375,0.9977856278419495,0.002120441058650613,1.0837910175323486,0.043664392083883286
43,0.8468967631445168,0.921875,0.8704245494583905,0.6560409345885733,0.0,0.0625,0.0,59,0.038466021032596845,0.5093958973884583,0.0,1.0,63,0.984375,54,0.8571428571428571,0.8960040636342824,42.635714285714286,30.187315149220662,-0.48059451961937083,0.5164264857960428,2.9206349206349205,1.739381273879711,-0.47585923267665514,0.543742442233301,2.667160952380954,1.6201483862423043,0.1668515365446637,0.7743272825738229,272.4168730158731,85.8753235022658,-0.478826044035334,0.5701563218207725,0.984375,1.000150442123413,0.007727272808551788,1.1014959812164307,0.04432561621069908
44,0.8628937612528375,0.984375,0.8537838544164386,0.6196750084834503,0.0,0.0,0.0,63,0.030493450006374212,0.5544782876968384,0.0,1.0,63,0.984375,51,0.8095238095238095,0.8962147039582041,49.06,25.197970691786413,-0.3706916919323599,0.4310717726709422,3.3015873015873014,1.4213219940015005,-0.35677092173283875,0.4443149433789565,2.4739409523809535,1.8119639986180704,0.07450473744317788,0.8660028742340719,282.6388095238096,72.80434206697424,-0.4109590307472062,0.4833735023355358,0.984375,0.9984781742095947,0.0034722222480922937,1.0230478048324585,0.0410892628133297
45,0.8252898884149192,0.953125,0.8524524723408652,0.6387769900110937,0.0,0.046875,0.0,61,0.05102326369963351,0.5027350783348083,0.0,1.0,64,1.0,56,0.875,0.9060256228400527,48.34671875,34.954754462675005,-0.38289407983936197,0.5979849787830114,3.1875,2.014595182660775,-0.3924353898540337,0.62977618603888,2.490323281250001,1.8228105469293976,0.08233444261285189,0.8711868304386609,283.19992187500003,89.23315549049457,-0.40723360950585846,0.5924501433473969,1.0,0.9993411302566528,0.0012453299714252353,1.0648607015609741,0.04016979783773422
46,0.8122953127179197,0.90625,0.8397700432045706,0.6529734340747251,0.0,0.078125,0.0,58,0.04261348288043752,0.517493486404419,0.0,1.0,63,0.984375,53,0.8412698412698413,0.9047087902543912,52.89920634920635,36.816444320248955,-0.30501285188428506,0.6298336525069438,3.5714285714285716,2.293637062627104,-0.2724167014809687,0.7170065797292953,2.0945588888888897,1.5371242321338423,-0.10681561862766693,0.7346470482294232,277.0640476190477,91.39100691776073,-0.44797182572738153,0.6067768740382374,0.984375,0.9973521828651428,0.0024855013471096754,1.1180338859558105,0.04529593512415886
47,0.7834760281656961,0.90625,0.8465385267446781,0.6294279735434567,0.0,0.09375,0.0,58,0.025901449821251178,0.4917173683643341,0.0,1.0,64,1.0,56,0.875,0.9015588149342455,50.1140625,29.014552260393298,-0.3526594227493072,0.49636356153943606,3.484375,1.7138424254799507,-0.2996302412864893,0.5357588241449347,2.138559375000001,1.7395227694640818,-0.08578620111772745,0.8313806009945104,276.61634375,98.53001355317119,-0.450944288372421,0.6541752371383465,1.0,0.9994016885757446,0.0008643042529001832,1.1180340051651,0.050227146595716476
48,0.8337623334737141,0.9375,0.8427028601368268,0.6638037743732481,0.0,0.046875,0.0,60,0.030330363457401185,0.4871344268321991,0.0,1.0,63,0.984375,48,0.7619047619047619,0.9003678398663933,49.784920634920624,36.25654072893085,-0.35829018440767507,0.620255157611996,3.0476190476190474,1.8467351837776491,-0.43616312902871635,0.5773020062160713,2.350154761904763,1.634858880636606,0.015342857392236108,0.7813579578171419,275.70757142857144,93.9617291227496,-0.45697794580772094,0.6238447982921795,0.984375,0.9975914359092712,0.0008916629594750702,1.0837910175323486,0.061870988458395004
49,0.8169559885271405,0.921875,0.8897793035385972,0.6650090313714198,0.0,0.0625,0.0,59,0.02433073590892061,0.4960665702819824,0.0,1.0,63,0.984375,49,0.7777777777777778,0.8902721370864978,49.36412698412699,29.275482544376572,-0.3654888698571909,0.5008274003713808,3.0634920634920637,1.6220016623894546,-0.4312011160727239,0.5070487755953089,2.5069155555555565,1.4336548186253033,0.09026448827029862,0.6851952878401179,279.44399999999996,84.25262222192168,-0.432170489088498,0.5593826402125692,0.984375,0.9991658926010132,0.004416961222887039,1.1014959812164307,0.049734026193618774
50,0.8220308591050267,0.921875,0.845005214719449,0.6473902857085805,0.0,0.046875,0.0,59,0.03193235287014626,0.5092973113059998,0.0,0.984375,62,0.953125,47,0.7580645161290323,0.892924459715061,44.052580645161285,28.924717409358355,-0.4563556195636719,0.4948267207772597,2.7903225806451615,1.404337712970338,-0.5165957583960116,0.4390055413598914,2.5851085483870984,1.9423909651292248,0.12763573658909738,0.9283386203981426,266.2852258064517,87.9160932675747,-0.5195361954158298,0.5837057063892144,0.96875,0.9992876648902893,0.0018373909406363964,1.1014961004257202,0.054505642503499985
51,0.8845496492928147,0.984375,0.8572825959750584,0.6744462342028811,0.0,0.015625,0.0,63,0.0273235183841359,0.5614036321640015,0.0,1.0,64,1.0,45,0.703125,0.887537089013699,51.146718750000005,34.73940445727155,-0.3349933588550298,0.5943009000248666,3.125,1.8157298807917437,-0.4119733158682536,0.5676095371634778,2.569276406250001,1.2952326616823135,0.12006898548009892,0.6190383521274143,284.020984375,87.79677442368194,-0.40178228826603096,0.5829135068331218,1.0,0.998687744140625,0.0,1.0230478048324585,0.05064607411623001
52,0.8145877880554138,0.953125,0.9014576057918736,0.6204189549836884,0.0,0.03125,0.0,61,0.0343688422165657,0.45071327686309814,0.0,1.0,63,0.984375,48,0.7619047619047619,0.8995981811828597,44.953492063492064,33.42700505834424,-0.44094336724900707,0.5718491580862873,3.3174603174603177,1.9175496667924334,-0.3518089087768463,0.5994390962941206,2.785573174603176,1.744600932794485,0.22344500356006589,0.8338076382001685,299.61380952380955,83.36308495492369,-0.2982560659350593,0.5534766910342737,0.984375,0.9995197057723999,0.0,1.0648607015609741,0.052442897111177444
53,0.8611596491531408,0.953125,0.8527412802958098,0.6780390108211014,0.0,0.046875,0.0,61,0.03559847357963235,0.46205228567123413,0.0,1.0,64,1.0,55,0.859375,0.8871633499801421,46.899375000000006,32.681388189371255,-0.40765436881692146,0.5590935917998994,3.3125,1.8103435447450298,-0.353359537825594,0.5659257318007831,2.7466589062500018,1.613326820238345,0.20484647275687834,0.771067010421224,303.84890625,77.93474946263524,-0.2701377768447568,0.5174360722433509,1.0,0.9993968605995178,0.0008183306199498475,1.0648607015609741,0.050741489976644516
54,0.8991810392821045,0.984375,0.8823899328708649,0.67603881350825,0.0,0.015625,0.0,63,0.04432854998090459,0.4877665340900421,0.0,1.0,64,1.0,53,0.828125,0.8962042684644335,43.560312499999995,30.36349411550561,-0.4647770478032596,0.5194404499058011,2.875,1.6909686573085854,-0.4901250199251331,0.5286083283017579,2.9594126562500023,1.69974276315955,0.30652915472219106,0.8123683028345868,286.56671875000006,86.01371776831391,-0.3848802669590086,0.5710751697793364,1.0,0.9987775087356567,0.0,1.0230478048324585,0.0545642152428627
55,0.8260634391935306,0.90625,0.8904638357203583,0.6677129763199814,0.0,0.09375,0.0,58,0.04445498305744806,0.5077974200248718,0.0,1.0,64,1.0,48,0.75,0.9002454219761624,38.07015625,28.052210056216357,-0.5586993487645585,0.4799003881773908,2.71875,1.5152222403000821,-0.5389698349606828,0.4736688004173359,3.1512509375000017,1.7171036632971524,0.3982155806541235,0.8206657024683106,272.69601562500003,93.61164557670104,-0.4769727185770715,0.6215204711303755,1.0,0.99878990650177,0.0016673613572493196,1.1180338859558105,0.05113190785050392
56,0.8143535473129476,0.9375,0.9023020411531131,0.6441772149120262,0.0,0.0625,0.0,60,0.05067690319757172,0.5068565011024475,0.0,1.0,64,1.0,50,0.78125,0.9028248198764907,40.197500000000005,25.004259387152423,-0.5223060275479466,0.427757875829948,2.9375,1.4882351124738322,-0.47058709391091325,0.46523244030844685,3.013508281250002,1.7442361201285548,0.33238340280284656,0.8336332810840815,276.17875000000004,84.14872777020315,-0.4538496263994173,0.5586928485933521,1.0,0.999049961566925,0.0,1.0837910175323486,0.056019917130470276
57,0.8585026277708077,0.96875,0.9007483677517983,0.6417769726243856,0.0,0.015625,0.0,62,0.03795187687201455,0.5333651900291443,0.0,1.0,63,0.984375,42,0.6666666666666666,0.8952953296620404,44.87253968253969,33.721528188848175,-0.4423282520393703,0.5768876831926091,2.873015873015873,1.6665910791627538,-0.49074527154463216,0.5209877312102519,3.099725555555557,1.6684679245246383,0.3735897443273925,0.7974209307180897,295.6289047619047,93.20919850473827,-0.32471324302847415,0.6188484841972284,0.984375,0.9980295896530151,0.00041442186920903623,1.0446385145187378,0.051364921033382416
58,0.8556498278032013,0.96875,0.8285186004734808,0.632086892919822,0.0,0.03125,0.0,62,0.042871920748288016,0.5459463596343994,0.0,1.0,64,1.0,50,0.78125,0.8966613031150958,48.665625000000006,35.78725038661639,-0.3774384229460013,0.6122268198449079,3.296875,2.133656540864766,-0.35824401932914895,0.6669955781627537,2.983685468750002,1.4876524794526638,0.3181300062881029,0.7110027153133318,306.7375000000001,90.1508551372019,-0.2509593921753695,0.5985430724190302,1.0,0.997966468334198,0.0008285004296340048,1.0446385145187378,0.054565802216529846
59,0.8414455105063583,0.953125,0.8926730146173572,0.6708889847196923,0.0,0.046875,0.0,61,0.03694939831239169,0.48340216279029846,0.0,1.0,64,1.0,49,0.765625,0.8947696138223249,36.71109375,21.43387470200409,-0.5819493750548329,0.36667787561208276,2.609375,1.1807993518693174,-0.5731612054855676,0.36912592599138405,3.306660625000002,1.597590086045499,0.47249146922666857,0.7635458582060277,276.23104687500006,72.86800255715593,-0.4535024091468156,0.4837961666056313,1.0,0.9993465542793274,0.006669842638075352,1.0648608207702637,0.06703510135412216
60,0.9127620751026257,1.0,0.87168486462906,0.6950893561409306,0.0,0.0,0.0,64,0.02425736345536783,0.5789109468460083,0.0,1.0,64,1.0,50,0.78125,0.878277413929541,38.07953125,24.679711900015636,-0.5585389668862626,0.4222057120344104,2.90625,1.2464794171986957,-0.4803560569180232,0.3896579621036164,2.972017656250002,1.4396275658131856,0.31255353834021304,0.6880498789002737,280.094421875,72.64628579584371,-0.42785211066780976,0.48232411144519327,1.0,0.9977588653564453,0.0091033224016428,0.9999999403953552,0.05601908639073372
61,0.8180675416557501,0.9375,0.9032069797317187,0.6568952435838809,0.0,0.046875,0.0,60,0.029743396078601277,0.5057682991027832,0.0,1.0,63,0.984375,50,0.7936507936507936,0.8884322757281105,39.01587301587302,31.888789523180655,-0.5425205934315983,0.5455342890992745,2.8412698412698414,1.8275349796348261,-0.5006692974566168,0.5712998915280649,2.988212380952383,1.5298131299147015,0.32029358071985603,0.7311528090831577,276.0796031746032,95.80685430470608,-0.45450789686621745,0.6360952300127125,0.984375,0.9970599412918091,0.0032362460624426603,1.0837910175323486,0.054401081055402756
62,0.8367949602136827,0.96875,0.8804920185958186,0.6762213700891466,0.0,0.03125,0.0,62,0.025298600255120755,0.4978814125061035,0.0,1.0,64,1.0,50,0.78125,0.8905954095749378,44.44859375,23.95710090891552,-0.44958086483473675,0.4098437165112324,3.015625,1.3974551368022516,-0.4461646863931384,0.43685400113654255,2.3427559375000007,1.3143781655403153,0.011806692653110924,0.6281886781727077,257.67070312500005,74.86774928847029,-0.5767310258512401,0.4970731848967964,1.0,0.9993153214454651,0.006856023333966732,1.0446385145187378,0.05856673792004585
63,0.8238661967323342,0.96875,0.8627414655300879,0.6542892607062815,0.0,0.03125,0.0,62,0.016896949285412636,0.46207961440086365,0.0,1.0,64,1.0,52,0.8125,0.8915779626104638,40.7115625,24.72634856147575,-0.5135117545547295,0.4230035440730681,2.734375,1.3374671432880136,-0.5340853534571278,0.4181013454721796,2.4025525000000014,1.4557536860044793,0.04038562415164624,0.6957571327124661,249.52184375000002,75.19585831268796,-0.6308341546524044,0.4992516155189438,1.0,0.9988179206848145,0.0082772895693779,1.0446385145187378,0.05497269332408905
64,0.8254627535558534,0.96875,0.8627344867394816,0.6366742888676479,0.0,0.03125,0.0,62,0.031015783695555146,0.5179126858711243,0.0,1.0,64,1.0,49,0.765625,0.8891860843615481,46.289375,34.408598347424366,-0.41808988303136535,0.588641667464973,3.3125,2.090716085459716,-0.353359537825594,0.6535720991112214,2.7471606250000016,1.4201718970536148,0.2050862622228326,0.6787513138742665,288.247484375,96.39440981927333,-0.37372107584903314,0.6399962166685862,1.0,0.9982349872589111,0.0,1.0446385145187378,0.0567256323993206
65,0.8245025235003154,0.953125,0.855423279473039,0.6970171288086148,0.0,0.0,0.0,61,0.026389906633890632,0.44707855582237244,0.0,1.0,61,0.953125,51,0.8360655737704918,0.8891847617702888,43.46508196721313,25.62512065532256,-0.46640619465333566,0.43837919810730386,3.098360655737705,1.2765850710774942,-0.42030095646447846,0.39906919471311525,2.5380096721311487,1.4402172791687684,0.10512548680380648,0.6883317241584016,272.82185245901644,60.58094171337943,-0.47613724380380357,0.4022180702332688,0.953125,0.9998486638069153,0.0019129603169858456,1.0648608207702637,0.052375949919223785
66,0.8209214666977618,0.953125,0.8602767132344793,0.6856634854386093,0.0,0.046875,0.0,61,0.025630995583193136,0.5359014868736267,0.0,1.0,64,1.0,54,0.84375,0.8951732530191964,49.775937500000005,31.876864882640106,-0.35844386249317406,0.545330289499499,3.328125,1.8460658125795515,-0.348475056322039,0.5770927562169595,2.222496250000001,1.4974740872533707,-0.045669744576833614,0.7156968155225517,277.08503125000004,83.32251594969114,-0.4478325080589955,0.5532073392128193,1.0,0.9985922574996948,0.0018373909406363964,1.0648607015609741,0.05087967962026596
67,0.8274397116571754,0.96875,0.8769950570478555,0.6527302478802981,0.0,0.03125,0.0,62,0.03482754750567987,0.4624364972114563,0.0,1.0,64,1.0,55,0.859375,0.8984340022557535,45.991093750000005,25.36677170268639,-0.4231926997924752,0.433959519144154,3.21875,1.3517205471176355,-0.3826664268469238,0.42255705666376275,2.478742812500001,1.6362839474280875,0.07679971938980414,0.7820390485774108,275.34765625,86.43375583109497,-0.45936754861808293,0.5738639494558829,1.0,1.0003471374511719,0.007733204402029514,1.0446386337280273,0.05474041774868965
68,0.8324951246359202,0.96875,0.8588190814179759,0.6552438064849104,0.0,0.015625,0.0,62,0.021916861795840088,0.5220807194709778,0.0,1.0,63,0.984375,48,0.7619047619047619,0.884931821786524,48.270476190476195,27.391271198476367,-0.38419839182896237,0.4685934425301385,3.0634920634920637,1.3077669793045068,-0.4312011160727239,0.4088168717678603,2.6727558730158747,1.773948398399168,0.16952555068327135,0.8478338493084048,278.34434920634925,73.86050660646578,-0.43947145549217786,0.4903857482813474,0.984375,0.9987478256225586,0.004977600648999214,1.0446385145187378,0.05747305974364281
69,0.8126771946227651,0.9375,0.8449944267670314,0.7000232529121854,0.0,0.0625,0.0,60,0.026263349774184576,0.495095819234848,0.0,1.0,64,1.0,58,0.90625,0.8908371958411184,43.26046875,24.77241910306245,-0.46990659487741876,0.4237916912724044,3.0,1.286953767623375,-0.45104916789669336,0.40231051992875233,2.7658182812500014,1.4839677555012314,0.21400342832066568,0.7092416529880686,280.674328125,72.53918779336081,-0.424001910155993,0.4816130503314801,1.0,0.9975273609161377,0.007914339192211628,1.0837910175323486,0.059586409479379654
70,0.8413849268184695,0.96875,0.8513158112764359,0.640342594125783,0.0,0.03125,0.0,62,0.037285481031811056,0.5787680149078369,0.0,1.0,64,1.0,54,0.84375,0.9011082402801822,44.75796875,25.626319550152406,-0.44428826285097683,0.43839970808113743,2.984375,1.494700926397987,-0.45593364940024833,0.46725369781359644,2.6856840625000014,1.6395741207272396,0.1757043981992458,0.7836115409315453,274.686140625,83.73802591954333,-0.4637595823268935,0.555966055295962,1.0,0.9981633424758911,0.03715898469090462,1.0446385145187378,0.053244445472955704
71,0.806145381876724,0.953125,0.8782211815724608,0.6662496689499747,0.0,0.046875,0.0,61,0.041412875397994105,0.49872612953186035,0.0,1.0,64,1.0,59,0.921875,0.9012054099626468,41.49375,28.849135954348785,-0.5001305598422537,0.49353371856725853,2.75,1.6007810593582121,-0.5292008719535729,0.5004150704432843,2.344474687500001,1.4450011321167382,0.012628145199201897,0.6906180998292287,252.838703125,73.77524351232259,-0.6088123646419501,0.4898196567644699,1.0,1.0006396770477295,0.014471779577434063,1.0648608207702637,0.06298733502626419
72,0.7517698460163497,0.890625,0.8825558967757643,0.6688407675242205,0.0,0.109375,0.0,57,0.04288917472896376,0.4425356686115265,0.0,1.0,64,1.0,54,0.84375,0.9071636598733506,38.78640625,24.214074830508412,-0.5464461732627628,0.4142398722678291,2.578125,1.260018446045533,-0.5829301684926775,0.39389035480623874,2.265412812500001,1.8314328850891162,-0.02515837321096137,0.8753077564805851,245.05175000000003,76.40743120600249,-0.6605126712128314,0.5072956719055464,1.0,0.9981058239936829,0.005184032954275608,1.1334558725357056,0.0560658797621727
73,0.7581631907978341,0.953125,0.8880531988183006,0.6384104849401029,0.0,0.046875,0.0,61,0.027601633890013542,0.4258282482624054,0.0,1.0,64,1.0,50,0.78125,0.9043130177102062,42.978125000000006,30.591377914935038,-0.4747367624454258,0.523338949296272,2.96875,1.776308936390289,-0.4608181309038033,0.5552862812414571,2.6236948437500014,1.5830558953304859,0.14607751728441148,0.756599444842701,268.074921875,82.50506447623856,-0.5076537769747086,0.5477799928417934,1.0,0.9976077675819397,0.008450704626739025,1.0648607015609741,0.04985495284199715
74,0.8343242673274982,0.984375,0.8856700829097203,0.6654852517658792,0.0,0.015625,0.0,63,0.0416863579502524,0.4992506802082062,0.0,1.0,64,1.0,55,0.859375,0.8959306948872117,45.266875,26.95890575689924,-0.4355821998908223,0.4611967938229051,2.875,1.6630168369562588,-0.4901250199251331,0.5198703987336535,2.544975937500001,1.5007666226181702,0.10845491599594527,0.7172704367929568,268.814296875,74.07952105311392,-0.5027448076310864,0.4918398618291493,1.0,0.9992713928222656,0.0009157509193755686,1.0230478048324585,0.04646335914731026
75,0.7934172111344784,0.953125,0.8486366359913935,0.6568797744006765,0.0,0.046875,0.0,61,0.026527531807872876,0.47094032168388367,0.0,1.0,64,1.0,54,0.84375,0.8913341689766532,52.396718750000005,29.523352835863655,-0.3136091084155958,0.5050678166831051,3.234375,1.774314898594666,-0.37778194534336884,0.55466293143473,2.4348623437500017,1.7061319442562752,0.05582766250058351,0.8154219226625669,281.6848593750001,92.35422474463938,-0.417292639586901,0.6131720142355357,1.0,0.9985491633415222,0.000434593646787107,1.0648607015609741,0.04754042997956276
76,0.7019064121771542,0.921875,0.8434699863447981,0.5835148203027146,0.0,0.0625,0.0,59,0.04349542779295648,0.4502190351486206,0.0,1.0,63,0.984375,54,0.8571428571428571,0.8990580501463122,54.78555555555556,34.59980708166135,-0.2727423208084459,0.5919127518322778,3.4761904761904763,1.7982102465237337,-0.30218877921692283,0.5621327800734847,2.3947509523809547,1.8579863061660833,0.03665698347957926,0.8879985930484965,299.4803968253969,96.10812487523113,-0.29914183952296475,0.638095470749609,0.984375,0.9999237656593323,0.0016659725224599242,1.1014959812164307,0.04652348905801773
77,0.7869830319491331,0.9375,0.8721635396281878,0.6605114160522286,0.0,0.0625,0.0,60,0.04025902560630499,0.4400613307952881,0.0,1.0,64,1.0,52,0.8125,0.8965134679609685,47.838750000000005,30.516784341776578,-0.39158410461168686,0.5220628471765978,3.109375,1.7863824084934894,-0.41685779737180856,0.5584353172839952,2.6650082812500013,1.6178331833481356,0.16582269745729356,0.7732207637013099,278.1761875,84.69540195770578,-0.44058793990298356,0.5623224098138422,1.0,0.9992085695266724,0.0,1.0837910175323486,0.04881126433610916
78,0.7562747231530432,0.9375,0.8797184695800145,0.6182127568327258,0.0,0.0625,0.0,60,0.03218646286997005,0.4652636647224426,0.0,1.0,64,1.0,53,0.828125,0.9040985596085659,48.275781249999994,32.48060174957737,-0.3841076360517999,0.5556586577891836,3.234375,1.826388063740836,-0.37778194534336884,0.570941357801964,2.851606718750002,1.9120924605831506,0.2550048132862123,0.9138578735169101,298.04987500000004,104.02221554440013,-0.3086395744832422,0.6906398879636,1.0,0.997795045375824,0.0023894861806184053,1.0837910175323486,0.055888716131448746
79,0.7878845205827163,0.921875,0.8827113908226207,0.6679522341578418,0.0,0.078125,0.0,59,0.0420821017353463,0.505870521068573,0.0,1.0,64,1.0,55,0.859375,0.8900207138438222,44.273906249999996,34.59206536626154,-0.45256931383364774,0.5917803112075253,2.671875,1.6398807835861118,-0.5536232794713477,0.5126379107495419,2.8793779687500014,1.5087896477963525,0.2682776941709399,0.7211049295696661,279.64700000000005,90.73732376050532,-0.43082270105569237,0.6024368428234834,1.0,0.9990808963775635,0.00514579750597477,1.1014959812164307,0.049083173274993896
80,0.8086469392973257,0.96875,0.8977134218139033,0.6935203656671945,0.0,0.015625,0.0,62,0.021411978666623626,0.4204166829586029,0.0,1.0,63,0.984375,53,0.8412698412698413,0.8853022007904361,44.914444444444456,32.1053644223416,-0.4416113705008292,0.5492393226053167,2.761904761904762,1.7522256659975333,-0.5254793622365787,0.5477576867596312,3.236817301587304,1.5902516648563638,0.4391108287351433,0.7600385623397864,304.51636507936513,77.17281501790227,-0.26570628412254815,0.512377322852252,0.984375,0.9988267421722412,0.005080440081655979,1.0446385145187378,0.055534303188323975
81,0.8032097950062878,0.96875,0.8805438671861926,0.6924513090627901,0.0,0.03125,0.0,62,0.032398609147827724,0.45579075813293457,0.0,1.0,64,1.0,55,0.859375,0.8922384908849033,42.704375,26.36218384560306,-0.47941991329166195,0.45098843318782095,2.671875,1.3699302844944337,-0.5536232794713477,0.4282495446894629,2.937598750000002,1.586727772335749,0.29610350303971816,0.7583543671495553,278.17325,78.33671845788544,-0.44060744299335997,0.5201048850579169,1.0,0.9977118968963623,0.009165902622044086,1.0446385145187378,0.059671152383089066
82,0.8106595939372404,0.984375,0.8970922775684841,0.681729728756114,0.0,0.015625,0.0,63,0.027681230056095893,0.4166925847530365,0.0,1.0,64,1.0,52,0.8125,0.8964557318513867,39.49875,26.780278803860497,-0.5342598235435904,0.45814095102369434,2.59375,1.3313380252587996,-0.5780456869891225,0.4161853413987843,2.7924904687500014,1.5170554067351896,0.2267510276409206,0.7250554335555168,258.729875,68.81235342343612,-0.5696988131526755,0.45686929287319894,1.0,0.9992945790290833,0.01116504892706871,1.023047685623169,0.0596219040453434
83,0.7829795664584852,0.9375,0.8438955033818881,0.6698228796829434,0.0,0.046875,0.0,60,0.042461990406647845,0.49466124176979065,0.0,1.0,63,0.984375,55,0.873015873015873,0.8936758007477285,40.68507936507935,23.010276439432406,-0.5139648121463811,0.39364601124914356,2.5396825396825395,1.4234476013616102,-0.5949475436204715,0.44497942272835017,2.3635752380952395,1.4269273593939007,0.02175698646069792,0.6819799927044912,249.5286349206349,68.21224131407018,-0.630789065694225,0.4528849385907122,0.984375,0.9975751042366028,0.0010183299891650677,1.083790898323059,0.05950969085097313
84,0.7564576195973687,0.9375,0.8801756635308265,0.6608100048693124,0.0,0.0625,0.0,60,0.03486245433144956,0.4169090986251831,0.0,1.0,64,1.0,53,0.828125,0.8983812984118564,41.8803125,25.337478537777663,-0.49351748039385873,0.4334583892444965,2.765625,1.3548776178588973,-0.5243163904500179,0.42354397849679365,2.352026562500001,1.333039837552009,0.01623745833171696,0.6371077635477295,249.503484375,77.62175829342092,-0.6309560489672557,0.5153580143505394,1.0,0.9977208971977234,0.004948045592755079,1.0837910175323486,0.06375609338283539
85,0.7631975932011175,0.921875,0.911590091252731,0.6972617316258626,0.0,0.0625,0.0,59,0.02333557177394501,0.4077862501144409,0.0,1.0,63,0.984375,51,0.8095238095238095,0.8928829676206732,35.540476190476184,21.284888851578163,-0.601975598304158,0.36412911502213074,2.5555555555555554,1.282083841670392,-0.5899855306644792,0.4007881478813265,2.744838730158732,1.331547172303044,0.20397654502771037,0.636394365049272,258.52704761904755,71.21569101120963,-0.5710454551072218,0.47282589208301035,0.984375,0.9975355267524719,0.010125361382961273,1.1014959812164307,0.057334158569574356
86,0.7566950068788494,0.921875,0.8599526821556738,0.645663322246564,0.0,0.078125,0.0,59,0.03511150868407083,0.4317431151866913,0.0,1.0,64,1.0,50,0.78125,0.8905651833330875,47.6646875,30.662375711567815,-0.39456186148537814,0.5245535370273466,2.890625,1.572390571510463,-0.48524053842157816,0.4915400104260533,1.9867150000000007,1.5866386506158636,-0.15835809839966344,0.7583117726688503,243.84703125,78.30729873129822,-0.6685112205435995,0.5199095571986919,1.0,0.9979798793792725,0.010813593864440918,1.1014959812164307,0.0610625334084034
87,0.7383429725402589,0.90625,0.8430912890310945,0.6665904218895293,0.0,0.09375,0.0,58,0.032350612400731525,0.4578087031841278,0.0,0.984375,64,0.984375,52,0.8125,0.8894507241741372,44.465625,29.39245241527789,-0.44928950442249943,0.5028284507819585,2.90625,1.5783570373967988,-0.4803560569180232,0.49340516833091086,2.3007546875000013,1.6375445392387136,-0.00826721789321558,0.7826415308188188,257.259671875,79.74826281886467,-0.579460006146112,0.5294766219914206,1.0,0.9965481758117676,0.0045045046135783195,1.1180338859558105,0.06350637227296829
88,0.7853365176057678,0.953125,0.8742274930242633,0.6877356317237745,0.0,0.046875,0.0,61,0.03815813488096734,0.417532742023468,0.0,1.0,64,1.0,50,0.78125,0.8867038310786851,45.03093750000001,28.811159660730315,-0.43961847716126534,0.49288404290845944,2.875,1.2930100540985752,-0.4901250199251331,0.4042037563619264,2.5250868750000013,1.6557024749689673,0.09894921648759013,0.7913198624769258,265.91976562499997,69.56833554088705,-0.5219626134405955,0.46188852268066194,1.0,0.9964194297790527,0.005365853663533926,1.0648608207702637,0.06271608918905258
89,0.7809463657429667,0.96875,0.8497057335992013,0.6750696849547626,0.0,0.03125,0.0,62,0.03245619665852178,0.45314523577690125,0.0,1.0,64,1.0,53,0.828125,0.890365125492783,52.761875,30.638482485011803,-0.3073622342559762,0.5241447860349627,3.109375,1.5321266623145098,-0.41685779737180856,0.4789532379634325,2.368848906250001,1.4438489211945775,0.02427746246533342,0.6900674167190367,268.79968750000006,69.56612632032093,-0.5028418043837549,0.46187385489228344,1.0,0.9984349012374878,0.002357378602027893,1.0446385145187378,0.06424174457788467
90,0.7967380132923787,0.984375,0.8739284127950668,0.7002808666643071,0.0,0.0,0.0,63,0.03067640656996371,0.44089722633361816,0.0,1.0,63,0.984375,54,0.8571428571428571,0.8872427797740631,42.77095238095237,27.937735800036712,-0.47828094738135224,0.47794203124698004,2.7142857142857144,1.3265131692556302,-0.5403654011045556,0.4146770585248773,2.722085555555557,1.4529454315284174,0.19310198316040675,0.6944149667258874,272.2816190476191,58.01070291380113,-0.47972404245800465,0.38515335547699847,0.984375,0.998079776763916,0.008666345849633217,1.0230478048324585,0.06226874515414238
91,0.7648168774031545,0.96875,0.8883755389721163,0.6552312535893304,0.0,0.03125,0.0,62,0.025732804831146268,0.36758363246917725,0.0,1.0,64,1.0,50,0.78125,0.8912143061867718,43.241406250000004,27.343705849517928,-0.47023270469662004,0.4677797230626454,2.6875,1.4238482187368147,-0.5487387979677927,0.4451046584505383,2.4815517187500014,1.3573468318188284,0.07814219688262933,0.6487249518114647,250.137609375,70.32602479270595,-0.6267458712022186,0.46691908675054633,1.0,0.9992513656616211,0.014871794730424881,1.0446385145187378,0.07247475534677505
92,0.783647473776244,0.96875,0.8727175261705152,0.6823407432084205,0.0,0.03125,0.0,62,0.03689050472462162,0.4095609188079834,0.0,1.0,64,1.0,50,0.78125,0.8909324934061678,37.575781250000006,24.346452886193678,-0.5671568198133544,0.41650451666419636,2.59375,1.3313380252587996,-0.5780456869891225,0.4161853413987843,2.7807031250000014,1.4150381783209467,0.2211174314023252,0.6762977247403815,256.55878125000004,67.67451110634936,-0.5841134642578371,0.4493147595816289,1.0,0.9986615180969238,0.0015143866185098886,1.0446385145187378,0.06715530902147293
93,0.7755418828654465,0.96875,0.8852128564350067,0.6643622005564245,0.0,0.03125,0.0,62,0.030370741954851885,0.42574653029441833,0.0,1.0,64,1.0,53,0.828125,0.8890686111321909,41.168125,25.582119969020845,-0.5057011570817262,0.4376435681513491,2.6875,1.3213984069916234,-0.5487387979677927,0.41307814897776546,3.045104062500002,1.6145431874060001,0.34748416495763507,0.7716483561124832,274.503734375,78.72230037214726,-0.46497064124738036,0.5226648983077107,1.0,0.9992161989212036,0.00046232083695940673,1.0446385145187378,0.06437986344099045
94,0.7525479864576408,0.9375,0.8464075922966003,0.6975753544765854,0.0,0.046875,0.0,60,0.027696658272032784,0.3967512845993042,0.0,1.0,63,0.984375,53,0.8412698412698413,0.8866287972831361,45.32634920634923,32.502529733124746,-0.4345647508322155,0.5560337885826306,3.0476190476190474,1.656431155326294,-0.43616312902871635,0.5178116697666222,2.794074444444446,1.360804309937814,0.2275080666908973,0.6503774051664577,281.8672222222223,83.26850086478133,-0.4160818688326429,0.5528487141633986,0.984375,0.9970236420631409,0.006448640953749418,1.0837910175323486,0.057210132479667664
95,0.7853345170510546,1.0,0.8725229580886662,0.6619243288422336,0.0,0.0,0.0,64,0.04015660991556057,0.46305572986602783,0.0,1.0,64,1.0,56,0.875,0.8888644607100289,41.593593750000004,27.64075265613187,-0.4984224928384039,0.4728614217065387,2.859375,1.4670036160061093,-0.49500950142868805,0.4585953297939262,3.036646562500002,1.5004337154117933,0.3434420210108345,0.7171113284454425,272.95740624999996,60.38197157024574,-0.4752372547531191,0.40089703783030767,1.0,0.9983584880828857,0.01650165021419525,0.9999998211860657,0.051306236535310745
96,0.7691690795020797,0.984375,0.8851317167282104,0.6633118552846199,0.0,0.015625,0.0,63,0.03554401171951225,0.35653334856033325,0.0,1.0,64,1.0,53,0.828125,0.8949662869144589,36.709375,23.138662374570725,-0.5819787783991872,0.3958423608410625,2.75,1.3228756555322954,-0.5292008719535729,0.4135399469408417,2.9658209375000015,1.646863486067645,0.30959190320153845,0.7870953912403525,276.68500000000006,81.37677473583148,-0.4504884555047986,0.5402888824493924,1.0,0.9992913603782654,0.0009199631749652326,1.0230478048324585,0.04645897075533867
97,0.6683068854073317,0.90625,0.8467805097843039,0.6265098458008536,0.0,0.09375,0.0,58,0.03653798588186656,0.41021302342414856,0.0,1.0,64,1.0,48,0.75,0.9002066322813156,55.03140625,29.510363850433308,-0.2685364545518789,0.5048456089091877,3.25,1.590990257669732,-0.37289746383981387,0.4973543990991334,2.4902742187500015,1.6278801274806045,0.0823109938765364,0.7780225602616294,290.147140625,94.98457019857678,-0.36110859328650424,0.6306357981023337,1.0,0.9979784488677979,0.007785466965287924,1.1180338859558105,0.05647233501076698
98,0.7516529174638298,0.96875,0.8744080850193577,0.6841691741215101,0.0,0.03125,0.0,62,0.03798299159543365,0.4115501046180725,0.0,1.0,64,1.0,50,0.78125,0.8912354075363343,43.5225,30.37587894818848,-0.4654239213790524,0.5196523221967939,2.859375,1.456313705688098,-0.49500950142868805,0.455253590963655,2.751112343750002,1.7286950141307311,0.20697493098130398,0.8262056266311475,282.019015625,71.86142279360769,-0.41507405931676844,0.4771131313377787,1.0,0.9961060285568237,0.0018596001900732517,1.0446385145187378,0.05349370464682579
99,0.7491225271896085,0.96875,0.8409722663702504,0.6495442902762055,0.0,0.03125,0.0,62,0.04611674286390168,0.46214160323143005,0.0,1.0,64,1.0,51,0.796875,0.9001711167841968,45.54515625,30.716309338046884,-0.4308215311367434,0.5254762011679349,2.9375,1.7036266463048764,-0.47058709391091325,0.5325653019417314,2.5317085937500012,1.680381000917155,0.10211397443766147,0.8031146191162907,259.91543750000005,80.7430058514891,-0.5618274488687222,0.5360810690608168,1.0,0.998634934425354,0.0024449878837913275,1.0446385145187378,0.05778834968805313
100,0.7304209572406418,0.9375,0.8221551259358724,0.6605754082423334,0.0,0.0625,0.0,60,0.03218317862237132,0.41864895820617676,0.0,1.0,64,1.0,40,0.625,0.9032087791077562,45.549375,37.41344644121115,-0.43074935929151026,0.6400468068009669,3.015625,1.7454600709769903,-0.4461646863931384,0.5456427156403746,2.027131875000001,1.5726841951211905,-0.13904141774582382,0.7516424356533384,248.64992187499996,80.51563804478934,-0.6366231490793306,0.5345714946326637,1.0,0.9977967739105225,0.002637130906805396,1.083790898323059,0.055138006806373596
101,0.6691878927109578,0.859375,0.8585396826267242,0.6736897643915012,0.0,0.140625,0.0,55,0.036688459227622726,0.4269510507583618,0.0,1.0,64,1.0,46,0.71875,0.9016946304368646,40.6596875,27.731690354220095,-0.5143992009479661,0.47441712931478214,2.734375,1.4815763089949163,-0.5340853534571278,0.4631508529530182,2.0509203125000006,1.6086339768068454,-0.12767206644290124,0.7688241314771012,228.3133125,79.74668981156739,-0.7716450148106415,0.5294661782455546,1.0,0.9958281517028809,0.005888651125133038,1.1611262559890747,0.05783095583319664
102,0.7581512411012267,0.96875,0.8886896770808005,0.669874210154575,0.0,0.03125,0.0,62,0.028665984997935982,0.36565372347831726,0.0,1.0,64,1.0,48,0.75,0.8880787107578892,37.183125000000004,28.42178757545653,-0.5738741474826416,0.48622289875996405,2.640625,1.4182646471568696,-0.5633922424784576,0.44335919591575323,2.992047968750002,1.6956761962886489,0.322126746312356,0.8104247440215246,270.0864375,79.47566037176004,-0.49429862088024845,0.5276667189573271,1.0,0.9970178604125977,0.006369426846504211,1.0446386337280273,0.06121498718857765
103,0.7911684243338919,0.96875,0.8714995235204697,0.6927654130160118,0.0,0.03125,0.0,62,0.052964331006006865,0.5188832879066467,0.0,1.0,64,1.0,50,0.78125,0.8953666241601893,36.90171875,20.838665950784815,-0.5786882768628193,0.3564954012122302,2.546875,1.1582541752029216,-0.5926991314997875,0.3620781500924152,2.9266512500000017,1.426865146321103,0.2908712983861443,0.6819502588356623,261.35282812500003,69.45215065122059,-0.5522841095443816,0.4611171305432963,1.0,0.9979932904243469,0.0025050099939107895,1.0446385145187378,0.06711726635694504
104,0.7619794277722067,0.953125,0.8831918273792893,0.6816028216726973,0.0,0.03125,0.0,61,0.03190698798537403,0.4077586233615875,0.0,1.0,63,0.984375,51,0.8095238095238095,0.8851171167075609,38.01301587301587,27.026234616963876,-0.5596768720698643,0.46234861558724416,2.7301587301587302,1.5857134912688478,-0.5354033881485633,0.4957048459545767,3.334446984126986,1.7469312120470697,0.4857715713075159,0.8349213626075218,276.9686984126985,88.24907228445967,-0.4486048824724798,0.585916470596765,0.984375,0.9985508918762207,0.006071928888559341,1.0648607015609741,0.07454672455787659
105,0.7725252824263438,0.953125,0.8731501874376516,0.7297259913366347,0.0,0.046875,0.0,61,0.039834463602146625,0.4053090214729309,0.0,1.0,64,1.0,56,0.875,0.8862856707467012,33.999531250000004,21.882577718193378,-0.6283371603205751,0.3743540177489797,2.46875,1.211516998436258,-0.6171215390175623,0.3787284716866775,3.1384443750000024,1.1259996471245506,0.3920948630556965,0.538155797543497,272.189078125,63.57646610512238,-0.48033845402475717,0.42210640484985396,1.0,0.9980506896972656,0.00939199235290289,1.0648607015609741,0.06517492979764938
106,0.7428592389262964,0.9375,0.8862154463926951,0.7098253702154625,0.0,0.0625,0.0,60,0.023471631770491896,0.33072736859321594,0.0,1.0,64,1.0,54,0.84375,0.8929243894271077,33.84171875,19.062147665160882,-0.6310369219385537,0.32610379166821735,2.546875,1.0297100244122128,-0.5926991314997875,0.3218943723690617,2.890631250000001,1.3321562775938924,0.27365604270021343,0.636685478411893,259.86607812500006,65.68879250495876,-0.5621551630309475,0.4361308789536848,1.0,0.9999960660934448,0.0,1.0837910175323486,0.07144896686077118
107,0.7938725039439367,0.984375,0.8655201821100145,0.7049069701082255,0.0,0.015625,0.0,63,0.03311698603494259,0.3829851448535919,0.0,1.0,64,1.0,52,0.8125,0.8841931413196356,33.197031249999995,18.67994443243939,-0.6420658491026918,0.3195652879503953,2.421875,1.1153010734214326,-0.6317749835282273,0.34865071769740735,3.2882717187500017,1.3816877876809717,0.4637027484360422,0.6603583715451334,272.06809375000006,75.59527855083755,-0.481141711624665,0.5019035062432697,1.0,0.9980794787406921,0.003271027933806181,1.0230478048324585,0.0641283467411995
108,0.7557483926472879,0.9375,0.8936846787730853,0.7015133447548848,0.0,0.0625,0.0,60,0.039602788961947175,0.4874461889266968,0.0,1.0,64,1.0,50,0.78125,0.893480042647963,39.85921875,27.0629798632218,-0.5280931403231186,0.4629772312259946,2.78125,1.5357077969132018,-0.519431908946463,0.4800727250488118,2.8589545312500015,1.5022504266005918,0.2585165975982547,0.7179796001728899,264.361234375,83.3466698850617,-0.5323102477632689,0.5533677056415759,1.0,0.9996849894523621,0.003287928644567728,1.0837910175323486,0.07155650109052658
109,0.7221598114469447,0.921875,0.8589818811012526,0.6976712995310822,0.0,0.078125,0.0,59,0.025248860783059185,0.4103856682777405,0.0,1.0,64,1.0,51,0.796875,0.8913467255347687,36.133125,22.556581278739362,-0.5918369178517663,0.3858844664976081,2.625,1.340475661845451,-0.5682767239820126,0.4190418288799815,2.655265312500002,1.675842159233838,0.16116618168352143,0.800945343155817,256.907671875,68.63248924321822,-0.581797057316296,0.45567511164350444,1.0,0.9975319504737854,0.01149425283074379,1.1014959812164307,0.06589028984308243
110,0.7686753221551148,0.984375,0.8475076963031103,0.7051059711213365,0.0,0.015625,0.0,63,0.019275428867845022,0.36615946888923645,0.0,1.0,64,1.0,54,0.84375,0.8893367224840397,42.110312500000006,25.912744268551407,-0.48958277831300284,0.4432996904093683,2.984375,1.4085918001234425,-0.45593364940024833,0.44033539800077776,2.7058729687500014,1.4298004001812203,0.18535340383814178,0.6833531224032645,277.84521875,64.02302662823473,-0.44278535724526175,0.42507127642115444,1.0,0.9980571866035461,0.008707608096301556,1.023047924041748,0.056683897972106934
111,0.7161196503454325,0.953125,0.8872985453879247,0.6263865319534391,0.0,0.046875,0.0,61,0.023578746998321094,0.4639958143234253,0.0,1.0,64,1.0,45,0.703125,0.8990016499931917,38.372187499999995,25.865005465200344,-0.5535323792521303,0.44248300358813786,2.65625,1.3831434985206705,-0.5585077609749026,0.43238008545833756,2.8752601562500013,1.553134034378647,0.2663096432255145,0.7422987095044231,256.81809375,74.20807447763832,-0.5823917978329272,0.49269337299737637,1.0,0.9979984164237976,0.005058168899267912,1.0648607015609741,0.05588941648602486
112,0.7774011131335721,0.984375,0.8474024042250619,0.687654788337393,0.0,0.015625,0.0,63,0.04065184458809391,0.5019721388816833,0.0,1.0,64,1.0,50,0.78125,0.8868580996503694,40.5703125,27.13670807047796,-0.5159281748543856,0.46423852918472763,2.734375,1.2150384188884729,-0.5340853534571278,0.3798292917228429,2.706595000000001,1.4867058033524583,0.18569848858500393,0.7105502646993175,274.313140625,70.93423759653803,-0.4662360598452988,0.4709572243781507,1.0,0.9987467527389526,0.002434274647384882,1.0230478048324585,0.05657266825437546
113,0.7413548200607938,0.96875,0.8497448188643302,0.6717461509612673,0.0,0.015625,0.0,62,0.0290762850811861,0.4720275104045868,0.0,1.0,63,0.984375,49,0.7777777777777778,0.8928999106336405,47.39126984126985,35.20144082964135,-0.3992393268364574,0.6022051412239734,3.0476190476190474,1.722203935240488,-0.43616312902871635,0.5383726890900316,2.217005079365081,1.4349653548020382,-0.04829417285265881,0.6858216402934257,266.6849206349207,72.1741892993988,-0.5168824815902903,0.47918969761151037,0.984375,0.999381422996521,0.003403014037758112,1.0446385145187378,0.05928656831383705
114,0.7687666982689653,0.96875,0.8478811306338156,0.6921128388817387,0.0,0.03125,0.0,62,0.04247330621503223,0.5582872629165649,0.0,1.0,64,1.0,52,0.8125,0.8980992985815002,43.7184375,29.13456528650451,-0.4620719401226711,0.49841667242452126,2.890625,1.4589935261593863,-0.48524053842157816,0.4560913211092458,2.441430468750001,1.526668999090044,0.05896680606671738,0.7296501156890295,264.5390625,70.91646883479251,-0.5311295846166127,0.4708392513513607,1.0,0.998691737651825,0.0009704027324914932,1.0446385145187378,0.0621396079659462
115,0.7159317109632863,0.9375,0.8919672514001529,0.6384812630248687,0.0,0.046875,0.0,60,0.04574420116583002,0.4651584327220917,0.0,1.0,63,0.984375,46,0.7301587301587301,0.9050663718608636,48.555873015873004,30.5752902430082,-0.37931599407783856,0.5230637310518953,3.0634920634920637,1.4127875841305797,-0.4312011160727239,0.4416470286808273,2.168406031746032,1.7606865388211057,-0.07152140857877332,0.8414955288334673,255.14988888888888,71.45559630034903,-0.5934675936362414,0.47441870724413704,0.984375,0.9982622861862183,0.006120527163147926,1.0837910175323486,0.05921022966504097
116,0.7411850839397582,0.953125,0.8711655799482689,0.6510785432322511,0.0,0.046875,0.0,61,0.03903106618358055,0.47600996494293213,0.0,1.0,64,1.0,54,0.84375,0.8962890975715718,45.8271875,31.242575691511796,-0.425996709631346,0.534479250368208,3.296875,1.6363038331480495,-0.35824401932914895,0.5115197316612956,2.560928125000001,1.5548992730035969,0.11607904110872719,0.7431423806392147,286.27378125000007,81.33571324848427,-0.38682518152482054,0.5400162608668518,1.0,0.9970276951789856,0.0026443367823958397,1.0648607015609741,0.058999430388212204
117,0.7503251889783926,0.953125,0.8545058902169838,0.6976811179775596,0.0,0.046875,0.0,61,0.03590218684994874,0.40833786129951477,0.0,1.0,64,1.0,50,0.78125,0.8883526133647434,44.33625,26.72304000647194,-0.4515027743429809,0.4571617440011272,3.140625,1.5295749767092164,-0.4070888343646986,0.47815556365034817,2.4687251562500014,1.56850518361332,0.07201192056366576,0.7496451354972463,271.81028125000006,78.10953963534739,-0.4828534190247022,0.5185965653617418,1.0,0.9984273910522461,0.0023452157620340586,1.0648607015609741,0.05528605729341507
118,0.7646930736394977,0.9375,0.9098807364702225,0.7016283050244111,0.0,0.0625,0.0,60,0.0475315158477667,0.44907712936401367,0.0,1.0,64,1.0,51,0.796875,0.8885963317464836,38.94171875,32.01045603366809,-0.5437891801456631,0.5476156868035588,2.8125,1.5090870584562046,-0.509662945939353,0.4717509007541445,2.5649175000000017,1.6450824054445201,0.1179857071457086,0.7862441486438965,265.661515625,78.88890715984574,-0.5236772255562204,0.5237710590695043,1.0,0.9981959462165833,0.002844950184226036,1.0837911367416382,0.05177244171500206
119,0.7566651777596631,0.9375,0.8801859567562739,0.685570450498039,0.0,0.046875,0.0,60,0.03823431760792023,0.3919834792613983,0.0,1.0,63,0.984375,53,0.8412698412698413,0.8901712760326788,42.91507936507935,29.929642569846713,-0.47581530936243094,0.5120183778210768,2.857142857142857,1.5518257844571735,-0.49570728450062446,0.4851113178189276,2.393052063492065,1.8764433988047626,0.03584502327402056,0.896819902570811,259.39503174603175,81.65473071725198,-0.5652826047672511,0.5421343294710926,0.984375,0.9983150959014893,0.007874015718698502,1.0837910175323486,0.059731800109148026
120,0.7736310817926504,0.921875,0.8824293466947847,0.7219735351810174,0.0,0.0625,0.0,59,0.04723587633348801,0.4235936105251312,0.0,1.0,63,0.984375,50,0.7936507936507936,0.8827140761521423,41.21968253968254,31.425127493686592,-0.5048191416092364,0.5376022371329087,2.7301587301587302,1.5348475877629932,-0.5354033881485633,0.47980381780507536,2.8980423809523823,1.399521627129167,0.2771980891818113,0.6688818059138875,275.09133333333335,74.73346424078426,-0.46106936615314204,0.49618161947681666,0.984375,0.9974255561828613,0.007543611340224743,1.1014959812164307,0.0643238052725792
121,0.7620445989095294,0.9375,0.8784553696711858,0.6874404110336267,0.0,0.046875,0.0,60,0.0506488616226708,0.4396763741970062,0.0,1.0,63,0.984375,56,0.8888888888888888,0.8904269470717505,33.5431746031746,26.359597440467144,-0.6361442361809069,0.45094418651968954,2.4285714285714284,1.6876233473018427,-0.629681634312418,0.5275625615912559,3.2817758730158753,1.8650701535736474,0.46059814973506086,0.891384218933042,273.5056349206349,79.8682561584223,-0.47159737277517616,0.5302732997602486,0.984375,1.000314474105835,0.008958038873970509,1.0837910175323486,0.0679437518119812
122,0.8199698651396263,1.0,0.896755303721875,0.6651303211256676,0.0,0.0,0.0,64,0.05660548586991629,0.5773818492889404,0.0,1.0,64,1.0,57,0.890625,0.887112174414098,35.295468750000005,23.897331109462275,-0.6061670386774919,0.40882121062305404,2.59375,1.4970674458754356,-0.5780456869891225,0.46799348793298207,3.6763395312500022,1.5446180845362223,0.6491743368776658,0.738228630272166,292.001234375,70.83459787855756,-0.34879861610449114,0.470295681425017,1.0,1.0003395080566406,0.022644927725195885,0.9999998807907104,0.07512659579515457
123,0.8237006042480165,0.96875,0.8767031397550337,0.7156635809827336,0.0,0.03125,0.0,62,0.041456717815855824,0.46989208459854126,0.0,1.0,64,1.0,51,0.796875,0.8799882307529722,34.98703125,23.416247476357597,-0.6114436024734223,0.4005911203089555,2.390625,1.3418409404154428,-0.6415439465353372,0.41946862426701026,3.0255643750000014,1.3519007045220124,0.3381454443486487,0.6461220513696876,258.562359375,68.45998611971436,-0.5708110080033297,0.45452980304508084,1.0,0.9969460964202881,0.0015400410629808903,1.0446385145187378,0.06741049885749817
124,0.748731038405629,0.921875,0.8818299093488919,0.6870233349797201,0.0,0.0625,0.0,59,0.04835753072206003,0.5157261490821838,0.0,1.0,63,0.984375,51,0.8095238095238095,0.896377695858739,38.707142857142856,30.312408137177584,-0.547802163857592,0.5185665016221931,2.8095238095238093,1.4891900734392274,-0.5105933233686016,0.4655309676154606,2.6037058730158753,1.5598135581909482,0.1365240680315918,0.7454910945763006,257.96849206349214,72.2550986077894,-0.5747539008876866,0.47972688282132014,0.984375,0.997215211391449,0.0020429010037332773,1.1014959812164307,0.06494435667991638
125,0.7443557196640702,0.90625,0.8629680250225396,0.7095017793572351,0.0,0.0625,0.0,58,0.021310406091007657,0.3821691572666168,0.0,1.0,62,0.96875,42,0.6774193548387096,0.8892310850541824,36.62419354838709,23.91658950147144,-0.5834360115944552,0.40915067164528185,2.370967741935484,1.1945288039539048,-0.6476889393946482,0.3734178462960952,2.8035704838709687,1.2957491487670036,0.23204656604490254,0.6192851999125731,250.71198387096774,67.83936448283717,-0.6229323979410671,0.4504092788328495,0.96875,0.9995715022087097,0.011671087704598904,1.1180338859558105,0.052123527973890305
126,0.781658545151606,0.984375,0.8630735103100066,0.6859317731885245,0.0,0.015625,0.0,63,0.0347092217628661,0.4683048129081726,0.0,1.0,64,1.0,54,0.84375,0.8832420006719588,42.622656250000006,26.226101993182972,-0.4808179086641398,0.44866042645789034,2.875,1.3287682265918312,-0.4901250199251331,0.4153820048191576,3.077478906250002,1.674242405430288,0.36295726914831533,0.8001807631790637,283.93295312500004,72.43428092770324,-0.40236675853826165,0.4809165369418626,1.0,0.9971232414245605,0.0009380863048136234,1.0230478048324585,0.057874806225299835
127,0.7949475115980036,0.96875,0.8600140209159544,0.6981255074898821,0.0,0.03125,0.0,62,0.03725033619194187,0.48206856846809387,0.0,1.0,64,1.0,45,0.703125,0.8875573015867669,48.589375000000004,30.552917202934566,-0.3787428622228068,0.5226809864982744,2.859375,1.5090061661156327,-0.49500950142868805,0.4717256132571011,2.495347187500001,1.419515573029526,0.08473554840507548,0.6784376329778892,266.67873437500003,73.39353399296374,-0.5169235543345704,0.48728535369944714,1.0,0.9987019300460815,0.003777148202061653,1.0446385145187378,0.05595076456665993
128,0.7451307080091805,0.96875,0.824179309029733,0.6627141028042964,0.0,0.03125,0.0,62,0.03589255518133635,0.4662333130836487,0.0,1.0,64,1.0,52,0.8125,0.8929245630130044,44.447656249999994,33.695976194411344,-0.44959690302256644,0.5764505549939978,2.953125,1.708706450615494,-0.4657026124073583,0.5341532833943323,2.9169254687500015,1.482645748952623,0.2862229971378327,0.7086098184308013,288.01614062500005,85.3752781016458,-0.3752570479559995,0.566836345432522,1.0,0.9989671111106873,0.00044091709423810244,1.0446385145187378,0.06000771000981331
129,0.754097844998481,0.96875,0.8278816390422082,0.677326839839759,0.0,0.03125,0.0,62,0.022941165450362292,0.3610485792160034,0.0,1.0,64,1.0,47,0.734375,0.8874430497085114,52.95,31.023053121831836,-0.3041439045648414,0.5307237898824925,3.28125,1.8495670946197114,-0.3631285008327039,0.5781872808482486,2.131087812500001,1.5449252117492103,-0.08935713001308872,0.7383754174320687,271.018796875,82.28449818639521,-0.4881083607428167,0.5463155760640048,1.0,0.9991097450256348,0.0004708097840193659,1.0446385145187378,0.059363458305597305
130,0.7868276089801517,0.984375,0.8729930879577757,0.701155227980042,0.0,0.015625,0.0,63,0.024568053147236986,0.4326768219470978,0.0,1.0,64,1.0,52,0.8125,0.8888623106643301,49.375781249999996,31.364012608236983,-0.365289495665098,0.5365567203200833,3.0,1.75,-0.45104916789669336,0.5470619283981565,2.7150275000000015,1.5428341650555009,0.18972868413113436,0.7373760308833894,285.465703125,77.24216913700704,-0.39219029495559216,0.5128377891170557,1.0,0.9996896386146545,0.01112656481564045,1.0230478048324585,0.06789668649435043
131,0.7951743641483927,0.984375,0.8810925947295295,0.7017746910399455,0.0,0.015625,0.0,63,0.023602225752553982,0.40117403864860535,0.0,1.0,64,1.0,42,0.65625,0.8801582739863093,42.56625,31.30226611704814,-0.48178287296521943,0.5355003983750125,2.71875,1.430349061418226,-0.5389698349606828,0.44713686618397025,2.8482901562500014,1.3716961054321732,0.2534197085822733,0.6555829866299298,263.796296875,62.94990404249036,-0.5360610655060412,0.41794644007239046,1.0,1.000253438949585,0.00777076231315732,1.0230478048324585,0.07328276336193085
132,0.7799149808648869,0.984375,0.8577704647230724,0.6876810654621793,0.0,0.015625,0.0,63,0.015474711121442147,0.36181774735450745,0.0,1.0,64,1.0,47,0.734375,0.8872968696405767,42.1959375,22.734354422241548,-0.48811795715790174,0.388925702835253,2.453125,1.2238475127134916,-0.6220060205211173,0.3825830744973315,2.4898325000000012,1.540100481089831,0.08209988057219089,0.7360695048302652,242.61721875,59.21402717300946,-0.6766763760613042,0.39314264629544676,1.0,0.9990376234054565,0.0,1.0230478048324585,0.07600323110818863
133,0.7756338017697266,0.96875,0.8725203554476461,0.6700396919334826,0.0,0.03125,0.0,62,0.03782087045907044,0.5005234479904175,0.0,1.0,64,1.0,45,0.703125,0.8820525574259858,40.79203125,22.323437877856616,-0.512135143432691,0.3818959889993857,2.5,1.015504800579495,-0.6073525760104523,0.31745372257291654,2.806104375000001,1.5397879614007295,0.23325760390349792,0.7359201404117541,255.62620312500002,68.63645013861527,-0.5903051767530627,0.4557014094140234,1.0,0.9981586337089539,0.0005268703680485487,1.0446385145187378,0.06683611124753952
134,0.7599451016104568,0.96875,0.8772133978143815,0.687528043013383,0.0,0.03125,0.0,62,0.019419962773978214,0.3594954013824463,0.0,1.0,64,1.0,49,0.765625,0.8793618379028822,43.517343749999995,31.550729648961145,-0.46551213141211517,0.5397509634882076,2.78125,1.5659337270459437,-0.519431908946463,0.48952155683512366,2.749204531250001,1.6509109229603471,0.2060631186551428,0.7890298071476411,261.93687500000004,75.5082301363774,-0.5484064179743213,0.5013255613600971,1.0,0.9985475540161133,0.002475247485563159,1.0446383953094482,0.06926915794610977
135,0.7561164736426951,0.96875,0.8794838069908081,0.6691206043875764,0.0,0.03125,0.0,62,0.03248789263959645,0.4018079340457916,0.0,1.0,64,1.0,49,0.765625,0.8886783326136213,37.739999999999995,26.52803623056181,-0.5643474639118741,0.4538257363365692,2.5625,1.4670868242881878,-0.5878146499962325,0.45862134127007054,2.809346093750001,1.3991156784818786,0.2348069380829295,0.6686877884303108,260.2930625,69.16188613654812,-0.5593202643569588,0.4591899628623922,1.0,0.997570812702179,0.007070707157254219,1.0446385145187378,0.06060240417718887
136,0.7486676286259766,0.9375,0.8625010887781779,0.68162513725386,0.0,0.046875,0.0,60,0.026218093643826962,0.4010911285877228,0.0,1.0,63,0.984375,48,0.7619047619047619,0.8765874944359879,39.97666666666666,26.05594457353346,-0.5260839117922469,0.4457494753571599,2.5873015873015874,1.2926522585080844,-0.5800615047524944,0.40409190702152287,2.866236825396827,1.4568416355566973,0.2619970683288976,0.6962771029988299,259.15088888888886,65.24655827184289,-0.5669035546251429,0.43319473113550605,0.984375,0.9981423616409302,0.006039255298674107,1.0837910175323486,0.0596420057117939
137,0.8029815747522242,0.984375,0.8314467536078559,0.7064321321725594,0.0,0.015625,0.0,63,0.031805108063283107,0.39791104197502136,0.0,1.0,64,1.0,55,0.859375,0.8885663123829364,38.15015625000001,26.866633842706943,-0.5573307567364345,0.4596182612456139,2.578125,1.2723586304085024,-0.5829301684926775,0.3977479805516072,2.8861257812500014,1.4915034338093287,0.27150271686689265,0.712843225138008,261.7411875,60.339395482935494,-0.5497056557608709,0.4006143602886308,1.0,0.9985804557800293,0.002016128972172737,1.0230478048324585,0.05141928791999817
138,0.7671403124222156,0.953125,0.8337656723671272,0.6796377701814327,0.0,0.046875,0.0,61,0.04240858597271258,0.41511270403862,0.0,1.0,64,1.0,48,0.75,0.893915546087305,45.4375,27.29565344290186,-0.4326632497058396,0.46695767130480903,2.734375,1.3720671847161858,-0.5340853534571278,0.4289175542643807,2.408031562500001,1.547783603846178,0.04300426551357538,0.7397415459939772,256.903953125,76.9989707979979,-0.5818217473987937,0.5112231102455552,1.0,0.9982542991638184,0.0034602077212184668,1.0648607015609741,0.06327912956476212
139,0.7313761963512562,0.9375,0.8747617701689402,0.6722661127418429,0.0,0.0625,0.0,60,0.030926761361507838,0.45308253169059753,0.0,1.0,64,1.0,49,0.765625,0.8916085007420197,40.186406250000005,27.221014651321518,-0.5224958127705966,0.4656807956154884,2.578125,1.308681200436149,-0.5829301684926775,0.4091026635251509,2.7856262500000013,1.358295814564731,0.22347037020434618,0.6491785048545589,262.84625000000005,83.73535933914812,-0.5423687591450991,0.5559483509356409,1.0,0.998889148235321,0.0014513788046315312,1.0837910175323486,0.06787659227848053
140,0.7968093522892281,0.984375,0.8495667250383467,0.7215705881640926,0.0,0.015625,0.0,63,0.040735470009329394,0.41674289107322693,0.0,1.0,64,1.0,52,0.8125,0.8873280806743173,44.3090625,22.58049446693083,-0.45196788179003855,0.38629355898168144,2.671875,1.0614654890174244,-0.5536232794713477,0.3318213470571225,2.5963928125000013,1.1456505875490428,0.13302889294476633,0.5475476899331866,266.64665625000004,59.02210561021259,-0.5171365322310719,0.3918684118837479,1.0,1.0003703832626343,0.000499251123983413,1.0230478048324585,0.05664265528321266
141,0.7737269481304443,0.984375,0.8843494743581802,0.6898071201215439,0.0,0.015625,0.0,63,0.03026453791312247,0.3820042312145233,0.0,1.0,64,1.0,52,0.8125,0.8922752661196918,38.82234375,23.803389119395078,-0.545831376062629,0.4072141073891535,2.46875,1.1985505569228192,-0.6171215390175623,0.3746750736873611,2.7358029687500016,1.435203284589287,0.19965802912075994,0.6859353555106048,255.514734375,75.27993981513319,-0.5910452567889335,0.4998098620350815,1.0,1.0003554821014404,0.0019762846641242504,1.023047924041748,0.054045144468545914
142,0.743823908783283,0.953125,0.835882520089384,0.6991263893393123,0.0,0.046875,0.0,61,0.02222360660501792,0.34240829944610596,0.0,1.0,64,1.0,53,0.828125,0.8807087781389521,46.36625,28.438107218791828,-0.41677475162934013,0.48650208543209544,2.953125,1.3967561470689864,-0.4657026124073583,0.43663549218145076,2.3904179687500013,1.5292935295762193,0.034586094498740456,0.7309044733618509,272.96015625,73.76608200932759,-0.4752189965408517,0.4897588303403361,1.0,0.9988701343536377,0.0009433962404727936,1.0648608207702637,0.05646960809826851
143,0.782351060534437,0.984375,0.8623561958471934,0.6983085818334259,0.0,0.015625,0.0,63,0.035437436784529305,0.4536747336387634,0.0,1.0,64,1.0,45,0.703125,0.8857593235517404,40.1290625,25.021041315182984,-0.5234768152595057,0.4280449709914377,2.515625,1.2246451973428876,-0.6024680945068974,0.3828324361496806,2.437605937500001,1.364384437872442,0.057138924796656894,0.6520884772870286,247.56407812499998,64.11296886972848,-0.6438324456889175,0.42566843443459745,1.0,0.9995245933532715,0.0,1.0230478048324585,0.04714725911617279
144,0.7444183107606455,0.953125,0.8641943726383272,0.671111590075181,0.0,0.046875,0.0,61,0.04790513418119001,0.4567539393901825,0.0,1.0,64,1.0,47,0.734375,0.8964819588402163,44.16046875,28.0491315278704,-0.4545099345610263,0.4798477225604829,2.71875,1.3517205471176355,-0.5389698349606828,0.42255705666376275,2.414545937500001,1.5454726589842587,0.0461177200182682,0.7386370621884795,255.09362500000003,75.07745890256031,-0.5938411492821698,0.4984655204053417,1.0,0.997783899307251,0.0019193857442587614,1.0648608207702637,0.06494103372097015
145,0.7583844611594258,0.953125,0.8964107803633956,0.6780193659848401,0.0,0.03125,0.0,61,0.04064005072765229,0.44075191020965576,0.0,1.0,63,0.984375,45,0.7142857142857143,0.8920444306442824,37.88412698412699,22.48522905876533,-0.5618818258929523,0.3846638155045407,2.507936507936508,1.2832624083433484,-0.6048715695324562,0.4011565758566713,2.715835079365082,1.43664760484744,0.19011465540421987,0.686625648196237,253.63342857142865,70.29388307843651,-0.6035359043165205,0.46670568666263407,0.984375,0.9983136653900146,0.004540867637842894,1.0648607015609741,0.06384949386119843
146,0.800363006926472,1.0,0.8436003825627267,0.6716797208193532,0.0,0.0,0.0,64,0.04600479891872282,0.47276586294174194,0.0,1.0,64,1.0,60,0.9375,0.8840726422878631,44.74734375,27.086027777376955,-0.44447002897971205,0.46337152112071495,3.15625,1.53316207150451,-0.40220435286114364,0.47927691393381117,2.521255625000001,1.2502664185458081,0.0971181240848493,0.5975473645418878,266.511484375,69.2741233605649,-0.5180339856079037,0.45993514506616107,1.0,0.9984281659126282,0.002888781949877739,0.9999998211860657,0.06483538448810577
147,0.7640664943279258,0.984375,0.8609014016295237,0.6766665660303154,0.0,0.015625,0.0,63,0.04688009496520625,0.37112247943878174,0.0,1.0,64,1.0,52,0.8125,0.8921398318085625,44.1803125,25.688927574002456,-0.4541704595853003,0.43947076861035944,2.796875,1.1616218121122726,-0.5145474274429079,0.3631308963448576,2.2540373437500008,1.4517901071266328,-0.030595119548511844,0.6938627955716143,251.6463125,62.013834943269686,-0.6167290632370434,0.4117315497777686,1.0,0.9999357461929321,0.0005020080134272575,1.0230478048324585,0.06634630262851715
148,0.7506851534119702,0.984375,0.9130550135695745,0.6496192819948756,0.0,0.015625,0.0,63,0.040100600311552645,0.35065415501594543,0.0,1.0,64,1.0,53,0.828125,0.896607981294985,39.07109375,25.028283570616885,-0.5415759102251816,0.42816886715459357,2.765625,1.50771129841724,-0.5243163904500179,0.4713208287884707,2.554436718750001,1.4227949468366567,0.11297656419715019,0.6800049638657154,255.66121875,75.30513145601968,-0.5900726957661852,0.49997711815386736,1.0,0.9988110661506653,0.0004940711660310626,1.0230478048324585,0.05996258184313774
149,0.697443428757428,0.90625,0.8685190716180308,0.681036423936304,0.0,0.09375,0.0,58,0.04847691652204842,0.41078901290893555,0.0,1.0,64,1.0,55,0.859375,0.8952351000708074,45.28609375,29.983240142264666,-0.43525341704031606,0.5129352929503018,2.90625,1.5074683868990422,-0.4803560569180232,0.4712448929921419,2.349671250000001,1.4972206655369613,0.015111769633555606,0.7155756961543019,264.20357812500004,91.99397756201982,-0.5333569827733519,0.610780207134125,1.0,0.9976885914802551,0.0004789271915797144,1.1180338859558105,0.07153216749429703
150,0.737348565507084,0.9375,0.8553276196122169,0.6883431554813151,0.0,0.046875,0.0,60,0.04882848677758602,0.43860968947410583,0.0,1.0,63,0.984375,47,0.746031746031746,0.8946966819179838,41.9420634920635,25.376995591791598,-0.4924610814505233,0.4341344233082266,2.6984126984126986,1.4434847675415439,-0.545327414060548,0.45124317745408093,2.2695809523809536,1.4828853576862797,-0.02316626899704348,0.7087243360769557,249.49271428571433,70.69226744077723,-0.6310275553586422,0.4693506998449961,0.984375,0.998339056968689,0.002955665113404393,1.0837910175323486,0.054442133754491806
151,0.7078625508771905,0.9375,0.8366678987940153,0.6359869369337873,0.0,0.046875,0.0,60,0.04374238705279137,0.42984628677368164,0.0,1.0,63,0.984375,49,0.7777777777777778,0.8998180493425557,52.8095238095238,30.15742812644696,-0.30654708699517796,0.5159151965321372,3.380952380952381,1.6176464525202885,-0.33196085695287697,0.5056873073041063,2.120110317460319,1.4404685513621582,-0.09460367037675232,0.6884518161921598,266.5177619047619,76.15832961722687,-0.5179923068912107,0.5056417992932088,0.984375,0.9990556836128235,0.003980099689215422,1.0837910175323486,0.06486785411834717
152,0.7352991392816861,0.953125,0.8529767667660948,0.6775366545195722,0.0,0.046875,0.0,61,0.043197516967481364,0.39714014530181885,0.0,1.0,64,1.0,54,0.84375,0.9029899044494623,48.3196875,26.934355731153918,-0.3833565142551147,0.4607768067038391,2.90625,1.5074683868990422,-0.4803560569180232,0.4712448929921419,2.361414687500001,1.5783485903943735,0.02072438149347351,0.7543496542245217,263.082296875,76.99961850771565,-0.5408015613455625,0.5112274106170149,1.0,0.9986743927001953,0.002352941082790494,1.0648607015609741,0.06181606277823448
153,0.7257284675955549,0.953125,0.850536688917973,0.6741631984601828,0.0,0.03125,0.0,61,0.024229377308428522,0.41655975580215454,0.0,0.984375,63,0.984375,50,0.7936507936507936,0.892395055410196,49.88603174603175,28.21226962278706,-0.3565604361499073,0.4826385912628109,3.1587301587301586,1.4822371466576196,-0.4014290383367699,0.46335743531079915,2.219712380952382,1.3715226366037696,-0.04700025588863018,0.6555000796273059,263.09117460317464,67.58910119443155,-0.5407426190017581,0.448747693290172,0.984375,0.9980273246765137,0.0,1.0648607015609741,0.054729096591472626
154,0.7148067232394051,0.953125,0.8449865535634463,0.6386465407318385,0.0,0.046875,0.0,61,0.032397124722924026,0.43056124448776245,0.0,1.0,64,1.0,51,0.796875,0.8968708151317122,52.9634375,34.22736305843022,-0.30391402387261757,0.5855412028183218,3.328125,1.984744060168716,-0.348475056322039,0.6204445216758198,2.609455625000001,1.411843827963627,0.13927208165006527,0.6747710296223443,283.13212500000003,77.36255491202209,-0.407683736682147,0.5136370724022047,1.0,0.9965412020683289,0.0032786885276436806,1.0648608207702637,0.06328842043876648
155,0.7038261880886799,0.875,0.8951203205755779,0.7042234866197121,0.0,0.125,0.0,56,0.04818547381596427,0.4747557044029236,0.0,1.0,64,1.0,52,0.8125,0.8967828800379335,41.3096875,23.008976574966212,-0.5032793907194604,0.3936237739473176,2.703125,1.3883408206830914,-0.5438543164642378,0.43400480379244066,2.270969843750001,1.392178273944169,-0.02250246777444122,0.6653721528691392,238.614078125,80.81686774204087,-0.7032546274308153,0.5365714639975953,1.0,0.9965832829475403,0.012326656840741634,1.1478067636489868,0.06439579278230667
156,0.7399629396402345,0.953125,0.8654806052075058,0.6870091471561723,0.0,0.046875,0.0,61,0.029784267355165903,0.3948974013328552,0.0,1.0,64,1.0,51,0.796875,0.8972967193600648,42.77765625000001,24.53206592542373,-0.47816626160965003,0.4196798732367723,2.609375,1.3534352992939855,-0.5731612054855676,0.42309309988223076,2.7527239062500017,1.5713039391284818,0.20774515475952043,0.7509827615881935,261.64734375,58.03326750699195,-0.5503287172544846,0.3853031697068886,1.0,0.998728334903717,0.025495750829577446,1.0648605823516846,0.06410722434520721
157,0.7724625809127406,0.984375,0.8863146622029562,0.7090682917802568,0.0,0.015625,0.0,63,0.023003905593224874,0.34659603238105774,0.0,1.0,64,1.0,52,0.8125,0.8814851830924119,44.25328125,24.983798065864576,-0.4529221539658983,0.4274078358149552,2.765625,1.3079347687767153,-0.5243163904500179,0.4088693239005639,2.8699779687500016,1.4107766658732488,0.26378509551886475,0.6742609944128998,272.90903125000006,63.79635149074183,-0.4755584333052709,0.42356630086624125,1.0,0.9991130828857422,0.0004625346919056028,1.0230478048324585,0.07568392902612686
158,0.7838058376550856,0.984375,0.9137102772319128,0.7055713659194144,0.0,0.015625,0.0,63,0.02145582688409648,0.3792055547237396,0.0,1.0,64,1.0,52,0.8125,0.8730658692422768,44.196406249999995,26.02562663553869,-0.45389513736089265,0.44523081425405,2.75,1.357847561400027,-0.5292008719535729,0.4244724030915617,3.0001187500000013,1.1644252615299384,0.32598406343628583,0.5565207830203911,280.16842187500004,61.36723284757836,-0.4273607987740778,0.4074385322085103,1.0,0.998914897441864,0.0028436018619686365,1.023047924041748,0.05790499225258827
159,0.7929418801949505,1.0,0.89393698470667,0.6874422708337384,0.0,0.0,0.0,64,0.03720468348162191,0.46308955550193787,0.0,1.0,64,1.0,56,0.875,0.8738956930779262,43.78265625,26.665644402148544,-0.4609733242563452,0.45617985441954784,2.8125,1.4776988021921111,-0.509662945939353,0.46193871789649277,3.126015625000002,1.4646981295089831,0.3861547156624007,0.7000320045030933,291.471265625,70.73923432143279,-0.35231726407991326,0.46966252940009834,1.0,0.9995579719543457,0.015267175622284412,0.9999998211860657,0.06696054339408875
160,0.7385813673219981,0.9375,0.8839027340213458,0.6996548717612936,0.0,0.046875,0.0,60,0.0253239839904924,0.41921135783195496,0.0,1.0,63,0.984375,48,0.7619047619047619,0.8751701580464168,36.034126984126985,19.78623937695811,-0.5935305165433148,0.33849111847316965,2.238095238095238,1.2936264483053452,-0.6892257897843261,0.4043964453924459,3.1335606349206357,1.4766367953937463,0.3897607477261595,0.7057379230415468,257.9787142857143,70.46961292944859,-0.5746860319774417,0.46787241863406603,0.984375,0.9979472160339355,0.010289073921740055,1.0837910175323486,0.06608536839485168
161,0.7362650571166574,0.953125,0.8830242498976285,0.6781178834112702,0.0,0.046875,0.0,61,0.019155348602822034,0.39233309030532837,0.0,1.0,64,1.0,52,0.8125,0.8836760385868998,44.57875,27.316898587458642,-0.4473542297577307,0.4673211204982684,2.859375,1.4670036160061093,-0.49500950142868805,0.4585953297939262,2.9198332812500016,1.5813186937648513,0.2876127454908102,0.7557691736286422,263.678203125,74.10747530617692,-0.5368451312351007,0.4920254598968553,1.0,0.9977623820304871,0.004314477555453777,1.0648608207702637,0.07416093349456787
162,0.7313385763055857,0.9375,0.8407024006048839,0.6810071692616568,0.0,0.0625,0.0,60,0.03737271600761877,0.3665316104888916,0.0,1.0,64,1.0,54,0.84375,0.8822463543384864,46.7190625,34.39787047000285,-0.41073904694280994,0.5884581413710008,2.765625,1.9344103389340639,-0.5243163904500179,0.6047098573317717,2.537661406250001,1.4652616443092896,0.10495903799229507,0.7003013285278041,262.2199375,78.47384245758965,-0.5465270669889232,0.521015299273738,1.0,0.99881511926651,0.0038480039220303297,1.0837910175323486,0.06738737970590591
163,0.7146918011920665,0.890625,0.8855974182747958,0.6847435769880752,0.0,0.109375,0.0,57,0.03031571122858376,0.45608431100845337,0.0,1.0,64,1.0,38,0.59375,0.884142881688274,44.13828125,33.83526412795382,-0.4548895050063263,0.5788334094372486,2.40625,1.60778137117582,-0.6366594650317822,0.5026034156331864,2.1954815625000013,1.5873091023393762,-0.058581036986273136,0.7586322057017582,226.543546875,75.51154766158488,-0.7833951080630788,0.5013475875708024,1.0,0.9988345503807068,0.0,1.1334558725357056,0.0665469840168953
164,0.7483589380711361,0.984375,0.8656545536858695,0.6600247134819461,0.0,0.015625,0.0,63,0.028553708937133666,0.45490655303001404,0.0,1.0,64,1.0,45,0.703125,0.8814254894559092,50.500625,28.036028989219837,-0.34604634330091233,0.4796235721861661,2.828125,1.5467171636647083,-0.504778464435798,0.48351432813768136,2.6174184375000014,1.5478817551609243,0.14307779661860018,0.7397884560433738,272.65659375000007,77.19403677639205,-0.4772344541995133,0.5125182215326836,1.0,0.9991573095321655,0.00046511628897860646,1.0230478048324585,0.07109646499156952
165,0.7597202011853168,0.953125,0.8921929597854614,0.6911282558390177,0.0,0.046875,0.0,61,0.03024783036511426,0.41787758469581604,0.0,1.0,64,1.0,50,0.78125,0.8849121043555054,43.59171875,27.739040716261233,-0.46423976851096876,0.4745428749009487,2.765625,1.41136223535101,-0.5243163904500179,0.4412014549368322,2.4609973437500012,1.5043336121791635,0.06831852056143273,0.7189752296114339,253.353859375,60.68082217350143,-0.6053920620371483,0.4028812115577195,1.0,0.9972882270812988,0.009798865765333176,1.0648608207702637,0.0641813799738884
166,0.7881545972224357,0.984375,0.863293512709557,0.6993505230089466,0.0,0.015625,0.0,63,0.04240585458557495,0.5353208184242249,0.0,1.0,64,1.0,50,0.78125,0.8846720623750728,44.82953125,31.98845130617882,-0.4430640145133192,0.5472392431207731,2.609375,1.5574135961185775,-0.5731612054855676,0.4868581058320781,2.8385618750000017,1.8484951888824297,0.24877021249389492,0.8834624461638976,274.54959375,63.627064936461736,-0.46466616480985884,0.422442348196421,1.0,0.9992684125900269,0.008118433877825737,1.0230478048324585,0.055433239787817
167,0.7767886597647817,1.0,0.8724072568584234,0.6592204808098342,0.0,0.0,0.0,64,0.04830689951036338,0.4582703113555908,0.0,1.0,64,1.0,53,0.828125,0.892563577203185,42.9959375,30.55362742983382,-0.474432036876664,0.5226931366341804,2.6875,1.6571341979453564,-0.5487387979677927,0.5180314456814394,3.0430357812500017,1.7706710068941787,0.3464956588346709,0.8462674658341881,280.158765625,65.53236208086962,-0.4274249099966976,0.4350922826307589,1.0,0.9988508224487305,0.0009140768088400364,0.9999999403953552,0.062386590987443924
168,0.7852308681439792,0.953125,0.8782378698958725,0.7313735876625633,0.0,0.046875,0.0,61,0.04799292245358686,0.44105878472328186,0.0,1.0,64,1.0,57,0.890625,0.8832042579662578,39.01640625,25.951227654437872,-0.5425114711819069,0.44395804109861114,2.421875,1.308681200436149,-0.6317749835282273,0.4091026635251509,3.0078456250000016,1.456842274601214,0.3296770153734938,0.6962774084212272,277.72495312500007,65.42269888278213,-0.44358384281241814,0.4343641902858257,1.0,0.9989854693412781,0.0004601932887453586,1.0648608207702637,0.059681251645088196
169,0.7649923734620333,0.984375,0.9034029193340786,0.689461593051544,0.0,0.015625,0.0,63,0.02783028094195984,0.27169811725616455,0.0,1.0,64,1.0,54,0.84375,0.8865398932956751,35.449062500000004,24.68115916789756,-0.6035394489047464,0.42223047102548245,2.421875,1.2723586304085024,-0.6317749835282273,0.3977479805516072,3.6448309375000028,1.6332551224077034,0.6341152447702156,0.780591463981246,292.22923437500003,72.7156778916483,-0.34728484432380363,0.4827848298505957,1.0,0.999171793460846,0.001366742653772235,1.0230478048324585,0.06197166442871094
170,0.809763053770386,1.0,0.9088286170735955,0.6980670923451047,0.0,0.0,0.0,64,0.04656916364980507,0.4904177784919739,0.0,1.0,64,1.0,58,0.90625,0.8796480893948362,36.9484375,23.53078018911812,-0.5778890405026456,0.4025504772794985,2.5,1.334634781503914,-0.6073525760104523,0.41721592987244766,3.537477187500002,1.451164973280595,0.5828070200313628,0.6935640215850104,294.4490625000001,68.56263338156472,-0.3325466286501132,0.4552113141343524,1.0,0.9992294907569885,0.0,0.9999998807907104,0.059483084827661514
171,0.7835670895880524,0.96875,0.8491746874586228,0.7131105704493393,0.0,0.015625,0.0,62,0.03141538706299262,0.4353872835636139,0.0,1.0,63,0.984375,57,0.9047619047619048,0.88840585723898,35.24015873015873,22.120533913306105,-0.6071132493303686,0.378424829644904,2.3174603174603177,1.1929075700352976,-0.6644157250043643,0.3729110375224393,3.4424207936507956,1.7625768085682254,0.5373761448315678,0.8423989568460172,280.63809523809533,69.02471834697933,-0.4242424729705943,0.45827925791033736,0.984375,0.9980243444442749,0.012471131980419159,1.0446385145187378,0.06228569895029068
172,0.7935038325606505,0.984375,0.8611883852216933,0.7109454829750895,0.0,0.015625,0.0,63,0.029217061977223648,0.4032996892929077,0.0,1.0,64,1.0,55,0.859375,0.8768395915848649,38.545625,24.491353249348535,-0.5505653145036588,0.41898338518777106,2.625,1.375,-0.5682767239820126,0.4298343723128373,2.9005712500000014,1.4381442026396174,0.27840672680676964,0.6873409261987726,268.031640625,68.51717435417363,-0.5079411363382297,0.4549094957446939,1.0,0.9991123080253601,0.006316812243312597,1.0230478048324585,0.0635693147778511
173,0.7992945756753556,1.0,0.8662987714633346,0.7231553527344492,0.0,0.0,0.0,64,0.025002331295459812,0.45487508177757263,0.0,1.0,64,1.0,56,0.875,0.8873285545794446,40.86140625,24.060126757458303,-0.5109483175333024,0.41160622094881166,2.6875,1.2358574958303243,-0.5487387979677927,0.3863374770824308,2.818246875000001,1.4856089816341693,0.23906094210911732,0.7100260540851524,265.316171875,51.22623563649869,-0.5259700835535308,0.340108903234113,1.0,0.9995356798171997,0.002918287878856063,0.9999999403953552,0.06054186820983887
174,0.7413283996183611,0.953125,0.8372199491399234,0.707110876869085,0.0,0.03125,0.0,61,0.028548142987321397,0.3732718527317047,0.0,1.0,63,0.984375,52,0.8253968253968254,0.8927822745289702,41.43587301587301,23.62664245638074,-0.5011206845808543,0.40419043146416717,2.6031746031746033,1.254068712070075,-0.5750994917965021,0.39203042741077015,2.669484444444445,1.581452584010129,0.16796201710982825,0.7558331646004997,260.7265873015873,59.081360598038,-0.5564419415022617,0.3922618264821474,0.984375,0.9983733892440796,0.006856023333966732,1.0648608207702637,0.05934615805745125
175,0.7336050752475867,0.953125,0.854879902523072,0.6819850618858248,0.0,0.046875,0.0,61,0.024019675811488443,0.4605318605899811,0.0,1.0,64,1.0,49,0.765625,0.8952328205914648,46.10875,24.245023812887872,-0.42117990721986354,0.4147693288998675,2.890625,1.3476505887562251,-0.48524053842157816,0.42128475993822373,2.3051853125000012,1.404038737802453,-0.006149662584401735,0.6710406958417682,262.762015625,75.6476037183458,-0.5429280206356207,0.5022509113397335,1.0,0.9987822771072388,0.007295719813555479,1.0648607015609741,0.06027023494243622
176,0.7185512817846336,0.921875,0.8881598776679928,0.6977407744232488,0.0,0.078125,0.0,59,0.030884325411287827,0.4851967394351959,0.0,1.0,64,1.0,49,0.765625,0.8985056111706847,46.74609375,27.55797715823335,-0.41027661252705716,0.4714453481246901,2.796875,1.1749958444075452,-0.5145474274429079,0.3673117100008068,2.693439843750001,1.5884057342854554,0.17941116547472866,0.7591563256169473,272.607515625,81.20156090767905,-0.4775603010445753,0.53912557653429,1.0,0.9983776211738586,0.003695150138810277,1.1014959812164307,0.06326257437467575
177,0.7433368460793986,0.953125,0.8851640383239652,0.6773938167561131,0.0,0.046875,0.0,61,0.02884774578228539,0.43819406628608704,0.0,1.0,64,1.0,46,0.71875,0.8918081693244128,48.489218750000006,30.804249722272875,-0.3804562752892664,0.5269806325279578,2.875,1.4415703243338496,-0.4901250199251331,0.4506447094580752,2.412943906250001,1.5009899007369876,0.045352051567807306,0.7173771494499395,268.450859375,86.62509401453546,-0.505157796365927,0.5751343106079013,1.0,0.9981038570404053,0.005106777884066105,1.0648605823516846,0.06466800719499588
178,0.7550475426470782,0.9375,0.8664012476801872,0.6920427531181854,0.0,0.046875,0.0,60,0.03713369926909482,0.5206165313720703,0.0,1.0,63,0.984375,44,0.6984126984126984,0.8846764886483958,41.54412698412699,24.326609158013206,-0.4992687406062898,0.41616504206174576,2.619047619047619,1.3144927373183108,-0.5701374788405097,0.4109193895672723,2.0751161904761917,1.4861638303741869,-0.11610798465762347,0.7102912362874405,236.3263492063492,65.33764183416392,-0.7184436602330794,0.43379946677728703,0.984375,0.9971855878829956,0.003169572213664651,1.0837911367416382,0.0675344318151474
179,0.7622405004294728,0.953125,0.8821649253368378,0.7069056142347268,0.0,0.046875,0.0,61,0.02035611632744702,0.39601588249206543,0.0,1.0,64,1.0,45,0.703125,0.8764429760671842,41.72515625,25.223867293212315,-0.49617180047965354,0.43151479619927957,2.515625,1.3462005271782507,-0.6024680945068974,0.4208314608049993,2.6425428125000012,1.3784332791484575,0.1550856405823481,0.6588029246678632,253.26803125000004,72.78966187347815,-0.6059619049915969,0.483276035394091,1.0,0.9974839687347412,0.021341463550925255,1.0648607015609741,0.06503675878047943
180,0.7939207777339435,0.984375,0.8720347957005576,0.6949874537208978,0.0,0.015625,0.0,63,0.02963051333749659,0.36962583661079407,0.0,1.0,64,1.0,47,0.734375,0.8821055667197912,43.459843750000005,23.134813626612296,-0.46649580693232895,0.3957765187688855,2.5,1.1858541225631423,-0.6073525760104523,0.37070608176474085,2.8030448437500013,1.6226098235991935,0.23179534369395202,0.7755036921644323,264.84184375,67.13905055908664,-0.529119313950072,0.4457596496425159,1.0,0.9990864992141724,0.007028112653642893,1.0230478048324585,0.06142778322100639
181,0.7502619513439415,0.953125,0.8808421458377212,0.6786320652632336,0.0,0.03125,0.0,61,0.03188702318841576,0.3411775231361389,0.0,1.0,63,0.984375,48,0.7619047619047619,0.8791447243456318,45.57873015873016,27.778956834840784,-0.43024716883873015,0.47522573592196893,2.8253968253968256,1.5890466597850577,-0.5056313104126091,0.49674681715237884,2.894018730158732,1.410761157884359,0.2752750415081971,0.6742535825863059,281.0021111111112,80.51951532000561,-0.4218256442149199,0.5345972372195424,0.984375,0.9979771375656128,0.0,1.0648607015609741,0.0749114453792572
182,0.8122079707591771,0.984375,0.8423777738260845,0.6869686513224548,0.0,0.015625,0.0,63,0.03764136053586924,0.40661361813545227,0.0,1.0,64,1.0,53,0.828125,0.8739281524664132,41.464062500000004,28.23922171149718,-0.5006384357901902,0.48309967143468535,2.890625,1.5218942503915966,-0.48524053842157816,0.47575451624988213,2.8293090625000015,1.3934035084581564,0.2443479600507667,0.6659577365846727,279.56543750000003,68.32688300183246,-0.4313642230331588,0.453646084870646,1.0,0.9989802241325378,0.008678881451487541,1.0230478048324585,0.062176380306482315
183,0.7426685583651922,0.921875,0.9071431634789806,0.7022968311298404,0.0,0.078125,0.0,59,0.033018002344593664,0.3696472942829132,0.0,1.0,64,1.0,53,0.828125,0.8990762726092721,32.290156249999995,21.99153000959883,-0.6575801227965011,0.3762179082172712,2.25,1.0,-0.6855042800673319,0.312606816227518,2.8397673437500015,1.5553411979110925,0.2493463494387213,0.7433535924736544,246.451125,70.078272616344,-0.6512217309251145,0.46527417335940324,1.0,0.9991683959960938,0.023849140852689743,1.1014959812164307,0.07166910171508789
184,0.8113241021269276,0.96875,0.8548296142008996,0.7320479719960757,0.0,0.03125,0.0,62,0.043730724194099665,0.375480055809021,0.0,1.0,64,1.0,50,0.78125,0.882217970560843,37.49609375000001,26.622311226745712,-0.5685200657788684,0.4554385364394278,2.421875,1.4009448541520113,-0.6317749835282273,0.4379449105667848,2.7091543750000016,1.3941981719095256,0.1869217061036377,0.6663375348772764,257.153328125,58.091964296399986,-0.5801660595136668,0.385692878230673,1.0,0.9990046620368958,0.0025906735099852085,1.0446385145187378,0.06445012241601944
185,0.8315995013946289,1.0,0.8995907697826624,0.7282662689217427,0.0,0.0,0.0,64,0.03365970406206127,0.3449394702911377,0.0,1.0,64,1.0,55,0.859375,0.8692705148420419,35.9440625,23.815693336980427,-0.5950712857307306,0.4074246005653986,2.46875,1.1587810136086973,-0.6171215390175623,0.3622428433691111,2.9703754687500017,1.4298032485548178,0.3117686777711751,0.6833544837436246,262.91865625,47.77383272456103,-0.541888028715295,0.31718719225317255,1.0,0.9995998740196228,0.010989011265337467,0.9999999403953552,0.060652956366539
186,0.7838087906704994,0.953125,0.9059130896310337,0.707077755654003,0.0,0.046875,0.0,61,0.04549338713398731,0.4462776482105255,0.0,1.0,64,1.0,53,0.828125,0.8785139850891841,36.7540625,25.9594062142433,-0.5812142914459774,0.4440979549955017,2.453125,1.4244482210227931,-0.6220060205211173,0.44529222325488726,3.0240684375000018,1.4555885574122371,0.33743048192353303,0.6956782118091761,275.06407812500004,65.95640135756936,-0.46125032301828117,0.4379076277665975,1.0,1.0000104904174805,0.006235011853277683,1.0648607015609741,0.06302686035633087
187,0.7221558977377724,0.953125,0.8708912451736263,0.6782674507684847,0.0,0.046875,0.0,61,0.04115624814485448,0.4428160488605499,0.0,1.0,64,1.0,57,0.890625,0.8986399749067039,38.955625,18.02419293226121,-0.5435512803595245,0.30834708450571946,2.65625,1.148623496843069,-0.5585077609749026,0.35906753439223044,2.829290468750002,1.564013075278456,0.24433907342776826,0.7474981950876521,263.55520312500005,81.20786195567443,-0.5376617712746817,0.5391674113967644,1.0,0.9997468590736389,0.0009718172950670123,1.0648608207702637,0.061545681208372116
188,0.7807323077500613,1.0,0.8911515669897199,0.6890679197670069,0.0,0.0,0.0,64,0.04489650059309555,0.4204610586166382,0.0,1.0,64,1.0,54,0.84375,0.8933689963251953,45.436718750000004,24.87326049537733,-0.43267661486236414,0.4255168253427425,2.8125,1.3448396744593758,-0.509662945939353,0.42040604896919725,2.8638700000000012,1.368635281348953,0.26086587720257026,0.6541201085288112,281.251296875,54.452214947396705,-0.42017121273455216,0.3615273086986699,1.0,0.9984086751937866,0.026447787880897522,0.9999998807907104,0.06386350840330124
189,0.7879781737926371,0.984375,0.8349562944873931,0.7066033323200007,0.0,0.015625,0.0,63,0.04315895326923004,0.484497606754303,0.0,1.0,64,1.0,55,0.859375,0.8974715248310283,45.553125,29.94632917169273,-0.43068520654019193,0.5123038421993635,2.75,1.25,-0.5292008719535729,0.3907585202843975,2.452643125000001,1.576809405964181,0.06432573844490172,0.7536140225334177,258.49710937500004,70.20777261860803,-0.5712442255853027,0.4661339691884658,1.0,0.9992467164993286,0.0,1.0230478048324585,0.05771252140402794
190,0.7195746204629595,0.9375,0.8879927342136701,0.6853925324869655,0.0,0.046875,0.0,60,0.03136573196709287,0.34030309319496155,0.0,1.0,63,0.984375,47,0.746031746031746,0.8975765312108631,44.11222222222222,27.095077011079553,-0.4553353072272928,0.46352632998454,2.8253968253968256,1.5689414340509926,-0.5056313104126091,0.4904617865461172,2.5143747619047634,1.4952083678573567,0.09382951171604305,0.7146139465965397,267.3376349206349,75.55291420940287,-0.5125488830527211,0.5016222345565539,0.984375,0.9982118010520935,0.0014464802807196975,1.0837910175323486,0.0625133067369461
191,0.7188241389052258,0.9375,0.8754974315563838,0.6869834726831245,0.0,0.0625,0.0,60,0.026712840486712453,0.4089692533016205,0.0,1.0,64,1.0,53,0.828125,0.8967344006672983,43.907968749999995,29.588877037013816,-0.45882955314979207,0.5061887654248962,2.78125,1.4944559001522928,-0.519431908946463,0.4671771009390378,2.4941473437500012,1.4663373230074008,0.08416209985039995,0.7008154341309105,257.131453125,78.59186526287444,-0.5803112952930637,0.5217988939760085,1.0,0.9977729916572571,0.010989011265337467,1.0837911367416382,0.06416590511798859
192,0.7395822932493082,0.953125,0.8543816809771491,0.6726487531504426,0.0,0.046875,0.0,61,0.033022643590743056,0.4467070400714874,0.0,1.0,64,1.0,53,0.828125,0.892236801379065,43.3634375,27.372630046884314,-0.46814506724747035,0.4682745408868394,3.0625,1.8016919131749467,-0.4315112418824735,0.5632211728004859,2.800300000000002,1.4289962390170956,0.23048348397784513,0.6829687848115626,277.515921875,80.5640555024977,-0.4449716744244003,0.5348929550763986,1.0,0.998680055141449,0.0103724654763937,1.0648607015609741,0.06673325598239899
193,0.7751844954533897,1.0,0.8539504655636847,0.6668915757001798,0.0,0.0,0.0,64,0.025817665948418812,0.39719444513320923,0.0,1.0,64,1.0,51,0.796875,0.8835298566124111,49.04406250000001,28.862710518870085,-0.37096434112546256,0.4937659440771223,3.28125,1.5559236605630753,-0.3631285008327039,0.4863923418216884,2.934726093750002,1.6238593981272846,0.29473055712518353,0.7761009088495993,291.984109375,74.98166503680196,-0.3489123149717907,0.49782951141083315,1.0,0.9985921382904053,0.0,0.9999998807907104,0.06739099323749542
194,0.7433748073121296,0.953125,0.8595530214856882,0.6693141177163092,0.0,0.046875,0.0,61,0.043953123252295334,0.37874212861061096,0.0,1.0,64,1.0,53,0.828125,0.8922255364433205,43.673750000000005,26.482285146159498,-0.4628364270758808,0.4530430542191814,2.796875,1.382702149551739,-0.5145474274429079,0.4322421167623146,2.7703176562500014,1.5710186163190667,0.21615384173132318,0.7508463955383016,271.97509375000004,83.32928758053028,-0.4817591711667876,0.5532522984394576,1.0,1.000067114830017,0.007278020493686199,1.0648607015609741,0.05456073582172394
195,0.754559666403973,0.96875,0.8737912226107812,0.6968866312662818,0.0,0.03125,0.0,62,0.02448683914834258,0.3777482509613037,0.0,1.0,64,1.0,54,0.84375,0.8967282369083598,37.60703125,27.31513927063202,-0.5666222135523687,0.46729102316097015,2.59375,1.4439393815184902,-0.5780456869891225,0.45138529288202667,3.1725603125000017,1.5555553253169052,0.4084000986755665,0.7434559316752211,271.37759375,75.9988522947302,-0.48572618274117707,0.504582973545599,1.0,0.9961844682693481,0.008498583920300007,1.0446385145187378,0.05839639902114868
196,0.720698023574537,0.9375,0.8955008894205093,0.6779251968021979,0.0,0.0625,0.0,60,0.031202554308257562,0.3777092397212982,0.0,1.0,64,1.0,53,0.828125,0.8964742466216282,37.198125000000005,25.810818400127786,-0.5736175364773685,0.4415560037720663,2.609375,1.3418409404154428,-0.5731612054855676,0.41946862426701026,2.8557601562500015,1.4070536427024265,0.25698989070259265,0.6724816275108911,253.40403125,73.43692177771703,-0.6050589534031169,0.4875734203844738,1.0,0.9967398643493652,0.0015098138246685266,1.0837910175323486,0.07170064747333527
197,0.7589188735878185,0.96875,0.9019473858418003,0.6967708904830997,0.0,0.03125,0.0,62,0.032799803294458627,0.43298956751823425,0.0,1.0,64,1.0,55,0.859375,0.8828089537238524,36.9428125,20.15790992922738,-0.5779852696296229,0.3448494354097207,2.515625,1.322783375831054,-0.6024680945068974,0.4135110996772342,2.8350950000000013,1.2558014745111499,0.24711326803092523,0.6001927671981703,258.587796875,68.18347553801523,-0.5706421195398598,0.4526939525378983,1.0,1.0005128383636475,0.015353121794760227,1.0446385145187378,0.06115655228495598
198,0.7576281776236982,0.96875,0.8628488966534215,0.7079166367761749,0.0,0.03125,0.0,62,0.024367136816083212,0.37598830461502075,0.0,1.0,64,1.0,53,0.828125,0.88128508571044,42.2653125,22.73582422142078,-0.4869311312585131,0.3889508472782486,2.734375,1.4920852386425516,-0.5340853534571278,0.4664360159921245,2.670885468750001,1.4796154510304051,0.16863161709989913,0.7071615298817862,269.75509375,74.97642945801344,-0.4964985279787446,0.49779475057124706,1.0,0.9983367323875427,0.005376344081014395,1.0446383953094482,0.0626087486743927
199,0.7465495602713064,0.953125,0.8943471564132659,0.7131082977299551,0.0,0.046875,0.0,61,0.02654298921857936,0.3506056070327759,0.0,1.0,64,1.0,56,0.875,0.8806156470352019,44.0515625,30.48332808780225,-0.45637303738056195,0.521490497645596,2.6875,1.3564084008881692,-0.5487387979677927,0.4240225117059095,2.8140637500000016,1.6083557286359078,0.23706167596694075,0.7686911466518143,272.96103125,82.34457056744259,-0.47521318710967575,0.5467144176220233,1.0,0.9984831213951111,0.001402524532750249,1.0648607015609741,0.06233866512775421
