step,reward_mean,valid_frac,c_mean,qed_mean,tox_mean,undersized_frac,alerts_mean,n_rankable,d_var,d_loss,w_C,unique,n_valid,unique_smiles_frac,n_scaffolds,scaffold_frac,tanimoto_dist,tpsa_mean,tpsa_sd,tpsa_drift_sd,tpsa_spread_ratio,hba_mean,hba_sd,hba_drift_sd,hba_spread_ratio,logp_mean,logp_sd,logp_drift_sd,logp_spread_ratio,mw_mean,mw_sd,mw_drift_sd,mw_spread_ratio,rdkit_valid_frac,ratio_mean,clip_frac,adv_std,kl
0,1.0017581010893735,0.90625,0.8113926284272095,0.5638646758281208,0.0,0.078125,0.0,58,0.004315220573852132,0.7506814002990723,0.0,1.0,63,0.984375,49,0.7777777777777778,0.9208022223937068,61.797777777777775,32.02878756926285,-0.15278142789887472,0.547929291722037,3.984126984126984,2.027525378010891,-0.14340436462516767,0.6338182532404796,1.9513980952380958,1.4976327494255495,-0.17523731954102525,0.7157726458907289,285.5093333333335,101.60726669754504,-0.391900618735589,0.6746061975417889,0.984375,0.9942628145217896,0.03353140875697136,1.1180338859558105,0.0031259513925760984
1,1.0267042759386367,0.9375,0.8352071118851503,0.5189829453821586,0.0,0.046875,0.0,60,0.004230883078423837,0.7007002830505371,0.0,1.0,63,0.984375,47,0.746031746031746,0.9196772698179236,63.08365079365079,34.428790845056675,-0.13078348341508367,0.5889871086060666,4.0476190476190474,2.141269252944487,-0.12355631280119835,0.669375363848852,1.4320858730158739,1.648541281788463,-0.42343533970716507,0.7878972702609701,267.57388888888886,103.79863002186607,-0.5109803102886058,0.6891554254435022,0.984375,0.997366726398468,0.014401440508663654,1.0837911367416382,0.006284629460424185
2,1.0454843610540796,0.9375,0.8154330179095268,0.5717108961776184,0.0,0.0625,0.0,60,5.403398801971659e-07,0.7247485518455505,0.0,1.0,64,1.0,53,0.828125,0.9040582191470726,61.120000000000005,42.51804403720848,-0.164376443692701,0.7273732015092385,4.046875,2.5886150224347766,-0.12378890715851043,0.8092187006020606,2.3292059375000016,1.941000614108063,0.005330659489747698,0.9276741215552082,303.93178125000003,117.6555437334007,-0.26958754072052665,0.7811563243204416,1.0,0.997137188911438,0.01279405690729618,1.0837910175323486,0.01631423458456993
3,1.0655344278840608,0.9375,0.85822115590175,0.6063114586166486,0.0,0.046875,0.0,60,0.0041783127767313945,0.6930362582206726,0.0,1.0,63,0.984375,51,0.8095238095238095,0.9150031061041063,48.57587301587301,30.2786970864619,-0.37897384607080753,0.5179897931813287,3.3968253968253967,1.6089006651953726,-0.32699884399688467,0.5029533145730614,2.6323455555555566,1.9019962353281552,0.1502120041138932,0.909032523732693,292.52798412698417,105.99115047313532,-0.34530134018327313,0.7037123359159211,0.984375,0.9973977208137512,0.004332755692303181,1.0837910175323486,0.020881183445453644
4,1.0642481900817091,0.921875,0.8792266229451713,0.6140067019336352,0.0,0.0625,0.0,59,0.00415042522862475,0.6784153580665588,0.0,1.0,63,0.984375,54,0.8571428571428571,0.9091852722376002,40.477936507936505,23.4070104244827,-0.5175084879334871,0.4004330983644636,2.9523809523809526,1.5576597365520122,-0.4659352067646704,0.486935051009319,2.787763809523812,1.6943431942739104,0.22449198691024003,0.8097876543348622,269.8576031746031,96.14939771654963,-0.4958179320391889,0.6383694955851211,0.984375,0.9986498951911926,0.015252621844410896,1.1014962196350098,0.035528283566236496
5,1.0215917126891267,0.890625,0.8865173223771547,0.5947288024772811,0.0,0.078125,0.0,57,0.008103581082419127,0.6600023508071899,0.0,1.0,62,0.96875,44,0.7096774193548387,0.9081649898348897,44.92048387096774,26.66429928232658,-0.44150805161340156,0.45615684291623276,3.096774193548387,1.7753661813957438,-0.4207968953585465,0.5549915696041297,2.180828870967743,1.3672310294947392,-0.06558408615936862,0.6534489659769585,246.39280645161293,83.7412820517588,-0.6516089281744083,0.555987673897111,0.96875,0.9981347322463989,0.0016286644386127591,1.1334559917449951,0.03509104624390602
6,1.0894402002548544,0.9375,0.8704416679839293,0.6235153512185604,0.0,0.0625,0.0,60,4.13395680719849e-06,0.6270012855529785,0.0,0.984375,64,0.984375,50,0.78125,0.9032358058658677,43.41328125,31.13650625946814,-0.467292370261198,0.532664678129176,2.890625,1.4044259002791852,-0.48524053842157816,0.4390331093137418,2.4502300000000012,1.623631633644737,0.06317241907019018,0.7759920519977604,253.921875,77.76249884956198,-0.6016208075454179,0.5162924401500333,1.0,0.9980166554450989,0.005687694065272808,1.0837910175323486,0.04182473570108414
7,1.027464690553769,0.890625,0.8943109303189997,0.6217641933045578,0.0,0.109375,0.0,57,1.4142571633352606e-05,0.6359896063804626,0.0,1.0,64,1.0,49,0.765625,0.9072628157759846,38.75125,31.36878641161465,-0.5470476053063719,0.5366383876856646,2.671875,1.4583240327084375,-0.5536232794713477,0.45588203289305945,2.967518593750002,1.760448691392223,0.31040327428456393,0.8413818529783186,276.50851562500003,96.2879085264916,-0.4516601970250061,0.6392891173193769,1.0,0.9981853365898132,0.0004926108522340655,1.1334556341171265,0.03620292618870735
8,1.0164277119555047,0.875,0.8850672080048493,0.648917365798433,0.0,0.109375,0.0,56,0.004013160623351704,0.6286831498146057,0.0,1.0,63,0.984375,41,0.6507936507936508,0.9034304401719052,39.794285714285714,22.86964437881808,-0.5292039757611242,0.3912401622859512,2.5396825396825395,1.343123542940075,-0.5949475436204715,0.4198695745587209,2.6447203174603193,1.6042530700747777,0.15612634865145578,0.766730338319723,248.99384126984128,82.10928277533286,-0.6343397478743223,0.5451522596394095,0.984375,0.9992212057113647,0.0009741841349750757,1.1478066444396973,0.04737202823162079
9,1.0372901080501875,0.90625,0.8881334004731014,0.6585069753220565,0.0,0.046875,0.0,58,0.011580373720999643,0.6252624988555908,0.0,1.0,61,0.953125,54,0.8852459016393442,0.9021303810584314,43.81688524590163,28.235116174371836,-0.46038775511982455,0.48302943636742396,2.7540983606557377,1.489369298850345,-0.5279196964772306,0.46558699470061715,2.574835901639345,1.374354703337114,0.12272606861758673,0.6568536263495197,267.0026557377049,77.95876391114486,-0.5147729270625332,0.517595512570029,0.953125,0.9987444877624512,0.0023618328850716352,1.1180338859558105,0.03943431004881859
10,1.1179133064883815,0.96875,0.8717585528089155,0.6485917966221116,0.0,0.03125,0.0,62,4.858398017856813e-05,0.5974471569061279,0.0,1.0,64,1.0,47,0.734375,0.9022112691604702,39.780781250000004,26.424280400838704,-0.5294350020381929,0.45205074381868904,2.453125,1.4244482210227931,-0.6220060205211173,0.44529222325488726,2.4006278125000007,1.5194705108199598,0.03946574665503249,0.7262096988061403,243.59996875000002,76.68256836118479,-0.670151554932047,0.5091224037535007,1.0,0.9973450303077698,0.008547008968889713,1.0446385145187378,0.03975445032119751
11,1.1073078783199586,0.96875,0.846943881242506,0.6420385632915264,0.0,0.03125,0.0,62,6.392693889508013e-05,0.6049939393997192,0.0,1.0,64,1.0,51,0.796875,0.8974391717902865,47.033281249999995,26.82281689944027,-0.40536358098859726,0.4588686672549699,2.96875,1.249609313945763,-0.4608181309038033,0.390636389160838,2.497548281250001,1.3556332228387722,0.08578753040660117,0.6479059563440196,266.95728125000005,78.56713374868276,-0.515074184163633,0.5216346927993549,1.0,0.9983794689178467,0.006256015505641699,1.0446385145187378,0.05246143788099289
12,1.0734044845760295,0.921875,0.8832481543896562,0.6672421951253275,0.0,0.078125,0.0,59,0.00014308494496039262,0.6080077886581421,0.0,1.0,64,1.0,48,0.75,0.8937642520394005,36.145,28.29432159241497,-0.5916337674725917,0.4840422871568686,2.3125,1.5090870584562046,-0.665966354053112,0.4717509007541445,2.5773507812500016,1.4764781170547638,0.1239280201866257,0.7056620849466717,241.93482812500002,78.15946647190978,-0.6812070061995964,0.5189280470998433,1.0,1.0000392198562622,0.00371944741345942,1.1014962196350098,0.04770510643720627
13,1.055170856020906,0.921875,0.8692069008188733,0.6725179906184849,0.0,0.078125,0.0,59,0.00022035875368114823,0.5921199321746826,0.0,1.0,64,1.0,49,0.765625,0.9019309221021247,37.174687500000005,25.607500669283283,-0.5740184911731079,0.43807776595194126,2.5,1.224744871391589,-0.6073525760104523,0.38286359493670563,2.647443593750001,1.5205415797004787,0.1574279005012699,0.7267216012113422,248.68285937500002,77.38213225526196,-0.6364044654914952,0.5137670532343861,1.0,0.9985513687133789,0.0020418581552803516,1.1014961004257202,0.05668531358242035
14,1.0847920029301215,0.953125,0.9004791623256245,0.6710193495656491,0.0,0.015625,0.0,61,0.007657894088078706,0.5517368912696838,0.0,1.0,62,0.96875,53,0.8548387096774194,0.8821750914648969,36.30629032258065,23.05281770153551,-0.5888745093513743,0.3943737816514014,2.4838709677419355,1.5423268500492804,-0.6123946214334768,0.48214188617612214,3.0541232258064537,1.6975931444318038,0.3517947480335299,0.8113409226006775,277.9526451612903,75.11474914875605,-0.44207211571056093,0.49871310339826275,0.96875,0.9986602663993835,0.006001846864819527,1.0648607015609741,0.056481000036001205
15,1.0584913701964722,0.96875,0.873226830074864,0.6438991764171174,0.0,0.03125,0.0,62,0.0006086446014684062,0.5591248869895935,0.0,1.0,64,1.0,55,0.859375,0.8922248507819097,50.768125,26.662333559900098,-0.34147011370687347,0.45612321451570287,2.953125,1.4623363957636424,-0.4657026124073583,0.457136324933296,2.945504531250002,1.8033479126734078,0.2998819607192235,0.8618849363509702,298.18970312500005,83.38403272972141,-0.30771120663336743,0.5536157706411026,1.0,0.9993543028831482,0.0017241379246115685,1.0446385145187378,0.055012207478284836
16,1.0428004878812192,0.9375,0.8730250328779221,0.672571353149301,0.0,0.0625,0.0,60,0.0014366850882495917,0.5568758845329285,0.0,1.0,64,1.0,50,0.78125,0.8970003910598221,40.92609375000001,27.519198504020988,-0.5098416825730616,0.47078194616198504,2.578125,1.3784580096524521,-0.5829301684926775,0.4309153697007744,2.9308750000000017,1.7290684649047676,0.2928899806794105,0.8263841122103021,273.3008125,74.46244101556233,-0.47295726049626924,0.49438220144939626,1.0,0.9987005591392517,0.0014312977436929941,1.0837910175323486,0.045015931129455566
17,0.9775255675680175,0.921875,0.8592661694955017,0.6216042410508624,0.0,0.0625,0.0,59,0.004883153921067194,0.5459660887718201,0.0,1.0,63,0.984375,51,0.8095238095238095,0.8998357671303209,49.266825396825396,32.09963802522493,-0.3671534470660003,0.5491413588372699,3.0317460317460316,1.4796852300217673,-0.4411251419847087,0.46255968877598735,2.0555490476190488,1.6630686125273664,-0.12545982717091733,0.7948404049945709,251.616,69.73222019142514,-0.6169303185313506,0.4629766102213303,0.984375,0.9977631568908691,0.0009770395699888468,1.1014961004257202,0.049791596829891205
18,0.9685508855902297,0.90625,0.9043242314766193,0.6525669732748944,0.0,0.0625,0.0,58,0.007936121026136089,0.530953049659729,0.0,1.0,62,0.96875,50,0.8064516129032258,0.896833391304429,46.42677419354838,29.50510402943398,-0.4157393400193534,0.5047556270455748,2.7419354838709675,1.367072264543038,-0.5317218946650851,0.42735610817174235,2.3330530645161303,1.689842421229203,0.007169340090494674,0.8076365727482718,256.92083870967747,67.62217819577933,-0.5817096380935954,0.4489673030762686,0.96875,0.9978035688400269,0.0005053057102486491,1.1180340051651,0.04752642661333084
19,0.9924719839565317,0.921875,0.9044701295383906,0.6785303047269621,0.0,0.078125,0.0,59,0.0035209370887365893,0.5063501596450806,0.0,1.0,64,1.0,51,0.796875,0.901739426104097,37.473124999999996,28.420436082322432,-0.5689130013806931,0.48619977822584665,2.578125,1.3670758883013774,-0.5829301684926775,0.42735724098329964,2.4240029687500013,1.56282805368653,0.05063757595937284,0.7469318305763152,246.25840625,70.25802963312248,-0.6525012581416028,0.4664676430935253,1.0,0.9986448884010315,0.0,1.1014959812164307,0.05385508015751839
20,1.0408220149348621,0.9375,0.8753044620156288,0.7246906913904697,0.0,0.0625,0.0,60,0.0036555418041507542,0.4990830421447754,0.0,0.984375,64,0.984375,52,0.8125,0.8928270423665419,40.7128125,22.415346477688978,-0.5134903703042901,0.3834683062124681,2.515625,1.1857511793690108,-0.6024680945068974,0.3706739010205711,2.6877703125000014,1.5129123770975326,0.17670149223519177,0.7230753304315121,249.03482812500002,67.60987877326868,-0.634067621800996,0.4488856429064643,1.0,0.9983331561088562,0.006670087110251188,1.0837910175323486,0.057101357728242874
21,0.95008174134611,0.921875,0.8936117028785964,0.652686277298808,0.0,0.0625,0.0,59,0.008736951533969497,0.519199788570404,0.0,1.0,63,0.984375,49,0.7777777777777778,0.8985808450366313,41.66428571428571,27.561528784416886,-0.497213137103731,0.4715061072157109,2.5873015873015874,1.3408706083773254,-0.5800615047524944,0.4191652918578908,2.488079523809525,1.5881952390899652,0.08126207009661077,0.7590557223795508,256.427253968254,83.34350724979966,-0.5849867199047568,0.5533467077994167,0.984375,0.9968754649162292,0.000985221704468131,1.1014961004257202,0.05710485205054283
22,0.9909120574021175,0.96875,0.8654980111506677,0.6516038795653558,0.0,0.03125,0.0,62,0.006079012494973751,0.4875286817550659,0.0,1.0,64,1.0,52,0.8125,0.8944660792747359,40.71953125,26.00524222570852,-0.5133754299581781,0.4448820899941553,2.640625,1.3734899378499283,-0.5633922424784576,0.4293623165917977,2.7631753125000014,1.7835463606253437,0.2127402583372905,0.8524210612403181,267.070984375,70.7664441888978,-0.5143192693302956,0.4698431852313473,1.0,0.9986273050308228,0.0009756097570061684,1.0446385145187378,0.05987835302948952
23,1.0210399920812965,0.96875,0.8751749261733024,0.6806823144530045,0.0,0.03125,0.0,62,0.008635153216263139,0.5118463635444641,0.0,1.0,64,1.0,53,0.828125,0.8863878288353411,34.345625,26.30577353898522,-0.6224163959801569,0.450023399488556,2.203125,1.4051210746320049,-0.7001577245779967,0.43925042555489974,3.0838892187500018,1.4771744956528348,0.36602098843521746,0.7059949093669938,264.241640625,81.73311060441772,-0.533104272517201,0.5426547209683074,1.0,0.9987379312515259,0.004358353558927774,1.0446385145187378,0.04762973263859749
24,1.0048374964187095,0.984375,0.8745002405984061,0.6606327453782644,0.0,0.015625,0.0,63,0.012758317053926098,0.5435052514076233,0.0,1.0,64,1.0,51,0.796875,0.893399051126902,41.702031250000005,23.838369162162152,-0.49656740911278296,0.407812524985084,2.6875,1.2231491119238078,-0.5487387979677927,0.38236474965001765,2.8844856250000017,1.4130602934808243,0.2707188271054095,0.6753524223183929,280.41712500000006,71.01162299284627,-0.4257095717021751,0.47147101310257494,1.0,0.9991777539253235,0.005457025952637196,1.0230478048324585,0.053081247955560684
25,0.8422108599770944,0.84375,0.8694648389463071,0.6615723886762939,0.0,0.15625,0.0,54,0.009765585141403067,0.5509434342384338,0.0,1.0,64,1.0,49,0.765625,0.9173741647787668,39.245000000000005,25.55048195484774,-0.5386008263827954,0.43710232397656185,2.515625,1.5611713100665794,-0.6024680945068974,0.4880327928256567,2.5539657812500014,1.8246111122799964,0.11275148619952158,0.8720473854883495,250.75343750000005,106.18249518412794,-0.6226571727926629,0.7049827404066422,1.0,0.996599018573761,0.003225806402042508,1.1734496355056763,0.055549588054418564
26,0.9565606655505969,0.96875,0.852870074491347,0.6349075080211656,0.0,0.03125,0.0,62,0.026338805729593726,0.4908280372619629,0.0,1.0,64,1.0,49,0.765625,0.9019369956356165,53.585,29.95791464705112,-0.293280705341609,0.5125020395645824,3.09375,1.782893978199489,-0.42174227887536353,0.5573448101961561,2.420752031250001,1.6105121249525929,0.04908383580719392,0.7697217661396525,273.451671875,90.86965269602095,-0.4719556523176415,0.6033154209302903,1.0,0.9991843104362488,0.0023020256776362658,1.0446385145187378,0.0526372455060482
27,1.001480949599273,0.984375,0.849391853525525,0.6546372293632602,0.0,0.015625,0.0,63,0.022747934682945475,0.5483561754226685,0.0,1.0,64,1.0,50,0.78125,0.9006077389219719,51.74296875,31.97862683104175,-0.32479307139541985,0.5470711718913595,3.203125,1.6693906775752043,-0.38755090835047873,0.5218629047566836,2.077180312500001,1.5630086297196284,-0.11512146637869969,0.7470181343681126,264.35037500000004,75.37338753136368,-0.5323823469537549,0.500430294121921,1.0,0.9984099864959717,0.002305209869518876,1.0230478048324585,0.05398861691355705
28,0.9232870143595694,0.9375,0.8714603116114934,0.6192757304953039,0.0,0.0625,0.0,60,0.029343493292701073,0.49651801586151123,0.0,1.0,64,1.0,47,0.734375,0.9080821107386711,50.180156249999996,34.08092646060383,-0.35152873050732225,0.5830360533131872,2.984375,1.6440440563972123,-0.45593364940024833,0.5139393782081066,2.249740625000001,1.7027545547581462,-0.032648676236234644,0.8138077465448192,271.240921875,82.96669248283182,-0.48663359514288157,0.5508449027082666,1.0,1.0005642175674438,0.0009195402381010354,1.0837910175323486,0.050145458430051804
29,0.9103853342864997,0.96875,0.851598170255461,0.6014215809698665,0.0,0.03125,0.0,62,0.03230247565149211,0.5035583972930908,0.0,1.0,64,1.0,48,0.75,0.9115397032770001,51.25125,34.11071791332601,-0.33320510091203226,0.5835457076219598,3.28125,1.8068338156842205,-0.3631285008327039,0.5648285665732623,2.181839843750001,1.5296710571276564,-0.06510090584459648,0.7310849073797986,265.7986875,83.19673736896088,-0.522766493479558,0.5523722512035018,1.0,1.0000892877578735,0.003574620233848691,1.0446386337280273,0.04750344902276993
30,0.9120931064457292,0.9375,0.8419879965484143,0.594571681076301,0.0,0.015625,0.0,60,0.04092268013372093,0.5405842661857605,0.0,1.0,61,0.953125,49,0.8032786885245902,0.9009972390251422,55.88475409836066,36.01727680181028,-0.2539378912708418,0.616161973821061,3.557377049180328,2.1918222837191172,-0.27680930311414226,0.6851785858499609,2.110138032786886,1.7539946070190382,-0.09936978449185589,0.8382972135362602,286.97085245901644,87.42652189833781,-0.3821970818522825,0.5804552707603402,0.953125,0.998461127281189,0.003449762938544154,1.0837910175323486,0.041777513921260834
31,0.9429261928660422,0.921875,0.8924971318851083,0.6787991614141504,0.0,0.078125,0.0,59,0.03705852945717572,0.5382872819900513,0.0,1.0,64,1.0,54,0.84375,0.9064888242717729,40.407812500000006,25.713358485227943,-0.5187081274115118,0.43988871798964696,2.578125,1.2475562048961963,-0.5829301684926775,0.38999457327748505,2.2205253125000013,1.6386145765954716,-0.04661172661468722,0.7831529402216529,250.150859375,73.11269572761186,-0.626657899815841,0.48542077018617136,1.0,0.9973401427268982,0.0009847366018220782,1.1014959812164307,0.04246951639652252
32,0.8588707509556925,0.890625,0.8774870006661666,0.6327533378541282,0.0,0.109375,0.0,57,0.029676006513665507,0.5050128102302551,0.0,1.0,64,1.0,50,0.78125,0.912578637941574,43.57328125000001,28.628849744111246,-0.4645551862049503,0.48976519417679987,3.046875,1.6810495930742198,-0.43639572338602844,0.5255075612114966,2.1616459375000012,1.5911931330026374,-0.07475230116362644,0.7604885238849907,257.588796875,91.59644672014097,-0.57727483010524,0.6081408607727692,1.0,0.9978694319725037,0.0028763182926923037,1.133455753326416,0.04048245772719383
33,0.9369555207115073,0.953125,0.8461694013876994,0.6538759444803992,0.0,0.03125,0.0,61,0.0308541508565904,0.5199880599975586,0.0,1.0,63,0.984375,52,0.8253968253968254,0.9034401106415457,59.389682539682546,44.06410888651568,-0.1939776772216241,0.7538223518557912,3.6666666666666665,2.350278605572013,-0.24264462374501472,0.7347131121355175,2.0625350793650803,1.5894934580390088,-0.12212095091500505,0.7596761879859946,282.22828571428573,87.94129942154666,-0.4136846419671953,0.5838730588654532,0.984375,0.9988395571708679,0.002658396027982235,1.0648608207702637,0.04515405744314194
34,0.8942748846129425,0.953125,0.8402396193781837,0.5911909259211171,0.0,0.046875,0.0,61,0.03513038465174161,0.5021328926086426,0.0,1.0,64,1.0,51,0.796875,0.9023143282530652,58.17640625,36.89894385205979,-0.21473368044626315,0.6312450050264469,3.796875,2.3728917451866613,-0.20194061121538995,0.7417821337153612,2.009335156250001,1.7932469262189543,-0.1475471107955697,0.8570573110180013,287.01371875000007,109.4704746667551,-0.38191247754687135,0.7268127867061173,1.0,0.9979626536369324,0.007346585858613253,1.0648607015609741,0.046386003494262695
35,0.871126108928765,0.921875,0.8633770674972211,0.6407262506625239,0.0,0.0625,0.0,59,0.03461606911124088,0.48286786675453186,0.0,1.0,63,0.984375,45,0.7142857142857143,0.9037783651849833,51.38142857142857,34.21281194426712,-0.33097808397341116,0.5852922710827726,3.4444444444444446,1.7437214152202487,-0.3121128051289075,0.5450991999997439,2.347217777777779,1.7276628461792196,0.013939166867762249,0.8257123163813948,282.38219047619054,95.5014597958499,-0.412662814399279,0.6340676090062064,0.984375,0.997660756111145,0.000871839583851397,1.1014959812164307,0.049103304743766785
36,0.9018143764972052,0.9375,0.8408287058273951,0.6372138932447134,0.0,0.046875,0.0,60,0.040879083150937606,0.5435278415679932,0.0,1.0,63,0.984375,53,0.8412698412698413,0.8974584118388579,54.69698412698411,37.55508879072334,-0.2742575476967261,0.6424699391808056,3.5238095238095237,2.0303814862216996,-0.2873027403489459,0.6347110921350617,2.4317504761904774,1.5333464859005568,0.05434038888320528,0.7328415272043657,295.671873015873,107.32283450745255,-0.32442796175512933,0.712553852196366,0.984375,0.9990477561950684,0.0016467681853100657,1.0837910175323486,0.0492878258228302
37,0.8681674290308758,0.90625,0.8605790035478,0.6210671734772601,0.0,0.0625,0.0,58,0.04391161370804215,0.5106474757194519,0.0,1.0,62,0.96875,47,0.7580645161290323,0.8990868978777995,46.72951612903225,31.715276945052093,-0.4105602125258287,0.5425659399592001,3.0806451612903225,1.7440996114713896,-0.425838940781571,0.5452174267257223,2.5693243548387112,1.4210219819355165,0.12009190183807851,0.6791576000651793,272.47119354838713,98.34196338793937,-0.478465391012388,0.6529267062897433,0.96875,0.9961053133010864,0.005263158120214939,1.1180338859558105,0.050933655351400375
38,0.9286985889141572,0.96875,0.8988745476930372,0.6841491220393874,0.0,0.015625,0.0,62,0.03332557096674794,0.4586600959300995,0.0,1.0,63,0.984375,54,0.8571428571428571,0.8930650171667794,43.20571428571428,27.392779532598404,-0.47084330141898906,0.46861924620582807,2.857142857142857,1.5312319229346216,-0.49570728450062446,0.4786735363345323,2.436173174603176,1.7190047166974327,0.05645415579037818,0.8215742843772067,261.60728571428575,66.43471609638488,-0.550594676570511,0.441083326687237,0.984375,1.0003162622451782,0.0005047955783084035,1.0446385145187378,0.055339619517326355
39,0.9376605518890146,0.96875,0.8925152598850189,0.6823381846918625,0.0,0.03125,0.0,62,0.040155629761112296,0.4977850914001465,0.0,1.0,64,1.0,56,0.875,0.8868879066456441,47.27796875,27.70027189508297,-0.401177613965078,0.47387964115589465,3.234375,1.6652907732210012,-0.37778194534336884,0.5205812467096789,2.460330312500001,1.433654522344001,0.06799972229604512,0.6851951462366093,271.844609375,73.09248197245935,-0.48262550259089154,0.4852865639926117,1.0,0.9982360005378723,0.0013888889225199819,1.0446386337280273,0.04454442113637924
40,0.8152263578918585,0.875,0.8760265393980912,0.6554703900349619,0.0,0.109375,0.0,56,0.03160754989401286,0.4996793568134308,0.0,1.0,63,0.984375,53,0.8412698412698413,0.9062457026798459,41.79587301587302,33.203479002788804,-0.49496202045429716,0.5680252083648983,3.111111111111111,1.8696499214890907,-0.41631507720474686,0.5844653094167337,2.5771987301587314,1.7280763066581617,0.12385534949219089,0.825909924039946,264.1794285714286,90.91213154482016,-0.5335173201098107,0.6035974528714672,0.984375,0.9976015090942383,0.008252426981925964,1.1478066444396973,0.050263725221157074
41,0.8662412158867694,0.9375,0.8808971489469211,0.6345129131789676,0.0,0.046875,0.0,60,0.03057700076589725,0.4551246166229248,0.0,1.0,63,0.984375,52,0.8253968253968254,0.8868934082966722,45.20936507936509,27.774149673267523,-0.4365660451273094,0.47514349788438054,3.142857142857143,1.5620209016054025,-0.4063910512927622,0.4882983809317021,3.0222531746031764,1.7500824809331965,0.33656290238699693,0.8364274675383877,288.3027619047619,81.19061899437243,-0.3733540689864907,0.5390529293431044,0.984375,0.9987823367118835,0.0008932559285312891,1.0837910175323486,0.04344717413187027
42,0.9378791394746402,0.953125,0.8443106530142612,0.7016792696188761,0.0,0.046875,0.0,61,0.03343184804300698,0.49059897661209106,0.0,1.0,64,1.0,54,0.84375,0.8889342296933648,41.93296875,24.332485916445602,-0.4926166688440976,0.41626557812101805,2.796875,1.3131508802780434,-0.5145474274429079,0.41049991591008184,3.065526250000002,1.444259278696719,0.35724466411028677,0.6902635413531845,277.45782812500005,75.84334311830598,-0.4453573791585417,0.5035504937082792,1.0,0.9985116720199585,0.005471956450492144,1.0648607015609741,0.041076239198446274
43,0.8720909854630641,0.953125,0.8230875471576315,0.6356323161083284,0.0,0.03125,0.0,61,0.03518415217194239,0.5085068345069885,0.0,1.0,63,0.984375,57,0.9047619047619048,0.8964988836355359,51.10761904761906,26.459450840399356,-0.335662253117287,0.452652418608793,3.6031746031746033,1.6285126385626165,-0.26249267556898404,0.5090841511273343,2.47362396825397,1.4676133124502113,0.07435323930896341,0.7014252754554672,286.34738095238106,71.80926146074351,-0.38633652734705154,0.47676681399684523,0.984375,0.9986030459403992,0.0013908206019550562,1.0648607015609741,0.048004962503910065
44,0.8356468813797551,0.90625,0.8751627314707329,0.6696582371825045,0.0,0.09375,0.0,58,0.028997025754097284,0.43472033739089966,0.0,1.0,64,1.0,51,0.796875,0.9003345082469194,41.377187500000005,32.28837912414998,-0.5021246411957309,0.5523702283793717,2.9375,1.8103435447450298,-0.47058709391091325,0.5659257318007831,2.521038125000002,2.0633380973731588,0.09701417299901703,0.986143612237659,262.91940625,79.94413107186148,-0.5418830492028586,0.530777059860364,1.0,0.9978039264678955,0.003816793905571103,1.1180340051651,0.054629310965538025
45,0.9019440917914896,0.96875,0.8666169638595274,0.6693658958077697,0.0,0.03125,0.0,62,0.04005959021949418,0.46727055311203003,0.0,1.0,64,1.0,52,0.8125,0.8970118368119532,39.32484375,27.102897330831368,-0.5372349073859766,0.4636601153254114,2.734375,1.6031432747496401,-0.5340853534571278,0.5011535150760422,2.630688281250001,1.567586979636772,0.14941993301695097,0.7492062927368879,252.367046875,65.85017126435345,-0.6119438555254363,0.43720232900620254,1.0,0.9993906021118164,0.005609382875263691,1.0446385145187378,0.05526847764849663
46,0.8720121595530205,0.984375,0.8738335458532213,0.6470490275100741,0.0,0.015625,0.0,63,0.035938355535759844,0.4790949821472168,0.0,1.0,64,1.0,58,0.90625,0.8967280893353735,43.937031250000004,22.51533169862313,-0.45833236932707505,0.38517879341622646,2.9375,1.3792547806696194,-0.47058709391091325,0.43116444575171337,2.583317968750001,1.6125563036712676,0.12677995407164463,0.7706987527945588,266.02751562500004,75.42263275245877,-0.5212472234872219,0.5007572503764274,1.0,0.998893141746521,0.01276386808604002,1.0230478048324585,0.048082828521728516
47,0.8375169678691494,0.9375,0.9023284067710241,0.6511487395088478,0.0,0.046875,0.0,60,0.040495851051102455,0.459196537733078,0.0,1.0,63,0.984375,52,0.8253968253968254,0.8974618139739711,44.86079365079366,24.924292943535992,-0.4425291961069916,0.42638985786431227,2.8253968253968256,1.409037525153787,-0.5056313104126091,0.4404747346834267,2.5531342857142865,1.622667000531831,0.11235408452686632,0.7755310190804426,265.8391904761905,74.17974982772189,-0.5224975800480187,0.49250531573535294,0.984375,0.9993384480476379,0.0014347202377393842,1.0837910175323486,0.04881484434008598
48,0.849795005392231,0.9375,0.8448737382888794,0.6562475150415055,0.0,0.0625,0.0,60,0.02901562459741001,0.4758698046207428,0.0,1.0,64,1.0,49,0.765625,0.9005447430191107,46.364531250000006,28.784130335225928,-0.4168041549736943,0.4924216414158236,3.109375,1.7420999137176374,-0.41685779737180856,0.5445923075775044,2.267464687500001,1.5745708078572254,-0.024177708225937337,0.7525441158485403,263.6223750000001,91.56124674935835,-0.5372157936920899,0.6079071558497351,1.0,0.9978139996528625,0.0,1.0837910175323486,0.06002398580312729
49,0.8874129628799299,0.984375,0.880197397773228,0.6774586314752633,0.0,0.015625,0.0,63,0.027735557381984223,0.46051836013793945,0.0,1.0,64,1.0,58,0.90625,0.882991147122616,36.8096875,21.353841352959044,-0.5802626923014226,0.36530871306849405,2.609375,1.0842218912081605,-0.5731612054855676,0.33893515349476144,3.0202110937500013,1.5375947901268954,0.33558691837759236,0.7348719448470097,268.74657812500004,76.6242675345915,-0.5031944161081627,0.5087353241653969,1.0,0.9978436827659607,0.0004930966533720493,1.0230478048324585,0.04929818585515022
50,0.8733355448400645,0.9375,0.8534712580343088,0.7085704246859617,0.0,0.046875,0.0,60,0.038794320972815106,0.43753039836883545,0.0,1.0,63,0.984375,54,0.8571428571428571,0.8898928802996361,43.84873015873016,25.49556914458963,-0.4598429714469067,0.43616290854704787,2.7777777777777777,1.3504196225494096,-0.5205173492805862,0.42215037877633754,2.5148453968253976,1.5997051296022151,0.09405444510009209,0.7645567137200685,257.38409523809526,70.05711881952126,-0.5786339159008846,0.46513372590026003,0.984375,0.9985834360122681,0.0004810004902537912,1.0837911367416382,0.059850938618183136
51,0.8500532667761603,0.90625,0.8689229786396027,0.6873687168992696,0.0,0.0625,0.0,58,0.038333861726932296,0.4576134979724884,0.0,1.0,62,0.96875,50,0.8064516129032258,0.8942185557449135,41.53403225806452,22.249092512097263,-0.49944143512647965,0.38062413306305826,2.6129032258064515,0.9895394613018044,-0.572058258049281,0.30933678052905034,2.62498741935484,1.4872689218366277,0.14669528573334806,0.7108193993102684,254.95874193548386,65.03356442909123,-0.5947366851451401,0.4317805904836743,0.96875,0.9978561401367188,0.003960396163165569,1.1180340051651,0.05660628527402878
52,0.8429981041368588,0.9375,0.9135997320214907,0.6506733769065894,0.0,0.0625,0.0,60,0.047856866041388633,0.5341023802757263,0.0,1.0,64,1.0,51,0.796875,0.9023720533122921,40.651250000000005,32.13174095131635,-0.5145435446384321,0.549690556446372,2.6875,1.6381678027601445,-0.5487387979677927,0.5121024212672775,2.558453437500001,1.6356171005065454,0.11489629879736475,0.7817203384092342,250.86559375000002,68.43019809099243,-0.6219125282037257,0.4543320298991091,1.0,0.9971957802772522,0.013625304214656353,1.0837910175323486,0.05058814957737923
53,0.9029393832572759,0.984375,0.8589857301068684,0.691952688843487,0.0,0.015625,0.0,63,0.037075645045872116,0.48657357692718506,0.0,1.0,64,1.0,43,0.671875,0.8800809799169934,51.18078125,31.04809360616443,-0.33441063803055526,0.5311521674729668,3.140625,1.618903829563387,-0.4070888343646986,0.5060803719383469,2.4368182812500008,1.405956459178186,0.056762475498034495,0.671957243976627,280.912140625,74.42783546031926,-0.42242298975426157,0.49415244305912437,1.0,0.9991971850395203,0.0013599274680018425,1.0230478048324585,0.04999370872974396
54,0.8906987841490778,0.984375,0.8295905649188965,0.6735864936507295,0.0,0.015625,0.0,63,0.048882738007277875,0.48483696579933167,0.0,1.0,64,1.0,54,0.84375,0.890440956010969,53.01046875,30.774911475791015,-0.3031094414498338,0.5264787313997803,3.09375,1.7204537010626004,-0.42174227887536353,0.5378255539560295,2.598576250000001,1.650083464442501,0.13407243638831842,0.7886343349112663,302.36495312500006,74.95113746435698,-0.2799902608995284,0.49762682817530635,1.0,0.9986996650695801,0.008909630589187145,1.023047685623169,0.047153815627098083
55,0.7968673908216736,0.890625,0.8808405352266211,0.6601656785301787,0.0,0.09375,0.0,57,0.04028591389535295,0.5281699299812317,0.0,1.0,63,0.984375,46,0.7301587301587301,0.9049751681330686,43.17317460317461,25.603735517724303,-0.4713999707955075,0.43801335399683755,2.6984126984126986,1.5185093007112889,-0.545327414060548,0.47469635790723075,2.6307769841269857,1.6316412220396868,0.1494623273175441,0.7798201228516783,263.4656190476191,76.39577507628071,-0.5382565513112527,0.5072182827816655,0.984375,0.9987756013870239,0.0032007317058742046,1.133455753326416,0.05808694288134575
56,0.8609913984140141,0.953125,0.8562280779979268,0.6784177412532568,0.0,0.046875,0.0,61,0.03276413918500355,0.4779890477657318,0.0,1.0,64,1.0,49,0.765625,0.8903547661139415,48.309375,27.76734659828654,-0.38353293432124,0.4750271149570593,2.953125,1.5952046058029672,-0.4657026124073583,0.49867183305153845,2.321117968750001,1.4982804459281198,0.0014651278403564356,0.7160822033837503,265.58803125000003,80.47338370774544,-0.5241651140351521,0.5342909533035904,1.0,0.9990715384483337,0.000458085210993886,1.0648607015609741,0.05995714291930199
57,0.8419919379616536,0.90625,0.8702313090706694,0.6679550737132256,0.0,0.09375,0.0,58,0.047333377156533726,0.582480251789093,0.0,1.0,64,1.0,48,0.75,0.9011141335683115,47.68546875,27.12944882466788,-0.39420634832182255,0.4641143423604043,3.015625,1.386229006829319,-0.4461646863931384,0.43334463638714776,2.117069843750001,1.5103732212897054,-0.09605682230150175,0.7218617763932511,250.7868125,87.15742371437643,-0.6224355844892402,0.57866863375545,1.0,0.9988395571708679,0.0014409221475943923,1.1180340051651,0.05423871427774429
58,0.8442220008960319,0.921875,0.8690175833338398,0.6426309988841327,0.0,0.046875,0.0,59,0.050303408443139075,0.5398053526878357,0.0,1.0,62,0.96875,49,0.7903225806451613,0.9009949601862536,48.64064516129033,34.26644869307848,-0.3778657630475248,0.5862098564182439,3.338709677419355,1.8134226095629475,-0.34516621401317915,0.5668882684504705,2.926379516129033,1.6767819242654425,0.2907414269795021,0.8013944907211632,297.04075806451624,85.65139977476703,-0.31533945492337023,0.5686696138395707,0.96875,0.9990398287773132,0.0008288437384180725,1.1014959812164307,0.0506589412689209
59,0.8264167152211102,0.96875,0.8685804038278518,0.6244861435565351,0.0,0.03125,0.0,62,0.03663397641620552,0.5227105617523193,0.0,1.0,64,1.0,45,0.703125,0.904350340541974,48.86328125,29.698508172480626,-0.3740570383452659,0.5080642691503215,3.1875,1.6092991486979666,-0.3924353898540337,0.5030778832321264,2.6957425000000015,1.5673429397251435,0.18051168785397803,0.7490896572711395,280.08371875,78.6371495264144,-0.42792317245987205,0.5220995520473068,1.0,0.999255359172821,0.003701989771798253,1.0446386337280273,0.05409427732229233
60,0.8829995329351705,0.96875,0.8746007868359166,0.6843329418454753,0.0,0.03125,0.0,62,0.0382899734409553,0.41753801703453064,0.0,1.0,64,1.0,54,0.84375,0.8886002435759188,43.711875,23.521470569128432,-0.4621842074374782,0.4023912138832142,2.953125,1.525099253942182,-0.4657026124073583,0.4767564222058285,2.8497590625000013,1.5422916922784096,0.25412175179916424,0.7371167635996503,280.654984375,77.50681357074608,-0.4241303400809167,0.5145948561157845,1.0,0.9988945126533508,0.0009057971183210611,1.0446385145187378,0.05110124871134758
61,0.8320755061081337,0.96875,0.8761913235629758,0.6721478767836806,0.0,0.03125,0.0,62,0.04094645937527204,0.4328975975513458,0.0,1.0,64,1.0,54,0.84375,0.8996332118977732,41.657343749999995,21.830705170855932,-0.4973318960659929,0.37346661331442343,2.953125,1.2428506484590174,-0.4657026124073583,0.38852358426107964,2.8152243750000014,1.7210672069840462,0.23761638046806458,0.8225600227901384,276.00709375,80.95722727556492,-0.45498931230831485,0.5375033600546091,1.0,1.000214695930481,0.005552984774112701,1.0446385145187378,0.04622210934758186
62,0.8497396047679772,0.96875,0.9028164167557994,0.6817069308488105,0.0,0.03125,0.0,62,0.03616428046915299,0.42285048961639404,0.0,1.0,64,1.0,58,0.90625,0.8929628452957852,38.91015625,27.357427892860944,-0.5443291324692588,0.4680144715517557,3.03125,1.6004760034127348,-0.4412802048895834,0.5003197078753973,2.9559506250000016,1.3604565187751272,0.30487452526185116,0.6502111832400013,289.88282812500006,69.65077765057504,-0.3628634564609906,0.4624358846946357,1.0,0.997826874256134,0.004168403334915638,1.0446385145187378,0.04926547035574913
63,0.8016421017032158,0.890625,0.8931064642312234,0.6919037065085707,0.0,0.09375,0.0,57,0.04849815572955306,0.5319534540176392,0.0,1.0,63,0.984375,49,0.7777777777777778,0.898751841545076,36.02000000000001,21.08930504548662,-0.5937721925165349,0.3607831845490433,2.5238095238095237,1.0669217382099085,-0.5999095565764638,0.33352700774572897,2.856044761904763,1.6548406274550251,0.2571259139984389,0.7909079545003905,267.4297460317461,80.5404104851106,-0.5119373251549671,0.5347359675322123,0.984375,0.9999672770500183,0.000933706818614155,1.1334558725357056,0.04913075268268585
64,0.8257948792866991,0.96875,0.875181314445311,0.6516959999164608,0.0,0.03125,0.0,62,0.04028263797538895,0.48212653398513794,0.0,1.0,64,1.0,52,0.8125,0.8973139543684794,44.598124999999996,24.51122541784427,-0.44702277387591954,0.419323346330081,2.890625,1.4044259002791852,-0.48524053842157816,0.4390331093137418,2.792027968750001,1.4684177568455499,0.22652998222851783,0.7018097484135701,280.21237500000007,89.0377764539265,-0.42706897859733184,0.5911529535575081,1.0,0.9997087121009827,0.0023663039319217205,1.0446385145187378,0.053117457777261734
65,0.8241768487858374,0.984375,0.8892364246504647,0.67512320149044,0.0,0.015625,0.0,63,0.04228927430875896,0.4374167025089264,0.0,1.0,64,1.0,55,0.859375,0.9011567943502672,43.485,31.5574205318654,-0.46606544889223545,0.539865427100756,2.90625,1.4547202265384227,-0.4803560569180232,0.4547554585199501,2.6967032812500014,1.4288661817767174,0.18097087982724278,0.6829066257708375,278.43718750000005,79.22074948006743,-0.4388550695750912,0.5259742763501597,1.0,0.9990532398223877,0.007042253389954567,1.0230478048324585,0.052304670214653015
66,0.8376885404948009,0.96875,0.8920636773109436,0.6972319600443156,0.0,0.015625,0.0,62,0.029969850218199808,0.4284834861755371,0.0,1.0,63,0.984375,53,0.8412698412698413,0.8884625600019521,42.61952380952382,25.818004756652137,-0.4808714965774433,0.4416789436501973,2.7777777777777777,1.2142597777082715,-0.5205173492805862,0.3795858831825165,2.5662577777777793,1.48732543726047,0.11862627418165006,0.7108464100673934,268.1602539682539,72.05977355232042,-0.5070872273485909,0.478430051430837,0.984375,0.9976548552513123,0.0024015370290726423,1.0446385145187378,0.0531945563852787
67,0.838503396548547,0.953125,0.8640255605588194,0.6937593451053805,0.0,0.046875,0.0,61,0.041149611576510384,0.6079613566398621,0.0,1.0,64,1.0,52,0.8125,0.8994659457988183,43.0040625,29.437459273790832,-0.4742930392488076,0.5035984011291048,3.0,1.4252192813739224,-0.45104916789669336,0.44553326197637305,2.400883281250001,1.5107956561879654,0.03958784437438339,0.7220636732501141,265.571875,74.1889364002688,-0.5242723810322214,0.4925663086050141,1.0,1.0003045797348022,0.001364256488159299,1.0648607015609741,0.05324235185980797
68,0.7959323111649095,0.984375,0.8929172673868755,0.6640013041074152,0.0,0.015625,0.0,63,0.03366258482856983,0.3918442130088806,0.0,1.0,64,1.0,57,0.890625,0.8978112003005687,44.8803125,26.575324431742008,-0.4421952793392172,0.45463471452606335,2.984375,1.3049447725382863,-0.45593364940024833,0.4079346306959364,2.217348125000001,1.483104634197378,-0.04813021898488848,0.7088291362214442,267.19159375,71.30511048978164,-0.5135185014866057,0.4734195792904932,1.0,0.9996961951255798,0.00048309177509509027,1.0230478048324585,0.05312662571668625
69,0.7907217184430004,0.921875,0.8650954224295535,0.6870088867933277,0.0,0.078125,0.0,59,0.03360875205381025,0.49329477548599243,0.0,1.0,64,1.0,51,0.796875,0.9079617575780616,40.23046875,25.107120468460206,-0.5217420179426067,0.4295175615284733,2.796875,1.438094306495579,-0.5145474274429079,0.4495580825885034,2.281980312500001,1.445083214842196,-0.01724016808667896,0.6906573301209042,248.4971875,70.93302239257889,-0.6376372060390494,0.47094915621384753,1.0,0.9986757636070251,0.002926829271018505,1.1014959812164307,0.051781557500362396
70,0.8178427638339144,0.9375,0.8225453555583954,0.6727826019090418,0.0,0.0625,0.0,60,0.048459858194141996,0.5211422443389893,0.0,1.0,64,1.0,54,0.84375,0.8952792851664683,44.875468749999996,24.87774337445568,-0.44227814330967014,0.42559351574986337,2.984375,1.4414856431387029,-0.45593364940024833,0.4506182375392661,2.3749773437500012,1.4859813866234612,0.027206463534676775,0.7102040398461013,265.3502500000001,77.82240340893976,-0.5257438269571982,0.516690167481264,1.0,0.9989631772041321,0.016587678343057632,1.0837910175323486,0.04860725998878479
71,0.8542029863389587,0.984375,0.8654985967136565,0.6733955989797635,0.0,0.015625,0.0,63,0.031359534682476334,0.5083694458007812,0.0,1.0,64,1.0,53,0.828125,0.8872677764805976,47.778906250000006,26.01265077546329,-0.39260787560147475,0.44500883102083444,3.140625,1.4881530866732091,-0.4070888343646986,0.46520679848406554,2.405629062500001,1.3565861467159481,0.04185602420914868,0.6483613929957356,278.86468750000006,68.87223724719271,-0.43601674748630215,0.4572668825333849,1.0,0.9983938932418823,0.004564126022160053,1.0230478048324585,0.0542309395968914
72,0.8385550209763237,0.984375,0.8849990710852638,0.673971861329181,0.0,0.015625,0.0,63,0.03382637045839119,0.5421022176742554,0.0,1.0,64,1.0,63,0.984375,0.8913067125953211,39.98125,26.401982199495933,-0.5260055028739687,0.45166927956119884,2.984375,1.4522847032779076,-0.45593364940024833,0.4539940973476324,2.7874826562500017,1.857237441812304,0.22435761363162868,0.8876406837946267,285.04629687500005,73.87151896466088,-0.39497487980600393,0.49045886318079723,1.0,0.9978012442588806,0.0017722640186548233,1.0230478048324585,0.04932354763150215
73,0.7920215761613316,0.921875,0.8781416471731864,0.6960985742046395,0.0,0.046875,0.0,59,0.02988908193057077,0.4092787504196167,0.0,1.0,62,0.96875,54,0.8709677419354839,0.890720775540352,36.67677419354838,25.39613018362936,-0.5825364934469384,0.43446176643135864,2.5483870967741935,1.3401663276026443,-0.5922264397413789,0.41894512888718755,2.778431935483872,1.450221577279119,0.22003194810883903,0.6931131386483504,255.59888709677418,72.73971322420009,-0.5904865374227501,0.4829444088337375,0.96875,0.9997137188911438,0.004965243395417929,1.1014961004257202,0.0554991215467453
74,0.8400874825439365,0.96875,0.8332111051967067,0.6932345677610336,0.0,0.03125,0.0,62,0.03668469859530886,0.44531843066215515,0.0,1.0,64,1.0,56,0.875,0.8942882233899763,45.58484375,31.558799782716484,-0.43014258118529136,0.5398890224972508,3.078125,1.7437808016992846,-0.4266267603789185,0.5451177646178823,2.662029843750002,1.7012706608797707,0.16439919487242252,0.8130985402003711,279.661859375,71.57880571655521,-0.430724044465545,0.4752367376711892,1.0,0.9986720681190491,0.00411334540694952,1.0446385145187378,0.059246085584163666
75,0.8092142624747316,0.9375,0.8702349533637365,0.6715789234412782,0.0,0.0625,0.0,60,0.03612748017379494,0.5085573196411133,0.0,1.0,64,1.0,54,0.84375,0.8879172556117166,41.625625,29.57232732402668,-0.49787452142089345,0.5059056428591221,2.71875,1.4733969042657855,-0.5389698349606828,0.4605939152820084,2.705638437500002,1.790560743765256,0.18524131290435275,0.8557734876487766,272.86898437499997,82.70151316471868,-0.4758243185214106,0.5490842844250139,1.0,0.9988824725151062,0.000895255128853023,1.0837910175323486,0.0500040166079998
76,0.8169411098962551,0.96875,0.9016663405683732,0.662078659064028,0.0,0.015625,0.0,62,0.03378963457318783,0.532802402973175,0.0,1.0,63,0.984375,54,0.8571428571428571,0.8873561507080209,40.48206349206349,26.88419126896781,-0.5174378859637824,0.4599186231658013,2.9523809523809526,1.5474358865973257,-0.4659352067646704,0.4837390058253966,2.836197936507938,1.662199003128238,0.24764040112335947,0.7944247873334692,271.94161904761904,74.17281528422808,-0.48198142142920547,0.4924592748745947,0.984375,0.9984620213508606,0.0,1.0446385145187378,0.061143241822719574
77,0.7829878033260201,0.90625,0.8919344074253378,0.7068374556330178,0.0,0.046875,0.0,58,0.033628661390278224,0.48281651735305786,0.0,1.0,61,0.953125,50,0.819672131147541,0.8767515954130947,42.99327868852459,31.673335463985097,-0.4744775222290331,0.5418484302512502,2.7049180327868854,1.4524627169401108,-0.543293802193338,0.4540497456318187,2.748334590163936,1.4881479850312955,0.2056473424689045,0.7112395352808485,268.0000491803279,75.7936374156994,-0.5081508829937377,0.5032204801558884,0.953125,0.9992021322250366,0.0004686035681515932,1.1180338859558105,0.06500332057476044
78,0.8385298704073024,1.0,0.885903681628406,0.6476592374183892,0.0,0.0,0.0,64,0.027369072156917685,0.5618901252746582,0.0,1.0,64,1.0,49,0.765625,0.8802857326830854,52.24421875,38.174201972859215,-0.31621798696920683,0.6530613562505244,3.265625,2.1740097422447304,-0.3680129823362589,0.6796102639707322,2.8694984375000017,1.5947361974939815,0.2635559102585055,0.7621818820507383,293.238046875,84.19741383655105,-0.3405869851373794,0.5590160924238351,1.0,0.9990903735160828,0.002691789995878935,0.9999998807907104,0.0631788894534111
79,0.7548661565789947,0.921875,0.8988244866920729,0.6359084353135518,0.0,0.0625,0.0,59,0.03272946922913374,0.4327099025249481,0.0,1.0,63,0.984375,44,0.6984126984126984,0.883112602102031,46.44603174603174,33.471507738443854,-0.4154098933592297,0.5726104832514682,3.0634920634920637,1.631758384240812,-0.4312011160727239,0.5100987933500792,2.6390676190476205,1.477032400228946,0.15342472043129854,0.7059269968446716,271.12512698412695,86.23506729835687,-0.4874023979417914,0.5725447867628779,0.984375,0.9968962073326111,0.0009310987079516053,1.1014959812164307,0.0724957287311554
80,0.7911169501967099,0.96875,0.8814440439304998,0.6695003570683677,0.0,0.015625,0.0,62,0.02906194680513788,0.4195532500743866,0.0,1.0,63,0.984375,49,0.7777777777777778,0.8926574225082151,43.17206349206348,29.085195446389886,-0.47141897901812063,0.4975720828043885,2.888888888888889,1.8267076039131176,-0.4857832585886398,0.5710412482378777,2.448385396825398,1.3686312213625471,0.06229081675786714,0.6541181681150394,257.4934285714286,75.94268419695577,-0.577908013643479,0.504210053890398,0.984375,0.9983224272727966,0.0,1.0446385145187378,0.07101017981767654
81,0.8075774640662015,0.96875,0.8929554997913299,0.6781135561150677,0.0,0.03125,0.0,62,0.017728965058801477,0.37691882252693176,0.0,1.0,64,1.0,50,0.78125,0.8829866775131044,47.184531250000006,27.87799294076375,-0.4027760866854256,0.47691998623525134,2.78125,1.3746448404951732,-0.519431908946463,0.4297233470307804,2.505115625000001,1.3047560649598884,0.08940423661203085,0.6235899296516697,267.923546875,68.42977345058077,-0.5086588085681364,0.4543292105628279,1.0,0.9988424777984619,0.00047573738265782595,1.0446385145187378,0.061515118926763535
82,0.7455148259549389,0.953125,0.8656221178711437,0.6263319777581572,0.0,0.046875,0.0,61,0.02204841702557185,0.3807465434074402,0.0,1.0,64,1.0,55,0.859375,0.8940589576870204,51.807500000000005,31.80155784313089,-0.32368910946648405,0.544041981825325,3.421875,2.0062767716282317,-0.3191681673007092,0.6271757940499247,2.8861803125000014,1.7744866857629302,0.27152877931585495,0.8480911162323269,297.9094062500001,100.2017223328021,-0.3095721956666562,0.6652742966827883,1.0,0.9983137845993042,0.0012842465657740831,1.0648605823516846,0.0575987808406353
83,0.7707492760139179,0.9375,0.8673496298491955,0.653821949121427,0.0,0.0625,0.0,60,0.043942293799503804,0.5068973898887634,0.0,1.0,64,1.0,54,0.84375,0.8978924531968833,41.388437499999995,27.694692813941696,-0.5019321829417761,0.4737841975812171,2.796875,1.4489186431180323,-0.5145474274429079,0.4529418439978235,2.8745926562500017,1.7303052053189596,0.26599062092761466,0.8269751950100643,275.29828125000006,78.78094383408754,-0.45969536652015025,0.5230542527717765,1.0,0.9987737536430359,0.004741583485156298,1.0837910175323486,0.057386405766010284
84,0.7620426450165216,0.921875,0.8976659688909175,0.6704385128865897,0.0,0.078125,0.0,59,0.04352940271491758,0.4860646724700928,0.0,1.0,64,1.0,53,0.828125,0.8913324571483806,45.083124999999995,31.337110083084802,-0.43872568470541917,0.5360964880518373,2.921875,1.8566155995183817,-0.4754715754144682,0.580390691523786,2.5487945312500013,1.5732247643086983,0.11027995952084668,0.7519007931430354,259.29603125000006,88.31194810053468,-0.5659399037021934,0.5863339251408968,1.0,0.9975321888923645,0.005467196926474571,1.1014959812164307,0.058339159935712814
85,0.7809087939634565,0.953125,0.9187698457084719,0.6724127974639977,0.0,0.046875,0.0,61,0.028600196868538024,0.400398313999176,0.0,1.0,64,1.0,47,0.734375,0.8966136539120526,41.65796875,27.64272984098212,-0.49732120394077306,0.472895246199341,2.640625,1.5346741052663266,-0.5633922424784576,0.4797495859941212,2.427039218750001,1.4615469378894683,0.05208870922079428,0.698525936500725,247.35526562500002,69.69149167228072,-0.645218824943105,0.46270619933119866,1.0,0.9963505864143372,0.009669210761785507,1.0648605823516846,0.05978155881166458
86,0.7995325687298451,0.96875,0.9107948781982544,0.6861685795541278,0.0,0.03125,0.0,62,0.03800943229767545,0.37023285031318665,0.0,1.0,64,1.0,56,0.875,0.8883066248248513,42.2940625,26.710771804107306,-0.4864392934984061,0.4569518669516816,2.71875,1.4193831186469705,-0.5389698349606828,0.4437088377273149,2.700182656250001,1.4309556036704145,0.18263379849054723,0.6839052357690546,270.30871875,75.25738810294413,-0.49282281788188886,0.4996601333266693,1.0,0.9976963400840759,0.007789678871631622,1.0446385145187378,0.06307565420866013
87,0.7778408510534216,0.953125,0.873662591957655,0.6568987991386657,0.0,0.046875,0.0,61,0.043021440039402434,0.46039018034935,0.0,1.0,64,1.0,51,0.796875,0.9018607062628332,43.49765625,26.594582786149058,-0.4658489333565362,0.4549641749050167,3.0625,1.4128318194321643,-0.4315112418824735,0.44166085693762047,2.470904687500001,1.588793408771624,0.07305359706961292,0.7593416092205648,262.5996875,75.57270212452609,-0.5440057738585895,0.501753613449151,1.0,0.9981610178947449,0.0005073566571809351,1.0648608207702637,0.05978288874030113
88,0.7489850056488685,0.9375,0.8728280340631803,0.6686468558629852,0.0,0.0625,0.0,60,0.03628981504388661,0.438400536775589,0.0,1.0,64,1.0,49,0.765625,0.8952780260226356,43.75390625,32.35334896774538,-0.4614651620164522,0.5534816935045357,2.796875,1.5829135271312202,-0.5145474274429079,0.4948295580799617,2.7420614062500013,1.6050535312138627,0.20264916187358922,0.7671129075361584,270.5864375,72.59089870656892,-0.49097894592260055,0.48195637717870826,1.0,1.0009287595748901,0.0004914004821330309,1.0837911367416382,0.05632803961634636
89,0.7839577310174284,0.953125,0.8460572647755263,0.6643974262067243,0.0,0.046875,0.0,61,0.05926333427101159,0.5150770545005798,0.0,1.0,64,1.0,53,0.828125,0.9029111714913897,37.26609375,27.83955002651284,-0.5724547678597243,0.4762623279104808,2.734375,1.4815763089949163,-0.5340853534571278,0.4631508529530182,2.9212164062500015,1.5645806474882984,0.28827379075790066,0.7477694582945557,278.44251562500006,72.54338099716448,-0.4388196942888237,0.48164089047879877,1.0,0.9979650974273682,0.004271476063877344,1.0648607015609741,0.055901262909173965
90,0.8111411403966755,0.984375,0.8544139627899442,0.6749619908778328,0.0,0.015625,0.0,63,0.04493228549365941,0.4794779419898987,0.0,1.0,64,1.0,52,0.8125,0.8938405341576976,40.480000000000004,26.163300991082913,-0.5174731869486346,0.4475860645724863,2.828125,1.4743079679547961,-0.504778464435798,0.46087872000121044,2.867866406250002,1.3934488298837084,0.2627759037272402,0.6659793973267307,272.881078125,78.17568660181874,-0.4757440238833724,0.5190357382179804,1.0,0.9996258020401001,0.003754106117412448,1.0230478048324585,0.05763056501746178
91,0.7946529586661037,0.984375,0.8746644324726529,0.6845565738302378,0.0,0.0,0.0,63,0.05627668319113047,0.42485177516937256,0.0,1.0,63,0.984375,54,0.8571428571428571,0.8938734033816584,40.167619047619056,28.081468255958963,-0.522817212963213,0.4804009199139531,2.6825396825396823,1.4122524710816016,-0.5502894270165404,0.44147974869426443,2.9317861904761924,1.4260087858925115,0.29332547143527415,0.6815409733348983,276.8231428571429,67.43389652634372,-0.44957127673792857,0.4477172351902495,0.984375,1.0000314712524414,0.0004636068479157984,1.0230478048324585,0.05229245126247406
92,0.7484203857616245,0.953125,0.9028340304484133,0.6316116703919586,0.0,0.046875,0.0,61,0.05108921788214868,0.385934978723526,0.0,1.0,64,1.0,53,0.828125,0.8956877211942643,36.25015625,27.962713705720446,-0.5898348174043743,0.4783693382794549,2.59375,1.5882257199466328,-0.5780456869891225,0.4964901857631745,3.0318371875000016,1.7256469292897363,0.3411434474318637,0.8247488370728427,278.46453125000005,82.29390652676861,-0.4386735248508448,0.546378041327866,1.0,0.997201144695282,0.005034324713051319,1.0648607015609741,0.06025094538927078
93,0.7712973708721218,0.9375,0.8744789118568103,0.6573561037406314,0.0,0.03125,0.0,60,0.050641696505264636,0.5755608081817627,0.0,1.0,62,0.96875,54,0.8709677419354839,0.8935604681833882,39.30983870967742,32.58092671269275,-0.537491604618066,0.5573749570984525,2.7580645161290325,2.029504022287916,-0.5266798492420606,0.6344367909283672,3.0763691935483886,1.4699227092038634,0.3624268974687984,0.7025290193642506,279.15943548387105,86.7769021288762,-0.43405981248455466,0.5761422177989908,0.96875,1.0011042356491089,0.005263158120214939,1.0837910175323486,0.06800646334886551
94,0.7562412046751423,0.953125,0.8827593414509882,0.646184611376843,0.0,0.046875,0.0,61,0.044046280100571274,0.4620317220687866,0.0,1.0,64,1.0,58,0.90625,0.8919834456375111,35.13015625,25.287175510287543,-0.6089951057981071,0.43259783521432815,2.6875,1.6286017775994228,-0.5487387979677927,0.5091120165978319,3.5789545312500026,1.8703369593446029,0.6026305369061404,0.8939014151572268,301.06800000000004,97.8194844022333,-0.28860118652013994,0.6494577854802517,1.0,0.9985176920890808,0.0026315790601074696,1.0648607015609741,0.06114606186747551
95,0.773986123733915,0.984375,0.8963832093609704,0.6554737689202407,0.0,0.015625,0.0,63,0.03929052143770763,0.42721420526504517,0.0,1.0,64,1.0,59,0.921875,0.8840212003542196,34.998125,27.347062735042954,-0.6112538172507723,0.46783715064725634,2.5625,1.3905372163304368,-0.5878146499962325,0.4346914120429333,3.210762187500002,1.7784831478999092,0.4266581510300075,0.8500011694673972,289.256796875,83.10438847283052,-0.3670198969876509,0.551759114567801,1.0,0.997153103351593,0.0160857904702425,1.023047685623169,0.06289652734994888
96,0.7868190585559356,0.953125,0.9049416599703617,0.6990705302827108,0.0,0.046875,0.0,61,0.049531689069404417,0.48551619052886963,0.0,1.0,64,1.0,60,0.9375,0.8907714130287185,29.849375,22.544326883040334,-0.699335544810801,0.38567482564431854,2.34375,1.4055553840030637,-0.656197391046002,0.43938619362464426,3.4766243750000028,1.3643810044117493,0.553723268604503,0.6520868363124669,281.819953125,67.86964988408614,-0.4163957049092822,0.4506103542090666,1.0,0.9973523020744324,0.003230272326618433,1.0648607015609741,0.0632510781288147
97,0.7369144073985223,0.890625,0.9041440259469183,0.7104506097435518,0.0,0.109375,0.0,57,0.03954056930276714,0.42635229229927063,0.0,1.0,64,1.0,52,0.8125,0.8930914468599132,32.194375,18.382523279174027,-0.6592186909864227,0.3144771852084658,2.1875,1.0734727523323542,-0.7050422060815518,0.3355748994136082,2.8102704687500015,1.5920665459301937,0.23524873019771816,0.7609059593893571,237.669234375,76.73476357247215,-0.7095277757023456,0.5094689460251403,1.0,0.997891366481781,0.0005359056522138417,1.1334558725357056,0.05991187319159508
98,0.71146650115617,0.890625,0.8984422704629731,0.6999024009604266,0.0,0.109375,0.0,57,0.0374177897115556,0.41021639108657837,0.0,1.0,64,1.0,54,0.84375,0.8955202630913459,40.47015625,26.406311242070256,-0.5176415879208451,0.4517433382256567,2.734375,1.4920852386425516,-0.5340853534571278,0.4664360159921245,2.7841067187500013,1.5220867639958722,0.22274413147609765,0.7274601004541819,269.21081250000003,90.22014160268539,-0.5001122016498291,0.5990030895077691,1.0,0.998454213142395,0.007699275389313698,1.133455753326416,0.05257423222064972
99,0.7743201948565456,0.96875,0.8529516073965258,0.6990560394540731,0.0,0.03125,0.0,62,0.03784131426808834,0.46113669872283936,0.0,1.0,64,1.0,58,0.90625,0.8886834926251115,39.21796875,27.108674244815507,-0.5390632607985483,0.46375894330573453,2.65625,1.3831434985206705,-0.5585077609749026,0.43238008545833756,2.9719525000000013,1.5327770965615826,0.3125223978209654,0.7325693955259847,278.36065625000003,75.3856260516177,-0.4393631873232963,0.5005115499403329,1.0,0.9964067339897156,0.007349563762545586,1.0446383953094482,0.05106884241104126
100,0.7271113047763897,0.9375,0.8550206542015075,0.6717949192406939,0.0,0.046875,0.0,60,0.032430601437038284,0.3944721817970276,0.0,1.0,63,0.984375,45,0.7142857142857143,0.8904522244307759,46.32539682539683,31.09859971457893,-0.41747364324290825,0.5320161956898124,3.0,1.4364860122855578,-0.45104916789669336,0.44905531885595157,2.509741587301589,1.8196003701242245,0.0916151506546548,0.8696525712910179,274.3349047619048,73.58528129411337,-0.4660915601247836,0.4885584311270932,0.984375,0.9985518455505371,0.0027894002851098776,1.0837910175323486,0.055203892290592194
101,0.7493423885420658,0.953125,0.8775415444960359,0.6869089784600799,0.0,0.046875,0.0,61,0.035829306090792996,0.42155224084854126,0.0,1.0,64,1.0,51,0.796875,0.892553278011774,43.3184375,25.988878944821643,-0.46891490026328997,0.44460215679695864,2.890625,1.4374150790133655,-0.48524053842157816,0.44934575144779443,2.5054064062500014,1.5484915485878592,0.08954321144732877,0.7400798982910219,261.50174999999996,74.30564775767388,-0.551295365106215,0.4933411961459156,1.0,0.9980834722518921,0.00047732697566971183,1.0648608207702637,0.0520770289003849
102,0.7351665366183451,0.9375,0.8662167782584826,0.6925159920721693,0.0,0.0625,0.0,60,0.02602166382598587,0.45019662380218506,0.0,1.0,64,1.0,56,0.875,0.8954294171016207,44.82671875,23.49148935350627,-0.443112129076808,0.4018783132245398,3.03125,1.262051281644292,-0.4412802048895834,0.39452583307068073,2.481418906250001,1.4370519916602684,0.07807872100406757,0.6868189192228572,270.73118750000003,73.72228281612757,-0.4900179000223612,0.4894680321706736,1.0,0.9987467527389526,0.0033444815780967474,1.0837910175323486,0.053620416671037674
103,0.7789868485142462,0.984375,0.8492637295571585,0.6769009591459703,0.0,0.015625,0.0,63,0.020022703378514972,0.3866850733757019,0.0,1.0,64,1.0,48,0.75,0.8817038865498583,48.68375,26.604091878647164,-0.3771283513146295,0.45512685075736176,3.125,1.505199322349037,-0.4119733158682536,0.47053556794735,2.4120950000000008,1.392362757169671,0.04494632868754245,0.6654603240489498,267.528234375,66.9458153174879,-0.5112834265815267,0.4444766932575751,1.0,0.9974560141563416,0.0032497679349035025,1.023047685623169,0.0573280043900013
104,0.7341792228045976,0.953125,0.8865660394801468,0.6589017392320131,0.0,0.046875,0.0,61,0.020788567502838626,0.3712644577026367,0.0,1.0,64,1.0,48,0.75,0.8858002630228021,47.75859375,36.429684490604096,-0.3929553696711156,0.6232171972613131,3.1875,1.775484088917724,-0.3924353898540337,0.5550284282991852,2.3771293750000013,1.4217664789739517,0.028234996799886773,0.6795134220217056,265.59931250000005,79.74018526926903,-0.52409021386892,0.529422992313197,1.0,0.997264564037323,0.0065635256469249725,1.0648607015609741,0.058067623525857925
105,0.7280404389282042,0.953125,0.8663916563401457,0.6656596198866418,0.0,0.046875,0.0,61,0.029542852513384545,0.40693169832229614,0.0,1.0,64,1.0,50,0.78125,0.8889042158460042,43.464375000000004,29.891324978735472,-0.466418289024486,0.5113628634494299,2.78125,1.6053499423801654,-0.519431908946463,0.5018433344184929,2.2624921875000013,1.4326482779993812,-0.02655424511928223,0.6847142258125352,255.28778124999997,65.31066652581264,-0.5925520780001786,0.43362036826606987,1.0,0.9982923269271851,0.0004940711660310626,1.0648608207702637,0.06432775408029556
106,0.7673295620335674,0.9375,0.8814536074797312,0.6954226147381278,0.0,0.03125,0.0,60,0.03156372993309008,0.4248167872428894,0.0,1.0,62,0.96875,44,0.7096774193548387,0.8701872847900644,37.15903225806452,25.936223623296993,-0.5742863116644985,0.443701361130997,2.6129032258064515,1.3837168122275623,-0.572058258049281,0.4325593072309486,2.681919677419356,1.3320599964425328,0.17390526295039477,0.6366394621809549,250.65204838709673,59.87946516381148,-0.6233303305908294,0.39756072196331277,0.96875,0.9982328414916992,0.009178990498185158,1.0837910175323486,0.05875992029905319
107,0.7702811352264782,0.96875,0.8869906260121253,0.6838162644971366,0.0,0.03125,0.0,62,0.048050367147811954,0.44517332315444946,0.0,1.0,64,1.0,53,0.828125,0.8846557413174093,41.298593749999995,25.83539649560194,-0.5034691759421105,0.4419764710912212,2.46875,1.262051281644292,-0.6171215390175623,0.39452583307068073,2.6788925000000012,1.3945358714685343,0.17245846580211976,0.6664989336627667,255.11198437500002,58.956627914481636,-0.5937192549673187,0.3914336825501428,1.0,0.998956561088562,0.0,1.0446385145187378,0.06911949813365936
108,0.7454031223692983,0.90625,0.8778454322239448,0.703447292455927,0.0,0.09375,0.0,58,0.03767569508278168,0.39088141918182373,0.0,1.0,64,1.0,57,0.890625,0.889030551862037,40.6771875,28.183099072668423,-0.514099821441814,0.4821395589834565,2.609375,1.4643384545162366,-0.5731612054855676,0.4577621821458449,2.5426554687500014,1.5857640813864493,0.10734588038121849,0.7578937845261681,250.69901562500002,74.95489316967829,-0.6230184986638345,0.4976517636171133,1.0,0.9987208247184753,0.009788768365979195,1.1180338859558105,0.07286660373210907
109,0.7704857324796497,0.984375,0.8901851782723079,0.6709703527951677,0.0,0.015625,0.0,63,0.046571705414011594,0.43620216846466064,0.0,1.0,64,1.0,55,0.859375,0.8860405616564607,43.05859375,23.02980405007739,-0.4733601513233873,0.39398007790235645,2.953125,1.2800108336943872,-0.4657026124073583,0.40014011145793343,2.5365384375000013,1.4316963449362483,0.10442233076968105,0.6842592627065461,266.22575,66.65383184104088,-0.5199310761063571,0.44253811278795885,1.0,0.9995405077934265,0.012269938364624977,1.0230478048324585,0.05953118950128555
110,0.7463167966103326,0.921875,0.8937372893600141,0.6929308367038923,0.0,0.046875,0.0,59,0.047125944641970924,0.4696723520755768,0.0,1.0,62,0.96875,56,0.9032258064516129,0.8873211253873249,39.39225806451613,27.279552925302323,-0.5360816237181241,0.4666822333043666,2.774193548387097,1.5493948333577843,-0.521637803819036,0.48435138593534277,2.8549093548387106,1.4877842958432022,0.2565832620564704,0.711065715115295,279.68927419354844,85.54803293060452,-0.43054202789233764,0.567983325191536,0.96875,0.9976798295974731,0.0021795989014208317,1.1014959812164307,0.059980589896440506
111,0.7853539889245482,0.984375,0.8543716574472094,0.6729857542738277,0.0,0.015625,0.0,63,0.04359750558390833,0.5077138543128967,0.0,1.0,64,1.0,54,0.84375,0.8888956781185786,44.2809375,24.590478385873134,-0.4524490274249259,0.42067915858319915,2.96875,1.2743717815064801,-0.4608181309038033,0.39837730530693094,2.9326487500000016,1.5594734169789708,0.29373771970697626,0.7453285288368916,285.63692187500004,71.86323329015873,-0.39105351376228237,0.47712515185790155,1.0,0.9994993209838867,0.0008456659852527082,1.0230478048324585,0.066238172352314
112,0.7361638795943615,0.9375,0.8854644661148389,0.6794550002070547,0.0,0.0625,0.0,60,0.046794210712466866,0.5138078927993774,0.0,1.0,64,1.0,59,0.921875,0.8962882658274193,41.82625,27.300153988805633,-0.4944423492253643,0.4670346639453854,2.90625,1.5980334594431995,-0.4803560569180232,0.49955615198158515,2.962955000000002,1.7622675141312985,0.30822216841968414,0.8422511338917158,285.25740625000003,94.9948120324735,-0.3935732507949796,0.6307037972213485,1.0,0.9972731471061707,0.0004137360374443233,1.0837911367416382,0.06437993049621582
113,0.7475384795453052,0.9375,0.9037663387755553,0.6695739220693169,0.0,0.0625,0.0,60,0.04246391552561082,0.474203884601593,0.0,1.0,64,1.0,54,0.84375,0.8900666489248882,38.45953125,25.96813530738727,-0.5520381547526748,0.44424728708662153,2.5,1.5206906325745548,-0.6073525760104523,0.47537825711614196,2.7278557812500015,1.5370333227294208,0.19585978190264408,0.7346035993498737,264.546625,87.41960186660445,-0.5310793745328782,0.5804093262482375,1.0,0.9981104135513306,0.008958038873970509,1.0837910175323486,0.06390830874443054
114,0.8094118420974938,0.984375,0.847492808387393,0.7061691529246903,0.0,0.015625,0.0,63,0.028967913937562012,0.4986291527748108,0.0,1.0,64,1.0,50,0.78125,0.8795191161948241,41.529062499999995,31.099700346162404,-0.4995264547673398,0.5320350246349503,2.8125,1.869784412706449,-0.509662945939353,0.5845073522880025,3.0528512500000016,1.5473655431576492,0.35118682497038745,0.7395417397295335,283.524046875,73.67163636290722,-0.4050816302145633,0.489131772645775,1.0,0.9998912811279297,0.0018140589818358421,1.0230478048324585,0.05625242739915848
115,0.7527088465956914,0.96875,0.8758004461565325,0.6573632068471746,0.0,0.03125,0.0,62,0.03414544606393875,0.4603632092475891,0.0,1.0,64,1.0,56,0.875,0.8902571042890266,43.54984375000001,30.099950710725192,-0.46495614090068965,0.5149319073702127,2.796875,1.6693906775752043,-0.5145474274429079,0.5218629047566836,2.9421671875000017,1.7539782538217499,0.29828692390722755,0.8382893977541224,279.9398125,81.65477927835028,-0.42887861640862,0.5421346518852165,1.0,0.9976605176925659,0.0013686130987480283,1.0446385145187378,0.06941752135753632
116,0.7929724600126432,0.984375,0.8765205007696909,0.6908447680183546,0.0,0.015625,0.0,63,0.0404484859038001,0.47370368242263794,0.0,1.0,64,1.0,48,0.75,0.8907251856363901,37.769375000000004,22.147602146945275,-0.5638449340265471,0.37888789675457846,2.421875,1.1699984975951891,-0.6317749835282273,0.36574950532421147,2.8378082812500014,1.5117533597465107,0.24841004289118604,0.7225213942837533,254.70801562500003,60.08992095250154,-0.5964013448534133,0.3989580115861256,1.0,0.998536229133606,0.0010111223673447967,1.023047685623169,0.05588561296463013
117,0.7693033518721023,0.953125,0.8723717756935807,0.6977821017144693,0.0,0.046875,0.0,61,0.031127916723295734,0.457245409488678,0.0,1.0,64,1.0,55,0.859375,0.8857573047315563,40.71875,26.573534737356642,-0.5133887951147028,0.454604097507706,2.59375,1.3546073001058276,-0.5780456869891225,0.4234594753246368,2.7243796875000017,1.5280694767816618,0.19419843146692747,0.7303194544326065,256.90571875,69.11650402456097,-0.5818100247965993,0.4588886551410144,1.0,0.998157262802124,0.0024691359139978886,1.0648608207702637,0.06384528428316116
118,0.7738130981237585,0.953125,0.9019711730910129,0.7298343599928547,0.0,0.03125,0.0,61,0.02460320841266154,0.3593432605266571,0.0,1.0,63,0.984375,55,0.873015873015873,0.8803798652856449,41.61936507936508,31.500255472534995,-0.4979816123893639,0.5388874815446709,2.380952380952381,1.350233036072174,-0.644567673180395,0.42209205057173776,2.6088677777777796,1.597561428163866,0.13899112828430155,0.763532161571943,261.2042698412699,66.73800892169284,-0.5532704399728818,0.4430969938812553,0.984375,1.0004022121429443,0.00048426148714497685,1.0648608207702637,0.06383981555700302
119,0.8016903677843064,0.96875,0.8987752535650807,0.71655511315214,0.0,0.03125,0.0,62,0.02407951007657356,0.36656689643859863,0.0,1.0,64,1.0,44,0.6875,0.8728769460808995,40.27859375,21.89496502246489,-0.5209187243006885,0.3745659323224289,2.34375,1.2527313908017152,-0.656197391046002,0.39161237166679486,2.8740917187500017,1.4088134437827413,0.26575120484918124,0.6733226998472042,270.589953125,66.09895789137626,-0.49095560445805436,0.43885411047725315,1.0,1.000839114189148,0.0014873574255034328,1.0446385145187378,0.06349113583564758
120,0.7469343537317985,0.9375,0.8592380811770757,0.6882255772557363,0.0,0.0625,0.0,60,0.027627627284081455,0.4143228232860565,0.0,1.0,64,1.0,57,0.890625,0.8871875696059817,40.67890625,24.1503123114632,-0.5140704180974598,0.4131490613270995,2.546875,1.3911515856925873,-0.5926991314997875,0.4348834680932229,2.6348646875000012,1.5392531893350203,0.15141598802644762,0.7356645535754166,261.235203125,71.86034582746676,-0.5530650630781684,0.47710598098272217,1.0,0.9982870221138,0.0,1.0837910175323486,0.06858299672603607
121,0.7913645424366713,0.96875,0.8942119955055176,0.6898118795081482,0.0,0.03125,0.0,62,0.03632457153570184,0.3910089135169983,0.0,1.0,64,1.0,50,0.78125,0.8783581410192766,34.719687500000006,23.862505170818583,-0.6160171590361562,0.408225429348058,2.296875,1.113548487662302,-0.6708508355566669,0.3481028474430799,3.280039062500002,1.490112761593817,0.45976806541777127,0.7121785727847222,272.01220312500004,63.72447013490478,-0.4815127890410247,0.4230890553924532,1.0,0.9997962713241577,0.003870343556627631,1.0446385145187378,0.0596805214881897
122,0.7601759623473237,0.9375,0.8746984342734019,0.7042267250140383,0.0,0.0625,0.0,60,0.03540977749226748,0.42109915614128113,0.0,1.0,64,1.0,46,0.71875,0.9013325102926105,40.683125000000004,24.66775855462703,-0.5139982462522266,0.42200122136930723,2.453125,1.3338113563675338,-0.6220060205211173,0.4169585215621622,2.6913368750000015,1.7948938228502163,0.17840608094583457,0.8578444222505242,263.264296875,80.91443678021089,-0.5395931996609784,0.5372192589829049,1.0,0.9972487688064575,0.003814973868429661,1.0837910175323486,0.07657129317522049
123,0.7774451139019942,0.953125,0.8704879029852445,0.6859041034626948,0.0,0.046875,0.0,61,0.03150908166566378,0.36121392250061035,0.0,1.0,64,1.0,47,0.734375,0.8898646781206674,39.843281250000004,26.19370070113993,-0.5283657895162213,0.44810612458300264,2.53125,1.3225064980936767,-0.5975836130033424,0.4134245458092684,2.9197295312500016,1.4819853063473578,0.2875631596280279,0.7082941691161005,269.790875,76.07200287998128,-0.49626096373958783,0.5050686458775897,1.0,0.9969710111618042,0.001913875574246049,1.0648605823516846,0.06824655085802078
124,0.729076019487522,0.921875,0.9164581268520678,0.6538593039192367,0.0,0.078125,0.0,59,0.03863115553645853,0.46214228868484497,0.0,1.0,64,1.0,48,0.75,0.9030586168411827,40.821875000000006,30.609395558951746,-0.5116245944534494,0.5236471843458576,2.546875,1.368503830602969,-0.5926991314997875,0.4278036254799568,2.5613112500000015,1.8194969648697734,0.11626215034900143,0.8696031501945536,259.695078125,83.56249712889019,-0.5632904918664634,0.554800658234607,1.0,0.9981297850608826,0.00048309177509509027,1.1014961004257202,0.072360098361969
125,0.7436509937622162,0.921875,0.8951239601030188,0.6933287778885004,0.0,0.0625,0.0,59,0.04075106064859735,0.37163153290748596,0.0,1.0,63,0.984375,48,0.7619047619047619,0.9034318758330164,44.2168253968254,27.610322651248065,-0.45354581884131345,0.472340843430292,2.8253968253968256,1.5689414340509928,-0.5056313104126091,0.4904617865461173,2.6765125396825407,1.3730683377494588,0.1713209970240117,0.6562388258915224,264.4473968253968,74.43668803873443,-0.5317381851055248,0.4942112184248753,0.984375,0.9974400401115417,0.014588234946131706,1.1014961004257202,0.07021087408065796
126,0.7641037629205742,0.953125,0.8693999584581031,0.6745313954142002,0.0,0.03125,0.0,61,0.03660739653887713,0.4645482003688812,0.0,1.0,63,0.984375,50,0.7936507936507936,0.8857662627046162,47.788253968253976,24.788547697502832,-0.3924479604429306,0.42406760959460377,2.9523809523809526,1.3964645998681124,-0.4659352067646704,0.4365443525392055,2.7637749206349214,1.5611211144333936,0.213026832666941,0.7461160228116541,281.08569841269843,70.96512806304439,-0.42127067887120706,0.47116231699433314,0.984375,0.9998326301574707,0.0069252075627446175,1.0648607015609741,0.05851537734270096
127,0.7705347159978849,0.96875,0.8843317642327277,0.6794558220153636,0.0,0.03125,0.0,62,0.051667834386812224,0.529562771320343,0.0,1.0,64,1.0,49,0.765625,0.900214468191272,38.0046875,24.67776719341407,-0.5598193488813238,0.4221724431600111,2.65625,1.4707433282187616,-0.5585077609749026,0.4597643893223306,3.225122500000002,1.6486792481616175,0.4335214617301009,0.7879632093611898,284.976125,73.36537902097032,-0.3954407754383415,0.4870984229885275,1.0,0.9993985295295715,0.0039964476600289345,1.0446385145187378,0.06112262234091759
128,0.748223469399112,0.953125,0.8726944434838216,0.6630079578244594,0.0,0.046875,0.0,61,0.052489323128971345,0.45144122838974,0.0,1.0,64,1.0,51,0.796875,0.894111849949506,42.83046875,29.295432047381947,-0.477262777028584,0.5011686845061082,2.796875,1.6410713678493694,-0.5145474274429079,0.5130100955055295,3.0293803125000016,1.5058379498648025,0.33996921835597893,0.7196942067878985,273.56075000000004,73.03933596485874,-0.4712314444776618,0.48493370905155025,1.0,0.9990880489349365,0.0018709073774516582,1.0648607015609741,0.07088445127010345
129,0.8002700084728361,0.984375,0.888651303355656,0.7256998962605664,0.0,0.015625,0.0,63,0.039610025842540926,0.4376624822616577,0.0,1.0,64,1.0,53,0.828125,0.8817966971998574,39.842812499999994,24.518713992374146,-0.5283738086101363,0.419451456372626,2.84375,1.5832990676116752,-0.499893982932243,0.49495008066208357,2.8660801562500016,1.2859746862539387,0.26192219049933907,0.614613632134812,270.95821875,69.086321691252,-0.4885105601119043,0.458688264068916,1.0,0.9976828098297119,0.008510638028383255,1.023047685623169,0.06282655149698257
130,0.7573919375368571,0.96875,0.8342140732753661,0.6706874260287001,0.0,0.03125,0.0,62,0.04465505928550826,0.4669513702392578,0.0,1.0,64,1.0,55,0.859375,0.9050047705173626,41.2390625,24.946538569931775,-0.5044876008692883,0.4267704227011359,2.890625,1.4696639443678954,-0.48524053842157816,0.4594269665732239,2.8662201562500016,1.3863913126773288,0.2619891015430934,0.6626063555939246,267.749828125,68.79833627270604,-0.509812188136234,0.4567762281046865,1.0,0.997300386428833,0.011544011533260345,1.0446385145187378,0.06843316555023193
131,0.7530577772823972,0.953125,0.8688123621901528,0.7004205274882038,0.0,0.015625,0.0,61,0.03344647728081297,0.4027099311351776,0.0,1.0,62,0.96875,50,0.8064516129032258,0.8921112492266134,40.45725806451614,21.529865241577788,-0.5178622423437261,0.36832002420253107,2.564516129032258,1.1725484753984414,-0.5871843943183545,0.366546645766737,2.617204516129034,1.3900133914238644,0.14297555588850883,0.6643374775188602,257.0722096774194,66.28266361457675,-0.5807046332717399,0.4400737970550237,0.96875,0.9977598786354065,0.00401606410741806,1.0648607015609741,0.07560664415359497
132,0.7195187426481947,0.90625,0.8652359781594112,0.688905629430437,0.0,0.09375,0.0,58,0.026517087303414958,0.38739243149757385,0.0,1.0,64,1.0,42,0.65625,0.8917584411907579,35.7871875,21.265940379274173,-0.5977550091608796,0.36380495592037615,2.484375,1.1179248004114588,-0.6122370575140074,0.3494709126384097,2.465280000000001,1.6378321977903454,0.0703653562737784,0.7827790132040655,241.5648125,78.28331252310322,-0.6836636694080985,0.5197503043693442,1.0,0.9980983138084412,0.0019656019285321236,1.1180340051651,0.07494665682315826
133,0.7564773914477315,0.953125,0.8925307397959662,0.6773357236146712,0.0,0.015625,0.0,61,0.03665425148326039,0.5078990459442139,0.0,1.0,62,0.96875,53,0.8548387096774194,0.8881827236862126,34.449516129032254,22.237846222253147,-0.6206390888428278,0.3804317382802254,2.7419354838709675,1.4694247708297254,-0.5317218946650851,0.45935219929493076,3.0404416129032277,1.486465105924004,0.3452558123221206,0.710435226726697,279.6406129032258,66.36379425909179,-0.43086510722611937,0.4406124517928125,0.96875,0.9982640147209167,0.006532897707074881,1.0648607015609741,0.06711715459823608
134,0.7628473607189659,0.921875,0.8794516946299601,0.7247674240606367,0.0,0.0625,0.0,59,0.03682793550106824,0.5000609159469604,0.0,1.0,63,0.984375,53,0.8412698412698413,0.8814681548410316,35.910317460317465,19.376895009693357,-0.5956485756344586,0.33148830050072076,2.5238095238095237,1.3316315670580536,-0.5999095565764638,0.4162771045660788,2.987361269841272,1.8168341108524808,0.3198868040570323,0.8683304763255364,266.14488888888894,73.15059258797422,-0.520467941317563,0.4856723807028081,0.984375,0.9970009922981262,0.006369426846504211,1.1014961004257202,0.06729374825954437
135,0.7623107511459879,0.921875,0.8528074854511326,0.7114651620277995,0.0,0.078125,0.0,59,0.026914535469317456,0.4622330963611603,0.0,1.0,64,1.0,51,0.796875,0.8780097544520636,40.522968750000004,28.09986285996826,-0.5167381033397791,0.48071560376904826,2.703125,1.5680370640947874,-0.5438543164642378,0.49017907433341606,2.591507656250001,1.5276091421582447,0.13069410077626337,0.7300994439316845,260.27525,74.44966306358448,-0.559438527777325,0.49429736415501446,1.0,0.9977976679801941,0.002905569039285183,1.1014959812164307,0.06634417921304703
136,0.7835743534465489,0.984375,0.8642219655097477,0.6904226592118559,0.0,0.015625,0.0,63,0.03624354755531316,0.40217864513397217,0.0,1.0,64,1.0,53,0.828125,0.8917847317377218,40.448750000000004,25.413431149935263,-0.5180077932096204,0.43475774098842235,2.765625,1.1824522651570337,-0.5243163904500179,0.3696426379517572,2.419078906250001,1.3046881182754444,0.04828418909232658,0.6235574554832711,252.15726562500004,60.07656548476347,-0.6133366666498542,0.39886933996253016,1.0,0.9989315867424011,0.003569607390090823,1.0230478048324585,0.06671296060085297
137,0.7931210014575669,0.984375,0.841121860912868,0.6971095834847564,0.0,0.015625,0.0,63,0.044232021900187386,0.49357104301452637,0.0,1.0,64,1.0,55,0.859375,0.8906067791196344,43.57359375,30.423097073152512,-0.4645498401423405,0.520460101564403,2.78125,1.5458487757539545,-0.519431908946463,0.48324286415765016,2.6297871875000016,1.6130753628196806,0.148989267850287,0.770946829861634,272.32778125,54.99002026148383,-0.4794175554435371,0.3650979863651999,1.0,0.9982475638389587,0.0033573140390217304,1.0230478048324585,0.05739740654826164
138,0.7912879555032137,0.984375,0.8729947838518355,0.6903742115792926,0.0,0.015625,0.0,63,0.03140698570428454,0.44138407707214355,0.0,1.0,64,1.0,49,0.765625,0.8749189754186335,40.46390625,26.35672522201328,-0.5177485091730424,0.4508950503287022,2.671875,1.2254423627306998,-0.5536232794713477,0.3830816354835713,2.971187343750002,1.612095313270748,0.3121567020829468,0.7704784288741339,272.03303125,68.55465288685026,-0.48137450383107033,0.45515832883744595,1.0,0.9984674453735352,0.0004734848625957966,1.0230478048324585,0.05862502008676529
139,0.7660539051226167,0.953125,0.8941939570864693,0.7113711819201366,0.0,0.046875,0.0,61,0.023002492419776175,0.4211186468601227,0.0,1.0,64,1.0,52,0.8125,0.8871084981607282,42.634375,23.89792556864246,-0.48061743131627027,0.40883138027424215,2.828125,1.3176053978240223,-0.504778464435798,0.4118924284579599,2.9545490625000017,1.606146044765155,0.3042046680492662,0.7676350591221062,274.22426562500004,74.06418609225092,-0.46682613206902057,0.49173804765804247,1.0,0.9979641437530518,0.002320185536518693,1.0648607015609741,0.06402502208948135
140,0.7546179388275722,0.9375,0.902327132721742,0.6865810274205576,0.0,0.046875,0.0,60,0.032905399156350594,0.3991839587688446,0.0,1.0,63,0.984375,47,0.746031746031746,0.8842921110252147,43.33253968253969,30.59287145768117,-0.46867364858075294,0.5233644999299722,2.8253968253968256,1.5890466597850579,-0.5056313104126091,0.49674681715237895,2.6419987301587318,1.5079121778798628,0.15482560402990075,0.7206855550841279,263.30360317460315,80.6134104942174,-0.5393322313840377,0.5352206401364922,0.984375,0.9980109333992004,0.00045599634177051485,1.0837910175323486,0.06800302118062973
141,0.7808052311734571,0.953125,0.8672582536447243,0.6973415496995485,0.0,0.046875,0.0,61,0.03873204278703879,0.35553041100502014,0.0,0.984375,64,0.984375,45,0.703125,0.878212737561322,38.2153125,21.72735832774762,-0.5562161026822791,0.371698617494301,2.578125,1.0724488259935763,-0.5829301684926775,0.33525481306079136,2.8416225000000015,1.6057020319658875,0.2502329954459701,0.7674228494089685,257.617296875,64.58759686456831,-0.5770856086326541,0.42881965577193437,1.0,0.9996079802513123,0.0004916421021334827,1.0648608207702637,0.06486477702856064
142,0.8081748717016504,0.984375,0.8800459589276995,0.7101476688775239,0.0,0.015625,0.0,63,0.024051681320825934,0.44142672419548035,0.0,1.0,64,1.0,55,0.859375,0.8792015053304767,41.434375,25.459615992476696,-0.5011463117381268,0.4355478435799518,2.8125,1.3905372163304368,-0.509662945939353,0.4346914120429333,2.9592687500000014,1.2919662232118594,0.3064603767408316,0.6174772035030048,268.56739062500003,65.24345169838344,-0.5043841046211098,0.4331741055072712,1.0,1.0002710819244385,0.0004826254735235125,1.0230478048324585,0.05703665688633919
143,0.7580589490080826,0.953125,0.8814432034727002,0.701343298301478,0.0,0.03125,0.0,61,0.035326112380477,0.3729938864707947,0.0,0.984375,63,0.984375,56,0.8888888888888888,0.890706774687692,36.58809523809524,24.882670699380057,-0.5840535598406322,0.4256778094700069,2.5555555555555554,1.3543320004889867,-0.5899855306644792,0.4233734147879075,3.0308611111111134,1.6426149639582015,0.3406769453606891,0.785064869463523,273.67796825396823,70.86178132848917,-0.47045319147310694,0.47047616186101787,0.984375,0.9979636669158936,0.0037878789007663727,1.0648608207702637,0.07142455130815506
144,0.7531202956838637,0.921875,0.883931386268745,0.7033282504847376,0.0,0.078125,0.0,59,0.028364168078619457,0.36157068610191345,0.0,1.0,64,1.0,53,0.828125,0.8721361135291578,42.2103125,24.34870087453012,-0.4878720382778482,0.4165429739006535,2.59375,1.0999822441748777,-0.5780456869891225,0.3438619472583088,3.0271462500000017,1.7113230474762626,0.3389014794010692,0.817902937910322,264.8045625,76.42209986480415,-0.5293668372141018,0.5073930622641187,1.0,0.9984579086303711,0.004557885229587555,1.1014959812164307,0.057585280388593674
145,0.7603807125161952,1.0,0.8472746377810836,0.66762713613433,0.0,0.0,0.0,64,0.03145048147187999,0.366608202457428,0.0,1.0,64,1.0,58,0.90625,0.8920286124725395,52.8846875,33.943147456848244,-0.3052612316503019,0.5806790127359032,3.53125,1.7850835939809653,-0.2849767967758244,0.558029299014365,2.8833464062500016,1.7833789937322713,0.27017435342235957,0.8523410705724225,296.39614062500004,74.86283888173996,-0.3196192956658203,0.49704058298828735,1.0,0.9987411499023438,0.0008583691087551415,0.9999998807907104,0.06062740087509155
146,0.8114611673109162,1.0,0.8643748997710645,0.7425438269476747,0.0,0.0,0.0,64,0.037971129235820814,0.3821764588356018,0.0,1.0,64,1.0,56,0.875,0.8792343284116675,47.890156250000004,28.022065830575126,-0.39070467731236513,0.4793846988410589,3.140625,1.618903829563387,-0.4070888343646986,0.5060803719383469,2.670118437500001,1.6223039050396624,0.16826502523182998,0.7753574826635605,283.990234375,63.800016171809865,-0.4019864482759264,0.4235906319661799,1.0,0.9993097186088562,0.0009380863048136234,0.9999998807907104,0.060014739632606506
147,0.7836090292541796,0.953125,0.8540301127511947,0.716077796215757,0.0,0.046875,0.0,61,0.04360155863241014,0.46840643882751465,0.0,1.0,64,1.0,55,0.859375,0.8857597238882908,44.100468750000005,22.893345405221435,-0.45553637858211904,0.391645625233376,2.671875,1.1733324270533905,-0.5536232794713477,0.3667917143976669,2.550611406250001,1.5695069274246496,0.11114830953956885,0.7501239049543212,259.210234375,69.75901889019941,-0.5665095391769575,0.4631545361597673,1.0,0.9976696968078613,0.005193579010665417,1.0648607015609741,0.05367016792297363
148,0.770709684604534,0.984375,0.8680675872971141,0.6732430759132154,0.0,0.015625,0.0,63,0.04088341023501139,0.399494469165802,0.0,1.0,64,1.0,55,0.859375,0.8857298427132729,47.959531250000005,30.495346490780744,-0.38951785141297657,0.5216961012769353,3.125,1.4630874888399532,-0.4119733158682536,0.4573711217485721,2.817758750000001,1.6088597188299052,0.23882764958602754,0.7689320217226879,291.76331250000004,73.31427894130584,-0.3503782626851193,0.4867591516789355,1.0,0.9987569451332092,0.003994673956185579,1.0230478048324585,0.05575486645102501
149,0.751349225555789,0.96875,0.8644584864377975,0.6839582981986544,0.0,0.03125,0.0,62,0.024261513149605236,0.3132445216178894,0.0,1.0,64,1.0,55,0.859375,0.8842844860263603,44.6134375,28.984335220660036,-0.44676081680803637,0.49584662654328054,2.96875,1.6674151964942625,-0.4608181309038033,0.5212453559054527,2.7629468750000017,1.4685097957686097,0.21263107982616475,0.7018537371307698,279.382875,92.30282302943465,-0.4325763193520701,0.6128307402620451,1.0,0.9980605840682983,0.0018099547596648335,1.0446385145187378,0.05577796325087547
150,0.7713553428108015,0.9375,0.8562141512831052,0.7122896760112759,0.0,0.0625,0.0,60,0.03427578767996033,0.44654884934425354,0.0,1.0,64,1.0,50,0.78125,0.8836951428141521,44.60640625,28.352106974570003,-0.4468811032167582,0.4850308448238619,2.90625,1.5882257199466328,-0.4803560569180232,0.4964901857631745,2.627927343750001,1.3647137770955895,0.1481003815179122,0.6522458803668145,267.205015625,80.07623408967318,-0.5134293889619613,0.5316541380204826,1.0,0.9975587129592896,0.0028248587623238564,1.0837910175323486,0.05795666202902794
151,0.7875128746615142,0.984375,0.8957041530382066,0.7009355399118722,0.0,0.015625,0.0,63,0.0350769205235325,0.4039299488067627,0.0,1.0,64,1.0,52,0.8125,0.8795547884610526,34.45671874999999,27.823603011578108,-0.6205158707223523,0.47598951594158023,2.546875,1.488809166540494,-0.5926991314997875,0.46541189352256845,3.408726093750002,1.3042338640194318,0.521272233836208,0.623340351008988,281.805125,65.07944332470224,-0.416494154019745,0.4320851965253631,1.0,1.0002470016479492,0.0009315323550254107,1.023047685623169,0.05513974279165268
152,0.7384276235801956,0.953125,0.8486450424448388,0.6697655606453741,0.0,0.046875,0.0,61,0.04831804787818059,0.4809969663619995,0.0,1.0,64,1.0,51,0.796875,0.9021754778597738,44.624843750000004,29.608498040690716,-0.44656568552277653,0.506524429790096,3.203125,1.937940978042159,-0.38755090835047873,0.6058135591826017,2.6540267187500013,1.4595754267948264,0.1605742131078064,0.6975836803213272,273.14034375000006,85.34453155852661,-0.47402266867798903,0.5666322083740679,1.0,0.9978908896446228,0.005747126415371895,1.0648607015609741,0.06694064289331436
153,0.7884441873829462,0.984375,0.8737833244459969,0.7182583871621008,0.0,0.015625,0.0,63,0.03398606253343184,0.46805524826049805,0.0,1.0,64,1.0,51,0.796875,0.8873506038696263,38.469687500000006,23.358159372633448,-0.5518644077178543,0.3995973838628843,2.71875,1.3046641090717563,-0.5389698349606828,0.40784689338323304,2.992118437500001,1.4289501562086806,0.32216042586674537,0.6829467601772042,271.62128125000004,73.60755512714648,-0.48410825615869324,0.48870631489855487,1.0,0.9971610307693481,0.0028804608155041933,1.023047685623169,0.05483910068869591
154,0.7481805875890443,0.953125,0.883613335304573,0.6484688191730635,0.0,0.046875,0.0,61,0.034850471523988874,0.4652595818042755,0.0,1.0,64,1.0,47,0.734375,0.888944483821601,37.90890625,25.075706253587576,-0.5614579170712454,0.42898014597791767,2.875,1.5461646096066226,-0.4901250199251331,0.4833415959727896,3.137064375000002,1.5849228481152449,0.3914353113386894,0.7574917288389027,287.6543750000001,81.8157920610571,-0.37765893652770005,0.5432036720904426,1.0,0.9994767308235168,0.012826385907828808,1.0648607015609741,0.04526516795158386
155,0.7339829109837996,0.953125,0.8656172073278271,0.6787878644952323,0.0,0.046875,0.0,61,0.03848408011095724,0.4751734137535095,0.0,1.0,64,1.0,53,0.828125,0.9003296178483086,40.53390625,27.139585572622714,-0.5165509911484341,0.46428775576593034,2.765625,1.5180393141730553,-0.5243163904500179,0.47454943691184376,2.6408981250000014,1.611143204607442,0.1542995851732434,0.7700233818424959,261.722828125,70.61816202550933,-0.5498275500757224,0.46885868806241426,1.0,0.9984527230262756,0.005389514844864607,1.0648607015609741,0.05586636811494827
156,0.7804162455712753,0.96875,0.8782668988550862,0.6850507798901345,0.0,0.03125,0.0,62,0.03761175783845195,0.5528870224952698,0.0,1.0,64,1.0,51,0.796875,0.8900740814349145,40.83390625,25.817618839732507,-0.51141877104297,0.4416723416149508,2.71875,1.4627537173085563,-0.5389698349606828,0.4572667824927947,2.984315000000002,1.660080055494314,0.31843088195248476,0.7934120659202794,271.13332812500005,79.32110416332603,-0.4873479476978303,0.5266405662079522,1.0,0.9984944462776184,0.004633920267224312,1.0446385145187378,0.051845062524080276
157,0.7690715444867686,0.953125,0.8518392006393338,0.6938407575209782,0.0,0.046875,0.0,61,0.042380684304579794,0.48733261227607727,0.0,1.0,64,1.0,46,0.71875,0.8883862411683248,44.0625,34.4499664822043,-0.4561859251892169,0.5893493687084501,2.75,1.7320508075688772,-0.5292008719535729,0.5414508884984082,2.5182609375000014,1.5858939977331397,0.09568685503954236,0.7579558762287237,261.57492187500003,69.55621188791861,-0.5508095514241312,0.46180802950635286,1.0,0.9995339512825012,0.0015120967291295528,1.0648607015609741,0.06091858446598053
158,0.7641017394257246,0.96875,0.879264697432518,0.6839335808728795,0.0,0.03125,0.0,62,0.0348950811724412,0.4550989866256714,0.0,1.0,64,1.0,51,0.796875,0.897946773726369,41.62125,32.7147048120184,-0.4979493662974314,0.5596635526018855,2.734375,1.5835303468437225,-0.5340853534571278,0.4950223801264734,2.479684218750001,1.472795742582162,0.07724965135254933,0.7039021455219859,258.153484375,69.64255690263865,-0.5735256721999465,0.46238130427252055,1.0,0.9986657500267029,0.006532663479447365,1.0446385145187378,0.07120268046855927
159,0.7559856366041171,0.921875,0.8993800934088432,0.7280018230112244,0.0,0.078125,0.0,59,0.030817387582889565,0.40957558155059814,0.0,1.0,64,1.0,47,0.734375,0.8881886093141602,33.53875000000001,21.1233410221371,-0.6362199296388114,0.361365451627959,2.25,1.103970108290981,-0.6855042800673319,0.34510858076319184,2.6383904687500013,1.3017106501151556,0.15310108590849678,0.6221344161807701,240.97200000000004,57.80088269059999,-0.6875995590297596,0.3837602855958606,1.0,0.9986394643783569,0.0,1.1014959812164307,0.06092222034931183
160,0.7672171891206635,0.9375,0.8750644500056902,0.7006618720751163,0.0,0.0625,0.0,60,0.031217564779146095,0.36080247163772583,0.0,1.0,64,1.0,49,0.765625,0.8858716731897563,38.2078125,25.194613912795802,-0.5563444081849157,0.43101434690885815,2.5625,1.3095204274848102,-0.5878146499962325,0.4093650116209249,2.8156232812500015,1.375867759909923,0.23780703213626186,0.6575767705962767,250.02073437500002,73.33766878352026,-0.6275218452235688,0.48691444502586056,1.0,0.9982337355613708,0.0,1.0837911367416382,0.06710075587034225
161,0.8022635128953923,0.96875,0.8712778168339883,0.7203040280403094,0.0,0.03125,0.0,62,0.03190529953095572,0.3881933391094208,0.0,1.0,64,1.0,53,0.828125,0.8851241412914368,33.783125,22.65322630685031,-0.6320393086779021,0.3875378116854886,2.296875,1.1816260975346644,-0.6708508355566669,0.3693843723216581,2.8445373437500012,1.3495546923594874,0.2516261042866359,0.6450008076378672,251.934421875,61.49830724367664,-0.6148162042825411,0.40830878098914286,1.0,0.9972626566886902,0.0005437738145701587,1.0446386337280273,0.07604123651981354
162,0.7749156120517599,0.96875,0.8934210370625219,0.6548426185772367,0.0,0.03125,0.0,62,0.03236001816330731,0.39603081345558167,0.0,1.0,64,1.0,45,0.703125,0.8881882203318187,37.52703125000001,24.63865907215779,-0.5679908055804923,0.42150340487268306,2.5,1.4142135623730951,-0.6073525760104523,0.4420927991992297,2.9918537500000015,1.5256313916094106,0.32203392217464755,0.7291542056923406,254.13046875,66.88497203944829,-0.6002358806490241,0.4440727334446765,1.0,0.9990661144256592,0.01666666753590107,1.0446385145187378,0.07004182040691376
163,0.7747789017842155,0.96875,0.858354764599954,0.7013083897702908,0.0,0.03125,0.0,62,0.024899560704787084,0.38130760192871094,0.0,1.0,64,1.0,56,0.875,0.8809364824945661,44.151562500000004,28.413171803471602,-0.4546622973454072,0.48607550529928023,2.6875,1.6189792308735773,-0.5487387979677927,0.5061039429018649,2.7671353125000016,1.531440650338524,0.21463288500348393,0.7319306597280821,266.44145312500007,74.86509915235241,-0.5184989475816589,0.49705558971578667,1.0,0.9982969164848328,0.0014506769366562366,1.0446385145187378,0.06092212349176407
164,0.7840623225375007,0.96875,0.855333988704989,0.6781144855925433,0.0,0.03125,0.0,62,0.03994068589794213,0.4142983555793762,0.0,1.0,64,1.0,47,0.734375,0.8772438644611245,43.43140625,28.379973730783494,-0.46698229862982615,0.48550757257890503,2.796875,1.4914305999190844,-0.5145474274429079,0.46623137146500215,2.8598575000000013,1.4426163389383468,0.258948158894969,0.6894783212527692,276.61987500000004,70.74105342804403,-0.4509208431680324,0.4696746070854235,1.0,0.9987180233001709,0.0009380863048136234,1.0446385145187378,0.05725841596722603
165,0.7735828906559923,0.984375,0.8586217351849117,0.6846461112561589,0.0,0.015625,0.0,63,0.03496105571617428,0.37141454219818115,0.0,1.0,64,1.0,54,0.84375,0.8912498643832667,47.309531250000006,28.83360184043564,-0.4006376616414822,0.4932679702614398,2.96875,1.7044862679118304,-0.4608181309038033,0.5328340255154416,2.899532343750001,1.2176521181698707,0.27791019608140966,0.5819598154028122,285.938078125,69.77946274162284,-0.3890540320393543,0.46329027004298373,1.0,0.9994173049926758,0.000928505090996623,1.0230478048324585,0.059880729764699936
166,0.7665278479145718,0.96875,0.8535972891315338,0.6779354340914335,0.0,0.03125,0.0,62,0.03258982166543214,0.3551828861236572,0.0,1.0,64,1.0,47,0.734375,0.8864371384190858,41.2565625,29.293329777162473,-0.5041882213631363,0.5011327201278165,2.53125,1.5709148409446008,-0.5975836130033424,0.4910786869922495,2.8422532812500014,1.5253882745233427,0.2505344685303854,0.729038011278174,261.7926875,72.12015378798321,-0.5493637292402334,0.47883093694337026,1.0,0.9985672831535339,0.003358925227075815,1.0446383953094482,0.05956462398171425
167,0.737959704003367,0.953125,0.8626273562673663,0.6498005201384544,0.0,0.046875,0.0,61,0.03162431239477608,0.4170527160167694,0.0,1.0,64,1.0,49,0.765625,0.8847326033754717,51.3065625,33.574794639112746,-0.3322588478300873,0.5743774536122814,3.203125,1.8889455350472655,-0.38755090835047873,0.5904972497383112,2.612427031250001,1.6102636289223737,0.14069222374724796,0.7696030009342899,284.69809375,76.52314063747298,-0.39728672219447875,0.5080639073095788,1.0,0.9978154301643372,0.0018365472787991166,1.0648607015609741,0.06440556049346924
168,0.8232149810214611,1.0,0.8708773297257721,0.7139088659464651,0.0,0.0,0.0,64,0.02424247132538269,0.3467436730861664,0.0,1.0,64,1.0,47,0.734375,0.8693232195345665,46.456875000000004,28.884436546510216,-0.41522439347248113,0.4941376199300108,2.78125,1.575880210390371,-0.519431908946463,0.49263089532608517,2.9310754687500014,1.2828885135431813,0.29298579191728624,0.613138639011363,278.431703125,57.138973326191696,-0.43889148225978314,0.37936563771334286,1.0,0.997951090335846,0.0018331805476918817,0.9999998807907104,0.06194978952407837
169,0.7724300817811421,0.984375,0.8814654873004035,0.6905158486286705,0.0,0.015625,0.0,63,0.022917564381918346,0.3425830006599426,0.0,1.0,64,1.0,56,0.875,0.8844547865442848,42.196250000000006,24.010142095320887,-0.48811261109529175,0.41075111332219005,2.875,1.231107225224513,-0.4901250199251331,0.38485251011212895,3.060786718750002,1.4791987562920004,0.3549794713756892,0.7069623764541176,286.57581250000004,76.00283303722041,-0.38481989037071657,0.5046094030879142,1.0,0.998458743095398,0.0013586956774815917,1.0230478048324585,0.06761873513460159
170,0.8008752929068157,0.984375,0.8808577183693175,0.7040355935658082,0.0,0.015625,0.0,63,0.030466060011240907,0.3893302381038666,0.0,1.0,64,1.0,53,0.828125,0.8807171707274504,36.583593750000006,20.660231905703792,-0.5841305685996552,0.3534428585666831,2.609375,1.1939585877973322,-0.5731612054855676,0.37323959283882757,2.8988817187500016,1.3959412016735742,0.2775992389539624,0.6671705915973287,268.38128125000003,77.09094128618264,-0.5056197498842518,0.5118337344984943,1.0,1.0002180337905884,0.024720149114727974,1.0230478048324585,0.05944037809967995
171,0.7683821540199045,0.921875,0.8590082612078068,0.7091382261632658,0.0,0.078125,0.0,59,0.03252476626472386,0.4020079970359802,0.0,0.984375,64,0.984375,45,0.703125,0.8736416625275242,46.196875000000006,30.70339801405335,-0.41967231756388335,0.525255321979309,2.71875,1.7362742978861376,-0.5389698349606828,0.5427711803598547,2.293557187500001,1.560413648030817,-0.01170716244622748,0.7457778991301005,244.75196875,74.37245965471881,-0.6625030238296263,0.4937847837089016,1.0,0.9960466027259827,0.004042445681989193,1.1014959812164307,0.06099176034331322
172,0.8084527491149921,1.0,0.869237800128758,0.7209104806740919,0.0,0.0,0.0,64,0.017591872271049233,0.3148580491542816,0.0,1.0,64,1.0,53,0.828125,0.876046912382772,47.67640625,29.61675282711562,-0.39436138413750843,0.5066656477262834,2.953125,1.4940474337767862,-0.4657026124073583,0.46704941156585467,3.0208954687500014,1.3355564269972025,0.33591400584594494,0.6383105323082936,284.916484375,56.21280711834948,-0.3958367504168837,0.3732164961797558,1.0,0.9992325305938721,0.005062126088887453,0.9999999403953552,0.058791209012269974
173,0.714435905903146,0.921875,0.8512728971950079,0.6655633773042975,0.0,0.078125,0.0,59,0.04166681343552785,0.4175143241882324,0.0,1.0,64,1.0,44,0.6875,0.8887769374615903,41.2003125,27.31073678340341,-0.5051505126329108,0.46721570804940776,2.96875,1.6004760034127348,-0.4608181309038033,0.5003197078753973,2.926250781250002,1.4475561528802887,0.2906798999429053,0.6918392363013938,274.694015625,91.09477575039851,-0.4637072974463105,0.6048100916623032,1.0,0.998138427734375,0.0013686130987480283,1.1014959812164307,0.06287150830030441
174,0.7448426895600664,0.953125,0.8922951822398139,0.6680224629367212,0.0,0.046875,0.0,61,0.048356397206802626,0.4532712996006012,0.0,1.0,64,1.0,55,0.859375,0.9006552801748334,43.12171875,30.28595531320415,-0.47228024667619595,0.5181139625720506,2.96875,1.7317688753121763,-0.4608181309038033,0.541362754553249,2.704916250000001,1.4020879112500189,0.18489615347998575,0.6701083255502897,274.71926562500005,85.19958638676792,-0.4635396538609491,0.5656698666602293,1.0,0.9993578195571899,0.0,1.0648607015609741,0.06002464145421982
175,0.7982079539754121,1.0,0.8733192309737206,0.6946046056996936,0.0,0.0,0.0,64,0.02664655225705064,0.4008376896381378,0.0,1.0,64,1.0,53,0.828125,0.8937178832768351,41.47734375,25.35405719765253,-0.5004112281292713,0.43374200701626797,2.921875,1.290647699558249,-0.4754715754144682,0.4034652682302744,2.8234221875000016,1.4382578338995218,0.24153441040290136,0.6873952346716534,284.75425000000007,79.9562139322205,-0.39691388120079746,0.5308572821982653,1.0,0.9996088743209839,0.0018948365468531847,0.9999999403953552,0.056553736329078674
176,0.7389618580003268,0.96875,0.8377985401499656,0.6573314674361512,0.0,0.03125,0.0,62,0.045355791643759046,0.39200925827026367,0.0,1.0,64,1.0,52,0.8125,0.8975978509584412,46.89296875,22.50653007182634,-0.4077639631004236,0.3850282204628689,3.078125,1.4285557337307495,-0.4266267603789185,0.44657625972513554,2.3152873437500014,1.4871898447178862,-0.0013215379060004455,0.7107816055063249,264.015359375,64.05410060531041,-0.5346066329152216,0.42527758742821975,1.0,0.9998289942741394,0.0019636719953268766,1.0446386337280273,0.06468668580055237
177,0.7685523466117018,0.9375,0.8717848648627599,0.7499200202036833,0.0,0.0625,0.0,60,0.02420245147989662,0.3615390658378601,0.0,1.0,64,1.0,53,0.828125,0.8925035376362676,39.84171875,26.62128997359817,-0.5283925198292707,0.4554210654529725,2.6875,1.4238482187368147,-0.5487387979677927,0.4451046584505383,2.829202500000002,1.3056459123552615,0.24429702999290925,0.6240152197802873,274.47571875000006,73.98910421209602,-0.46515664678485086,0.4912395527833958,1.0,0.9997840523719788,0.001397949643433094,1.0837910175323486,0.05495065450668335
178,0.7648972588265949,0.953125,0.8877519935858055,0.7077341546884901,0.0,0.046875,0.0,61,0.04062455313902917,0.4549812972545624,0.0,1.0,64,1.0,55,0.859375,0.8874157175865867,34.6815625,24.17081577147519,-0.616669378674559,0.4134998222261166,2.640625,1.3620663013873444,-0.5633922424784576,0.42579120996748876,3.0576828125000017,1.3484910300469537,0.3534960027549532,0.6444924450983404,274.850859375,74.13595194448243,-0.46266595690803325,0.4922145262629769,1.0,0.9976791739463806,0.0013580805389210582,1.0648607015609741,0.05868948996067047
179,0.7327141710673295,0.90625,0.8758248935999542,0.6920246408897988,0.0,0.09375,0.0,58,0.05203613139831409,0.565384566783905,0.0,1.0,64,1.0,53,0.828125,0.8912874802530716,39.41859375,25.148894413273144,-0.535631088603019,0.43023220512665167,2.671875,1.250683406931986,-0.5536232794713477,0.3909721579495935,2.757255156250001,1.3416824834582617,0.20991080238103246,0.6412383953933458,265.24071875000004,83.83838091837568,-0.5264710432526082,0.556632347248959,1.0,0.9982705116271973,0.0023752970155328512,1.1180338859558105,0.06200774013996124
180,0.8138971090324579,0.96875,0.8885735960737351,0.7214178777883805,0.0,0.03125,0.0,62,0.03435724205391104,0.4478963017463684,0.0,1.0,64,1.0,56,0.875,0.8818393382095352,36.926875,23.82952631945031,-0.5782579188227257,0.4076612469345668,2.53125,1.380316426584861,-0.5975836130033424,0.431496323501238,3.248434062500002,1.512650023214351,0.4446628972902356,0.7229499420589643,282.646875,69.42605806235964,-0.41090548122854437,0.4609438927156525,1.0,0.9988743662834167,0.00600461894646287,1.0446385145187378,0.06435530632734299
181,0.7982493883826915,0.984375,0.8760068913300832,0.6939402148587379,0.0,0.015625,0.0,63,0.039323741928866306,0.3728846311569214,0.0,1.0,64,1.0,50,0.78125,0.8818753308662197,39.3775,26.07978803115547,-0.5363340958362155,0.44615737493246477,2.640625,1.3960568073595716,-0.5633922424784576,0.43641687382142913,3.0831328125000015,1.383102155651235,0.36565947463743315,0.6610343489532977,277.81642187500006,79.84212473821482,-0.44297654977485346,0.5300998041177075,1.0,0.9966147541999817,0.008518693968653679,1.0230478048324585,0.06524059921503067
182,0.8227710501517634,0.96875,0.8787579632574513,0.7205460678760253,0.0,0.03125,0.0,62,0.043892312568237356,0.5042892694473267,0.0,1.0,64,1.0,54,0.84375,0.8686077601071146,41.45984375,27.43470512486121,-0.5007106076354234,0.4693364840976436,2.625,1.2930100540985752,-0.5682767239820126,0.4042037563619264,2.9744790625000013,1.598535998253285,0.313729933063719,0.7639979437283342,276.79312500000003,73.68422896270363,-0.4497705757952074,0.48921537932216663,1.0,0.9977535009384155,0.002718622563406825,1.0446385145187378,0.06469026952981949
183,0.791469212657204,0.984375,0.9066671520944626,0.7079249184488579,0.0,0.015625,0.0,63,0.04126198277349685,0.43282875418663025,0.0,1.0,64,1.0,56,0.875,0.8792726168832228,38.65171875,24.36832957156478,-0.5487503262476118,0.41687876987920464,2.546875,1.298192102261834,-0.5926991314997875,0.4058236999397804,2.767263593750002,1.3532803621575062,0.21469419523442412,0.6467814394583625,257.46364062500004,65.82111790498152,-0.5781057862430762,0.4370094335871174,1.0,0.9981095790863037,0.003927343990653753,1.0230478048324585,0.06426584720611572
184,0.7825352430653678,0.96875,0.8441653093022685,0.7154857229440811,0.0,0.015625,0.0,62,0.03430444747167087,0.3705339729785919,0.0,1.0,63,0.984375,48,0.7619047619047619,0.8856987590066928,41.54571428571429,28.315561693415255,-0.4992415860025572,0.48440565006818775,2.634920634920635,1.336918837412417,-0.5651754658845174,0.41792994131809047,2.395224126984128,1.4222873190026235,0.03688313066941034,0.679762350235616,242.45331746031744,64.72323044791189,-0.677764574075075,0.4297201745920178,0.984375,0.997332751750946,0.003222341649234295,1.0446386337280273,0.06900437921285629
185,0.7707595665274163,0.96875,0.8751742522562703,0.692817251337685,0.0,0.03125,0.0,62,0.031587469619135757,0.37184879183769226,0.0,1.0,64,1.0,55,0.859375,0.8773884922412419,43.66015625000001,19.64728205536547,-0.4630689807994096,0.33611391994090567,2.890625,1.3819956980305692,-0.48524053842157816,0.4320212752014626,2.380643750000001,1.4194112515158146,0.029914643224129803,0.6783877739681144,256.28540625000005,68.44130233677407,-0.5859284965409309,0.4544057548723988,1.0,0.9984432458877563,0.0005040322430431843,1.0446385145187378,0.06981021910905838
186,0.7902832376181738,0.96875,0.8535091869773404,0.7052244410264351,0.0,0.03125,0.0,62,0.027499672820146974,0.4068309962749481,0.0,1.0,64,1.0,46,0.71875,0.8839092813016243,48.716875,25.439790921101828,-0.3765616686779846,0.43520868814694397,2.90625,1.4970674458754356,-0.4803560569180232,0.46799348793298207,2.2408314062500008,1.5838894360253537,-0.03690671284764896,0.756997823970596,255.08257812500003,62.96249499598075,-0.5939144933507654,0.4180300358183804,1.0,0.9991548657417297,0.0,1.0446385145187378,0.06338494271039963
187,0.7652294018611905,0.9375,0.8716240773598353,0.7089383253968048,0.0,0.046875,0.0,60,0.040710131922949824,0.4328622817993164,0.0,1.0,63,0.984375,51,0.8095238095238095,0.8806635418556032,45.6615873015873,24.502200821549096,-0.4288296985238877,0.4191689589482484,2.746031746031746,1.402585525992033,-0.530441375192571,0.43845779576716815,2.4905052380952384,1.7876872352455473,0.08242140634451665,0.8544001344038435,260.4772222222223,75.76005676433162,-0.5580975635208215,0.5029975264610742,0.984375,0.9976156949996948,0.0009965122444555163,1.0837910175323486,0.07400165498256683
188,0.7513491949469941,0.953125,0.8938656625200491,0.6975426565305372,0.0,0.046875,0.0,61,0.03447634365318525,0.39324188232421875,0.0,1.0,64,1.0,52,0.8125,0.8818264261788291,46.08828125,26.41054503855228,-0.42153007432080924,0.45181576747708163,2.796875,1.6025340041244054,-0.5145474274429079,0.5009630529256666,2.8413928125000014,1.4918113180673918,0.25012321951481065,0.7129903741170259,273.296953125,81.85581085291646,-0.4729828842373485,0.5434693708527844,1.0,0.9976817965507507,0.0014150943607091904,1.0648607015609741,0.08020130544900894
189,0.742076713490571,0.9375,0.8707417115569115,0.6949811570938201,0.0,0.0625,0.0,60,0.045339317788648775,0.45149460434913635,0.0,1.0,64,1.0,58,0.90625,0.8992363034790215,38.60640625,23.723372465723774,-0.5495255053260413,0.40584523046000737,2.5,1.159202311936963,-0.6073525760104523,0.3623745440981922,3.0832742187500015,1.5151371812570371,0.36572705777872516,0.7241386444919505,269.784203125,77.33150185911865,-0.4963052606523043,0.5134309003180405,1.0,0.9977731108665466,0.0014443909749388695,1.0837910175323486,0.06492699682712555
190,0.7914630465020289,1.0,0.880156148225069,0.7035315897525318,0.0,0.0,0.0,64,0.03790761469158474,0.3817461431026459,0.0,1.0,64,1.0,56,0.875,0.8839325913473263,45.4796875,24.58553614225941,-0.4319415312535087,0.42059460964306433,2.859375,1.4237624834834637,-0.49500950142868805,0.44507785702594976,2.6852803125000015,1.128470972002838,0.17551143152841872,0.5393369327367984,273.11235937500004,58.906424102227426,-0.474208466735775,0.3911003618735053,1.0,0.9993495941162109,0.009717723354697227,0.9999998807907104,0.06357070803642273
191,0.7701687679476084,0.96875,0.864237222940691,0.6939071188157925,0.0,0.03125,0.0,62,0.035481036647517075,0.38901978731155396,0.0,1.0,64,1.0,52,0.8125,0.8839205015612381,46.968906249999996,25.868767130773954,-0.4064648698862281,0.4425473559070942,2.890625,1.300446888333007,-0.48524053842157816,0.40652856143476396,2.641282812500001,1.5235408340723409,0.15448344118855917,0.7281550529292421,282.095453125,69.34526945810045,-0.41456656400761804,0.46040750890280735,1.0,0.9999611377716064,0.0018509948858991265,1.0446385145187378,0.057228319346904755
192,0.7387331530945158,0.96875,0.9029859400564625,0.672843870764928,0.0,0.03125,0.0,62,0.0313100552410817,0.4007376432418823,0.0,1.0,64,1.0,52,0.8125,0.8924587804657771,51.8009375,35.730913249189335,-0.32380137678129106,0.6112630378802831,3.140625,1.5994841697794324,-0.4070888343646986,0.5000096539210632,2.6712387500000014,1.7545801589594212,0.168800462936873,0.8385770699041415,287.691703125,82.32170715413554,-0.37741110204414363,0.5465626194208199,1.0,0.9970865249633789,0.004393673036247492,1.0446383953094482,0.05937156081199646
193,0.7671073326128746,0.984375,0.8704618286518824,0.6645474576331124,0.0,0.015625,0.0,63,0.03544609670310289,0.4179738461971283,0.0,1.0,64,1.0,51,0.796875,0.8933894730855045,52.86921875,36.59033992670946,-0.30552586174948987,0.62596559412542,3.046875,1.726898298793244,-0.43639572338602844,0.5398401791344731,2.6343239062500015,1.6015584928658342,0.15115752918444586,0.7654425027945303,286.5888125,79.64291336605916,-0.38473357882181786,0.5287771701108599,1.0,0.999198317527771,0.005806163419038057,1.023047685623169,0.06952804327011108
194,0.7932956732265652,0.984375,0.8843775684871371,0.7064199101715876,0.0,0.015625,0.0,63,0.037010653742795455,0.4019235670566559,0.0,1.0,64,1.0,54,0.84375,0.889711433922941,40.1771875,29.515439787335776,-0.5226535216175875,0.5049324449939374,2.84375,1.7608480733726009,-0.499893982932243,0.5504531100773677,2.932255781250002,1.516556448136293,0.2935499057839384,0.7248169632652143,274.47568750000005,69.98233956927884,-0.46515685426453574,0.4646372402914971,1.0,0.9984083771705627,0.0004750593798235059,1.0230478048324585,0.06733971834182739
195,0.7866874486455739,0.984375,0.8575963912502168,0.68338813175318,0.0,0.015625,0.0,63,0.028039389377516533,0.4400012791156769,0.0,1.0,64,1.0,47,0.734375,0.8937405912359309,40.388906250000005,29.592945744994882,-0.5190315641994083,0.5062583704412418,2.71875,1.6814126315393256,-0.5389698349606828,0.5256210495102415,2.5250126562500013,1.3809803366259907,0.09891374467309982,0.6600202551987487,252.95801562499997,60.25116871493352,-0.6080202072051815,0.40002859190397005,1.0,0.9986292123794556,0.004990019835531712,1.023047685623169,0.07239244878292084
196,0.8402801038627141,1.0,0.8826094944961369,0.7321807552480326,0.0,0.0,0.0,64,0.03274667406611349,0.4534516930580139,0.0,1.0,64,1.0,54,0.84375,0.8849408987753178,39.965312499999996,21.352940003131742,-0.5262781520670717,0.36529329331614163,2.578125,1.2475562048961963,-0.5829301684926775,0.38999457327748505,2.7462409375000014,1.3144846777203698,0.2046467104331697,0.6282395841808506,264.147875,55.15779767616161,-0.5337268153116025,0.3662119193291294,1.0,0.9972290992736816,0.0009945300407707691,0.9999998807907104,0.06861469894647598
197,0.7558271554957695,0.9375,0.9121248712142308,0.7107750789211543,0.0,0.0625,0.0,60,0.04186318411306132,0.335091769695282,0.0,1.0,64,1.0,52,0.8125,0.8850727584891461,35.4734375,21.590209240732097,-0.6031224560211775,0.36935235315487724,2.578125,1.1699984975951891,-0.5829301684926775,0.36574950532421147,2.7061964062500015,1.307184346361685,0.18550798627181528,0.6247504928168368,252.29067187500002,70.02095095868069,-0.6124509358752169,0.4648935948164517,1.0,1.0004687309265137,0.01612115278840065,1.0837910175323486,0.07213639467954636
198,0.7823358414698276,0.96875,0.8815749729833295,0.6955676228002206,0.0,0.03125,0.0,62,0.02769615110311916,0.41649073362350464,0.0,1.0,64,1.0,56,0.875,0.8771843532975512,36.39203125,24.06601469004628,-0.5874077049794985,0.41170694816883713,2.40625,1.3195495206698382,-0.6366594650317822,0.41250017451114557,3.116575312500002,1.2905644477526224,0.38164285021424443,0.6168072445095282,276.50581250000005,72.58657145391012,-0.45167814401774575,0.4819276470341346,1.0,0.9961935877799988,0.0195804201066494,1.0446385145187378,0.05754122883081436
199,0.7935868802394109,1.0,0.905406765639782,0.6828185739924334,0.0,0.0,0.0,64,0.030558175479614504,0.4147184193134308,0.0,1.0,64,1.0,55,0.859375,0.877163871424012,43.13453125,29.64323446893529,-0.4720610581091917,0.5071186797748588,3.046875,1.7891136728489334,-0.43639572338602844,0.5592891291384263,3.1860096875000017,1.4554332177138556,0.4148280395262317,0.6956039693709247,302.09648437500005,85.72063922671872,-0.28177271887210054,0.5691293187890213,1.0,0.9986169934272766,0.005835765041410923,1.0,0.0640576034784317
