step,reward_mean,valid_frac,c_mean,qed_mean,tox_mean,undersized_frac,alerts_mean,n_rankable,d_var,d_loss,w_C,unique,n_valid,unique_smiles_frac,n_scaffolds,scaffold_frac,tanimoto_dist,tpsa_mean,tpsa_sd,tpsa_drift_sd,tpsa_spread_ratio,hba_mean,hba_sd,hba_drift_sd,hba_spread_ratio,logp_mean,logp_sd,logp_drift_sd,logp_spread_ratio,mw_mean,mw_sd,mw_drift_sd,mw_spread_ratio,rdkit_valid_frac,ratio_mean,clip_frac,adv_std,kl
0,1.0434322759361643,0.796875,0.8654764481619293,0.5901888372919677,0.0,0.203125,0.0,51,1.38461994664274e-06,0.6911113858222961,0.2,1.0,64,1.0,43,0.671875,0.9260665348068878,42.441250000000004,37.77079706516001,-0.4839212980091627,0.6461601469907352,2.671875,2.2503797422601814,-0.5536232794713477,0.7034840465308579,2.164020156250001,1.7249041714881344,-0.07361757648745819,0.8243938463602583,225.127890625,100.46733084302787,-0.7927941452666043,0.6670377645226575,1.0,0.9893230199813843,0.041303083300590515,1.2047359943389893,0.004273416940122843
1,1.0351578295635506,0.796875,0.8754725432863423,0.571016090146423,0.0,0.1875,0.0,51,0.00381949236071665,0.6789752840995789,0.21300000000000002,1.0,63,0.984375,41,0.6507936507936508,0.9231626000900378,48.95460317460317,31.087556681059468,-0.3724947576202056,0.5318272780942993,2.873015873015873,1.7502114474711785,-0.49074527154463216,0.547128028318921,2.4461330158730177,2.1786593232082025,0.061214322754609356,1.041259780720869,252.45690476190475,113.63087337050312,-0.6113472575716266,0.7544351294874437,0.984375,0.9940540790557861,0.006237006280571222,1.2047357559204102,0.007350907661020756
2,1.1615953005295037,0.875,0.8741350921669176,0.613304746023924,0.0,0.109375,0.0,56,0.003881250623107484,0.6465309858322144,0.226,1.0,63,0.984375,48,0.7619047619047619,0.9108498151111578,45.12349206349207,27.71794233863748,-0.4380351091892439,0.4741819365081711,3.0317460317460316,1.7635484968039556,-0.4411251419847087,0.5512972808487098,2.4089085714285727,1.573928544246276,0.043423419676379534,0.7522371549301544,256.35522222222227,106.81489524531722,-0.5854649638716711,0.7091814656993324,0.984375,0.9957354068756104,0.008827856741845608,1.1478066444396973,0.01216957252472639
3,1.1560073360461338,0.84375,0.8852935643107803,0.6481399729520196,0.0,0.15625,0.0,54,1.8588881767443721e-06,0.6429483294487,0.23900000000000002,1.0,64,1.0,51,0.796875,0.9101965958200571,39.52921875,29.867205955314073,-0.5337385824391292,0.5109502496596717,2.65625,1.8304605807009338,-0.5585077609749026,0.5722144543628928,2.5398182812500014,1.4521714125389906,0.10598988626013506,0.6940450351654003,254.349796875,96.97136971520575,-0.5987796844808834,0.6438268553047742,1.0,0.9972345232963562,0.0075716604478657246,1.1734496355056763,0.02072799578309059
4,1.2775163175368924,0.90625,0.8450923890903078,0.664356398013871,0.0,0.09375,0.0,58,3.899640180430935e-06,0.6320065259933472,0.252,1.0,64,1.0,43,0.671875,0.9008858301751864,40.3340625,28.26633115998774,-0.5199697981874386,0.483563443623323,2.453125,1.4244482210227931,-0.6220060205211173,0.44529222325488726,2.4072276562500012,1.2895241323773559,0.04262004975451751,0.6163100403124372,237.920609375,65.64557815330589,-0.7078588091173882,0.4358439637516988,1.0,0.9981147646903992,0.012559808790683746,1.1180338859558105,0.026476848870515823
5,1.1649928495349764,0.828125,0.870624100824572,0.6281737059023357,0.0,0.140625,0.0,53,0.007508200168211968,0.5791175365447998,0.265,1.0,62,0.96875,43,0.6935483870967742,0.8995775731854728,31.575000000000003,22.469083544341114,-0.6698145870791622,0.3843876077254039,2.306451612903226,1.3980252164117803,-0.6678571210867461,0.4370322119082735,2.8005054838709684,1.581954288354795,0.2305816921227098,0.756072947181626,243.4278870967742,89.15987580927853,-0.6712940652418158,0.5919636139021223,0.96875,0.9970471262931824,0.009787928313016891,1.1848078966140747,0.03375983610749245
6,1.2976996249276622,0.90625,0.9054149887685118,0.6679259733054849,0.0,0.078125,0.0,58,0.0037768826513209773,0.5777148604393005,0.278,1.0,63,0.984375,45,0.7142857142857143,0.8906625300212326,36.97666666666666,27.055084256512384,-0.5774061128468884,0.46284215792099825,2.4285714285714284,1.3179383336283856,-0.629681634312418,0.4119965064597701,2.7701887301587322,1.498032693667533,0.21609222330750905,0.7159637936526907,247.75996825396828,84.3824074811596,-0.6425318625777445,0.5602443299624972,0.984375,0.9968045949935913,0.003322259057313204,1.1180338859558105,0.03374042361974716
7,1.2871477885369917,0.90625,0.9065374079449423,0.6403131194157171,0.0,0.0625,0.0,58,0.007285364062298247,0.5796887278556824,0.29100000000000004,1.0,62,0.96875,42,0.6774193548387096,0.9020652669882145,32.946290322580644,25.80497827901099,-0.6463553745325729,0.4414560944820197,2.2903225806451615,1.496092725845836,-0.6728991665097706,0.46768878380781576,2.866040322580647,1.558364812672989,0.26190315255367425,0.744798686899579,241.88708064516126,85.56817606509095,-0.6815240184258196,0.5681170625097823,0.96875,0.9970756769180298,0.003294892841950059,1.1180340051651,0.047325607389211655
8,1.3341315665919646,0.9375,0.865380448102951,0.6692056942629906,0.0,0.0625,0.0,60,3.40179097020278e-05,0.5390608906745911,0.30400000000000005,0.984375,64,0.984375,50,0.78125,0.8955833420003351,35.49359375,24.78972924715921,-0.6027776349828416,0.4240878228376107,2.171875,1.2444211442976207,-0.7099266875851067,0.389014531965084,2.7838165625000015,1.7778603082069089,0.2226054553508168,0.849703491939181,240.239375,75.10688291538685,-0.6924637127614535,0.4986608767224093,1.0,1.0007643699645996,0.0016501650679856539,1.0837911367416382,0.04618911072611809
9,1.1955279542822428,0.859375,0.879424308646809,0.6105694686550097,0.0,0.125,0.0,55,0.0035422237886739666,0.5971488952636719,0.317,1.0,63,0.984375,45,0.7142857142857143,0.9089775236891926,39.18571428571428,30.208961810961746,-0.5396150508322086,0.516796803904722,2.6825396825396823,1.8841477112030376,-0.5502894270165404,0.5889974173015466,2.5673057142857156,1.7069661935538167,0.1191271207926091,0.8158206404572083,254.14390476190474,96.73296392461947,-0.6001466742645225,0.6422439958392391,0.984375,0.9975103735923767,0.006507592275738716,1.1611261367797852,0.04640350863337517
10,1.2982883735613564,0.90625,0.8700536160633482,0.684790704272076,0.0,0.078125,0.0,58,0.003471519105511706,0.5828083753585815,0.33,1.0,63,0.984375,47,0.746031746031746,0.8977475262754153,29.54269841269841,25.332876073965355,-0.7045819839682153,0.4333796530534558,2.3015873015873014,1.3169821277899392,-0.6693777379603568,0.41169758999695516,2.8219300000000014,1.6133596792880334,0.24082124023788598,0.771082714944877,247.61485714285718,65.73478781010792,-0.6434953060210086,0.4364362578790309,0.984375,0.999447226524353,0.0,1.118033766746521,0.03801380470395088
11,1.3403487087494634,0.921875,0.9056434803089853,0.7005468910787213,0.0,0.0625,0.0,59,0.003446819668130726,0.5721180438995361,0.343,1.0,63,0.984375,49,0.7777777777777778,0.892522677726117,34.80063492063491,25.56913372793212,-0.6146323591039297,0.43742140732598256,2.4285714285714284,1.466171839841967,-0.629681634312418,0.4583353108954397,3.0958068253968274,1.5443198191332341,0.3717168420051633,0.738086078490525,266.2565873015873,83.49071963457692,-0.5197263364706757,0.5543241023338181,0.984375,0.9984229803085327,0.0030549897346645594,1.1014959812164307,0.03697452321648598
12,1.298313635266128,0.921875,0.8936634038464498,0.6371259875847126,0.0,0.078125,0.0,59,0.00027601298698854706,0.517217218875885,0.356,1.0,64,1.0,42,0.65625,0.9041235835748341,35.8378125,28.310091866061537,-0.5968889470180826,0.48431207554179384,2.5,1.6393596310755,-0.6073525760104523,0.5124749949224305,2.425365625000001,1.5554303577154263,0.0512888384734143,0.7433962051562895,234.677703125,74.55008798047285,-0.729389598453638,0.4949641203184509,1.0,0.9997661709785461,0.007790762465447187,1.1014959812164307,0.04915158823132515
13,1.2215953716925578,0.84375,0.9221413615677092,0.6870410748012495,0.0,0.15625,0.0,54,0.0005366409008193473,0.4910902678966522,0.369,1.0,64,1.0,44,0.6875,0.9073822670717901,30.110625000000002,21.909808439586484,-0.6948662364689592,0.374819864601713,2.0625,1.27322179921646,-0.7441180581099914,0.39801781300452976,2.723943437500002,1.5839144085256194,0.1939899318752288,0.7570097592281526,232.250453125,84.10628852713873,-0.7455049605355398,0.5584110796085071,1.0,0.9967586994171143,0.0016592920292168856,1.1734496355056763,0.04943009465932846
14,1.245407198889044,0.859375,0.9079771394079382,0.679859353580875,0.0,0.09375,0.0,55,0.008351250027432377,0.4385993182659149,0.382,1.0,61,0.953125,40,0.6557377049180327,0.8894391236450536,25.435245901639348,19.636130182550982,-0.7748498184998704,0.3359231403879987,1.8524590163934427,1.1850996440608406,-0.8097783012725337,0.3704702266422242,2.774752786885247,1.3724647081838826,0.2182735504455447,0.6559503295752819,217.2148852459016,76.84627088067138,-0.8453313568600569,0.5102092820623878,0.953125,0.9982307553291321,0.0018773466581478715,1.1611260175704956,0.045851800590753555
15,1.3361646976966095,0.921875,0.8986088047593327,0.6966528411814803,0.0,0.0625,0.0,59,0.0035609451197367754,0.5074915885925293,0.395,1.0,63,0.984375,47,0.746031746031746,0.8889777059267497,25.42047619047619,18.477869511337197,-0.7751024898618152,0.31610831137409273,2.0,0.9258200997725514,-0.7636559841242113,0.28941767378934036,2.8822074603174612,1.3801415735385363,0.26963001012860244,0.6596193801012904,237.24039682539683,60.205210735711425,-0.7123749782509791,0.3997234607985147,0.984375,0.9986063241958618,0.005229517817497253,1.1014962196350098,0.04288216680288315
16,1.1636932267501956,0.84375,0.8806407126011672,0.634538470841534,0.0,0.15625,0.0,54,0.0021650853193490045,0.44411420822143555,0.40800000000000003,1.0,64,1.0,45,0.703125,0.9106085203445135,34.82484375,25.56346226747437,-0.6142182089679389,0.4373243833813539,2.421875,1.637497018127056,-0.6317749835282273,0.5118927294187533,2.501112343750001,1.570633371615914,0.08749092427717675,0.7506622732155247,239.73214062500003,91.71208548288965,-0.6958314192661447,0.6089086269824294,1.0,0.9980942606925964,0.01409244630485773,1.1734497547149658,0.058564603328704834
17,1.3756873533926584,0.96875,0.8931486106687977,0.6579078760624406,0.0,0.015625,0.0,62,0.004651160118447597,0.5113673806190491,0.42100000000000004,0.984375,63,0.96875,52,0.8253968253968254,0.882020542871372,29.656666666666666,24.8531141416862,-0.7026322834202136,0.4251721736045244,2.3015873015873014,1.4101099882230355,-0.6693777379603568,0.44080999394902604,3.1229260317460334,1.7485015828712611,0.38467808773811984,0.8356718993998644,269.3522222222223,79.08156724656415,-0.49917333302257083,0.525050196799939,0.984375,0.9983454942703247,0.004940711427479982,1.0446385145187378,0.04894891381263733
18,1.3138317529015362,0.890625,0.9263699744877062,0.6980633905138398,0.0,0.109375,0.0,57,0.003946440502087867,0.4440438151359558,0.434,1.0,64,1.0,47,0.734375,0.8959727379449902,27.489843750000002,22.011893482003902,-0.7397009905465373,0.3765662742922524,2.015625,1.067886164052611,-0.7587715026206564,0.3338284938379037,2.712394218750002,1.4603480257360808,0.18847014415301913,0.6979529331896329,233.913359375,75.71745829343274,-0.7344643440654575,0.50271470030692,1.0,0.9995976686477661,0.0011383038945496082,1.133455753326416,0.04893839359283447
19,1.3552867051977127,0.9375,0.9161785970131556,0.7012169001491196,0.0,0.0625,0.0,60,0.005337886328796269,0.43575525283813477,0.44700000000000006,1.0,64,1.0,53,0.828125,0.8840917306369812,29.935,19.960528393557123,-0.6978707236556996,0.3414727504570064,2.28125,1.2558457060881325,-0.6757353170602219,0.39258592785321045,2.7988993750000013,1.4410604178909756,0.22981407483028501,0.6887346905293484,249.00968749999998,75.38456430299473,-0.6342345392074604,0.5005045006197029,1.0,0.9992355108261108,0.0,1.0837911367416382,0.04909002035856247
20,1.2795682296301405,0.875,0.908799165061542,0.6794840949698038,0.0,0.109375,0.0,56,0.007374663072542815,0.4665510952472687,0.46,1.0,63,0.984375,46,0.7301587301587301,0.8911717860583621,31.941269841269847,27.60173778127445,-0.6635486622678614,0.47219397862268736,2.3174603174603177,1.389591658935828,-0.6644157250043643,0.43439582435624424,2.6055287301587318,1.4262534847228612,0.13739527713190272,0.6816579237216422,240.81276190476189,77.64246786631583,-0.6886567964638909,0.515495512451585,0.984375,0.9995238184928894,0.0,1.1478065252304077,0.05435439944267273
21,1.313448840670659,0.90625,0.8922659307718277,0.6884136729535159,0.0,0.078125,0.0,58,0.009835803411228992,0.4650719463825226,0.47300000000000003,1.0,63,0.984375,50,0.7936507936507936,0.889621487099244,25.62349206349206,18.927841185208543,-0.7716294160444139,0.3238061569458656,1.8888888888888888,0.9613335828397919,-0.7983900748161579,0.3005194306641403,2.9729695238095255,1.4104196449615372,0.3130084701396672,0.6740903612568658,248.42357142857142,71.38782069720082,-0.6381259688966532,0.4739687212991159,0.984375,0.9984025955200195,0.000550055003259331,1.1180340051651,0.05096657574176788
22,1.2615475590750906,0.875,0.9205306832279477,0.6667838399153644,0.0,0.109375,0.0,56,0.011543478851019109,0.4371466040611267,0.48600000000000004,1.0,63,0.984375,48,0.7619047619047619,0.8955393467802266,26.473333333333336,21.311341566524604,-0.757090841205972,0.36458165220710487,2.126984126984127,1.2785416232128424,-0.7239598804762726,0.3996808262469296,2.844402857142859,1.6284025489168288,0.25156182829195833,0.7782722442871822,233.0963809523809,74.29809723736518,-0.739888549686472,0.4932910655995436,0.984375,0.9983384013175964,0.009708737954497337,1.1478065252304077,0.051250070333480835
23,1.319284771576469,0.890625,0.9276053508122762,0.6794491976477217,0.0,0.109375,0.0,57,0.01286012019762714,0.4731598198413849,0.49900000000000005,1.0,64,1.0,51,0.796875,0.8800090433949994,30.04421875,24.391526372177864,-0.696002274773554,0.4172756068341677,2.296875,1.2951796147156578,-0.6708508355566669,0.4048819757990452,2.8755870312500016,1.5085321358646968,0.26646586856428023,0.7209818553401927,247.53615625000003,90.2565461750246,-0.6440178287873334,0.5992447922020459,1.0,0.9976017475128174,0.0033594626002013683,1.1334558725357056,0.048830512911081314
24,1.3508903452449585,0.921875,0.8889608797380479,0.6576917276638303,0.0,0.0625,0.0,59,0.015633636441954382,0.49436748027801514,0.512,1.0,63,0.984375,47,0.746031746031746,0.8764303511822458,29.98253968253968,23.464730369808013,-0.6970574432739078,0.40142053657741317,2.380952380952381,1.2399253872658607,-0.644567673180395,0.387609127672853,3.204902857142859,1.5849640887428778,0.4238577659593092,0.757511439220617,263.5444761904762,77.96552606952035,-0.5377329911465041,0.5176404089056666,0.984375,0.9985978603363037,0.005756148602813482,1.1014958620071411,0.04733508825302124
25,1.303714616823494,0.90625,0.8974850963929604,0.6958262150065563,0.0,0.09375,0.0,58,0.01582428106544632,0.4388008713722229,0.525,1.0,64,1.0,43,0.671875,0.8783986814217997,29.8515625,22.87631213577909,-0.6992981223725319,0.39135423027373006,2.265625,1.2530236866775504,-0.6806197985637769,0.39170374534993607,2.987400000000002,1.3082477426779222,0.31990531459521365,0.6252587282271505,247.076796875,77.13068982338108,-0.6470676764148301,0.5120976389455759,1.0,0.9988827705383301,0.003351955208927393,1.1180338859558105,0.051762163639068604
26,1.3248990345366098,0.890625,0.8856826787977888,0.6913378292233748,0.0,0.09375,0.0,57,0.018233434907387807,0.5203893184661865,0.538,1.0,63,0.984375,47,0.746031746031746,0.8915552532450368,36.70428571428571,28.179374800948572,-0.582065842847405,0.4820758463761271,2.634920634920635,1.4063527894182024,-0.5651754658845174,0.43963546799271336,2.8013390476190487,1.4857949636065073,0.2309800822685656,0.710114941570071,258.5941904761905,82.64688407782383,-0.5705996701843372,0.5487215828015658,0.984375,0.9991264343261719,0.006403414998203516,1.1334559917449951,0.04986176639795303
27,1.356871730867169,0.953125,0.9069565754444873,0.663959187365324,0.0,0.046875,0.0,61,0.02584012750858449,0.4599839746952057,0.551,1.0,64,1.0,46,0.71875,0.8966251495065736,35.45890625,25.300639265465428,-0.603371047932536,0.4328281650643914,2.421875,1.2723586304085024,-0.6317749835282273,0.3977479805516072,2.7870973437500015,1.392275466756493,0.22417345890629586,0.6654186048156964,247.818421875,74.54340747150381,-0.6421437685338988,0.4949197660817931,1.0,1.0026545524597168,0.0065146577544510365,1.0648608207702637,0.05332210659980774
28,1.4350211354729545,0.953125,0.9047174639389163,0.6846054478469008,0.0,0.015625,0.0,61,0.03015412225425722,0.5378295183181763,0.5640000000000001,1.0,62,0.96875,49,0.7903225806451613,0.877623553267949,36.82725806451614,27.031850519004237,-0.5799621056198424,0.46244468907178365,2.5483870967741935,1.2530919096487116,-0.5922264397413789,0.3917250723157444,3.024107741935485,1.4107974224980577,0.33744926692926414,0.674270914751691,269.20164516129034,69.87472072841577,-0.5001730668193147,0.46392272114952865,0.96875,0.999223530292511,0.027890466153621674,1.0648608207702637,0.04128016531467438
29,1.4673173845521101,0.984375,0.8994606354879955,0.6628752480218644,0.0,0.015625,0.0,63,0.03845926821054567,0.5174264907836914,0.577,1.0,64,1.0,50,0.78125,0.8944852535113497,40.79359375,35.74084569714965,-0.5121084131196417,0.6114329562440112,2.96875,1.968253905749967,-0.4608181309038033,0.6152895870038745,2.867503125000002,1.66808502266341,0.26260227852999835,0.7972379281238736,280.917453125,77.83911976794067,-0.4223877182078365,0.5168011532379807,1.0,1.001482367515564,0.00669216038659215,1.0230478048324585,0.04684104025363922
30,1.4359641423286598,0.96875,0.884192907041119,0.6796368311812528,0.0,0.03125,0.0,62,0.02595194123551217,0.47060561180114746,0.5900000000000001,1.0,64,1.0,50,0.78125,0.8936884616804386,39.369531249999994,35.81631635117958,-0.5364704204327669,0.6127240629372942,2.8125,1.8275239396516807,-0.509662945939353,0.5712964403540827,2.6068032812500013,1.2299386369704277,0.13800443101643872,0.5878319853817567,257.50856250000004,78.56811251230427,-0.5778075341961,0.5216411911535225,1.0,0.9969250559806824,0.0015282731037586927,1.0446385145187378,0.04471243917942047
31,1.2877574073420912,0.875,0.9062326066195965,0.6399282498808626,0.0,0.109375,0.0,56,0.02484665924546619,0.48682355880737305,0.603,0.984375,63,0.96875,43,0.6825396825396826,0.9002786804922739,45.11000000000001,28.61786338568805,-0.43826592332097114,0.48957724614484865,3.0634920634920637,1.850551319592339,-0.4312011160727239,0.5784949562833933,2.146860952380954,1.616141892239993,-0.08181857820796512,0.7724124347488941,243.87671428571426,87.3640666389572,-0.6683141444829442,0.5800406084392618,0.984375,0.9986453652381897,0.0010598833905532956,1.1478067636489868,0.058792758733034134
32,1.3404573997174847,0.90625,0.8641192093491554,0.6463369226610038,0.0,0.09375,0.0,58,0.03517232726589402,0.5058358907699585,0.6160000000000001,1.0,64,1.0,43,0.671875,0.9027957944135521,45.45796874999999,28.86289092306111,-0.432313082604894,0.4937690303238433,3.125,1.6723860200324565,-0.4119733158682536,0.5227992692257564,2.0520609375000007,1.7131683102393935,-0.12712692066231362,0.8187848554637652,251.03953124999998,80.00180429663934,-0.6207576962778341,0.5311599725804078,1.0,0.9983727931976318,0.001031459541991353,1.1180338859558105,0.05602794513106346
33,1.441954915912852,0.953125,0.8906961581746086,0.6264973045743087,0.0,0.046875,0.0,61,0.02652177864362673,0.5083743929862976,0.629,1.0,64,1.0,40,0.625,0.8964320778363256,51.298437500000006,35.346338398532794,-0.3323978454579435,0.6046839619449652,3.5625,2.1999644883497553,-0.2752078337687145,0.6877238945166176,1.863070937500001,1.7657108989314687,-0.21745205037036522,0.8438968515419095,251.80648437500003,88.61204270001066,-0.6156656261123291,0.5883263581945083,1.0,0.9991044998168945,0.005197505000978708,1.0648608207702637,0.055503103882074356
34,1.4491998667102015,0.953125,0.9206827204735553,0.6165940805950805,0.0,0.03125,0.0,61,0.029711701240426696,0.4716379940509796,0.6420000000000001,1.0,63,0.984375,42,0.6666666666666666,0.8927963694667923,40.33793650793651,28.932934337754162,-0.5199035239827037,0.49496729106098675,2.9206349206349205,1.504507379183846,-0.47585923267665514,0.4703192617974693,2.2728273015873026,1.5086054866666296,-0.0216147217557021,0.7210169123310323,253.75241269841274,65.36217072458413,-0.6027459270631071,0.4339623226638208,0.984375,0.9994838833808899,0.01520353090018034,1.0648608207702637,0.053224869072437286
35,1.5210978833537965,0.953125,0.8977674209192151,0.6428396291687256,0.0,0.046875,0.0,61,0.03554380799001437,0.5521376132965088,0.655,1.0,64,1.0,45,0.703125,0.8925859232463308,52.757343750000004,37.46097374444284,-0.30743975216381914,0.6408598754049808,3.46875,1.9200321449132043,-0.30451472279004427,0.6002151358758093,1.9350731250000008,1.5704305697163474,-0.1830396109545181,0.750565346881415,259.02276562500003,81.02116737806516,-0.5677542098063906,0.5379278807687281,1.0,0.9988213181495667,0.012980769388377666,1.0648607015609741,0.0628705695271492
36,1.4976651619873107,0.9375,0.9127082432309787,0.657527532442733,0.0,0.046875,0.0,60,0.03828879190609576,0.49555203318595886,0.6679999999999999,1.0,63,0.984375,43,0.6825396825396826,0.890529300669108,47.88492063492063,30.918345962505715,-0.39079424507561455,0.5289325225882273,3.0634920634920637,1.4461005681181425,-0.4312011160727239,0.45206089454421755,2.417605714285716,1.4531966956364235,0.04758009757817811,0.6945350548953494,260.9484126984127,74.60123717805457,-0.5549691650726384,0.4953037177390825,0.984375,1.0000593662261963,0.006493506487458944,1.0837910175323486,0.06626217067241669
37,1.457107032149512,0.90625,0.8989622700830986,0.6773880045646526,0.0,0.09375,0.0,58,0.03999118279381209,0.5754920840263367,0.681,1.0,64,1.0,48,0.75,0.890343859466584,32.42734375,24.846057486688625,-0.6552332013107732,0.42505145258233823,2.421875,1.3555982016714982,-0.6317749835282273,0.423769237908276,2.7079975000000016,1.5646044134510904,0.18636879386261437,0.7477808169043859,254.01000000000002,78.97518902873868,-0.6010357148341323,0.5243439145884302,1.0,0.9990386366844177,0.0005133470403961837,1.1180338859558105,0.06780824065208435
38,1.5525986997252494,0.96875,0.9101134500195903,0.6687653405213457,0.0,0.03125,0.0,62,0.050172942320599476,0.5061970949172974,0.6940000000000001,1.0,64,1.0,50,0.78125,0.8849321692524228,43.70640625,26.413259002770957,-0.4622777635331507,0.45186219634951036,2.859375,1.5090061661156327,-0.49500950142868805,0.4717256132571011,2.8916095312500016,1.557123646913227,0.27412359855394774,0.7442054890677376,278.6884375,73.41592415538913,-0.43718693290887334,0.48743400982244967,1.0,0.9997713565826416,0.00046382189611904323,1.0446385145187378,0.061750154942274094
39,1.520940885987021,0.953125,0.9101975931495917,0.6439734606685892,0.0,0.015625,0.0,61,0.028094234790817397,0.43062520027160645,0.7070000000000001,1.0,62,0.96875,39,0.6290322580645161,0.8783374424286817,42.69274193548388,26.29453740457321,-0.4796189247836546,0.44983117843876597,2.967741935483871,1.5756999666864273,-0.4611332587427423,0.49257454991565025,2.7070298387096785,1.770487909043531,0.18590631367021324,0.8461799567749309,275.49520967741944,86.63221249220611,-0.4583878897822441,0.575181572672021,0.96875,0.9979849457740784,0.007597340736538172,1.0648607015609741,0.05354470759630203
40,1.4697991045674075,0.9375,0.896045574049155,0.6523518837556884,0.0,0.0625,0.0,60,0.023770183372308854,0.4465886056423187,0.72,1.0,64,1.0,50,0.78125,0.8908060877032398,39.8453125,28.091325727924335,-0.5283310401092572,0.4805695556333189,2.921875,1.4610001657683,-0.4754715754144682,0.4567186103287043,2.6959195312500013,1.799505220598352,0.1805962974662253,0.8600483753683388,263.899609375,93.71947728487685,-0.5353751376679171,0.6222364035729188,1.0,0.9964300990104675,0.017725259065628052,1.0837911367416382,0.05179082974791527
41,1.389210352034084,0.890625,0.8961269186254133,0.6322678685810648,0.0,0.109375,0.0,57,0.029475902496889316,0.4636615216732025,0.7330000000000001,1.0,64,1.0,36,0.5625,0.8990810001176867,43.45890625,31.379525775036992,-0.46651184512015864,0.5368221102752514,2.890625,1.6594161953455198,-0.48524053842157816,0.518744813623344,2.204513750000001,1.6862732227278787,-0.054264229179061464,0.8059307241976296,242.47981250000004,84.13347760587696,-0.6775886642356025,0.5585915974161247,1.0,0.997374951839447,0.0021493821404874325,1.1334558725357056,0.05831899866461754
42,1.3946066597723406,0.84375,0.9123652284895932,0.6923102804490928,0.0,0.15625,0.0,54,0.02787997155474782,0.42031705379486084,0.746,1.0,64,1.0,40,0.625,0.8900191459702805,38.9559375,30.06457397829036,-0.5435459342969146,0.5143267034453204,2.734375,1.734234228521338,-0.5340853534571278,0.5421334407708414,2.130248906250001,1.5215251803454877,-0.08975807353308517,0.727191699395592,236.47723437500002,81.76578508989533,-0.7174418808013782,0.5428716583106955,1.0,0.9984312653541565,0.0,1.1734496355056763,0.057530760765075684
43,1.5571715014218657,0.953125,0.8999304668825181,0.6863513691101687,0.0,0.046875,0.0,61,0.02694702688419391,0.45959383249282837,0.7590000000000001,1.0,64,1.0,45,0.703125,0.8771911317766995,35.2715625,30.156139674344825,-0.6065760124671461,0.5158931544661922,2.46875,1.5709148409446008,-0.6171215390175623,0.4910786869922495,2.7496353125000015,1.443888327953345,0.20626900453419503,0.6900862506287517,249.7984375,75.74496918914716,-0.6289977519617707,0.5028973547700512,1.0,0.9996228814125061,0.006734006572514772,1.0648608207702637,0.054493993520736694
44,1.6175380047972756,0.953125,0.9218685734467428,0.7072792749164051,0.0,0.046875,0.0,61,0.017275485025352505,0.5157184600830078,0.772,1.0,64,1.0,50,0.78125,0.8771989444373026,40.373281250000005,26.78195784097754,-0.5192988673299013,0.4581696749838607,2.765625,1.3079347687767153,-0.5243163904500179,0.4088693239005639,2.8133778125000015,1.5034806805838805,0.23673384172354625,0.7185675828736381,262.036015625,65.17371133734933,-0.5477481886741254,0.4327110748471467,1.0,0.9982290267944336,0.007857517339289188,1.0648607015609741,0.0635102167725563
45,1.5276445651417532,0.9375,0.9019826263189316,0.6501629154516342,0.0,0.0625,0.0,60,0.031083608701957754,0.4048348367214203,0.7850000000000001,1.0,64,1.0,42,0.65625,0.8898978840027465,33.94421875,22.70930410954172,-0.6292834134025201,0.38849715710696564,2.421875,1.1429770270547872,-0.6317749835282273,0.35730240944879077,3.0889714062500016,1.4937303193545228,0.3684499489365039,0.7139075339676532,261.900390625,78.26536748233086,-0.5486486505063876,0.5196311609644122,1.0,0.9982231259346008,0.006489994470030069,1.0837910175323486,0.06135537475347519
46,1.5210902079052069,0.921875,0.9020369174116749,0.7017496559997851,0.0,0.078125,0.0,59,0.03591290970888489,0.4795211851596832,0.798,1.0,64,1.0,52,0.8125,0.8937643670361345,27.83890625,15.740797025284678,-0.7337294386113254,0.26928411656398776,2.3125,1.2358574958303243,-0.665966354053112,0.3863374770824308,3.2785835937500014,1.4318209352815483,0.4590724444662404,0.6843188089211586,264.383640625,80.73606153335528,-0.5321614848292291,0.5360349633028032,1.0,0.9987046122550964,0.011016524396836758,1.1014961004257202,0.058770306408405304
47,1.4716190610091882,0.890625,0.9011627310200742,0.6776150686053857,0.0,0.109375,0.0,57,0.025045525509938178,0.4482223391532898,0.8109999999999999,1.0,64,1.0,46,0.71875,0.9002476813815065,31.055625000000003,20.090743972271785,-0.678699743136747,0.3437004004940865,2.21875,1.2433416415048602,-0.6952732430744418,0.38867707203393037,2.7463101562500016,1.495226248529689,0.20467979256752603,0.714622492414031,239.66396874999998,77.39539242765217,-0.6962840361986518,0.5138550921588217,1.0,0.9993182420730591,0.002808988792821765,1.1334558725357056,0.06522452086210251
48,1.5378519375916966,0.921875,0.9010876376750105,0.6976201361428973,0.0,0.0625,0.0,59,0.04521149370332089,0.5425723791122437,0.8240000000000001,1.0,63,0.984375,51,0.8095238095238095,0.8887443163992272,40.383809523809525,27.5728445561226,-0.5191187559348311,0.4716996906525673,2.6825396825396823,1.206140332794468,-0.5502894270165404,0.37704768935847766,2.8520393650793667,1.6662311676734973,0.25521159055388554,0.7963519040357008,266.6727936507936,71.92323886830063,-0.5169629968813271,0.47752354988805523,0.984375,0.9996466040611267,0.0,1.1014962196350098,0.050943195819854736
49,1.5535887797165306,0.9375,0.9107192426919937,0.6591776120786317,0.0,0.0625,0.0,60,0.029578874156822744,0.4120757579803467,0.837,1.0,64,1.0,48,0.75,0.9039156856046808,38.77984375,28.415330451414533,-0.5465584405775699,0.486112434153858,2.8125,1.5090870584562046,-0.509662945939353,0.4717509007541445,2.8085953125000014,1.5062469624875705,0.23444811267529625,0.7198896886557421,262.13939062500003,83.06826355824343,-0.5470618458766316,0.5515192686191972,1.0,0.9991306066513062,0.002994012087583542,1.083790898323059,0.06705998629331589
50,1.5803078359756084,0.921875,0.9291454998113341,0.682111041814655,0.0,0.078125,0.0,59,0.04051470588086151,0.4461500346660614,0.8500000000000001,1.0,64,1.0,49,0.765625,0.8921668252594456,30.7890625,20.102831246396455,-0.6832599345429563,0.34390718233169615,2.21875,0.9264979425233496,-0.6952732430744418,0.2896295720535703,2.7216082812500018,1.2705934185395862,0.19287387657510807,0.6072623701560133,238.24906250000004,68.57827895092656,-0.7056780938897405,0.4553151905439697,1.0,0.999642550945282,0.007291082292795181,1.1014961004257202,0.056257348507642746
51,1.625820525066653,0.984375,0.8967196378442976,0.6431068802972251,0.0,0.015625,0.0,63,0.044696253773168285,0.4730129837989807,0.863,1.0,64,1.0,55,0.859375,0.890972423283382,41.54828125,30.299696190447165,-0.4991976719168334,0.5183490332602283,2.609375,1.3649311738600596,-0.5731612054855676,0.4266867886300821,2.720995781250001,1.5001745492356529,0.19258114075868257,0.7169874635929326,265.3009375,70.70474432142868,-0.5260712298998969,0.4694335382214925,1.0,0.999091625213623,0.0014492754125967622,1.0230478048324585,0.05751996859908104
52,1.5406727646934955,0.90625,0.893870320299576,0.6961323980756198,0.0,0.0625,0.0,58,0.031011417764499637,0.4668850302696228,0.8760000000000001,1.0,62,0.96875,44,0.7096774193548387,0.8928603837435244,31.49193548387097,24.779174453086263,-0.671235605011589,0.4239072577497766,2.274193548387097,1.334037708500143,-0.6779412119327951,0.41702928078168344,2.688174193548388,1.5488463166306992,0.17689452153876417,0.7402494547198583,244.17670967741935,68.07555691274388,-0.6663223701044378,0.4519774430223441,0.96875,0.9973310828208923,0.023560209199786186,1.1180338859558105,0.05066564306616783
53,1.611086175269266,0.953125,0.899958702873011,0.6379536502708372,0.0,0.046875,0.0,61,0.031424421728493364,0.41251900792121887,0.889,1.0,64,1.0,46,0.71875,0.8926235140605963,37.803125,31.034728826902537,-0.5632675592646825,0.5309235308435236,2.65625,1.660372228598154,-0.5585077609749026,0.5190436761346576,2.6564129687500015,1.688814697589038,0.1617146879517974,0.807145386595026,257.90282812500004,82.0971951830487,-0.5751898667521521,0.5450720058846015,1.0,0.9958770275115967,0.010157440789043903,1.0648608207702637,0.05143602564930916
54,1.593678255350802,0.921875,0.8897523152626167,0.693317013970289,0.0,0.0625,0.0,59,0.02544893077614154,0.4383644163608551,0.9020000000000001,1.0,63,0.984375,44,0.6984126984126984,0.8915060818528805,32.29,23.523051983175456,-0.657582795827806,0.4024182677664382,2.4126984126984126,1.3526566527231554,-0.6346436472684103,0.42284968965675707,2.71888142857143,1.5485473412620328,0.19157061544019754,0.7401065636200419,241.4839365079365,75.31957322010969,-0.6842006334191547,0.5000730020790551,0.984375,0.996733546257019,0.0010405827779322863,1.1014959812164307,0.060917191207408905
55,1.5486671655195803,0.890625,0.8986597573548033,0.7146985256464853,0.0,0.109375,0.0,57,0.023830425612041885,0.46134117245674133,0.915,1.0,64,1.0,45,0.703125,0.8761268108250959,28.37140625,19.60400133480308,-0.7246197479241265,0.33537349932674143,2.3125,1.197327753791751,-0.665966354053112,0.37429281709368484,2.9215887500000015,1.3655402205543297,0.28845174725038564,0.6526408674698734,244.60640625000002,71.48218904028623,-0.6634694642016714,0.47459526574978655,1.0,0.9982749223709106,0.0011363636003807187,1.1334558725357056,0.04718710109591484
56,1.5903832087223353,0.9375,0.9280685553948085,0.671843177322773,0.0,0.0625,0.0,60,0.02276670656127319,0.37360140681266785,0.9280000000000002,1.0,64,1.0,47,0.734375,0.8888542357981046,29.838437500000005,21.69696732975818,-0.6995226570021458,0.3711787065246126,2.359375,1.2037336122975881,-0.651312909542447,0.37629533212639854,2.863688906250001,1.4333885428189892,0.26077932597521386,0.6850680250392107,242.27564062500002,73.7422399621579,-0.6789442327565897,0.4896005346464795,1.0,0.9999924302101135,0.01741149090230465,1.0837910175323486,0.061771996319293976
57,1.6321809071112667,0.921875,0.8935719273858151,0.7029654605525701,0.0,0.078125,0.0,59,0.03505348909284206,0.45697399973869324,0.9410000000000001,1.0,64,1.0,46,0.71875,0.884302146627894,31.683906250000003,21.11347537838598,-0.6679514842596265,0.36119667611058287,2.25,1.103970108290981,-0.6855042800673319,0.34510858076319184,2.7519226562500014,1.2073102515706702,0.20736220851803358,0.577017064770524,242.73006250000003,63.053257324382905,-0.6759271669192998,0.4186326386757693,1.0,0.9969600439071655,0.01122268196195364,1.1014959812164307,0.0634210854768753
58,1.5893575907712685,0.921875,0.8897385551767835,0.6890321870183926,0.0,0.046875,0.0,59,0.027619048703050222,0.39407628774642944,0.954,1.0,62,0.96875,42,0.6774193548387096,0.8910229388888545,35.79177419354839,25.182956507629136,-0.5976765427580575,0.4308149190116118,2.5,1.2794908261466935,-0.6073525760104523,0.39997755355403464,2.6410075806451627,1.7130729287826663,0.15435189796940446,0.818739269229305,244.34111290322585,72.22441950617109,-0.6652308395611051,0.4795231935305892,0.96875,0.9985494017601013,0.0027412280905991793,1.1014959812164307,0.06451874226331711
59,1.5984242202211418,0.90625,0.917630740280809,0.6846408800161671,0.0,0.078125,0.0,58,0.029268071964322764,0.348882257938385,0.9670000000000001,1.0,63,0.984375,52,0.8253968253968254,0.8881361778327711,28.761269841269844,20.864572882331096,-0.7179501953857814,0.35693860146207257,2.253968253968254,1.1948069375592898,-0.6842637768283337,0.37350479275696047,3.2713473015873036,1.5352694601845185,0.4556139597411172,0.7337605858933126,255.37865079365076,73.08193043170174,-0.5919487633032376,0.4852165086213764,0.984375,0.9990070462226868,0.002600104082375765,1.1180340051651,0.05253992974758148
60,1.70586409655618,0.96875,0.8989025820647517,0.7031707840477771,0.0,0.03125,0.0,62,0.03125585966785557,0.43846258521080017,0.98,1.0,64,1.0,48,0.75,0.8909744601836233,31.302968750000005,22.052233636845575,-0.6744683345810439,0.37725638947137236,2.3125,1.0734727523323542,-0.665966354053112,0.3355748994136082,2.9937425000000015,1.3511325716794518,0.3229366238452972,0.6457549330108469,253.417546875,68.72306446709,-0.604969218439418,0.4562764722484455,1.0,0.9995231628417969,0.0005347593687474728,1.0446385145187378,0.058132633566856384
61,1.6088216521551737,0.921875,0.8878086269912073,0.663156232783017,0.0,0.078125,0.0,59,0.02136936096623227,0.39924317598342896,0.9930000000000001,1.0,64,1.0,48,0.75,0.8826226647839169,34.861093749999995,24.70659426886294,-0.6135980657051954,0.42266559948067917,2.5625,1.1575161985907585,-0.5878146499962325,0.3618474535732365,2.909797031250002,1.4267133431703276,0.2828160600416731,0.6818777066409224,255.14478125,69.80085521066094,-0.5935015050380656,0.46343230213047987,1.0,0.9985401630401611,0.002695417730137706,1.1014961004257202,0.05282701179385185
62,1.7554178010504364,0.984375,0.9007783465915256,0.6706877487590537,0.0,0.015625,0.0,63,0.029595338738009118,0.3993934988975525,1.006,1.0,64,1.0,52,0.8125,0.8780163066823933,38.767187500000006,25.732426009605927,-0.546774956113269,0.440214913762894,2.75,1.3110110602126894,-0.5292008719535729,0.40983099357215175,3.211319531250002,1.343602057350677,0.42692452568745337,0.6421558289126675,282.42960937500004,66.59070565955916,-0.4123479837374847,0.44211899598028526,1.0,0.9988534450531006,0.002436647191643715,1.0230478048324585,0.04680818319320679
63,1.7742983970528308,0.984375,0.9055639458081078,0.6894454661468917,0.0,0.015625,0.0,63,0.03665174571126451,0.4494583010673523,1.0190000000000001,1.0,64,1.0,48,0.75,0.8780618196050297,40.347187500000004,25.562592632396342,-0.5197452635578245,0.4373095061859143,2.984375,1.4196411023124824,-0.45593364940024833,0.4437894851796293,3.0300142187500017,1.5263927903442873,0.34027218499047807,0.7295181055785106,274.07659375000003,70.46524139840129,-0.46780657731979347,0.46784339450977747,1.0,0.998081624507904,0.0034448818769305944,1.0230478048324585,0.05473216995596886
64,1.6862059382592578,0.9375,0.9070055375496546,0.6814016398117629,0.0,0.0625,0.0,60,0.04332631750238757,0.4243783950805664,1.032,1.0,64,1.0,47,0.734375,0.8901421296778335,40.152187500000004,25.42738616314787,-0.5230812066263761,0.4349964749863615,2.828125,1.3176053978240223,-0.504778464435798,0.4118924284579599,2.522255312500001,1.368135872260329,0.09759591075665733,0.6538814229332381,251.907921875,60.44055426985283,-0.6149921470552965,0.40128598887198186,1.0,0.9988809823989868,0.002605523681268096,1.083790898323059,0.06575807183980942
65,1.6961731016982398,0.921875,0.926929762807943,0.658620388338062,0.0,0.078125,0.0,59,0.04430749434170196,0.5600492358207703,1.0450000000000002,1.0,64,1.0,47,0.734375,0.8971569366323456,37.71109375,27.380995297673365,-0.5648419747032858,0.4684176485811288,2.359375,1.24206465587545,-0.651312909542447,0.3882778776219522,2.7714498437500015,1.7328470757474659,0.21669495492668456,0.828190046463347,250.68564062500002,78.24375713962091,-0.6231072999689515,0.5194876823373714,1.0,0.9991557598114014,0.0015392509521916509,1.1014959812164307,0.05918365344405174
66,1.7772581029939778,0.96875,0.8973861341514895,0.6941804034121282,0.0,0.03125,0.0,62,0.03178334853024749,0.41558578610420227,1.058,1.0,64,1.0,52,0.8125,0.8861220280696749,32.28203125,19.78244756877984,-0.6577191204243573,0.3384262504926077,2.359375,1.0512966324377722,-0.651312909542447,0.3286424931770832,2.7803895312500018,1.4417183108289469,0.22096755365141588,0.6890491212661931,250.70078125000003,61.32415716259092,-0.6230067760616402,0.40715253766303766,1.0,0.9993249177932739,0.0027457440737634897,1.0446385145187378,0.051938507705926895
67,1.5409345474928755,0.859375,0.9170592936602506,0.6562330418194875,0.0,0.140625,0.0,55,0.0455122883421564,0.4694477617740631,1.0710000000000002,1.0,64,1.0,53,0.828125,0.9128215858453788,33.20578125,24.711915256403103,-0.6419161593496157,0.42275662774479433,2.484375,1.2623414194959302,-0.6122370575140074,0.39461653214074843,2.5937132812500012,1.6823324428909112,0.1317482484254106,0.8040472835397907,236.858453125,86.96783901390104,-0.7149108361258565,0.5774099145904074,1.0,0.9971413612365723,0.0009842519648373127,1.1611261367797852,0.0588286854326725
68,1.6243113658932713,0.875,0.9146838592631477,0.6723583465433501,0.0,0.078125,0.0,56,0.04931927968146977,0.4574863612651825,1.084,1.0,61,0.953125,46,0.7540983606557377,0.8905943552633445,36.81475409836065,27.762360508521354,-0.5801760159748465,0.4749418159232575,2.557377049180328,1.4989022230376998,-0.5894161193416603,0.46856705178016445,2.7876840983606566,1.5757036490420775,0.22445389007362862,0.7530855414634426,262.03293442622953,88.77423391009114,-0.5477686458309212,0.5894032023914179,0.953125,0.9985753297805786,0.004098360426723957,1.1478066444396973,0.055523451417684555
69,1.6764742350287225,0.921875,0.9123699498378625,0.6648812900398694,0.0,0.0625,0.0,59,0.04206005242629106,0.4567078948020935,1.097,0.984375,63,0.96875,50,0.7936507936507936,0.8968395465104941,34.77952380952381,30.598388401827894,-0.6149935153335734,0.5234588805022073,2.5873015873015874,1.528926593428448,-0.5800615047524944,0.477952874617252,2.826744920634923,1.7992831208010602,0.2431224642755773,0.8599422258736644,260.26639682539684,84.328908573841,-0.5594973071013767,0.5598891319967231,0.984375,0.9992614984512329,0.0051572974771261215,1.1014961004257202,0.05271146073937416
70,1.6954045476003534,0.921875,0.8895400802967912,0.6740450921329602,0.0,0.0625,0.0,59,0.029804558734356133,0.418229877948761,1.1099999999999999,1.0,63,0.984375,39,0.6190476190476191,0.8793598921246131,36.77761904761906,26.07698892652146,-0.5808113001549579,0.44610948952886487,2.6507936507936507,1.415994015756458,-0.5602134529285251,0.4426493810628443,2.8651592063492077,1.3989637467650355,0.2614820353628566,0.6686151747892155,257.0022063492064,76.81893101047649,-0.5811694098629813,0.5100277630975251,0.984375,0.9987998008728027,0.0036880928091704845,1.1014959812164307,0.056540511548519135
71,1.7558097924303984,0.9375,0.8762614478667577,0.7048560098024559,0.0,0.0625,0.0,60,0.02459211781422748,0.40744489431381226,1.123,1.0,64,1.0,47,0.734375,0.8775034334080685,37.304218750000004,26.79942389799916,-0.5718025482213215,0.45846847381389244,2.8125,1.869784412706449,-0.509662945939353,0.5845073522880025,2.5866939062500016,1.6600657725350998,0.1283934362271757,0.7934052395795013,248.37009375,77.73280761258381,-0.6384810259173466,0.5160953096383172,1.0,0.9979860782623291,0.0005241089966148138,1.0837910175323486,0.06524163484573364
72,1.7566791447403232,0.9375,0.8951964224378268,0.6897861818542425,0.0,0.046875,0.0,60,0.029868719089289227,0.4493872821331024,1.136,1.0,63,0.984375,50,0.7936507936507936,0.8804064286209395,37.689047619047614,27.160864569677006,-0.5652191266916909,0.46465178408761754,2.634920634920635,1.3008127776855798,-0.5651754658845174,0.4066429409403633,2.8946226984126997,1.4985813475430134,0.2755636996958217,0.7162260151060352,265.42436507936503,71.31953683900517,-0.5252517510112943,0.47351536087098844,0.984375,0.9984350800514221,0.000500751135405153,1.0837910175323486,0.06499755382537842
73,1.8699025744279405,0.984375,0.9083554763642568,0.6829424017355346,0.0,0.015625,0.0,63,0.015512576806253592,0.3654648959636688,1.149,1.0,64,1.0,42,0.65625,0.8689042118705013,31.921093749999997,23.355671093788143,-0.663893822738744,0.39955481588049135,2.171875,1.269284831854143,-0.7099266875851067,0.3967870901718042,2.950398750000002,1.3345912498653627,0.30222108418296945,0.6378492393847279,241.803140625,67.35152450665727,-0.6820813255915671,0.44717033852832155,1.0,0.9982144236564636,0.006090808194130659,1.023047685623169,0.0556061789393425
74,1.7605265671615968,0.90625,0.9175554919859459,0.7039618810263757,0.0,0.09375,0.0,58,0.02252680530269338,0.3552309572696686,1.162,1.0,64,1.0,44,0.6875,0.8684750822169544,32.0790625,22.583678683312286,-0.6611913880894605,0.38634803264612494,1.9375,0.998044963916957,-0.7831939101384312,0.311995658621988,2.8973248437500017,1.5132686197061909,0.27685515230221247,0.7232455916084769,237.26403125,77.47492208691808,-0.7122180610359921,0.5143831173953324,1.0,0.9997158050537109,0.0021586616057902575,1.1180340051651,0.05591945722699165
75,1.6806217567980635,0.859375,0.9496008688753301,0.6816318538301634,0.0,0.125,0.0,55,0.029111806049935116,0.3514297902584076,1.175,1.0,63,0.984375,48,0.7619047619047619,0.8884057047925964,27.99111111111111,24.012954976469263,-0.731125609116846,0.41079923440613664,2.0952380952380953,1.1644780248226174,-0.7338839063882572,0.3640237679067071,3.0270379365079383,1.608205845013945,0.3388497124810218,0.7686195118690485,240.91898412698407,77.55024729412992,-0.6879515499617774,0.514883227803454,0.984375,0.9969201683998108,0.0021822149865329266,1.1611261367797852,0.05572895705699921
76,1.8005580849836351,0.953125,0.9139299524612114,0.6621682757498,0.0,0.046875,0.0,61,0.03281290856704893,0.3897205591201782,1.1880000000000002,1.0,64,1.0,47,0.734375,0.8845713614178639,37.50140625,31.81476680859002,-0.5684291827145008,0.5442679528856641,2.640625,1.7710094887873977,-0.5633922424784576,0.5536296377985527,2.876512187500002,1.4993789661207135,0.26690803406658997,0.7166072257599763,266.75128125000003,86.44222200360716,-0.5164418902461841,0.5739201593376345,1.0,0.9968861937522888,0.00401404919102788,1.0648608207702637,0.05377686768770218
77,1.824583907449083,0.9375,0.9258810738722484,0.6660824668257008,0.0,0.0625,0.0,60,0.04183051196486076,0.43708014488220215,1.201,1.0,64,1.0,51,0.796875,0.8904006455150242,36.415625000000006,23.792754206572535,-0.5870040772524541,0.40703217167779443,2.515625,1.1988560628261427,-0.6024680945068974,0.37477057691513777,2.801765312500002,1.8176805324935836,0.23118380961213977,0.8687350117216965,264.933,74.55458120753718,-0.5285140957093559,0.49499395242517985,1.0,0.9986391663551331,0.0010251153726130724,1.0837910175323486,0.0608723908662796
78,1.7814735529592545,0.9375,0.9093402599294981,0.6221050938542761,0.0,0.046875,0.0,60,0.04229579932562849,0.3417704403400421,1.214,1.0,63,0.984375,51,0.8095238095238095,0.8892722420286573,33.46031746031746,26.25617550749102,-0.6375617064957493,0.44917490610713606,2.4126984126984126,1.2926522585080846,-0.6346436472684103,0.4040919070215229,3.14108015873016,1.7413169957826662,0.39335459905923575,0.8322381263924242,270.49112698412705,76.75367150051702,-0.49161174578808836,0.5095944823756035,0.984375,0.9997895359992981,0.005170630756765604,1.0837911367416382,0.07046396285295486
79,1.8462898669571361,0.9375,0.9352938890457153,0.6478627763464807,0.0,0.0625,0.0,60,0.04440739470523922,0.42786961793899536,1.227,1.0,64,1.0,52,0.8125,0.8960193202289238,30.4771875,28.88498417586279,-0.6885953050275951,0.49414698844458954,2.34375,1.7159067391615432,-0.656197391046002,0.5364041426726323,3.2669653125000018,1.637151021664589,0.45351964928717886,0.7824534545929592,266.5980625,81.63731215065573,-0.5174591631410184,0.5420186815124373,1.0,0.9987549185752869,0.007909045554697514,1.0837910175323486,0.0718509778380394
80,1.934506354777364,0.96875,0.905164836875854,0.6814327057513565,0.0,0.03125,0.0,62,0.04507861953666213,0.40375131368637085,1.24,1.0,64,1.0,48,0.75,0.8785712974029217,29.005312500000002,24.97429384441818,-0.7137752599200285,0.42724524329364194,2.109375,1.288375764043627,-0.7294646135993266,0.40275504570237425,2.981939062500002,1.645733419240606,0.31729533582377056,0.7865552915910003,246.16690625,65.29808171563091,-0.6531087586588523,0.4335368133076558,1.0,1.0003516674041748,0.008695651777088642,1.0446385145187378,0.07096704095602036
81,1.974755966279498,0.984375,0.9191917956821503,0.6918264838403602,0.0,0.015625,0.0,63,0.04954697456501256,0.47108426690101624,1.2530000000000001,1.0,64,1.0,55,0.859375,0.875573014492078,26.7075,22.308214994705427,-0.7530848582903181,0.3816355650428135,2.171875,1.29367074032576,-0.7099266875851067,0.404410291379932,3.406338906250003,1.649598732551267,0.5201313109271923,0.7884026640770988,273.52178125,64.8743159285873,-0.4714901716446737,0.4307232839653425,1.0,0.9979491233825684,0.006916996091604233,1.023047685623169,0.06487163156270981
82,1.9161972785803463,0.953125,0.8928419473718424,0.7005597628391051,0.0,0.046875,0.0,61,0.04320125789900851,0.47822508215904236,1.266,1.0,64,1.0,48,0.75,0.88115245655385,26.684218750000003,20.910365835863526,-0.7534831399547526,0.35772199985143166,2.140625,1.0587018510303077,-0.7196956505922166,0.33095741498476455,2.768549687500001,1.302637235808777,0.2153088657714123,0.6225772648656845,232.616609375,52.59371235578488,-0.7430739210681173,0.3491880596744748,1.0,0.9966809749603271,0.0017492711776867509,1.0648608207702637,0.0655418410897255
83,1.8637545349313578,0.921875,0.9299197575803531,0.690459558292451,0.0,0.078125,0.0,59,0.045496302210529055,0.417622447013855,1.279,1.0,64,1.0,46,0.71875,0.8980375230454232,26.411406250000002,21.5313369640615,-0.758150252613159,0.3683452015482663,1.9375,1.184205957593526,-0.7831939101384312,0.37019085416097136,3.1240804687500017,1.2742076240420834,0.3852298347730064,0.6089897291739752,243.161390625,71.05777747558174,-0.6730634285691166,0.4717774488636153,1.0,0.998348593711853,0.011188065633177757,1.1014959812164307,0.074410080909729
84,1.9614062393542535,0.953125,0.9417405099165245,0.7024216922372575,0.0,0.046875,0.0,61,0.028130754505199508,0.3770114481449127,1.292,0.984375,64,0.984375,51,0.796875,0.8777329215072436,24.63265625,20.505747383522408,-0.7885800409884736,0.35080002999760873,2.0,1.14564392373896,-0.7636559841242113,0.35813609953043773,3.4629406250000025,1.2531237932112347,0.5471833114975526,0.598913006836608,259.190296875,71.00461272486982,-0.5666419112158938,0.4714244694804793,1.0,0.9984004497528076,0.002084418898448348,1.0648608207702637,0.059135135263204575
85,2.017941561718996,0.984375,0.9263759690617758,0.6810976634393726,0.0,0.015625,0.0,63,0.04457740155412472,0.49976786971092224,1.305,1.0,64,1.0,50,0.78125,0.8806520066922486,30.45734375,20.89142723719076,-0.6889347800033211,0.3573980096618394,2.484375,1.2373382154346482,-0.6122370575140074,0.38680036012366414,3.263559843750002,1.406841124649357,0.4518920530833563,0.6723800574769804,271.293875,72.34178108346607,-0.48628202081689825,0.48030239810886166,1.0,0.9975801110267639,0.005096839740872383,1.0230478048324585,0.06530802696943283
86,1.8523013211862023,0.921875,0.9101009661868468,0.6781184670570897,0.0,0.078125,0.0,59,0.02948747263470119,0.3469632565975189,1.318,1.0,64,1.0,46,0.71875,0.8839524884807121,31.57,25.552297108087956,-0.6699001240809199,0.43713337652974166,2.328125,1.392554840706462,-0.661081872549557,0.4353221351754656,3.0974501562500016,1.6071631102519335,0.37250224902387435,0.7681211513598692,254.72639062500002,84.67058182166515,-0.5962793467987199,0.5621576202457231,1.0,0.9979713559150696,0.004841312766075134,1.1014958620071411,0.062352702021598816
87,1.9697290054309056,0.953125,0.9343273942587805,0.6918625611738094,0.0,0.046875,0.0,61,0.0276625715117177,0.44393664598464966,1.331,1.0,64,1.0,45,0.703125,0.8793291186283801,28.220937500000005,23.2919861298064,-0.7271938770707733,0.3984653317052818,2.140625,1.1972257971556577,-0.7196956505922166,0.37426094475428245,2.6970962500000013,1.4354665465837027,0.1811586937502808,0.6860611779022275,235.39820312499998,69.83914391639097,-0.7246059468396675,0.4636865142456253,1.0,0.999180018901825,0.0,1.0648608207702637,0.058511435985565186
88,1.971095363674486,0.953125,0.9269519848901717,0.6907289959572103,0.0,0.046875,0.0,61,0.030192115413444336,0.4609725773334503,1.344,1.0,64,1.0,48,0.75,0.8819437815320809,30.506093749999998,22.26637449560909,-0.6881007942361832,0.3809197828738639,2.28125,1.1520192869479227,-0.6757353170602219,0.3601290815254856,2.7757115625000015,1.4764080639312809,0.21873178385346898,0.7056286040351682,243.01767187500002,79.92411699935577,-0.6740176276397554,0.5306441794297686,1.0,0.9986668825149536,0.002757859881967306,1.0648605823516846,0.06060095503926277
89,1.957699005601822,0.953125,0.9277930982777329,0.6908044993776247,0.0,0.046875,0.0,61,0.02726417912947475,0.42688414454460144,1.357,1.0,64,1.0,51,0.796875,0.8879497685542672,30.825625000000002,20.845987164425075,-0.6826344452176029,0.35662064814503336,2.4375,1.1709371246996996,-0.6268905020246722,0.36604292655497733,2.987979531250002,1.4307245164507465,0.3201822934582547,0.6837947908614384,257.87439062500005,70.77498767586818,-0.5753786732653683,0.46989990843084045,1.0,0.9977479577064514,0.007451565004885197,1.0648608207702637,0.06693664938211441
90,1.843590643925126,0.90625,0.9189665230183766,0.6834056976941885,0.0,0.09375,0.0,58,0.01945202250569162,0.4203242063522339,1.37,1.0,64,1.0,53,0.828125,0.8930116510939159,28.9015625,20.908026136715865,-0.7155501527065017,0.3576819736814104,2.34375,1.2651426549998226,-0.656197391046002,0.39549221745312374,2.9334428125000014,1.2313994462379858,0.2941172307832701,0.5885301587590301,257.40975,82.88610562976618,-0.5784635849596056,0.5503098583921913,1.0,0.9986489415168762,0.0030706243123859167,1.118033766746521,0.08083350211381912
91,1.8698471570733664,0.890625,0.8953333831669992,0.7124985934402539,0.0,0.09375,0.0,57,0.04177192407572516,0.4806387722492218,1.383,1.0,63,0.984375,43,0.6825396825396826,0.8809599010903313,27.936825396825398,20.630985390326437,-0.7320542965645014,0.35294252671923504,2.0952380952380953,0.9035079029052511,-0.7338839063882572,0.282442728963612,2.4040492063492076,1.485173795067943,0.041100954037496876,0.7098180627467662,219.04111111111115,65.52582557393984,-0.8332064043165668,0.43504888447402834,0.984375,0.9980713725090027,0.007719715125858784,1.1334556341171265,0.0856877863407135
92,1.9008246233794446,0.921875,0.9148523918652939,0.6603686572105806,0.0,0.078125,0.0,59,0.018918669145248986,0.37558889389038086,1.3960000000000001,1.0,64,1.0,47,0.734375,0.8746540027844709,32.3340625,23.66463485606938,-0.6568290009998159,0.40484038265595673,2.421875,1.4230764155079656,-0.6317749835282273,0.44486338750041365,2.686729687500002,1.5262781585997542,0.1762041400572861,0.7294633189379814,254.71271875000002,96.30648971406812,-0.596370119160843,0.6394124843255392,1.0,1.000645399093628,0.014176663011312485,1.1014958620071411,0.08021274954080582
93,1.906518993317336,0.90625,0.9208501433504039,0.6923835419420399,0.0,0.09375,0.0,58,0.032341599919048246,0.36032602190971375,1.409,1.0,64,1.0,55,0.859375,0.8866264962783762,31.1646875,22.72452378274061,-0.6768339672859064,0.3887575261495988,2.265625,1.1758266706343243,-0.6806197985637769,0.36757143194239855,2.5715492187500013,1.4476731778252667,0.12115524445604792,0.6918951667386349,232.15029687499998,72.29285685077221,-0.7461699329254938,0.4799775730086697,1.0,0.9996152520179749,0.0029086677823215723,1.1180340051651,0.07015333324670792
94,2.035379367622162,0.953125,0.9316011931075424,0.7087750408265401,0.0,0.03125,0.0,61,0.02470321478553572,0.4366981089115143,1.422,1.0,63,0.984375,52,0.8253968253968254,0.878267370879312,33.20333333333333,19.65250361691096,-0.6419580368400596,0.3362032472847246,2.380952380952381,1.0454523047666737,-0.644567673180395,0.32681551651083074,2.9066169841269867,1.3178146635577153,0.28129620095460994,0.6298311043813066,256.20644444444446,64.05374130995374,-0.5864527515979581,0.42527520194062385,0.984375,0.9998657703399658,0.0010504202218726277,1.0648608207702637,0.06916820257902145
95,2.041719461378892,0.953125,0.9199414282548622,0.6960307368686097,0.0,0.046875,0.0,61,0.03166181725629357,0.3889937400817871,1.4349999999999998,1.0,64,1.0,54,0.84375,0.8764390293779851,33.36890625,21.67002228866438,-0.6391255146672695,0.37071774691913206,2.40625,1.2464794171986957,-0.6366594650317822,0.3896579621036164,2.8255321875000017,1.4646825022962209,0.24254285541948423,0.7000245356951156,257.59703125,73.67175960615965,-0.5772201592082815,0.4891325909008526,1.0,1.0000118017196655,0.0010565239936113358,1.0648607015609741,0.06274031102657318
96,1.9409957406228773,0.90625,0.9139486756818048,0.6866576741360454,0.0,0.078125,0.0,58,0.040673945754367995,0.40821683406829834,1.448,1.0,63,0.984375,51,0.8095238095238095,0.8766207953072135,26.75333333333333,19.430579891517258,-0.7523007691075388,0.33240670926690774,2.0317460317460316,0.9753835870309342,-0.7537319582122267,0.30491155774231654,3.2682623809523825,1.5174313022976522,0.4541395650298187,0.7252350875871383,252.20149206349205,77.48425441459996,-0.6130430318491984,0.5144450779843366,0.984375,0.9997100234031677,0.0005107252509333193,1.1180340051651,0.06470834463834763
97,1.9171673681197174,0.90625,0.8929431340817747,0.6673054890806299,0.0,0.09375,0.0,58,0.03803880846684475,0.4006749391555786,1.4609999999999999,1.0,64,1.0,51,0.796875,0.8818271101017822,30.254375,23.52539936397202,-0.6924070476684243,0.40245842534950255,2.421875,1.4448690197990266,-0.6317749835282273,0.4516759041451484,3.3508748437500016,1.4888352795799324,0.4936230372648393,0.7115680181066767,272.34589062500004,86.26995085524375,-0.47929732096616445,0.57277639090334,1.0,0.9985916614532471,0.00706357229501009,1.1180340051651,0.06638062745332718
98,2.075481515121295,0.953125,0.9300739481800893,0.6887480935151232,0.0,0.046875,0.0,61,0.03246606574272661,0.37279558181762695,1.474,1.0,64,1.0,51,0.796875,0.8902341231678385,25.575000000000003,17.012353507818958,-0.7724589891884452,0.29103714238030676,2.0625,1.1709371246996996,-0.7441180581099914,0.36604292655497733,3.327826250000002,1.393424015905269,0.4826072839442567,0.6659675378324659,261.395421875,78.65779067577415,-0.552001314733927,0.52223659586056,1.0,0.9992609024047852,0.0020597323309630156,1.0648607015609741,0.06341661512851715
99,1.9254793055741857,0.890625,0.9203857978185018,0.6838914895176812,0.0,0.109375,0.0,57,0.032602242853071055,0.2609488070011139,1.4869999999999999,1.0,64,1.0,50,0.78125,0.8987289147890117,28.164375,22.51042424321174,-0.7281615144031578,0.38509483961179647,2.25,1.3110110602126894,-0.6855042800673319,0.40983099357215175,3.004994843750002,1.4726114985354182,0.3283145243095459,0.7038140886543205,252.61812500000002,83.59927325351359,-0.6102768599974847,0.5550448277945104,1.0,0.9992321729660034,0.002613695804029703,1.133455753326416,0.060165297240018845
100,2.114945041595816,0.96875,0.926639748196448,0.665266045903212,0.0,0.03125,0.0,62,0.04137941961543968,0.40769699215888977,1.5,1.0,64,1.0,55,0.859375,0.881004891438651,30.4209375,22.804090828096914,-0.6895575962973697,0.39011871144929877,2.140625,1.2607932460855744,-0.7196956505922166,0.39413256257996904,3.5498429687500024,1.489412775516203,0.5887170723904699,0.7118440242199605,276.49071875000004,69.25974474565587,-0.4517783567055298,0.4598396804104827,1.0,1.001191258430481,0.004316546954214573,1.0446385145187378,0.05340268835425377
101,1.9461050079013833,0.890625,0.9239582879501477,0.6950514409130695,0.0,0.09375,0.0,57,0.03273478260510361,0.3401796817779541,1.5,1.0,63,0.984375,51,0.8095238095238095,0.8860269039059625,29.927619047619054,26.96781666358823,-0.6979969925630561,0.46134923627112895,2.238095238095238,1.3997084244475302,-0.6892257897843261,0.43755839421337783,2.9025871428571444,1.605244744868629,0.2793701946294003,0.7672042954305903,250.91492063492063,73.86253520793144,-0.6215850297545061,0.4903992168763166,0.984375,0.9976932406425476,0.020790020003914833,1.133455514907837,0.06345211714506149
102,2.0950865675208252,0.984375,0.9019410704809522,0.6668317845164728,0.0,0.015625,0.0,63,0.03365193817630932,0.2885264754295349,1.5,1.0,64,1.0,54,0.84375,0.8837707456304277,36.0440625,25.167603538499524,-0.593360545695576,0.43055226962212656,2.46875,1.3342688775130747,-0.6171215390175623,0.4171015457908265,3.335539687500002,1.737655837869271,0.48629381361610424,0.8304883271257483,281.00948437500006,84.15441955175922,-0.42177669053594413,0.5587306383227443,1.0,0.9991379976272583,0.007773205172270536,1.0230478048324585,0.05967199429869652
103,2.0889310288879415,0.953125,0.9288428083795016,0.6840614284981098,0.0,0.046875,0.0,61,0.04888050448941349,0.43706610798835754,1.5,1.0,64,1.0,54,0.84375,0.8904455304615703,36.799687500000005,25.210571937231883,-0.580433766304938,0.431287347221706,2.59375,1.3774835525333868,-0.5780456869891225,0.4306107477632331,2.958265781250002,1.6884671595172192,0.3059810218414357,0.8069792856298135,275.311546875,85.65418939439165,-0.45960729139393075,0.5686881351003892,1.0,0.9995959997177124,0.009919697418808937,1.0648608207702637,0.06365623325109482
104,2.073569592425871,0.9375,0.9293996423482895,0.6907786770343086,0.0,0.0625,0.0,60,0.049516153100912466,0.42318975925445557,1.5,1.0,64,1.0,51,0.796875,0.8887061907332339,37.596875,25.129563072890363,-0.5667959605871892,0.4299014961473914,2.625,1.4947825928876748,-0.5682767239820126,0.4672792273149302,3.102787500000002,1.5975969261743965,0.3750531578895035,0.763549127350056,275.44290625,82.89637630739638,-0.4587351505386509,0.5503780490148453,1.0,0.9983794689178467,0.015285995788872242,1.0837910175323486,0.06342995166778564
105,1.915601437355186,0.875,0.9324421041778156,0.704271317960771,0.0,0.078125,0.0,56,0.045975075585380734,0.40994930267333984,1.5,1.0,61,0.953125,53,0.8688524590163934,0.8956736227630424,32.20032786885246,20.962562567603676,-0.6591168528757234,0.3586149502383527,2.19672131147541,1.1135480457535538,-0.7021595612597815,0.348102709299393,3.17524442622951,1.5918199981437129,0.4096829333269713,0.7607881253198661,267.347,88.3912902526295,-0.5124867050138318,0.5868607054516869,0.953125,0.9967788457870483,0.012627488933503628,1.1478067636489868,0.06073709577322006
106,2.1071898917779572,0.953125,0.9216400326275435,0.711316173005865,0.0,0.015625,0.0,61,0.026970112377350103,0.3614165484905243,1.5,1.0,62,0.96875,44,0.7096774193548387,0.8745934985593197,31.041774193548388,23.877290028608808,-0.6789366944279065,0.4084783598294161,2.064516129032258,0.9310238509459234,-0.7434878024321134,0.29104440187608843,3.2716817741935507,1.3592818622577822,0.4557738162496259,0.6496497725712274,264.0811290322581,57.88927707227908,-0.534169965146876,0.3843471668263743,0.96875,0.9989214539527893,0.001055966247804463,1.0648608207702637,0.052962590008974075
107,2.1137159067475975,0.984375,0.9108128429405273,0.6782707833114441,0.0,0.015625,0.0,63,0.03196519963388368,0.32563647627830505,1.5,1.0,64,1.0,50,0.78125,0.8803242171980424,35.59703125,27.834431166704725,-0.6010080882589786,0.4761747575263999,2.46875,1.262051281644292,-0.6171215390175623,0.39452583307068073,3.0817945312500017,1.4053626644926158,0.3650198618140452,0.6716734481038609,267.0405625,76.74661941473288,-0.5145212508035,0.5095476611104498,1.0,0.9999397397041321,0.00628272257745266,1.0230478048324585,0.050558991730213165
108,1.9314202250105432,0.90625,0.8970983609043318,0.6678665618257656,0.0,0.0625,0.0,58,0.04530744453482036,0.3962826728820801,1.5,1.0,62,0.96875,43,0.6935483870967742,0.8897173139623278,34.60677419354839,27.75549761144067,-0.6179488121746409,0.4748244095953268,2.5483870967741935,1.7931538206048123,-0.5922264397413789,0.5605521068654804,2.726491935483873,1.669992633980124,0.19520795087599002,0.7981496442972942,250.72535483870973,78.91109016258925,-0.622843623407522,0.5239183397868904,0.96875,0.9973170757293701,0.00206611561588943,1.1180338859558105,0.06850510090589523
109,2.018677891213269,0.9375,0.9130354836583138,0.6768972703481014,0.0,0.0625,0.0,60,0.01976808209712217,0.3040240406990051,1.5,1.0,64,1.0,49,0.765625,0.8893436852392277,35.46796875,26.19006981303264,-0.6032160121168502,0.4480440095265195,2.15625,1.1621471238616907,-0.7148111690886617,0.36329511237837014,2.8929346875000017,1.7089125206371834,0.27475693846698385,0.8167508602903178,254.92092187500003,78.2887604637283,-0.5949877857605098,0.5197864751534718,1.0,0.9982042908668518,0.0036157025024294853,1.0837910175323486,0.061053499579429626
110,2.1580095152490157,0.984375,0.9224249767878699,0.6889088210889006,0.0,0.015625,0.0,63,0.027090757051696453,0.3559821546077728,1.5,1.0,64,1.0,50,0.78125,0.8739935974985388,38.78156250000001,30.890931578840316,-0.5465290372332154,0.5284635337514725,2.5,1.334634781503914,-0.6073525760104523,0.41721592987244766,2.973944062500002,1.639896465651224,0.31347423728937246,0.7837656011837789,271.225140625,76.34476494738104,-0.4867383723837326,0.5068796086866761,1.0,0.9986339211463928,0.001010101055726409,1.0230478048324585,0.053487736731767654
111,2.077289168148518,0.953125,0.9212377765139595,0.6513664635445114,0.0,0.046875,0.0,61,0.03254753643818244,0.34800925850868225,1.5,1.0,64,1.0,38,0.59375,0.868565245532714,36.82953125,24.881579119255544,-0.5799232173256966,0.42565913537180106,2.46875,1.39159025488827,-0.6171215390175623,0.43502059907386237,2.784104687500001,1.336128512799398,0.22274316066854308,0.638583952723593,256.534078125,72.52476882380961,-0.5842774769487136,0.4815173177472117,1.0,0.9998652935028076,0.0005224660271778703,1.0648608207702637,0.060726314783096313
112,2.1187045301066236,0.953125,0.9325800152098547,0.7153566557772285,0.0,0.046875,0.0,61,0.03908015156647008,0.3770029842853546,1.5,1.0,64,1.0,56,0.875,0.8825621931612398,31.049999999999997,19.6569689455165,-0.6787959722637246,0.3362796374488808,2.453125,1.4353754680831772,-0.6220060205211173,0.44870815516856544,2.8612684375000015,1.1002557617822601,0.2596224967578055,0.5258518672681829,255.09087500000004,76.9344848733933,-0.5938594074944368,0.5107949656274939,1.0,0.9996994733810425,0.0005333333392627537,1.0648605823516846,0.059493329375982285
113,1.9857166021102732,0.921875,0.9016518744371705,0.6834244742113251,0.0,0.078125,0.0,59,0.049596119281446846,0.4251001179218292,1.5,1.0,64,1.0,48,0.75,0.8949544267911855,39.31421875,28.064361564351476,-0.5374166735147118,0.48010826889193337,2.65625,1.5126420387851185,-0.5585077609749026,0.4728622118365177,2.6467500000000013,1.4958297508124476,0.1570964070601702,0.7149109278972273,261.707390625,76.34982760634952,-0.5499300450400395,0.5069132214510698,1.0,0.9992886781692505,0.0036175709683448076,1.1014959812164307,0.0659315437078476
114,1.923825209439725,0.875,0.9285839327744075,0.7061661703583665,0.0,0.125,0.0,56,0.030799274336983786,0.4168834984302521,1.5,1.0,64,1.0,48,0.75,0.8923652129138955,32.279843750000005,22.809851386804034,-0.6577565428626263,0.3902172596333501,2.21875,1.1655035124357198,-0.6952732430744418,0.36434434232451984,2.6485832812500014,1.5989524960120922,0.15797259821683246,0.7641970030123565,245.63645312500003,83.02936725451609,-0.6566306225693894,0.5512610224483397,1.0,0.9981822371482849,0.0,1.1478067636489868,0.0692933052778244
115,2.0992229866144947,0.96875,0.9073248899752094,0.6872635948275752,0.0,0.03125,0.0,62,0.0319148183660284,0.39247027039527893,1.5,1.0,64,1.0,44,0.6875,0.8749837530983835,37.9621875,21.903399241666662,-0.5605464133962645,0.3747102198869663,2.46875,1.262051281644292,-0.6171215390175623,0.39452583307068073,2.8652506250000016,1.5420660736430405,0.261525727629594,0.7370089323254863,267.3239375,74.34508078188395,-0.5126398250212532,0.4936030057918646,1.0,0.9987929463386536,0.0020942408591508865,1.0446386337280273,0.06212105602025986
116,2.0348857146706805,0.9375,0.9037462145090103,0.6847399155338255,0.0,0.0625,0.0,60,0.0335513591687132,0.39078107476234436,1.5,1.0,64,1.0,45,0.703125,0.8856050555631431,31.17734375,23.73281406105976,-0.6766174517502072,0.4060067516113774,2.40625,1.2589523174052304,-0.6366594650317822,0.3935570757263048,3.035161875000002,1.7758951357245845,0.3427324353660203,0.8487642652109698,254.75125,75.78007638472664,-0.5961142967094194,0.5031304437260481,1.0,0.9986801743507385,0.005211047362536192,1.0837911367416382,0.07220188528299332
117,2.1184647282826994,0.984375,0.9123399690503166,0.6751944098961434,0.0,0.015625,0.0,63,0.043171361522957655,0.42676326632499695,1.5,1.0,64,1.0,49,0.765625,0.879423489883518,32.242031250000004,22.709089671022117,-0.6584034164384193,0.38849348862135996,2.296875,1.354156650603984,-0.6708508355566669,0.4233185992186309,3.1724500000000018,1.6325265143243097,0.4083473763576083,0.7802432359287624,275.45325,66.73348425055264,-0.4586664747629645,0.44306695300630383,1.0,0.9997057914733887,0.0019351717783138156,1.0230478048324585,0.06940164417028427
118,2.0584044453117003,0.9375,0.9387141227722168,0.6671503433422248,0.0,0.0625,0.0,60,0.02724860415451353,0.3540038764476776,1.5,1.0,64,1.0,52,0.8125,0.8784818239493977,25.352343750000003,20.08494918015318,-0.7762680587979693,0.3436012666653596,2.171875,1.3869333020643062,-0.7099266875851067,0.4335648038782413,3.2124557812500023,1.5409378781887657,0.4274675804979239,0.7364697270725977,270.40046875,93.71547088027428,-0.4922136575271605,0.6222098036508601,1.0,0.9989009499549866,0.0014499758835881948,1.0837910175323486,0.06415361166000366
119,1.9900710178379954,0.90625,0.9272374305231817,0.7070482617519809,0.0,0.09375,0.0,58,0.032959421415995345,0.41301774978637695,1.5,0.984375,64,0.984375,50,0.78125,0.8923669040776029,26.8040625,15.628053873438425,-0.7514329249438718,0.26735537432845863,2.0625,0.9662265521087692,-0.7441180581099914,0.3020490062092144,3.043645468750002,1.5451777134240205,0.3467870504560208,0.7384960970792921,251.657375,72.87980838071253,-0.6166556154286054,0.4838745495992618,1.0,0.9994528889656067,0.017151767387986183,1.118033766746521,0.05847455561161041
120,2.087820458750155,0.953125,0.9386856888161331,0.6800515782226381,0.0,0.046875,0.0,61,0.04042726161738021,0.3975709080696106,1.5,1.0,64,1.0,45,0.703125,0.889304946335286,30.981250000000003,24.742519987109237,-0.6799721060378933,0.42328019512563547,2.15625,1.277433339748106,-0.7148111690886617,0.3993343692815407,3.250924062500002,1.3535462094551394,0.44585295799700864,0.6469084974595333,262.04014062500005,67.21086450117907,-0.5477208013557247,0.44623644753286434,1.0,0.999858021736145,0.011928429827094078,1.0648607015609741,0.06184782460331917
121,2.0263841978889596,0.9375,0.9240527470906575,0.6846289367219778,0.0,0.0625,0.0,60,0.0383025501413903,0.3922857940196991,1.5,1.0,64,1.0,51,0.796875,0.8914990517232046,33.06046875,23.30413914614255,-0.6444020784632,0.39867323822122325,2.375,1.352081728298996,-0.6464284280388921,0.42266996436294924,3.037481406250002,1.3820714751662952,0.3438410229157222,0.6605417496174082,260.9933125,78.72373577420026,-0.5546710595787729,0.5226744284442096,1.0,0.9984973073005676,0.00386286829598248,1.0837910175323486,0.06442920863628387
122,2.0330052945148647,0.953125,0.9007499388983993,0.6903437303915393,0.0,0.046875,0.0,61,0.034325450426440196,0.3619125187397003,1.5,1.0,64,1.0,47,0.734375,0.8874889714842302,31.71109375,26.499321460486698,-0.6674863768125688,0.45333450126889163,2.125,1.192424001771182,-0.7245801320957717,0.3727598707869655,2.907093906250002,1.238669806441342,0.28152413921918473,0.592004925828147,247.876640625,65.86196975573407,-0.6417572338810178,0.43728066331895105,1.0,0.999334990978241,0.0053705694153904915,1.0648608207702637,0.061440084129571915
123,2.0484585000440703,0.953125,0.9019417342592458,0.6792520069228403,0.0,0.046875,0.0,61,0.027383284935390568,0.33038529753685,1.5,1.0,64,1.0,42,0.65625,0.876478883696155,29.3034375,21.085247228420013,-0.7086751161902236,0.3607137658479315,2.09375,1.2713028504254995,-0.7343490951028816,0.3974179365324839,3.202609843750002,1.2238219985912644,0.4227618522488901,0.5849086235373461,248.035484375,65.72957406939062,-0.6407026146429099,0.43640164203004117,1.0,1.0002957582473755,0.001700680237263441,1.0648607015609741,0.06817469000816345
124,2.1188773879492553,0.96875,0.9277416506121235,0.67383145063026,0.0,0.03125,0.0,62,0.022531767122204154,0.34078341722488403,1.5,0.96875,64,0.96875,39,0.609375,0.8717620769761761,32.818125,26.49971172455231,-0.6485479500171452,0.45334117767250487,2.328125,1.2631147946148837,-0.661081872549557,0.3948582944744341,3.036288281250002,1.6985803686190384,0.3432707854937266,0.8118127526063015,255.29142187500003,71.48747128601558,-0.5925279066168928,0.4746303364275223,1.0,0.9979156851768494,0.0005299416952766478,1.0446386337280273,0.061772920191287994
125,2.057902340929815,0.96875,0.8845565222924755,0.6832849255841635,0.0,0.03125,0.0,62,0.04113919625048563,0.4667312800884247,1.5,1.0,64,1.0,42,0.65625,0.8937088817255553,39.791875000000005,29.664435507596888,-0.529245216815543,0.5074813744311114,2.546875,1.4244482210227931,-0.5926991314997875,0.44529222325488726,3.008084062500002,1.487089330234065,0.329790973244888,0.71073356601329,269.54475,75.9718510932257,-0.4978950737374901,0.5044037031206772,1.0,0.9989029765129089,0.0010005002841353416,1.0446386337280273,0.05994700640439987
126,2.1087994149580807,0.953125,0.9345613815745369,0.7053379674667398,0.0,0.046875,0.0,61,0.025810449239767386,0.32422909140586853,1.5,1.0,64,1.0,50,0.78125,0.88680676386481,25.78859375,21.184811250279314,-0.7688049553946069,0.3624170474304888,1.90625,1.1418016191528193,-0.7929628731455411,0.3569349689267879,3.374059531250002,1.4114795903340127,0.5047038346915719,0.6745969473368294,253.14104687500003,68.88921108595076,-0.6068049986909971,0.45737957778830535,1.0,1.0002299547195435,0.0056526209227740765,1.0648607015609741,0.059461429715156555
127,2.0774900325834924,0.953125,0.9170372095264372,0.6949435107267297,0.0,0.046875,0.0,61,0.032250957552508876,0.33617815375328064,1.5,1.0,64,1.0,48,0.75,0.8750657142398035,31.465468750000003,25.71052386242399,-0.6716883820239177,0.4398402249624941,2.21875,1.316585902058806,-0.6952732430744418,0.4115737271326382,3.1011548437500016,1.4345158346546683,0.37427285264822113,0.6856067984202178,259.20681250000007,74.87196703266082,-0.5665322582024486,0.49710118797633057,1.0,0.9991947412490845,0.004670472349971533,1.0648607015609741,0.06483720988035202
128,2.1718003007830564,1.0,0.9248876532074064,0.6886645196256451,0.0,0.0,0.0,64,0.03431238231844114,0.3752174377441406,1.5,1.0,64,1.0,53,0.828125,0.8821741366105322,33.805156249999996,32.14695776781352,-0.6316624112639072,0.549950876618265,2.1875,1.589762167747113,-0.7050422060815518,0.49697048981838243,3.163204375000002,1.440498251090005,0.40392855907967307,0.6884660107620845,268.996390625,72.61395835870192,-0.5015358235074481,0.4821094782781442,1.0,0.9997707605361938,0.004970178939402103,0.9999998807907104,0.06543737649917603
129,2.106420169291929,0.953125,0.9432620591804629,0.6802080854928458,0.0,0.03125,0.0,61,0.03717592767906214,0.327973335981369,1.5,1.0,63,0.984375,48,0.7619047619047619,0.8747628782739705,31.201269841269845,28.476973850066024,-0.6762081385280062,0.4871669924536191,2.142857142857143,1.2325884862423604,-0.7189978675202803,0.38531556240292014,3.475789365079368,1.610209104599806,0.5533241872806824,0.769576941796197,277.0115396825397,69.03117333192131,-0.4483204442911883,0.4583221148140651,0.984375,0.9986637830734253,0.0029339853208512068,1.0648607015609741,0.056632254272699356
130,2.0935640415048824,0.984375,0.9038751106413584,0.6833168471501477,0.0,0.015625,0.0,63,0.02716758578893618,0.2960909903049469,1.5,1.0,64,1.0,55,0.859375,0.8789933742999819,36.329375,30.369532063144717,-0.5884795905327752,0.519543743493365,2.453125,1.4462201541864226,-0.6220060205211173,0.45209827796428775,3.002397031250002,1.7568423860755136,0.3270729361248817,0.8396582697437632,266.60343750000004,63.60099356212802,-0.5174234766352236,0.42226925121944675,1.0,0.9997267723083496,0.015720080584287643,1.0230478048324585,0.0715765506029129
131,2.0742471629946064,0.953125,0.9135668443851783,0.7188281687417487,0.0,0.046875,0.0,61,0.03432093006934779,0.31635233759880066,1.5,1.0,64,1.0,50,0.78125,0.8780534856510411,31.8328125,24.756773850096945,-0.6654040854260289,0.4235240416663223,2.1875,1.2358574958303243,-0.7050422060815518,0.3863374770824308,3.0852306250000012,1.5581320691775822,0.36666209480868905,0.7446874503981168,254.03298437499998,63.181731634451765,-0.6008831135259232,0.4194856245754427,1.0,1.0000535249710083,0.002680965233594179,1.0648607015609741,0.05541151389479637
132,2.1416958174710192,0.984375,0.9236621875611563,0.7104049909346734,0.0,0.015625,0.0,63,0.040081783965023585,0.4287276864051819,1.5,1.0,64,1.0,48,0.75,0.8840686444531227,32.36828125,27.582807742929262,-0.6562436071440364,0.4718701348780461,2.375,1.4737282653189494,-0.6464284280388921,0.4606975010058597,3.1325654687500015,1.3741496812653484,0.3892851219605444,0.6567556389151304,263.43843749999996,68.66967839339536,-0.5384370191171355,0.455922023424583,1.0,0.9992513656616211,0.0046753245405852795,1.0230478048324585,0.05221938341856003
133,2.0029511937522857,0.9375,0.9197965413331985,0.6823633425007907,0.0,0.0625,0.0,60,0.02987091846453873,0.3490527272224426,1.5,1.0,64,1.0,54,0.84375,0.8962421920019822,27.38390625,20.958273472037504,-0.7415133057712795,0.35854157496335615,2.078125,1.2538028092068545,-0.7392335766064365,0.39194730436327296,3.312005000000002,1.2863383342226216,0.475045738579986,0.6147874326001241,257.652859375,72.69857717161392,-0.5768494967512916,0.48267129218648397,1.0,0.9988203644752502,0.0010718113044276834,1.083790898323059,0.05553184077143669
134,2.03910460914037,0.953125,0.9128243737533445,0.6868880174951388,0.0,0.046875,0.0,61,0.016451771818639754,0.3481893241405487,1.5,1.0,64,1.0,52,0.8125,0.8766149198843577,29.59671875,24.065931771820065,-0.7036578364308714,0.4117055296535448,2.21875,1.2926323674966522,-0.6952732430744418,0.40408568895576746,3.421210000000002,1.4025044952958277,0.5272387423884828,0.6703074260739786,262.758078125,68.31203824187598,-0.5429541630759123,0.4535475253148864,1.0,0.9990643858909607,0.0,1.0648607015609741,0.05681903287768364
135,1.9233417319598498,0.90625,0.9193591958489912,0.6525501421455729,0.0,0.09375,0.0,58,0.01930626968642489,0.32824379205703735,1.5,1.0,64,1.0,45,0.703125,0.8915600874043519,30.0684375,20.484424206176598,-0.69558795492129,0.3504352458659869,2.171875,1.2190504437368455,-0.7099266875851067,0.38108347803731835,3.1626467187500014,1.6220887881091937,0.4036620350672183,0.7752546705325113,256.67434375,83.05608076779713,-0.583346204383251,0.5514383828104794,1.0,0.9988781809806824,0.0059685297310352325,1.1180340051651,0.06216966360807419
136,1.8367118739484567,0.859375,0.9176949116316708,0.6886567826702383,0.0,0.140625,0.0,55,0.027569567691785507,0.3109985888004303,1.5,1.0,64,1.0,49,0.765625,0.9003844618178266,34.27265625,22.74327780096431,-0.6236647015995589,0.3890783586475518,2.296875,1.220651561410954,-0.6708508355566669,0.38158399833582707,2.515443281250001,1.488010130827047,0.09434019560648246,0.71117364979019,236.38464062500003,85.80632614632928,-0.7180566431075975,0.5696982242314798,1.0,0.9980441927909851,0.0016863406635820866,1.1611262559890747,0.05815314128994942
137,1.976603773820063,0.921875,0.9168278802249391,0.6856252797424803,0.0,0.078125,0.0,59,0.01828092973587478,0.35310500860214233,1.5,1.0,64,1.0,54,0.84375,0.8928945679766411,28.872187500000003,22.11545319939982,-0.7160526825918283,0.3783379118380375,2.265625,1.277719984728657,-0.6806197985637769,0.39942397645629846,3.0490406250000017,1.4039632135993587,0.3493655899981999,0.6710046001042128,250.05459375,71.8828403286206,-0.6272970409850306,0.47725532984705255,1.0,0.9989244937896729,0.002133333357051015,1.1014958620071411,0.05226408317685127
138,1.9621333339001714,0.890625,0.9340324590080663,0.701920834679386,0.0,0.109375,0.0,57,0.020218731214483428,0.3614702522754669,1.5,0.984375,64,0.984375,46,0.71875,0.8797170111099059,31.610312500000003,24.147700004914416,-0.6692104820042482,0.4131043715531285,2.28125,1.3284007066770176,-0.6757353170602219,0.4152671155886875,3.032713750000002,1.680176808960985,0.34156238823037016,0.8030170284240509,257.4683125,91.71879428497658,-0.5780747680301908,0.608953169066997,1.0,0.9990768432617188,0.0,1.133455514907837,0.05267966911196709
139,2.0824733549931187,0.953125,0.9243618650514571,0.6791536723073011,0.0,0.046875,0.0,61,0.03799332164641016,0.41731739044189453,1.5,1.0,64,1.0,48,0.75,0.8763823842424945,31.137968750000006,23.87900406081718,-0.6772910556390492,0.40850768246462016,2.375,1.375,-0.6464284280388921,0.4298343723128373,3.213942343750002,1.5200879820977302,0.4281780622727882,0.7265048105753111,264.21195312500004,79.80333243637722,-0.5333013782178112,0.529842248451788,1.0,0.997763454914093,0.00525486096739769,1.0648608207702637,0.05237230658531189
140,2.140747182350272,0.984375,0.9166349957859705,0.6958712574012944,0.0,0.015625,0.0,63,0.029307109339317232,0.3692072629928589,1.5,1.0,64,1.0,43,0.671875,0.8751599310953432,28.30515625,17.811403562060626,-0.7257531131974166,0.3047068115591445,2.140625,1.1020887484113973,-0.7196956505922166,0.344520454841057,3.2738076562500025,1.4089402949122165,0.45678985187316695,0.6733833265720227,261.0383125,66.93120828761309,-0.5543722888325846,0.4443797120750131,1.0,0.9977225661277771,0.00752283725887537,1.0230478048324585,0.06213384494185448
141,2.096849373262928,0.96875,0.8890118537650954,0.716433212099855,0.0,0.03125,0.0,62,0.03883043364354377,0.46374770998954773,1.5,0.984375,64,0.984375,49,0.765625,0.885441125649491,29.247500000000002,29.41760065207562,-0.7096320613973882,0.5032586717369928,2.1875,1.5799030824705673,-0.7050422060815518,0.49388847255916585,3.113231250000002,1.262758741548763,0.3800446022695683,0.6035178957636286,256.940515625,73.90016485921065,-0.5815789961675156,0.49064905329834985,1.0,0.9981979727745056,0.0021186440717428923,1.0446386337280273,0.0698404535651207
142,2.0665902017979936,0.9375,0.9329001734654109,0.6931549534570997,0.0,0.0625,0.0,60,0.0264099008896204,0.34626781940460205,1.5,1.0,64,1.0,48,0.75,0.878193167617017,25.731718750000002,23.160589340696806,-0.7697779387896012,0.3962174742290762,1.90625,1.1554050967085094,-0.7929628731455411,0.3611875087350947,2.950132656250002,1.417752645874849,0.30209390839333367,0.6775950665780159,238.33246875,63.445233088509305,-0.705124330610868,0.4212351029321199,1.0,0.9960860013961792,0.009836065582931042,1.0837912559509277,0.060479357838630676
143,2.073379142092712,0.953125,0.92633469573787,0.6719614793433546,0.0,0.046875,0.0,61,0.027426444147132335,0.2933603525161743,1.5,1.0,64,1.0,43,0.671875,0.8722513487918848,39.036093750000006,25.640411013256223,-0.5421746692374857,0.43864077638199345,2.40625,1.2082884330738253,-0.6366594650317822,0.377719200147745,2.8101981250000017,1.7200277476503438,0.2352141545132782,0.8220632277261513,257.06950000000006,78.98225547967249,-0.5807226237682844,0.524390831228839,1.0,1.0000323057174683,0.007903056219220161,1.0648608207702637,0.06607995927333832
144,2.069685797033411,0.953125,0.9084900871652072,0.6990374894694962,0.0,0.046875,0.0,61,0.03610922965619398,0.419230580329895,1.5,0.984375,64,0.984375,50,0.78125,0.8711308044171736,31.27671875,24.56480816474858,-0.6749174038402721,0.42024000783330867,2.296875,1.1816260975346644,-0.6708508355566669,0.3693843723216581,3.216747031250002,1.6096731701446039,0.429518523473,0.7693207994120437,262.89134375000003,71.46107149552189,-0.5420693659598564,0.4744550589807442,1.0,0.9989919662475586,0.0005096839740872383,1.0648607015609741,0.0684286504983902
145,2.1079604240716874,0.96875,0.923550876878923,0.6699393397086999,0.0,0.03125,0.0,62,0.04629023583117385,0.3726891875267029,1.5,1.0,64,1.0,53,0.828125,0.8885840017257064,31.7259375,23.87638927363377,-0.6672324388386006,0.4084629502534394,2.40625,1.2464794171986957,-0.6366594650317822,0.3896579621036164,2.8052701562500015,1.3919030053968529,0.23285890070862725,0.6652405921133273,253.70600000000002,70.06369785282892,-0.6030540772083823,0.465177406404494,1.0,0.9998583793640137,0.0015982951736077666,1.0446385145187378,0.06907141953706741
146,2.0533393100890414,0.9375,0.9282456874847412,0.6946271726248422,0.0,0.046875,0.0,60,0.04508391276738893,0.3169752359390259,1.5,1.0,63,0.984375,45,0.7142857142857143,0.8896750435754561,29.51920634920635,19.097757310499926,-0.7049838721034579,0.32671298012740896,2.0476190476190474,1.0454523047666737,-0.7487699452562344,0.32681551651083074,3.207085873015875,1.245354008304002,0.42490110789213575,0.5951995467088262,253.73323809523808,68.34740370046332,-0.6028732339630707,0.4537823289693626,0.984375,0.9976813793182373,0.0015723269898444414,1.083790898323059,0.06448196619749069
147,2.0835553474182937,0.953125,0.9132726309729404,0.6962381513896156,0.0,0.046875,0.0,61,0.047097952700334386,0.386577308177948,1.5,1.0,64,1.0,48,0.75,0.8885328054478813,39.5771875,26.719841320914387,-0.5329179618285158,0.4571070228066954,2.46875,1.4466421248878383,-0.6171215390175623,0.4522301888817986,2.8852201562500017,1.3252175510912507,0.27106988605260707,0.633369211036054,267.16704687500004,85.91108513901705,-0.5136814767790574,0.5703937558407077,1.0,0.9991082549095154,0.0,1.0648608207702637,0.0637299045920372
148,2.0559961437803995,0.9375,0.9262788832187653,0.6876796134116959,0.0,0.0625,0.0,60,0.04692011213526349,0.3910875916481018,1.5,1.0,64,1.0,45,0.703125,0.8769457773033305,31.221875,22.407395324632784,-0.6758556378283024,0.3833322826538793,2.0625,1.2231491119238078,-0.7441180581099914,0.38236474965001765,3.2750490625000017,1.5469600087689328,0.4573831646439568,0.7393479202350529,256.6200625,78.07186423715555,-0.5837065965958405,0.5183464252099481,1.0,0.9993553757667542,0.00554994959384203,1.0837911367416382,0.06310393661260605
149,2.0416685883424397,0.9375,0.9255564679702123,0.6827661158465236,0.0,0.0625,0.0,60,0.028056871481657558,0.2967170178890228,1.5,1.0,64,1.0,40,0.625,0.8860917983864429,27.04453125,18.286005999268223,-0.7473191297655857,0.3128260254602749,2.078125,1.0651391854471415,-0.7392335766064365,0.3329697696018028,3.2508603125000013,1.5129267876629167,0.4458224895752988,0.7230822177598759,257.331265625,82.60462474875469,-0.5789846701881136,0.5484410083286902,1.0,0.9969625473022461,0.005197505000978708,1.0837911367416382,0.06277452409267426
150,2.184232949212126,0.984375,0.9417522417174445,0.7067116715961409,0.0,0.015625,0.0,63,0.02685789754796271,0.28938615322113037,1.5,1.0,64,1.0,47,0.734375,0.8687067922030632,30.751875000000002,26.601419303946454,-0.6838961159935295,0.45508112995198724,2.21875,1.2804875780342424,-0.6952732430744418,0.40028914498817003,2.9866729687500015,1.2541162193386934,0.3195578401682171,0.5993873230368745,260.784859375,77.66150190145441,-0.556055052816585,0.5156218860711701,1.0,0.9998321533203125,0.031866464763879776,1.0230478048324585,0.06424609571695328
151,2.0058202486152097,0.921875,0.9259977007316331,0.6733861696027648,0.0,0.078125,0.0,59,0.04438491423105012,0.3623822033405304,1.5,1.0,64,1.0,46,0.71875,0.8930264638011778,32.01578125,22.35361050288406,-0.6622739657679568,0.3824121641753873,2.390625,1.2822975900215208,-0.6415439465353372,0.4008549670728468,2.865441875000002,1.4900317986014135,0.26161713289472277,0.7121398776538137,256.755921875,75.04632869336966,-0.5828045786659422,0.4982588360535886,1.0,0.9995184540748596,0.0004911591531708837,1.1014959812164307,0.07342579960823059
152,2.1353915185691674,0.96875,0.9396057551906954,0.6901505894541251,0.0,0.03125,0.0,62,0.05601130477203187,0.39783337712287903,1.5,1.0,64,1.0,44,0.6875,0.890371772013986,41.208593750000006,26.285295429858895,-0.5050088419737495,0.4496730722772893,2.609375,1.1939585877973322,-0.5731612054855676,0.37323959283882757,2.579921406250001,1.4258742467450765,0.12515661448556054,0.681476672229322,263.76871874999995,64.71838952301079,-0.5362441663279243,0.4296880339976857,1.0,0.9989140629768372,0.0004826254735235125,1.0446385145187378,0.0797063484787941
153,1.9956061203881026,0.921875,0.9248012203281208,0.6506583524796411,0.0,0.0625,0.0,59,0.061198347036934546,0.47966906428337097,1.5,1.0,63,0.984375,42,0.6666666666666666,0.900350764355301,42.08031746031747,33.14627484962911,-0.4900959154654126,0.5670465940150241,2.6825396825396823,1.6409965693104869,-0.5502894270165404,0.5129867129724309,2.2059238095238096,1.4792546128043509,-0.05359031093267767,0.7069890722937023,251.8095238095238,83.80473312065399,-0.6156454462429812,0.5564089477460057,0.984375,0.9978571534156799,0.0009610764100216329,1.1014959812164307,0.08656682819128036
154,2.07585149457248,0.9375,0.9349096685647964,0.6723145771440157,0.0,0.0625,0.0,60,0.04537583715561621,0.3676632046699524,1.5,1.0,64,1.0,43,0.671875,0.8763491736059146,36.002187500000005,25.23708930254921,-0.594076918085297,0.43174099040645775,2.515625,1.286858911992686,-0.6024680945068974,0.4022808674120414,2.370484218750001,1.4284183149157998,0.02505903722418676,0.6826925740627878,242.6889375,70.32173601158888,-0.6762002101845664,0.466890612032,1.0,0.9976165890693665,0.01325178425759077,1.0837911367416382,0.07525239884853363
155,2.1058188703842875,0.953125,0.9177150394095749,0.7158831216162234,0.0,0.046875,0.0,61,0.0387677722324532,0.3522680997848511,1.5,1.0,64,1.0,50,0.78125,0.8695546146789018,30.894375000000004,20.760997377519583,-0.6814583114434339,0.35516669383464844,2.28125,1.0964252995530521,-0.6757353170602219,0.34275002212458233,2.698287968750001,1.3850070034797892,0.18172825907473847,0.6619447443561669,247.333203125,65.5172808177783,-0.6453653056006112,0.434992152847931,1.0,0.9994843602180481,0.02152852527797222,1.0648605823516846,0.06867072731256485
156,2.0922247641896963,0.953125,0.9286493805588268,0.6982836675670696,0.0,0.046875,0.0,61,0.0279020356624121,0.34784677624702454,1.5,1.0,64,1.0,47,0.734375,0.874135766108174,35.216406250000006,23.84199592939863,-0.6075195925177861,0.4078745695441804,2.5,1.299038105676658,-0.6073525760104523,0.4060881663738061,2.608660468750001,1.4242955399813346,0.13889204783124187,0.6807221513911508,252.41584375000002,74.76546838222235,-0.6116198759975382,0.4963941061705628,1.0,0.9981204271316528,0.0025813113898038864,1.0648609399795532,0.06937867403030396
157,2.1476954255737475,0.984375,0.9248869532630557,0.6994125446268196,0.0,0.015625,0.0,63,0.03473704399151934,0.31075409054756165,1.5,1.0,64,1.0,46,0.71875,0.8760740179915547,39.59140625,26.761473758183815,-0.5326747159797673,0.4578192455786742,2.578125,1.1292238415721658,-0.5829301684926775,0.35300306992208197,2.8044685937500016,1.4661349219246804,0.23247580511213214,0.7007186993616118,272.6576875,65.14279240250683,-0.47722719241054384,0.43250579321971905,1.0,0.9990262985229492,0.005516549572348595,1.0230478048324585,0.0741463452577591
158,2.1402879252602958,0.96875,0.9347135914910224,0.6908084482189238,0.0,0.03125,0.0,62,0.04901401589732253,0.37251946330070496,1.5,1.0,64,1.0,46,0.71875,0.8799532664527917,35.8665625,26.543602643736847,-0.5963971092579756,0.45409203719879215,2.40625,1.2082884330738253,-0.6366594650317822,0.377719200147745,2.7980331250000017,1.5924637035540603,0.2294000627470554,0.7610957753261278,262.80682812500004,63.0826231834476,-0.5426304947675413,0.4188276088896631,1.0,0.9993597269058228,0.0052083334885537624,1.0446386337280273,0.06581021100282669
159,2.017895395343131,0.921875,0.9281856993497428,0.6547338070057609,0.0,0.0625,0.0,59,0.037702078949257145,0.3897522985935211,1.5,1.0,63,0.984375,44,0.6984126984126984,0.8694916739347148,41.95095238095239,27.904735600507678,-0.49230901566962065,0.4773774836219559,2.7777777777777777,1.5980587871305674,-0.5205173492805862,0.4995640695892956,2.4826961904761924,1.4268268130314525,0.0786891811522489,0.6819319379755119,261.5541111111112,78.9498993642334,-0.550947721367594,0.5241760076565392,0.984375,0.99824059009552,0.005847953259944916,1.1014959812164307,0.06768759340047836
160,1.9670781393352135,0.890625,0.9371214885460702,0.6832334923859954,0.0,0.09375,0.0,57,0.03278095286822824,0.3659059405326843,1.5,1.0,63,0.984375,46,0.7301587301587301,0.8938054899402409,32.9431746031746,24.26698369922398,-0.6464086763918352,0.4151450054670938,2.3333333333333335,1.3569339855976197,-0.659453712048372,0.4241868130685887,2.837812063492065,1.2041623552760645,0.24841185056093035,0.5755125717226497,248.10038095238096,81.99580021696208,-0.6402717435573727,0.5443988092251029,0.984375,0.9998476505279541,0.002175095258280635,1.133455753326416,0.06932784616947174
161,2.0518166827136772,0.96875,0.904825268733886,0.6520210213702188,0.0,0.03125,0.0,62,0.03053295893739138,0.3059443235397339,1.5,1.0,64,1.0,52,0.8125,0.879763153621087,39.326249999999995,28.844289160724692,-0.5372108501042323,0.49345080252830986,2.703125,1.6170931433825944,-0.5438543164642378,0.5055143390961822,2.6775259375000013,1.539394834022367,0.17180533635047338,0.7357322506745068,274.76759375000006,86.31446562293294,-0.4632187865283238,0.5730719400224267,1.0,1.0002130270004272,0.0023934897035360336,1.0446386337280273,0.0623151920735836
162,2.1618118479048625,0.984375,0.9411920346910991,0.6878875040799609,0.0,0.015625,0.0,63,0.03786952657192452,0.3508538603782654,1.5,1.0,64,1.0,49,0.765625,0.8747905243084657,37.5165625,28.603433973189194,-0.5681698986779228,0.4893303964083931,2.65625,1.4813291118114165,-0.5585077609749026,0.46307357742850397,3.095602812500002,1.6317930575859936,0.3716193368918352,0.7798926905294098,279.28339062500004,66.83319421085262,-0.43323683092879944,0.4437289623227757,1.0,1.000407338142395,0.00048638132284395397,1.023047924041748,0.054657936096191406
163,2.0024925819847637,0.921875,0.933361557580657,0.6752761860522842,0.0,0.0625,0.0,59,0.023310670324329347,0.3096507489681244,1.5,1.0,63,0.984375,44,0.6984126984126984,0.8911722461453568,37.63444444444443,29.83795355433086,-0.566153245060093,0.5104498171248079,2.7142857142857144,1.7586843154875609,-0.5403654011045556,0.5497767046138382,2.6450380952380956,1.2538610907859176,0.15627822609997674,0.5992653879100334,257.44928571428574,77.10066689506911,-0.5782010935183113,0.5118983062190309,0.984375,0.9990108609199524,0.0031595577020198107,1.1014958620071411,0.0712001770734787
164,1.9839622745880299,0.9375,0.9009215782086054,0.6723788519086622,0.0,0.03125,0.0,60,0.03971640858382555,0.3994002938270569,1.5,1.0,62,0.96875,43,0.6935483870967742,0.8948293127744712,39.55967741935484,28.747520676698922,-0.5332175137883005,0.4917953453306687,2.6451612903225805,1.5460331569447432,-0.561974167203232,0.48330050297467486,2.791026129032259,1.4703990457831029,0.22605116693431324,0.7027566777763598,268.82112903225806,87.15489483533071,-0.502699446548374,0.5786518436425719,0.96875,0.9981188774108887,0.007392804138362408,1.0837910175323486,0.06942407041788101
165,2.025711886155033,0.921875,0.9382527460486202,0.7087661515350425,0.0,0.078125,0.0,59,0.03284062930539528,0.29072684049606323,1.5,0.984375,64,0.984375,44,0.6875,0.8781000253400387,36.38390625000001,23.905589214213297,-0.5875467026073546,0.40896248532717483,2.4375,1.3792547806696194,-0.6268905020246722,0.43116444575171337,2.7696600000000013,1.4200060731186166,0.21583952411618715,0.6786720606416223,252.01890625000001,68.52903655744196,-0.614255282954541,0.4549882530629587,1.0,0.998711347579956,0.001617250731214881,1.1014959812164307,0.08091115951538086
166,2.018491431096309,0.921875,0.9304900997776097,0.7173436510037293,0.0,0.0625,0.0,59,0.031202940245640166,0.3202982544898987,1.5,1.0,63,0.984375,46,0.7301587301587301,0.8910196402815185,35.97761904761905,28.217930059994625,-0.5944972204361958,0.48273542662828556,2.4761904761904763,1.4238015607358145,-0.6147955954444408,0.4450900728413941,2.8688826984127,1.3831783689739674,0.2632616263655648,0.6610707740459548,252.517253968254,66.63286797092515,-0.6109465780735635,0.44239892631868166,0.984375,0.998538076877594,0.005321979988366365,1.1014958620071411,0.07499100267887115
167,1.9982876652990587,0.921875,0.9193990008305695,0.6812663612366363,0.0,0.078125,0.0,59,0.03893362384257118,0.29710403084754944,1.5,1.0,64,1.0,45,0.703125,0.8941548809606339,35.88296875,25.82379835537413,-0.596116440970958,0.44177805706301065,2.5,1.3228756555322954,-0.6073525760104523,0.4135399469408417,2.454584375000001,1.3872403550573391,0.06525353175695915,0.6630121435356254,238.54110937500002,70.44119620495464,-0.7037390924949469,0.46768375005670415,1.0,0.9982896447181702,0.0005790388095192611,1.1014961004257202,0.0739365965127945
168,2.06943175658646,0.9375,0.9279457738002141,0.7027990361573988,0.0,0.0625,0.0,60,0.03738988242357057,0.32610803842544556,1.5,1.0,64,1.0,44,0.6875,0.8903331550803187,37.1615625,27.33327386279576,-0.5742430258027219,0.4676012588893273,2.46875,1.3342688775130747,-0.6171215390175623,0.4171015457908265,2.469188593750001,1.4942335607750425,0.07223341404109337,0.7141480511727059,242.10434375000003,67.09407973957605,-0.6800815326491113,0.4454610726358075,1.0,0.9989031553268433,0.0011098779505118728,1.0837910175323486,0.06566309928894043
169,2.162352065571298,0.984375,0.9256878164079454,0.6787824162930598,0.0,0.015625,0.0,63,0.05197279875811584,0.43899232149124146,1.5,1.0,64,1.0,43,0.671875,0.8774746306881976,35.33453125,23.236003174605425,-0.6054987808512597,0.397507608877796,2.484375,1.380581710502859,-0.6122370575140074,0.4315792530622397,2.7106995312500013,1.4970932910711,0.18766019194257327,0.7155148193081703,248.86376562500004,70.21168503838551,-0.6352033655958811,0.466159945112384,1.0,0.9989422559738159,0.010940918698906898,1.0230478048324585,0.058586571365594864
170,2.0579997944227504,0.9375,0.928456882139047,0.701347057755716,0.0,0.0625,0.0,60,0.04885296245200288,0.3934549391269684,1.5,1.0,64,1.0,46,0.71875,0.87895733372879,34.52015625,23.83546540164647,-0.6194306200125509,0.40776284919141725,2.53125,1.5508943992096949,-0.5975836130033424,0.484820160442032,2.9698754687500015,1.3286666536030245,0.3115297097577668,0.6350176613866141,264.81221875000006,82.24219001607179,-0.5293160046913123,0.5460346773169518,1.0,0.9981944561004639,0.005750130861997604,1.0837911367416382,0.071877121925354
171,2.100097353677775,0.96875,0.9234316228858886,0.6922038923129076,0.0,0.03125,0.0,62,0.03920092620335695,0.3272607922554016,1.5,1.0,64,1.0,46,0.71875,0.8804062325862937,32.1728125,23.219106522750693,-0.659587569306503,0.3972185510899164,2.1875,1.1439378261076953,-0.7050422060815518,0.35760276178175476,3.4130762500000023,1.6947473759406793,0.5233513302303641,0.8099808273147898,269.90140625000004,72.46730246650876,-0.49552710809426276,0.4811357784927339,1.0,0.9989610314369202,0.004511278122663498,1.0446386337280273,0.06399892270565033
172,2.0707642776037116,0.953125,0.9241617918014526,0.6738879908448675,0.0,0.046875,0.0,61,0.0322375705608844,0.3666972219944,1.5,1.0,64,1.0,49,0.765625,0.8775125912690093,35.31953125,26.534800641662514,-0.6057553918565329,0.4539414578254114,2.59375,1.5280578972997063,-0.5780456869891225,0.4776813142861769,3.203000000000002,1.579420285967293,0.4229483219768527,0.7548618561485997,274.136953125,86.22325519063686,-0.4674058303085002,0.5724663620464876,1.0,0.9996525645256042,0.007014028262346983,1.0648605823516846,0.07028211653232574
173,2.061703165681891,0.9375,0.9416638135910034,0.6837303127285858,0.0,0.0625,0.0,60,0.04625545631841327,0.3637084662914276,1.5,1.0,64,1.0,53,0.828125,0.8799048195179386,31.20265625,19.74680237106342,-0.6761844206788086,0.33781645382466285,2.265625,1.0037770466468139,-0.6806197985637769,0.3137875467545213,3.3731029687500023,1.5176513220677545,0.5042466590109204,0.725340242961882,271.220265625,74.40482026350897,-0.4867707392145694,0.4939996371141315,1.0,0.998556911945343,0.004997501149773598,1.083790898323059,0.06645217537879944
174,1.940277865150351,0.90625,0.92532410806623,0.6620139805908265,0.0,0.09375,0.0,58,0.03392506085092453,0.3405994176864624,1.5,1.0,64,1.0,49,0.765625,0.900110075525075,36.69078125,22.903910167308737,-0.5822968691244738,0.3918263608480223,2.625,1.2562344526401112,-0.5682767239820126,0.39270745267514395,3.146298906250002,1.4423450650916099,0.3958488265138274,0.6893486697082806,274.50573437500003,82.20225612271129,-0.4649573625475497,0.5457695422254513,1.0,0.9986616373062134,0.00047915667528286576,1.1180338859558105,0.07149258255958557
175,2.061793005356202,0.953125,0.9131536659647207,0.6995541194836709,0.0,0.046875,0.0,61,0.028281565953523748,0.3365185856819153,1.5,1.0,64,1.0,55,0.859375,0.8788679531010305,38.562968749999996,20.701585965790724,-0.5502686080288116,0.3541503190287522,2.625,1.3863170633011772,-0.5682767239820126,0.43337216344046353,3.051727187500002,1.4991585534595213,0.3506495950052441,0.716501882608426,280.950859375,68.29268520352933,-0.4221659224247288,0.4534190337213789,1.0,0.999029815196991,0.0014506769366562366,1.0648607015609741,0.06666023284196854
176,2.1030823283057787,0.96875,0.9129875677247201,0.7028362884516169,0.0,0.03125,0.0,62,0.029782894122256844,0.33842387795448303,1.5,1.0,64,1.0,42,0.65625,0.8765850364586659,36.026250000000005,22.199308019902332,-0.5936652712643378,0.3797724498237811,2.390625,1.2452056494310488,-0.6415439465353372,0.3892597736171591,2.973105781250002,1.2770760454523225,0.31307359247939265,0.6103606511060202,267.40043750000007,75.88911180092703,-0.5121319147527326,0.5038543680073624,1.0,0.9995556473731995,0.0030090271029621363,1.0446386337280273,0.06693711876869202
177,1.9126285134892584,0.890625,0.9296494941962393,0.6668647694994744,0.0,0.109375,0.0,57,0.033200379300437136,0.39547836780548096,1.5,1.0,64,1.0,39,0.609375,0.8965183374526353,38.57000000000001,27.906422535860806,-0.5501483216200896,0.47740634270040905,2.5,1.489546910976623,-0.6073525760104523,0.46564251746193636,2.7241279687500013,1.4321452944175885,0.19407812600767707,0.6844738318378992,263.23067187500004,86.55234416652425,-0.5398164478018801,0.5746512989106703,1.0,0.9993100762367249,0.0,1.1334558725357056,0.07776860892772675
178,2.066397853382672,0.96875,0.9213028242511134,0.6693321420705449,0.0,0.03125,0.0,62,0.019715983811506937,0.27911901473999023,1.5,0.984375,64,0.984375,47,0.734375,0.8907216827104809,36.3284375,27.571424191245434,-0.5884956287206047,0.47167539190196833,2.46875,1.402773480466465,-0.6171215390175623,0.4385165516170161,2.9312646875000015,1.4823451700757087,0.29307622637486047,0.7084661609566238,264.6758593750001,78.11948232852743,-0.5302213422961682,0.5186625783808645,1.0,0.9987511038780212,0.0030318342614918947,1.0446385145187378,0.06760552525520325
179,1.906637110753747,0.890625,0.9148604509077574,0.6899903063043832,0.0,0.09375,0.0,57,0.021902930170810957,0.3430531620979309,1.5,1.0,63,0.984375,45,0.7142857142857143,0.887251650336025,33.749523809523815,25.158939301118593,-0.6326141376956669,0.4304040470445102,2.3333333333333335,1.469261773384906,-0.659453712048372,0.45930124518265253,2.6949303174603187,1.50630580068408,0.1801235165579123,0.7199178095496068,246.7055714285714,79.65298866914816,-0.6495323720511316,0.5288440635735704,0.984375,0.998951256275177,0.003248511115089059,1.133455753326416,0.08170066773891449
180,1.9412279731617166,0.890625,0.9379046893956369,0.6953792559150087,0.0,0.109375,0.0,57,0.024488238567116058,0.32070308923721313,1.5,1.0,64,1.0,43,0.671875,0.889809307354735,29.609375,22.4674036714164,-0.7034413208951722,0.3843588694667411,2.21875,1.2804875780342424,-0.6952732430744418,0.40028914498817003,2.8487342187500015,1.6118048880843239,0.2536319420491816,0.7703396242144469,244.27853125000001,80.01060693862114,-0.6656463410551491,0.5312184164007041,1.0,0.9996746778488159,0.01332622580230236,1.1334558725357056,0.07245931774377823
181,2.020010226463646,0.9375,0.9108775466680527,0.7109704316045266,0.0,0.046875,0.0,60,0.018175664155798216,0.3218046724796295,1.5,0.984375,63,0.96875,44,0.6984126984126984,0.8917212193523592,32.980000000000004,28.66698144899155,-0.6457786895852384,0.49041752851827425,2.2857142857142856,1.4738845276706822,-0.6743397509163491,0.46074634968213113,2.984601269841271,1.4433641849869885,0.31856770062301837,0.6898357438219275,253.3820952380952,66.42623610494803,-0.605204594261899,0.4410270250568091,0.984375,0.997877299785614,0.0036307054106146097,1.0837910175323486,0.07713524997234344
182,2.0797028272742537,0.953125,0.9399970779653455,0.6769018602138128,0.0,0.046875,0.0,61,0.019165548719252818,0.3039349317550659,1.5,1.0,64,1.0,47,0.734375,0.8884411151308075,29.115468749999998,25.033626568183717,-0.7118907728500535,0.4282602719530467,2.15625,1.2275324588376473,-0.7148111690886617,0.3837350137731737,2.728369687500001,1.3274706964844478,0.1961053962139251,0.6344460703931186,243.5085,64.85425676950592,-0.6707588479696119,0.4305901041891947,1.0,1.0001589059829712,0.00638977624475956,1.0648608207702637,0.07604482769966125
183,1.9214879786762173,0.875,0.934162820556334,0.7008419457230348,0.0,0.125,0.0,56,0.027147686390581724,0.3416851758956909,1.5,1.0,64,1.0,43,0.671875,0.8813104799320198,29.27640625,24.478929355620537,-0.7091375506059764,0.4187708446638411,1.953125,1.2800108336943872,-0.7783094286348763,0.40014011145793343,2.678547968750001,1.387146715773719,0.17229380190538057,0.662967389948458,227.68789062500002,79.22998253465141,-0.7757974094834468,0.5260355778303298,1.0,0.9981174468994141,0.005817335564643145,1.1478066444396973,0.08220276981592178
184,2.0859492556741186,0.953125,0.929362271652847,0.6874147763592514,0.0,0.03125,0.0,61,0.03897195385212816,0.3434019088745117,1.5,1.0,63,0.984375,49,0.7777777777777778,0.8783995395984735,23.73968253968254,17.986848455455902,-0.8038564997542809,0.307708217590092,2.1746031746031744,1.1061111993767838,-0.7090738416082956,0.3457779004307778,3.3536547619047643,1.4418975964474114,0.4949516603026017,0.6891348083223474,265.2521587301587,80.6611996921961,-0.5263950892213106,0.5355379293440441,0.984375,1.0010957717895508,0.0020650490187108517,1.0648607015609741,0.0773649662733078
185,2.0521780888249594,0.9375,0.9394916355609894,0.6942066438940159,0.0,0.0625,0.0,60,0.020853206968508876,0.23621425032615662,1.5,1.0,64,1.0,42,0.65625,0.8758019452977102,28.976562500000004,21.93260538122623,-0.7142670976801356,0.375209861009135,2.03125,1.0303025951146585,-0.7538870211171014,0.32207961400974294,2.7737775000000013,1.4192929096560738,0.2178074257066041,0.6783312141298639,241.04843750000003,66.6721261997553,-0.6870920637206092,0.4426595754369398,1.0,0.9991008639335632,0.0033333334140479565,1.0837911367416382,0.06614599376916885
186,2.0498818749461076,0.953125,0.9211158498388822,0.671781853531914,0.0,0.03125,0.0,61,0.031582822295764125,0.33657997846603394,1.5,1.0,63,0.984375,44,0.6984126984126984,0.88892206359669,29.20746031746032,21.052089891222387,-0.7103170362765435,0.3601465300059005,2.015873015873016,1.0156249697172313,-0.758693971168219,0.31749128826447304,3.077545873015875,1.3163610185124606,0.36298927497832545,0.6291363550439761,254.1367777777778,67.27563960056351,-0.600193992805982,0.4466665120834757,0.984375,0.9999677538871765,0.0094191525131464,1.0648608207702637,0.06508899480104446
187,2.0523209435900664,0.921875,0.9312881231307983,0.7179696435492059,0.0,0.0625,0.0,59,0.03998518621583576,0.3291214108467102,1.5,1.0,63,0.984375,36,0.5714285714285714,0.8680905695065603,27.38,19.22457463355873,-0.7415801315539027,0.32888249484448745,2.0793650793650795,1.1169912435402656,-0.7388459193442496,0.34917907639713863,3.155142063492065,1.2990138802344562,0.40007528995061264,0.6208455326987502,257.87180952380953,66.70113236845056,-0.5753958100993389,0.44285215754060975,0.984375,0.998953640460968,0.0005422993563115597,1.101495623588562,0.06379687786102295
188,2.050700564398693,0.953125,0.9054793837617655,0.6895046426945541,0.0,0.046875,0.0,61,0.023490174497345837,0.38663315773010254,1.5,0.96875,64,0.96875,44,0.6875,0.8803924716443001,29.77765625,22.42350947820916,-0.7005624661797634,0.3836079539304367,2.171875,1.2569144697929928,-0.7099266875851067,0.39292003067228637,3.005835781250002,1.5647846894289545,0.32871643863709693,0.7478669772889768,246.39890625,68.49784431113481,-0.6515684294785037,0.45478115682508147,1.0,0.9987899661064148,0.0,1.0648607015609741,0.06894642114639282
189,2.010898966880447,0.921875,0.9083128753354994,0.7227378230408521,0.0,0.078125,0.0,59,0.03134791926907238,0.3506183326244354,1.5,1.0,64,1.0,44,0.6875,0.8847204945445615,27.986406249999998,20.52804897932244,-0.7312060970594721,0.35118155232543824,2.21875,1.268226492981439,-0.6952732430744418,0.39645624622631837,2.9582784375000015,1.3777170051429513,0.30598707071927495,0.6584605915155596,248.87050000000002,71.18933816064035,-0.6351586537237953,0.4726509262868154,1.0,0.9990953207015991,0.0005476451478898525,1.1014958620071411,0.06343697756528854
190,2.0946649281769227,0.953125,0.9282909270192756,0.7193812589460226,0.0,0.046875,0.0,61,0.028053401935049037,0.33790168166160583,1.5,1.0,64,1.0,46,0.71875,0.8730350028551823,31.40078125,22.75316703949471,-0.6727950169841583,0.3892475378102633,2.375,1.1792476415070754,-0.6464284280388921,0.36864085075533637,3.1560596875000018,1.1706879095135285,0.40051385552307733,0.5595139281150185,264.66609375,65.46557904581395,-0.5302861796976852,0.43464888669261886,1.0,0.9996365904808044,0.0,1.0648607015609741,0.06508388370275497
191,2.0898101198032943,0.953125,0.9323438513474386,0.7212465487913956,0.0,0.046875,0.0,61,0.021228070915380187,0.23441997170448303,1.5,1.0,64,1.0,42,0.65625,0.8842487965662662,30.084531249999998,23.917943573398478,-0.6953126326968824,0.40917383629584253,2.328125,1.250683406931986,-0.661081872549557,0.3909721579495935,3.063657343750002,1.529651768315304,0.3563514464826693,0.7310756885614609,255.66342187499998,60.94723299164327,-0.590058068448403,0.4046500062005834,1.0,0.9996670484542847,0.009983360767364502,1.0648608207702637,0.07305644452571869
192,1.9992199716723364,0.90625,0.9439538732684892,0.6888978060091272,0.0,0.09375,0.0,58,0.05344109658899536,0.42379048466682434,1.5,1.0,64,1.0,50,0.78125,0.892619109562218,28.19984375,20.264102688944455,-0.7275547362969389,0.3466661174646363,2.125,1.0825317547305484,-0.7245801320957717,0.33840680531150513,3.281419687500002,1.6047952914185917,0.46042791584479476,0.7669894854344406,265.05970312500006,84.79008422747613,-0.527672869327119,0.5629510385336219,1.0,0.9990283250808716,0.012036108411848545,1.1180336475372314,0.07896105200052261
193,2.0181007849173658,0.9375,0.9113479420542717,0.6821530783155391,0.0,0.046875,0.0,60,0.032561490462454865,0.3490281105041504,1.5,1.0,63,0.984375,40,0.6349206349206349,0.8720255887614813,35.03793650793651,32.85782543881134,-0.6105727458459037,0.5621119744629967,2.5238095238095237,1.6021527467867356,-0.5999095565764638,0.5008438692831743,3.198750317460319,1.4453767447244958,0.4209172455886051,0.6907976186266026,275.61939682539685,92.78787392698551,-0.45756336785183943,0.6160511628976136,0.984375,0.9977948069572449,0.012757605873048306,1.0837910175323486,0.06601207703351974
194,2.07787929161114,0.953125,0.9324493183464301,0.6856980307381096,0.0,0.046875,0.0,61,0.028350667666331156,0.3753957450389862,1.5,1.0,64,1.0,50,0.78125,0.8870495060368315,30.951406250000005,25.533347671916445,-0.6804826550171348,0.43680920093871956,2.234375,1.2715908773559992,-0.6903887615708868,0.39750797571421526,2.8759603125000015,1.478836658277557,0.2666442731217903,0.7067893167677765,247.907390625,75.59410054044756,-0.6415530738711224,0.5018956850200867,1.0,1.0004874467849731,0.00965147465467453,1.0648607015609741,0.06812255829572678
195,2.0312853630604146,0.9375,0.9294778138399125,0.6913052056084392,0.0,0.0625,0.0,60,0.023523683673159997,0.27130189538002014,1.5,1.0,64,1.0,47,0.734375,0.8848966980103012,33.95171875,24.259794320715056,-0.6291551078998835,0.4150220138906628,2.609375,1.567414147369801,-0.5731612054855676,0.4899843463192432,2.9698635937500018,1.3335191337448637,0.31152403426744846,0.6373368364658107,260.07967187500003,76.75173147050472,-0.5607370393849774,0.5095816018375057,1.0,0.9995976090431213,0.007869884371757507,1.083790898323059,0.06846250593662262
196,2.0820080180630525,0.953125,0.9287286645076314,0.7317722387952622,0.0,0.046875,0.0,61,0.01589214237045021,0.31639936566352844,1.5,1.0,64,1.0,50,0.78125,0.882207570006929,38.33125,28.331471927213737,-0.5542327134540217,0.48467783280746507,2.546875,1.368503830602969,-0.5926991314997875,0.4278036254799568,2.6084292187500013,1.1601608984294827,0.13878152512504072,0.5544826902632564,252.708515625,66.44377456047712,-0.6096767250090477,0.4411434690000406,1.0,0.9997537732124329,0.0010400415631011128,1.0648605823516846,0.07026534527540207
197,1.9045853346143264,0.875,0.9286038896867207,0.6919509710803547,0.0,0.125,0.0,56,0.020472424236659896,0.3582456111907959,1.5,1.0,64,1.0,45,0.703125,0.8911741987637445,34.729062500000005,26.954309298256813,-0.6158567771578604,0.46111816036470976,2.265625,1.265432084062594,-0.6806197985637769,0.3955826949509605,2.208057656250001,1.4667567993053832,-0.05257046870652627,0.701015916966112,225.32121875,68.77470953443498,-0.7915105721962612,0.4566193619219478,1.0,0.9989192485809326,0.0005868544685654342,1.1478067636489868,0.07829716056585312
198,2.018667704832522,0.9375,0.9156486307581265,0.6980756590952086,0.0,0.0625,0.0,60,0.021406640322520418,0.36237743496894836,1.5,1.0,64,1.0,47,0.734375,0.8871199800406322,30.166875,24.636801225186986,-0.6939039451991845,0.4214716219407616,2.203125,1.2522440793930711,-0.7001577245779967,0.39146003479882724,2.564362343750001,1.3625785647689999,0.11772037797332086,0.6512253854710347,237.12762500000002,70.05255277435027,-0.7131237098603751,0.4651034103286408,1.0,0.9988986849784851,0.0011210762895643711,1.0837911367416382,0.07046299427747726
199,2.123148021768726,0.984375,0.9255109987561665,0.6639189015766889,0.0,0.015625,0.0,63,0.020926020367278114,0.36037543416023254,1.5,1.0,64,1.0,48,0.75,0.8754316656734042,32.128125000000004,21.661898785295232,-0.6603520562597126,0.3705787748947389,2.34375,1.2275324588376473,-0.656197391046002,0.3837350137731737,3.1074539062500017,1.4987008560756658,0.3772834015521401,0.7162831325393018,264.612125,71.24035576691682,-0.5306444971134264,0.47298965002672566,1.0,0.9981957077980042,0.014469453133642673,1.0230478048324585,0.06226346269249916
