step,reward_mean,valid_frac,c_mean,qed_mean,tox_mean,undersized_frac,alerts_mean,n_rankable,d_var,d_loss,w_C,unique,n_eff_group,eff_group_frac,n_valid,unique_smiles_frac,n_scaffolds,scaffold_frac,tanimoto_dist,tpsa_mean,tpsa_sd,tpsa_drift_sd,tpsa_spread_ratio,hba_mean,hba_sd,hba_drift_sd,hba_spread_ratio,logp_mean,logp_sd,logp_drift_sd,logp_spread_ratio,mw_mean,mw_sd,mw_drift_sd,mw_spread_ratio,rdkit_valid_frac,ratio_mean,clip_frac,adv_std,kl,kl_clipped,entropy
0,1.2751109820592346,0.984375,0.7622086000998342,0.6199023015501886,0.0,0.015625,0.0,63,0.0002655712758837471,0.68936687707901,0.2,0.96875,61,0.9682539682539683,64,0.96875,55,0.859375,0.8959905579852304,64.84265625,49.99522693599695,-0.10069147285276173,0.8552883628605549,4.09375,2.5044881587861423,-0.10913546264784553,0.7829200695976545,2.703581875000002,1.8964900753455025,0.18425840759420295,0.906400931507568,341.8497187500001,123.91300028705491,-0.017837085591707855,0.8227017679599131,1.0,0.9877974390983582,0.05810397490859032,1.0230478048324585,0.005837671458721161,0.005837671458721161,2.0053963661193848
1,1.2989576532049023,0.984375,0.810555120013536,0.5969891713834798,0.0,0.015625,0.0,63,0.00019608131555135812,0.6865655183792114,0.21300000000000002,0.96875,61,0.9682539682539683,64,0.96875,56,0.875,0.8931847742517747,101.66234375000005,311.01599501041665,0.529197662028596,5.320675142377995,6.46875,18.46700499370431,0.6333057258925098,5.772911636339581,3.6287410937499933,7.624572139194884,0.6264253287762377,3.64405771438264,503.78964062500086,1347.9087713283734,1.0573387209920957,8.949237986745574,1.0,0.9718666672706604,0.06100795790553093,1.0230478048324585,0.014669934287667274,0.014669934287667274,3.0909423828125
2,1.3283615095098775,0.953125,0.8456033824897203,0.6672355056132703,0.0,0.046875,0.0,61,0.00019518601576599243,0.7112430930137634,0.226,1.0,61,1.0,64,1.0,52,0.8125,0.8975449728645215,54.24265625,33.40854387550939,-0.28202991657916177,0.5715333352405684,3.734375,1.9222560597836595,-0.2214785372296098,0.6009103468230234,2.6618353125000014,1.7929085803511517,0.16430622137970563,0.856895603338254,320.43656250000004,118.81334226146431,-0.1600065227263625,0.7888433538796703,1.0,0.9969480037689209,0.0036231884732842445,1.0648607015609741,0.0025971983559429646,0.0025971983559429646,2.0620133876800537
3,1.2831086236457447,0.953125,0.7534618943196828,0.5905661335809435,0.0,0.046875,0.0,61,0.00022402363040350376,0.7120466232299805,0.23900000000000002,0.984375,60,0.9836065573770492,64,0.984375,54,0.84375,0.8953755548330251,102.60093750000001,271.65948235290114,0.5452545610773054,4.647387523905143,6.5625,16.61595148494362,0.6626126149138396,5.194259692299124,3.3554778124999984,5.9460249483532035,0.49582296186077335,2.8418195391677576,506.89273437500066,1201.9684363603778,1.077941246218312,7.980289036137564,1.0,0.9742222428321838,0.080684594810009,1.0648607015609741,0.018765706568956375,0.018765706568956375,2.940244674682617
4,1.3092844653217706,0.953125,0.711852625989523,0.6385277501119836,0.0,0.046875,0.0,61,0.00018026754019288458,0.720422625541687,0.252,1.0,61,1.0,64,1.0,55,0.859375,0.8906789212000734,76.97671875,56.29762805990051,0.1068907922254336,0.9631060620632139,4.859375,3.5701329960346015,0.13020413102634795,1.116047909399187,2.1757100000000014,1.5615936365536978,-0.06803057901147734,0.7463418581564152,352.2563906250001,141.5698405452916,0.05125645044008533,0.9399317088328294,1.0,0.9927811026573181,0.006410256493836641,1.0648608207702637,0.0053949845023453236,0.0053949845023453236,2.04314923286438
5,1.3537940450147499,0.96875,0.8393436023635009,0.6353286505242751,0.0,0.03125,0.0,62,0.00023803830297334876,0.6915672421455383,0.265,0.984375,61,0.9838709677419355,64,0.984375,54,0.84375,0.8994851672359785,98.19265625000001,306.7341592040768,0.4698403288713366,5.2474240629993485,6.046875,17.89066593881779,0.5014247252965256,5.592744119323929,3.282617187500002,5.681526574882703,0.4610002442369075,2.715406237451838,480.0226093750007,1247.0735084718463,0.8995410840755731,8.279757392840255,1.0,0.9813157320022583,0.0,1.0446385145187378,0.007148801814764738,0.007148801814764738,3.1201837062835693
6,1.2128031114427693,0.859375,0.7610419471155513,0.6522543507404879,0.0,0.140625,0.0,55,0.00025621318943504223,0.7095673084259033,0.278,1.0,55,1.0,64,1.0,51,0.796875,0.9014760873939592,59.75750000000001,44.09531235715424,-0.18768527667168397,0.7543561621203628,3.734375,2.6471812101507144,-0.2214785372296098,0.8275268900825231,2.0720645312500015,1.8839015411108364,-0.11756648254338675,0.900384417472008,295.4676875,136.6427941058679,-0.32578362084264545,0.9072193234725827,1.0,0.9943409562110901,0.0,1.1611262559890747,0.010218336246907711,0.010218336246907711,2.2303497791290283
7,1.2915093981934278,0.9375,0.7998204809303086,0.6125482838799897,0.0,0.0625,0.0,60,0.00021782590007331216,0.6968750357627869,0.29100000000000004,0.984375,59,0.9833333333333333,64,0.984375,51,0.796875,0.9064562930382152,95.92281249999999,282.32958094479727,0.4310092031046291,4.82992517230719,6.03125,17.497293317467705,0.4965402437929706,5.4697731565726055,3.906436874999994,7.931010905649217,0.7591461471305689,3.7905158408843755,493.5118437500008,1287.7616685594878,0.9891008311806362,8.549900325071683,1.0,0.9785467386245728,0.008152173832058907,1.0837910175323486,0.008850835263729095,0.008850835263729095,3.0229973793029785
8,1.2816736130399478,0.921875,0.7596464210773929,0.6354192319453935,0.0,0.078125,0.0,59,0.00020532743802303076,0.7004849910736084,0.30400000000000005,0.96875,57,0.9661016949152542,64,0.96875,52,0.8125,0.9063702494524084,62.547812500000006,44.714322526063654,-0.1399502836282575,0.7649458169015749,3.921875,2.8301098007630374,-0.16286475918695018,0.8847116143908285,2.2786834375000016,1.9110042969586536,-0.018815863425089303,0.9133378009176917,313.09979687500004,145.24744930851844,-0.20871787695725177,0.9643486402634507,1.0,0.9904918670654297,0.0,1.1014959812164307,0.016907300800085068,0.016907300800085068,2.2566020488739014
9,1.2564673565957412,0.90625,0.7561481659910803,0.6123935230356381,0.0,0.09375,0.0,58,0.00019445502864814165,0.7085795998573303,0.317,1.0,58,1.0,64,1.0,55,0.859375,0.9107807724175506,66.41187500000001,55.52982244577569,-0.07384621945735723,0.9499709040302151,4.078125,3.5191648845109547,-0.1140199441514005,1.1001149303266506,2.2086650000000017,2.070714760336393,-0.0522801972477392,0.9896691852254718,315.47196875000003,167.36241486058867,-0.19296819781990338,1.1111776349283589,1.0,0.9972543120384216,0.0033333334140479565,1.1180340051651,0.013851134106516838,0.013851134106516838,2.1566762924194336
10,1.3483985882991874,0.953125,0.7880941099319302,0.6210360262135021,0.0,0.046875,0.0,61,0.00016534152542474478,0.6905554533004761,0.33,0.96875,59,0.9672131147540983,64,0.96875,53,0.828125,0.9018972539370785,73.0453125,50.89652449973715,0.0396346515621087,0.8707072211193325,4.359375,2.8579231286679145,-0.026099277087411058,0.8934062502758641,1.9118565625000015,2.2451454181510013,-0.19413564259210492,1.0730358807763754,316.2727500000001,119.85200530367655,-0.18765153089554498,0.7957394012610031,1.0,0.9943021535873413,0.0033003301359713078,1.0648607015609741,0.01858331263065338,0.01858331263065338,2.1579010486602783
11,1.337825090178144,0.9375,0.7554525811225176,0.6490279059497518,0.0,0.046875,0.0,60,0.004065359636072616,0.7090840935707092,0.343,0.953125,58,0.9666666666666667,63,0.953125,50,0.7936507936507936,0.8917996794007386,63.64873015873016,39.19294885125824,-0.12111644448627279,0.6704894669561855,4.0476190476190474,2.426236038639428,-0.12355631280119835,0.758457923455537,2.078111746031747,1.7849748317095786,-0.1146763007372933,0.8531037790347397,307.87369841269845,132.37051902881046,-0.24341577334026165,0.8788541943016009,0.984375,0.9843241572380066,0.0060606058686971664,1.0837911367416382,0.02161109447479248,0.02161109447479248,2.54774808883667
12,1.3912788577949022,0.984375,0.764472894784477,0.621448603345967,0.0,0.015625,0.0,63,0.00021640567681348224,0.6991927623748779,0.356,1.0,63,1.0,64,1.0,63,0.984375,0.8961592377192239,91.89796875,178.69059476315905,0.3621545897209568,3.05693154366944,5.625,10.393056576387911,0.3695437247005414,3.248940327217093,2.362831250000003,2.007592037867987,0.02140140774646172,0.9595005620470806,406.30304687499984,543.9698896324413,0.41009111303554513,3.611606440654644,1.0,0.9833770990371704,0.012048192322254181,1.023047924041748,0.03820958733558655,0.03820958733558655,2.5004947185516357
13,1.4224622880320281,0.984375,0.8046438053013787,0.6233923154016173,0.0,0.015625,0.0,63,0.00025522617968532554,0.6908833384513855,0.369,1.0,63,1.0,64,1.0,54,0.84375,0.8905650186670828,63.6940625,45.83793106283369,-0.12034092597529666,0.7841678379785161,4.0,2.449489742783178,-0.13844235166917535,0.7657271898734113,2.801019687500002,1.7815363077542887,0.2308274485621447,0.851460384557435,340.8608906250001,120.70648173476407,-0.024402261519668747,0.8014125692813663,1.0,0.9974904656410217,0.0,1.0230478048324585,0.03237467631697655,0.03237467631697655,2.2144553661346436
14,1.3317492987249524,0.921875,0.7674584134592343,0.643143345796339,0.0,0.078125,0.0,59,0.00020897617669069554,0.694853663444519,0.382,0.984375,58,0.9830508474576272,64,0.984375,51,0.796875,0.906373654187945,66.87171875,46.21465218665395,-0.06597948832695062,0.790612557064594,4.15625,2.617362400872298,-0.08959753663362566,0.8182053270503018,2.2657831250000013,2.092450491571483,-0.024981387526030737,1.0000574742519222,316.16853125000006,128.9946140572555,-0.18834347564452994,0.8564403799146606,1.0,0.9941365122795105,0.0,1.1014961004257202,0.03692605346441269,0.03692605346441269,2.2710185050964355
15,1.4030567282337911,0.9375,0.8430657936880986,0.6447273062332649,0.0,0.0625,0.0,60,0.0002904758586742334,0.6998047828674316,0.395,1.0,60,1.0,64,1.0,52,0.8125,0.8980810425665213,70.18312500000002,192.90050659986457,-0.009329935881584808,3.3000261944201505,4.84375,13.024278710834624,0.12531964952279298,4.071478301453855,3.9032143749999966,8.4354060148878,0.757605998284154,4.031584435339542,436.6617812500006,1101.681589420135,0.6116533735366959,7.314449567399574,1.0,0.9800183773040771,0.013966480270028114,1.0837911367416382,0.030559105798602104,0.030559105798602104,3.046562910079956
16,1.357184649773076,0.9375,0.7403490070253611,0.6319908564703822,0.0,0.0625,0.0,60,0.00022378255745018893,0.7046023011207581,0.40800000000000003,1.0,60,1.0,64,1.0,50,0.78125,0.8994205905631547,70.29156250000001,72.71237936681479,-0.0074748521559640175,1.2439197843416785,4.234375,3.503311770221857,-0.06517512911585081,1.0951591387414448,2.3926604687500013,2.4497355198153747,0.03565786603887643,1.1708168610918313,336.59251562500003,163.906615692537,-0.052741496714370006,1.0882333750146755,1.0,0.9917793273925781,0.0033112582750618458,1.0837911367416382,0.041435010731220245,0.041435010731220245,2.2464439868927
17,1.413088561582323,0.9375,0.8272294619431099,0.6762694646092332,0.0,0.0625,0.0,60,0.0002467634463274573,0.6938159465789795,0.42100000000000004,0.984375,59,0.9833333333333333,64,0.984375,56,0.875,0.9057196849675737,55.677968750000005,48.71994304760139,-0.2574754510120817,0.8334715708198942,3.546875,2.931135059047092,-0.28009231527226947,0.9162927987415694,2.5831503125000017,1.7229596165319447,0.12669982510964892,0.8234644734905706,310.98429687500004,158.06568257716077,-0.22276342170306015,1.0494533762298537,1.0,0.9895666837692261,0.0071428571827709675,1.0837910175323486,0.03123236447572708,0.03123236447572708,2.219588041305542
18,1.4402757979509953,0.984375,0.801431353839617,0.6233294816122361,0.0,0.015625,0.0,63,0.00017299484135117112,0.706045389175415,0.434,0.96875,61,0.9682539682539683,64,0.96875,52,0.8125,0.8947603832463626,68.34625,62.809033175471654,-0.04075409190233337,1.0744992762264016,4.65625,3.825158289208435,0.06670587148013335,1.1957705543557484,2.5566640625000017,1.8052380873799585,0.11404109201938019,0.8627883189402081,359.1053125,181.9074167314306,0.09672883931073395,1.2077469918675112,1.0,0.9904154539108276,0.009118541143834591,1.023047924041748,0.03803850710391998,0.03803850710391998,2.1742773056030273
19,1.4583367056028431,0.953125,0.8354931073110612,0.677589314150463,0.0,0.046875,0.0,61,0.00024221001712211587,0.7073997259140015,0.44700000000000006,0.96875,59,0.9672131147540983,64,0.96875,55,0.859375,0.8941695102516193,52.873906250000005,34.8133274864485,-0.3054456708103419,0.5955655308801958,3.46875,2.098874326275873,-0.30451472279004427,0.6561224207987775,2.803192812500002,1.803689956784313,0.2318660632904204,0.8620484115543322,308.379859375,122.06038276349484,-0.2400551935980786,0.810401591961789,1.0,0.9927080869674683,0.003846153849735856,1.0648608207702637,0.045324355363845825,0.045324355363845825,2.421405553817749
20,1.4382816875468083,0.953125,0.8121948630900168,0.6461614256946757,0.0,0.046875,0.0,61,0.00030511911086503196,0.6874569058418274,0.46,1.0,61,1.0,64,1.0,58,0.90625,0.894212513445485,65.11765625,55.78508077160358,-0.0959869377560864,0.9543377104032185,4.421875,3.6306192976371126,-0.0065613510731911805,1.1349563395685254,2.707700312500002,1.9936767254418803,0.186226757249645,0.9528499329142369,347.3678281250001,181.3804487702019,0.018799573419791615,1.2042482671787638,1.0,0.9950964450836182,0.003105590119957924,1.0648608207702637,0.053283512592315674,0.053283512592315674,2.123685121536255
21,1.3723897351899619,0.921875,0.7979634194555929,0.6214194484317271,0.0,0.078125,0.0,59,0.00017025518854737673,0.7070982456207275,0.47300000000000003,0.96875,58,0.9830508474576272,64,0.96875,58,0.90625,0.9028876707643088,62.999843750000004,62.091540574486366,-0.13221720406309725,1.0622248430520735,4.375,3.8588372601082828,-0.021214795583856087,1.206298830222569,2.6595768750000017,2.1225165568677524,0.1632268327341424,1.0144271300416268,343.75096875,215.4131012942029,-0.00521402156525196,1.4302029558312832,1.0,0.9833710193634033,0.02222222276031971,1.1014961004257202,0.06640410423278809,0.06640410423278809,2.300414800643921
22,1.354421396216054,0.9375,0.731865433168908,0.6079918498644782,0.0,0.0625,0.0,60,0.0002915261974241433,0.7192807197570801,0.48600000000000004,1.0,60,1.0,64,1.0,53,0.828125,0.8992904408140487,67.1478125,52.10271824329171,-0.06125624201114063,0.8913420603918518,4.34375,3.212372322365513,-0.030983758590966026,1.0042094842320812,2.510063750000002,2.183314906520803,0.09176912381472264,1.0434848517118065,339.88784375000006,148.65974580987574,-0.030862660206779042,0.9870040707507016,1.0,0.992143988609314,0.0,1.0837911367416382,0.0883866474032402,0.0883866474032402,2.2682723999023438
23,1.4523769053182287,0.9375,0.8216066060587763,0.664870858054931,0.0,0.0625,0.0,60,0.00022198678089829413,0.7170867323875427,0.49900000000000005,0.984375,59,0.9833333333333333,64,0.984375,48,0.75,0.8956958824976636,60.18390625,50.35748971780375,-0.18039057424053218,0.861485737301389,4.109375,3.0979690297636933,-0.10425098114429056,0.9684462351658811,2.4048620312500013,1.75306815269257,0.04148943234107975,0.8378544276364409,312.364234375,125.93775843208505,-0.21360153377932167,0.8361448457786135,1.0,0.9905405044555664,0.003389830468222499,1.0837911367416382,0.06578928977251053,0.06578928977251053,2.2259387969970703
24,1.5204707006927896,0.96875,0.8411081952433432,0.6508582386357432,0.0,0.03125,0.0,62,0.00018577233383146644,0.7054795622825623,0.512,0.984375,61,0.9838709677419355,64,0.984375,52,0.8125,0.8984895431421488,57.349375,32.23200476016618,-0.2288820351432536,0.551405809565137,3.59375,1.834723667885712,-0.26543887076160455,0.5735471244750265,2.4590121875000017,1.7716735097028236,0.067369742870698,0.8467465980434242,303.22648437500004,122.81928125947293,-0.27427025346781625,0.8154401846267793,1.0,0.9929497241973877,0.003436426166445017,1.0446386337280273,0.05509701743721962,0.05509701743721962,2.215862274169922
25,1.4407141297360366,0.96875,0.7519274752947592,0.6237642560657385,0.0,0.03125,0.0,62,0.0002116118410869694,0.7143372893333435,0.525,1.0,62,1.0,64,1.0,55,0.859375,0.8998971341347417,69.0978125,56.01486935595622,-0.027896811325623598,0.9582687957119543,4.234375,3.403776338036182,-0.06517512911585081,1.0640436841840508,2.508468125000002,1.7506909795160852,0.09100651714193367,0.8367182909334171,342.94003125000006,159.67431134959617,-0.010598119387186964,1.0601336255338651,1.0,0.9913483262062073,0.006872852332890034,1.0446386337280273,0.11276654154062271,0.11276654154062271,2.2893004417419434
26,1.5256670133596282,0.96875,0.8076350275547274,0.6765758181166674,0.0,0.03125,0.0,62,0.00024424856998383256,0.7031530141830444,0.538,0.984375,61,0.9838709677419355,64,0.984375,57,0.890625,0.8913572074206966,52.129999999999995,40.348510660246184,-0.3181719728531102,0.6902581254535003,3.625,2.348536778506992,-0.2556699077544946,0.7341686051223024,2.9046565625000014,1.6446115822951748,0.28035924483132346,0.7860191252985651,307.73171875,126.06387777611855,-0.24435842600177213,0.8369821962347395,1.0,0.9905746579170227,0.007518797181546688,1.0446385145187378,0.08484663814306259,0.08484663814306259,2.4367001056671143
27,1.5179830336280151,0.984375,0.7781439882422251,0.660426455883358,0.0,0.015625,0.0,63,0.00024105128476747603,0.7078861594200134,0.551,0.96875,61,0.9682539682539683,64,0.96875,55,0.859375,0.8985371553981618,61.92140625,54.409751362554125,-0.150666466129719,0.9308093995873526,3.75,2.958039891549808,-0.21659405572605483,0.9247034327713781,2.5463518750000014,1.6956057915562186,0.1091125260978432,0.8103910950634379,318.35378125000005,132.6501700006531,-0.1738348362421297,0.8807108949578167,1.0,0.9852870106697083,0.014388489536941051,1.023047924041748,0.0747702345252037,0.0747702345252037,2.487009048461914
28,1.512724500570794,0.953125,0.8494363218912335,0.6460614382400517,0.0,0.046875,0.0,61,0.0002064987985071745,0.7003853917121887,0.5640000000000001,0.9375,57,0.9344262295081968,64,0.9375,51,0.796875,0.8929176788314968,56.44734375,55.83899665674371,-0.24431344486661014,0.9552600710356186,3.5,2.7838821814150108,-0.2947457597829343,0.8702605454846642,2.7085421875000013,1.9132851525848085,0.18662911964222087,0.9144279039933982,310.52095312500006,171.48957649504803,-0.22583972299037536,1.138579305176519,1.0,0.9928852319717407,0.0074349441565573215,1.0648607015609741,0.06834504753351212,0.06834504753351212,2.368286609649658
29,1.5522263861982082,0.984375,0.8113092397531819,0.6663194926624828,0.0,0.015625,0.0,63,0.0001737551973547307,0.7094705104827881,0.577,0.984375,62,0.9841269841269841,64,0.984375,57,0.890625,0.8953392213744455,59.886562500000004,57.528538793224996,-0.18547735281381247,0.9841637447752124,3.765625,2.754213746130645,-0.21170957422249986,0.8609859903879664,2.798489843750002,1.6443739584465475,0.2296183450918031,0.7859055563004753,333.10451562500003,158.75492255054965,-0.07589954921892195,1.0540294815887916,1.0,0.9934262037277222,0.010989011265337467,1.0230478048324585,0.09928447008132935,0.09928447008132935,2.3279857635498047
30,1.5249217731634037,0.96875,0.790558511211026,0.6397977961539643,0.0,0.015625,0.0,62,0.004154479109924364,0.6985749006271362,0.5900000000000001,0.953125,60,0.967741935483871,63,0.953125,58,0.9206349206349206,0.8922664854926977,63.15079365079365,47.50179239062984,-0.129634843677194,0.8126321798425816,4.126984126984127,2.808671738786145,-0.09874624802123641,0.8780099300901439,2.9784711111111126,1.9867938818833843,0.3156378769157719,0.9495603740106897,338.2376031746033,138.70403494715038,-0.041819184831257336,0.9209046226775559,0.984375,0.9758605360984802,0.014164306223392487,1.0446386337280273,0.07365205883979797,0.07365205883979797,3.224262237548828
31,1.5412534861583373,0.953125,0.8429475116436599,0.6593669383507,0.0,0.046875,0.0,61,0.00014524711759785966,0.6876203417778015,0.603,1.0,61,1.0,64,1.0,52,0.8125,0.8971978004271376,54.3525,32.633915735780164,-0.2801507755717966,0.5582814615306463,3.359375,1.8231770647347998,-0.33870609331492907,0.5699375776257772,2.5838932812500013,1.5044270966156603,0.12705491664207255,0.7190199091915823,309.43768750000004,114.30069006912149,-0.23303190252596218,0.7588822769286794,1.0,0.9895203709602356,0.011627906933426857,1.0648607015609741,0.08790109306573868,0.08790109306573868,2.3681533336639404
32,1.5319816292740245,0.953125,0.7934395917614953,0.6753902601006785,0.0,0.046875,0.0,61,0.00023893048265797415,0.6782227754592896,0.6160000000000001,0.984375,60,0.9836065573770492,64,0.984375,57,0.890625,0.8941984375650616,62.66140625,43.4955174366849,-0.13800698986957408,0.7440952302870694,3.890625,2.332629869776815,-0.17263372219406012,0.72919599702814,2.2059676562500012,1.6425617711308291,-0.05356935500257274,0.7850394466949536,314.2746718750001,120.6043786994091,-0.20091747072551827,0.8007346715022308,1.0,0.9906263947486877,0.01342281885445118,1.0648608207702637,0.1039741262793541,0.1039741262793541,2.2945504188537598
33,1.5682051501198646,0.953125,0.8386399313563206,0.6858975604399266,0.0,0.046875,0.0,61,0.00016307054199262913,0.6896331906318665,0.629,0.96875,59,0.9672131147540983,64,0.96875,53,0.828125,0.8975908403745426,51.45281249999999,42.66253319910626,-0.32975689052867363,0.7298450354482833,3.53125,2.1137108216357317,-0.2849767967758244,0.6607604103771972,2.6555234375000016,1.563058852253151,0.1612895489204433,0.747042137526241,308.033328125,96.41600326580502,-0.24235593582341344,0.6401395831159873,1.0,0.9931579232215881,0.003937007859349251,1.0648608207702637,0.09082887321710587,0.09082887321710587,2.439765453338623
34,1.4906074085521006,0.953125,0.7609843694467525,0.6407909181419102,0.0,0.046875,0.0,61,0.00023336988595570873,0.6945357322692871,0.6420000000000001,0.984375,60,0.9836065573770492,64,0.984375,57,0.890625,0.8972522981413349,66.7025,60.59149870753322,-0.06887438123018898,1.0365630262900238,4.0625,3.0561157945994126,-0.11890442565495546,0.9553626285723538,2.3489962500000017,2.242782878657326,0.014789162815454792,1.071906738037571,330.60523437500007,128.9430799639349,-0.09249315197440974,0.8560982270365377,1.0,0.9945127367973328,0.0031645570416003466,1.0648608207702637,0.10574216395616531,0.10574216395616531,2.231327772140503
35,1.5521492121510363,0.9375,0.8507600595553716,0.6876006452792979,0.0,0.0625,0.0,60,0.00019478410923726153,0.6995262503623962,0.655,0.96875,59,0.9833333333333333,64,0.96875,53,0.828125,0.9011939852080207,59.32296875,44.86797715519414,-0.1951189767306923,0.7675744481579787,3.84375,2.244568095981942,-0.18728716670472503,0.701667286290777,2.6457725000000014,1.8377395502032534,0.15662922459395712,0.878321938947698,315.9635312500001,135.33006803875494,-0.18970454237716547,0.8985036757700897,1.0,0.9998654723167419,0.0,1.0837910175323486,0.11524176597595215,0.11524176597595215,2.2856357097625732
36,1.5197837621808927,0.921875,0.8177519625021239,0.6832333535304481,0.0,0.078125,0.0,59,0.00023585579253057598,0.689221203327179,0.6679999999999999,0.953125,57,0.9661016949152542,64,0.953125,52,0.8125,0.8999062033710983,53.54625,34.96102229179662,-0.2939436171052314,0.5980922050451299,3.328125,1.8118937563706654,-0.348475056322039,0.5664103385215519,2.6249270312500013,1.9130771051524234,0.1466664240824544,0.9143284706301746,303.364234375,105.3141652909496,-0.2733556830169844,0.6992175944039197,1.0,0.9887914061546326,0.0037878789007663727,1.1014959812164307,0.1096261739730835,0.1096261739730835,2.278083324432373
37,1.6460239173124211,0.96875,0.8589481185040166,0.7060908939825814,0.0,0.03125,0.0,62,0.00016894065338901045,0.7041839361190796,0.681,1.0,62,1.0,64,1.0,54,0.84375,0.8906803844798934,50.61359375000001,37.73429712174935,-0.34411374166744835,0.6455357278460002,3.25,1.9121323175972944,-0.37289746383981387,0.5977455960098356,2.7861960937500014,1.7322352261796197,0.22374271906212745,0.8278976215118812,298.0145,108.34635025622116,-0.3088744414864961,0.7193493313962568,1.0,0.9883987903594971,0.012552301399409771,1.0446385145187378,0.10104186832904816,0.10104186832904816,2.3911852836608887
38,1.6082649109252438,0.953125,0.8301908699948279,0.6998122339483095,0.0,0.046875,0.0,61,0.00013888827060486836,0.690546989440918,0.6940000000000001,0.96875,60,0.9836065573770492,64,0.96875,54,0.84375,0.8904306344194529,53.648906249999996,36.064411999451906,-0.292187435537893,0.6169683345177656,3.375,1.7897276329095442,-0.3338216118113741,0.5594810572382647,2.5069968750000013,1.4834117008446233,0.09030335376247954,0.7089758944347965,298.80498437500006,94.40654194666752,-0.3036261391182967,0.6267980662769814,1.0,0.9977144002914429,0.003610108280554414,1.0648607015609741,0.08495662361383438,0.08495662361383438,2.2798843383789062
39,1.6679710505604963,0.96875,0.8674157538240955,0.7074684896237342,0.0,0.03125,0.0,62,0.0001893692972937946,0.6929498910903931,0.7070000000000001,0.96875,60,0.967741935483871,64,0.96875,55,0.859375,0.8911902456396771,47.04890625,33.891911743308476,-0.40509627785810426,0.5798025028720811,3.078125,1.6134656749912593,-0.4266267603789185,0.5043803677514009,2.882839062500002,1.6896638844620473,0.2699318755662547,0.8075512435951369,295.69618750000006,92.30824588316774,-0.32426652938699996,0.6128667444855186,1.0,0.9921848773956299,0.00374531839042902,1.0446386337280273,0.14020410180091858,0.14020410180091858,2.3060381412506104
40,1.6068774353969753,0.953125,0.8265734499350923,0.6691709127003088,0.0,0.046875,0.0,61,0.00024239385964579051,0.688918948173523,0.72,0.984375,60,0.9836065573770492,64,0.984375,55,0.859375,0.8985915172250215,54.9925,46.34360416362759,-0.26920203934680637,0.7928185901608056,3.546875,2.657123018299115,-0.28009231527226947,0.8306347670753395,2.530760937500001,1.9455890452329283,0.10166105537474857,0.9298670980963476,297.56328125000005,149.07341879396515,-0.3118702406560882,0.9897505904425757,1.0,0.9953258037567139,0.007633587811142206,1.0648609399795532,0.10853299498558044,0.10853299498558044,2.298060178756714
41,1.5775532338421725,0.921875,0.8362162949801502,0.7027930405074843,0.0,0.078125,0.0,59,0.00020194880991376753,0.7004803419113159,0.7330000000000001,0.96875,58,0.9830508474576272,64,0.96875,56,0.875,0.8923023924504733,56.900937500000005,93.85728224475233,-0.23655363498840049,1.605654103269138,3.859375,5.667525880785636,-0.18240268520117006,1.7717072214794574,2.5272559375000023,2.2314824971590577,0.0999858896007573,1.066505878602778,323.0539687500001,233.7661565153017,-0.14262864676212988,1.5520553114589055,1.0,0.9839061498641968,0.03135888651013374,1.1014961004257202,0.1469058394432068,0.1469058394432068,2.4604947566986084
42,1.6604960523792296,0.96875,0.8524554030549142,0.6898068845356511,0.0,0.03125,0.0,62,0.0001861510936553984,0.6829026341438293,0.746,0.96875,60,0.967741935483871,64,0.96875,48,0.75,0.882107947921456,53.0,36.58821309520321,-0.3032885345472641,0.6259292095673622,3.59375,2.1044502696666414,-0.26543887076160455,0.6578654987096305,2.8789590625000017,1.4131800686856486,0.2680774837822064,0.6754096672038977,326.11632812500005,124.53674885890298,-0.12229657130511835,0.8268430529875785,1.0,0.9927485585212708,0.014545454643666744,1.0446385145187378,0.1267620325088501,0.1267620325088501,2.28682017326355
43,1.5874675099348363,0.953125,0.7946347006153865,0.6583500583776097,0.0,0.046875,0.0,61,0.00021980515327749812,0.7063636779785156,0.7590000000000001,0.984375,60,0.9836065573770492,64,0.984375,51,0.796875,0.9001759886490568,55.697500000000005,37.394861152637,-0.2571413220989655,0.6397288608286799,3.75,2.5433737436719754,-0.21659405572605483,0.7950759684859597,2.4866246875000013,1.8374113685146243,0.08056675141116862,0.8781650890953607,312.90362500000003,147.72302248787474,-0.21002033067891648,0.9807848368421186,1.0,0.9969627857208252,0.0,1.0648607015609741,0.14250688254833221,0.14250688254833221,2.2189748287200928
44,1.7310185539983074,0.984375,0.8563619439327528,0.6905423911005798,0.0,0.015625,0.0,63,0.00026432290301852887,0.6783334016799927,0.772,0.96875,61,0.9682539682539683,64,0.96875,50,0.78125,0.8918441434285346,42.41375,29.498582672520048,-0.48439175151883035,0.5046440635820127,2.875,1.4737282653189494,-0.4901250199251331,0.4606975010058597,2.8515792187500013,1.7755405945323262,0.25499167004547446,0.8485948172021991,281.751828125,87.48986803848972,-0.4168480106222618,0.5808758479505921,1.0,0.9936153292655945,0.0,1.0230478048324585,0.1321353167295456,0.1321353167295456,2.456113815307617
45,1.5841882227984159,0.9375,0.8149114412566026,0.6568335972048758,0.0,0.0625,0.0,60,0.0001654114648301367,0.7019618153572083,0.7850000000000001,0.984375,59,0.9833333333333333,64,0.984375,51,0.796875,0.8995398012974745,60.320625,48.13859778269797,-0.1780516718487191,0.8235262646307151,3.6875,2.4358969087381346,-0.23613198174027472,0.7614779772990813,2.710508906250001,1.8831404777501313,0.18756908538746134,0.900020677873237,327.4802812500001,171.66836724394554,-0.11324080924018194,1.1397663595200673,1.0,0.9955299496650696,0.003597122384235263,1.0837911367416382,0.1405402272939682,0.1405402272939682,2.327683687210083
46,1.5951115107610634,0.9375,0.829382857431968,0.6454168411849998,0.0,0.0625,0.0,60,0.00019319862502239268,0.6874378323554993,0.798,1.0,60,1.0,64,1.0,54,0.84375,0.9024200312245525,56.83859375,46.931256238086796,-0.2376201744790673,0.8028717894659964,3.5625,2.3971011138456384,-0.2752078337687145,0.7493501473747222,2.716611093750002,2.0291080753507185,0.19048554063610101,0.9697838515144124,316.3685000000001,152.48644771298535,-0.18701581314115534,1.012410883706975,1.0,0.9921136498451233,0.007299270015209913,1.0837911367416382,0.17176540195941925,0.17176540195941925,2.307058334350586
47,1.6485303361927208,0.953125,0.8667866113733073,0.6378461961955267,0.0,0.046875,0.0,61,0.00017836467587575063,0.6933941841125488,0.8109999999999999,0.984375,60,0.9836065573770492,64,0.984375,54,0.84375,0.8974364673534998,59.634218749999995,47.68782115896729,-0.18979429837127335,0.8158146484594356,4.078125,2.943768245697171,-0.1140199441514005,0.9202420189990587,2.819722187500002,2.0322553976558826,0.23976604710368038,0.9712880702320535,340.3561718750001,151.32882100336124,-0.027753265909729444,1.0047249949104877,1.0,0.9885662198066711,0.010452961549162865,1.0648608207702637,0.1152314618229866,0.1152314618229866,2.222862482070923
48,1.7351529894387203,0.953125,0.9143632235097103,0.705893380271273,0.0,0.046875,0.0,61,0.00025605674014802984,0.7009707689285278,0.8240000000000001,0.984375,60,0.9836065573770492,64,0.984375,57,0.890625,0.8953732497427718,45.78109375,35.510323680110425,-0.42678525386630023,0.6074893238086749,3.40625,1.9016337548276745,-0.32405264880426415,0.5944636737274599,3.027750000000002,1.7676970839838493,0.3391900332772598,0.8448461209343666,306.6952500000001,90.17854288403373,-0.2512399047092909,0.5987269010586128,1.0,0.9939119815826416,0.015748031437397003,1.0648608207702637,0.1499166190624237,0.1499166190624237,2.356766939163208
49,1.6957677491499035,0.984375,0.8160736144535126,0.6508135890572835,0.0,0.015625,0.0,63,0.00016988883369634025,0.7006767392158508,0.837,0.984375,62,0.9841269841269841,64,0.984375,55,0.859375,0.8942657337783626,60.5421875,39.70146024033428,-0.17426131345832946,0.6791887748724307,3.953125,2.341405076951658,-0.15309579617984026,0.7319391866048046,2.9154262500000017,1.5876308757149575,0.285506466485129,0.7587859927904188,331.3383437500001,107.69743367245043,-0.08762578230760072,0.7150409471307646,1.0,0.9961057901382446,0.0,1.023047924041748,0.15618087351322174,0.15618087351322174,2.2730841636657715
50,1.7023910472534163,0.96875,0.8560523855830392,0.6646588621856524,0.0,0.03125,0.0,62,0.00021500468775321482,0.6963211894035339,0.8500000000000001,0.953125,59,0.9516129032258065,64,0.953125,47,0.734375,0.9000758305951613,52.109843749999996,39.238085392741645,-0.3185167938914461,0.6712616358418263,3.359375,2.0718891402232407,-0.33870609331492907,0.6476866677015569,2.855898750000002,1.6719166357278235,0.2570561296488095,0.7990691940481777,313.18550000000005,118.27821552844703,-0.2081488639215424,0.7852904602501395,1.0,0.9908554553985596,0.003816793905571103,1.0446386337280273,0.1861126571893692,0.1861126571893692,2.382413625717163
51,1.7525828927293357,0.953125,0.9027876228582664,0.7015546896334146,0.0,0.046875,0.0,61,0.0002089101439266426,0.6975758671760559,0.863,1.0,61,1.0,64,1.0,54,0.84375,0.8974416254842128,41.34,30.453723191918588,-0.5027608226463041,0.5209840348393483,3.234375,1.774314898594666,-0.37778194534336884,0.55466293143473,2.940823750000002,1.5499630528897912,0.29764484672620145,0.7407831832105307,296.50368750000007,88.75744044372337,-0.31890525433039857,0.5892917046919115,1.0,0.9949930906295776,0.0,1.0648608207702637,0.14539554715156555,0.14539554715156555,2.272042751312256
52,1.6958169462877075,0.9375,0.8605941462020079,0.7097449012519866,0.0,0.0625,0.0,60,0.00021406896553847945,0.6870405077934265,0.8760000000000001,0.984375,59,0.9833333333333333,64,0.984375,55,0.859375,0.9045085264047971,47.53390625,32.53466999876763,-0.3967991886876039,0.5565836249743886,2.90625,1.8684782411095935,-0.4803560569180232,0.5840990341436628,2.6332450000000014,1.678519505252323,0.15064188101801332,0.8022249432743047,282.19692187500004,94.83717520889834,-0.4138928774709001,0.6296571911900972,1.0,0.9895736575126648,0.015810277312994003,1.0837910175323486,0.21347488462924957,0.21347488462924957,2.325819730758667
53,1.7029415098580847,0.921875,0.9053271331398164,0.6873281383141944,0.0,0.078125,0.0,59,0.00016350682767896692,0.6904754638671875,0.889,1.0,59,1.0,64,1.0,50,0.78125,0.8984610847932409,48.01734375,41.05692470682425,-0.3885288298301528,0.7023772481629709,3.015625,2.253415376572859,-0.4461646863931384,0.7044330065085751,2.761974375000001,1.6522946264190792,0.21216628704008544,0.7896911288809999,292.609375,132.76982901629282,-0.3447609576974096,0.8815053530331687,1.0,0.9888655543327332,0.019920319318771362,1.1014959812164307,0.1938236653804779,0.1938236653804779,2.332517623901367
54,1.7311467141763164,0.9375,0.8770165478189786,0.6791703276169254,0.0,0.0625,0.0,60,0.0002063200627026166,0.6845191121101379,0.9020000000000001,0.953125,57,0.95,64,0.953125,51,0.796875,0.8901195185816653,46.11734375,30.497379510489687,-0.4210328904980924,0.5217308809590188,3.125,1.9724667297574374,-0.4119733158682536,0.6166065445041766,2.8734539062500017,1.6466080101459895,0.2654463712770774,0.7869732900934092,294.87543750000003,111.07925439239817,-0.32971577582997924,0.7374940382412953,1.0,0.9922999739646912,0.0071428571827709675,1.0837911367416382,0.1297357827425003,0.1297357827425003,2.268726348876953
55,1.7981929306789028,0.96875,0.8897843577208058,0.6704432934436882,0.0,0.03125,0.0,62,0.0001566304458559785,0.6891064047813416,0.915,0.953125,59,0.9516129032258065,64,0.953125,52,0.8125,0.8810468555539717,49.478125,41.09394172483791,-0.36353866016036934,0.703010513109951,3.40625,2.234101818964391,-0.32405264880426415,0.698395456754565,2.7877234375000013,1.6855823241114443,0.22447269166558542,0.8056005188579578,300.03179687500005,109.24259859270501,-0.2954809016503379,0.725299837713175,1.0,0.9920571446418762,0.007246376946568489,1.0446386337280273,0.19588957726955414,0.19588957726955414,2.296440601348877
56,1.79378080726103,0.984375,0.8509534131439905,0.6765215122052826,0.0,0.015625,0.0,63,0.0003014514559713721,0.6918227672576904,0.9280000000000002,1.0,63,1.0,64,1.0,57,0.890625,0.8941714689118352,51.2765625,38.771635339943984,-0.33277206984063373,0.6632818880446164,3.421875,2.1345717332465077,-0.3191681673007092,0.6672816735394457,2.9455610937500016,1.7345814717372372,0.2999089939757402,0.8290189767916248,317.94742187500003,124.21576300947139,-0.17653279832411575,0.8247119156153436,1.0,0.9990107417106628,0.0,1.023047924041748,0.2093544751405716,0.2093544751405716,2.2398500442504883
57,1.7814929034233775,0.984375,0.8427085800776406,0.6610601045775966,0.0,0.015625,0.0,63,0.0002267877848530558,0.682583212852478,0.9410000000000001,0.953125,60,0.9523809523809523,64,0.953125,49,0.765625,0.8926171866853683,58.708124999999995,64.10214160996787,-0.205637354915589,1.096620999913291,3.90625,3.9079996081755177,-0.16774924069050515,1.2216673153301365,2.9179881250000017,1.8931995836990783,0.28673087884382953,0.904828287003803,340.12935937500004,222.61541707599156,-0.02925915346239282,1.4780216505070356,1.0,0.9872929453849792,0.010989011265337467,1.0230478048324585,0.22619812190532684,0.22619812190532684,2.3876984119415283
58,1.8076899125085806,0.984375,0.863913648303539,0.6506189576734909,0.0,0.015625,0.0,63,0.0002412810666684148,0.6882151961326599,0.954,0.953125,60,0.9523809523809523,64,0.953125,56,0.875,0.8904776640386523,54.41203125,30.146543706311068,-0.27913235064461855,0.5157289923992782,3.671875,1.6013147674255053,-0.2410164632438297,0.5005819112229957,2.8106540625000016,2.0904902173165034,0.23543206347050483,0.9991205885630264,315.02707812500006,116.86870020338333,-0.19592198235331285,0.7759321947960696,1.0,0.9913321137428284,0.010638297535479069,1.0230478048324585,0.2619370222091675,0.2619370222091675,2.3427672386169434
59,1.7664999788627782,0.9375,0.8770403310656547,0.6843683258940457,0.0,0.0625,0.0,60,0.0002088578580144785,0.6963362693786621,0.9670000000000001,0.953125,57,0.95,64,0.953125,50,0.78125,0.891176635504411,49.04625,33.57248261690666,-0.37092691868719374,0.5743379009227803,3.21875,1.8154609435347266,-0.3826664268469238,0.5675254655437968,2.918227187500002,1.7548723303646891,0.28684513542524054,0.8387167091447246,296.51312500000006,111.84352904679217,-0.31884259546557303,0.7425683251032089,1.0,0.9937757849693298,0.011070110835134983,1.0837911367416382,0.165662944316864,0.165662944316864,2.338768482208252
60,1.888017082610139,0.984375,0.8930309198441959,0.7327876138020499,0.0,0.015625,0.0,63,0.0002228905221231814,0.683836817741394,0.98,0.96875,61,0.9682539682539683,64,0.96875,54,0.84375,0.8792487365277734,46.360625,30.453493892070497,-0.4168709807563176,0.5209801121150465,3.4375,1.4347800354061246,-0.3142836857971542,0.44852201885511417,2.888323125000002,1.5877242572634391,0.27255290660831805,0.758830623196678,311.4956562500001,89.59630262830657,-0.21936832787996788,0.5948612042660689,1.0,0.9917020201683044,0.015267175622284412,1.0230478048324585,0.26629838347435,0.26629838347435,2.3026859760284424
61,1.7722293754238343,0.96875,0.8233058873203493,0.6813598421375572,0.0,0.03125,0.0,62,0.00022655866784697886,0.7006341814994812,0.9930000000000001,0.96875,60,0.967741935483871,64,0.96875,54,0.84375,0.8913895557708874,48.8196875,31.250770788931653,-0.37480281407934113,0.5346194471806894,3.546875,1.5199680043918689,-0.28009231527226947,0.47515235862063626,2.8611496875000015,1.6175935037424904,0.2595657418546211,0.7731062121828788,309.27864062500004,110.82791842682957,-0.2340878703820215,0.7358253308195867,1.0,0.9911011457443237,0.00671140942722559,1.0446386337280273,0.27555885910987854,0.27555885910987854,2.462657928466797
62,1.889468418807577,1.0,0.8764333036378957,0.6831253715541472,0.0,0.0,0.0,64,0.00033461142985451837,0.6806619167327881,1.006,0.96875,62,0.96875,64,0.96875,55,0.859375,0.8795006237454691,52.01671875,33.85156915928564,-0.3201099205491838,0.5791123461359865,3.625,2.1469455046647083,-0.2556699077544946,0.6711497988272164,2.9121978125000014,1.4298698115917647,0.28396347989355347,0.6833862966170359,323.57975000000005,96.86246292036977,-0.13913780106447846,0.6431037849857048,1.0,0.9824060201644897,0.018939394503831863,1.0,0.2985559105873108,0.2985559105873108,2.50173282623291
63,1.8151714000783663,0.9375,0.8925660399099191,0.7156353769917253,0.0,0.0625,0.0,60,0.0002537127877762493,0.6881614923477173,1.0190000000000001,0.984375,59,0.9833333333333333,64,0.984375,50,0.78125,0.8837223908107076,42.14890625,27.482248424959902,-0.4889225395806854,0.47014982636646574,3.03125,1.4466421248878383,-0.4412802048895834,0.4522301888817986,3.1767540625000015,1.6444101659435513,0.4104044428880281,0.7859228611677342,309.89228125000005,114.68637556498771,-0.23001369555040554,0.7614429778929896,1.0,0.9878019094467163,0.014869888313114643,1.0837910175323486,0.18986578285694122,0.18986578285694122,2.4398834705352783
64,1.8337245116428282,0.96875,0.8692798048948809,0.6802466674448452,0.0,0.03125,0.0,62,0.0003368703043688176,0.6953893303871155,1.032,0.96875,60,0.967741935483871,64,0.96875,57,0.890625,0.886105702930083,59.283125000000005,70.45722449816182,-0.19580059971344918,1.2053399471488915,4.03125,3.6570511942684094,-0.1286733886620654,1.14321913062129,3.044345625000002,1.5830837977483585,0.3471216803522964,0.7566127804134376,347.29956250000004,209.01483864854518,0.018346334048229995,1.3877226512767948,1.0,0.9861103296279907,0.022653721272945404,1.0446385145187378,0.22608500719070435,0.22608500719070435,2.394270896911621
65,1.9052678156575047,0.96875,0.9161343388259411,0.6869291955050786,0.0,0.03125,0.0,62,0.0002957508210619025,0.6890056729316711,1.0450000000000002,0.984375,61,0.9838709677419355,64,0.984375,52,0.8125,0.8913663049281438,42.84171875,32.72015360192244,-0.4770703187746292,0.5597567672322054,3.140625,1.8188869149496347,-0.4070888343646986,0.5685964475602976,3.0533631250000024,1.8025545128857035,0.35143146847411455,0.8615057420087577,300.588265625,98.92323666030813,-0.29178631090216084,0.6567859829414084,1.0,0.9850713014602661,0.01433691754937172,1.0446386337280273,0.2863479256629944,0.2863479256629944,2.443878173828125
66,1.921447247135023,1.0,0.8791621325071901,0.6787237947472318,0.0,0.0,0.0,64,0.0002295043649771162,0.691581666469574,1.058,0.953125,61,0.953125,64,0.953125,54,0.84375,0.8870090297086436,55.95390625,45.24283923372527,-0.25275487772757665,0.7739873638120238,3.703125,2.376181860543296,-0.23124750023671975,0.74281064620202,2.7921718750000015,1.4019988286492924,0.22659876020987707,0.6700657497660399,320.12684375000003,136.76076434978742,-0.16206285388294056,0.9080025692015573,1.0,0.9811112880706787,0.02389078587293625,1.0,0.34157899022102356,0.34157899022102356,2.4541139602661133
67,1.8303621965707395,0.96875,0.8474204513214288,0.6601145359895036,0.0,0.03125,0.0,62,0.00040444245066733383,0.6961166262626648,1.0710000000000002,0.984375,61,0.9838709677419355,64,0.984375,55,0.859375,0.8871902060522281,54.44453125,52.190631879967434,-0.27857636013319326,0.8928460341708239,3.875,2.981715110469141,-0.1775182036976151,0.9321044675812403,2.863280156250002,1.4773352519639176,0.260583969624253,0.7060717405995984,337.15206250000006,175.67180635081593,-0.04902646921723454,1.1663465926151593,1.0,0.9874409437179565,0.0065146577544510365,1.0446385145187378,0.35564929246902466,0.35564929246902466,2.4778664112091064
68,1.8760027204318264,0.953125,0.9039256268593131,0.6897300961960702,0.0,0.046875,0.0,61,0.00036109796297223933,0.6835076212882996,1.084,0.953125,59,0.9672131147540983,64,0.953125,54,0.84375,0.8944373448853077,55.79781249999999,35.913375227272134,-0.25542523600120115,0.6143844879882807,3.515625,1.9921109053903099,-0.28986127827937935,0.6227474477061831,2.6184609375000014,1.8931437339100472,0.14357604492655643,0.9048015943775349,307.88081250000005,105.50518750144401,-0.24336854042533834,0.7004858577009855,1.0,0.9805353283882141,0.0037735849618911743,1.0648608207702637,0.41425636410713196,0.41425636410713196,2.603029489517212
69,1.861630165582742,0.953125,0.8669725193596277,0.7069672866932654,0.0,0.046875,0.0,61,0.00030097852358583623,0.6802681088447571,1.097,1.0,61,1.0,64,1.0,58,0.90625,0.8936649130073085,47.548593749999995,32.98985425793756,-0.39654792374494063,0.5643706443297309,3.203125,1.937940978042159,-0.38755090835047873,0.6058135591826017,2.7287134375000015,1.562338793008158,0.19626968672314343,0.7466979952716166,296.567,99.59327317520001,-0.3184849004888868,0.661234589819801,1.0,0.9832753539085388,0.0036764706019312143,1.0648608207702637,0.3350954055786133,0.3350954055786133,2.5726048946380615
70,1.8323295149357013,0.953125,0.8684418233203106,0.6540381962202227,0.0,0.046875,0.0,61,0.00037396905374510736,0.6934711933135986,1.1099999999999999,0.96875,59,0.9672131147540983,64,0.96875,56,0.875,0.8938969819298519,53.286874999999995,47.84002883553034,-0.2983808490714141,0.8184185261189786,3.671875,2.5252146412483434,-0.2410164632438297,0.7893993092917587,2.7106909375000017,1.9582581939536536,0.187656084679843,0.9359221406990784,314.4083125000001,113.25217818336813,-0.20003018385324445,0.7519208396288161,1.0,0.9822283387184143,0.010489510372281075,1.0648607015609741,0.4084533452987671,0.4084533452987671,2.561689853668213
71,1.9169648301166056,0.984375,0.8653360824026759,0.6699027405052929,0.0,0.015625,0.0,63,0.0003829766716171507,0.6967606544494629,1.123,0.984375,62,0.9841269841269841,64,0.984375,49,0.765625,0.8944125786457646,51.788124999999994,42.797437564758184,-0.32402056534829543,0.7321528984406622,3.453125,2.6275564188757206,-0.30939920429359924,0.8213920465629178,2.765001250000002,1.686207100035741,0.21361293965125597,0.8058991217808669,305.13359375000005,136.31269563107455,-0.26160828700045,0.9050276841919243,1.0,0.9864605069160461,0.010869565419852734,1.0230478048324585,0.3865166902542114,0.3865166902542114,2.639883279800415
72,1.9019223751773047,1.0,0.8467637104913592,0.6321325759553491,0.0,0.0,0.0,64,0.00033807413790604753,0.6964755654335022,1.136,0.984375,63,0.984375,64,0.984375,58,0.90625,0.8983956906078234,66.83624999999999,55.49111808152272,-0.06658626643316969,0.9493087729755874,4.34375,2.873471060842618,-0.030983758590966026,0.8982666398519195,2.5322209375000018,2.3775097777412766,0.102358841973901,1.136297576891063,332.31640625000006,143.05314633868582,-0.0811320831310719,0.949779895026559,1.0,0.97674560546875,0.018248174339532852,1.0,0.5764532685279846,0.5764532685279846,2.753674030303955
73,2.0109761265557484,1.0,0.8986870782682672,0.673874634060305,0.0,0.0,0.0,64,0.00025245545746946873,0.6850066781044006,1.149,0.953125,61,0.953125,64,0.953125,53,0.828125,0.8838388961436641,45.1225,28.60733324909891,-0.43805208081657687,0.4893971028824618,3.234375,1.8091968824246298,-0.37778194534336884,0.5655672773435148,3.2614021875000017,1.8531533098086064,0.4508608314279952,0.8856887299717853,316.95473437500004,104.5212838165693,-0.18312359799315595,0.6939533768541533,1.0,0.9844282269477844,0.007017544005066156,1.0,0.3983619809150696,0.3983619809150696,2.6589443683624268
74,1.894085846691009,0.96875,0.8713677655304631,0.6506559317696701,0.0,0.03125,0.0,62,0.000352603085387238,0.6942982077598572,1.162,1.0,62,1.0,64,1.0,58,0.90625,0.8859292818382521,52.891406249999996,34.89009981656632,-0.30514629130419,0.5968789058674425,3.578125,1.9349151103795226,-0.2703233522651595,0.6048676523262592,2.9357928125000017,2.0003528582207926,0.2952403804462891,0.9560406972890897,317.1881718750001,116.26221168582614,-0.18157372474730382,0.7719055053083984,1.0,0.9762338995933533,0.017667844891548157,1.0446386337280273,0.5596480369567871,0.5596480369567871,2.844341278076172
75,1.9694294147648,0.984375,0.8842700227858529,0.6699569426371915,0.0,0.015625,0.0,63,0.0003693040877079144,0.6942168474197388,1.175,0.953125,60,0.9523809523809523,64,0.953125,55,0.859375,0.885452641837623,47.7390625,33.053035257689935,-0.39328949858423173,0.5654515069871058,3.578125,1.7482552686535797,-0.2703233522651595,0.5465165134867798,3.225277500000002,1.8533015437228861,0.43359554181425747,0.8857595762998156,319.02960937500006,105.07373061326058,-0.1693477768376563,0.6976212644469709,1.0,0.9814938902854919,0.027210883796215057,1.023047924041748,0.5169070959091187,0.5169070959091187,2.6563332080841064
76,2.015573551498564,1.0,0.8835332319140434,0.6914218317284964,0.0,0.0,0.0,64,0.0003321354901833788,0.6998375654220581,1.1880000000000002,0.953125,61,0.953125,64,0.953125,55,0.859375,0.8769518354975032,46.721562500000005,32.100115908024286,-0.41069627844193096,0.5491495341696396,3.390625,2.103696059171809,-0.3289371303078191,0.6576297273680756,3.339321406250001,2.2572838374539503,0.4881012332500163,1.0788372686698595,329.181015625,164.01438129317847,-0.10194903861158554,1.0889488685461663,1.0,0.9736406207084656,0.016611294820904732,1.0,0.5047425031661987,0.5047425031661987,2.6832563877105713
77,1.9832577173069499,1.0,0.8849866060772911,0.6387739207561461,0.0,0.0,0.0,64,0.0005943970817072174,0.6914083361625671,1.201,0.984375,63,0.984375,64,0.984375,58,0.90625,0.8902500651080754,57.76046875,42.545233224096606,-0.22184928977998475,0.7278383378145666,4.1875,2.2211694554896075,-0.07982857362651571,0.694352711782416,3.2790345312500024,2.3626906547468103,0.45928796374333347,1.1292149841261825,356.36857812500006,129.74921115280495,0.07855870216989065,0.8614504140770793,1.0,0.9831146597862244,0.009615384973585606,0.9999999403953552,0.602769136428833,0.602769136428833,2.714400053024292
78,1.829973782933226,0.984375,0.7994691482966855,0.6106278094232822,0.0,0.015625,0.0,63,0.0006492776167651114,0.6962065100669861,1.214,1.0,63,1.0,64,1.0,60,0.9375,0.900137542972368,77.49203125,94.2965618935098,0.11570644946909014,1.6131690360867192,4.84375,4.886904535337272,0.12531964952279298,1.5276796679996028,3.4492920312500024,2.5270293864784317,0.5406601568290449,1.2077583846220576,407.7227343750001,301.851421726673,0.41951691511841827,2.0040972112729194,1.0,0.9843937754631042,0.00615384615957737,1.023047924041748,0.6079484820365906,0.6079484820365906,2.656400680541992
79,1.8974706618311827,1.0,0.823173763230443,0.6002130736881829,0.0,0.0,0.0,64,0.000723281069142892,0.6915242075920105,1.227,0.96875,62,0.96875,64,0.96875,54,0.84375,0.8917355673264662,87.7853125,193.79167924256276,0.2917977327439142,3.3152718416011346,5.84375,11.799389218832474,0.43792646575031097,3.6885694971285203,4.189744687499996,8.074945229390629,0.8945491574028958,3.859307239695867,499.0113906250006,1030.5024298548483,1.0256142472593317,6.841866220368958,1.0,0.9652537703514099,0.007299270015209913,0.9999999403953552,0.48097649216651917,0.48097649216651917,3.4500041007995605
80,1.9104303633265558,0.984375,0.8383542101771112,0.6183746588271254,0.0,0.015625,0.0,63,0.0004572059488520214,0.6895064115524292,1.24,0.984375,62,0.9841269841269841,64,0.984375,62,0.96875,0.8955373884942988,54.39359375,43.36560184088837,-0.27944776833860013,0.7418727121778683,4.21875,2.7183907808665038,-0.07005961061940577,0.8497874872689143,3.2250928125000025,1.9985721516947028,0.43350727300430497,0.9551896334870841,357.8922968750001,117.09996809559777,0.08867520412363823,0.7774676632566542,1.0,0.9833568930625916,0.009404388256371021,1.023047924041748,0.7300081849098206,0.7300081849098206,2.82977294921875
81,1.9841235670129156,0.984375,0.8616116860556224,0.6757788729492223,0.0,0.015625,0.0,63,0.00048268457618455204,0.68211829662323,1.2530000000000001,0.984375,62,0.9841269841269841,64,0.984375,52,0.8125,0.9012213462198384,49.68203125000001,35.27711803437922,-0.3600503543074365,0.6034997814629102,3.5,2.2707377655731187,-0.2947457597829343,0.7098481033834008,2.967740625000002,1.7513828359612345,0.310509391018018,0.8370489540539391,312.09335937500003,136.5354693727018,-0.21539996768762737,0.9065067570145273,1.0,0.9866188168525696,0.006968641187995672,1.023047924041748,0.623961329460144,0.623961329460144,2.7614662647247314
82,1.9562249311857651,1.0,0.8312471725512296,0.628833452056849,0.0,0.0,0.0,64,0.0005116340871266809,0.6926165819168091,1.266,1.0,64,1.0,64,1.0,57,0.890625,0.8919060809215801,60.37218750000001,48.368651924204414,-0.17716957151809226,0.8274618929319973,4.0625,2.8111107680061274,-0.11890442565495546,0.8787723872492885,3.024688750000002,1.7872765808551965,0.33772695161516775,0.8542038678761246,339.27832812500003,124.19790803593163,-0.034909447719994484,0.8245933701982849,1.0,0.9851948618888855,0.0,0.9999999403953552,0.7261703610420227,0.7261703610420227,2.8393845558166504
83,2.0419117109286367,1.0,0.8720403218176216,0.6614386244574357,0.0,0.0,0.0,64,0.0004712913277719532,0.6875664591789246,1.279,0.984375,63,0.984375,64,0.984375,60,0.9375,0.8834935108716238,51.675000000000004,36.76685680575646,-0.32595584001306405,0.6289853390440826,3.703125,2.051521443800917,-0.23124750023671975,0.6413195869690856,3.2145175000000012,2.0056672053256377,0.42845295016571144,0.9585806152295031,338.92917187500007,118.96916331167436,-0.037227618238856765,0.7898779043561838,1.0,0.985326886177063,0.019480518996715546,1.0,0.66317218542099,0.66317218542099,2.7572624683380127
84,2.026385686165211,0.984375,0.8798698217622818,0.6602583116255291,0.0,0.015625,0.0,63,0.0004714409235201354,0.6907318830490112,1.292,0.984375,62,0.9841269841269841,64,0.984375,57,0.890625,0.8891696174528423,55.01109375,35.454931167839135,-0.26888394862151976,0.606541701924772,3.671875,2.039107398930964,-0.2410164632438297,0.6374388719257841,3.214969843750002,1.9518515572971777,0.428669141540342,0.9328601782302254,326.0485625,101.52116012020527,-0.12274649100172241,0.6740345058448216,1.0,0.9851288199424744,0.0,1.023047924041748,0.662516176700592,0.662516176700592,2.864619731903076
85,1.9810380994132477,0.984375,0.848698572270454,0.6525847999305919,0.0,0.015625,0.0,63,0.0003850468947142992,0.6785498857498169,1.305,1.0,63,1.0,64,1.0,57,0.890625,0.8934904377503152,50.53031250000001,39.52256613983135,-0.3455384673529756,0.6761283618745971,3.65625,2.244568095981942,-0.24590094474738466,0.701667286290777,3.0727968750000016,1.924414506526008,0.3607195577352595,0.9197470231970898,327.7891875000001,139.1040468121879,-0.11118987255541003,0.9235604414198102,1.0,0.9835203886032104,0.016129031777381897,1.0230478048324585,0.7837536931037903,0.7837536931037903,2.8557043075561523
86,1.8515947809847262,1.0,0.7704749820113648,0.5449167170183232,0.0,0.0,0.0,64,0.0008838845095006008,0.7002451419830322,1.318,0.984375,63,0.984375,64,0.984375,56,0.875,0.8964947707172334,114.53890625000001,312.8998467616935,0.7494821718678145,5.352902948490051,7.171875,17.97268299348695,0.8531073935524833,5.618383209660413,3.871126874999998,6.793161252702452,0.74227022602368,3.2466964986404574,557.0289218750006,1353.7209125793413,1.4108129384496937,8.987826826267876,1.0,0.9814768433570862,0.04285714402794838,1.0000001192092896,1.5178951025009155,1.4819985628128052,3.390000104904175
87,1.9020797696670277,0.984375,0.8059632127128896,0.5913383086741248,0.0,0.0,0.0,63,0.004473494889871263,0.6924737691879272,1.331,0.96875,62,0.9841269841269841,63,0.96875,53,0.8412698412698413,0.8875549650799511,104.22063492063488,268.3752748699133,0.5729633733004743,4.5912032716561235,6.238095238095238,14.642528064440029,0.5612014751257459,4.577354079746679,3.641163174603179,4.442322048081682,0.6323622887440027,2.123145749499528,502.8349841269846,1052.8805093497679,1.0510004224528546,6.990442120568036,0.984375,0.9548457860946655,0.006666666828095913,1.023047924041748,0.5429660677909851,0.5429660677909851,4.149785995483398
88,2.0658736621606253,1.0,0.8546282052993774,0.6772994988229306,0.0,0.0,0.0,64,0.00039426878212664093,0.69217848777771,1.344,1.0,64,1.0,64,1.0,61,0.953125,0.8882535916837923,48.84578125,34.92738081562442,-0.37435641785141793,0.5975166868438351,3.40625,1.9978015260530761,-0.32405264880426415,0.624526374513929,3.391427968750002,1.5818732669391746,0.5130048367023328,0.7560342241281574,330.673125,102.78261943166454,-0.09204240235906687,0.6824097756175079,1.0,0.9891394376754761,0.006734006572514772,1.0,0.7069298028945923,0.7069298028945923,2.934910774230957
89,1.9720151715727583,0.96875,0.8481799410055241,0.628628357973387,0.0,0.03125,0.0,62,0.0007436617887993718,0.692736804485321,1.357,0.96875,60,0.967741935483871,64,0.96875,56,0.875,0.8834277369348569,62.05796874999999,71.93358073988476,-0.14833023676921092,1.2305965644375514,4.015625,3.1349451126574768,-0.13355787016562037,0.9800052107158715,3.0141371875000016,2.2876341244855682,0.33268397975721153,1.0933427642664917,356.1211875,215.65193829183954,0.07691618924475167,1.4317886782313114,1.0,0.9835079908370972,0.006472492124885321,1.0446386337280273,0.7065526247024536,0.7065526247024536,2.903277635574341
90,2.054513516878464,1.0,0.8751096848864108,0.5989741554687225,0.0,0.0,0.0,64,0.0006379452279491188,0.6904926300048828,1.37,1.0,64,1.0,64,1.0,60,0.9375,0.8982761820450185,61.51421875,52.79529106619878,-0.15763238571036461,0.9031901809459242,4.375,3.2282928925362393,-0.021214795583856087,1.0091863629856788,3.4075218750000005,2.8555594872080596,0.5206966943114143,1.364774755654403,367.23220312500007,217.05349421003768,0.15068610989344666,1.4410940983980827,1.0,0.9822670221328735,0.009230769239366055,1.0,0.7199723720550537,0.7199723720550537,3.1208155155181885
91,1.9958100575020294,0.96875,0.8683082559897054,0.6051779878238478,0.0,0.03125,0.0,62,0.000554934708898655,0.6787629127502441,1.383,0.984375,61,0.9838709677419355,64,0.984375,57,0.890625,0.8914628128229236,57.818906250000005,50.90865217221146,-0.22084957607194117,0.870914694067683,4.046875,2.939120231357506,-0.12378890715851043,0.9187890180345561,3.4790254687500024,2.2937947866328763,0.5548708378113919,1.0962871666557348,356.7536718750001,163.93319769888885,0.08111547432633455,1.088409862256296,1.0,0.9855024218559265,0.010067113675177097,1.0446386337280273,0.7037886381149292,0.7037886381149292,2.8562309741973877
92,2.0093578211769967,1.0,0.8410434244433418,0.5798965970097532,0.0,0.0,0.0,64,0.0009129794152775927,0.6887484192848206,1.3960000000000001,0.984375,63,0.984375,64,0.984375,58,0.90625,0.8964585411264495,62.541250000000005,58.40550842225843,-0.14006255094306458,0.9991664153152351,4.109375,3.187461703201311,-0.10425098114429056,0.9964222548849038,3.2602065625000023,2.0641774807264497,0.450289399165933,0.9865447837825069,359.55048437500005,169.77744450759948,0.09968449116130748,1.127211861810677,1.0,0.9844487905502319,0.003215434029698372,0.9999999403953552,0.7431994676589966,0.7431994676589966,2.7902324199676514
93,1.9738931679936829,0.984375,0.8217185172769759,0.614450282381743,0.0,0.0,0.0,63,0.004057700829856372,0.6952136754989624,1.409,0.953125,61,0.9682539682539683,63,0.953125,57,0.9047619047619048,0.8917604147520231,67.08222222222221,55.29419015505153,-0.06237832115225442,0.9459398480970447,4.444444444444445,3.069448933416239,0.0004940110986105026,0.9595306586482014,2.9881247619047637,1.9760907316188774,0.32025170442036355,0.9444449528988512,363.00915873015884,179.98764806351338,0.12264784044826695,1.1950009759247875,0.984375,0.9944635629653931,0.010362694039940834,1.023047924041748,0.6954905390739441,0.6954905390739441,3.6233162879943848
94,1.9282121210681884,0.96875,0.8201370336596043,0.6125760870421744,0.0,0.03125,0.0,62,0.000657214840181488,0.6902496814727783,1.422,1.0,62,1.0,64,1.0,56,0.875,0.8980305289323691,75.81078125,87.46279057591948,0.0869446326280516,1.4962609742457815,5.109375,4.572735735790447,0.20835583508322744,1.4294683598152487,3.110280000000002,2.120613464253921,0.3786340935704262,1.0135175735191084,411.0582343750001,265.7994457134071,0.4416624667608878,1.7647355273829943,1.0,0.9748031497001648,0.03947368264198303,1.0446386337280273,0.9195593595504761,0.9195593595504761,3.1493000984191895
95,2.0965758131569823,1.0,0.8649494632263668,0.6352154542725605,0.0,0.0,0.0,64,0.0007341459525416899,0.696723997592926,1.4349999999999998,0.984375,63,0.984375,64,0.984375,55,0.859375,0.892192288418863,64.93328125,74.2477838275049,-0.09914111469590295,1.2701865631522558,4.328125,4.046814671364999,-0.03586824009452099,1.2650618502782218,3.2467676562500025,1.7784758504841867,0.4438664617080486,0.8499976817695207,370.06148437499996,240.2734207300346,0.1694706981209816,1.5952593155718,1.0,0.9753071069717407,0.02555910497903824,1.0,0.8118972778320312,0.8118972778320312,2.980152130126953
96,2.011339187449935,0.984375,0.8285931439271995,0.6149838593068667,0.0,0.015625,0.0,63,0.000730914372810045,0.6975414156913757,1.448,1.0,63,1.0,64,1.0,60,0.9375,0.8933675726846371,59.63203125,41.94686952636064,-0.18983172080954233,0.7176018904815654,4.15625,2.5993914552256263,-0.08959753663362566,0.8125874869470979,2.9881757812500016,1.7866712189439107,0.3202760884035173,0.8539145436094586,342.4479687500001,149.05710965169624,-0.013865094504882061,0.9896423083402341,1.0,0.979813814163208,0.0063492064364254475,1.023047924041748,0.9437601566314697,0.9437601566314697,3.018911123275757
97,2.040398570905689,1.0,0.8370365938171744,0.5958613525474605,0.0,0.0,0.0,64,0.000687482965298288,0.6908091306686401,1.4609999999999999,1.0,64,1.0,64,1.0,60,0.9375,0.8945405170740445,64.35390625,46.90146058550534,-0.10905271477458058,0.8023620633085499,4.59375,2.8870332414954976,0.04716794546591348,0.9025062699669186,3.7105781250000023,2.1486545093113487,0.6655381943383253,1.0269193991816379,395.9312968750001,187.58514587345394,0.34122943555157714,1.2454434223656767,1.0,0.9749692678451538,0.0058309040032327175,1.0,0.9324033260345459,0.9324033260345459,2.959928512573242
98,2.0131631617221126,0.984375,0.8203610771646103,0.6036449552104133,0.0,0.015625,0.0,63,0.00079862051501112,0.6901878714561462,1.474,1.0,63,1.0,64,1.0,60,0.9375,0.8990707269725005,56.559374999999996,47.86860224467991,-0.24239688142097596,0.8189073428687088,4.0625,2.7943861132635197,-0.11890442565495546,0.8735441461776975,3.203198437500002,2.087873902763602,0.4230431624071741,0.9978701575807106,347.09284375000004,146.60546683128618,0.016973855932927474,0.973364993788209,1.0,0.9818315505981445,0.0031847134232521057,1.0230478048324585,0.9185063242912292,0.9185063242912292,2.9276363849639893
99,1.9351339391295546,1.0,0.767467569821747,0.570422699961258,0.0,0.0,0.0,64,0.0004416438115695115,0.6965118050575256,1.4869999999999999,1.0,64,1.0,64,1.0,55,0.859375,0.8991751975203852,66.9528125,70.52907872087118,-0.06459218507969246,1.2065691861037298,4.421875,3.556704441526594,-0.0065613510731911805,1.111850051727901,3.5355631250000026,2.1820341253009183,0.5818922206050344,1.0428727202243537,388.9316093750001,212.44980774869342,0.2947560609413547,1.410528613080908,1.0,0.9974648952484131,0.0029498524963855743,1.0,1.2078099250793457,1.2078099250793457,3.0997767448425293
100,1.9709290417553367,1.0,0.7899242750136182,0.5555687839090135,0.0,0.0,0.0,64,0.0006394225703228095,0.6941660046577454,1.5,0.984375,63,0.984375,64,0.984375,59,0.921875,0.8955445549647625,69.08328125,65.32575018835144,-0.028145403236982097,1.117553761737286,4.65625,3.8373931174040536,0.06670587148013335,1.1995952450450715,3.444483437500002,2.5175955236459124,0.538361956637595,1.2032496017023515,398.33598437500007,243.03403470144949,0.3571949973010149,1.6135879977090781,1.0,0.9938811659812927,0.012383900582790375,1.0,1.136357307434082,1.136357307434082,3.1281282901763916
101,2.0604152804579643,1.0,0.8321936183492653,0.595185996950391,0.0,0.0,0.0,64,0.000591780962688887,0.696835458278656,1.5,1.0,64,1.0,64,1.0,59,0.921875,0.9005142955005804,97.96937499999999,252.97908959953455,0.4660205671365922,4.3278145663491605,6.171875,14.95572077782863,0.5405005773249654,4.675260256744747,3.7823023437499996,5.33026986330919,0.6998177824742171,2.5475280003297613,498.47876562500056,1039.3239749803413,1.022077963510697,6.900435545250678,1.0,0.9718584418296814,0.03617570921778679,1.0,0.9197064638137817,0.9197064638137817,3.847846508026123
102,1.905451563760149,0.984375,0.7641134358173798,0.5800432878341568,0.0,0.015625,0.0,63,0.0006219657948279477,0.6957594156265259,1.5,1.0,63,1.0,64,1.0,54,0.84375,0.9053962672627033,131.67187500000006,370.6082616113808,1.042582727484612,6.340143904976822,7.84375,20.288712032494818,1.063140098205347,6.342389673835141,3.941243593750003,4.562792135105704,0.7757815319964678,2.1807227442420283,596.2224843750005,1321.583903228649,1.6710327143142105,8.774457975957494,1.0,0.9717801809310913,0.033898305147886276,1.023047924041748,0.9234899282455444,0.9234899282455444,3.7338998317718506
103,2.0240390267592243,0.96875,0.8235610960231673,0.641687158978899,0.0,0.03125,0.0,62,0.0003086469338391144,0.699152946472168,1.5,0.96875,60,0.967741935483871,64,0.96875,56,0.875,0.8924642817111446,60.23671875000001,45.00399156098155,-0.17948708965946594,0.7699013010513617,4.09375,2.7540807790440716,-0.10913546264784553,0.8609444239703697,3.1120412500000016,1.9289568113745938,0.3794758583976566,0.9219179543290122,336.80387500000006,153.7242488209916,-0.051338207865866584,1.0206290783885692,1.0,0.9952039122581482,0.013245033100247383,1.0446386337280273,0.9979252815246582,0.9979252815246582,3.1395986080169678
104,2.1051241730912924,1.0,0.842108718585223,0.6219740090544961,0.0,0.0,0.0,64,0.000624576800639183,0.6863603591918945,1.5,0.984375,63,0.984375,64,0.984375,57,0.890625,0.899047348345281,61.806718749999995,38.85051057638623,-0.15262847110753713,0.6646312382922568,4.0,2.069118169655856,-0.13844235166917535,0.6468204434146266,2.822612812500002,1.9867527910775897,0.24114758093119684,0.9495407352342295,332.04403125000005,126.52732801071191,-0.08294047606425069,0.8400592045105308,1.0,0.986824631690979,0.003215434029698372,1.0,0.9102126955986023,0.9102126955986023,3.0309736728668213
105,1.9878922512687058,1.0,0.7949215163243935,0.5958776553430709,0.0,0.0,0.0,64,0.00042397891183264063,0.6918246150016785,1.5,1.0,64,1.0,64,1.0,59,0.921875,0.8958301225254979,114.98062500000002,309.66114331270956,0.7570388313668496,5.297497151968346,7.4375,18.331900985713403,0.9361435791129178,5.730677202541966,4.440768124999996,7.964479776512131,1.014522301759468,3.8065118200466315,589.4474687500003,1344.5461470528844,1.6260510148982377,8.926912347546935,1.0,0.9611032605171204,0.01847575046122074,1.0,2.305598258972168,2.180736780166626,3.783324718475342
106,1.9443988218858548,0.96875,0.8076452129190007,0.5924313233074014,0.0,0.015625,0.0,62,0.003953075452798576,0.6971355676651001,1.5,0.953125,60,0.967741935483871,63,0.953125,57,0.9047619047619048,0.9017897816374427,125.81285714285717,374.6259108930824,0.9423501633356046,6.408875439710997,7.841269841269841,22.241250356828463,1.062364783680973,6.952766462967294,4.941906031746027,9.505484454954008,1.254034161796807,4.543013473366791,662.1306507936521,1690.9344132081012,2.1086200934431902,11.22670525310405,0.984375,0.9371553659439087,0.03585657477378845,1.0446386337280273,2.587573528289795,2.478541851043701,4.589096546173096
107,1.9684913912873205,0.96875,0.8145706924279371,0.5794837110175983,0.0,0.03125,0.0,62,0.0005248114819239235,0.6914448738098145,1.5,1.0,62,1.0,64,1.0,61,0.953125,0.8979850175846846,61.761250000000004,49.85662614249483,-0.15340632321727138,0.852917263597072,4.125,3.1942330847951594,-0.09936649964073559,0.9985390349264184,3.479255625000002,2.4051902311809683,0.5549808377750638,1.1495270628285086,371.47121875000005,178.37793161479055,0.17883041792422807,1.1843135051573093,1.0,0.9885357022285461,0.0060240961611270905,1.0446386337280273,1.0618313550949097,1.0618313550949097,3.075774669647217
108,2.1362004035275772,1.0,0.8701945365173742,0.6319539343903844,0.0,0.0,0.0,64,0.0006670602630801986,0.6916829943656921,1.5,0.984375,63,0.984375,64,0.984375,56,0.875,0.8841553669886536,67.08984375,81.67045094639852,-0.06224793662526939,1.397169101231434,4.671875,4.2095675531312,0.07159035298368832,1.3159395104790077,3.532995000000002,2.499080353915216,0.5806648211461659,1.1944005350454292,400.0545312500001,286.79037023647425,0.3686050313499782,1.9041016203372017,1.0,0.9839674830436707,0.008982036262750626,1.0,0.8877263069152832,0.8877263069152832,3.07250714302063
109,1.9124065072989338,0.984375,0.7720837257802486,0.5219316250096615,0.0,0.015625,0.0,63,0.0005182089413196147,0.6866121292114258,1.5,1.0,63,1.0,64,1.0,56,0.875,0.9003189781683894,77.86406249999999,54.84918067752784,0.12207093700612653,0.9383268928048141,4.703125,3.185316347613687,0.08135931599079826,0.9957516021049807,2.9521003125000016,2.1024628499378193,0.3030343222035992,1.0048427410285918,363.4387812500001,162.90216208610363,0.1255002546889841,1.0815644560478834,1.0,0.984470009803772,0.012195121496915817,1.023047924041748,1.193831205368042,1.193831205368042,3.1540369987487793
110,2.028721915231653,0.953125,0.8651537186786776,0.6179951700353621,0.0,0.046875,0.0,61,0.00055681093914077,0.6883867383003235,1.5,1.0,61,1.0,64,1.0,61,0.953125,0.901637190443561,58.00890625000001,43.53884896407128,-0.2175991700051471,0.7448365200739121,3.71875,2.4841293117509,-0.22636301873316478,0.7765557552439044,3.071267812500002,2.082577236177622,0.3599887636792556,0.9953386897972355,331.60596875000005,150.39039145462067,-0.08584892628651998,0.998494432765546,1.0,0.9876741766929626,0.0034722222480922937,1.0648608207702637,1.081738829612732,1.081738829612732,3.091127395629883
111,2.043768869780398,0.96875,0.8469430918414746,0.6222502443049649,0.0,0.03125,0.0,62,0.0004163183124354302,0.6943663358688354,1.5,1.0,62,1.0,64,1.0,56,0.875,0.8950716362581669,62.93906249999999,53.327045574887165,-0.13325701324071496,0.9122871182147967,4.0,2.7271780286589284,-0.13844235166917535,0.8525344408247065,3.257335312500001,2.399419308313841,0.44891712534893546,1.1467689308823292,364.05365625,190.86783688509263,0.12958262496815115,1.2672383566557426,1.0,0.9824374914169312,0.0061349691823124886,1.0446386337280273,1.017587661743164,1.017587661743164,3.0767664909362793
112,2.088545387835174,0.984375,0.8512238055940659,0.6166108851441322,0.0,0.015625,0.0,63,0.0005683953885680347,0.6852050423622131,1.5,0.984375,62,0.9841269841269841,64,0.984375,56,0.875,0.8971014648852658,51.71625,37.813450380618534,-0.32525015974856275,0.646889834334605,3.578125,2.5050242482608827,-0.2703233522651595,0.7830876548215662,3.4464287500000026,2.121679336524713,0.5392916915647619,1.0140269922773044,333.7774843750001,150.2765396807034,-0.07143147420561234,0.9977385310000321,1.0,0.9842869639396667,0.003289473708719015,1.0230478048324585,1.0763520002365112,1.0763520002365112,2.9962542057037354
113,2.0863105516995826,0.984375,0.8501496050092909,0.623746404874955,0.0,0.015625,0.0,63,0.0005565531334901608,0.6880269646644592,1.5,1.0,63,1.0,64,1.0,56,0.875,0.901035821326768,60.76390625,37.987663360013485,-0.17046828203663486,0.6498701655195502,4.015625,2.335140436756428,-0.13355787016562037,0.7299808173785628,2.901188125000002,1.9756290148763989,0.2787015535933123,0.9442242818334363,324.23665625000007,137.53772331496222,-0.13477637060918352,0.913161071641179,1.0,0.9900632500648499,0.006430868059396744,1.023047924041748,1.192482829093933,1.192482829093933,2.95933198928833
114,2.1117114917377666,1.0,0.8510895131039433,0.6011129456654976,0.0,0.0,0.0,64,0.0006097287038622063,0.6897130608558655,1.5,0.96875,62,0.96875,64,0.96875,58,0.90625,0.8919839823672121,58.504375,54.92912740167438,-0.20912298773721658,0.9396945734215836,3.984375,3.208836371548883,-0.14332683317273032,1.0031041219049575,3.0460456250000023,2.087929175072365,0.3479341715978847,0.9978965742083536,345.0378437500001,163.97334514861126,0.003329991856994829,1.08867641522321,1.0,0.9958594441413879,0.003215434029698372,1.0,1.039247751235962,1.039247751235962,2.989881753921509
115,2.0740255051068845,1.0,0.824805173324421,0.6122225946686642,0.0,0.0,0.0,64,0.000585188589312276,0.7008097171783447,1.5,0.984375,63,0.984375,64,0.984375,59,0.921875,0.8952407918480174,56.58203125,39.22937002344701,-0.24200929188176115,0.6711125385300915,3.765625,2.1194205244299678,-0.21170957422249986,0.6625453023893088,3.2828676562500023,2.2304103022550463,0.46111995227612446,1.065993438030382,347.80878125000004,159.95958832374558,0.02172721551290957,1.0620276791880199,1.0,0.9939500689506531,0.00937500037252903,1.0000001192092896,1.0563017129898071,1.0563017129898071,3.0902113914489746
116,2.050849727980344,1.0,0.8201094546820968,0.5807305411891146,0.0,0.0,0.0,64,0.0005585423745862719,0.6769788861274719,1.5,0.984375,63,0.984375,64,0.984375,59,0.921875,0.8967938680785109,68.31453125,76.02558890617205,-0.04129671725723393,1.3006001863800283,4.59375,4.478136994052326,0.04716794546591348,1.3998961483413654,3.3932628125000015,1.9458326929070364,0.5138817746340365,0.9299835460976539,379.5040156250001,250.50093657992915,0.2321629671758483,1.6631633720634846,1.0,0.9931609630584717,0.0031746032182127237,1.0,1.0885170698165894,1.0885170698165894,3.146059274673462
117,2.108337693485718,0.96875,0.8715635629430893,0.654820883965939,0.0,0.03125,0.0,62,0.0004324044108693914,0.6892836093902588,1.5,1.0,62,1.0,64,1.0,58,0.90625,0.8996688751132009,45.860937500000006,33.763938173680124,-0.42541933486948125,0.5776132077820323,3.140625,2.075656428548569,-0.4070888343646986,0.6488643477107489,3.068961093750002,1.952221848013917,0.3588862996848973,0.9330371535041508,293.54435937500006,125.69278854169197,-0.33855326926645,0.8345184049575822,1.0,0.9917494058609009,0.007407407276332378,1.0446386337280273,1.1230899095535278,1.1230899095535278,3.0928099155426025
118,2.1494525330195176,1.0,0.8683763032313436,0.6117172281457884,0.0,0.0,0.0,64,0.0005277256441712196,0.6759334206581116,1.5,0.984375,63,0.984375,64,0.984375,58,0.90625,0.8868816733200683,50.28109375000001,36.52164649719685,-0.3498019522843377,0.6247904281252269,3.5625,2.39057393736316,-0.2752078337687145,0.7473097075155795,3.5327723437500023,2.0308773074414055,0.5805584057026952,0.9706294312703516,339.81096875000003,138.55557310166301,-0.031373060231517605,0.9199189325362948,1.0,0.9915850758552551,0.006493506487458944,1.0,0.9120743274688721,0.9120743274688721,2.9264755249023438
119,2.1463104810235896,1.0,0.8610486453399062,0.6367053222394341,0.0,0.0,0.0,64,0.0005395908755184244,0.6858330965042114,1.5,1.0,64,1.0,64,1.0,55,0.859375,0.8938444711101475,53.558125000000004,49.364645809115,-0.29374046672605675,0.8445007590688555,3.625,2.981715110469141,-0.2556699077544946,0.9321044675812403,2.8532959375000018,1.9125662489806075,0.25581215178401107,0.9140843140611423,323.40140625000004,161.17118121345771,-0.14032188762593456,1.070071868337703,1.0,0.9900556206703186,0.006369426846504211,1.0,0.8910800218582153,0.8910800218582153,2.9065282344818115
120,2.1488661160253133,0.984375,0.8922341544003713,0.6486380321825372,0.0,0.015625,0.0,63,0.0005467206316288606,0.6864688992500305,1.5,0.96875,61,0.9682539682539683,64,0.96875,54,0.84375,0.9009108973208662,50.49921875,50.001180808078395,-0.3460704005826567,0.855390218133894,3.546875,2.4104569555117554,-0.28009231527226947,0.7535252745160059,3.2693048437500023,1.8650503759960764,0.4546377955574172,0.8913747665161977,330.86398437500003,143.92728899631194,-0.09077522018382718,0.9555836340064255,1.0,0.9840940237045288,0.014285714365541935,1.023047924041748,1.1180974245071411,1.1180974245071411,3.0219247341156006
121,2.0998841046126206,1.0,0.8492284301901236,0.6137231297728323,0.0,0.0,0.0,64,0.0006508009058222241,0.6979143619537354,1.5,1.0,64,1.0,64,1.0,55,0.859375,0.8952300237127048,99.45078124999999,274.2756870166441,0.4913635769386265,4.692143984489379,6.265625,15.999259931614805,0.5698074663462952,5.001477709218602,4.014366874999995,7.286902054559233,0.810729782504875,3.4826730157570833,501.57581250000044,1093.5559843417238,1.0426403414178946,7.260500832010498,1.0,0.9658889174461365,0.0026041667442768812,1.0,0.7755917906761169,0.7755917906761169,3.7715260982513428
122,2.045387715078234,0.984375,0.8334137750050378,0.6195884236845633,0.0,0.015625,0.0,63,0.0006129613823321643,0.6905508041381836,1.5,1.0,63,1.0,64,1.0,56,0.875,0.8951830867923516,64.73015625000001,53.66607344531632,-0.10261605539231072,0.9180870037245608,4.21875,3.134828294739602,-0.07005961061940577,0.9799686926384864,3.1518615625000024,1.6502537277844018,0.3985074203404986,0.7887157098964069,366.82000000000005,199.76080757003172,0.1479493491103931,1.3262819008195215,1.0,0.9866242408752441,0.0,1.023047924041748,1.0760483741760254,1.0760483741760254,2.9465384483337402
123,2.1114517376919113,1.0,0.8553554560639895,0.6110396632560897,0.0,0.0,0.0,64,0.0005847436705809193,0.6869593858718872,1.5,0.96875,62,0.96875,64,0.96875,51,0.796875,0.8937591922726169,63.65765625,51.69176701680196,-0.12096374226934516,0.8843117532353323,4.171875,3.27182425939643,-0.08471305513007069,1.0227945649858752,3.277310625000002,2.6708132638368984,0.45846404683960407,1.276477879687035,363.90028125000003,239.16218271541626,0.12856431467489277,1.5878814175535705,1.0,0.9848357439041138,0.0032573288772255182,1.0,1.141770839691162,1.141770839691162,3.078284978866577
124,2.1626040746090953,1.0,0.8695154413580894,0.6482023052652937,0.0,0.0,0.0,64,0.0006354693625003625,0.6734604835510254,1.5,0.90625,58,0.90625,64,0.90625,52,0.8125,0.8885213529522573,55.14234375,44.014839427394655,-0.26663860232537917,0.7529794794935036,3.625,2.6545950726994127,-0.2556699077544946,0.8298445140498202,3.0404884375000023,1.9489335227753573,0.34527819148386035,0.931465544404753,326.59320312500006,146.79068086885874,-0.1191304313142616,0.974594694592878,1.0,0.9912861585617065,0.010909090749919415,1.0,1.070845603942871,1.070845603942871,2.9660391807556152
125,2.0615562579703606,0.96875,0.850927084684372,0.6542868027616763,0.0,0.03125,0.0,62,0.0006473253851272169,0.6922990083694458,1.5,1.0,62,1.0,64,1.0,61,0.953125,0.8936808770759775,57.18718750000001,57.375342631568174,-0.23165664163777006,0.9815429567054288,4.03125,3.9049997999359745,-0.1286733886620654,1.2207295548270798,3.8263928125000026,2.72478339993147,0.7208902059290708,1.302272152098821,378.30434375000004,283.96732560230475,0.22419792581418402,1.885358439184452,1.0,0.9811044335365295,0.014880952425301075,1.0446386337280273,1.2669179439544678,1.2617826461791992,3.21746826171875
126,2.0412670049928137,0.984375,0.8312296388700368,0.6131190180597887,0.0,0.015625,0.0,63,0.0006937323076330114,0.6861704587936401,1.5,0.953125,60,0.9523809523809523,64,0.953125,54,0.84375,0.8910151342562,65.1496875,53.64999099978809,-0.09543896633857585,0.9178118748902773,4.265625,3.284633672021128,-0.05540616610874087,1.0267988746842265,3.100661875000002,1.7488030209893537,0.3740372451225016,0.8358159675363567,348.1722812500001,152.11087604251352,0.02414061920711991,1.0099173319684402,1.0,0.9878032803535461,0.013114754110574722,1.023047924041748,1.0116530656814575,1.0116530656814575,2.9086508750915527
127,2.150777718975636,1.0,0.8665591890458018,0.6531043016791149,0.0,0.0,0.0,64,0.0007145293667115381,0.6992424130439758,1.5,0.96875,62,0.96875,64,0.96875,59,0.921875,0.8904021434499166,53.6665625,41.157394088834074,-0.291885383000436,0.7040960181040855,3.921875,2.6297854445515134,-0.16286475918695018,0.8220888551827167,3.2671190625000017,2.051834197685787,0.45359313195130185,0.9806454841281809,340.005125,140.42555567369365,-0.030083988949526002,0.9323344011675111,1.0,0.9845943450927734,0.023333333432674408,1.0,1.0401848554611206,1.0401848554611206,3.0084691047668457
128,2.013462767958052,0.96875,0.832824227850764,0.6167824949563814,0.0,0.015625,0.0,62,0.004305727358825614,0.6904788613319397,1.5,0.90625,57,0.9193548387096774,63,0.90625,54,0.8571428571428571,0.8850997129668454,63.42428571428572,52.942594749176294,-0.12495610545406437,0.9057101640238779,4.238095238095238,3.3128623106525876,-0.06401215732929008,1.0356233395332441,3.1374723809523823,1.8900206355518436,0.39163031208248766,0.903308953156858,356.39412698412707,166.50183346209087,0.0787283299855715,1.1054639338931374,0.984375,0.9635785222053528,0.048991356045007706,1.0446386337280273,2.2816662788391113,2.1764016151428223,3.809053421020508
129,2.0316979097788175,0.96875,0.8432838911971738,0.626169758628263,0.0,0.03125,0.0,62,0.0006533984103309855,0.6866829991340637,1.5,0.984375,61,0.9838709677419355,64,0.984375,52,0.8125,0.8960930991069447,60.9521875,77.4036688703439,-0.16724727931419506,1.324175552043562,4.171875,4.539943169729661,-0.08471305513007069,1.4192171801430555,3.6473953125000023,1.9151382437755722,0.6353408519689829,0.9153135630344404,375.42978125,264.5213248666983,0.20511269952329622,1.7562496358476603,1.0,0.9813288450241089,0.012232416309416294,1.0446386337280273,0.9152063727378845,0.9152063727378845,2.968029022216797
130,2.054699836510082,1.0,0.8212243032758124,0.6081346736497453,0.0,0.0,0.0,64,0.0008715443132946694,0.6888074278831482,1.5,0.90625,58,0.90625,64,0.90625,52,0.8125,0.8790913932022637,94.191875,274.38833798944404,0.40139736230862294,4.694071149781059,6.125,15.843472630708206,0.5258471328143004,4.952777537073511,4.338234687499999,6.230952528911826,0.9655178780248805,2.977996694950386,511.7397812500005,1135.5677326696916,1.110122486477277,7.539431529713221,1.0,0.9621667861938477,0.0191256832331419,0.9999998807907104,0.8938230276107788,0.8938230276107788,3.6980674266815186
131,2.0395369690400535,0.984375,0.8200590357420936,0.6534356357154516,0.0,0.015625,0.0,63,0.0006585886986052369,0.6770798563957214,1.5,0.96875,61,0.9682539682539683,64,0.96875,59,0.921875,0.8862942516503665,58.885156249999994,50.5368518692111,-0.20260881044710416,0.8645541574334292,4.203125,2.9589888871665266,-0.07494409212296074,0.9250000952697344,3.2621009375000014,2.2002705135489284,0.4511947892267331,1.051588547167091,365.41010937500005,190.66245425220043,0.1385885919087229,1.2658747494894464,1.0,0.9802354574203491,0.02302631549537182,1.0230478048324585,0.8831967711448669,0.8831967711448669,3.0199341773986816
132,2.2393679689143617,1.0,0.8974204980768263,0.70514868471984,0.0,0.0,0.0,64,0.000647018759316029,0.677330732345581,1.5,0.953125,61,0.953125,64,0.953125,56,0.875,0.8803654293236854,45.94671875,32.8088179388697,-0.4239518406830751,0.5612735835412667,3.265625,2.130450271509523,-0.3680129823362589,0.6659932765076433,3.132412812500002,1.3669221839335237,0.3892121620389508,0.6533013575565313,314.598015625,100.37434762809369,-0.19877067842634477,0.6664204164224604,1.0,0.9893637299537659,0.007246376946568489,1.0000001192092896,0.7711431980133057,0.7711431980133057,2.816859245300293
133,2.045429816757556,0.953125,0.8670879080891609,0.6380704815665589,0.0,0.046875,0.0,61,0.0008074552873904134,0.675022542476654,1.5,0.921875,57,0.9344262295081968,64,0.921875,55,0.859375,0.8882567984844172,55.440937500000004,50.71629187569901,-0.2615304395016594,0.8676239094635021,3.953125,2.970846299352257,-0.15309579617984026,0.928706803141813,3.014917500000002,1.8324529836345747,0.33305691921313696,0.8757952983263628,339.72990625000006,157.49213981177354,-0.0319112625340261,1.0456454251190614,1.0,0.9795128107070923,0.009345794096589088,1.0648607015609741,0.7470418810844421,0.7470418810844421,2.921355962753296
134,2.206273144492643,0.984375,0.9002311002640497,0.6943252211166039,0.0,0.015625,0.0,63,0.0006514260625899498,0.6737691760063171,1.5,0.90625,57,0.9047619047619048,64,0.90625,53,0.828125,0.8740810184078891,45.33359375,27.535108916117636,-0.4344408155236176,0.4710541319514805,3.078125,1.5135294791892888,-0.4266267603789185,0.47313963175585705,3.199710000000002,1.6744885137109793,0.4213759124486263,0.8002983871929039,316.00032812500007,111.51949075554786,-0.1894602350482511,0.7404169215016835,1.0,0.9814151525497437,0.021897809579968452,1.023047924041748,1.0008488893508911,1.0008488893508911,2.8728713989257812
135,2.1615669145030627,1.0,0.8557420925353654,0.6804392550673126,0.0,0.0,0.0,64,0.0012233930642439386,0.6768012642860413,1.5,0.9375,60,0.9375,64,0.9375,54,0.84375,0.8840221314322932,51.0725,41.402566345578144,-0.3362630487248713,0.7082902780552986,3.4375,2.090716085459716,-0.3142836857971542,0.6535720991112214,2.8840167187500017,1.7465145314893031,0.2704947199153351,0.8347222159572911,304.7132656250001,95.96964620099986,-0.26439899250156507,0.6371760623755814,1.0,0.9935245513916016,0.014705882407724857,1.0,1.0091841220855713,1.0091841220855713,2.888829231262207
136,2.262654412376931,1.0,0.9190319457557052,0.6884842353810408,0.0,0.0,0.0,64,0.0011324633295874908,0.6883105039596558,1.5,0.828125,53,0.828125,64,0.828125,43,0.671875,0.8471901132534004,51.48343750000001,39.99347814873812,-0.3292329763929072,0.6841844421413166,3.40625,2.13394258064738,-0.32405264880426415,0.6670849961485111,2.7564906250000014,1.6276744401636685,0.20954540535303054,0.7779242548826065,311.202921875,103.79178980164225,-0.22131189382782876,0.6891100108279385,1.0,0.9828790426254272,0.011811023578047752,1.0,1.0185015201568604,1.0185015201568604,2.781251907348633
137,2.1998815067874946,1.0,0.8831860879436135,0.68039113097791,0.0,0.0,0.0,64,0.0008241350757517501,0.6831794381141663,1.5,0.90625,58,0.90625,64,0.90625,56,0.875,0.8693461568269766,51.22515625,38.70948902530988,-0.33365149713995546,0.6622187261597976,3.5625,2.5852647349933044,-0.2752078337687145,0.8081713779115349,3.1596575000000016,1.6615194970549565,0.402233379734558,0.7941000269006073,325.334390625,129.3968158907921,-0.12748812797951017,0.8591107386240837,1.0,0.98493891954422,0.014388489536941051,1.0,1.1232147216796875,1.1232147216796875,3.0172040462493896
138,2.2126371151317326,0.984375,0.9138889747952658,0.6683860666483808,0.0,0.015625,0.0,63,0.0008659827515748813,0.676082968711853,1.5,0.9375,59,0.9365079365079365,64,0.9375,55,0.859375,0.8756790978948065,41.983125,33.1912267151935,-0.49175862579521534,0.5678156035757832,3.15625,2.1155580676266013,-0.40220435286114364,0.661337872065192,3.538510625000001,2.213743240356614,0.5833009370440754,1.0580276486879403,321.23292187500005,133.1980413564593,-0.15471921417741114,0.8843484045975817,1.0,0.9799106121063232,0.0036231884732842445,1.0230478048324585,0.9842401146888733,0.9842401146888733,3.003230333328247
139,2.165211505710623,1.0,0.8707894496619701,0.6583289583167413,0.0,0.0,0.0,64,0.0009770446233344234,0.6773394346237183,1.5,0.921875,59,0.921875,64,0.921875,54,0.84375,0.8793232232561479,52.27734375,36.978336531431964,-0.31565130433256183,0.6326032073774488,3.5,2.1866069605669876,-0.2947457597829343,0.683548240283776,3.2006140625000015,1.9435507557582596,0.42180799648786993,0.9288929261233225,327.3352656250001,142.03093557041572,-0.11420361871774216,0.9429930800488304,1.0,0.9821515083312988,0.01923076994717121,1.0,0.9246775507926941,0.9246775507926941,2.935028076171875
140,2.025331605582034,0.96875,0.8357557814207769,0.6105009459293804,0.0,0.03125,0.0,62,0.0013113402858402064,0.6804652810096741,1.5,0.9375,58,0.9354838709677419,64,0.9375,55,0.859375,0.8925232073280714,84.01484375,245.3197705801055,0.22729481432466642,4.196783529463568,5.515625,15.027050803779662,0.3353523541756566,4.697558509058726,4.080918750000006,4.313293022349467,0.842537321219569,2.0614781295970683,480.33412500000026,978.6829678076551,0.9016093453140274,6.49781867941525,1.0,0.9646284580230713,0.0027777778450399637,1.0446386337280273,2.3835866451263428,2.2588467597961426,3.589695930480957
141,2.1929309182735715,1.0,0.9047155249863863,0.6222488263211436,0.0,0.0,0.0,64,0.0014901247748508096,0.676945686340332,1.5,0.84375,54,0.84375,64,0.84375,51,0.796875,0.8602809599204735,102.01046875,313.4427233035849,0.5351531757759775,5.362190154833651,6.359375,17.62222246509716,0.5991143553676249,5.508826859667067,4.941248124999996,7.267358662468445,1.2537197244605933,3.473332524590695,569.4999843750004,1275.8096198661804,1.4936126862027166,8.47054649159216,1.0,0.9546065330505371,0.018518518656492233,1.0,1.415784239768982,1.3975175619125366,3.8169193267822266
142,2.2156338782289677,1.0,0.8914362145587802,0.683781921112281,0.0,0.0,0.0,64,0.0011739819358759195,0.6704124808311462,1.5,0.84375,54,0.84375,64,0.84375,50,0.78125,0.8593275753049882,46.9375,33.13202151997369,-0.40700214917851885,0.5668027565982664,3.140625,2.0299875884780674,-0.4070888343646986,0.6345879570155056,3.5778056250000025,2.0682416111774433,0.6020814332178307,0.9884871781427187,339.596953125,137.29430770422414,-0.03279398485323336,0.9115449502266434,1.0,0.980715811252594,0.014869888313114643,0.9999999403953552,1.0373131036758423,1.0373131036758423,2.868556022644043
143,2.0086346500969756,0.953125,0.8536425484497039,0.609492459673785,0.0,0.046875,0.0,61,0.0014951155574746285,0.6728274822235107,1.5,0.953125,58,0.9508196721311475,64,0.953125,55,0.859375,0.8962626723798213,82.55765625,253.8123438668702,0.20236612437489623,4.342069380695107,5.390625,16.087278735366496,0.2962765021472169,5.028992987227572,4.286803125000001,5.276724839763545,0.9409368813906668,2.5219369045205595,469.2285468750007,1045.393295460467,0.8278755261305,6.9407318876663044,1.0,0.9651786088943481,0.033898305147886276,1.0648607015609741,2.4835894107818604,2.3568460941314697,3.6913914680480957
144,2.0759461879890106,0.953125,0.8833010560664974,0.6675312449748693,0.0,0.046875,0.0,61,0.001372161126827462,0.6806960701942444,1.5,0.828125,50,0.819672131147541,64,0.828125,49,0.765625,0.860577107023966,53.7046875,48.499739624582965,-0.29123316336203325,0.8297044627035368,3.828125,2.814886140570343,-0.19217164820828,0.8799525944466606,3.4545943750000023,1.79058031278085,0.5431943379337353,0.8557828403863382,348.03932812500005,162.9907824132678,0.02325789688791265,1.0821528374095344,1.0,0.9766018986701965,0.03787878900766373,1.0648609399795532,1.3421003818511963,1.3421003818511963,3.0034279823303223
145,2.1465428118500514,1.0,0.8585483499336988,0.6626060491851125,0.0,0.0,0.0,64,0.001962859660345601,0.6776399612426758,1.5,0.859375,55,0.859375,64,0.859375,53,0.828125,0.867009935665503,59.205625,50.364518415590695,-0.19712642324069424,0.8616059800483802,3.96875,2.861210135152607,-0.1482113146762853,0.894433790907963,3.194082500000002,1.5387463980644294,0.41868632745771656,0.7354223397691251,344.29573437500005,138.02010625225074,-0.0015971319590519517,0.9163637807550057,1.0,0.979842483997345,0.026119403541088104,1.0,1.3893511295318604,1.3893511295318604,3.073594331741333
146,2.1651681510624305,1.0,0.8710773914062884,0.6570642125112216,0.0,0.0,0.0,64,0.0017384898203614413,0.6692390441894531,1.5,0.875,56,0.875,64,0.875,52,0.8125,0.8722362526064583,84.04093750000003,327.5035195312735,0.2277412105525901,5.602733825162244,5.484375,18.085726578143742,0.32558339116854673,5.6537214047549185,4.491927812499995,7.685972374823951,1.0389733595363912,3.6734030990447937,496.12282812500075,1356.282685785789,1.0064360700696309,9.00483533498911,1.0,0.9634656310081482,0.04093567281961441,0.9999999403953552,2.4274659156799316,2.3456063270568848,3.5001821517944336
147,2.229895148300242,1.0,0.9127000365406275,0.6617436893488771,0.0,0.0,0.0,64,0.0021096074053185893,0.6730383038520813,1.5,0.859375,55,0.859375,64,0.859375,51,0.796875,0.8771458101151712,52.88312499999999,38.7276715458001,-0.3052879619633513,0.662529781817224,3.4375,2.037730048362638,-0.3142836857971542,0.6370083027497906,3.2665343750000018,2.1760685302210407,0.4533136887306226,1.0400215474142809,329.46629687500007,124.0027335013326,-0.10005495656856199,0.8232975381685269,1.0,0.982439398765564,0.017482517287135124,0.9999999403953552,1.1835817098617554,1.1835817098617554,2.8580026626586914
148,2.111950635123777,0.984375,0.8642157449845284,0.6406809391136022,0.0,0.015625,0.0,63,0.0020984644224025786,0.6577407121658325,1.5,0.875,55,0.873015873015873,64,0.875,48,0.75,0.8801332067944905,57.81109375,56.653549014966494,-0.22098322763718775,0.9691949443350327,3.828125,3.4120864561694506,-0.19217164820828,1.0666414837561666,3.2559487500000017,1.5671055797347995,0.4482544371767531,0.7489762143804293,332.145984375,160.16540287177466,-0.08226357359241801,1.0633941539900433,1.0,0.9823634624481201,0.0173611119389534,1.0230478048324585,1.2266554832458496,1.2266554832458496,2.8650357723236084
149,2.12555138030017,0.984375,0.8690432557274425,0.6533561804381726,0.0,0.015625,0.0,63,0.002053334928574519,0.6676363945007324,1.5,0.84375,53,0.8412698412698413,64,0.84375,49,0.765625,0.8656393723838907,78.89249999999998,249.6088464290177,0.13966482905517075,4.270158467149061,5.046875,14.66546718432028,0.18881790906900758,4.584525004979506,4.267284374999996,7.434318785951751,0.9316081675672393,3.5531287826451,462.12126562500066,1112.1172692397593,0.7806877989653285,7.383735697326052,1.0,0.9529221057891846,0.051051050424575806,1.0230478048324585,2.713003158569336,2.600451707839966,3.6104938983917236
150,2.114202151637747,0.96875,0.8873082576319575,0.6647811379896131,0.0,0.015625,0.0,62,0.005770616101794728,0.6686257123947144,1.5,0.8125,51,0.8225806451612904,63,0.8125,51,0.8095238095238095,0.8604780906927868,85.78746031746033,269.37197185109466,0.2576196756139957,4.6082541659423715,5.698412698412699,16.91869907625449,0.3924930346220061,5.2889006529393665,3.591818571428571,5.243849421683902,0.6087787251578933,2.5062245578236433,456.9150634920641,1110.5232554406134,0.7461220012750032,7.373152481943712,0.984375,0.9473647475242615,0.030150754377245903,1.0446386337280273,2.3680052757263184,2.2491586208343506,4.03425931930542
151,2.2003381054306645,1.0,0.8956435278523713,0.6473823752994641,0.0,0.0,0.0,64,0.0020895711888507217,0.6652526259422302,1.5,0.796875,51,0.796875,64,0.796875,47,0.734375,0.8498775595514179,53.068124999999995,50.197938792189206,-0.302123092898315,0.858756235740441,3.5,3.1770662567847086,-0.2947457597829343,0.993172567477346,3.3654987500000018,1.772747074983045,0.5006123289145015,0.8472596935679814,336.417515625,158.61396684610094,-0.05390338294954686,1.0530936273443996,1.0,0.9741718769073486,0.036101084202528,1.0,1.3074029684066772,1.3074029684066772,3.004585027694702
152,2.09186343498536,0.984375,0.8630089816592988,0.6245857480632024,0.0,0.015625,0.0,63,0.0025868047124214134,0.6846327185630798,1.5,0.859375,54,0.8571428571428571,64,0.859375,54,0.84375,0.8676558498300369,53.830937500000005,42.12379103305036,-0.2890733540676503,0.7206285575273053,3.828125,3.160076578878271,-0.19217164820828,0.9878614783582835,4.115742968750002,2.3300152610455687,0.8591810699659311,1.113598236285946,379.40515625000006,209.52644482299385,0.23150660519281574,1.3911193836877855,1.0,0.9760573506355286,0.010489510372281075,1.023047924041748,1.336607575416565,1.3285253047943115,2.929640769958496
153,2.1113288183486505,0.96875,0.8746757459255957,0.6655904139741315,0.0,0.03125,0.0,62,0.002719101475991376,0.6569587588310242,1.5,0.765625,47,0.7580645161290323,64,0.765625,44,0.6875,0.8324568061892743,51.902812499999996,46.18345186822704,-0.3220585603704773,0.7900788007261691,3.546875,2.7496004681362347,-0.28009231527226947,0.8595438482417614,3.817010937500002,1.7459371103469394,0.7164062698674813,0.83444624559071,362.53895312500003,174.57724971193173,0.11952598090348417,1.159079448087497,1.0,0.9809804558753967,0.018726591020822525,1.0446386337280273,1.5276648998260498,1.5276648998260498,2.791001796722412
154,2.1832205311484874,1.0,0.8505503325723112,0.7201593617247799,0.0,0.0,0.0,64,0.0026555552691981364,0.6488629579544067,1.5,0.8125,52,0.8125,64,0.8125,41,0.640625,0.8428416890783037,51.0853125,35.330562945236856,-0.3360438601578671,0.6044140849497045,3.28125,2.1174037020606153,-0.3631285008327039,0.6619148299695291,2.8360367187500013,1.431007804432613,0.24756334934867888,0.6839301843939365,297.618359375,77.781319978146,-0.311504557711535,0.5164174002085034,1.0,0.9857026934623718,0.012345679104328156,1.0,1.5326521396636963,1.5326521396636963,2.8322036266326904
155,2.120931424075171,0.96875,0.8856648144222075,0.6489017649296948,0.0,0.03125,0.0,62,0.00328624457949107,0.6750155091285706,1.5,0.828125,51,0.8225806451612904,64,0.828125,46,0.71875,0.8595655243339944,50.983125,40.109874285945786,-0.33779202263129077,0.6861756774599017,3.40625,2.6734735714983233,-0.32405264880426415,0.8357460614545026,3.436269687500002,1.874438243647922,0.534436309597331,0.895861566682,333.9657812500001,151.45824528505264,-0.07018130536453067,1.0055842880041728,1.0,0.9713270664215088,0.020202020183205605,1.0446386337280273,1.2389490604400635,1.2389490604400635,2.869988203048706
156,2.2061129141370417,1.0,0.8878469391493127,0.6650297450130495,0.0,0.0,0.0,64,0.0036491994366809576,0.6589111089706421,1.5,0.703125,45,0.703125,64,0.703125,41,0.640625,0.8191170666318539,51.8221875,49.82474938687442,-0.3234378445238208,0.8523719351767652,3.28125,2.7412859094775213,-0.3631285008327039,0.8569446605311241,3.5255834375000017,2.310041439756965,0.5771225684124136,1.1040520274989278,328.529703125,162.0048263256453,-0.1062733302032914,1.0756067299426926,1.0,0.9756507277488708,0.014925372786819935,0.9999999403953552,1.300785779953003,1.300785779953003,2.6416330337524414
157,2.245971663706224,0.984375,0.9179158480394454,0.7153201436623929,0.0,0.015625,0.0,63,0.003667795958873902,0.6505507230758667,1.5,0.640625,40,0.6349206349206349,64,0.640625,37,0.578125,0.7587538766148246,41.28187500000001,24.38216496456734,-0.5037551902917377,0.41711545748632045,2.671875,1.6303248094704932,-0.5536232794713477,0.5096506481053058,3.1600606250000016,1.5671667689056303,0.40242604769536844,0.7490054588896203,290.805359375,94.59360195055599,-0.3567384486844456,0.6280400230979536,1.0,0.9799809455871582,0.035087719559669495,1.023047924041748,1.6389265060424805,1.6389265060424805,2.7125680446624756
158,2.2057265890977593,0.984375,0.9163033243209596,0.675231764032786,0.0,0.015625,0.0,63,0.0037091016081036037,0.6753568053245544,1.5,0.8125,51,0.8095238095238095,64,0.8125,51,0.796875,0.8533524488234335,44.25453125,36.720715369941715,-0.4529007697154589,0.6281959790288045,3.125,2.3082731640774234,-0.4119733158682536,0.7215819248056626,3.6228943750000013,1.6912302181824217,0.6236309712469529,0.8082998509101214,330.93935937500004,157.43016552351543,-0.0902747791839617,1.0452339561335644,1.0,0.9735037684440613,0.04135338217020035,1.0230478048324585,1.5171371698379517,1.5171371698379517,2.6044206619262695
159,2.1286538420707326,0.953125,0.8973302640875832,0.7092641937141647,0.0,0.046875,0.0,61,0.004458868794220762,0.6320911645889282,1.5,0.625,37,0.6065573770491803,64,0.625,38,0.59375,0.7584847613412613,49.475625,34.228749332386876,-0.36358142866124815,0.5855649183618953,3.015625,1.980310798681611,-0.4461646863931384,0.6190586539168318,3.425906718750002,1.699755860364637,0.5294834734869324,0.8123745624607485,322.158265625,107.55906431631567,-0.1485755332292293,0.7141222645578317,1.0,0.978137731552124,0.021008403971791267,1.0648608207702637,1.644843578338623,1.6437071561813354,2.4886791706085205
160,2.1937549358703525,0.984375,0.8892691736774785,0.7174035373921875,0.0,0.015625,0.0,63,0.003999229754219244,0.6539732217788696,1.5,0.71875,45,0.7142857142857143,64,0.71875,40,0.625,0.8241243331163555,89.73109375000001,344.0724001078717,0.32508499158419824,5.886184298563084,5.234375,18.327525565645107,0.24743168711166721,5.729309416404758,3.7306170312500013,5.851894158336064,0.6751155095731983,2.7968310433858674,465.0254531250007,1356.2984927382588,0.799969715997457,9.004940282877651,1.0,0.9606766104698181,0.01587301678955555,1.023047924041748,2.895378351211548,2.804802417755127,3.2395105361938477
161,2.1551650848158683,0.96875,0.886162361791057,0.7074070868242255,0.0,0.03125,0.0,62,0.0039039015902004714,0.637468159198761,1.5,0.65625,40,0.6451612903225806,64,0.65625,38,0.59375,0.7871356823555968,48.420625,30.54992393991146,-0.3816297360321304,0.5226297795493806,3.078125,1.9788308377360102,-0.4266267603789185,0.6185960080374865,3.299093437500002,1.8812469112036274,0.4688748376987431,0.8991156742014883,317.16401562500005,109.59823227082816,-0.1817341065436954,0.7276610141438983,1.0,0.9775246977806091,0.023255813866853714,1.0446386337280273,1.5747300386428833,1.568785548210144,2.519719123840332
162,2.188827161049784,0.953125,0.9221632023815249,0.7420836648860663,0.0,0.046875,0.0,61,0.006208789103687048,0.6474677920341492,1.5,0.609375,36,0.5901639344262295,64,0.609375,32,0.5,0.7551690179903779,48.14484375,22.191930965456475,-0.38634763628533053,0.37964624759996063,2.890625,1.5523891617036625,-0.48524053842157816,0.48528743338628755,3.1181440625000016,1.3788152170712538,0.38239261235631267,0.658985466561175,301.56359375,90.09160245319741,-0.28531076619805656,0.5981496731165039,1.0,0.9814220666885376,0.017699114978313446,1.0648608207702637,1.859588623046875,1.8526062965393066,2.453115224838257
163,2.310872177216621,1.0,0.9296778638381511,0.7526576913117088,0.0,0.0,0.0,64,0.005180125274352094,0.6339710354804993,1.5,0.515625,33,0.515625,64,0.515625,31,0.484375,0.6752408335121092,91.85921875000005,374.29289273368846,0.3614916779573352,6.403178364733909,5.25,20.807901143556023,0.25231616861522216,6.50469172886398,3.839709375,4.923956659435534,0.7272546709011734,2.3533362820273007,468.8257187500006,1415.0275987938458,0.8252010092529019,9.394863368193215,1.0,0.9545012712478638,0.08029197156429291,1.0,3.243621587753296,3.1409811973571777,3.416712522506714
164,2.3139636878172736,1.0,0.9291193997487426,0.7588214581196124,0.0,0.0,0.0,64,0.006562196918342747,0.6369240283966064,1.5,0.453125,29,0.453125,64,0.453125,28,0.4375,0.6084556439464985,48.14078125,44.95893001898676,-0.3864171350992586,0.7691304152119988,2.796875,2.867815411489205,-0.5145474274429079,0.8964986453138499,3.4416268750000016,1.0885602172549926,0.5369967025059919,0.5202621451853651,316.259125,141.4940992934312,-0.1877419920381416,0.9394288361587054,1.0,0.9741330742835999,0.03448275849223137,1.0,1.7087846994400024,1.7087846994400024,2.3396694660186768
165,2.1696956677085364,0.96875,0.8948489643873707,0.7136759558390352,0.0,0.03125,0.0,62,0.0072507950204588455,0.650519847869873,1.5,0.6875,42,0.6774193548387096,64,0.6875,41,0.640625,0.7886738505762081,49.929843749999996,35.67632734444629,-0.3558109266578189,0.6103292149542925,3.296875,2.5658800116870237,-0.35824401932914895,0.8021115812753072,3.3536190625000017,1.5032295486361607,0.4949345982709298,0.7184475578683381,327.36039062500004,121.27882488758311,-0.11403680505112071,0.8052125557445556,1.0,0.9826002717018127,0.014388489536941051,1.0446386337280273,1.3310587406158447,1.3235105276107788,2.4524664878845215
166,2.1515723737352905,0.96875,0.8942008725097103,0.6944338784857569,0.0,0.03125,0.0,62,0.007408537848607661,0.6569036245346069,1.5,0.6875,42,0.6774193548387096,64,0.6875,41,0.640625,0.7967290818007573,79.97640625,253.73541809313392,0.15820764721746514,4.340753380686447,5.0625,14.952920910310468,0.19370239057256255,4.674384999074036,4.481706875000003,9.541802916048043,1.0340884052773054,4.560371374362164,477.0659687500006,1214.5500245380915,0.8799109123924185,8.063822602539554,1.0,0.9661530256271362,0.0,1.0446386337280273,2.9363811016082764,2.8006794452667236,3.4447879791259766
167,2.230541617914724,1.0,0.9033596254885197,0.680842127495624,0.0,0.0,0.0,64,0.008236892181325207,0.6294889450073242,1.5,0.71875,46,0.71875,64,0.71875,42,0.65625,0.8111780145160661,52.658593749999994,31.075609198935442,-0.3091291079485346,0.5316228877344107,3.328125,1.9768558329769523,-0.348475056322039,0.6179786080877232,3.390522187500002,2.070480046502252,0.5125719312105428,0.9895570070281435,331.5580625,125.01065846769767,-0.08616699264339989,0.8299895047085873,1.0,0.9811423420906067,0.03488372266292572,1.0,1.58214271068573,1.5786246061325073,2.5327951908111572
168,2.28513004430881,1.0,0.9269551124889404,0.7198801011442604,0.0,0.0,0.0,64,0.009498484232880201,0.6272392272949219,1.5,0.625,40,0.625,64,0.625,35,0.546875,0.7587559985251551,44.93234375,26.541670288328426,-0.44130515991467584,0.4540589796211988,2.890625,1.733107645062764,-0.48524053842157816,0.541781263102642,3.3965653125000017,1.6835890881582511,0.5154601583625982,0.8046478795859809,315.55210937500004,92.04755703628112,-0.19243611616809778,0.6111359400120233,1.0,0.9829153418540955,0.027272727340459824,1.0,1.6499449014663696,1.6486639976501465,2.531092405319214
169,2.278651187541291,1.0,0.9179177152691409,0.7350285126946983,0.0,0.0,0.0,64,0.009778730779626758,0.6034802198410034,1.5,0.59375,38,0.59375,64,0.59375,32,0.5,0.7242118840149663,47.78625,43.55052843034743,-0.3924822431301431,0.7450363253793907,2.90625,2.4667713589832356,-0.4803560569180232,0.7711295408929772,3.337793437500001,1.2990725837210513,0.4873709619365415,0.6208735892098938,322.32456249999996,165.10588011512442,-0.14747143008628447,1.0961957111571987,1.0,0.9794049859046936,0.01860465109348297,1.0,1.7373932600021362,1.7369834184646606,2.6401543617248535
170,2.17407309377534,1.0,0.8717433995916508,0.6815120209053974,0.0,0.0,0.0,64,0.011274597688616874,0.6462462544441223,1.5,0.71875,46,0.71875,64,0.71875,43,0.671875,0.7883818815654317,94.96796875000001,286.61222371862755,0.4146743088002068,4.9031900568017655,5.640625,16.699894449048923,0.3744282062040964,5.220500835052785,4.270757656249998,8.664682312349687,0.9332681738078817,4.141163837991676,509.79834375000087,1323.0935859205567,1.0972326035761024,8.784481287610136,1.0,0.9631043672561646,0.02812499925494194,1.0,2.987900495529175,2.783268690109253,3.452280044555664
171,2.1553552479471447,0.984375,0.8641254629880663,0.7095616193373699,0.0,0.015625,0.0,63,0.01024160390847554,0.6417431831359863,1.5,0.71875,45,0.7142857142857143,64,0.71875,41,0.640625,0.8081506642964135,46.98140625,45.653245088218654,-0.4062510273818337,0.781008341071461,2.859375,2.644966844664598,-0.49500950142868805,0.8268346643379442,3.539393437500002,2.434357462114116,0.5837228649427497,1.1634671332939368,320.39607812500003,210.21184460572326,-0.1602753126580896,1.3956699926771938,1.0,0.9826117157936096,0.017543859779834747,1.0230478048324585,1.697975516319275,1.6953613758087158,2.502748489379883
172,2.2722248054442464,1.0,0.9206431289203465,0.7046859270598769,0.0,0.0,0.0,64,0.011316831327758112,0.6377506852149963,1.5,0.6875,44,0.6875,64,0.6875,39,0.609375,0.8046049073044014,42.46328125,28.692935708043166,-0.48354440059516773,0.490861538418698,2.8125,1.919269066598011,-0.509662945939353,0.5999765923931645,3.3758056250000017,1.7168929977513854,0.5055383558008959,0.8205650178143796,304.98123437500004,108.6801536864227,-0.26261985420395084,0.7215655691722909,1.0,0.9876375794410706,0.01666666753590107,1.0,1.4637995958328247,1.461600422859192,2.5741078853607178
173,2.251009063342787,0.96875,0.9460582319767245,0.7355116737301588,0.0,0.03125,0.0,62,0.010305697643141635,0.5879246592521667,1.5,0.71875,44,0.7096774193548387,64,0.71875,38,0.59375,0.8040694349729123,35.305625000000006,19.01991931789867,-0.6059932916426715,0.32538137442541853,2.328125,1.199670364881537,-0.661081872549557,0.3750251332881221,3.5329984375000016,1.6485284621151717,0.580666464051258,0.7878911432772522,289.49885937500005,92.10221344447082,-0.3654127593487794,0.6114988230311079,1.0,0.9820517897605896,0.013574660755693913,1.0446383953094482,1.4775283336639404,1.4749178886413574,2.515516519546509
174,2.153693864705425,0.953125,0.9001910378698443,0.7260906180551597,0.0,0.046875,0.0,61,0.011912299092948265,0.6244221329689026,1.5,0.703125,42,0.6885245901639344,64,0.703125,39,0.609375,0.8242448354124059,39.4825,26.658313431273182,-0.534537818799303,0.4560544405658175,2.25,1.2624381172952597,-0.6855042800673319,0.3946467605319331,3.2409371875000015,1.359845936466092,0.4410798706391953,0.6499193639571765,277.561578125,63.823704504528735,-0.4446685466048302,0.42374790709601046,1.0,0.9906519651412964,0.0138248847797513,1.0648608207702637,1.66757071018219,1.66757071018219,2.5510921478271484
175,2.255343973034092,1.0,0.9100730242207646,0.7002904701613691,0.0,0.0,0.0,64,0.015613236477213459,0.644420325756073,1.5,0.71875,46,0.71875,64,0.71875,42,0.65625,0.834263129260316,48.599843750000005,33.58921043710444,-0.3785637691253765,0.5746240704399124,3.453125,2.2771259812261158,-0.30939920429359924,0.711845103140059,3.200492812500002,1.542569972162395,0.42175004674461875,0.7372497635817453,319.287234375,116.59343550329366,-0.16763731431572848,0.7741046161328453,1.0,0.9812462329864502,0.01123595517128706,1.0,1.20406174659729,1.2022137641906738,2.519467353820801
176,2.337824484192166,1.0,0.9556100163608789,0.7092277307197711,0.0,0.0,0.0,64,0.01387807476070873,0.6628293991088867,1.5,0.765625,49,0.765625,64,0.765625,45,0.703125,0.8342095707003179,36.77234375,25.53890247875456,-0.5809015467833007,0.4369042292431747,2.578125,1.9023397394721586,-0.5829301684926775,0.5946843693394775,3.2986012500000017,1.3834369877449935,0.4686396035605442,0.6611943772738392,288.143484375,98.7596119845735,-0.3744115682402238,0.6556996214644294,1.0,0.9879342317581177,0.019999999552965164,0.9999998807907104,1.3480024337768555,1.3400503396987915,2.5322227478027344
177,2.208387081388656,0.96875,0.9171730035675629,0.7412591456102849,0.0,0.03125,0.0,62,0.019088342973603546,0.6391210556030273,1.5,0.6875,42,0.6774193548387096,64,0.6875,40,0.625,0.8040463980062139,73.79453125,217.39713447491735,0.05245183666924463,3.719099814741549,4.484375,12.987965809139435,0.012976574941028695,4.0601266408669385,4.366949375000001,9.178764457167535,0.979241661679909,4.386862215743227,452.9148906250007,1225.6114853789118,0.7195634538888968,8.137263511636103,1.0,0.9652115702629089,0.003267973894253373,1.0446386337280273,1.269447922706604,1.2689036130905151,3.3665106296539307
178,2.220296755085055,1.0,0.9001725134439766,0.6839824564367079,0.0,0.0,0.0,64,0.017357271520371684,0.5980744361877441,1.5,0.765625,49,0.765625,64,0.765625,47,0.734375,0.8350849925995368,50.285,41.03787149542481,-0.34973512650171473,0.702051297247578,3.296875,2.843191909522641,-0.35824401932914895,0.8888011707597102,3.5783103125000024,1.5997743665670197,0.6023226415563646,0.764589804559936,341.4783281250001,151.35478290128617,-0.020302877906343303,1.0048973650352766,1.0,0.984344482421875,0.027027027681469917,1.0,1.322975993156433,1.3197141885757446,2.5818047523498535
179,2.194406931319148,0.96875,0.9259350508932145,0.687245882405572,0.0,0.03125,0.0,62,0.017261044235206992,0.6177893877029419,1.5,0.71875,44,0.7096774193548387,64,0.71875,42,0.65625,0.8261921117777762,51.72921875,66.93133919605339,-0.32502829815025364,1.1450212156920867,3.359375,4.009236162833888,-0.33870609331492907,1.2533145523677327,3.4843815625000016,1.7116359489692345,0.5574307079775233,0.8180524848066579,337.612765625,257.35389012959484,-0.045967699963289574,1.708662528632984,1.0,0.980992317199707,0.00390625,1.0446385145187378,1.6058249473571777,1.5860122442245483,2.872101306915283
180,2.2683044925784808,0.984375,0.9414139740050785,0.6959494689285571,0.0,0.015625,0.0,63,0.014412879877964052,0.6102859377861023,1.5,0.8125,51,0.8095238095238095,64,0.8125,45,0.703125,0.8466572136927273,37.12890625,26.730748277801933,-0.5748016893454522,0.4572936124847877,2.578125,1.4769551395946323,-0.5829301684926775,0.46170624389954745,3.7531221875000016,1.7514289303063275,0.6858715345342081,0.8370709842020916,301.578515625,126.0320228983234,-0.28521169464853907,0.8367707005545486,1.0,0.9819630980491638,0.032258063554763794,1.0230478048324585,1.266920804977417,1.2663322687149048,2.642953634262085
181,2.229389893186763,1.0,0.9051913085859269,0.6681145774636539,0.0,0.0,0.0,64,0.01501140792338844,0.5821455121040344,1.5,0.796875,51,0.796875,64,0.796875,46,0.71875,0.8459516147903896,45.67703125,35.15826061715829,-0.4285654927153831,0.6014664400417608,3.078125,2.1309086053547674,-0.4266267603789185,0.6661365547917745,3.468028750000002,1.6128936262966755,0.5496151097439981,0.7708599714299016,312.8725625000001,99.09243816017121,-0.21022656548566013,0.6579093709051923,1.0,0.9867712259292603,0.021276595070958138,1.0,1.0796632766723633,1.0792635679244995,2.5819854736328125
182,2.192517947601214,0.96875,0.9111780500219714,0.72695938124662,0.0,0.03125,0.0,62,0.02019735859459362,0.609978199005127,1.5,0.671875,41,0.6612903225806451,64,0.671875,39,0.609375,0.7951614543610737,42.644999999999996,24.539199953849355,-0.4804356651875351,0.41980191791716875,2.71875,1.6438212912296761,-0.5389698349606828,0.5138697402983168,3.2954475000000016,1.5074912492760129,0.46713231281597156,0.7204843781396305,301.88273437500004,100.16249525587202,-0.2831918799164951,0.6650138543928952,1.0,0.9861643314361572,0.01666666753590107,1.0446385145187378,1.286255955696106,1.283140778541565,2.507708787918091
183,2.136422345754512,0.953125,0.9025577223691784,0.7027841362698456,0.0,0.03125,0.0,61,0.019775491109833815,0.6188689470291138,1.5,0.796875,49,0.8032786885245902,63,0.796875,45,0.7142857142857143,0.8506462013294704,46.43571428571429,46.513808248982684,-0.41558639828349153,0.795730339590444,3.238095238095238,3.08459709346698,-0.3766189735568081,0.9642660767333684,3.5713542857142886,3.780232028045303,0.5989981057519713,1.8067090759284794,331.6378888888889,289.444409823158,-0.08563699731509215,1.9217227178422425,0.984375,0.9643352031707764,0.0260869562625885,1.0648608207702637,2.8681304454803467,2.673668146133423,3.438981056213379
184,2.231312243149817,1.0,0.9062312510795891,0.6999840906459904,0.0,0.0,0.0,64,0.01776373945889298,0.601887047290802,1.5,0.71875,46,0.71875,64,0.71875,41,0.640625,0.805087468537527,46.17578125,41.00894371981126,-0.42003317679004887,0.7015564182088774,2.9375,2.4550649176752946,-0.47058709391091325,0.7674700275463474,3.651520000000002,1.4936520262765371,0.6373121887245925,0.7138701148850335,319.83281250000005,145.79691434769325,-0.16401503023772232,0.9679967309247539,1.0,0.9813036918640137,0.029787234961986542,0.9999999403953552,1.2905937433242798,1.2877401113510132,2.7551772594451904
185,2.214256597431821,0.984375,0.9123583833376566,0.7078798779568333,0.0,0.015625,0.0,63,0.02086306622170134,0.6165212392807007,1.5,0.765625,48,0.7619047619047619,64,0.765625,45,0.703125,0.8353193121002359,41.794374999999995,39.126261356464596,-0.49498764761156994,0.6693486172843089,2.9375,2.3175620272173947,-0.47058709391091325,0.7244856867382222,3.487040000000002,1.5038231520320149,0.5587012710338135,0.7187312623168576,314.59068750000006,106.87104746168912,-0.1988193324124425,0.7095542799123448,1.0,0.9932951927185059,0.003968254197388887,1.023047924041748,1.5421346426010132,1.5382944345474243,2.5711452960968018
186,2.2825199818520865,1.0,0.9370739292353392,0.6771163138621519,0.0,0.0,0.0,64,0.016563863074178085,0.6094960570335388,1.5,0.8125,52,0.8125,64,0.8125,43,0.671875,0.8402516444227516,42.7728125,27.624918691551724,-0.4782491255801029,0.47259054373531395,2.828125,1.7006863274498916,-0.504778464435798,0.5316461382257808,3.3629937500000016,1.8787111896486228,0.49941509916732607,0.8979037615163764,306.68048437500005,111.6741716852806,-0.2513379388603843,0.7414439023194024,1.0,0.9843172430992126,0.012000000104308128,0.9999999403953552,1.2918338775634766,1.2886935472488403,2.6900951862335205
187,2.3014939095323257,1.0,0.9378617550246418,0.7269303091714325,0.0,0.0,0.0,64,0.02477474341261452,0.5746362805366516,1.5,0.65625,42,0.65625,64,0.65625,38,0.59375,0.7820989870742481,42.376875,23.815754690632314,-0.4850225869067937,0.4074256501668844,2.671875,1.5005695533280021,-0.5536232794713477,0.4690882705938155,3.3540290625000013,1.3345668924408114,0.4951305520419243,0.6378375980940144,301.1005,89.41659691141663,-0.288385407647893,0.5936680751298575,1.0,0.9777514338493347,0.01886792480945587,0.9999998807907104,1.4110746383666992,1.4040418863296509,2.6490378379821777
188,2.347426926576127,1.0,0.9595675459131598,0.7381600343484875,0.0,0.0,0.0,64,0.02741185621209909,0.5983064770698547,1.5,0.625,40,0.625,64,0.625,31,0.484375,0.7643760733700024,41.9315625,21.084880929438366,-0.49264072612584203,0.36070749942460417,2.5625,1.2975337182516684,-0.5878146499962325,0.40561788461050746,3.0783543750000018,1.2223868090004744,0.36337568720429225,0.5842226947265955,279.456671875,71.83880391087719,-0.43208635607629,0.47696295666063787,1.0,0.9857052564620972,0.027397260069847107,0.9999998807907104,1.2411199808120728,1.2411199808120728,2.467909336090088
189,2.2906225250201704,0.984375,0.951225926596967,0.7297070768736968,0.0,0.015625,0.0,63,0.02450846504355465,0.588812530040741,1.5,0.671875,42,0.6666666666666666,64,0.671875,32,0.5,0.7933936927021719,38.376875,22.751983558788343,-0.5534521883129824,0.38922729153201113,2.390625,1.2822975900215208,-0.6415439465353372,0.4008549670728468,3.2910001562500018,1.3336225842518346,0.4650067670142094,0.6373862791900845,289.47954687500004,89.70415359233131,-0.36554098179401867,0.5955772645549311,1.0,0.9846265912055969,0.013452914543449879,1.023047924041748,1.3984947204589844,1.393947720527649,2.5879690647125244
190,2.234201696994946,0.984375,0.9229716573442731,0.6840543950194031,0.0,0.0,0.0,63,0.024725106813876206,0.6314797401428223,1.5,0.796875,51,0.8095238095238095,63,0.796875,48,0.7619047619047619,0.8519930000326243,39.85666666666667,32.27361510190688,-0.5281367998344324,0.5521176543400598,2.9206349206349205,2.1697895977405475,-0.47585923267665514,0.6782910180332595,3.817437619047621,1.36982835852458,0.7166101963510665,0.6546903230938158,323.8572857142857,136.58429334732537,-0.13729514434334447,0.9068309164663088,0.984375,0.975127100944519,0.020114943385124207,1.023047924041748,2.277440309524536,2.162775993347168,3.3061821460723877
191,2.2588025853901006,0.984375,0.9272193818811386,0.7341636531236829,0.0,0.015625,0.0,63,0.029289681279647463,0.6279405355453491,1.5,0.71875,45,0.7142857142857143,64,0.71875,39,0.609375,0.8173333456693466,40.59078125,26.41011810750093,-0.5155780077534399,0.45180846379666373,2.84375,1.7959916306876265,-0.499893982932243,0.5614392256405273,3.340728125000002,1.2465851391738103,0.4887735548202399,0.5957879485052336,304.67410937500006,82.10927922594178,-0.26465896454668597,0.5451522360737601,1.0,0.9886771440505981,0.016393441706895828,1.0230478048324585,1.1662260293960571,1.1662260293960571,2.548814058303833
192,2.2100819168674235,0.984375,0.9047362047528463,0.7112590613950112,0.0,0.015625,0.0,63,0.022266383030139197,0.6479880213737488,1.5,0.796875,50,0.7936507936507936,64,0.796875,47,0.734375,0.8484712564979338,82.75281250000003,318.71716623770044,0.20570474047475354,5.452422161738955,5.078125,17.08188430719442,0.19858687207611753,5.3399134684388505,4.547581874999997,8.420938917199878,1.0655724410438399,4.0246700881510105,472.6497500000006,1323.7496111207574,0.8505900908086782,8.78883686846752,1.0,0.9780248403549194,0.01886792480945587,1.023047924041748,2.7973151206970215,2.6377530097961426,3.4557371139526367
193,2.2815194322115646,1.0,0.9227223230409436,0.7074291027165853,0.0,0.0,0.0,64,0.02233818948394748,0.6182259321212769,1.5,0.8125,52,0.8125,64,0.8125,48,0.75,0.8551361876731183,43.5709375,51.94392606812749,-0.46459528167452435,0.8886255390786244,2.90625,2.4919793212424537,-0.4803560569180232,0.7790097217184148,3.0988034375000018,1.513247641268214,0.3731490308876647,0.7232355652571815,302.671453125,147.55122566575506,-0.2779553001504904,0.9796442176257302,1.0,0.9894488453865051,0.011857707053422928,1.0,1.0598134994506836,1.0598134994506836,2.603945732116699
194,2.266825838249262,1.0,0.9168363441713154,0.7166144646806873,0.0,0.0,0.0,64,0.026914474509800994,0.6082267761230469,1.5,0.8125,52,0.8125,64,0.8125,45,0.703125,0.8546801539950984,45.38390625000001,49.169657329787356,-0.4335800994434301,0.8411650130890581,3.078125,3.183476320687025,-0.4266267603789185,0.9951763971456641,3.178317968750002,1.2537824561192579,0.41115189002746677,0.59922780556988,307.1990625,145.90586603171533,-0.24789491723009144,0.9687200992788374,1.0,0.9948129653930664,0.012711863964796066,1.0,1.1651027202606201,1.1611403226852417,2.6476142406463623
195,2.242198918059948,1.0,0.9209885792806745,0.6696303837619073,0.0,0.0,0.0,64,0.029510526772166187,0.6083477735519409,1.5,0.71875,46,0.71875,64,0.71875,42,0.65625,0.8295909795658115,52.92328125,43.04060877004295,-0.3046009929179843,0.736312925603437,3.375,2.4653853654145026,-0.3338216118113741,0.7706962698561437,3.443049062500002,1.5401815746038277,0.5376764171491301,0.7361082623421453,335.18765625000003,142.79858919637684,-0.06206884968677885,0.9480898010853319,1.0,0.9798762798309326,0.014814814552664757,1.0,1.1972815990447998,1.1945019960403442,2.5525667667388916
196,2.203660279354083,0.96875,0.9362668322940026,0.6977730148666766,0.0,0.03125,0.0,62,0.028433720763582433,0.629436731338501,1.5,0.765625,47,0.7580645161290323,64,0.765625,42,0.65625,0.8441359065739564,46.28421875,33.71096357291865,-0.418178093064428,0.5767069500783424,3.265625,2.4124817842576554,-0.3680129823362589,0.7541582497836676,3.206463750000002,1.9693080564498895,0.42460377288973833,0.9412032680773982,314.861953125,141.24463570548772,-0.19701830500807638,0.9377725601072237,1.0,0.986178994178772,0.007843137718737125,1.0446385145187378,1.255141019821167,1.2510883808135986,2.6026315689086914
197,2.218759496260069,0.984375,0.9251518941055688,0.6673110806847476,0.0,0.015625,0.0,63,0.02735579806077603,0.6266705989837646,1.5,0.859375,54,0.8571428571428571,64,0.859375,48,0.75,0.8636294389012529,49.18359375,50.73704601814595,-0.3685773241701609,0.867978958887295,3.21875,2.502927972894945,-0.3826664268469238,0.7824323448534843,3.3256115625000016,1.7667291508597363,0.48154880499986635,0.8443835108228039,329.86373437500004,172.15646667695947,-0.09741622993660182,1.1430070224493043,1.0,0.9881415963172913,0.018726591020822525,1.023047924041748,1.1903105974197388,1.1892982721328735,2.7500462532043457
198,2.2521254955405245,1.0,0.9174746710341424,0.6996937823617553,0.0,0.0,0.0,64,0.0239861607628006,0.6307812929153442,1.5,0.859375,55,0.859375,64,0.859375,52,0.8125,0.8532000426693783,53.13390625,50.07189629726152,-0.3009977467189397,0.8565999763184051,3.671875,2.8342475164274203,-0.2410164632438297,0.8860050925111259,3.3766843750000017,1.8743446049243417,0.5059583420844609,0.8958168133624959,359.65240625,201.34028415647464,0.10036118615345525,1.336768598559933,1.0,0.9866927266120911,0.009999999776482582,1.0,0.9714058637619019,0.9673287868499756,2.629594326019287
199,2.280950630034219,1.0,0.9276341462973505,0.7071299593832532,0.0,0.0,0.0,64,0.02751359575682257,0.5891914367675781,1.5,0.796875,51,0.796875,64,0.796875,43,0.671875,0.8569795067677617,45.76296875,39.90452757362281,-0.427095325497672,0.6826627290413186,3.109375,2.9321343948351,-0.41685779737180856,0.9166051979206009,3.055490937500002,1.3307070279692013,0.3524484267261748,0.6359928298044029,301.194921875,131.32740851616632,-0.2877585077801099,0.8719286186078328,1.0,0.9835070967674255,0.019999999552965164,1.0000001192092896,1.2992420196533203,1.2957348823547363,2.6691505908966064
200,2.151860257992631,0.96875,0.8894919489525379,0.6921493779267711,0.0,0.03125,0.0,62,0.023102889840724894,0.6332355737686157,1.5,0.859375,53,0.8548387096774194,64,0.859375,47,0.734375,0.8780863613289193,93.75656250000009,372.8844543312767,0.3939502970930916,6.379083645113358,5.515625,21.044589705180165,0.3353523541756566,6.578682186550774,3.277940156249997,6.05225500439722,0.45876492250398354,2.89259071008193,454.4531250000007,1432.2753290520823,0.7297763301562582,9.509377084622283,1.0,0.9682857394218445,0.0,1.0446386337280273,1.330227017402649,1.329904556274414,3.3923943042755127
201,2.2607849134544926,1.0,0.9186897072941065,0.699435638890177,0.0,0.0,0.0,64,0.023284904508985675,0.571042001247406,1.5,0.796875,51,0.796875,64,0.796875,46,0.71875,0.8467464085695717,42.65609375,36.07661411917297,-0.48024587996488516,0.6171770810649714,2.6875,2.098176291449315,-0.5487387979677927,0.6559042103540312,3.153032187500002,1.6966712402400528,0.3990669042018904,0.8109003113741665,288.4855,91.32517488691173,-0.37214080682935025,0.6063397921497964,1.0,0.9836620092391968,0.02857142873108387,0.9999999403953552,1.307968258857727,1.2980725765228271,2.768221616744995
202,2.209873395748258,0.96875,0.9258403887431468,0.7155159721618548,0.0,0.03125,0.0,62,0.026527196141236973,0.6043800115585327,1.5,0.828125,51,0.8225806451612904,64,0.828125,47,0.734375,0.8624948305691635,44.3146875,35.76928579315421,-0.4518716526630612,0.6119194923523976,2.890625,1.985236033668289,-0.48524053842157816,0.6205983159451895,3.1676240625000016,1.5559785350912623,0.40604088696319346,0.7436581988732872,303.708484375,108.1253421234461,-0.27107008680864386,0.7178819810686371,1.0,0.9969496726989746,0.012658228166401386,1.0446386337280273,1.5901535749435425,1.5901535749435425,2.660419464111328
203,2.3297378029260445,1.0,0.9462421163916588,0.7399675474941536,0.0,0.0,0.0,64,0.02361096438017062,0.590978741645813,1.5,0.8125,52,0.8125,64,0.8125,45,0.703125,0.8407103601610901,38.491093750000005,20.674623645092332,-0.551498202429079,0.353689063814158,2.546875,1.2615675702771532,-0.5926991314997875,0.3943746216002264,3.3155359375000018,1.2967576116133848,0.47673330081967336,0.6197671806385645,285.19550000000004,81.36901922050099,-0.3939842680506734,0.5402373908693399,1.0,0.9922745227813721,0.022522522136569023,0.9999999403953552,1.1908307075500488,1.1870468854904175,2.613135576248169
204,2.2667366657079433,0.984375,0.9213817597381653,0.724385687389469,0.0,0.015625,0.0,63,0.02781761494324475,0.6104642748832703,1.5,0.828125,52,0.8253968253968254,64,0.828125,42,0.65625,0.857277003546365,36.6528125,24.83876899556103,-0.5829464157315716,0.4249267654466597,2.46875,1.39159025488827,-0.6171215390175623,0.43502059907386237,3.159561250000002,1.529150042098041,0.4021873783919772,0.7308358955266325,275.482828125,82.54058121095552,-0.45847009524125115,0.5480158008714281,1.0,0.9881652593612671,0.01953125,1.023047924041748,1.177310585975647,1.1740580797195435,2.58064341545105
205,2.1534340974075734,0.984375,0.8759944626972789,0.6701244550675246,0.0,0.015625,0.0,63,0.023518235447663266,0.6018887758255005,1.5,0.90625,57,0.9047619047619048,64,0.90625,52,0.8125,0.8836570492619429,47.033437500000005,48.62016531937745,-0.4053609079572922,0.8317646332769993,3.046875,2.660061603492483,-0.43639572338602844,0.8315533888368515,3.197481250000002,2.011029038153182,0.42031071252885904,0.961143228307554,311.40557812500003,187.38044610596077,-0.21996638807155697,1.24408434898171,1.0,0.9817087054252625,0.010830325074493885,1.0230478048324585,1.3850488662719727,1.3307619094848633,2.872462749481201
206,2.2164407065779588,0.984375,0.9141874103437341,0.704850246219731,0.0,0.015625,0.0,63,0.029444183971618153,0.5981642007827759,1.5,0.75,47,0.746031746031746,64,0.75,41,0.640625,0.8360019419258536,48.8740625,57.32586956162195,-0.37387259918522575,0.9806966010912386,3.40625,3.8353566897356495,-0.32405264880426415,1.198958643875174,3.4930246875000024,1.7556644879245251,0.561561568799302,0.8390953097814853,336.202265625,247.72725680380591,-0.05533250301881446,1.644747941476823,1.0,0.9836105108261108,0.007662835065275431,1.023047924041748,1.2684603929519653,1.2409499883651733,2.778282880783081
207,2.1857355092243647,0.984375,0.8886991291055604,0.7122575446170675,0.0,0.015625,0.0,63,0.0334116548123298,0.640606701374054,1.5,0.84375,53,0.8412698412698413,64,0.84375,49,0.765625,0.8610762615887401,53.60359375,63.685862794638034,-0.2929626146163224,1.0894995515615755,3.703125,3.9791632580700935,-0.23124750023671975,1.2439135573548095,3.2708809375000016,1.8281211218674416,0.45539106754218217,0.8737249455246608,346.574203125,269.8198995773716,0.013530419343264433,1.7914287274041578,1.0,0.9857797622680664,0.010238908231258392,1.023047924041748,1.0637311935424805,1.0614819526672363,2.7498676776885986
208,2.181551377186704,1.0,0.8825297481380403,0.670695469688961,0.0,0.0,0.0,64,0.02984410559437545,0.6776353716850281,1.5,0.875,56,0.875,64,0.875,49,0.765625,0.8688967030255251,56.91953125,65.21308901951949,-0.236235544263114,1.1156264220180045,3.875,3.8303883615111407,-0.1775182036976151,1.197405510606937,3.515190625000002,1.970535829768039,0.5721554688987148,0.9417900651789058,364.3920937500001,215.91505635866667,0.13182962995510947,1.433535611146013,1.0,0.98348069190979,0.009966777637600899,1.0,0.9799136519432068,0.9790527820587158,2.733607053756714
209,2.1732970206548963,0.984375,0.8992327417409609,0.6671735283825586,0.0,0.015625,0.0,63,0.029756519679452347,0.6053750514984131,1.5,0.859375,54,0.8571428571428571,64,0.859375,49,0.765625,0.8584456048447264,46.28578125,41.230988907187864,-0.4181513627513787,0.7053550341254632,3.03125,2.297884557043717,-0.4412802048895834,0.7183343754358169,3.5556012500000023,1.561163871122581,0.5914691624523868,0.7461364577738041,322.77075,128.66241715945068,-0.14450903514595298,0.8542348084693586,1.0,0.9896594882011414,0.01886792480945587,1.023047924041748,1.054112434387207,1.049919605255127,2.8195323944091797
210,2.2730284666809855,1.0,0.9293998891953379,0.6953994027219019,0.0,0.0,0.0,64,0.025684648160608864,0.6700202822685242,1.5,0.859375,55,0.859375,64,0.859375,48,0.75,0.8692729374242286,42.310781250000005,33.708117962549444,-0.48615327914877865,0.5766582690825118,2.796875,1.7956517575451538,-0.5145474274429079,0.5613329789795376,3.255296250000002,1.691638152098711,0.44794258391925545,0.8084948172252763,302.60689062500006,88.49837200835208,-0.27838395317939646,0.5875716586974733,1.0,0.9877908229827881,0.024000000208616257,0.9999998807907104,1.1778396368026733,1.1742099523544312,2.6421284675598145
211,2.223212211335732,1.0,0.9047305579297245,0.6891204331984019,0.0,0.0,0.0,64,0.023191151030315348,0.6272518634796143,1.5,0.84375,54,0.84375,64,0.84375,47,0.734375,0.8781165020721893,44.42640625,38.16414766207233,-0.44996043528003676,0.6528893531306343,3.125,2.5708704751503917,-0.4119733158682536,0.8036716341700904,3.3134456250000017,2.033725770981884,0.4757342651686185,0.9719908146174197,317.03904687500005,194.46777768103635,-0.18256381780342248,1.2911396232743615,1.0,0.9823418855667114,0.029739776626229286,1.0,1.0025111436843872,1.0025111436843872,2.8141939640045166
212,2.1525596533004623,0.96875,0.903123761377027,0.6676827847724848,0.0,0.015625,0.0,62,0.0286514203226042,0.6870757341384888,1.5,0.921875,58,0.9354838709677419,63,0.921875,50,0.7936507936507936,0.8850549757175574,46.999047619047616,27.41279516531487,-0.40594922941878675,0.4689616616479982,3.4444444444444446,1.8238088330776316,-0.3121128051289075,0.5701350727160233,3.3982973015873035,1.665210806246091,0.5162879383454727,0.7958642365491695,325.7034285714286,105.32641902558375,-0.12503795592114855,0.699298951235925,0.984375,0.9753705859184265,0.0679347813129425,1.0446385145187378,0.9024976491928101,0.9015942215919495,3.2717478275299072
213,2.2212592403078295,0.984375,0.9179341627491845,0.6914018821327829,0.0,0.015625,0.0,63,0.01825411395241886,0.6182906031608582,1.5,0.9375,59,0.9365079365079365,64,0.9375,56,0.875,0.8750678375127224,36.60296875,25.848546603223625,-0.583799112717844,0.44220143524697125,2.921875,1.7166891053347428,-0.4754715754144682,0.5366487156711602,3.5001759375000017,1.3258049993173016,0.5649794088110732,0.6336499737071732,304.9699375,82.71969140262857,-0.2626948581100254,0.5492049761073411,1.0,0.9876626133918762,0.01953125,1.023047924041748,0.9913219213485718,0.9896697998046875,2.7368617057800293
214,2.3063168282067035,1.0,0.9383607245981693,0.7225558248438472,0.0,0.0,0.0,64,0.02470324661990166,0.6612510681152344,1.5,0.890625,57,0.890625,64,0.890625,54,0.84375,0.8704727858866539,39.03546875,24.633788655630575,-0.5421853613627056,0.4214200847072732,2.875,1.58607219255619,-0.4901250199251331,0.49581697842198946,3.1421956250000016,1.436871187813425,0.39388772057629157,0.6867325065506638,297.43792187500003,79.962090501395,-0.3127025454118761,0.5308962987973163,1.0,0.9891625046730042,0.003816793905571103,0.9999999403953552,0.8566680550575256,0.8514542579650879,2.504046678543091
215,2.2590427931577977,1.0,0.9228870989754796,0.682690960734755,0.0,0.0,0.0,64,0.02441511357446982,0.6285951137542725,1.5,0.859375,55,0.859375,64,0.859375,46,0.71875,0.8775631841201671,44.123125,36.28533570341296,-0.45514878904290434,0.620747764768574,3.21875,2.6720120578882125,-0.3826664268469238,0.8352891823379727,2.9509756250000017,1.5286434912385112,0.30249679352843906,0.7305937966214483,311.833453125,154.96859014137047,-0.21712557622654993,1.028890695828626,1.0,0.9682647585868835,0.0357142873108387,1.0,0.9493685960769653,0.9493685960769653,2.8090319633483887
216,2.221639953456945,0.984375,0.9205976710433051,0.6873116017471056,0.0,0.015625,0.0,63,0.024556050524033576,0.6439005136489868,1.5,0.9375,59,0.9365079365079365,64,0.9375,52,0.8125,0.8762301543365125,50.689375,36.35514036363187,-0.3428173214845578,0.6219419410373426,3.5,2.4238399287081647,-0.2947457597829343,0.7577088831585936,3.255071875000002,1.6072903146550686,0.44783534702323846,0.7681819469268972,323.64931250000006,132.48243308169614,-0.13867595128599558,0.8795972308591479,1.0,0.9874105453491211,0.029520295560359955,1.0230478048324585,1.0452196598052979,1.0452196598052979,2.7972567081451416
217,2.295588936803203,1.0,0.9429220457095653,0.6973879265317753,0.0,0.0,0.0,64,0.019940569188020424,0.6354689002037048,1.5,0.890625,57,0.890625,64,0.890625,46,0.71875,0.8701031629485603,39.25578125,30.003520929045116,-0.5384163872227553,0.5132822444891993,2.921875,1.6705602306935838,-0.4754715754144682,0.5222285150334293,3.084516250000002,1.275591133808779,0.36632066925953227,0.6096509583349315,294.59475,96.09183428334332,-0.3315793583593292,0.6379873118097387,1.0,0.9898906946182251,0.02822580561041832,0.9999999403953552,0.9443054795265198,0.9400713443756104,2.7238879203796387
218,2.2591934197790127,1.0,0.9153642745222896,0.6882768214768733,0.0,0.0,0.0,64,0.016727072256710586,0.6479907631874084,1.5,0.953125,61,0.953125,64,0.953125,58,0.90625,0.8785174617928088,47.409062500000005,32.39648749858684,-0.39893494070024227,0.5542196816222181,3.375,1.8413649828320293,-0.3338216118113741,0.575623244795959,2.981336562500002,1.7159489037139009,0.3170073793676135,0.8201138012611632,313.81381250000004,118.93846245667802,-0.2039772773778881,0.7896740706371643,1.0,0.9915305376052856,0.01413427572697401,1.0,1.0607918500900269,1.0580782890319824,2.6941192150115967
219,2.227161731384037,0.984375,0.9054209612428196,0.7379914301413033,0.0,0.015625,0.0,63,0.016247059510572717,0.6370149850845337,1.5,0.9375,59,0.9365079365079365,64,0.9375,51,0.796875,0.8797379237360761,39.51046875,28.520726861666294,-0.5340593461957206,0.4879154927396508,2.984375,1.6629434324038206,-0.45593364940024833,0.5198474519702192,3.0662984375000018,1.210009373911546,0.35761372033599415,0.5783070725780138,294.9448593750001,87.66795198447441,-0.329254859710078,0.5820582095822812,1.0,0.9893688559532166,0.007518797181546688,1.023047924041748,0.9187841415405273,0.9174346923828125,2.635467290878296
220,2.2877596841176615,1.0,0.92656634375453,0.7074113643540174,0.0,0.0,0.0,64,0.017665392862225224,0.6345766186714172,1.5,0.9375,60,0.9375,64,0.9375,49,0.765625,0.8764776383247064,39.750625,25.91009225879705,-0.5299508970800444,0.4432543214167643,2.84375,1.5634372189186236,-0.499893982932243,0.48874113137775604,2.8462707812500017,1.518161219206999,0.25245457651812087,0.7255839411746977,286.52560937500004,87.41989007829139,-0.38515320648443285,0.5804112397864768,1.0,0.987190306186676,0.014869888313114643,1.0,0.9638655781745911,0.9638285040855408,2.672687530517578
221,2.166092479250974,0.984375,0.8897342425844972,0.6786807262302559,0.0,0.015625,0.0,63,0.02138548832849324,0.67205411195755,1.5,0.96875,61,0.9682539682539683,64,0.96875,53,0.828125,0.8764698527509991,90.38859375,322.43059853472334,0.3363331073153402,5.515949334722491,5.5,18.01388353465182,0.33046787267210165,5.631262779660815,3.4402775000000037,3.464473985240232,0.5363517875798073,1.6557969315148673,458.63009375000036,1184.0305614687215,0.757508687272762,7.861193207995059,1.0,0.9751133322715759,0.0,1.023047924041748,2.2942888736724854,2.1542747020721436,3.2524919509887695
222,2.162813818977914,1.0,0.8735290342010558,0.6649118604083342,0.0,0.0,0.0,64,0.022853437680063253,0.6372806429862976,1.5,0.890625,57,0.890625,64,0.890625,55,0.859375,0.8917285022302722,50.72734375,38.74278530587128,-0.3421677748774599,0.6627883389615788,3.6875,2.178553132241672,-0.23613198174027472,0.681030558652556,3.2081356250000024,2.078577681328837,0.4254028221845724,0.9934271584437725,327.050578125,145.9294517167034,-0.11609375864675345,0.968876692894465,1.0,0.9916912317276001,0.014184396713972092,0.9999999403953552,1.0008174180984497,1.0008174180984497,2.688086748123169
223,2.2224612977573823,0.984375,0.9196035875864919,0.698801610677768,0.0,0.015625,0.0,63,0.017150574208904614,0.6079656481742859,1.5,0.859375,54,0.8571428571428571,64,0.859375,51,0.796875,0.8678302398440636,45.676874999999995,52.755236880895296,-0.42856816574668805,0.9025049579621824,3.09375,2.696750069528135,-0.42174227887536353,0.8430224533965281,3.281256562500002,1.512199411116781,0.46034995253042044,0.7227345783034163,315.84037500000005,195.1902998618032,-0.19052221981517128,1.2959367008540352,1.0,0.9850602746009827,0.025089606642723083,1.023047924041748,0.992082953453064,0.992082953453064,2.7800755500793457
224,2.2043606262269275,0.984375,0.9110987432419307,0.6811600849952751,0.0,0.015625,0.0,63,0.021723296266073916,0.618017315864563,1.5,0.9375,59,0.9365079365079365,64,0.9375,51,0.796875,0.8879552837661722,50.10421875,43.32122938023168,-0.3528278237215178,0.7411136147288311,3.5625,2.703441094235271,-0.2752078337687145,0.8451141133275255,3.150676875000002,1.6061925725929442,0.39794121550372924,0.7676572964472561,322.7556718750001,140.14985796394592,-0.1446091440938942,0.9305039476016502,1.0,0.995354950428009,0.011194029822945595,1.023047924041748,0.8509241342544556,0.8500486016273499,2.5751733779907227
225,2.16326183873099,0.953125,0.9104720895163348,0.7261942728533729,0.0,0.046875,0.0,61,0.02463969759602139,0.6249126195907593,1.5,0.859375,52,0.8524590163934426,64,0.859375,51,0.796875,0.8755167496882554,36.21953125,27.66554318042163,-0.5903587315401404,0.47328552313048844,2.703125,1.5173958726630965,-0.5438543164642378,0.4743482927099869,3.3261043750000017,1.4667234361173422,0.4817843378480819,0.7009999714965778,288.40729687500004,91.5697596708515,-0.3726600247406946,0.6079636761143296,1.0,0.9863073825836182,0.011320754885673523,1.0648607015609741,1.1540191173553467,1.1527119874954224,2.6691582202911377
226,2.262800060360581,0.984375,0.9354914180816166,0.7198435755546104,0.0,0.015625,0.0,63,0.01962641264237723,0.6577341556549072,1.5,0.9375,59,0.9365079365079365,64,0.9375,58,0.90625,0.882156655725152,38.436406250000005,27.75033205697656,-0.5524337633858042,0.4747360403870715,3.234375,1.8770171441345442,-0.37778194534336884,0.5867683534323681,3.031293906250002,1.6099737135767724,0.340883793749795,0.7694644399459001,297.4178125000001,93.55491713925893,-0.31283605858907865,0.6211438311840494,1.0,0.9922951459884644,0.026022305712103844,1.0230478048324585,0.7830896973609924,0.7830322980880737,2.5695579051971436
227,2.2561791202908994,1.0,0.9221943898592144,0.6869837903545217,0.0,0.0,0.0,64,0.022814293867674796,0.6110813021659851,1.5,0.859375,55,0.859375,64,0.859375,49,0.765625,0.8628056180181183,44.653437499999995,44.17446173337705,-0.4460765207939746,0.7557102021869816,3.265625,2.392972703432908,-0.3680129823362589,0.748059578139518,3.237849218750002,1.6310223820231078,0.43960401912388697,0.7795243569129195,317.984609375,129.60598421629902,-0.17628589749914098,0.8604994803283206,1.0,0.9876852035522461,0.026923077180981636,0.9999999403953552,0.8142811059951782,0.8142811059951782,2.5964813232421875
228,2.2149356900675325,1.0,0.8952286001294851,0.6867767311076172,0.0,0.0,0.0,64,0.02018082553520993,0.6419022083282471,1.5,0.875,56,0.875,64,0.875,49,0.765625,0.8705139241155652,45.47093749999999,36.59560820298104,-0.43209122100658487,0.6260557206367604,3.21875,1.9722191656862074,-0.3826664268469238,0.6165291542880571,3.276190000000002,1.7090250107773455,0.4579284597795528,0.8168046233809629,317.75746875000004,120.97567136437614,-0.1777939635884946,0.8031998134259297,1.0,0.9927089810371399,0.021897809579968452,1.0,1.0890414714813232,1.0890414714813232,2.8004281520843506
229,2.225165552631103,0.984375,0.9219595231707134,0.6703138276939778,0.0,0.015625,0.0,63,0.0200681174963304,0.6587458848953247,1.5,0.953125,60,0.9523809523809523,64,0.953125,48,0.75,0.8859378238590228,41.625937500000006,36.18487234496059,-0.4978691753582835,0.6190290978748683,3.046875,1.995539459488336,-0.43639572338602844,0.6238192370870309,3.122996562500002,1.440538837516864,0.38471179692643986,0.68848540847768,299.44785937500006,111.7478128629465,-0.2993578670415009,0.7419328318661007,1.0,0.9887609481811523,0.01515151560306549,1.023047924041748,0.8945844173431396,0.8945844173431396,2.701338768005371
230,2.1476765757543257,0.96875,0.8836915185374599,0.6873311884876995,0.0,0.03125,0.0,62,0.016101904780892337,0.6368114948272705,1.5,0.984375,61,0.9838709677419355,64,0.984375,51,0.796875,0.8941646150517002,46.3228125,43.10580331683709,-0.4175178543321105,0.737428234816182,3.25,2.3651109910530628,-0.37289746383981387,0.7393498169378078,3.0117606250000017,1.961263108448765,0.3315481349184805,0.9373582975937953,301.590671875,124.9586635903368,-0.28513098505113144,0.8296442925239856,1.0,0.994137167930603,0.016611294820904732,1.0446386337280273,0.8726767301559448,0.8726767301559448,2.703775405883789
231,2.2638171939367178,0.984375,0.9351667638808961,0.7048890981455889,0.0,0.015625,0.0,63,0.022059290031871598,0.6242713332176208,1.5,0.90625,57,0.9047619047619048,64,0.90625,49,0.765625,0.874455018794156,43.5490625,36.633351467564275,-0.4649695060572145,0.6267014097745601,2.796875,2.0929919336621916,-0.5145474274429079,0.6542835447720143,3.180734375000002,1.3924847196758976,0.41230677762976636,0.6655186143245964,294.8380000000001,103.50700965770996,-0.32996433649243284,0.6872192558034437,1.0,0.9898717403411865,0.01515151560306549,1.023047924041748,0.7617130279541016,0.7617130279541016,2.491743326187134
232,2.2341872840978767,0.984375,0.9221049868871295,0.7160775359138141,0.0,0.015625,0.0,63,0.02569257881180597,0.585734486579895,1.5,0.859375,54,0.8571428571428571,64,0.859375,50,0.78125,0.8804438133228927,46.50328125,37.253386970796335,-0.4144305031749172,0.637308605360524,3.3125,2.1130176880471208,-0.353359537825594,0.6605437320928412,2.8931809375000017,1.498262796205283,0.27487463021358743,0.7160737679453433,300.521046875,87.59630660743315,-0.29223259970427956,0.5815825308542909,1.0,0.9930509924888611,0.023346303030848503,1.0230478048324585,1.0085700750350952,1.0073950290679932,2.6561832427978516
233,2.2750833148620666,1.0,0.9190966819878668,0.7176573256653789,0.0,0.0,0.0,64,0.01713489923050685,0.5980708599090576,1.5,0.890625,57,0.890625,64,0.890625,48,0.75,0.871906397684577,36.376093749999995,26.04029003397833,-0.5876803541726013,0.4454816668816712,2.59375,1.538249309279871,-0.5780456869891225,0.48086721913815916,3.345737500000002,1.3014006508361977,0.4911677156045739,0.621986256357069,297.49910937500005,90.26583918801273,-0.3122963001889338,0.5993064917670414,1.0,0.9874677658081055,0.015564202331006527,1.0,0.8852905035018921,0.8852905035018921,2.6925837993621826
234,2.1148136960052577,0.953125,0.901589392760738,0.7000634554201077,0.0,0.03125,0.0,61,0.029393129266939648,0.6217645406723022,1.5,0.859375,53,0.8688524590163934,63,0.859375,51,0.8095238095238095,0.873685198579562,44.429841269841276,35.0267340752004,-0.4499016710203965,0.5992163628316326,3.2698412698412698,2.1321897917723156,-0.3666949476448234,0.6665370623987582,3.2948019047619073,1.748450305278398,0.4668237595929451,0.8356473919908667,319.4867142857144,113.17380577192989,-0.1663128973874237,0.751400497765572,0.984375,0.9756739735603333,0.039393939077854156,1.0648607015609741,2.5821585655212402,2.3975722789764404,3.2385764122009277
235,2.215847851733063,0.984375,0.9158002613555818,0.6950144391558454,0.0,0.015625,0.0,63,0.02016556418959025,0.624422550201416,1.5,0.9375,59,0.9365079365079365,64,0.9375,53,0.828125,0.8850421917820925,39.88859375,32.92196521070638,-0.5275906104377919,0.5632092392192621,3.09375,2.1774321889556054,-0.42174227887536353,0.6806801441407272,3.2944821875000017,1.5787193307872904,0.4666709551950853,0.7545268444148928,310.24581250000006,108.40555355741635,-0.2276664778756636,0.7197424028290323,1.0,0.99278324842453,0.018115941435098648,1.023047924041748,0.825350821018219,0.825350821018219,2.6740331649780273
236,2.226679963951149,0.984375,0.916297965697826,0.6929313902580665,0.0,0.015625,0.0,63,0.020589632438361448,0.6606931686401367,1.5,0.96875,61,0.9682539682539683,64,0.96875,57,0.890625,0.8790020208698914,47.743125000000006,32.19038525296606,-0.39321999977030353,0.5506938079930305,3.484375,1.9444808714345843,-0.2996302412864893,0.6078579744344752,2.9144045312500015,1.7105434070200574,0.28501815028523,0.8175303196483378,311.22382812500007,115.04808641845631,-0.22117308991866175,0.763844502817328,1.0,0.9923571944236755,0.010452961549162865,1.023047924041748,0.8173508644104004,0.8173508644104004,2.5473899841308594
237,2.2912185038268427,1.0,0.9343316140584648,0.7076763840811076,0.0,0.0,0.0,64,0.02564428201528267,0.6765499711036682,1.5,0.90625,58,0.90625,64,0.90625,50,0.78125,0.8804485371071613,42.07453125000001,31.458949935277136,-0.4901949024818316,0.5381808511820649,3.40625,2.3165083504058432,-0.32405264880426415,0.7241563001848303,3.081639687500002,1.5743938853194128,0.3649458564073929,0.752459558193764,317.30240625,125.40521124273494,-0.1808152827593243,0.8326090786421108,1.0,0.9979420900344849,0.0,0.9999998807907104,0.7425215244293213,0.7414290904998779,2.642993211746216
238,2.2331507670612405,0.984375,0.9243444086067261,0.7152129966309917,0.0,0.015625,0.0,63,0.02502353664181924,0.642209529876709,1.5,0.890625,56,0.8888888888888888,64,0.890625,52,0.8125,0.8883207735283035,47.19140625,51.12731253532657,-0.4026584733080088,0.8746554044405078,3.40625,2.7540807790440716,-0.32405264880426415,0.8609444239703697,3.1776442187500016,1.3745275490927846,0.410829880629399,0.6569362355632371,322.316453125,174.18777352193536,-0.14752527106450347,1.1564935793784348,1.0,0.9871187210083008,0.035999998450279236,1.0230478048324585,0.8311877250671387,0.8311877250671387,2.6749801635742188
239,2.302160780470876,1.0,0.9349323820788413,0.7287874754261393,0.0,0.0,0.0,64,0.01904793808966234,0.537328839302063,1.5,0.90625,58,0.90625,64,0.90625,55,0.859375,0.8693449690017411,41.7940625,25.298392100508952,-0.4949929936741797,0.43278972191382503,2.890625,1.572390571510463,-0.48524053842157816,0.4915400104260533,3.028725781250002,1.5115189707354466,0.3396563942909269,0.7224093713310759,295.39915625000003,83.83274406989251,-0.3262386237915279,0.5565949222394598,1.0,0.9957600235939026,0.022641509771347046,0.9999999403953552,0.7907266020774841,0.7907266020774841,2.591005802154541
240,2.305591754020355,1.0,0.9456092603504658,0.7171138879627792,0.0,0.0,0.0,64,0.02108623071004681,0.5872098803520203,1.5,0.90625,58,0.90625,64,0.90625,52,0.8125,0.8850950414569883,41.975625,31.412941096932887,-0.49188693129785194,0.5373937595648003,3.09375,1.6271020058681016,-0.42174227887536353,0.5086431777318355,3.0037187500000018,1.875937730319411,0.3277046331328255,0.8965782253840358,295.2262968750001,87.9929640089692,-0.3273862976682917,0.5842160781395808,1.0,0.9912902116775513,0.0077220075763762,0.9999999403953552,0.8940072059631348,0.8940072059631348,2.647855281829834
241,2.2130604190704015,0.984375,0.9109716293594193,0.6934152099953917,0.0,0.015625,0.0,63,0.01551760680660835,0.6888248324394226,1.5,0.921875,58,0.9206349206349206,64,0.921875,53,0.828125,0.8869045653835111,74.47921875,262.5583256767954,0.0641650598474445,4.491690392984846,5.21875,16.692502761344688,0.24254720560811224,5.2181901430930155,4.224978125000002,9.40523491776303,0.9113884865327363,4.495100607871542,461.17851562500084,1282.3422200058924,0.7744285518326846,8.513918709776418,1.0,0.9680191874504089,0.005899704992771149,1.023047924041748,2.335118055343628,2.1646063327789307,3.2527658939361572
242,2.2163382888645913,0.984375,0.9167635497592744,0.6950154811117363,0.0,0.015625,0.0,63,0.019350481716435646,0.6000386476516724,1.5,0.921875,58,0.9206349206349206,64,0.921875,51,0.796875,0.8703959959218883,41.18421875,31.870768189904812,-0.5054258348573186,0.545225990936056,3.21875,1.9880011160711153,-0.3826664268469238,0.6214626995517438,3.492297343750002,1.4873626110462312,0.561213945017297,0.7108641767588618,324.21028125,116.48248625886171,-0.13495148346320002,0.773367985276224,1.0,0.9913160800933838,0.007017544005066156,1.023047924041748,0.9616649746894836,0.9616649746894836,2.74674916267395
243,2.211136893226971,0.984375,0.9099607203924467,0.6967836669776922,0.0,0.015625,0.0,63,0.02467734591398916,0.6105583906173706,1.5,0.90625,57,0.9047619047619048,64,0.90625,48,0.75,0.8805749009395125,43.7259375,46.155083269571655,-0.4619436346200345,0.7895934877515591,3.125,2.5341418665891617,-0.4119733158682536,0.7921900207832976,2.9238559375000017,1.4608460719998018,0.2895353178361838,0.6981909674420865,304.268234375,119.75697353634865,-0.26735371069355696,0.7951084521046442,1.0,0.9864680171012878,0.01498127356171608,1.023047924041748,0.8146624565124512,0.8146624565124512,2.680414915084839
244,2.168960603387243,0.96875,0.9131094202879937,0.6791120998618847,0.0,0.03125,0.0,62,0.016907297121448703,0.6700436472892761,1.5,0.9375,58,0.9354838709677419,64,0.9375,55,0.859375,0.8967815270394837,40.48765625,27.791794806549216,-0.5173422084146931,0.4754453602436869,2.875,1.8582585934148133,-0.4901250199251331,0.5809043026148306,3.373750156250002,1.7725160052728492,0.5045559732332755,0.8471492570287728,297.76776562500004,117.11643367189426,-0.31051259733825265,0.7775769839792436,1.0,0.9834570288658142,0.027888447046279907,1.0446386337280273,0.874675989151001,0.874675989151001,2.587031364440918
245,2.0917499565215962,0.9375,0.9012440711259841,0.6945197659629322,0.0,0.046875,0.0,60,0.022688040789329168,0.6499435901641846,1.5,0.875,53,0.8833333333333333,63,0.875,48,0.7619047619047619,0.882712130178773,38.774920634920655,28.860683415607532,-0.5466426622782089,0.4937312656100559,2.9682539682539684,1.8769128145116127,-0.460973193808678,0.5867357392811053,3.1767815873015888,1.6390644887331485,0.4104175979823376,0.7833679694411508,297.65969841269845,111.68544613540574,-0.3112300933750935,0.7415187573388857,0.984375,0.9795843958854675,0.0030959751456975937,1.0837911367416382,1.1147936582565308,1.1147936582565308,3.30314302444458
246,2.113524567661649,0.96875,0.8795884914936558,0.6522959845673779,0.0,0.03125,0.0,62,0.01782877116905153,0.671008825302124,1.5,0.921875,57,0.9193548387096774,64,0.921875,51,0.796875,0.8941592579668876,49.2446875,43.740070407777615,-0.3675321689299336,0.7482788958707128,3.71875,2.5523809350290954,-0.22636301873316478,0.797891677899261,2.7846356250000013,1.6564657914384662,0.22299691482778106,0.7916846789175617,306.3050468750001,123.51071685060754,-0.253830599794208,0.8200308674602113,1.0,0.989047110080719,0.014184396713972092,1.0446386337280273,0.9685311913490295,0.9685311913490295,2.6006083488464355
247,2.236194849575452,0.984375,0.9277501491800187,0.6850161249344977,0.0,0.015625,0.0,63,0.019847295004111316,0.594286322593689,1.5,0.953125,60,0.9523809523809523,64,0.953125,55,0.859375,0.8692625958359848,40.746875,33.701384702403175,-0.5129076494798155,0.5765430805055185,3.0,1.7940875118009154,-0.45104916789669336,0.5608439850976338,3.316495156250002,1.6986497460308307,0.4771917460178964,0.8118459105708443,313.82721875000004,119.00686251949259,-0.20388826859308615,0.7901282025884184,1.0,0.9894413948059082,0.003759398590773344,1.0230478048324585,0.748370885848999,0.748370885848999,2.5958168506622314
248,2.187041056467824,0.96875,0.9244709250427061,0.6900564403494919,0.0,0.03125,0.0,62,0.021521293532244426,0.6150522828102112,1.5,0.890625,55,0.8870967741935484,64,0.890625,53,0.828125,0.8808562455504777,39.64375,32.61667472800531,-0.5317792504926161,0.5579865127081777,3.0,2.0615528128088303,-0.45104916789669336,0.6444554612970529,3.1687403125000024,1.871892743072812,0.40657438305312776,0.8946449802508728,301.999796875,113.38429838388392,-0.2824146610170359,0.7527980318709194,1.0,0.9859062433242798,0.011406844481825829,1.0446386337280273,0.9607436656951904,0.9607436656951904,2.766336679458618
249,2.14534401269744,0.984375,0.8896463732161219,0.6336789360116583,0.0,0.015625,0.0,63,0.020173784250124338,0.6484980583190918,1.5,0.9375,59,0.9365079365079365,64,0.9375,56,0.875,0.8888865903622997,47.87640625,42.803065470214406,-0.390939904067199,0.7322491772724425,3.328125,2.430629339157865,-0.348475056322039,0.7598312991433362,3.2822346875000026,2.118301060184325,0.46081743370665057,1.0124123923056911,330.2384531250001,130.93180315553707,-0.09492834103552918,0.8693020561902484,1.0,0.9868831634521484,0.010416666977107525,1.023047924041748,0.8538216352462769,0.8532723188400269,2.636117458343506
