step,reward_mean,valid_frac,c_mean,qed_mean,tox_mean,undersized_frac,alerts_mean,n_rankable,d_var,d_loss,w_C,unique,n_valid,unique_smiles_frac,n_scaffolds,scaffold_frac,tanimoto_dist,tpsa_mean,tpsa_sd,tpsa_drift_sd,tpsa_spread_ratio,hba_mean,hba_sd,hba_drift_sd,hba_spread_ratio,logp_mean,logp_sd,logp_drift_sd,logp_spread_ratio,mw_mean,mw_sd,mw_drift_sd,mw_spread_ratio,rdkit_valid_frac,ratio_mean,clip_frac,adv_std,kl
0,0.8867588616036799,0.8125,0.8354377924249723,0.5398595062728755,0.0,0.171875,0.0,52,0.003977557547071096,0.6911993622779846,0.0,1.0,63,0.984375,39,0.6190476190476191,0.9230844615494334,54.63365079365079,32.067589745232354,-0.27534101638565733,0.5485930960808584,3.4603174603174605,1.990655924646461,-0.3071507921729152,0.6222926108081762,1.8858942857142866,1.6446727893256772,-0.2065439500061799,0.7860483783435366,258.09215873015876,120.08104949194079,-0.5739328346148287,0.7972601057729543,0.984375,0.9898567795753479,0.020086083561182022,1.1952285766601562,0.0026903897523880005
1,0.9997735104482195,0.890625,0.881535950459932,0.5716205469777721,0.0,0.09375,0.0,57,0.0040025341078829225,0.6755163073539734,0.0,1.0,63,0.984375,47,0.746031746031746,0.9179048206828438,56.56825396825398,34.034324435906115,-0.24224498535634642,0.5822388138194907,3.6507936507936507,2.116891477815662,-0.24760663670100705,0.6617547051791197,2.120947777777779,1.7051805446488748,-0.09420341792000883,0.8149672145142911,275.63434920634927,109.18313155634208,-0.4574640937626295,0.7249050152503358,0.984375,0.9961555004119873,0.018606869503855705,1.133455753326416,0.007899990305304527
2,0.9902868488326184,0.875,0.865921535130058,0.5955569623547652,0.0,0.109375,0.0,56,0.004041618797941378,0.658262312412262,0.0,1.0,63,0.984375,46,0.7301587301587301,0.91553057239151,51.86714285714287,35.057957248532176,-0.32266877523123083,0.599750510158065,3.3174603174603177,1.9175496667924332,-0.3518089087768463,0.5994390962941205,2.4061938095238107,1.668683459752675,0.042125937157864744,0.7975239427686166,279.2717142857143,107.59135438763653,-0.433314354231047,0.7143366496401208,0.984375,0.9961323142051697,0.0013947001425549388,1.1478064060211182,0.013275803998112679
3,0.8890389453303793,0.78125,0.8922961044311524,0.5964149284018311,0.0,0.203125,0.0,50,0.004087395079716756,0.6426630616188049,0.0,1.0,63,0.984375,46,0.7301587301587301,0.9281756779925998,39.61349206349207,23.94791850044394,-0.5322968851262689,0.4096866293733177,2.634920634920635,1.6065499592228567,-0.5651754658845174,0.5022184678631061,2.4695366666666683,1.8281436696755016,0.07239977062792771,0.8737357219344585,246.7295873015873,122.3142554685014,-0.6493729222666578,0.8120871416842702,0.984375,0.9970683455467224,0.00983946118503809,1.2133514881134033,0.01869964599609375
4,1.0081149134544503,0.875,0.8283807427755424,0.5972657451651047,0.0,0.125,0.0,56,5.219445381562243e-06,0.6521291136741638,0.0,1.0,64,1.0,43,0.671875,0.9152264229175879,50.21921875,37.602647775152064,-0.35086047268108983,0.6432835497677408,3.109375,1.8718071774023626,-0.41685779737180856,0.5851396823195696,1.9189489062500007,1.5290585865749204,-0.19074595599941338,0.7307921856372819,238.085359375,96.03206155959835,-0.7067649762188432,0.6375904597814055,1.0,0.9950854182243347,0.006966773886233568,1.1478068828582764,0.024417001754045486
5,0.9221195475553691,0.796875,0.8722495828189102,0.6110356479885285,0.0,0.171875,0.0,51,0.008161703936779674,0.6210017800331116,0.0,0.984375,62,0.953125,46,0.7419354838709677,0.9092693968183007,43.445645161290315,34.380461941245706,-0.46673870787381255,0.5881603267000209,2.693548387096774,2.028734785107174,-0.5468480309341586,0.6341963221423715,2.377502580645163,1.5722310263864068,0.028413365223120764,0.7514258499887584,245.85985483870974,108.08122140940999,-0.6551473804203939,0.7175890482096386,0.96875,0.9951918125152588,0.006305832881480455,1.2047358751296997,0.032635822892189026
6,1.0405976498812295,0.875,0.9147804720061166,0.6718245505400368,0.0,0.125,0.0,56,1.9324398423028327e-05,0.610203206539154,0.0,1.0,64,1.0,46,0.71875,0.9095254551464157,36.8396875,28.294498469708625,-0.5797494702908763,0.4840453130675442,2.515625,1.5611713100665794,-0.6024680945068974,0.4880327928256567,2.6504328125000014,1.5010345757639858,0.15885655583393044,0.717398501254841,247.56350000000003,81.65076374489713,-0.643836284063087,0.5421079913535245,1.0,0.9995030760765076,0.0015584415523335338,1.1478066444396973,0.03575586900115013
7,1.0793548502765309,0.921875,0.8515752008405783,0.6389470011537142,0.0,0.0625,0.0,59,0.004123923082016354,0.6342846155166626,0.0,1.0,63,0.984375,51,0.8095238095238095,0.8965494148765343,43.01349206349206,26.876976939246617,-0.47413172393100866,0.45979520473899277,2.888888888888889,1.8179974253139006,-0.4857832585886398,0.5683183870372034,2.7189865079365094,1.5972326153616798,0.191620836654444,0.7633750100876998,259.6604761904762,97.30694186183949,-0.5635202262175133,0.6460548362081026,0.984375,0.9971629977226257,0.007869884371757507,1.1014959812164307,0.04501429200172424
8,0.959904653858031,0.828125,0.8547656356163744,0.6389771611910723,0.0,0.171875,0.0,53,7.917934541209256e-05,0.5855199098587036,0.0,1.0,64,1.0,46,0.71875,0.9092742898292426,35.714375000000004,24.804225060649948,-0.5990006417489766,0.4243358085224181,2.328125,1.531489139489732,-0.661081872549557,0.4787539439829064,2.3616346875000014,1.6113117466087317,0.020829527419373405,0.7701039341369439,221.934359375,74.2134085598686,-0.8139971167007863,0.4927287878357801,1.0,0.9987040162086487,0.004648460075259209,1.1848078966140747,0.06166146323084831
9,1.0266020761967338,0.875,0.8926275047872748,0.662131889215254,0.0,0.109375,0.0,56,0.003999648980966311,0.5640026926994324,0.0,1.0,63,0.984375,48,0.7619047619047619,0.9035347104573259,34.05730158730159,22.676057802900257,-0.6273488600319129,0.3879283992290398,2.3015873015873014,1.2678555903311657,-0.6693777379603568,0.3963402995296861,2.458287777777779,1.3840816476689923,0.0670235213662716,0.661502483476563,222.14633333333336,72.19668576990726,-0.8125897474184809,0.47933905955107514,0.984375,0.9993790984153748,0.0030376671347767115,1.1478065252304077,0.06296221911907196
10,1.0049600443451985,0.875,0.872550966484206,0.6634202151256535,0.0,0.125,0.0,56,0.00021849264689881103,0.5568125247955322,0.0,1.0,64,1.0,48,0.75,0.9088476667264433,33.55109375,22.91678227284998,-0.636008760165722,0.3920465691108837,2.4375,1.3792547806696194,-0.6268905020246722,0.43116444575171337,2.500296093750001,1.5413668422262214,0.08710080899528791,0.7366747444403065,224.255078125,88.19828888545416,-0.7985890528645484,0.5855793018408793,1.0,0.9976049661636353,0.006075334269553423,1.147807002067566,0.055731792002916336
11,1.0289003197019677,0.890625,0.902368588405743,0.6572423865893392,0.0,0.09375,0.0,57,0.003966120542830768,0.5248842835426331,0.0,1.0,63,0.984375,47,0.746031746031746,0.8957662481871987,34.603809523809524,20.968089922816954,-0.6179995299667738,0.3587095089168715,2.1904761904761907,1.1799534946060826,-0.7041118286523032,0.36886150524534134,2.6185085714285723,1.6337954143162543,0.14359881089711923,0.7808496889493399,235.1272380952381,72.93269903304623,-0.7264049784870651,0.48422570914735347,0.984375,0.9977471828460693,0.012609649449586868,1.1334559917449951,0.053117536008358
12,0.9478556159759812,0.828125,0.8815880057946691,0.6693930867266293,0.0,0.15625,0.0,53,0.0039652928947581725,0.5781427621841431,0.0,1.0,63,0.984375,46,0.7301587301587301,0.901721540648067,37.88682539682539,24.339262606077632,-0.5618356630666073,0.41638150966361137,2.380952380952381,1.2270570215928691,-0.644567673180395,0.38358638884976765,2.494230793650795,1.4689775112137542,0.08420198356442345,0.7020772751923029,232.48906349206348,90.79280467555299,-0.7439207428151883,0.6028052000321057,0.984375,0.9966810345649719,0.010911074467003345,1.1848078966140747,0.04676807299256325
13,0.8888642678692099,0.796875,0.8871474978970546,0.6586512658002124,0.0,0.171875,0.0,51,0.006957311336394158,0.5455369353294373,0.0,1.0,62,0.96875,41,0.6612903225806451,0.9002290672434423,40.40935483870968,26.70363379108325,-0.5186817420057278,0.45682975410516447,2.370967741935484,1.5681699933335274,-0.6476889393946482,0.4902206289195221,2.596758548387098,1.566958557988803,0.13320369130150947,0.7489059473912921,240.1872580645161,90.8412264087707,-0.6928097353326439,0.6031266888624431,0.96875,0.998232901096344,0.00494233937934041,1.2047359943389893,0.049083463847637177
14,0.942830829997469,0.875,0.8539156376251152,0.6579268568024721,0.0,0.109375,0.0,56,0.004108299449688931,0.5023682117462158,0.0,1.0,63,0.984375,50,0.7936507936507936,0.8898815119131436,44.49682539682539,24.33378863405726,-0.4487557467428803,0.4162878642327457,2.8095238095238093,1.4238015607358148,-0.5105933233686016,0.4450900728413942,2.669301904761906,1.537292003955315,0.1678747748192193,0.7347272324271896,266.59953968253967,94.966937359561,-0.5174493556092489,0.630518727514108,0.984375,0.9987903833389282,0.0025176233612000942,1.1478065252304077,0.04085894301533699
15,0.9824499886694305,0.953125,0.8822483430143262,0.6019684585483137,0.0,0.046875,0.0,61,0.001480485182281329,0.49436286091804504,0.0,1.0,64,1.0,50,0.78125,0.8922297280411509,53.87125,34.54941513162705,-0.28838371199097856,0.5910506765685457,3.125,1.6630168369562588,-0.4119733158682536,0.5198703987336535,2.672506406250001,1.8083743504028427,0.16940632152836693,0.8642872520284169,286.000828125,98.33851410141195,-0.3886374128321695,0.6529038052695295,1.0,0.9996145367622375,0.008377425372600555,1.0648607015609741,0.03627504035830498
16,0.9582156715785569,0.90625,0.8788330431642204,0.663070309455753,0.0,0.078125,0.0,58,0.004959061415471268,0.5104202032089233,0.0,1.0,63,0.984375,47,0.746031746031746,0.8909453958106588,44.6715873015873,26.662211544892536,-0.4457660248719194,0.4561211271561196,2.888888888888889,1.3928514900622413,-0.4857832585886398,0.4354148697861117,2.509302857142858,1.3689474400468733,0.09140546570574624,0.6542693004166313,260.75703174603177,91.20254709544804,-0.556239810182618,0.605525623332929,0.984375,0.9981021881103516,0.0,1.1180338859558105,0.03732449933886528
17,0.9250378111976338,0.9375,0.8734548553824425,0.5936973247758354,0.0,0.0625,0.0,60,0.00440681791136025,0.487871378660202,0.0,1.0,64,1.0,51,0.796875,0.9139693496506989,53.032343749999995,37.62115706048042,-0.30273521706714385,0.643600195522074,3.296875,1.8258532893896486,-0.35824401932914895,0.5707741836946392,2.1267123437500013,1.6872973939148066,-0.09144832416292338,0.8064202125054898,261.994140625,96.1029089278889,-0.5480262114518285,0.6380608402500643,1.0,0.9994035363197327,0.0004923683009110391,1.0837911367416382,0.03735177963972092
18,0.8794887580276447,0.84375,0.8806924875135775,0.6437417182468258,0.0,0.140625,0.0,54,0.00866464167094239,0.5245878100395203,0.0,0.984375,63,0.96875,43,0.6825396825396826,0.9068526844881805,45.42317460317461,36.27728603389988,-0.43290832000452634,0.620610055849516,2.5873015873015874,1.4761051349285927,-0.5800615047524944,0.46144052664711827,1.7497046031746042,1.6112490251924356,-0.27163390577259716,0.7700739573124431,221.30046031746028,81.7835489365748,-0.8182057943547689,0.5429895987046423,0.984375,0.9968609809875488,0.001688238582573831,1.1734495162963867,0.04096393659710884
19,0.908679438330237,0.890625,0.87684534254827,0.6694709338752386,0.0,0.09375,0.0,57,0.01007789640451438,0.5461282730102539,0.0,1.0,63,0.984375,46,0.7301587301587301,0.9094203955812855,43.30380952380953,30.123056635127252,-0.46916514690831335,0.5153271896694513,2.634920634920635,1.4725163356583009,-0.5651754658845174,0.46031864353315266,2.1909722222222237,1.6625283669182198,-0.06073621316219781,0.7945822021546303,241.73561904761905,78.13223505961182,-0.682529624970632,0.5187472482249095,0.984375,0.9986200928688049,0.00435019051656127,1.133455753326416,0.042877987027168274
20,0.9820521364874806,0.953125,0.8865533124227993,0.6777788713632713,0.0,0.046875,0.0,61,0.008317734643353308,0.5196818709373474,0.0,1.0,64,1.0,54,0.84375,0.8921974726155291,39.87828125000001,23.400778536373497,-0.527767030503917,0.40032648695963347,2.640625,1.177486564413794,-0.5633922424784576,0.3680903260520744,2.474142812500001,1.6270163311982593,0.07460121366644823,0.7776097208984665,252.318109375,65.95651604634992,-0.612268768711916,0.4379083892255429,1.0,0.9991679191589355,0.0015748031437397003,1.0648608207702637,0.04842698946595192
21,0.9302580510591143,0.921875,0.9158128742444314,0.6520347772792215,0.0,0.078125,0.0,59,0.010430454514839427,0.5161343812942505,0.0,1.0,64,1.0,49,0.765625,0.9004094964301779,37.96890625,27.06210202462497,-0.5604314730501525,0.4629622136896746,2.515625,1.5611713100665794,-0.6024680945068974,0.4880327928256567,2.604341875000001,1.6528186402267082,0.13682803629293233,0.7899415739582151,248.92785937500003,79.46233969444019,-0.6347778247622476,0.5275782783194918,1.0,0.9982756972312927,0.0021436226088553667,1.1014957427978516,0.0550517775118351
22,0.8866026741701354,0.90625,0.9029811070910816,0.6514098684120471,0.0,0.09375,0.0,58,0.015605545460611587,0.5069518089294434,0.0,1.0,64,1.0,47,0.734375,0.9067168884809408,42.2296875,25.866348430969996,-0.48754058239603704,0.44250597824121773,2.6875,1.3678792892649556,-0.5487387979677927,0.42760838960067793,2.387501718750001,1.6345643528108225,0.03319231356053673,0.7812171923583001,245.47109375000002,82.83307059715774,-0.6577285013217891,0.5499577402529348,1.0,0.998025119304657,0.006557377055287361,1.1180338859558105,0.06344108283519745
23,0.8805863464447966,0.875,0.9065740321363721,0.6654824747490516,0.0,0.125,0.0,56,0.01138243346944378,0.5108737945556641,0.0,1.0,64,1.0,56,0.875,0.8907984822096726,34.15593749999999,23.895750453712346,-0.6256614559843411,0.4087941697123221,2.375,1.4197270864500684,-0.6464284280388921,0.44381636440712613,2.6223239062500014,1.7834917580598908,0.14542229686264777,0.8523949647071316,245.35093750000001,88.66374340377865,-0.6585262607100488,0.5886696172576911,1.0,0.9975737929344177,0.0011037527583539486,1.1478065252304077,0.060524385422468185
24,0.9903485332546668,0.96875,0.9103946214722048,0.6676083653357054,0.0,0.015625,0.0,62,0.018373780101005342,0.4431591331958771,0.0,1.0,63,0.984375,48,0.7619047619047619,0.8881245065950478,36.23396825396826,30.103589330878254,-0.5901117519333786,0.5149941547018984,2.746031746031746,1.622933401094763,-0.530441375192571,0.5073400434655313,2.7786841269841283,1.3390033296669437,0.22015247951246839,0.6399579312750929,260.97182539682535,81.47458843441203,-0.5548137199754155,0.5409383018207781,0.984375,0.9999169707298279,0.000978952506557107,1.0446383953094482,0.05981595069169998
25,0.9758347863392378,0.9375,0.8969097336133321,0.6892668947910702,0.0,0.0625,0.0,60,0.023033182634885383,0.5015543699264526,0.0,1.0,64,1.0,50,0.78125,0.8876284916313002,33.209843750000005,23.925650754746172,-0.6418466605356875,0.4093056861327395,2.40625,1.283534548619553,-0.6366594650317822,0.4012416487619829,2.9035328125000017,1.4921740159479455,0.27982216422118855,0.7131637205009926,250.48037500000004,70.98600691916774,-0.6244701302789083,0.47130093902596715,1.0,0.9981594085693359,0.0004926108522340655,1.0837911367416382,0.055900245904922485
26,0.9584332780327984,0.96875,0.906393745253163,0.6731505297359873,0.0,0.03125,0.0,62,0.02775919650107821,0.4829636812210083,0.0,1.0,64,1.0,53,0.828125,0.8997219977787404,35.473125,26.361798584492963,-0.6031278020837874,0.45098184237177064,2.734375,1.523177061071693,-0.5340853534571278,0.4761555316124097,2.6385143750000015,1.6742421829348237,0.1531603051693196,0.8001806568404656,255.710609375,62.14905793348191,-0.589744774124275,0.4126293425263802,1.0,0.999036431312561,0.0,1.0446385145187378,0.06425349414348602
27,0.8525469035297673,0.890625,0.8655972245492434,0.6758180427018274,0.0,0.09375,0.0,57,0.01809705395125922,0.4175051748752594,0.0,1.0,63,0.984375,50,0.7936507936507936,0.8894160408468181,45.960634920634924,28.399867922396652,-0.4237137711806631,0.4858479104795017,2.984126984126984,1.6855319304708931,-0.45601118085268566,0.5269087704343282,2.0721973015873023,1.4674274787361263,-0.1175030268158981,0.7013364588285089,243.4592380952381,75.82742168453485,-0.6710859149928201,0.5034447857383194,0.984375,0.9973145723342896,0.013199578039348125,1.133455753326416,0.05402393639087677
28,0.8732632112787029,0.9375,0.8425714346269767,0.6584549022135149,0.0,0.046875,0.0,60,0.02280166936560953,0.42847689986228943,0.0,1.0,63,0.984375,52,0.8253968253968254,0.8912159587486492,46.54523809523809,32.47420514110369,-0.41371273062594127,0.5555492284471322,3.142857142857143,1.7625481450782619,-0.4063910512927622,0.550984564080633,2.5157277777777796,1.7617192279625156,0.09447616674661206,0.8419890881786493,262.82609523809526,69.93435251191488,-0.5425025736618445,0.4643186374262524,0.984375,0.9997819662094116,0.006227296311408281,1.0837911367416382,0.05140295997262001
29,0.8788996048697044,0.921875,0.8766804271835392,0.687368665026773,0.0,0.078125,0.0,59,0.028928261637368415,0.4512248933315277,0.0,1.0,64,1.0,52,0.8125,0.8999357163291815,36.63546875,26.36685614375126,-0.5832431222064187,0.451068364062804,2.640625,1.4616684334605436,-0.5633922424784576,0.4569275153643643,2.5691357812500013,1.6124342364814506,0.12000177572632795,0.770640412486853,251.402890625,90.22341748458335,-0.6183452262422058,0.5990248392339709,1.0,0.9993737936019897,0.006728778593242168,1.1014961004257202,0.047732774168252945
30,0.9081787017140188,0.921875,0.8819298875533929,0.7008932228365168,0.0,0.078125,0.0,59,0.031497934565903205,0.4672052264213562,0.0,1.0,64,1.0,49,0.765625,0.8859277540038624,43.23828125,28.965193635782907,-0.4702861653227187,0.4955191637874244,2.75,1.4361406616345072,-0.5292008719535729,0.44894735988844453,2.6327193750000015,1.5184180479201417,0.15039066589391795,0.7257066888694295,254.38210937500003,74.44806411081095,-0.5985651504867453,0.4942867481480529,1.0,0.9989367127418518,0.004764425568282604,1.1014959812164307,0.04339106008410454
31,0.8347571738483193,0.90625,0.8662401360684427,0.6779600113143843,0.0,0.078125,0.0,58,0.03190547948506312,0.3844680190086365,0.0,1.0,63,0.984375,55,0.873015873015873,0.8977143021863414,47.280158730158746,28.233686481856335,-0.4011401490977404,0.48300497804518167,3.2222222222222223,1.5373079381337462,-0.3815809865128004,0.48057294010128065,2.459273650793652,1.5579682411481817,0.06749470559842352,0.744609151080664,264.72212698412704,100.26150414845605,-0.5299141554494301,0.6656712090754866,0.984375,0.9981029629707336,0.00386286829598248,1.1180340051651,0.04915168881416321
32,0.8437411772123689,0.875,0.8352021239697933,0.6486007049233589,0.0,0.125,0.0,56,0.03199574430902757,0.5202139019966125,0.0,1.0,64,1.0,47,0.734375,0.8968771119483501,51.88453125,29.716852801150957,-0.3223713050331539,0.5083780980572854,3.265625,1.822105474272826,-0.3680129823362589,0.5696025911431598,2.2013426562500014,1.6618219447701101,-0.05577980912659902,0.7942445775599076,261.19968750000004,96.51005251605842,-0.5533008637400035,0.6407640089976908,1.0,0.99801105260849,0.0014333492144942284,1.1478066444396973,0.04850952699780464
33,0.8472704417459621,0.921875,0.8776133085711527,0.6388000371772956,0.0,0.046875,0.0,59,0.04174274852595948,0.43687984347343445,0.0,1.0,62,0.96875,47,0.7580645161290323,0.9049897510072972,38.77596774193548,27.790858061697396,-0.5466247489992954,0.47542933497447953,2.596774193548387,1.4080377265308008,-0.5771003034723055,0.4401621908190263,2.7572933870967753,1.430873590876414,0.20992907428004154,0.6838660389001419,258.82104838709677,86.71643581170045,-0.5690934811327774,0.5757407607611716,0.96875,0.9979336857795715,0.007017544005066156,1.1014961004257202,0.050359901040792465
34,0.8134871899282674,0.890625,0.8802588623866701,0.6602025636484579,0.0,0.109375,0.0,57,0.03795830744370872,0.42782554030418396,0.0,1.0,64,1.0,50,0.78125,0.9114486109799772,45.10359375,36.974764931943255,-0.43837551760447335,0.6325421065951,2.984375,1.858192901551128,-0.45593364940024833,0.5808837668904719,2.0451246875000013,1.4964531944035302,-0.13044200442831935,0.7152088940500936,239.47906250000003,79.2499616992958,-0.6975116934939266,0.5261682264954192,1.0,0.9999809265136719,0.0016510732239112258,1.1334558725357056,0.053865946829319
35,0.8618648362335737,0.90625,0.8488679302149805,0.6579094437141064,0.0,0.09375,0.0,58,0.03383621625694244,0.48030316829681396,0.0,1.0,64,1.0,48,0.75,0.9054595555131775,47.549375,25.96385533745663,-0.39653455858841596,0.4441740679275254,2.96875,1.6485670861387474,-0.4608181309038033,0.5153533081353102,2.2413460937500007,1.3004715027005807,-0.036660725148846864,0.6215421829888081,244.96703125000002,80.9783683432204,-0.661075148638468,0.5376437230003568,1.0,0.999061644077301,0.005914243403822184,1.1180340051651,0.04853105917572975
36,0.8338709436427163,0.921875,0.8773611182883635,0.6369269892852106,0.0,0.046875,0.0,59,0.03217277226240861,0.41205140948295593,0.0,1.0,62,0.96875,48,0.7741935483870968,0.8969167119102,47.09596774193549,35.228751704312785,-0.4042911780744228,0.6026723592909285,3.0161290322580645,1.913381869073464,-0.44600712247366886,0.5981362143185133,2.1541119354838716,1.6069648839488198,-0.078353072153243,0.7680264118681486,253.32825806451615,74.47746214187683,-0.6055620380957408,0.49448193196312007,0.96875,0.9953715801239014,0.01840490847826004,1.1014959812164307,0.04543369263410568
37,0.8738170558948595,0.921875,0.8272082492456598,0.6839895806381949,0.0,0.0625,0.0,59,0.041833598372210366,0.4837573170661926,0.0,1.0,63,0.984375,48,0.7619047619047619,0.8905305069712763,40.59460317460319,31.21475540511666,-0.5155126245591396,0.5340033175909517,2.6666666666666665,1.6329931618554523,-0.5552514399725328,0.5104847932489409,2.781361904761906,1.5668876910552665,0.22143228598427692,0.748872077530645,255.33485714285715,74.96771247970632,-0.5922395246749248,0.4977368755020621,0.984375,0.997890055179596,0.010880828835070133,1.1014959812164307,0.05022589489817619
38,0.8572793078149659,0.953125,0.8587652029561215,0.6218315955825292,0.0,0.046875,0.0,61,0.035051806525311806,0.44487547874450684,0.0,1.0,64,1.0,43,0.671875,0.9006471377717535,48.42093750000001,36.50895595256174,-0.3816243899695204,0.6245733258974749,3.0625,1.9833289565778038,-0.4315112418824735,0.6200021506476325,2.3796171875000014,1.7106783434507697,0.02942401202160125,0.8175948106299052,259.00840625,88.11349099505121,-0.5678495467215806,0.5850162989744152,1.0,1.000190019607544,0.003553299466148019,1.0648607015609741,0.048530273139476776
39,0.9298589883308453,0.9375,0.8629705811540286,0.6636732405094514,0.0,0.0625,0.0,60,0.031476000975979565,0.5511357188224792,0.0,1.0,64,1.0,44,0.6875,0.8854697649508562,45.3228125,38.926130381336954,-0.4346252546836577,0.6659248965700548,2.90625,2.1557970538758977,-0.4803560569180232,0.6739168534448075,2.485944531250001,1.3331794738471199,0.08024168023542895,0.6371745007638141,258.827421875,102.01975324934095,-0.5690511653164066,0.6773448400945157,1.0,0.9980077743530273,0.0005230125389061868,1.0837910175323486,0.045163560658693314
40,0.8827133001407748,0.9375,0.8760699053605397,0.6224742096340106,0.0,0.0625,0.0,60,0.043259846627540705,0.5053244829177856,0.0,1.0,64,1.0,40,0.625,0.8996881129909801,44.35515625000001,42.178145925651904,-0.4511793375550843,0.7215584284361053,2.875,2.2114757516192665,-0.4901250199251331,0.6913223938780563,2.4662026562500015,1.6477029274552222,0.07080632693602112,0.7874965905218766,256.10595312500004,96.72860401505307,-0.5871199486311993,0.6422150488740287,1.0,0.9990604519844055,0.0005197505233809352,1.0837910175323486,0.05434195697307587
41,0.8431328375418119,0.890625,0.8897011917934083,0.6679020768311941,0.0,0.078125,0.0,57,0.04214568326506144,0.4309272766113281,0.0,1.0,62,0.96875,37,0.5967741935483871,0.8927044181837365,38.29838709677419,29.371509027624604,-0.5547949122962197,0.502470163864656,2.4838709677419355,1.60384553479433,-0.6123946214334768,0.5013730463527765,2.7184246774193563,1.5891579479049327,0.19135231760933158,0.7595158356055576,249.9441612903226,82.87643194679688,-0.6280302407268358,0.5502456314259885,0.96875,0.9982168674468994,0.0010758471908047795,1.1334558725357056,0.05548999458551407
42,0.8979857181289539,0.953125,0.8677389543564593,0.6436651971568942,0.0,0.03125,0.0,61,0.03910269208540077,0.396456241607666,0.0,1.0,63,0.984375,43,0.6825396825396826,0.8857047626114138,49.327777777777776,31.869373537377587,-0.3661107102826679,0.5452021320569215,3.126984126984127,1.5170152764406812,-0.41135306424875456,0.47422931573662946,2.723597301587303,1.7779148408509677,0.19382450105237503,0.8497295550544144,269.9922698412699,80.52349774912035,-0.4949238329172618,0.534623677959948,0.984375,0.999283492565155,0.0025510203558951616,1.0648608207702637,0.053199104964733124
43,0.8015259848773406,0.890625,0.8528198079581846,0.6017186768290713,0.0,0.09375,0.0,57,0.0364146614957106,0.45152175426483154,0.0,1.0,63,0.984375,35,0.5555555555555556,0.9008203257468714,48.08000000000001,27.49667085187783,-0.387456944276876,0.47039655659779167,2.9365079365079363,1.5823733016611556,-0.47089721972066284,0.4946606799157198,2.0409661904761913,1.6697779997936897,-0.13242949997340736,0.7980470628870107,242.6990793650794,82.97325364089089,-0.6761328747935107,0.5508884645324703,0.984375,0.9978845119476318,0.0010735372779890895,1.1334558725357056,0.05132037401199341
44,0.8890576646620884,0.921875,0.8704418262182656,0.6754311748349279,0.0,0.078125,0.0,59,0.042761760484230533,0.4687984585762024,0.0,1.0,64,1.0,43,0.671875,0.9049663919953794,43.104531249999994,24.63288229999229,-0.47257428011973823,0.42140457931850817,2.8125,1.4238482187368147,-0.509662945939353,0.4451046584505383,2.497064843750001,1.4951109134421197,0.08555647820863695,0.7145673696205256,255.467625,83.00712649516535,-0.5913580324138493,0.5511133582646283,1.0,0.9989386200904846,0.0010261673014611006,1.1014961004257202,0.05583822354674339
45,0.8257696963892261,0.875,0.8528382352420262,0.6748057126356434,0.0,0.109375,0.0,56,0.04356815213134878,0.3582221567630768,0.0,1.0,63,0.984375,40,0.6349206349206349,0.8998610853732206,44.418571428571425,27.32240814511182,-0.45009446870689823,0.4674153747068012,2.761904761904762,1.2562767579307543,-0.5254793622365787,0.39272067759736146,2.0933747619047627,1.5964887600416213,-0.10738155557370684,0.7630194948315048,237.32903174603177,85.99394448927431,-0.7117864999981692,0.5709438880608197,0.984375,0.9975014328956604,0.0010482179932296276,1.1478066444396973,0.05206697806715965
46,0.8741656886517836,0.890625,0.8893451000514784,0.645360142190264,0.0,0.09375,0.0,57,0.04634107906725988,0.5021228790283203,0.0,1.0,63,0.984375,39,0.6190476190476191,0.9087791521938456,46.88698412698414,40.19473734149944,-0.40786634444230907,0.6876274637263137,2.746031746031746,1.8937512446913314,-0.530441375192571,0.5919995473298565,2.320063968253969,1.6110487829691809,0.0009613830310202773,0.7699782543398598,254.83582539682544,95.44496869733989,-0.5955527710556703,0.6336925448360989,0.984375,0.999254047870636,0.00313152396120131,1.133455753326416,0.04981864243745804
47,0.8206688094260073,0.90625,0.8609540801623772,0.622680161824674,0.0,0.09375,0.0,58,0.04432161967407949,0.48812782764434814,0.0,1.0,64,1.0,47,0.734375,0.909872358671045,49.21906249999999,30.725610282728216,-0.3679705460639421,0.525635316152246,3.015625,1.4736454320408963,-0.4461646863931384,0.46067160675852986,1.981566250000001,1.3999790926201152,-0.16081887151773475,0.6691004451530369,237.529234375,79.26948882209945,-0.7104572846904871,0.5262978738965516,1.0,1.0006731748580933,0.0,1.1180338859558105,0.05133085697889328
48,0.8168813942861836,0.890625,0.8591678571282771,0.6132064113005382,0.0,0.109375,0.0,57,0.04219839148502699,0.4517439305782318,0.0,1.0,64,1.0,41,0.640625,0.9089417840294897,52.61687499999999,38.30178259049277,-0.30984280730695074,0.6552439289534794,3.078125,2.1744588946160834,-0.4266267603789185,0.6797506720635419,2.175969843750001,1.6797416654666475,-0.0679063903220095,0.8028090576712722,260.30784374999996,90.87744724906638,-0.5592221264660238,0.6033671716953922,1.0,0.9965799450874329,0.00048709206748753786,1.1334558725357056,0.04831313341856003
49,0.8860620922393907,0.953125,0.8686389629958106,0.6733361261950992,0.0,0.046875,0.0,61,0.028845214061626375,0.44346141815185547,0.0,1.0,64,1.0,45,0.703125,0.8845408692608097,47.97640625,29.823270610338177,-0.38922916403204433,0.5101986301235858,2.8125,1.3792547806696194,-0.509662945939353,0.43116444575171337,2.4990890625000013,1.6273985230813166,0.0865239252754196,0.7777923841685365,269.638703125,87.49891999399192,-0.4972712860649796,0.5809359470505889,1.0,0.998900294303894,0.0,1.0648607015609741,0.04473196342587471
50,0.8235295195072423,0.90625,0.8746668876245104,0.6524631243643789,0.0,0.078125,0.0,58,0.039055672004985026,0.41418805718421936,0.0,1.0,63,0.984375,43,0.6825396825396826,0.899951068935203,54.81253968253969,31.40757319290163,-0.2722806925449914,0.5373019286814888,3.1904761904761907,1.6021527467867354,-0.3915050124247851,0.5008438692831741,1.9445880952380958,1.2093219199924194,-0.17849206388364566,0.577978513583287,245.7146349206349,73.32546081905684,-0.6561115462711634,0.4868333920780345,0.984375,0.9976089000701904,0.010649627074599266,1.1180340051651,0.055924635380506516
51,0.8925727704284347,0.984375,0.874422570069631,0.6591287821981754,0.0,0.015625,0.0,63,0.03778592237597114,0.43999171257019043,0.0,1.0,64,1.0,45,0.703125,0.8935389335619135,43.924375000000005,32.28858834184881,-0.4585488848627743,0.5523738075503062,3.0625,1.539835624344365,-0.4315112418824735,0.48136311204000437,2.522463750000001,1.4166970036039168,0.09769553054724689,0.6770905371053071,263.68234375000003,71.43817763397308,-0.5368176401768574,0.4743030586230093,1.0,0.998701274394989,0.0,1.0230478048324585,0.05650000274181366
52,0.8722482176166267,0.921875,0.841022262633857,0.67423206166332,0.0,0.078125,0.0,59,0.04510183363630819,0.5322816371917725,0.0,1.0,64,1.0,54,0.84375,0.8978868047759139,44.453593749999996,28.820152149103254,-0.44949532783297913,0.49303788100721196,2.875,1.5461646096066226,-0.4901250199251331,0.4833415959727896,2.352570781250001,1.4775387141853784,0.016497560078811,0.7061689825253307,251.5100625,85.15000787706863,-0.6176336746630023,0.5653406975860569,1.0,0.9998103380203247,0.0,1.1014959812164307,0.06383901089429855
53,0.8440961121845807,0.921875,0.8920103210513874,0.6582027868066349,0.0,0.078125,0.0,59,0.04716686662370173,0.4856269955635071,0.0,1.0,64,1.0,54,0.84375,0.8933829180872846,41.795156250000005,34.83438840572037,-0.49497428245504516,0.5959258284579513,2.546875,2.038149340547694,-0.5926991314997875,0.63713937634483,2.4383862500000015,1.5608444954079561,0.057511864252582305,0.7459838166136946,244.304796875,89.92951042781715,-0.6654719543800303,0.5970734874415253,1.0,0.9970530271530151,0.004704652354121208,1.1014959812164307,0.059098657220602036
54,0.9009403619546565,0.953125,0.8505955182138036,0.6554295398841805,0.0,0.03125,0.0,61,0.05265714313458243,0.5955182313919067,0.0,1.0,63,0.984375,50,0.7936507936507936,0.8902990549116683,44.7515873015873,27.832270136884937,-0.4443974328437957,0.47613778792410116,2.9047619047619047,1.6204475740165292,-0.4808212456326475,0.5065629569769126,2.4771925396825405,1.301209662979663,0.0760587881589454,0.6218949763797466,258.72020634920636,80.2876145737408,-0.5697630067085032,0.533057567019472,0.984375,0.9984187483787537,0.008161305449903011,1.0648608207702637,0.05509655550122261
55,0.820428178079025,0.90625,0.8938873435916572,0.6787756238617436,0.0,0.09375,0.0,58,0.0368124051744846,0.43945616483688354,0.0,1.0,64,1.0,54,0.84375,0.9010680977333106,37.987500000000004,37.67787136536511,-0.560113382324866,0.6445704298413961,2.71875,1.9958452939794706,-0.5389698349606828,0.623914843033597,2.990655937500002,1.7737859684423247,0.32146144442752655,0.8477562181801952,273.043546875,103.09443047788916,-0.47466533700182156,0.6844799982608477,1.0,0.9985212087631226,0.0032786885276436806,1.1180338859558105,0.05546070635318756
56,0.8301705214191955,0.953125,0.8943968644884767,0.6664465420703265,0.0,0.046875,0.0,61,0.04041419775697701,0.44372108578681946,0.0,1.0,64,1.0,55,0.859375,0.8930714769242712,40.897968750000004,29.900185732057313,-0.5103228282079488,0.511514447903923,2.484375,1.5611713100665794,-0.6122370575140074,0.4880327928256567,2.8963089062500016,1.6865581926451565,0.27636959916996856,0.8060669215876555,269.3460625,83.5971139978968,-0.4992142295737855,0.5550304917409139,1.0,0.998389720916748,0.008641382679343224,1.0648607015609741,0.05015289783477783
57,0.8175380713152796,0.921875,0.8828089191751965,0.6833271807715592,0.0,0.078125,0.0,59,0.03987099708694124,0.5067393183708191,0.0,1.0,64,1.0,52,0.8125,0.8960311187662203,43.8984375,26.838821591746417,-0.4589926080593926,0.45914246593375446,2.828125,1.495354133432947,-0.504778464435798,0.4674578947851327,2.502362187500001,1.532711646152488,0.08808826963319327,0.7325381144175084,259.471609375,80.54620124958124,-0.5647741790928471,0.53477441444381,1.0,0.998991847038269,0.021320853382349014,1.1014961004257202,0.05506225675344467
58,0.830270957610797,0.953125,0.8781811590077447,0.656575194639701,0.0,0.046875,0.0,61,0.039277524264817495,0.5001691579818726,0.0,1.0,64,1.0,50,0.78125,0.8961661039641247,48.1253125,26.147373193159265,-0.3866817651984467,0.44731358135668786,3.03125,1.4680849558182931,-0.4412802048895834,0.45893336398987306,2.549069218750001,1.5413624794087475,0.1104112425732127,0.7366726592926572,267.48620312500003,84.24207023423257,-0.5115624867576538,0.5593125818739993,1.0,0.99852055311203,0.0009760858956724405,1.0648607015609741,0.05518507584929466
59,0.7883872432220239,0.921875,0.8766570442308814,0.6726227086374674,0.0,0.078125,0.0,59,0.036474224131188976,0.5321570038795471,0.0,0.984375,64,0.984375,53,0.828125,0.898393457611348,42.4759375,27.23909269774039,-0.4833278850594685,0.4659900639931499,2.609375,1.527019027181718,-0.5731612054855676,0.4773565564061186,2.624332031250001,1.5426745117613327,0.14638205214649852,0.7372997268223066,252.38809375,95.34713333602365,-0.6118041179576879,0.633042981638231,1.0,0.9986199140548706,0.0010277492692694068,1.1014961004257202,0.06426580250263214
60,0.8044438236625784,0.9375,0.8567515701055527,0.6660397524843833,0.0,0.0625,0.0,60,0.03392857407409495,0.44043439626693726,0.0,1.0,64,1.0,51,0.796875,0.8964858710440115,38.49796875,24.046254657670154,-0.5513805890516622,0.4113689053840192,2.359375,1.3620663013873444,-0.651312909542447,0.42579120996748876,2.620446093750001,1.7623629126727658,0.14452482261729113,0.8422967282915889,243.977828125,75.01469550914565,-0.6676428143226472,0.4980488122745904,1.0,0.9986892342567444,0.004303388763219118,1.0837910175323486,0.0695231482386589
61,0.8070382593718098,0.921875,0.8737976621773283,0.7026528601635942,0.0,0.0625,0.0,59,0.019108180677592713,0.34349605441093445,0.0,1.0,63,0.984375,37,0.5873015873015873,0.8857789629064563,39.63761904761905,27.082422737177573,-0.5318841351495333,0.4633098482547407,2.4761904761904763,1.4677176197545183,-0.6147955954444408,0.45881853223249086,2.636486190476192,1.545445895530118,0.15219096271635926,0.7386242709695435,249.6633492063492,73.03422050734953,-0.6298946504127785,0.4848997457391698,0.984375,0.9992430210113525,0.008121278136968613,1.1014959812164307,0.056963831186294556
62,0.7739813232735697,0.890625,0.8850128587923551,0.6851665613209231,0.0,0.109375,0.0,57,0.02979438735099385,0.4134230315685272,0.0,1.0,64,1.0,45,0.703125,0.8961172794791041,36.4865625,24.655346543571312,-0.5857905210400164,0.4217888841270092,2.125,1.2562344526401112,-0.7245801320957717,0.39270745267514395,2.401165937500001,1.3553770598973554,0.039722935979463254,0.6477835268455812,223.06053125,69.45820716692,-0.8065200675578966,0.46115734187029217,1.0,0.9981313943862915,0.005272407550364733,1.1334558725357056,0.056836869567632675
63,0.7713767585738942,0.90625,0.8534646871788748,0.6435716943931324,0.0,0.09375,0.0,58,0.03532648237716755,0.4746772050857544,0.0,1.0,64,1.0,43,0.671875,0.8972824604238328,43.03578125000001,31.625355620761777,-0.4737504138939069,0.5410276198644243,2.640625,1.5038200056439601,-0.5633922424784576,0.47010438414360656,2.4526203125000015,1.5009481445125046,0.06431483552929011,0.7173571926459151,254.42093750000004,85.0292027077821,-0.5983073569783154,0.5645386297955871,1.0,0.9981985688209534,0.0078043704852461815,1.1180340051651,0.05891662836074829
64,0.7849310704519386,0.9375,0.8632356708248456,0.6347095482887969,0.0,0.046875,0.0,60,0.029328239079111442,0.38554659485816956,0.0,1.0,63,0.984375,42,0.6666666666666666,0.8798405249245196,46.66238095238095,27.90756464065497,-0.4117087208704743,0.47742588114436624,2.761904761904762,1.3418097908195592,-0.5254793622365787,0.41945888669101433,2.690576666666668,1.5342939614151276,0.17804274999544842,0.7332943598873056,268.40503174603174,86.38536389351424,-0.5054620620304355,0.5735426584492053,0.984375,0.9985389113426208,0.0005117707187309861,1.0837910175323486,0.054339729249477386
65,0.7711925735933012,0.921875,0.8853576562162173,0.6479231097468028,0.0,0.078125,0.0,59,0.033873386565145935,0.493412584066391,0.0,1.0,64,1.0,44,0.6875,0.8976043081143212,45.43125,32.52709853433749,-0.43277017095803677,0.5564540969011347,2.953125,1.8576672830124883,-0.4657026124073583,0.5807194549525576,2.445052656250001,1.5719072244562131,0.06069797996885179,0.7512710933807661,265.700265625,100.93085225790762,-0.5234199507470028,0.6701152453892772,1.0,0.9970377087593079,0.010427011176943779,1.1014961004257202,0.05798562616109848
66,0.7987548306785933,0.953125,0.8885544948890561,0.657276862695907,0.0,0.046875,0.0,61,0.02081328710385421,0.3796578347682953,0.0,1.0,64,1.0,49,0.765625,0.8818500690711784,52.392343749999995,41.295183274739635,-0.313683953292134,0.7064532328714856,2.953125,1.8322602801935646,-0.4657026124073583,0.5727770526914503,2.5541509375000016,1.5581391599032879,0.1128399790419869,0.7446908393113879,275.153265625,92.92541166293711,-0.46065817599771086,0.6169643240531538,1.0,0.9983289241790771,0.005319148767739534,1.0648607015609741,0.05811591073870659
67,0.7647060794565067,0.890625,0.8788740258467825,0.6498325294730274,0.0,0.109375,0.0,57,0.019939848879968632,0.39864400029182434,0.0,0.984375,64,0.984375,32,0.5,0.8833354367917444,42.43546875,23.563406211332723,-0.4840202001674452,0.4031086237034022,2.640625,1.24206465587545,-0.5633922424784576,0.3882778776219522,2.085009375000001,1.6096125949237332,-0.1113796753537514,0.7692918483316572,227.831171875,74.14531276688088,-0.774846115128396,0.4922766760383751,1.0,0.9967423677444458,0.0046592894941568375,1.1334558725357056,0.0607256218791008
68,0.8571089203272815,1.0,0.8624201647471637,0.6344241325098996,0.0,0.0,0.0,64,0.03732548641795809,0.4454460144042969,0.0,1.0,64,1.0,50,0.78125,0.8818432468691956,51.57515625,31.508401855308147,-0.3276639070169139,0.5390268449761881,3.078125,1.48223529993554,-0.4266267603789185,0.4633568580128894,2.1862850000000007,1.6078108794918955,-0.06297640552789309,0.7684307436167107,254.23618750000003,64.80597184815299,-0.5995339768751663,0.43026952370070004,1.0,0.9995706677436829,0.0015665796818211675,0.9999998807907104,0.06445248425006866
69,0.7725593162423279,0.90625,0.8702083867171715,0.6381003918540608,0.0,0.09375,0.0,58,0.0351202480247607,0.437654048204422,0.0,1.0,64,1.0,39,0.609375,0.8924292067541035,42.494218749999995,28.957343887426006,-0.4830151403967919,0.49538487499962397,2.5625,1.4563975247163805,-0.5878146499962325,0.45527979336322566,2.2366325000000007,1.6139416290047106,-0.038913521417748995,0.7713608496802727,242.75495312500001,88.47076225253565,-0.6757619093503144,0.5873883478675321,1.0,0.9987059831619263,0.0005434782360680401,1.1180338859558105,0.07336264103651047
70,0.8382816169327115,0.921875,0.8740501956919492,0.6889311674964476,0.0,0.078125,0.0,59,0.045504963544384824,0.5023921132087708,0.0,1.0,64,1.0,45,0.703125,0.8853277216529121,45.4678125,23.17852895655468,-0.43214468163268327,0.3965243744197098,2.796875,1.438094306495579,-0.5145474274429079,0.4495580825885034,1.9561217187500006,1.343116851076438,-0.17297972968756842,0.6419239313537712,231.07462500000003,71.41589817980397,-0.7533116948976609,0.4741551375308588,1.0,0.9980964660644531,0.004643064457923174,1.1014959812164307,0.06868876516819
71,0.884782658333105,0.984375,0.8768983790798793,0.6749004718181808,0.0,0.015625,0.0,63,0.04187146994431272,0.5003531575202942,0.0,1.0,64,1.0,44,0.6875,0.8737194901672118,41.0475,27.96480952688575,-0.5077647372491316,0.478405192331195,2.5625,1.8275239396516807,-0.5878146499962325,0.5712964403540827,2.548595156250001,1.5174782124825896,0.11018467102550003,0.7252575076545444,247.538,72.19914153835215,-0.6440055874859272,0.4793553642570917,1.0,0.9973545074462891,0.01292407140135765,1.0230478048324585,0.05404938384890556
72,0.7926568327881625,0.890625,0.8568110716970343,0.6815374410488969,0.0,0.109375,0.0,57,0.03613733400198202,0.43909144401550293,0.0,0.984375,64,0.984375,41,0.640625,0.8910434005789668,42.36140625,27.05487853807444,-0.4852872170059816,0.4628386386133207,2.578125,1.466337779768018,-0.5829301684926775,0.45838718484740754,2.158554531250001,1.3614919672216792,-0.07622979558402727,0.6507060613565196,221.672875,82.13131010546847,-0.8157332029637938,0.5452985067918795,1.0,0.9963715076446533,0.02476780116558075,1.1334556341171265,0.06277702003717422
73,0.8441717801809633,0.96875,0.854374899498878,0.6758206738945923,0.0,0.03125,0.0,62,0.03130008987009914,0.4188675880432129,0.0,1.0,64,1.0,50,0.78125,0.8801060497693661,40.156718749999996,25.523038187016418,-0.5230036887185333,0.4366328324531165,2.671875,1.4583240327084375,-0.5536232794713477,0.45588203289305945,2.889934062500002,1.5911897759447178,0.27332283167651766,0.7604869194260668,268.0615468750001,76.72241752881985,-0.5077425782798249,0.5093869763212632,1.0,0.9987212419509888,0.002062919083982706,1.0446385145187378,0.04509587585926056
74,0.7667056793388799,0.90625,0.8665921595589868,0.6523910068719692,0.0,0.09375,0.0,58,0.028697745387372384,0.4420877993106842,0.0,1.0,64,1.0,46,0.71875,0.8903313743438714,38.12609375,24.48180265633458,-0.5577424035573937,0.41881999936948666,2.40625,1.5074683868990422,-0.6366594650317822,0.4712448929921419,2.7275548437500015,1.6001591171007354,0.19571595302957395,0.7647736907013356,245.0701875,84.93738778191175,-0.6603902581987683,0.5639290383752869,1.0,0.9990093111991882,0.0061971829272806644,1.1180338859558105,0.046656496822834015
75,0.763500216841425,0.921875,0.8639094930584148,0.5916916425055594,0.0,0.078125,0.0,59,0.047595180861965944,0.5268679261207581,0.0,1.0,64,1.0,48,0.75,0.898575496765576,49.78937500000001,30.199930974414077,-0.3582139818009501,0.5166423097683916,3.015625,1.727463707107909,-0.4461646863931384,0.5400169296275892,2.3748053125000013,1.7683622205085083,0.02712424360256351,0.8451640136422528,264.24406250000004,93.64180099634915,-0.5330881928416247,0.6217206835132619,1.0,0.9979485869407654,0.00766479317098856,1.1014961004257202,0.0549185648560524
76,0.8380185603508453,0.96875,0.8373023329242584,0.6523041054649935,0.0,0.03125,0.0,62,0.05122614546127505,0.5080408453941345,0.0,1.0,64,1.0,43,0.671875,0.8854734960336434,53.109218750000004,28.66843622046986,-0.3014200856651185,0.49044241587637377,3.203125,1.4489186431180323,-0.38755090835047873,0.4529418439978235,2.325117968750001,1.6002657214977036,0.003376871947622466,0.7648246407832638,269.130125,79.46438316836124,-0.5006479141961196,0.5275918456578964,1.0,0.9994834661483765,0.007677542977035046,1.0446385145187378,0.05312347039580345
77,0.8213036047092259,0.953125,0.8553607243983472,0.6822833750145106,0.0,0.046875,0.0,61,0.05117510350011011,0.5013043284416199,0.0,1.0,64,1.0,51,0.796875,0.894004221503202,42.104062500000005,30.00952810768763,-0.48968969956520003,0.51338501169922,2.90625,1.5177980555726114,-0.4803560569180232,0.4744740178288715,2.6250375000000012,1.5877955619466584,0.14671922107791677,0.7588647022736693,266.33870312500005,80.89600088649313,-0.5191811407854556,0.5370968566335115,1.0,0.9997783899307251,0.001990049844607711,1.0648608207702637,0.0635451003909111
78,0.7804182719883025,0.9375,0.8773370275894801,0.6788518797550397,0.0,0.046875,0.0,60,0.03976643384224155,0.5360848307609558,0.0,1.0,63,0.984375,45,0.7142857142857143,0.8910153304834624,47.43793650793652,26.0599476883546,-0.3984409814867186,0.4458179582450584,3.0317460317460316,1.5115245532847512,-0.4411251419847087,0.4725128782520675,2.5710506349206357,1.326066202326257,0.12091695328160595,0.6337748120354659,274.0488095238095,72.01509140690357,-0.46799104651959816,0.47813339103244834,0.984375,0.9989240169525146,0.00047801146865822375,1.0837910175323486,0.05583251267671585
79,0.8106930416543325,0.953125,0.842330641067419,0.6542399082799055,0.0,0.046875,0.0,61,0.03845649587330659,0.45520034432411194,0.0,1.0,64,1.0,43,0.671875,0.884154512477531,55.044375,28.340662090614167,-0.2683145929535698,0.4848350526120524,3.34375,1.679087829001211,-0.34359057481848404,0.5248943003904437,2.154668281250001,1.4248555345373566,-0.07808717446824287,0.6809897929642948,269.89025000000004,74.75870896403146,-0.49560117834175527,0.4963492280279696,1.0,0.999478280544281,0.002395783318206668,1.0648607015609741,0.05461045354604721
80,0.8008786764250356,0.96875,0.8698418976799134,0.6289934098175073,0.0,0.015625,0.0,62,0.029911319620733342,0.4981728792190552,0.0,1.0,63,0.984375,41,0.6507936507936508,0.8836435972584171,50.036349206349215,34.88107201741947,-0.3539888951764286,0.596724463693144,3.1587301587301586,1.8534082650692372,-0.4014290383367699,0.579388056913062,2.2547157142857155,1.449812499976457,-0.03027090182996296,0.6929176258676554,258.6375396825397,72.10952178497618,-0.5703118596348344,0.4787603473551061,0.984375,0.9991918206214905,0.014800197444856167,1.0446385145187378,0.05842795968055725
81,0.7592804023403621,0.921875,0.8449650232569647,0.6539852920389131,0.0,0.078125,0.0,59,0.03979414378799511,0.5076620578765869,0.0,1.0,64,1.0,44,0.6875,0.8958517326941045,47.32,29.167998302934674,-0.40045856854405204,0.4989886244215519,3.046875,1.6434499488499794,-0.43639572338602844,0.5137536561392694,2.297080781250001,1.606751601152837,-0.010023110049237111,0.7679244763360483,257.196703125,79.91420783519972,-0.5798780777110907,0.5305783890215685,1.0,0.998987078666687,0.002086593536660075,1.1014961004257202,0.07053950428962708
82,0.7822971979333804,0.890625,0.879600819788481,0.713751728303809,0.0,0.109375,0.0,57,0.03751891387783561,0.5549600720405579,0.0,1.0,64,1.0,41,0.640625,0.8834059707487045,34.446250000000006,22.23348604161075,-0.6206949638197823,0.38035714692437084,2.3125,1.248436522214886,-0.665966354053112,0.3902697664717506,2.716870625000001,1.460691549680831,0.1906095799705604,0.6981171156589032,243.70796875000002,73.27340860327695,-0.6694345051411951,0.48648779920360524,1.0,1.0004661083221436,0.01950947567820549,1.1334558725357056,0.06135861575603485
83,0.7910254769140175,0.9375,0.8726361105839412,0.6913502658442218,0.0,0.0625,0.0,60,0.035387059444587386,0.4634403586387634,0.0,1.0,64,1.0,49,0.765625,0.8935214664856571,38.159375,20.246195311943797,-0.5571730478894439,0.34635976879704,2.671875,1.3812888851992549,-0.5536232794713477,0.43180032069259666,2.8639050000000017,1.6315789153847664,0.260882604963509,0.7797903442565816,250.60475000000002,78.23043668587377,-0.6236443611331935,0.5193992431839136,1.0,0.9992958307266235,0.0068385060876607895,1.0837910175323486,0.08175985515117645
84,0.7999154836159734,0.953125,0.8886029510224451,0.683903935865598,0.0,0.046875,0.0,61,0.02254524276983033,0.48097527027130127,0.0,1.0,64,1.0,46,0.71875,0.8811422661606676,40.820625,20.213036857047854,-0.511645978703889,0.34579251383409637,2.671875,1.4583240327084375,-0.5536232794713477,0.45588203289305945,2.819147968750001,1.6307009291886778,0.23949160727578153,0.7793707230224232,260.25567187499996,67.09285910215569,-0.5595685137998858,0.445452968396854,1.0,0.9986943602561951,0.0019990005530416965,1.0648608207702637,0.06957321614027023
85,0.8368504885920262,0.984375,0.8872469999487438,0.7167492796941706,0.0,0.015625,0.0,63,0.027418754080310376,0.45546862483024597,0.0,0.984375,64,0.984375,48,0.75,0.88337497755882,36.94890625000001,20.867080467598022,-0.5778810214087305,0.3569814997271495,2.34375,1.1349387373334299,-0.656197391046002,0.35478958529108284,3.028795468750002,1.3375946850783254,0.3396897004577957,0.639284689277212,256.96528125,66.34651809356427,-0.5814145685172697,0.4404977492846808,1.0,1.000571846961975,0.006355931982398033,1.0230478048324585,0.06964544206857681
86,0.7658092991599004,0.9375,0.8930106868346532,0.6549866189574917,0.0,0.0625,0.0,60,0.039660621700518386,0.4830140173435211,0.0,0.984375,64,0.984375,47,0.734375,0.8978022220582966,41.20546875,27.445564300634693,-0.5050623025998482,0.46952225636508843,2.703125,1.5580405111469342,-0.5438543164642378,0.4870540837431379,2.6726281250000015,1.447254340422404,0.1694644953041312,0.6916949892544286,251.76859375,73.15437905012908,-0.6159171952302135,0.48569752034999525,1.0,0.9984163641929626,0.0015898251440376043,1.0837911367416382,0.07114290446043015
87,0.8039711329689675,0.953125,0.8844671474128473,0.6960708766479841,0.0,0.046875,0.0,61,0.03447283096161517,0.372715026140213,0.0,1.0,64,1.0,44,0.6875,0.8796303364353022,39.86921875,23.621958025365903,-0.527922066319603,0.40411029302737717,2.796875,1.4271878763410935,-0.5145474274429079,0.4461486581815019,2.9380934375000014,1.5362178322509112,0.29633993201798364,0.7342138470706682,269.52139062500004,81.23358357339374,-0.49805016480191755,0.5393381862171904,1.0,0.9997228384017944,0.0020671833772212267,1.0648607015609741,0.060981977730989456
88,0.7685623828328415,0.953125,0.8597115761921054,0.661517903641397,0.0,0.046875,0.0,61,0.021498141135415042,0.435228168964386,0.0,1.0,64,1.0,50,0.78125,0.878861648210921,43.7109375,30.187347034744437,-0.46220024562530776,0.5164270312744634,2.953125,1.7627188472286215,-0.4657026124073583,0.5510379267363801,2.6244709375000017,1.604555168931876,0.14644844044772376,0.7668747222471904,259.52420312500004,78.69187353218642,-0.5644249907832393,0.522462883870394,1.0,0.99928879737854,0.0010080644860863686,1.0648607015609741,0.05875459313392639
89,0.7443923564281192,0.9375,0.8502712686856587,0.6810781139300202,0.0,0.046875,0.0,60,0.015503488035308363,0.4692758321762085,0.0,1.0,63,0.984375,49,0.7777777777777778,0.8946187593230955,44.06428571428572,25.24638303274011,-0.45615537626001773,0.4318999819695927,2.8412698412698414,1.4822371466576194,-0.5006692974566168,0.4633574353107991,2.5435353968253978,1.523884657836651,0.10776642970945774,0.7283193786930816,255.06282539682545,74.07141811096585,-0.5940456386248981,0.4917860635608849,0.984375,1.0001133680343628,0.005838640965521336,1.0837910175323486,0.0636545866727829
90,0.7858501893730218,0.953125,0.8423710568029372,0.6849999960872462,0.0,0.046875,0.0,61,0.01959914604202962,0.33228784799575806,0.0,1.0,64,1.0,42,0.65625,0.8823170974875104,40.116093750000005,23.314959697128174,-0.5236986768578148,0.3988583497189586,2.671875,1.3235214332888607,-0.5536232794713477,0.41374182146931215,2.7804148437500014,1.5509145569419212,0.2209796514070945,0.7412379412767055,254.43456250000003,75.07900491105086,-0.5982168958357195,0.4984757848966825,1.0,0.9992108941078186,0.0005221932078711689,1.0648607015609741,0.06660551577806473
91,0.7209850951686264,0.890625,0.859208894926205,0.6738887783036742,0.0,0.09375,0.0,57,0.01793791647775985,0.4116133153438568,0.0,1.0,63,0.984375,43,0.6825396825396826,0.8852341225789505,47.36015873015874,25.1717800855088,-0.39977155706961676,0.4306237194839013,2.8412698412698414,1.5035022522177295,-0.5006692974566168,0.4700050522566872,2.1711811111111117,1.3495112836759127,-0.0701950981729267,0.6449800610641101,236.71960317460318,79.85280742548396,-0.7158327095322625,0.5301707302165231,0.984375,0.9979422688484192,0.010405827313661575,1.133455753326416,0.06268861144781113
92,0.8003373137395,0.984375,0.8831455087850965,0.6869347416188205,0.0,0.015625,0.0,63,0.019778218556336928,0.4561828374862671,0.0,1.0,64,1.0,49,0.765625,0.8884730145464508,41.52078125,25.98507614385897,-0.499668125426501,0.44453710075843295,2.78125,1.3284007066770176,-0.519431908946463,0.4152671155886875,2.496095937500001,1.476597092908768,0.08509340300515437,0.7057189477936215,253.5175,67.0234999363563,-0.6043055946674156,0.44499246862527886,1.0,0.996284544467926,0.018557794392108917,1.0230478048324585,0.05041174963116646
93,0.7777905390108847,0.953125,0.8827897271171945,0.6807675189351851,0.0,0.046875,0.0,61,0.026986449334503324,0.4654022455215454,0.0,1.0,64,1.0,43,0.671875,0.8751547703499456,41.8215625,26.938685253434212,-0.4945225401645122,0.460850873574819,2.65625,1.4276154725625525,-0.5585077609749026,0.44628232767492315,2.8311037500000014,1.5112378348698765,0.24520570586389392,0.7222750063724896,267.969390625,74.50895398386218,-0.5083544358704569,0.49469101732153803,1.0,0.9997516870498657,0.001580611220560968,1.0648608207702637,0.057872310280799866
94,0.7862828511817084,0.9375,0.8840542167425156,0.7178355896912089,0.0,0.0625,0.0,60,0.01715154578554052,0.43824732303619385,0.0,1.0,64,1.0,43,0.671875,0.8850750674432535,40.774687500000006,24.178885479429024,-0.512431849907538,0.41363787395080287,2.484375,1.4683343826850204,-0.6122370575140074,0.45901133652856224,2.793741875000001,1.3489137153371278,0.22734911977197883,0.6446944616265199,255.41895312500003,76.68079899969864,-0.5916811820230077,0.5091106563434675,1.0,0.9987108111381531,0.007637752220034599,1.0837910175323486,0.05503363162279129
95,0.7434646856870535,0.9375,0.8817215889692307,0.6447766668958511,0.0,0.046875,0.0,60,0.02970121352403054,0.3809080719947815,0.0,1.0,63,0.96875,42,0.6666666666666666,0.8813416611723025,44.077460317460314,23.660610021000846,-0.4559299930490371,0.40477152819109036,2.8095238095238093,1.5208304212067913,-0.5105933233686016,0.4754219559954102,2.406168730158731,1.5019486231807604,0.04211395082576343,0.7178353574455361,252.6236666666667,89.90908123527588,-0.6102400669333707,0.596937850883757,0.984375,0.9986518025398254,0.0,1.0837911367416382,0.07006189972162247
96,0.7703753568201515,0.953125,0.9082014306646878,0.6721985708108204,0.0,0.03125,0.0,61,0.027708045269609696,0.35360392928123474,0.0,1.0,63,0.984375,39,0.6190476190476191,0.8861402418443651,45.78507936507936,24.414104554215733,-0.4267170703534904,0.4176618608334996,2.5555555555555554,0.9558139185602919,-0.5899855306644792,0.29879394598708103,2.3542503174603193,1.3299577819137411,0.017300270942064905,0.6356347381215482,246.23388888888897,68.82502122719735,-0.6526640374810186,0.45695339885502806,0.984375,0.9975804090499878,0.0005534034571610391,1.0648608207702637,0.06089402362704277
97,0.7210515169335248,0.890625,0.8198825952253843,0.6656887458166176,0.0,0.109375,0.0,57,0.025374782657483046,0.41835159063339233,0.0,1.0,64,1.0,41,0.640625,0.8868336565461311,40.4196875,26.95772894556112,-0.5185049770323373,0.4611766616402056,2.578125,1.497964113179952,-0.5829301684926775,0.46827379224426224,2.299806718750001,1.2853845345800898,-0.008720286311136909,0.6143315773885935,228.95734375,78.76244619705727,-0.767369065985506,0.5229314404869264,1.0,0.9983344674110413,0.00294811325147748,1.133455753326416,0.05711842328310013
98,0.7690990830152022,0.9375,0.8171586019297441,0.6784281776761703,0.0,0.0625,0.0,60,0.042509400450489766,0.4900788962841034,0.0,1.0,64,1.0,49,0.765625,0.8950190710798067,46.893750000000004,26.698285496216794,-0.40775059794389895,0.4567382586836859,2.953125,1.504469253383066,-0.4657026124073583,0.4703073434122713,2.366479687500001,1.4335353346152757,0.023145127469299163,0.6851381821270971,255.81092187500002,86.06876845042011,-0.5890787643358967,0.5714406705209152,1.0,0.9978559613227844,0.008780991658568382,1.083790898323059,0.05185199901461601
99,0.7565860651543539,0.9375,0.8509207963943481,0.7004303071386093,0.0,0.0625,0.0,60,0.021589512666809824,0.37238767743110657,0.0,1.0,64,1.0,39,0.609375,0.8859233794466039,46.27890625,30.415056310423147,-0.4182689761287956,0.5203225450172599,2.671875,1.436735530421309,-0.5536232794713477,0.44913331992595973,2.2198701562500007,1.3537450696603353,-0.04692484938975649,0.6470035399158964,239.30235937499998,67.36764547785701,-0.6986848873719282,0.44727737129709105,1.0,0.9997740983963013,0.01576182059943676,1.0837910175323486,0.05937311798334122
100,0.7856545306809735,0.953125,0.862174144533814,0.6872159045006282,0.0,0.046875,0.0,61,0.020644883706887655,0.3806254267692566,0.0,1.0,64,1.0,43,0.671875,0.8761862325182307,48.4909375,23.8112998856865,-0.38042687194491226,0.4073494400351883,2.8125,1.1162856937182344,-0.509662945939353,0.3489585167135836,2.2074907812500006,1.5459715012566793,-0.05284139869172813,0.7388754768821683,238.77996875,69.76584048398276,-0.7021532215237732,0.46319982710787494,1.0,0.9991115927696228,0.0,1.0648607015609741,0.06183004379272461
101,0.7577105215326837,0.9375,0.8818792134523392,0.688879549637926,0.0,0.03125,0.0,60,0.02673068377248064,0.4122866988182068,0.0,1.0,62,0.96875,47,0.7580645161290323,0.8849824533920573,44.265967741935484,24.702754937108338,-0.45270512106930133,0.4225999184952708,2.629032258064516,1.1672116065406857,-0.5670162126262566,0.3648783041844902,2.3570703225806455,1.5461073030324333,0.018648052984875818,0.7389403814433068,252.75414516129038,65.81075934826359,-0.609373774551143,0.43694065950444966,0.96875,0.9972715377807617,0.015915120020508766,1.0837910175323486,0.06129515916109085
102,0.7615346811268975,0.921875,0.8835271435268854,0.6945257190856002,0.0,0.078125,0.0,59,0.028887668275812906,0.3897441029548645,0.0,1.0,64,1.0,42,0.65625,0.8862330661067281,46.292500000000004,25.790527573122656,-0.41803642240526667,0.4412088804710255,2.671875,1.250683406931986,-0.5536232794713477,0.3909721579495935,2.408553125000001,1.4718119202713158,0.04325353902256182,0.7034319413956466,246.501546875,73.3948524682866,-0.6508869624536041,0.4872941075184703,1.0,0.9964134693145752,0.0038356164004653692,1.1014961004257202,0.05817337706685066
103,0.7740222970625644,0.953125,0.8669544233650458,0.6866815183021211,0.0,0.046875,0.0,61,0.032551523527129186,0.38494133949279785,0.0,1.0,64,1.0,41,0.640625,0.8809158067676487,36.60796875,23.423252681609434,-0.5837135757160864,0.4007109611597434,2.375,1.125,-0.6464284280388921,0.3516826682559578,2.478286562500001,1.2758773592050048,0.07658166107756907,0.6097877557635776,238.9415625,76.21836692459598,-0.7010803440733984,0.5060404079848047,1.0,0.9980763792991638,0.005263158120214939,1.0648607015609741,0.06115320324897766
104,0.7852564683393254,0.984375,0.8209416452381346,0.6495817041785276,0.0,0.015625,0.0,63,0.029437571397267367,0.4302199184894562,0.0,1.0,64,1.0,37,0.578125,0.877991947810564,51.786093750000006,26.060429990767823,-0.3240553147552593,0.4458262091855319,2.921875,1.3381971022143935,-0.4754715754144682,0.418329535608132,2.002859218750001,1.5397230031144253,-0.15064219463423165,0.7358890945064891,249.16010937500002,74.61426761164662,-0.6332358357444202,0.4953902313472482,1.0,0.9978323578834534,0.0,1.0230478048324585,0.05841553583741188
105,0.7622956201256277,0.96875,0.8974374888404724,0.6446414600059115,0.0,0.03125,0.0,62,0.02980138431879883,0.3669664263725281,0.0,0.96875,64,0.96875,37,0.578125,0.8954211714895522,42.383281249999996,27.26195707017195,-0.4849129926232916,0.4663812139661235,2.453125,1.368503830602969,-0.6220060205211173,0.4278036254799568,2.0271681250000007,1.737018727227844,-0.13902409256485193,0.830183828997142,227.19315625000002,66.48209984702153,-0.779082124114197,0.44139792398801286,1.0,0.9995133280754089,0.008144269697368145,1.0446385145187378,0.056671980768442154
106,0.7324907503959923,0.890625,0.8520278522842809,0.6931704379255526,0.0,0.109375,0.0,57,0.02855316154607033,0.35510146617889404,0.0,1.0,64,1.0,36,0.5625,0.8831312252932502,51.275625000000005,27.637150601307926,-0.33278810802846315,0.4727997999125773,2.703125,1.354156650603984,-0.5438543164642378,0.4233185992186309,2.0325840625000007,1.4202981942191748,-0.13643562091461542,0.6788116758397723,240.94704687500004,82.79449338260476,-0.6877652315581146,0.54970161262676,1.0,0.9975748062133789,0.0,1.133455753326416,0.05673660710453987
107,0.7073804123767325,0.890625,0.8443626008535686,0.6470984168814092,0.0,0.109375,0.0,57,0.03236375126618296,0.3825375437736511,0.0,0.984375,64,0.984375,38,0.59375,0.8832786425785071,54.728750000000005,40.115925862586046,-0.27371411618952685,0.6862792042042448,2.859375,1.7577256923009916,-0.49500950142868805,0.5494770324715229,1.6905973437500008,1.7904517203568724,-0.29988339449800466,0.8557213814341437,233.18349999999998,82.51026851000883,-0.7393101358450417,0.5478145442429653,1.0,0.9970442056655884,0.004571428522467613,1.133455753326416,0.0667821541428566
108,0.7450078944856314,0.921875,0.8540391123900979,0.6943177466450852,0.0,0.0625,0.0,59,0.04727782775604268,0.49305635690689087,0.0,1.0,63,0.984375,45,0.7142857142857143,0.8866409514983445,47.782539682539685,29.64889360436087,-0.3925457170163681,0.5072154928702278,2.888888888888889,1.5130239993387269,-0.4857832585886398,0.4729816153091057,2.301774603174604,1.5283858078801984,-0.007779763448008092,0.7304706404609996,264.14160317460323,78.2450904206633,-0.5337684561550193,0.5194965344567473,0.984375,0.9981067776679993,0.0025342118460685015,1.1014959812164307,0.07133039087057114
109,0.748382323447423,0.921875,0.8973145156593646,0.6947672666805785,0.0,0.0625,0.0,59,0.038145066249137966,0.3696819245815277,0.0,1.0,63,0.984375,45,0.7142857142857143,0.8883918525288064,37.250317460317476,28.503682244343807,-0.5727246591633852,0.4876239036472761,2.6666666666666665,1.6808916756878851,-0.5552514399725328,0.5254581951601275,2.8209473015873026,1.4408965735353998,0.24035157326296183,0.6886563834090282,260.8563968253968,78.17989930202191,-0.5555800906513524,0.5190637078087175,0.984375,0.9988830089569092,0.0010432967683300376,1.1014961004257202,0.0598263144493103
110,0.7630568156177758,0.96875,0.8865671547189835,0.6717849568420972,0.0,0.03125,0.0,62,0.02912900616315183,0.36183860898017883,0.0,1.0,64,1.0,48,0.75,0.8866983568071514,42.4634375,29.685121179365154,-0.4835417275638629,0.5078352524995918,2.578125,1.3323462329195817,-0.5829301684926775,0.4165005139857176,2.611879687500001,1.4127085935623471,0.14043062845007007,0.6751843322567241,257.083890625,70.31815653716271,-0.5806270793734102,0.46686684664877176,1.0,0.9982908964157104,0.002583979396149516,1.0446385145187378,0.07082563638687134
111,0.7627870875958213,0.9375,0.8331012000640233,0.6710074561769683,0.0,0.0625,0.0,60,0.02781482677438038,0.5099669694900513,0.0,1.0,64,1.0,46,0.71875,0.8840445641491377,37.703125,24.439183309991662,-0.5649782992998372,0.4180908931488771,2.34375,1.2896068926227093,-0.656197391046002,0.40313990488784784,2.5799284375000013,1.3863599547569931,0.12515997497324932,0.6625913685140701,240.90046875000002,75.89321308155809,-0.6880744800283882,0.5038815978445729,1.0,0.9993270635604858,0.003957037813961506,1.0837910175323486,0.07243245095014572
112,0.8257417232177718,0.96875,0.8702760026339562,0.7193485909880832,0.0,0.03125,0.0,62,0.02452268849977789,0.4069294333457947,0.0,0.984375,64,0.984375,37,0.578125,0.860357505373772,33.806562500000005,26.20670490415752,-0.6316383539821626,0.4483285926902773,2.15625,1.0490881457246575,-0.7148111690886617,0.3279521051770156,2.6630148437500014,1.4383931567344879,0.16486996185883657,0.6874599103297347,242.07984375,73.67062073963467,-0.6802441967220362,0.4891250295674864,1.0,0.9988333582878113,0.00895355362445116,1.0446385145187378,0.06715705990791321
113,0.789619891416353,0.96875,0.8754486633885291,0.6909560684122593,0.0,0.03125,0.0,62,0.03323623857039387,0.44747644662857056,0.0,1.0,64,1.0,49,0.765625,0.878196940471038,31.868593750000002,22.542165550584553,-0.6647919612572002,0.3856378508647047,2.125,1.0680004681646913,-0.7245801320957717,0.33386422608246286,2.6880404687500015,1.5071380549897284,0.17683060963993644,0.7203155738657494,239.012859375,60.50546277296664,-0.7006069791724062,0.4017169391366325,1.0,0.9991189241409302,0.005978260654956102,1.0446385145187378,0.06098520755767822
114,0.7833924791339908,0.9375,0.8682029634714127,0.6799946330763459,0.0,0.046875,0.0,60,0.04273383103741829,0.4936164319515228,0.0,1.0,63,0.984375,45,0.7142857142857143,0.8754934258012851,37.628730158730164,27.86283913632474,-0.5662510016335301,0.47666074403586417,2.3015873015873014,1.4101099882230355,-0.6693777379603568,0.44080999394902604,2.690108095238096,1.4037226077711382,0.1778188028285969,0.6708896059106442,242.5936507936508,83.5010187384217,-0.676832851970295,0.5543924816880577,0.984375,0.9981575608253479,0.002793296007439494,1.083790898323059,0.07185328006744385
115,0.7508451722508384,0.921875,0.9072500901707148,0.700939054374105,0.0,0.078125,0.0,59,0.037704949039215785,0.4410839378833771,0.0,0.984375,64,0.984375,51,0.796875,0.8851219215963892,37.942656250000006,23.445500317370833,-0.5608805423093806,0.4010915603715891,2.328125,1.1187980087464404,-0.661081872549557,0.34974388351591157,2.6176150000000016,1.4372729619686908,0.14317174091887142,0.686924528894109,236.63573437500003,67.87372557833092,-0.7163895438398037,0.4506374141693054,1.0,0.9981386661529541,0.014148273505270481,1.1014959812164307,0.07528785616159439
116,0.7687982623127454,0.96875,0.8533755079392464,0.6937144110882855,0.0,0.03125,0.0,62,0.027980026952715783,0.4387708902359009,0.0,1.0,64,1.0,48,0.75,0.884329084541268,37.86328125,22.66430591637208,-0.5622384422122848,0.38772735500131633,2.3125,1.197327753791751,-0.665966354053112,0.37429281709368484,2.711250156250001,1.3256034302187782,0.18792335546733901,0.633553636573096,251.030171875,69.34660702509055,-0.6208198364434474,0.46041638947808977,1.0,0.9991495609283447,0.0005232862313278019,1.0446385145187378,0.06458128988742828
117,0.777002066939674,0.96875,0.846068391876836,0.6861955744420304,0.0,0.015625,0.0,62,0.041681098068605066,0.4925660789012909,0.0,1.0,63,0.984375,51,0.8095238095238095,0.8843538717507604,45.67285714285713,29.724828349515548,-0.4286369008373863,0.5085145389561816,2.6984126984126986,1.5185093007112886,-0.545327414060548,0.4746963579072307,2.8230446031746044,1.3898246216252033,0.2413539492506328,0.6642472576313052,269.46317460317465,76.05498422821248,-0.4984366813414928,0.50495565309341,0.984375,0.9980052709579468,0.0061699096113443375,1.0446385145187378,0.059776660054922104
118,0.7929826037073378,0.984375,0.8693733092338319,0.6838037059041232,0.0,0.015625,0.0,63,0.02213509561145379,0.417743444442749,0.0,1.0,64,1.0,43,0.671875,0.8745807935319629,35.94453125,28.13013424968451,-0.595063266636816,0.4812334685521219,2.390625,1.4099776981835563,-0.6415439465353372,0.44076863918096587,2.8657026562500016,1.6183602943829092,0.26174176964921586,0.7734726890549607,260.43859375,75.84743671132675,-0.5583540314645985,0.5035776725047548,1.0,0.9994150400161743,0.004166666883975267,1.023047685623169,0.06619663536548615
119,0.753757528804331,0.953125,0.8693240294690991,0.6717601361011061,0.0,0.046875,0.0,61,0.022365569457734817,0.4649728536605835,0.0,1.0,64,1.0,43,0.671875,0.8812163130752096,39.2421875,26.2450733155738,-0.5386489409462841,0.4489849764652285,2.53125,1.211516998436258,-0.5975836130033424,0.3787284716866775,2.287170000000001,1.4902859058562399,-0.014759829462509595,0.7122613246655707,236.7911875,62.523784469111,-0.7153574361475026,0.41511728311896834,1.0,1.0001015663146973,0.0049477736465632915,1.0648608207702637,0.06030472740530968
120,0.7013485750807903,0.875,0.8808153841112342,0.6730455315779843,0.0,0.125,0.0,56,0.027452772123210144,0.482261598110199,0.0,1.0,64,1.0,36,0.5625,0.8922696565540919,34.2325,24.907555266926543,-0.6243516706449256,0.42610351972959976,2.046875,1.304196202407828,-0.7490025396135465,0.40770062257073075,2.357910781250001,1.5841598656743754,0.019049738462011103,0.7571270720425828,222.5926875,76.18151419120551,-0.8096262459198308,0.5057957297924901,1.0,0.9985007643699646,0.0012277470668777823,1.1478067636489868,0.06575671583414078
121,0.7516782297291009,0.9375,0.8365336433053017,0.6936907991433751,0.0,0.0625,0.0,60,0.025243644228991186,0.4022165536880493,0.0,1.0,64,1.0,50,0.78125,0.8881538330870313,39.686406250000005,27.97789989254842,-0.5310495129463703,0.4786291344573344,2.59375,1.486593736533287,-0.5780456869891225,0.4647193350014406,2.518374843750001,1.3859860956587386,0.0957412949400968,0.6624126877820611,250.85814062500003,82.57734480262796,-0.621962012108563,0.5482598872206844,1.0,0.9975348114967346,0.007506702560931444,1.0837910175323486,0.059371720999479294
122,0.724074288143449,0.90625,0.897055567852382,0.7011436457852602,0.0,0.09375,0.0,58,0.025232086846241675,0.4589901268482208,0.0,1.0,64,1.0,47,0.734375,0.8872190524378967,33.456562500000004,20.762533881576054,-0.6376259441052042,0.35519297942468425,2.28125,1.178833507116251,-0.6757353170602219,0.3685113895219304,2.6967207812500016,1.4457405273469566,0.18097924370771215,0.6909714834478063,245.0566875,78.05321147017975,-0.6604798894226247,0.5182225829631072,1.0,0.9993313550949097,0.01693958230316639,1.1180338859558105,0.06280695647001266
123,0.7366425194266726,0.9375,0.870127767821153,0.6732386053166246,0.0,0.0625,0.0,60,0.028384951093737617,0.36914604902267456,0.0,1.0,64,1.0,47,0.734375,0.8906475157561311,36.70015625,24.248552952456482,-0.5821364872461781,0.4148297033033642,2.484375,1.4141272429930059,-0.6122370575140074,0.44206581517264126,2.5888562500000014,1.2090758812719078,0.1294268982076621,0.5778609228147626,246.011984375,77.48931371899215,-0.6541373391965112,0.5144786684765243,1.0,0.9962331056594849,0.014396456070244312,1.0837910175323486,0.06779871881008148
124,0.703749522622451,0.9375,0.8427190815409025,0.6454626748696424,0.0,0.0625,0.0,60,0.025289371805046215,0.42733195424079895,0.0,1.0,64,1.0,50,0.78125,0.8930552519323403,44.394375,30.01561785528286,-0.45050840669754727,0.5134891914493716,2.84375,1.7067764755526718,-0.499893982932243,0.5335499600345449,2.720918750000002,1.6563411330734208,0.19254432474911728,0.7916251001938625,268.55921875,98.16902831603589,-0.5044383605586991,0.6517785298347492,1.0,0.9976760149002075,0.002967359032481909,1.0837910175323486,0.07770419120788574
125,0.724557442840932,0.921875,0.8845317363739014,0.6679534193037613,0.0,0.046875,0.0,59,0.023366228315767287,0.4183213412761688,0.0,1.0,62,0.96875,46,0.7419354838709677,0.8836450737928441,38.490806451612926,28.18898471082375,-0.551503117357607,0.48224024695170403,2.596774193548387,1.6603505014668214,-0.5771003034723055,0.519036884085306,2.728062903225808,1.3742151325773113,0.19595877295682737,0.6567869204551199,262.7095645161291,86.17509701719673,-0.54327626190086,0.5721466230817371,0.96875,0.9970254302024841,0.02368692122399807,1.1014959812164307,0.05550505593419075
126,0.7547165727246123,0.9375,0.8938943187395731,0.684945994973516,0.0,0.0625,0.0,60,0.03219436089809526,0.4022269546985626,0.0,1.0,64,1.0,53,0.828125,0.8945028690718951,39.180156249999996,21.7508742275589,-0.5397101343743411,0.3721009134069994,2.421875,1.1429770270547872,-0.6317749835282273,0.35730240944879077,2.388468125000001,1.475359381394365,0.033654193923952316,0.7051274008700829,241.1095,76.54906928830849,-0.6866866484164067,0.5082360566953074,1.0,0.9992995262145996,0.006274957209825516,1.0837911367416382,0.05993559956550598
127,0.7407125142978402,0.9375,0.8662498404582342,0.6784472668569221,0.0,0.046875,0.0,60,0.03140728525216419,0.4207845628261566,0.0,1.0,63,0.984375,41,0.6507936507936508,0.8794326329512823,40.823492063492075,22.438576558334148,-0.5115969307008967,0.3838657125022637,2.5238095238095237,1.0962728031639366,-0.5999095565764638,0.34270235071389477,2.137232380952382,1.4350215754195927,-0.08642041938045564,0.685848510152005,234.39896825396826,72.0295552855487,-0.7312402167960126,0.4782294217839057,0.984375,0.9988660216331482,0.005636978428810835,1.0837910175323486,0.06142910569906235
128,0.7803365521690964,0.96875,0.851739039824855,0.6918489494631491,0.0,0.03125,0.0,62,0.03174001637424323,0.4630511403083801,0.0,1.0,64,1.0,46,0.71875,0.8806859092686757,42.20375,19.61386997286614,-0.48798430559265527,0.3355423260690107,2.59375,1.0265042316035526,-0.5780456869891225,0.32089221968566134,2.4735725000000013,1.3429678386611232,0.07432864077615452,0.6418527129520494,254.23395312500003,72.03253500490027,-0.5995488116726333,0.4782492051833302,1.0,1.0000836849212646,0.007462686393409967,1.0446385145187378,0.05610763654112816
129,0.7443409520663387,0.9375,0.8496956805388133,0.6797455990411483,0.0,0.0625,0.0,60,0.024925712490661098,0.4600713849067688,0.0,1.0,64,1.0,44,0.6875,0.8849935887990896,41.91078125,27.743025604683936,-0.49299623928939756,0.4746110459825521,2.546875,1.488809166540494,-0.5926991314997875,0.46541189352256845,2.5686515625000013,1.3821367753581997,0.11977035014084288,0.6605729589316773,250.36275,83.2287240524944,-0.6252510838126952,0.5525846219881106,1.0,0.9954717755317688,0.007146784104406834,1.0837910175323486,0.0607275515794754
130,0.7678208602506421,0.953125,0.854762647728451,0.6842671477051108,0.0,0.046875,0.0,61,0.019989148666406827,0.38819482922554016,0.0,1.0,64,1.0,38,0.59375,0.8760524011471597,45.381875,24.658726832186108,-0.43361484885039436,0.4218467120776463,2.75,1.4469796128487782,-0.5292008719535729,0.45233568991878315,2.4008481250000013,1.2979114518451798,0.03957104193594081,0.6203186424545297,250.24328125,71.90744991555745,-0.6260442786478883,0.4774187215059972,1.0,0.9980990290641785,0.003923766780644655,1.0648608207702637,0.06001513451337814
131,0.7823395093199693,0.96875,0.8505042414030721,0.6928539592096707,0.0,0.03125,0.0,62,0.033814586372788794,0.37790122628211975,0.0,1.0,64,1.0,53,0.828125,0.8857463347200464,42.3353125,27.68580231639213,-0.4857336132339048,0.4736321042803122,2.859375,1.456313705688098,-0.49500950142868805,0.455253590963655,2.7235895312500014,1.3440736579255885,0.1938207873282381,0.642381223817685,271.579203125,73.59628594700361,-0.4843876275543481,0.4886314948683278,1.0,0.997962236404419,0.0035000001080334187,1.0446385145187378,0.06469309329986572
132,0.7657419687853149,0.96875,0.8676607416522119,0.6792965980589968,0.0,0.03125,0.0,62,0.03183133377911606,0.47654417157173157,0.0,1.0,64,1.0,50,0.78125,0.8882306081872543,50.902187500000004,26.267948653536763,-0.3391766528472441,0.44937631402993783,3.046875,1.304196202407828,-0.43639572338602844,0.40770062257073075,2.3184692187500007,1.4529397448377135,0.0001991947893259575,0.6944122488515266,259.042875,72.56547701268235,-0.567620696629188,0.48178759365755575,1.0,0.9998387098312378,0.0015781167894601822,1.0446386337280273,0.07035907357931137
133,0.7207970302477409,0.890625,0.8543126238019842,0.6831698903366166,0.0,0.109375,0.0,57,0.02611732222674608,0.4230678677558899,0.0,0.984375,64,0.984375,35,0.546875,0.8828505931996139,46.07,28.096133519578814,-0.42184281898348597,0.48065180444995886,2.65625,1.3831434985206705,-0.5585077609749026,0.43238008545833756,2.347233750000001,1.4146567308179183,0.013946800568190325,0.676115417236345,242.464875,77.61127850957378,-0.6776878395249625,0.5152884353985415,1.0,0.9982004761695862,0.0,1.1334558725357056,0.0665745660662651
134,0.7536329800128876,0.984375,0.8861550342232462,0.6643753940046392,0.0,0.015625,0.0,63,0.02969481812080924,0.4488116502761841,0.0,1.0,64,1.0,48,0.75,0.8945117233187164,42.411249999999995,22.799654636912816,-0.48443452001970927,0.3900428197506764,2.796875,1.4809170248109784,-0.5145474274429079,0.46294475622328823,3.0942532812500017,1.2949246410892699,0.3709743472881454,0.6188911379889973,275.34948437500003,78.1455807653639,-0.45935541105651884,0.5188358550352641,1.0,1.0001176595687866,0.0035035035107284784,1.0230478048324585,0.0655805766582489
135,0.7504595998562043,0.953125,0.8422729631916421,0.6627586552635922,0.0,0.046875,0.0,61,0.02636316519605803,0.40721049904823303,0.0,1.0,64,1.0,36,0.5625,0.883713968492162,45.108125,28.74570478105164,-0.4382979996966304,0.491764280076834,2.734375,1.6321208164149492,-0.5340853534571278,0.5102120921181347,2.4153107812500005,1.5143865429113392,0.04648326640127836,0.7237798873834316,247.60673437499997,98.73739961797695,-0.6435492359190933,0.6555521457901481,1.0,0.9976826310157776,0.0010660981060937047,1.0648608207702637,0.06915760040283203
136,0.7047944535257529,0.890625,0.8985385120960704,0.6770041792081478,0.0,0.109375,0.0,57,0.03313668437991611,0.405499666929245,0.0,1.0,64,1.0,40,0.625,0.8849798768864725,39.7271875,27.454891439684182,-0.5303518517757838,0.4696818194669426,2.546875,1.4023383095298367,-0.5926991314997875,0.43838051421600194,2.3448231250000013,1.5799519435411997,0.012794676033545995,0.7551159544570996,240.34817187500002,82.65324599995961,-0.6917413722386376,0.5487638218287592,1.0,0.9967102408409119,0.003266194835305214,1.1334558725357056,0.07107941061258316
137,0.761387267943838,0.953125,0.8621518929473689,0.6695611715367761,0.0,0.046875,0.0,61,0.027245290803718035,0.35894304513931274,0.0,1.0,64,1.0,36,0.5625,0.8786755637065726,39.8840625,28.55343963073615,-0.5276681283456348,0.4884751231767365,2.46875,1.4680849558182931,-0.6171215390175623,0.45893336398987306,2.6467215625000016,1.402846026877393,0.15708281575440775,0.6704706563211044,247.195546875,74.56191250584348,-0.6462792536123888,0.49504262747996874,1.0,0.9977541565895081,0.0016474464209750295,1.0648608207702637,0.0726882591843605
138,0.8165187469656761,0.984375,0.8669122064870501,0.7245779699005794,0.0,0.015625,0.0,63,0.038581475053336686,0.39764219522476196,0.0,1.0,64,1.0,50,0.78125,0.8751538072383404,33.646718750000005,21.677578426127273,-0.6343728650071053,0.37084701278782106,2.46875,1.3342688775130747,-0.6171215390175623,0.4171015457908265,3.1771754687500016,1.3937506912194824,0.41060584811682876,0.6661236677342001,268.586296875,61.67680592909293,-0.5042585794117739,0.40949389622104193,1.0,0.9995095133781433,0.0010282776784151793,1.0230478048324585,0.06145435571670532
139,0.7502946394286738,0.9375,0.8621760547161103,0.6727997305409079,0.0,0.046875,0.0,60,0.04329852905438335,0.4892142117023468,0.0,1.0,63,0.984375,44,0.6984126984126984,0.8891069293242735,39.61746031746032,27.376680319133733,-0.5322289986169374,0.46834383051574296,2.5714285714285716,1.3768411709334247,-0.5850235177084867,0.43040993489646584,2.562707936507937,1.4745629789713592,0.11692967714931238,0.7047467714602844,254.68657142857145,70.33828854485658,-0.596543720377155,0.46700051009234883,0.984375,1.000319480895996,0.009381898678839207,1.0837910175323486,0.06918086856603622
140,0.7516467080993985,0.9375,0.8777325458824634,0.6917922243206722,0.0,0.0625,0.0,60,0.034868951220851443,0.3821893632411957,0.0,1.0,64,1.0,45,0.703125,0.8836803911484129,39.59578125,24.163432845720585,-0.5325998711032293,0.4133735195594668,2.46875,1.2243461265099833,-0.6171215390175623,0.3827389445687799,2.758164375000001,1.2731528845791118,0.21034535077791452,0.608485631185716,253.79532812500003,75.23302734733905,-0.6024609965292299,0.49949839374600613,1.0,0.9979148507118225,0.0010672358330339193,1.0837910175323486,0.06669627875089645
141,0.7853657734412841,0.953125,0.9018712884089986,0.7057282098212329,0.0,0.046875,0.0,61,0.03900693710563643,0.39707764983177185,0.0,1.0,64,1.0,48,0.75,0.8776868936440942,29.415468750000002,20.341723434366948,-0.7067585527445893,0.34799400663216445,1.96875,0.9837547649185746,-0.7734249471313213,0.30752844500984605,2.9380118750000017,1.41769927501599,0.29630095036079657,0.6775695587217851,238.85751562500002,57.60371937888219,-0.7016383606858103,0.38245124937890757,1.0,0.9971828460693359,0.009014084935188293,1.0648607015609741,0.055342208594083786
142,0.7416148706495146,0.9375,0.8794031426310539,0.6668401980511389,0.0,0.046875,0.0,60,0.028757136083970194,0.3534035384654999,0.0,1.0,63,0.984375,42,0.6666666666666666,0.880044205687814,42.48111111111111,32.07433583724459,-0.4832393780229275,0.5487085041777201,2.507936507936508,1.8071552306635943,-0.6048715695324562,0.5649290430866521,2.5171833333333344,1.5607661315296928,0.09517182918564467,0.7459463636930715,244.38325396825397,73.64120856288395,-0.6649510502845802,0.4889297518342678,0.984375,0.9974538087844849,0.0016872890992090106,1.0837910175323486,0.0563642717897892
143,0.7083395275021738,0.875,0.8655923865735531,0.6929878201259273,0.0,0.125,0.0,56,0.03705873148841539,0.4514828026294708,0.0,1.0,64,1.0,43,0.671875,0.8886715583715145,38.3984375,20.995288699100897,-0.5530833099929021,0.35917480927183304,2.40625,1.19528696868158,-0.6366594650317822,0.37365485375778973,2.709467968750001,1.4489173649920706,0.187071583854547,0.6924898086097533,246.641203125,75.6447607265739,-0.6499597357419961,0.5022320357225536,1.0,0.9996439218521118,0.0016592920292168856,1.1478065252304077,0.0602150559425354
144,0.7517559386525003,0.953125,0.8453475319948353,0.6408707886083341,0.0,0.046875,0.0,61,0.038832013025890344,0.41720157861709595,0.0,1.0,64,1.0,47,0.734375,0.8910301735940194,43.0678125,23.430913639140147,-0.4732024424763965,0.40084202022729754,2.75,1.4577379737113252,-0.5292008719535729,0.4556988268558507,2.6667779687500013,1.511518065431428,0.16666849486975036,0.7224089386536701,258.16921875,89.17084529438227,-0.5734212061786229,0.5920364441521166,1.0,0.9997599720954895,0.0021175225265324116,1.0648607015609741,0.05934833735227585
145,0.752524410266108,0.96875,0.894740641117096,0.6710375083498674,0.0,0.03125,0.0,62,0.04065716932191602,0.4606323838233948,0.0,1.0,64,1.0,52,0.8125,0.8949631498150432,43.08234375000001,25.96353065733426,-0.47295385056503797,0.4441685134946859,2.90625,1.4221325316228441,-0.4803560569180232,0.4445683229641974,2.9555753125000015,1.6378613551470964,0.30469514989678653,0.7827929485553036,281.7403125000001,85.5962495158731,-0.41692446688612944,0.5683034519728548,1.0,1.0002095699310303,0.0019351717783138156,1.0446383953094482,0.060998912900686264
146,0.7619493130362825,0.953125,0.8590794010240523,0.6956249196037665,0.0,0.046875,0.0,61,0.027722991543059294,0.4771101474761963,0.0,1.0,64,1.0,51,0.796875,0.8879741816960409,43.755624999999995,25.324058587820694,-0.4614357586720981,0.4332288087878849,2.765625,1.3548776178588973,-0.5243163904500179,0.42354397849679365,2.4775128125000014,1.4119001288561344,0.07621185807682,0.6747979378472154,257.69021875000004,68.62985366726096,-0.5766014547880495,0.45565761313249586,1.0,0.9987838864326477,0.0015873016091063619,1.0648607015609741,0.06114448234438896
147,0.7681216755049098,1.0,0.8479668754152954,0.6822181260874303,0.0,0.0,0.0,64,0.024703226736626917,0.35392168164253235,0.0,1.0,64,1.0,53,0.828125,0.8890883457462361,42.07125,23.829958003267656,-0.49025103613923526,0.4076686319224554,2.8125,1.4776988021921111,-0.509662945939353,0.46193871789649277,2.8269015625000016,1.2289947924640736,0.24319732906620603,0.5873808880884572,275.515453125,54.8024057309901,-0.45825348645026465,0.36385234784805814,1.0,0.9996252655982971,0.003544303821399808,0.9999998211860657,0.06467483937740326
148,0.7661974828031916,0.9375,0.8610918735464413,0.7056985796099385,0.0,0.0625,0.0,60,0.02276732067290095,0.37660712003707886,0.0,1.0,64,1.0,47,0.734375,0.8802747458002352,46.80734375,28.86483014858802,-0.4092287842555249,0.49380220543130404,2.984375,1.5460856571920587,-0.45593364940024833,0.4833169149098393,2.3549018750000013,1.4786715122216507,0.017611673763822826,0.7067103875179722,265.75693750000005,84.85821128245988,-0.5230436863385215,0.5634033578903577,1.0,0.998074471950531,0.00048709206748753786,1.0837910175323486,0.06064535304903984
149,0.7729736229367319,0.953125,0.827272928151928,0.6859335784537126,0.0,0.046875,0.0,61,0.027337919763599616,0.38656526803970337,0.0,1.0,64,1.0,39,0.609375,0.8638219581552122,47.911249999999995,24.558061335587954,-0.39034381808619983,0.42012458712575435,2.78125,1.3859648038460428,-0.519431908946463,0.43326204473370794,2.3740360937500014,1.3639069249707554,0.02675660624943579,0.6518602566680429,251.098078125,73.55361945447197,-0.6203689830882618,0.4883482170947519,1.0,1.001272439956665,0.010182208381593227,1.0648608207702637,0.06925418227910995
150,0.7780798802805258,0.953125,0.8142974381564093,0.6748970203649487,0.0,0.046875,0.0,61,0.027762143908563384,0.3657030463218689,0.0,1.0,64,1.0,39,0.609375,0.8643963038673225,43.48515625,26.307408830034664,-0.4660627758609305,0.45005137506723014,2.5,1.4684175155588413,-0.6073525760104523,0.45903732443157125,2.473911406250001,1.4104129431680066,0.07449061628274263,0.6740871582282933,243.95351562500002,75.40060952650524,-0.6678042335174627,0.5006110304730582,1.0,0.9980245232582092,0.011370096355676651,1.0648607015609741,0.07052478939294815
151,0.7369958099474735,0.9375,0.8693981443842252,0.6613449834370388,0.0,0.0625,0.0,60,0.03661614713569707,0.36162450909614563,0.0,1.0,64,1.0,47,0.734375,0.8811464465713158,43.742656249999996,23.52405074082344,-0.4616576202704072,0.4024353539133764,2.59375,1.1554050967085094,-0.5780456869891225,0.3611875087350947,2.299494687500001,1.5890669987733468,-0.008869417287004503,0.759472367738965,242.706703125,73.2415166588595,-0.6760822579837277,0.48627605742513863,1.0,1.000309944152832,0.0061936937272548676,1.0837910175323486,0.08693406730890274
152,0.7991037299158651,1.0,0.8554423125460744,0.6819871330134062,0.0,0.0,0.0,64,0.0343849350734971,0.3219705820083618,0.0,0.984375,64,0.984375,47,0.734375,0.884163102329908,43.48765625,26.078876853582784,-0.4660200073600516,0.4461417870529375,2.703125,1.4435166207477488,-0.5438543164642378,0.4512531349834593,2.7381067187500014,1.3849486476513937,0.2007590742425384,0.6619168540034019,265.82515625,73.97438272917924,-0.5225907581864876,0.49114181170703924,1.0,0.9986993074417114,0.003100775182247162,0.9999999403953552,0.07628215849399567
153,0.756132620534012,0.953125,0.8642317354679108,0.6808875932651195,0.0,0.046875,0.0,61,0.03282268379760605,0.3586024343967438,0.0,1.0,64,1.0,43,0.671875,0.876342899497528,51.51578125,32.16400568787489,-0.32867965891278694,0.5502425222119162,2.859375,1.5090061661156327,-0.49500950142868805,0.4717256132571011,1.9716875000000007,1.4550063581229216,-0.1655402820426485,0.6953999577940252,244.25725,77.49455422076448,-0.6657876347205341,0.5145134620015226,1.0,0.9970424771308899,0.0015915118856355548,1.0648607015609741,0.06925972551107407
154,0.7236844954111037,0.890625,0.8487127255975154,0.6942828759721876,0.0,0.109375,0.0,57,0.047409730569994174,0.4469911456108093,0.0,1.0,64,1.0,42,0.65625,0.8882553606303146,37.804375,22.4987805138273,-0.5632461750142431,0.38489564567163176,2.375,1.352081728298996,-0.6464284280388921,0.42266996436294924,2.3866839062500014,1.3846367269890438,0.03280145150360596,0.6617677758813565,238.767578125,75.5152545472612,-0.7022354872188173,0.5013721988819034,1.0,0.997337818145752,0.00288517028093338,1.1334559917449951,0.06545694917440414
155,0.7416132286166761,0.921875,0.8725970508688587,0.7071468909991215,0.0,0.046875,0.0,59,0.02844224818682438,0.4298399090766907,0.0,1.0,62,0.96875,42,0.6774193548387096,0.8817223963375572,38.75870967741936,25.81151921413227,-0.5469199896182655,0.44156799287781295,2.5,1.4340333374448537,-0.6073525760104523,0.4482885959827577,2.52709806451613,1.327627716638433,0.09991043641410362,0.6345211159816444,244.26829032258067,72.0055618365664,-0.6657143341557433,0.4780701208804375,0.96875,0.9980058073997498,0.003816793905571103,1.1014959812164307,0.06338876485824585
156,0.7821410606092958,0.96875,0.8507617625498003,0.6982665781084165,0.0,0.03125,0.0,62,0.03571447707926814,0.5154168009757996,0.0,1.0,64,1.0,48,0.75,0.894035049625913,34.5253125,20.779011192844184,-0.6193424099794883,0.3554748633852652,2.296875,1.113548487662302,-0.6708508355566669,0.3481028474430799,2.734908593750001,1.4002786396819702,0.19923057508677566,0.6692436094856244,248.50025,65.24878360599915,-0.6376168730299339,0.43320950590764795,1.0,0.9990242719650269,0.0011383038945496082,1.0446385145187378,0.0555107556283474
157,0.73885942734362,0.9375,0.862201610704263,0.6933194884232489,0.0,0.046875,0.0,60,0.03550949584768105,0.4329625368118286,0.0,1.0,63,0.984375,48,0.7619047619047619,0.8920269295819008,42.09079365079364,28.499426020485085,-0.48991669508077756,0.48755109072173913,2.857142857142857,1.8070158058105026,-0.49570728450062446,0.5648854579272241,2.9815465079365095,1.445215341840991,0.3171077198553862,0.6907204783737435,276.1761587301588,79.9956624957475,-0.4538668307466181,0.5311191950151768,0.984375,0.9975398778915405,0.00048590864753350616,1.0837910175323486,0.06459782272577286
158,0.7597936766939444,0.921875,0.9029893213409489,0.7283999675169218,0.0,0.078125,0.0,59,0.03189391733921204,0.3665015995502472,0.0,1.0,64,1.0,52,0.8125,0.874176094623573,39.05203125,22.199151460394233,-0.541902020044383,0.3797697714975972,2.484375,1.274659114969567,-0.6122370575140074,0.39846712770602216,2.9257056250000018,1.4141577059572823,0.29041935013078596,0.6758769152771701,259.063234375,66.31492462549963,-0.5674855236145062,0.4402879891951619,1.0,0.9987611770629883,0.003189792623743415,1.1014959812164307,0.06319411098957062
159,0.7205310618625548,0.90625,0.8903302699327469,0.6842645472936095,0.0,0.078125,0.0,58,0.04407494065638965,0.43985089659690857,0.0,1.0,63,0.984375,50,0.7936507936507936,0.9012091326758759,38.576507936507944,23.095585791306263,-0.5500369877447859,0.3951054324853806,2.380952380952381,1.4738845276706818,-0.644567673180395,0.460746349682131,2.8036636507936525,1.3073237418121506,0.23209109387376076,0.6248171149245886,255.66680952380955,77.82601112144215,-0.5900355766625662,0.5167141203469611,0.984375,0.9990187287330627,0.0064676618203520775,1.1180338859558105,0.07763055711984634
160,0.7471720544736533,0.96875,0.8943603298356456,0.6768272141575368,0.0,0.03125,0.0,62,0.023301408001608112,0.3624149560928345,0.0,1.0,64,1.0,53,0.828125,0.8901321503028191,40.62640625,24.021397711674915,-0.5149685566159159,0.41094366765736184,2.609375,1.3301455218790912,-0.5731612054855676,0.4158125567139131,2.6957032812500015,1.469593032322274,0.18049294380042633,0.7023714549053305,251.53414062500002,70.11127364564564,-0.617473811565823,0.4654932787405018,1.0,1.0005661249160767,0.007201645988970995,1.0446385145187378,0.07456984370946884
161,0.7138066492332517,0.90625,0.8757031924765686,0.7006094196972656,0.0,0.09375,0.0,58,0.028360460811348187,0.3586515188217163,0.0,1.0,64,1.0,46,0.71875,0.89123687786531,37.821875000000006,23.845601853054056,-0.5629467955080909,0.4079362575237908,2.375,1.4630874888399532,-0.6464284280388921,0.4573711217485721,2.7596165625000015,1.5060246837963225,0.21103940350185732,0.719783453661201,247.93053124999997,70.63912192549732,-0.6413994351644889,0.4689978481726241,1.0,0.9981821775436401,0.014901543036103249,1.1180338859558105,0.06492888927459717
162,0.6389227407973916,0.84375,0.8764588247846674,0.6471723614557566,0.0,0.140625,0.0,54,0.02740346357127127,0.3612576425075531,0.0,1.0,63,0.984375,44,0.6984126984126984,0.9027366241263092,37.27730158730159,24.077595672190558,-0.5722630308999311,0.4119050686668434,2.238095238095238,1.4222080498160075,-0.6892257897843261,0.44459193046612944,2.88852650793651,1.784089744218577,0.2726501106409149,0.8526807638359054,254.88960317460317,100.15551253458173,-0.5951957215713369,0.664967493662888,0.984375,0.9978164434432983,0.00883575901389122,1.1734496355056763,0.06543517857789993
163,0.7243016392844653,0.90625,0.8609247408036528,0.7113614799222555,0.0,0.09375,0.0,58,0.01912842781262192,0.3164164125919342,0.0,1.0,64,1.0,49,0.765625,0.8768828476703794,38.37046875,26.281893091399894,-0.5535617825964844,0.4496148671111397,2.3125,1.2854352375751958,-0.665966354053112,0.4018358170850452,2.3738090625000012,1.605530194408844,0.026648099835847545,0.7673407220496974,238.4611875,65.873859971842,-0.7042697217889586,0.43735960662426004,1.0,0.9983174204826355,0.005621135700494051,1.1180338859558105,0.05459102243185043
164,0.7181724649578262,0.9375,0.84968058715264,0.6525120395997274,0.0,0.0625,0.0,60,0.023425009094045175,0.44276922941207886,0.0,1.0,64,1.0,43,0.671875,0.8924249086082843,45.57078125,26.467607342790703,-0.43038315400273486,0.45279195516067017,2.671875,1.581679166068454,-0.5536232794713477,0.49444368839805514,2.6765765625000015,1.6699007077482748,0.17135159583501455,0.7981057094392839,266.56073437500004,102.86995899104889,-0.5177069976245752,0.6829896535137083,1.0,0.9987058639526367,0.007067137863487005,1.0837910175323486,0.0654025673866272
165,0.6780929337644528,0.875,0.8525032331900937,0.647987696302652,0.0,0.125,0.0,56,0.030159134126119008,0.4475337564945221,0.0,1.0,64,1.0,39,0.609375,0.8825777089134248,43.89515625,24.588750158366853,-0.45904874171679616,0.42064959310335065,2.65625,1.4276154725625525,-0.5585077609749026,0.44628232767492315,2.4544346875000014,1.4906052389339728,0.06518199070794527,0.7124139454479734,251.87623437500002,77.19017490440864,-0.6152025314557372,0.5124925812132576,1.0,0.9965343475341797,0.0038845727685838938,1.1478066444396973,0.06881733983755112
166,0.6817685301897097,0.859375,0.8757570440118964,0.6911804217450999,0.0,0.140625,0.0,55,0.018446472641304966,0.3888847231864929,0.0,1.0,64,1.0,39,0.609375,0.8892681686230512,44.16796875,28.421604413483124,-0.4543816290583897,0.4862197653347558,2.453125,1.6576497622763984,-0.6220060205211173,0.518192614605527,2.443123281250001,1.4904396644206368,0.05977586214711268,0.7123348114229275,243.5579375,97.34050743875133,-0.6704306151081744,0.646277689818329,1.0,0.9975308775901794,0.0047095762565732,1.1611262559890747,0.0688377246260643
167,0.7299796055842427,0.9375,0.8886846368511517,0.6523430356654968,0.0,0.0625,0.0,60,0.023632802446125558,0.33252596855163574,0.0,1.0,64,1.0,43,0.671875,0.8848800404187032,45.50078125,26.252271526996452,-0.4315806720273432,0.4491081191498509,2.390625,1.2198512652676146,-0.6415439465353372,0.3813338203064185,2.4817465625000015,1.5464323737206593,0.07823531973035441,0.739095744436472,243.480015625,71.54702166462197,-0.6709479657023554,0.47502571222867845,1.0,0.9997823238372803,0.0059523810632526875,1.083790898323059,0.06833644211292267
168,0.7860426501454589,0.96875,0.8697660603830891,0.6902045238405281,0.0,0.03125,0.0,62,0.02479299849804331,0.396320104598999,0.0,1.0,64,1.0,48,0.75,0.8828206209152109,42.583125,24.99350333555452,-0.48149418558428697,0.4275738677490608,2.28125,1.2050512177911776,-0.6757353170602219,0.37670722458479344,2.553239531250001,1.2741326306555947,0.11240438516004586,0.6089538871327992,241.323875,66.26693094563176,-0.6852633377783152,0.4399693423607964,1.0,0.9969081878662109,0.006633499171584845,1.0446385145187378,0.0696132555603981
169,0.770925307359526,0.984375,0.8703268894127437,0.6815116348589403,0.0,0.015625,0.0,63,0.029555800197543128,0.3260165750980377,0.0,1.0,64,1.0,54,0.84375,0.8783709585858351,48.26875,22.39887019332672,-0.3842279224605217,0.38318643981957695,2.859375,1.2974396361199236,-0.49500950142868805,0.4055884738948388,2.5766812500000014,1.741703553885446,0.12360802708117109,0.8324228764362005,263.731125,70.7535632226613,-0.5364937643888019,0.4697576639892561,1.0,0.9992281198501587,0.0005149330827407539,1.0230478048324585,0.08077073097229004
170,0.7703437372842235,0.9375,0.8972437133391699,0.7166201624646446,0.0,0.03125,0.0,60,0.03326034828621674,0.43460050225257874,0.0,1.0,62,0.96875,48,0.7741935483870968,0.8812372422258936,40.1958064516129,20.38813519201058,-0.5223349997582195,0.348787991151193,2.3870967741935485,1.0057069205238642,-0.6426468939716237,0.3143908384829467,2.5333625806451625,1.3961770873490602,0.10290447436274143,0.6672833298598534,249.43879032258067,72.40270065185308,-0.6313855754187061,0.48070686444007177,0.96875,0.9981295466423035,0.00917926523834467,1.083790898323059,0.07319159060716629
171,0.7893950153265591,0.984375,0.902849070609562,0.6864630954884576,0.0,0.015625,0.0,63,0.02028350602728428,0.3867330849170685,0.0,1.0,64,1.0,44,0.6875,0.8780834974703308,41.23703125,24.340599871901752,-0.5045223502762525,0.41640438680544106,2.65625,1.438518660810488,-0.5585077609749026,0.44969073863983955,3.010074375000001,1.2059774574759834,0.33074221529326087,0.5763800744563449,263.41353125,65.99920473975635,-0.538602380425963,0.438191814398495,1.0,0.9993491768836975,0.009297520853579044,1.0230478048324585,0.06851594150066376
172,0.7948374078921865,0.984375,0.879221576073813,0.7007732718919273,0.0,0.015625,0.0,63,0.04039483961769379,0.4539348781108856,0.0,1.0,64,1.0,51,0.796875,0.8752479535626936,47.456875,23.156934225721134,-0.39811699312093407,0.3961549447138564,2.5,1.3228756555322954,-0.6073525760104523,0.4135399469408417,2.6993334375000013,1.317184971910053,0.18222792625527434,0.6295301520571035,256.694734375,74.70255361102171,-0.5832108238888843,0.49597639298972096,1.0,0.9986979365348816,0.0015625000232830644,1.0230478048324585,0.0792195126414299
173,0.782931121626691,0.96875,0.8752877212339832,0.7063755460674394,0.0,0.03125,0.0,62,0.025034516684644376,0.47315648198127747,0.0,1.0,64,1.0,42,0.65625,0.8800786939958934,45.8246875,25.951676545598048,-0.42603947813222487,0.4439657204594025,2.59375,1.3430230591840187,-0.5780456869891225,0.4198381626516576,2.5080390625000013,1.4674469529911038,0.09080145271542735,0.7013457662765581,250.17609375,59.28532735258963,-0.6264903599703222,0.3936160331367029,1.0,0.9979356527328491,0.002721829107031226,1.0446385145187378,0.07651105523109436
174,0.799250103972562,1.0,0.8598574283532798,0.6863542194320896,0.0,0.0,0.0,64,0.014393979487009777,0.27844417095184326,0.0,1.0,64,1.0,44,0.6875,0.8661396430067361,43.974218750000006,26.539063708327173,-0.45769618787650185,0.45401438781356906,2.375,1.243734296383275,-0.6464284280388921,0.38879981862534785,2.5525001562500007,1.3092308766081104,0.11205101121021831,0.6257286033515732,248.85806249999996,65.30841280390182,-0.6352412306383672,0.4336054050176922,1.0,0.9995931386947632,0.0,0.9999998211860657,0.06525071710348129
175,0.784727911733239,0.96875,0.8721334963075577,0.724351084240068,0.0,0.03125,0.0,62,0.04046185021559635,0.3893883526325226,0.0,1.0,64,1.0,43,0.671875,0.8708984652108531,48.77734375,23.763355931598465,-0.375527205562977,0.4065292436181681,2.78125,1.230710541719701,-0.519431908946463,0.3847285041446397,2.430403906250001,1.304810876375646,0.053696814596023434,0.6236161260019412,258.61989062500004,74.18848224731327,-0.5704290379035153,0.49256329332462734,1.0,1.0048147439956665,0.005699481815099716,1.0446385145187378,0.06921996176242828
176,0.7026519564265148,0.90625,0.889660670839507,0.6572365549753297,0.0,0.09375,0.0,58,0.01928214131205894,0.3734728991985321,0.0,1.0,64,1.0,35,0.546875,0.8777114457092229,46.7321875,26.85190440573711,-0.4105145123131958,0.45936627887041803,2.625,1.6441183047457382,-0.5682767239820126,0.5139625887479494,2.020587343750001,1.0290010317448708,-0.14216928500882542,0.4917966647022302,225.6793125,71.25036536701828,-0.7891330624875307,0.4730561072643114,1.0,0.997448742389679,0.0,1.118033766746521,0.06725694984197617
177,0.7541611373467807,0.96875,0.8636039423365747,0.6821490553647375,0.0,0.03125,0.0,62,0.027142897038418906,0.3433341681957245,0.0,1.0,64,1.0,46,0.71875,0.8819994975393802,43.34390625,28.080070758523934,-0.4684791961605865,0.4803770123658418,2.609375,1.6164891306083689,-0.5731612054855676,0.5053255205858708,2.490281093750001,1.441775499558962,0.08231427968672053,0.6890764538205952,250.89435937500002,79.30427731476867,-0.6217215431538184,0.5265288468724082,1.0,0.9985090494155884,0.0005452562472783029,1.0446385145187378,0.06465133279561996
178,0.7850875319946877,0.953125,0.8538645525447658,0.706179184205641,0.0,0.046875,0.0,61,0.019297522977602104,0.37052395939826965,0.0,1.0,64,1.0,37,0.578125,0.8653880255221074,42.912343750000005,24.463774924760408,-0.47586210862480105,0.41851159174801705,2.40625,1.0999822441748777,-0.6366594650317822,0.3438619472583088,2.4353035937500014,1.5612299523366269,0.056038551772416165,0.7461680403666925,245.05059375000002,60.09442039114334,-0.660520347961171,0.3989878849336909,1.0,0.9974708557128906,0.005592841189354658,1.0648608207702637,0.059809815138578415
179,0.7794772798592606,0.9375,0.8617074807484945,0.7269517879677264,0.0,0.0625,0.0,60,0.03633289016003398,0.4040552079677582,0.0,1.0,64,1.0,45,0.703125,0.882551721664127,43.01484375,24.547984769133006,-0.4741086000887676,0.4199522032692406,2.390625,1.1939585877973322,-0.6415439465353372,0.37323959283882757,2.399249062500001,1.2109778627940515,0.03880679235805934,0.5787699483065344,240.907234375,63.92414177360496,-0.6880295606766176,0.4244147452699442,1.0,0.9983494281768799,0.0,1.0837910175323486,0.06327555328607559
180,0.7681382714257335,0.9375,0.8860615367690722,0.7107606827676191,0.0,0.0625,0.0,60,0.03470558880986485,0.40466856956481934,0.0,1.0,64,1.0,44,0.6875,0.8749845859578979,38.015,22.942001874291616,-0.5596429288151984,0.3924780109294522,2.28125,1.340111352649473,-0.6757353170602219,0.41892794334210437,2.500817343750001,1.2906796352845504,0.08734993314926592,0.6168622967808767,245.53468750000002,72.30747806392398,-0.6573062801631132,0.48007464835897046,1.0,0.9981804490089417,0.008259912021458149,1.0837910175323486,0.06626961380243301
181,0.7633357160525529,0.953125,0.8761827740512911,0.6854999802594982,0.0,0.046875,0.0,61,0.024068624552806516,0.3544183373451233,0.0,1.0,64,1.0,45,0.703125,0.8833589642948626,35.860625000000006,22.583979794521934,-0.5964986844475628,0.38635318387613876,2.34375,1.277433339748106,-0.656197391046002,0.3993343692815407,2.455477656250001,1.3514473662669306,0.06568046304841393,0.6459053846852498,232.26748437499998,69.46806024173814,-0.7453918841072951,0.4612227598817514,1.0,0.9974798560142517,0.008537279441952705,1.0648608207702637,0.07058174163103104
182,0.7746998057132851,0.9375,0.8295398905873299,0.7060770838887633,0.0,0.0625,0.0,60,0.042090692138027706,0.37671464681625366,0.0,1.0,64,1.0,46,0.71875,0.8839443090263039,37.05859375000001,20.870484681361884,-0.5760045534326702,0.3570397369748901,2.25,1.14564392373896,-0.6855042800673319,0.35813609953043773,2.487341562500001,1.3926704585673928,0.08090937180039257,0.6656073856324229,236.02207812499998,72.81931661746438,-0.7204638224112623,0.4834729236160641,1.0,0.9996148347854614,0.0029052875470370054,1.0837910175323486,0.07362570613622665
183,0.7747649122341904,0.953125,0.8662047757477057,0.6654487071697901,0.0,0.046875,0.0,61,0.030036851386873044,0.3260706961154938,0.0,0.96875,64,0.96875,44,0.6875,0.877433865027277,45.342031250000005,24.95727819567918,-0.4342964718331513,0.42695414977842255,2.640625,1.4828939980237967,-0.5633922424784576,0.4635627715251145,2.274863281250001,1.486380300753789,-0.02064165372503286,0.7103946952805911,249.00426562500002,82.09677393274245,-0.6342705369327821,0.5450692090564164,1.0,0.9984411001205444,0.0,1.0648608207702637,0.08077441900968552
184,0.7942654502877557,0.9375,0.8644808202981948,0.7057767220919076,0.0,0.0625,0.0,60,0.04671449931933683,0.3925490379333496,0.0,1.0,64,1.0,39,0.609375,0.8721071857843661,36.78296875,22.803236453385807,-0.5807197806545655,0.39010409531906565,2.234375,1.2838198313529043,-0.6903887615708868,0.4013308300889805,2.5497829687500007,1.301567253007745,0.11075236941235281,0.6220658815369973,235.1646875,68.5489669221196,-0.7261563387847313,0.4551205777279931,1.0,0.9990873336791992,0.0042321644723415375,1.0837910175323486,0.07801822572946548
185,0.7445638479818282,0.9375,0.8758953561385473,0.6828945583538437,0.0,0.0625,0.0,60,0.02883537092694038,0.32746636867523193,0.0,1.0,64,1.0,44,0.6875,0.8884268793879255,34.65171875,22.778849808723848,-0.6171799276538005,0.38968690322560257,2.234375,1.2085914774542306,-0.6903887615708868,0.3778139338866791,3.072436562500002,1.4441182304948454,0.36054735141059724,0.6901961293359915,258.40921875000004,74.392620767803,-0.5718277621989518,0.4939186403933494,1.0,0.9966263175010681,0.017713366076350212,1.0837910175323486,0.09156148880720139
186,0.7865761731533791,0.953125,0.8901551913042538,0.7167850763170798,0.0,0.046875,0.0,61,0.02801698563896912,0.31605783104896545,0.0,1.0,64,1.0,45,0.703125,0.8752345419396514,32.95703125000001,19.66523555984071,-0.646171625187063,0.3364210577296769,2.265625,1.3138943486350034,-0.6806197985637769,0.410732329186117,2.8537970312500014,1.3526006251311777,0.25605164253994844,0.646456568644719,242.87150000000003,76.59428212830252,-0.6749881138656552,0.508536240560692,1.0,0.9993135929107666,0.004530011210590601,1.0648608207702637,0.08981070667505264
187,0.7501810086500427,0.90625,0.844534030762212,0.6980713958470022,0.0,0.09375,0.0,58,0.03132511702869184,0.35982054471969604,0.0,1.0,64,1.0,41,0.640625,0.8751949823098422,42.827656250000004,29.885227681403666,-0.4773108915920727,0.5112585545429124,2.609375,1.6067940469689947,-0.5731612054855676,0.5022947713563065,2.3555175000000013,1.5060287171492208,0.017905903130331743,0.71978538134586,244.544140625,78.16902749568305,-0.6638828674737411,0.5189915260822225,1.0,1.0003591775894165,0.012222222052514553,1.1180340051651,0.07699839025735855
188,0.7436420836285893,0.9375,0.8890349859992663,0.6716788050785396,0.0,0.0625,0.0,60,0.03140102940597251,0.3475371301174164,0.0,1.0,64,1.0,44,0.6875,0.8821512042482215,35.044375,19.78106582655179,-0.6104625999845132,0.3384026124751298,2.40625,1.2589523174052304,-0.6366594650317822,0.3935570757263048,2.737732812500001,1.2198017988559011,0.20058037097501127,0.5829872252488177,246.993296875,73.18683584491131,-0.6476220621327574,0.4859130123676835,1.0,0.9987654685974121,0.012401352636516094,1.0837910175323486,0.09597130119800568
189,0.7585413730386172,0.953125,0.8528952896595001,0.6818927435557106,0.0,0.046875,0.0,61,0.026602681487122488,0.3921729326248169,0.0,1.0,64,1.0,46,0.71875,0.8852636498160342,35.388593750000005,20.760888247735476,-0.6045739120197541,0.3551648269077414,2.28125,1.268226492981439,-0.6757353170602219,0.39645624622631837,2.936545468750001,1.4745703646888253,0.29560010198397246,0.7047503013607452,252.15657812500004,83.10142077151211,-0.613341231202921,0.551739410960304,1.0,0.9985982179641724,0.01965993642807007,1.0648607015609741,0.07694502174854279
190,0.7042784830818833,0.890625,0.8589592675367991,0.6792271758327565,0.0,0.109375,0.0,57,0.045375782492015924,0.4353075325489044,0.0,1.0,64,1.0,40,0.625,0.893293379445186,38.657187500000006,22.581155131875867,-0.5486567701519391,0.3863048612413944,2.390625,1.257691182037546,-0.6415439465353372,0.3931628362141811,2.502057031250001,1.4443178668078065,0.08794242446751002,0.6902915427222164,243.64657812500002,78.82411581703693,-0.6698420989820888,0.5233408866731146,1.0,0.9995760917663574,0.012452625669538975,1.133455753326416,0.08265510201454163
191,0.7713735869682531,0.953125,0.8502869781900625,0.6678025062492273,0.0,0.03125,0.0,61,0.050478731616964326,0.35672906041145325,0.0,1.0,63,0.984375,41,0.6507936507936508,0.8789871720143348,38.10126984126985,23.370607947758238,-0.5581670761023307,0.3998103466213504,2.365079365079365,1.158838872917078,-0.6495296861363873,0.3622609305832931,2.6182388888888903,1.4881695874175909,0.14346991989560187,0.7112498598395243,238.10528571428566,58.84790142269202,-0.7066326782797947,0.390711809326089,0.984375,0.9992790818214417,0.005878894589841366,1.0648608207702637,0.07069023698568344
192,0.7637359821659722,0.96875,0.8479582950953515,0.6857964283747455,0.0,0.03125,0.0,62,0.019073399873601498,0.28272926807403564,0.0,1.0,64,1.0,47,0.734375,0.872193889627967,41.86046875,23.9333502558203,-0.49385695536958474,0.4094374045801218,2.5625,1.2358574958303243,-0.5878146499962325,0.3863374770824308,2.9355490625000016,1.454846069948983,0.2951238835397525,0.6953233503010273,269.1265625,78.69043920659836,-0.5006715668801931,0.5224533608809223,1.0,0.9975548982620239,0.0026068822480738163,1.0446386337280273,0.07134567946195602
193,0.8089199130437104,0.984375,0.8462893158670456,0.6980114329001017,0.0,0.0,0.0,63,0.053150978186726414,0.47736856341362,0.0,1.0,63,0.984375,45,0.7142857142857143,0.8703373692023428,44.82492063492064,18.67877998743756,-0.44314289015134883,0.3195453673235616,2.634920634920635,1.199227096350737,-0.5651754658845174,0.3748865645239749,2.7897988888888907,1.3979334531179903,0.22546462465624204,0.6681227603370924,265.8453968253968,82.24546146392495,-0.5224563739239415,0.5460563976039785,0.984375,0.9997733235359192,0.00524658989161253,1.0230478048324585,0.0648837685585022
194,0.7785091303563593,1.0,0.8654497778043151,0.6636555401934048,0.0,0.0,0.0,64,0.03714667957995839,0.4246957302093506,0.0,1.0,64,1.0,42,0.65625,0.8828491545517211,43.63859375,25.380214049727023,-0.46343785911949004,0.43418948275664254,2.640625,1.2914041231833666,-0.5633922424784576,0.4037017314114417,2.747785781250001,1.473613623511738,0.20538504691709686,0.7042930402838765,266.947703125,89.15606130661419,-0.515137776687041,0.5919382880841808,1.0,0.9987205862998962,0.005994006060063839,0.9999999403953552,0.06940984725952148
195,0.7416132230538401,0.9375,0.8561373889446259,0.6850064493996401,0.0,0.0625,0.0,60,0.04107200503561123,0.36636167764663696,0.0,1.0,64,1.0,49,0.765625,0.8965252661704041,41.11578125,24.852177960686838,-0.5065966225688776,0.42515615798136686,2.640625,1.4401300668255628,-0.5633922424784576,0.45019447514386196,2.5860085937500017,1.5852835354626515,0.12806590069379803,0.7576641143166453,259.95356250000003,83.32536971319031,-0.5615743236532017,0.5532262863472658,1.0,0.9973867535591125,0.003647733246907592,1.0837911367416382,0.06227941811084747
196,0.7536751546287578,0.9375,0.8418471718827883,0.7028594853654344,0.0,0.0625,0.0,60,0.03093437962026626,0.3546416461467743,0.0,1.0,64,1.0,48,0.75,0.8920056779756551,45.75421875000001,22.32856535112922,-0.4272450152507479,0.381983706737452,2.640625,1.177486564413794,-0.5633922424784576,0.3680903260520744,2.1470840625000007,1.3140495054157963,-0.0817119458441253,0.6280315996586221,247.50890625,66.46707930145732,-0.6441987510725254,0.4412981973300934,1.0,0.9996355175971985,0.00386740337125957,1.0837911367416382,0.07003509998321533
197,0.7604783527520717,0.921875,0.8300001661656267,0.7193753953585723,0.0,0.0625,0.0,59,0.046022364616762734,0.44017526507377625,0.0,1.0,63,0.984375,47,0.746031746031746,0.9001579860527752,46.651904761904774,24.400302356775025,-0.4118879412551093,0.41742574111615033,2.888888888888889,1.3464958768538728,-0.4857832585886398,0.42092378912676937,2.1249136507936517,1.631354418435849,-0.09230798432794395,0.7796830490767835,246.07080952380954,68.44864018356824,-0.6537467784497453,0.4544544734048902,0.984375,0.9990736246109009,0.012195121496915817,1.1014961004257202,0.06949862837791443
198,0.7375971124751842,0.953125,0.8443581163883209,0.6497798703074531,0.0,0.046875,0.0,61,0.04766084921682481,0.4768960177898407,0.0,1.0,64,1.0,48,0.75,0.8885019794871662,54.79234375,27.999145787315296,-0.27262619244842073,0.4789925964849382,3.3125,1.4882351124738322,-0.353359537825594,0.46523244030844685,2.166901093750001,1.5131311185441332,-0.07224067266520169,0.7231798748494005,270.928359375,79.06971646835774,-0.48870880695078134,0.5249715153366581,1.0,0.9989950060844421,0.009031610563397408,1.0648607015609741,0.07162291556596756
199,0.7858113898826122,0.984375,0.8469457337780605,0.6665832889901738,0.0,0.015625,0.0,63,0.0512047476880092,0.3629327714443207,0.0,1.0,64,1.0,53,0.828125,0.8949240756706573,46.48468750000001,28.144535102792933,-0.41474859390020363,0.4814798297116515,3.046875,1.6529300452151627,-0.43639572338602844,0.5167171988815195,2.419662343750001,1.4973927930841822,0.04856303489297234,0.7156579621103264,266.10115625000003,77.36932861267178,-0.5207582976098658,0.5136820453710395,1.0,0.9983723163604736,0.0019743337761610746,1.0230478048324585,0.06874500215053558
