step,reward_mean,valid_frac,c_mean,qed_mean,tox_mean,undersized_frac,alerts_mean,n_rankable,d_var,d_loss,w_C,unique,n_valid,unique_smiles_frac,n_scaffolds,scaffold_frac,tanimoto_dist,tpsa_mean,tpsa_sd,tpsa_drift_sd,tpsa_spread_ratio,hba_mean,hba_sd,hba_drift_sd,hba_spread_ratio,logp_mean,logp_sd,logp_drift_sd,logp_spread_ratio,mw_mean,mw_sd,mw_drift_sd,mw_spread_ratio,rdkit_valid_frac,ratio_mean,clip_frac,adv_std,kl
0,1.084440159642178,0.890625,0.8427581470786479,0.5292626568390004,0.0,0.09375,0.0,57,0.0037073174821139437,0.7046520113945007,0.2,1.0,63,0.984375,48,0.7619047619047619,0.916307592620937,64.84269841269841,48.28883624003566,-0.10069075155860018,0.8260964540685898,4.015873015873016,2.5102460733869094,-0.13348033871318302,0.7847200329491103,1.9222995238095253,1.980967449537813,-0.18914457515563257,0.9467757120849322,295.14620634920647,113.76905241190799,-0.32791804669393576,0.7553525484942909,0.984375,0.9958292245864868,0.06581126153469086,1.1334559917449951,0.005658820737153292
1,1.184222923952936,0.921875,0.8550533268411281,0.5634050379448479,0.0,0.078125,0.0,59,7.19180119588235e-07,0.6598590612411499,0.21300000000000002,1.0,64,1.0,46,0.71875,0.9137229957925096,60.280468750000004,33.83114293949841,-0.17873864089408584,0.5787629066164177,3.78125,1.9483065563457924,-0.20682509271894492,0.6090539096144576,1.5977128125000009,1.8715012159990285,-0.34427625831634334,0.8944578553568376,263.787171875,87.85525142787334,-0.5361216495740181,0.5833017561259468,1.0,0.998580813407898,0.004934948403388262,1.1014959812164307,0.007612443063408136
2,1.0495809849712427,0.84375,0.8421254925153874,0.5057203234915842,0.0,0.140625,0.0,54,0.0038853144873156197,0.6442943215370178,0.226,1.0,63,0.984375,45,0.7142857142857143,0.9184880947414199,61.04396825396825,40.00345233275092,-0.16567714921149335,0.6843550745004036,3.8095238095238093,2.3895084362465484,-0.1979865071410836,0.7469766246038287,2.221506031746033,1.6874664555438859,-0.046143005554816284,0.8065010131487791,286.1093968253968,125.41411304567372,-0.38791658724038625,0.8326681808266984,0.984375,0.9963054656982422,0.0020325202494859695,1.1734496355056763,0.013028272427618504
3,1.1299191279491723,0.875,0.8206197193690709,0.5551106609972972,0.0,0.125,0.0,56,1.4887330723320144e-06,0.6355614066123962,0.23900000000000002,1.0,64,1.0,52,0.8125,0.911665579155904,63.279531250000005,41.3719684852289,-0.1274324780272739,0.7077668282084033,3.796875,2.353054447813522,-0.20194061121538995,0.7355808593409855,1.850251406250001,2.0318938747915,-0.22357896620164022,0.9711152854306471,284.1678125000001,127.55564974243542,-0.4008074449667487,0.8468865923129462,1.0,0.9995654225349426,0.0028351559303700924,1.1478066444396973,0.012731259688735008
4,1.1889177735012266,0.90625,0.8749382413666824,0.5693313395292053,0.0,0.0625,0.0,58,0.007657495616934035,0.6115650534629822,0.252,1.0,62,0.96875,46,0.7419354838709677,0.9089646861950323,60.674193548387095,40.23455979340386,-0.1720030331397457,0.6883087223540229,3.8225806451612905,2.393028810661846,-0.19390485132244462,0.7480771176417236,2.2470635483870973,1.9255421630100311,-0.033928147596089295,0.9202859708566776,293.83074193548396,113.75165466530459,-0.336651875237759,0.7552370387668532,0.96875,0.9990650415420532,0.0015860428102314472,1.1180340051651,0.012994536198675632
5,1.1727425705306795,0.9375,0.8608033416171869,0.47996197431961657,0.0,0.0625,0.0,60,7.908131772817314e-06,0.5924888253211975,0.265,1.0,64,1.0,54,0.84375,0.9104044959054712,68.93640625,44.82724807410624,-0.03065805266361549,0.7668776794618573,4.328125,2.494084798954318,-0.03586824009452099,0.7796679084025586,2.238534531250002,1.8812638438194373,-0.03800447215924264,0.8991237669086121,309.5788906250001,114.05877046945436,-0.2320944055699535,0.757276088055121,1.0,0.9989210963249207,0.0023800078779459,1.0837911367416382,0.0147162564098835
6,1.1945173221183363,0.90625,0.8611047863960266,0.572417280590265,0.0,0.078125,0.0,58,0.003795999691038956,0.5634202361106873,0.278,1.0,63,0.984375,47,0.746031746031746,0.9107911224973476,56.631428571428565,39.2694745886308,-0.24116423212778865,0.6717986233826152,3.5714285714285716,2.3347906042154785,-0.2724167014809687,0.7298714573417238,2.402844444444445,1.7528090376006558,0.04052515491947465,0.8377305871989232,287.36966666666666,114.69786482852346,-0.3795492147765013,0.7615192591338725,0.984375,0.9987590909004211,0.0031847134232521057,1.1180338859558105,0.017952417954802513
7,1.173081317619609,0.890625,0.8529091953185567,0.5753636391296519,0.0,0.109375,0.0,57,3.746989965212801e-05,0.6207160353660583,0.29100000000000004,1.0,64,1.0,58,0.90625,0.9115268204411958,49.923750000000005,34.823431878729295,-0.355915174878711,0.5957383907642525,3.328125,1.984744060168716,-0.348475056322039,0.6204445216758198,3.2101192187500023,2.121038822826791,0.42635085310026544,1.0137208677053982,313.78410937500007,120.85938043007332,-0.20417448681834066,0.8024277172211166,1.0,0.9989408850669861,0.0007870916742831469,1.1334558725357056,0.017913613468408585
8,1.2256946522192536,0.90625,0.9131258130073547,0.5685125561128249,0.0,0.09375,0.0,58,8.17493483275878e-05,0.5519506931304932,0.30400000000000005,1.0,64,1.0,48,0.75,0.9129121692872684,53.061875,32.46793075843262,-0.3022300141505121,0.5554418900708195,3.359375,2.094391226436694,-0.33870609331492907,0.6547209732312217,2.584351406250001,1.6882366406742908,0.12727387108435775,0.806869112369918,282.16600000000005,113.14700520920786,-0.41409817861906206,0.7512225594517337,1.0,0.998763382434845,0.0017263703048229218,1.1180338859558105,0.017571283504366875
9,1.1267070680662554,0.859375,0.8528887185183438,0.564267828641797,0.0,0.125,0.0,55,0.003553659603501831,0.5900655388832092,0.317,1.0,63,0.984375,50,0.7936507936507936,0.9142057447585141,54.24777777777777,33.22363809691922,-0.2819423005530559,0.5683700780589118,3.5396825396825395,2.053455444926505,-0.2823407273929535,0.6419241689035362,2.607082063492065,1.7686072108939015,0.13813767109355768,0.8452811033736558,281.98234920634917,112.96800063189114,-0.41531750050033206,0.7500340854264884,0.984375,0.9994112253189087,0.008179078809916973,1.1611261367797852,0.017933551222085953
10,1.178186636344417,0.875,0.8907629682549408,0.5893178485414398,0.0,0.109375,0.0,56,0.003611183381524599,0.5827925801277161,0.33,1.0,63,0.984375,51,0.8095238095238095,0.9191581443352593,47.92238095238094,33.08847090799874,-0.390153396427525,0.566057718843656,3.2222222222222223,1.9472768486325869,-0.3815809865128004,0.6087320159645875,2.570494603174605,2.055988921939788,0.1206512056781242,0.9826311765306565,279.1010793650794,106.38443596726486,-0.4344472591769111,0.7063234959280571,0.984375,0.9986159205436707,0.0025873221457004547,1.1478064060211182,0.02179517038166523
11,1.2602571875658761,0.921875,0.8691185914863975,0.6160854010537585,0.0,0.078125,0.0,59,0.00037619144479955277,0.5743837356567383,0.343,1.0,64,1.0,49,0.765625,0.9160319185134213,42.38515625,24.067786172092898,-0.48488091624763235,0.41173725362142416,2.875,1.6153559979150107,-0.4901250199251331,0.5049712955822367,2.8622346875000018,1.7190229921491476,0.2600843024437171,0.8215830188739875,274.82890625000005,94.71696340672679,-0.46281171138664234,0.6288590629715319,1.0,0.9980934262275696,0.0013812155229970813,1.1014959812164307,0.021880734711885452
12,1.1549433199959904,0.875,0.8629071201596942,0.5721819479713878,0.0,0.078125,0.0,56,0.009432652087786268,0.5500087141990662,0.356,1.0,61,0.953125,50,0.819672131147541,0.9128207436175036,46.530491803278686,34.33121245948732,-0.41396500134619163,0.587317796098474,3.1147540983606556,1.9256539077205097,-0.41517625455910934,0.6019725372485873,2.741429344262297,1.8200938426751072,0.2023470766784841,0.8698884196013298,276.79422950819674,96.6206419892062,-0.4497632425788052,0.6414982512068672,0.953125,0.9992063045501709,0.007816092111170292,1.1478066444396973,0.024700146168470383
13,1.2747822095142003,0.953125,0.879548336638779,0.5802660677065129,0.0,0.046875,0.0,61,0.0011185699945345027,0.5248991250991821,0.369,1.0,64,1.0,57,0.890625,0.9036563553245973,49.2140625,30.876990711063375,-0.36805608306569976,0.5282250417451643,3.25,1.8957188610128877,-0.37289746383981387,0.5926146376036955,2.5224034375000013,1.748470898808996,0.09766670503062971,0.8356572343810589,281.08120312500006,97.08794640511188,-0.4213005246592065,0.644600848741028,1.0,0.9990811347961426,0.0,1.0648607015609741,0.027358587831258774
14,1.3167434752713372,0.984375,0.893621330696439,0.5739728328181545,0.0,0.0,0.0,63,0.005041505053645664,0.532072901725769,0.382,1.0,63,0.984375,53,0.8412698412698413,0.9022139830594023,51.230952380952374,33.660948015693094,-0.33355234040726317,0.5758513139170791,3.492063492063492,1.9588870817745876,-0.29722676626093053,0.6123614539827675,3.2288842857142885,1.7413587199798592,0.4353193546481221,0.8322580678894528,317.3400476190477,89.64397323494177,-0.18056536853892569,0.5951777061041944,0.984375,0.9995269179344177,0.0,1.0230478048324585,0.030826549977064133
15,1.2428068674484138,0.9375,0.8836939960718155,0.5823549492248443,0.0,0.0625,0.0,60,0.003125135072442288,0.5313500761985779,0.395,1.0,64,1.0,58,0.90625,0.9142819601117522,50.193281250000005,33.58035879864744,-0.35130419587770806,0.5744726419170613,3.40625,1.9422824041575417,-0.32405264880426415,0.6071707185784185,2.8978965625000015,1.8292928337220749,0.2771283972900439,0.8742849488330381,303.13212500000003,115.4336693267367,-0.27489673837622997,0.766404522666759,1.0,1.0000454187393188,0.0020399836357682943,1.0837910175323486,0.028027553111314774
16,1.2295966220234285,0.921875,0.8732192243559885,0.6062266687880571,0.0,0.0625,0.0,59,0.00696465251601143,0.5057727098464966,0.40800000000000003,1.0,63,0.984375,54,0.8571428571428571,0.9123832864352404,44.094444444444456,29.425015692449204,-0.4556394387890979,0.5033855238012865,2.9365079365079363,1.679692109664847,-0.47089721972066284,0.5250832026448108,3.2065669841269857,1.8613122644518432,0.42465311219822083,0.88958818833695,292.01315873015875,105.05701912668349,-0.3487194461380781,0.6975103110399808,0.984375,1.0001599788665771,0.0063237776048481464,1.1014959812164307,0.02334873005747795
17,1.2150002594751175,0.921875,0.8663936479616974,0.5683705290476877,0.0,0.046875,0.0,59,0.009855363056354175,0.5041216015815735,0.42100000000000004,1.0,62,0.96875,55,0.8870967741935484,0.9115661787739507,45.55758064516128,35.854563019342635,-0.43060898203459347,0.6133783640016723,3.032258064516129,2.1699393624312435,-0.4409650770506444,0.6783378354964014,3.086938387096776,1.8464070734285774,0.3674782958399694,0.8824644605603492,290.0203387096774,92.04813848723903,-0.3619504755722609,0.6111398004683914,0.96875,0.9983838796615601,0.003466204507276416,1.1014961004257202,0.028056437149643898
18,1.247512167284927,0.921875,0.8693432752358712,0.6160754470543611,0.0,0.078125,0.0,59,0.00747770901738373,0.44114840030670166,0.434,1.0,64,1.0,52,0.8125,0.9128873845940475,43.87,31.865145290348195,-0.45947909975688983,0.5451297977422044,2.75,1.8540496217739157,-0.5292008719535729,0.5795885493905778,3.0114665625000017,1.7302768112693168,0.3314075918555947,0.8269616244707928,282.31625,96.83167904103625,-0.41310061629428907,0.6428994000390593,1.0,0.9990483522415161,0.0,1.1014959812164307,0.030432652682065964
19,1.114484499023611,0.84375,0.8820236579135612,0.5778466292317861,0.0,0.125,0.0,54,0.013576623484512301,0.44829556345939636,0.44700000000000006,1.0,62,0.96875,52,0.8387096774193549,0.9165859620597493,39.08016129032258,26.878313148631946,-0.5414207881826796,0.4598180638079011,2.6774193548387095,1.6826840459025774,-0.5518900763571831,0.5260185023064435,3.1725341935483886,2.0149724363651846,0.4083876154876079,0.9630279203811538,275.58020967741936,103.49658151034271,-0.45782354503944445,0.6871500196841043,0.96875,0.9992490410804749,0.0008576329564675689,1.1734497547149658,0.02989550493657589
20,1.2052932872785653,0.90625,0.8731524204385692,0.6003192307656255,0.0,0.078125,0.0,58,0.015628373525046847,0.4818066656589508,0.46,1.0,63,0.984375,50,0.7936507936507936,0.9133327346092821,43.4084126984127,29.544368689988925,-0.4673756585223341,0.5054273433133558,2.6984126984126986,1.5999496086798926,-0.545327414060548,0.5001551532938845,3.0875461904761914,1.67490487703785,0.3677687869722128,0.8004973822270607,288.02196825396834,110.12129068555716,-0.3752183562881025,0.731133781985424,0.984375,0.9987810254096985,0.002610966097563505,1.1180338859558105,0.02939881943166256
21,1.2523791616954973,0.9375,0.8566297593216101,0.5965901171758292,0.0,0.046875,0.0,60,0.019779215350230594,0.5125235319137573,0.47300000000000003,1.0,63,0.984375,44,0.6984126984126984,0.907312732735066,50.4320634920635,34.37947436548096,-0.3472192524658878,0.5881434318460359,3.365079365079365,2.0953583419078403,-0.3369228699088693,0.6550233001195811,2.6731493650793663,1.7117211282204898,0.16971361471668037,0.8180931950395701,286.415761904762,103.00910662989635,-0.38588252227665326,0.6839135033779039,0.984375,0.9978877902030945,0.0012711863964796066,1.0837910175323486,0.028679534792900085
22,1.117032902851484,0.84375,0.8967695423850307,0.588408366995908,0.0,0.140625,0.0,54,0.02021580543252237,0.4482455551624298,0.48600000000000004,1.0,63,0.984375,44,0.6984126984126984,0.9065957626932845,46.6704761904762,30.988453273456212,-0.41157023239143775,0.5301318764242279,2.9206349206349205,1.8965431150785839,-0.47585923267665514,0.5928723050429354,2.750232063492065,1.871025273544369,0.20655421333234064,0.8942303853110644,275.10142857142864,108.97738282282053,-0.4610023403349492,0.7235389774138573,0.984375,0.9994166493415833,0.0008550662896595895,1.1734495162963867,0.028929004445672035
23,1.2538355012708555,0.953125,0.8736613275574856,0.5869890733414067,0.0,0.046875,0.0,61,0.029498029540247946,0.46775951981544495,0.49900000000000005,1.0,64,1.0,49,0.765625,0.9120068010179618,48.426875,31.534141660022634,-0.3815228147799332,0.5394671861204094,3.28125,1.9642806412272154,-0.3631285008327039,0.6140475174313873,3.0171073437500016,2.0464535151537486,0.3341035244343607,0.9780738620972576,298.351328125,104.19462975020821,-0.306638121703308,0.6917846062063276,1.0,0.9993525743484497,0.0004175365320406854,1.0648608207702637,0.031170260161161423
24,1.1992598004885766,0.90625,0.8733924378095002,0.553601561123432,0.0,0.078125,0.0,58,0.033762561813355366,0.4965045154094696,0.512,1.0,63,0.984375,48,0.7619047619047619,0.910969352171164,53.2104761904762,37.50947513855757,-0.29968783409231925,0.6416896081717096,3.4285714285714284,1.9817763853985533,-0.31707481808489996,0.6195168063143205,2.5488068253968277,1.8507926575344897,0.11028583533653397,0.8845604892031986,293.7134603174603,112.26467955172554,-0.33743054893845004,0.745364490672465,0.984375,0.9986887574195862,0.0008435259223915637,1.1180340051651,0.03147648647427559
25,1.1772333253152043,0.875,0.8573410042694637,0.5851704830939275,0.0,0.125,0.0,56,0.0324461616003823,0.5160599946975708,0.525,1.0,64,1.0,43,0.671875,0.9130653273503172,46.742031250000004,37.28471604507031,-0.41034611134098525,0.6378445643767723,2.96875,2.2567174031101014,-0.4608181309038033,0.7054652425114811,2.8267637500000014,1.5671228396725772,0.24313146350751028,0.7489844635265138,271.248109375,132.13450865632123,-0.48658587481536547,0.8772872388550056,1.0,0.9990572333335876,0.0022411474492400885,1.1478067636489868,0.02782312035560608
26,1.2246418225579814,0.9375,0.8467782497406006,0.5768408959216234,0.0,0.03125,0.0,60,0.027898648367111818,0.4561501145362854,0.538,1.0,62,0.96875,45,0.7258064516129032,0.9111824676651901,50.9008064516129,33.44389786176763,-0.3392002789949071,0.5721381500375112,3.435483870967742,2.122239898132095,-0.31491394147503227,0.6634266578260863,3.1245617741935505,1.645330747140394,0.38545986798438125,0.7863628400873153,305.2333870967742,104.25769274600864,-0.2609457240519979,0.6922033035021536,0.96875,0.9973182678222656,0.00799326878041029,1.0837911367416382,0.0333627425134182
27,1.2372238562183402,0.9375,0.8707891002297401,0.6222701506676319,0.0,0.0625,0.0,60,0.028229042383466508,0.40450677275657654,0.551,1.0,64,1.0,49,0.765625,0.9063966061194803,42.01765625,29.3885679166974,-0.49116788587682597,0.502761997109577,2.796875,1.6505651257599623,-0.5145474274429079,0.5159779089399947,2.9644156250000018,1.6400663972114409,0.30892025372885296,0.7838468175984996,267.77982812500005,96.76627584668171,-0.5096130076387749,0.6424651653461614,1.0,0.9984797239303589,0.0009140768088400364,1.0837910175323486,0.031084803864359856
28,1.2080905660617085,0.90625,0.8864253558989229,0.5757343091548586,0.0,0.09375,0.0,58,0.03828485021254959,0.45147013664245605,0.5640000000000001,1.0,64,1.0,51,0.796875,0.9193733143353655,47.0115625,31.53751536953401,-0.40573513233998243,0.5395249015196905,3.046875,1.8151247159286328,-0.43639572338602844,0.567420358502328,2.7380773437500014,1.970796148163576,0.20074503487175066,0.9419144807185761,282.69410937500004,110.77226979696871,-0.410591875684889,0.7354558600936336,1.0,0.9994749426841736,0.0017467249417677522,1.1180340051651,0.032713983207941055
29,1.3255601748327077,0.96875,0.8848326994526771,0.6000728091628551,0.0,0.015625,0.0,62,0.041220036673134196,0.4434899687767029,0.577,1.0,63,0.984375,57,0.9047619047619048,0.9025898027157421,48.79571428571429,39.30601608762038,-0.3752129334538402,0.6724237534352756,3.380952380952381,2.2847220068371725,-0.33196085695287697,0.7142196725223141,3.4687325396825424,1.6716891252642905,0.5499514761885859,0.7989604586011775,324.0956190476192,103.52919914896628,-0.13571276594686443,0.6873665796003369,0.984375,0.999184787273407,0.002779984148219228,1.0446386337280273,0.03265007957816124
30,1.3214135573250696,0.9375,0.8607719026505947,0.6215382882475067,0.0,0.0625,0.0,60,0.03625251046972116,0.461670458316803,0.5900000000000001,1.0,64,1.0,55,0.859375,0.9115820682945569,38.76546875,30.078922693561907,-0.5468043594576234,0.5145721726620012,2.65625,1.7696993918459711,-0.5585077609749026,0.5532200925647439,2.985847187500002,1.796732800008524,0.31916316955857266,0.8587233356869721,271.476859375,96.18700954356237,-0.48506712352224163,0.6386192136656123,1.0,0.997404932975769,0.004627487156540155,1.0837911367416382,0.027910077944397926
31,1.253798839801715,0.890625,0.8354433220729494,0.5927196466823644,0.0,0.109375,0.0,57,0.04430099501870841,0.4941519498825073,0.603,1.0,64,1.0,50,0.78125,0.9093823083660536,44.99625,29.9525939246086,-0.44021189011095974,0.5124110158355988,2.890625,1.5624218730467774,-0.48524053842157816,0.4884237273373884,2.5806218750000016,1.8130954786461508,0.125491393736845,0.8665436493031148,265.62812500000007,101.57512815006999,-0.5238989175994854,0.6743928184793326,1.0,0.9974222779273987,0.0013812155229970813,1.1334559917449951,0.03175899013876915
32,1.2728566230530116,0.921875,0.9082193864604174,0.5962460701844537,0.0,0.078125,0.0,59,0.04827165314947419,0.47990888357162476,0.6160000000000001,1.0,64,1.0,52,0.8125,0.9160481396848883,41.858281250000005,26.24459144011197,-0.4938943778078537,0.4489767328287834,3.078125,1.6983879075096477,-0.4266267603789185,0.5309276364859074,3.195581250000002,1.8844910008495181,0.4194026340779077,0.9006661415174819,298.83128125,117.01776237091494,-0.30345154496349325,0.7769218706854444,1.0,0.9990462064743042,0.0030185424257069826,1.1014962196350098,0.026941411197185516
33,1.298455430948706,0.890625,0.9034908753738069,0.6206526869452634,0.0,0.109375,0.0,57,0.04193942221774217,0.5087555646896362,0.629,1.0,64,0.984375,46,0.71875,0.9038671602195609,39.40203125,23.344421454847055,-0.5359144299213415,0.3993623638033158,3.0625,1.6571341979453564,-0.4315112418824735,0.5180314456814394,2.9786626562500023,1.8363893470691037,0.3157294232384088,0.8776766282263674,283.46648437500005,112.58251894679752,-0.40546380779406227,0.7474747376332139,1.0,0.997188925743103,0.004070556256920099,1.1334558725357056,0.03376170992851257
34,1.2671761060207962,0.9375,0.8769869623084863,0.5766001152752497,0.0,0.046875,0.0,60,0.03688896651541047,0.4383133053779602,0.6420000000000001,1.0,63,0.984375,44,0.6984126984126984,0.9075633974438955,47.261587301587305,33.860684051929624,-0.4014578579614122,0.5792682782536085,3.1587301587301586,1.9041004142384799,-0.4014290383367699,0.5952347682725894,3.0412888888888907,1.8229918822752964,0.3456607560403254,0.8712734971334011,297.90552380952386,104.18212021581316,-0.30959797254750315,0.6917015510302015,0.984375,1.0006327629089355,0.0021958716679364443,1.0837911367416382,0.03262845799326897
35,1.3428512066898457,0.9375,0.8814547836780549,0.6295723335392089,0.0,0.0625,0.0,60,0.03695430435490617,0.447675883769989,0.655,1.0,64,1.0,51,0.796875,0.9070158378905523,45.39093749999999,27.176195909676057,-0.4334598130347086,0.46491406345890696,3.078125,1.6517480087395293,-0.4266267603789185,0.5163476862222068,2.6369145312500013,1.6554356435891462,0.1523956822039173,0.7911923341474241,277.71232812500006,99.69571096200914,-0.4436676646050988,0.6619147101309754,1.0,0.9992800354957581,0.006424965802580118,1.0837910175323486,0.03835215047001839
36,1.361567018575413,0.9375,0.8833951734006404,0.5853074203015404,0.0,0.046875,0.0,60,0.05095486704191278,0.42743855714797974,0.6679999999999999,1.0,63,0.984375,44,0.6984126984126984,0.8956046875408679,47.31492063492063,31.122129975309377,-0.40054546327599644,0.5324187372805044,3.1904761904761907,1.7982102465237337,-0.3915050124247851,0.5621327800734847,2.9476901587301603,1.9723757102109478,0.3009265508331914,0.9426694103276071,295.05150793650796,96.98436702775227,-0.3285467825922643,0.643913149010729,0.984375,0.999768853187561,0.0004231908533256501,1.0837911367416382,0.03883583843708038
37,1.3416925666937114,0.953125,0.880205363035202,0.5578860436442049,0.0,0.046875,0.0,61,0.03468701372333394,0.4148387312889099,0.681,1.0,64,1.0,50,0.78125,0.9035962279088826,49.025625000000005,31.539731732124405,-0.3712797588194443,0.5395628177218486,3.28125,1.9077862661996494,-0.3631285008327039,0.5963869907192566,3.0012246875000015,1.405225393443355,0.32651263081094334,0.6716078413239802,297.06215625000004,100.48132115771865,-0.31519738488239085,0.6671306511173148,1.0,0.9985448718070984,0.002015316393226385,1.0648607015609741,0.03458523377776146
38,1.4396674484950034,0.953125,0.9055313917457081,0.5956310546238764,0.0,0.046875,0.0,61,0.0399821082570363,0.4903480112552643,0.6940000000000001,1.0,64,1.0,46,0.71875,0.8941663964739464,47.01531250000001,33.035876850438584,-0.40567097958866394,0.5651579712448621,3.1875,1.919269066598011,-0.3924353898540337,0.5999765923931645,3.132358437500002,1.7131653321914277,0.3891861742674927,0.8187834321473527,302.90317187500006,90.25388608921418,-0.27641683828730523,0.5992271309615458,1.0,0.9986581802368164,0.008688456378877163,1.0648607015609741,0.03022455796599388
39,1.530411954282954,1.0,0.8543996145017445,0.628107027937352,0.0,0.0,0.0,64,0.056628396233287276,0.4889856278896332,0.7070000000000001,1.0,64,1.0,46,0.71875,0.893879339001403,50.27359375,31.32678358685202,-0.34993025778697445,0.5359198285465544,3.359375,1.898742902389631,-0.33870609331492907,0.5935599735506195,2.7140920312500016,1.4958170661894756,0.18928158991354843,0.7149048654589224,292.97726562500003,83.6926228242076,-0.3423184031074775,0.5556646082587906,1.0,1.0002374649047852,0.0030120480805635452,1.0,0.03379416838288307
40,1.4206823625996445,0.953125,0.8669843072773981,0.5964417861388936,0.0,0.046875,0.0,61,0.03382779244290873,0.4289451837539673,0.72,1.0,64,1.0,54,0.84375,0.9030013308918372,49.48828125,33.12255587939129,-0.3633649131255489,0.5666408240952394,3.25,2.0,-0.37289746383981387,0.625213632455036,2.421980625000001,1.688244962931991,0.04967102502264054,0.8068730898766973,276.39143750000005,107.09819410634272,-0.4524375196643077,0.7110623859682854,1.0,0.9990335702896118,0.0017316017765551805,1.0648607015609741,0.036988820880651474
41,1.4109929237461436,0.9375,0.8536735455195109,0.5779027938309783,0.0,0.046875,0.0,60,0.042803275828074513,0.447946161031723,0.7330000000000001,1.0,63,0.984375,42,0.6666666666666666,0.8992414353829439,53.513333333333335,37.63131121987359,-0.2945067357001365,0.6437739067920464,3.3968253968253967,2.200574834999793,-0.32699884399688467,0.687914693039681,2.053765396825398,1.54069890377848,-0.12631229814446282,0.7363555125924349,276.57468253968256,106.78970083608785,-0.45122089172561325,0.7090141912005494,0.984375,0.9988101124763489,0.001323334756307304,1.0837911367416382,0.03949947655200958
42,1.4162024495865344,0.90625,0.9004449854637014,0.6380955220125992,0.0,0.09375,0.0,58,0.04740791229990041,0.45470160245895386,0.746,1.0,64,1.0,46,0.71875,0.9073076685440802,46.8796875,30.47656686746957,-0.4079911707613426,0.5213748307424998,3.265625,1.8811747285605875,-0.3680129823362589,0.5880680426629906,2.1565773437500004,1.2469449019118224,-0.0771747647220488,0.5959598920788357,263.6072343750001,83.93611632752734,-0.5373163175994012,0.5572812468294316,1.0,0.9992762804031372,0.00046317739179357886,1.1180340051651,0.04054216295480728
43,1.3810587339583074,0.859375,0.8530847370624542,0.6688360776396146,0.0,0.109375,0.0,55,0.06258427241477461,0.4950745701789856,0.7590000000000001,1.0,62,0.96875,44,0.7096774193548387,0.8973133260287379,43.647741935483886,30.827938492142778,-0.4632813574479269,0.5273858857979579,2.693548387096774,1.6023038823923685,-0.5468480309341586,0.5008911153036698,2.7009190322580667,1.6326600726695655,0.18298573911408522,0.7803070682736422,264.33733870967745,94.80055324834204,-0.5324688994468039,0.6294140451793798,0.96875,0.9996387362480164,0.004741583485156298,1.1611261367797852,0.03634369373321533
44,1.4478250898409244,0.9375,0.8933554490407308,0.5816791889281648,0.0,0.046875,0.0,60,0.047075583438933685,0.48002782464027405,0.772,0.984375,63,0.96875,46,0.7301587301587301,0.9055169544890005,56.47952380952381,39.30501157223946,-0.2437629277049997,0.6724065687884949,3.5714285714285716,2.327982202205775,-0.2724167014809687,0.7277431044658733,2.566253015873017,1.8829917469288122,0.11862399829580779,0.8999495940554306,293.83242857142864,99.32442474573065,-0.3366406770715426,0.6594496110223762,0.984375,0.9995176196098328,0.012453299947082996,1.0837911367416382,0.034660231322050095
45,1.546852691969542,0.984375,0.8828663102218083,0.5990762055759589,0.0,0.015625,0.0,63,0.052134765684131584,0.45015019178390503,0.7850000000000001,1.0,64,1.0,50,0.78125,0.9026390342466739,47.61578125,29.84848864498249,-0.395398520283821,0.5106300451383251,3.3125,1.6665364532466729,-0.353359537825594,0.5209706547765424,3.058392500000002,1.6315432927197353,0.35383518797898456,0.779773318901592,303.15987500000006,93.8038988472928,-0.2747124964160803,0.6227969078661942,1.0,1.0009390115737915,0.0008203445468097925,1.023047924041748,0.03859676793217659
46,1.4458904631729455,0.953125,0.889249823621062,0.5618073559147343,0.0,0.046875,0.0,61,0.0514095921546357,0.3900246024131775,0.798,1.0,64,1.0,48,0.75,0.9122777956981099,48.056250000000006,30.76878549662791,-0.38786324503522535,0.5263739318216918,3.296875,1.9579939311384498,-0.35824401932914895,0.612082249005993,2.7094629687500014,1.7314883333012614,0.18706919417441303,0.8275406544971411,286.40400000000005,103.56656874249414,-0.38596061367803824,0.6876146894079607,1.0,0.9993880987167358,0.0,1.0648609399795532,0.038051970303058624
47,1.5828493927184524,1.0,0.8811466749757528,0.5993366794121104,0.0,0.0,0.0,64,0.04692608005134845,0.506833016872406,0.8109999999999999,1.0,64,1.0,46,0.71875,0.9017341740260072,49.26890625,30.69618843995474,-0.36711784907766953,0.5251319849088399,3.5625,1.869784412706449,-0.2752078337687145,0.5845073522880025,3.007939062500002,1.5737775828010931,0.32972167252099965,0.7521650050168412,311.9271718750001,95.77899365752701,-0.2165033446516751,0.6359102534272241,1.0,0.9992899894714355,0.00039047247264534235,0.9999998807907104,0.03878854960203171
48,1.4648926709092285,0.90625,0.9047450865137165,0.6504008596409918,0.0,0.09375,0.0,58,0.04917404450921102,0.5024329423904419,0.8240000000000001,1.0,64,1.0,50,0.78125,0.9056140811255787,42.39109375,31.802367743867922,-0.48477934105804504,0.5440558371214785,2.828125,1.7902050118282542,-0.504778464435798,0.5596302891421767,2.8587073437500017,1.5417717322220195,0.258398457786626,0.736868255956196,281.25523437500004,103.4680091848657,-0.42014507029426024,0.6869603180173687,1.0,0.9987622499465942,0.004426737315952778,1.1180338859558105,0.03944101184606552
49,1.39740114670425,0.890625,0.8852153185166811,0.6156096882178357,0.0,0.109375,0.0,57,0.047611864154096045,0.3927766978740692,0.837,1.0,64,1.0,55,0.859375,0.9119485772367014,40.12359375,26.187271082960535,-0.5235703713551784,0.44799613053070014,2.8125,1.757795138803154,-0.509662945939353,0.5494987419214621,2.7568265625000015,1.5999264504913777,0.20970596198703922,0.7646624909464863,265.838765625,104.21808126138409,-0.5225004007837342,0.6919403089950668,1.0,0.9985081553459167,0.001687763724476099,1.133455753326416,0.036538779735565186
50,1.4225717991292703,0.90625,0.9003017339213141,0.563917028183686,0.0,0.09375,0.0,58,0.043266821200445386,0.4572378098964691,0.8500000000000001,1.0,64,1.0,43,0.671875,0.9093148328412085,43.437031250000004,34.184634737320565,-0.46688606950284867,0.5848102323227494,2.984375,1.972404841652697,-0.45593364940024833,0.6165871978607914,2.883035156250002,1.4158472082875344,0.2700255958340131,0.676684389308188,277.7043125,108.48894590851118,-0.4437208831442639,0.7202960738282101,1.0,0.9993019104003906,0.001768346643075347,1.1180338859558105,0.04057450219988823
51,1.5166926040202506,0.9375,0.8701284915208817,0.6300700604350864,0.0,0.03125,0.0,60,0.05260766990802368,0.4343649744987488,0.863,1.0,62,0.96875,48,0.7741935483870968,0.8995621960657056,45.563548387096766,34.383289081385314,-0.4305068894841084,0.5882086917182391,2.9193548387096775,1.9452040866206353,-0.47625939501181574,0.608084056431234,2.732567096774194,1.5687806156152895,0.19811148932535555,0.7497767743739258,288.8130000000001,92.18265367193557,-0.3699664197320902,0.6120328938485124,0.96875,0.999596893787384,0.014705882407724857,1.0837911367416382,0.035086099058389664
52,1.5483351733334438,0.953125,0.913702205556338,0.6201184679970132,0.0,0.046875,0.0,61,0.035708082296036905,0.43280869722366333,0.8760000000000001,1.0,64,1.0,37,0.578125,0.9140365242082351,43.287343750000005,35.40465202670175,-0.46944683349297084,0.6056815565280027,2.703125,1.9817896544222346,-0.5438543164642378,0.619520954301568,2.787174687500002,1.7481295248940103,0.22421042427087023,0.8354940794884718,271.8963125,106.45875910048385,-0.48228222745230215,0.7068169532162991,1.0,0.998437762260437,0.0024119634181261063,1.0648607015609741,0.03424821421504021
53,1.4889359275368865,0.9375,0.8562666547795137,0.6040010930016154,0.0,0.0625,0.0,60,0.04387164942021439,0.39275234937667847,0.889,1.0,64,1.0,47,0.734375,0.9080326319295227,54.194218750000005,32.87658759496868,-0.2828585562836898,0.5624329461798386,3.390625,1.8253183583624528,-0.3289371303078191,0.5706069606093261,2.1826240625000013,1.5716666802461647,-0.06472609945106636,0.7511561286367419,276.763953125,97.97846101223443,-0.4499642580810179,0.6505132868223967,1.0,0.9969778060913086,0.0030421556439250708,1.0837911367416382,0.04249868169426918
54,1.5134605079601282,0.9375,0.8907487163941066,0.5771561371665909,0.0,0.0625,0.0,60,0.038037601743269575,0.35931384563446045,0.9020000000000001,1.0,64,1.0,38,0.59375,0.9034244061309735,50.59140625,34.18080998835401,-0.3444933121127484,0.5847448008109344,3.15625,2.009498926971597,-0.40220435286114364,0.6281830617732047,2.4932282812500013,1.8519656175521961,0.08372284677075392,0.8851210890536758,271.554140625,99.38904710763964,-0.48455402626160016,0.6598786614954428,1.0,0.9968595504760742,0.003137606428936124,1.0837911367416382,0.0435296893119812
55,1.520815515436618,0.921875,0.9115492317636135,0.5932953154771523,0.0,0.078125,0.0,59,0.04537131257986238,0.4427550435066223,0.915,0.984375,64,0.984375,44,0.6875,0.8992573213875183,49.33703125,36.98848231543197,-0.36595240742872037,0.6327767753662172,3.15625,1.9463005773775026,-0.40220435286114364,0.6084268269157611,2.6041075000000014,1.7938541614147472,0.13671602003664732,0.8573475305948217,290.40564062500005,108.46751050478314,-0.3593923213334001,0.720153756682284,1.0,0.9993444085121155,0.005231037270277739,1.1014959812164307,0.050062958151102066
56,1.6356089786377563,0.984375,0.9100407172763159,0.578793544587162,0.0,0.015625,0.0,63,0.04449890996926895,0.4328877925872803,0.9280000000000002,1.0,64,1.0,51,0.796875,0.8893036106668316,58.18265625000001,35.76009093782951,-0.21462675919406582,0.6117621922811833,3.59375,2.363252195069329,-0.26543887076160455,0.7387687446433162,2.6084368750000015,1.562477290553846,0.13878518432274614,0.7467641882383266,299.41348437500005,100.2451749625937,-0.29958609469483927,0.6655627938967145,1.0,1.0005993843078613,0.0033044195733964443,1.0230478048324585,0.04904314875602722
57,1.6206911557325945,0.96875,0.8745048272032891,0.586832593629776,0.0,0.03125,0.0,62,0.04581548673342359,0.418518602848053,0.9410000000000001,1.0,64,1.0,52,0.8125,0.9017842224258111,55.7059375,38.88989291571904,-0.25699697840849944,0.6653049677380037,3.5,2.038688303787511,-0.2947457597829343,0.6373078599272929,2.5064631250000016,1.6409763667439312,0.09004825540816634,0.7842817248213821,299.84145312500004,102.68962679917611,-0.29674466041077757,0.6817923649908727,1.0,1.0016130208969116,0.004017677623778582,1.0446386337280273,0.046580247581005096
58,1.5323824521221734,0.921875,0.8977782039319054,0.5869963375087263,0.0,0.0625,0.0,59,0.057707970985981766,0.4181442856788635,0.954,1.0,63,0.984375,51,0.8095238095238095,0.910018233425109,47.21492063492064,37.47817099571667,-0.4022562033111511,0.6411540756674683,3.1904761904761907,1.9988658916014623,-0.3915050124247851,0.6248591024393123,2.834132222222224,1.617242496436691,0.24665312184510718,0.7729384531457615,292.06911111111117,107.28213274162127,-0.34834795870234103,0.7122836189308417,0.984375,0.9992577433586121,0.016428880393505096,1.1014959812164307,0.03967439383268356
59,1.586589171690807,0.953125,0.8538476814989184,0.6206349471388063,0.0,0.046875,0.0,61,0.042702147189898454,0.39532241225242615,0.9670000000000001,1.0,64,1.0,49,0.765625,0.901312193041264,53.20640625,37.10527314139408,-0.29975746019345256,0.6347747627833389,3.234375,2.1267800448976852,-0.37778194534336884,0.6648459386516832,2.180025312500001,1.7079074915320078,-0.06596813570075585,0.8162705206729554,270.679203125,94.34699004740759,-0.49036304247811424,0.6264026803796743,1.0,0.9994779229164124,0.01696469448506832,1.0648608207702637,0.033072710037231445
60,1.6124483739844784,0.96875,0.8495271999028421,0.547971719755073,0.0,0.03125,0.0,62,0.0539887258405858,0.5141822695732117,0.98,1.0,64,1.0,53,0.828125,0.9039033420672258,62.5078125,41.340491404793966,-0.1406345796423195,0.7072283371915051,4.0,2.4937421679075005,-0.13844235166917535,0.7795607996018724,2.3064696875000013,1.750286944186733,-0.005535813499959281,0.836525187893413,310.6772812500001,114.43280282583825,-0.22480180586689816,0.7597594197487963,1.0,0.999681830406189,0.003407800104469061,1.0446386337280273,0.03514653071761131
61,1.5364998306259203,0.921875,0.8729764101868969,0.604122794413737,0.0,0.078125,0.0,59,0.04888634319036985,0.4751453399658203,0.9930000000000001,1.0,64,1.0,53,0.828125,0.9129949538724912,49.56,40.88753771780589,-0.36213799175658634,0.6994794771274907,3.375,2.4462982238476156,-0.3338216118113741,0.7647294993000353,2.6416603125000018,1.8051460339592076,0.1546638620386828,0.8627443232940395,285.85540625000004,108.3187102945111,-0.38960291954563264,0.7191658200188185,1.0,0.9984240531921387,0.0,1.1014961004257202,0.03425087407231331
62,1.62972266137507,0.96875,0.8812465446610604,0.5890571130058854,0.0,0.03125,0.0,62,0.045862582454662806,0.39566686749458313,1.006,1.0,64,1.0,48,0.75,0.9133312136790424,49.146249999999995,42.222698890081624,-0.3692161786520391,0.7223206138354528,3.4375,2.4677608777999542,-0.3142836857971542,0.7714388712198689,2.5218179687500015,1.764726232729865,0.0973868884224296,0.8434262440897745,297.3374687500001,108.58962005254136,-0.3133694888588357,0.7209644846978495,1.0,0.998430073261261,0.0008406893466599286,1.0446386337280273,0.034108199179172516
63,1.6096863872013403,0.921875,0.8958476754063267,0.640522497695332,0.0,0.078125,0.0,59,0.044649685917314684,0.43614453077316284,1.0190000000000001,0.96875,64,0.96875,42,0.65625,0.8987276125395868,39.16796875,33.566690761624436,-0.5399186308161256,0.574238817335689,2.5625,1.6189792308735773,-0.5878146499962325,0.5061039429018649,2.4147785937500013,1.569293424530476,0.04622891482200729,0.750021864229366,244.42100000000002,84.59744242237029,-0.6647004411719043,0.56167202218121,1.0,1.0002824068069458,0.0010346611961722374,1.1014961004257202,0.03765464946627617
64,1.6423423780711026,0.953125,0.8861487273310051,0.6337730356848955,0.0,0.046875,0.0,61,0.03892106818845924,0.3478376567363739,1.032,1.0,64,1.0,47,0.734375,0.9087663178624524,44.7178125,34.75027448042452,-0.4449752318963437,0.5944868578627751,3.0,1.8874586088176875,-0.45104916789669336,0.5900324264637177,2.5493217187500017,1.5471283971841552,0.11053192141998418,0.7394283991251863,266.382484375,88.48349157928989,-0.5188904617469771,0.5874728623220397,1.0,0.9995781183242798,0.0019093079026788473,1.0648608207702637,0.04277142882347107
65,1.582668345329647,0.9375,0.875786533455054,0.5923104464907506,0.0,0.0625,0.0,60,0.0591479898898102,0.4546695351600647,1.0450000000000002,1.0,64,1.0,48,0.75,0.9101491247813767,46.74859375,34.13684303959523,-0.4102338440261783,0.583992640616282,3.25,2.1213203435596424,-0.37289746383981387,0.6631391987988445,2.7614732812500016,1.8122348363226621,0.21192679628414804,0.8661323173305164,283.12742187500004,106.93579545847903,-0.4077149623747173,0.7099841645193475,1.0,0.9986674785614014,0.0027027027681469917,1.0837911367416382,0.03869213908910751
66,1.6570572368551415,0.953125,0.9043498444752615,0.597518692709518,0.0,0.046875,0.0,61,0.048446202089852425,0.35801708698272705,1.058,0.984375,64,0.984375,43,0.671875,0.903746362114146,45.258281249999996,35.813593375747686,-0.4357292166125935,0.6126774799064334,2.9375,2.060605190229317,-0.47058709391091325,0.6441592280194859,2.736399531250002,1.6832407702307395,0.19994314783175776,0.804481405899637,273.88371875000007,81.60540122202944,-0.4690871419347059,0.5418068136911653,1.0,0.9982560276985168,0.00776255689561367,1.0648608207702637,0.03851885721087456
67,1.6596139064390827,0.9375,0.8763814027110736,0.6271384844907774,0.0,0.0625,0.0,60,0.07105942801257656,0.5024724006652832,1.0710000000000002,1.0,64,1.0,50,0.78125,0.9114763493546032,39.36921875,28.95127163143527,-0.5364757664953766,0.49528099448535334,2.84375,1.4707433282187616,-0.499893982932243,0.4597643893223306,2.6858004687500014,1.8455138459285123,0.17576003293986744,0.8820375549579249,272.43156250000004,90.03205183951772,-0.47872851541013994,0.5977542957546139,1.0,0.9999700784683228,0.0,1.0837911367416382,0.038855813443660736
68,1.6668204669294195,0.953125,0.889554110218267,0.5673472710277998,0.0,0.046875,0.0,61,0.0688671942856286,0.44847333431243896,1.084,1.0,64,1.0,45,0.703125,0.9047177157071526,42.73703125,29.70261429359415,-0.4788612497489317,0.5081345142081025,3.125,1.80710403685012,-0.4119733158682536,0.5649130395516114,2.9672240625000015,1.9704412621508482,0.3102625071891653,0.9417448679076802,282.31534375,93.13903375049367,-0.4131066332051499,0.6183826358420778,1.0,0.9988054037094116,0.0,1.0648607015609741,0.03979220986366272
69,1.7616062525997938,0.984375,0.9018027484416962,0.6079496147368807,0.0,0.015625,0.0,63,0.05792556957033165,0.44484031200408936,1.097,1.0,64,1.0,54,0.84375,0.9069088840792663,45.64078125,40.59654065868357,-0.4291856359781266,0.6945012739359624,3.125,2.1396553460779613,-0.4119733158682536,0.6688708455616197,3.4006415625000024,1.5821069185644308,0.5174083450919092,0.7561458946575914,311.80043750000004,113.74348795162895,-0.21734477851359688,0.7551828170971026,1.0,1.0001221895217896,0.0070074195973575115,1.023047924041748,0.04261980205774307
70,1.6220044356038086,0.9375,0.8887352978189786,0.5513693302412681,0.0,0.046875,0.0,60,0.04485333637369582,0.33920571208000183,1.1099999999999999,1.0,63,0.984375,44,0.6984126984126984,0.910084375515642,46.66380952380954,36.092497062654,-0.41168428172711463,0.6174487969378623,3.126984126984127,2.035339084826958,-0.41135306424875456,0.6362608712511856,2.82937396825397,1.642907175757078,0.24437898084893586,0.785204528009667,285.37806349206346,99.59484433058809,-0.392772165145106,0.6612450212701937,0.984375,0.9998090267181396,0.013931214809417725,1.0837910175323486,0.04561410844326019
71,1.7958848708441812,0.984375,0.8930248816808065,0.6167725926118538,0.0,0.015625,0.0,63,0.05305789867110174,0.416022390127182,1.123,1.0,64,1.0,51,0.796875,0.9068777027147303,49.362812500000004,35.655649467718916,-0.365511357263407,0.6099754702386972,3.34375,2.063210105030508,-0.34359057481848404,0.6449735421420302,2.8350225000000018,1.4947218221555907,0.2470786176689813,0.714381408876973,288.78232812500005,82.21327991401674,-0.3701700610427738,0.5458427330333213,1.0,0.9993164539337158,0.012539184652268887,1.023047924041748,0.05133668705821037
72,1.742250194268531,0.953125,0.8909136975397829,0.6326354255840722,0.0,0.046875,0.0,61,0.045681099173931754,0.4047762155532837,1.136,1.0,64,1.0,49,0.765625,0.8997395129328714,40.204687500000006,29.622861102573193,-0.5221830681079199,0.5067701444399937,2.875,1.7001838135919305,-0.4901250199251331,0.5314890489685333,2.785808437500002,1.6073521899921508,0.22355744417423207,0.7682115193796603,267.602796875,95.44426412394762,-0.5107883800534673,0.6336878669268067,1.0,0.9989245533943176,0.0,1.0648608207702637,0.048992402851581573
73,1.6339816386844936,0.90625,0.8847573475334151,0.5849136430142129,0.0,0.0625,0.0,58,0.05302874021974074,0.4498908817768097,1.149,1.0,62,0.96875,40,0.6451612903225806,0.9028575546208162,40.6133870967742,31.326651898546974,-0.5151912804823879,0.5359175757019984,2.903225806451613,1.7571024298575895,-0.48130144043484024,0.5492821963834168,2.673814677419356,1.4371266753454324,0.17003159145304697,0.6868546132466125,267.48506451612906,84.1690235867343,-0.5115700463803649,0.558827599621119,0.96875,0.9981217384338379,0.004227336961776018,1.1180338859558105,0.04424739256501198
74,1.6757443110955064,0.90625,0.907783919367297,0.6114042856944869,0.0,0.09375,0.0,58,0.03822821023995112,0.37379515171051025,1.162,1.0,64,1.0,44,0.6875,0.9009073440437937,40.566562499999996,31.606878811163778,-0.5159923276057039,0.540711529685412,2.734375,1.804873502319484,-0.5340853534571278,0.5642157592535038,2.7913914062500016,1.8482579521495277,0.22622574607644766,0.8833490621823594,260.168265625,91.54266215818491,-0.5601488344784193,0.6077837662459019,1.0,0.9998694658279419,0.00657894741743803,1.1180340051651,0.044905755668878555
75,1.7230250753931349,0.9375,0.8912718479832014,0.61009272644599,0.0,0.0625,0.0,60,0.05118276046147412,0.42476868629455566,1.175,1.0,64,1.0,46,0.71875,0.9106825494242672,48.0946875,39.58061263772131,-0.38720567933421285,0.6771213865530059,3.09375,2.170244441877458,-0.42174227887536353,0.6784332054107789,2.6649214062500013,1.7343125624489781,0.16578117676496384,0.8288904553548202,276.943453125,103.97077360262868,-0.44877249477122216,0.6902983469118571,1.0,0.9985818266868591,0.00569925457239151,1.0837910175323486,0.042463336139917374
76,1.8744790285292852,1.0,0.8937032502144575,0.6116444506119683,0.0,0.0,0.0,64,0.04826055273937041,0.5124541521072388,1.1880000000000002,1.0,64,1.0,45,0.703125,0.8899514048238253,56.36265625,33.08021894020407,-0.2457622278338818,0.5659165491269045,3.5,1.6770509831248424,-0.2947457597829343,0.524257568485886,2.474187812500001,1.564301586834631,0.074622720787655,0.7476360851545011,296.77521875,83.57320402767958,-0.31710246334871117,0.5548717450821775,1.0,1.0013463497161865,0.00124895921908319,0.9999999403953552,0.043123140931129456
77,1.702385797571436,0.921875,0.8658772696882991,0.6092482168291414,0.0,0.0625,0.0,59,0.05712911777079602,0.5953898429870605,1.201,1.0,63,0.984375,48,0.7619047619047619,0.9048682660126367,51.87063492063492,41.84595324247589,-0.32260903510301936,0.7158754752111586,3.2698412698412698,2.3176777458341564,-0.3666949476448234,0.7245218611665863,2.6608068253968273,1.798999538458544,0.16381467033998262,0.8598066916556069,295.80469841269854,101.6592998893285,-0.32354608746796665,0.6749516641092489,0.984375,1.0006310939788818,0.0,1.1014962196350098,0.04167790338397026
78,1.7976688119838862,0.96875,0.8899219002454511,0.6101876013845033,0.0,0.03125,0.0,62,0.05660853346165379,0.43424493074417114,1.214,1.0,64,1.0,47,0.734375,0.9024433348834862,56.06515625,39.85436832990314,-0.2508516794384671,0.6818046347776754,3.453125,2.128157121637169,-0.30939920429359924,0.6652764222269142,2.4438589062500014,1.579241538473768,0.060127443836839746,0.7547764262817409,297.95940625000003,99.3878642405788,-0.30924022817089175,0.6598708080271227,1.0,0.9992037415504456,0.0012180268531665206,1.0446386337280273,0.0462726466357708
79,1.6479378031971048,0.90625,0.8608379315199524,0.5865622072248118,0.0,0.078125,0.0,58,0.05028605995368855,0.4662160277366638,1.227,1.0,63,0.984375,49,0.7777777777777778,0.9095469023891607,47.0473015873016,37.09171850437046,-0.40512372946531505,0.634542878181156,3.2222222222222223,2.0349676838777584,-0.3815809865128004,0.6361447687829124,2.90692650793651,1.6179695338844569,0.28144413353433867,0.7732859305348935,286.97901587301595,103.48747127152333,-0.38214288209023634,0.6870895336207705,0.984375,0.9993448853492737,0.0036348949652165174,1.1180340051651,0.04143400862812996
80,1.801431896076498,0.9375,0.9027212669452032,0.6345137282352514,0.0,0.0625,0.0,60,0.05961696836293244,0.4666905403137207,1.24,1.0,64,1.0,48,0.75,0.900762487592897,44.991718750000004,27.36886441256558,-0.4402894080188027,0.46821012067297124,2.984375,1.5154639089648423,-0.45593364940024833,0.47374434768920853,2.800444843750002,1.651296051473654,0.23055271002422945,0.7892138739391049,278.0450312500001,95.71185994496209,-0.4414587321403113,0.6354645292183926,1.0,0.997401237487793,0.007388092111796141,1.0837910175323486,0.042148709297180176
81,1.7900198705558577,0.953125,0.8778725251799724,0.6129484610436595,0.0,0.015625,0.0,61,0.03947572410236329,0.4339042007923126,1.2530000000000001,1.0,62,0.96875,49,0.7903225806451613,0.8996120570564409,50.49241935483871,40.71859623845833,-0.34618672055782923,0.6965893276043094,3.161290322580645,2.5028599666155906,-0.40062871366644853,0.7824110856270118,2.6715358064516144,1.7111923790129782,0.16894243691709712,0.8178404867441496,277.49454838709676,103.16737222601854,-0.4451135804895002,0.684964284050112,0.96875,0.9981951117515564,0.0026212320663034916,1.0648608207702637,0.04339149221777916
82,1.6672011316733075,0.890625,0.8924259349965212,0.5969493817562672,0.0,0.109375,0.0,57,0.05525126658601465,0.4627547562122345,1.266,1.0,64,1.0,53,0.828125,0.9131653284925001,44.814375,40.01779588020029,-0.44332329854989744,0.6846004553090813,2.953125,2.1464337246640066,-0.4657026124073583,0.6709898129105881,2.552603750000001,1.7254541362896516,0.11210052239549655,0.8246566943523843,268.5414218750001,104.22081674109742,-0.5045565202392224,0.6919584708020698,1.0,0.9980682730674744,0.0013428827514871955,1.1334558725357056,0.04711698368191719
83,1.8059856328259847,0.9375,0.8918950408697128,0.648187282563536,0.0,0.046875,0.0,60,0.04928078246428469,0.4874654710292816,1.279,1.0,63,0.984375,52,0.8253968253968254,0.9054849716177493,40.2488888888889,34.09100123833412,-0.5214268972521032,0.5832084065692722,2.7936507936507935,1.8357882279112332,-0.5155553363245939,0.5738799131952879,2.7286638095238116,1.64934042133099,0.19624596772538427,0.7882792078387973,266.9042380952381,91.31293299430637,-0.5154263562287088,0.6062585139411639,0.984375,0.9981312155723572,0.000458085210993886,1.0837911367416382,0.052863940596580505
84,1.7313102573436323,0.90625,0.8628033666775144,0.6229873740592344,0.0,0.0625,0.0,58,0.04662344604687541,0.4731324315071106,1.292,1.0,62,0.96875,51,0.8225806451612904,0.8993417617286527,42.182419354838714,31.93329043013121,-0.48834921747918614,0.5462955839304845,2.903225806451613,1.7105901398145613,-0.48130144043484024,0.5347421374776149,2.680798870967744,1.9537524849047057,0.17336958916808104,0.9337687000182331,271.4715967741936,82.52786114152893,-0.48510206377045995,0.5479313478795581,0.96875,0.9976706504821777,0.004312410019338131,1.1180341243743896,0.043658919632434845
85,1.7044029795980835,0.875,0.9025854457701955,0.6262507917288923,0.0,0.09375,0.0,56,0.03632928026817742,0.4070803225040436,1.305,0.984375,62,0.953125,44,0.7096774193548387,0.9011248537924972,45.961451612903225,33.711330575685416,-0.42369979969906524,0.5767132285416036,2.903225806451613,1.7934439514732436,-0.48130144043484024,0.56064280375255,2.528323387096776,1.6221827625316028,0.10049606221986612,0.7752995842945799,266.6280161290323,106.89217575797562,-0.5172602905166402,0.7096945580645049,0.96875,0.9995602965354919,0.004253308288753033,1.1478066444396973,0.04159494861960411
86,1.8086825828713844,0.9375,0.8910388067364693,0.6534726453337754,0.0,0.0625,0.0,60,0.036898058228057695,0.40751737356185913,1.318,1.0,64,1.0,56,0.875,0.9066022555621344,38.189375,25.872243565438524,-0.5566598258788974,0.44260682866669704,2.890625,1.7510460043571099,-0.48524053842157816,0.5473889164899928,2.6958529687500015,1.7482572567610735,0.1805644848494404,0.8355551271495139,274.88453125000007,92.00832477315046,-0.4624423975476039,0.6108754632891299,1.0,0.9976264834403992,0.006523765157908201,1.0837911367416382,0.0411837100982666
87,1.8136204919929717,0.953125,0.8598995047514556,0.6290980685999611,0.0,0.046875,0.0,61,0.034268275183980665,0.3909291923046112,1.331,1.0,64,1.0,46,0.71875,0.8973926021505167,47.05515625,34.21718884530969,-0.40498935660590707,0.585367148481207,3.0625,1.8016919131749467,-0.4315112418824735,0.5632211728004859,2.4880809375000013,1.328704907648233,0.08126274575022012,0.6350359443729906,264.69118750000007,85.71979810713133,-0.5301195735107479,0.56912373430176,1.0,0.9996141195297241,0.003309692721813917,1.0648608207702637,0.03893478959798813
88,1.8676362395630637,0.96875,0.8900493320918852,0.5985641077126098,0.0,0.03125,0.0,62,0.03323341698458864,0.39061933755874634,1.344,1.0,64,1.0,46,0.71875,0.9047097540055471,45.843125,33.96599617977331,-0.42572406043824323,0.5810698949865039,3.03125,1.9523123309296595,-0.4412802048895834,0.6103061420536454,2.791391562500002,1.7271972579661214,0.2262258207539521,0.825489795000694,276.84445312500003,96.93831091729326,-0.44942979041283637,0.6436073663776541,1.0,1.000247597694397,0.0026773761492222548,1.0446386337280273,0.04310499504208565
89,1.9143737188332624,0.96875,0.8879393882328465,0.622144294396944,0.0,0.03125,0.0,62,0.0409718592161149,0.4508667588233948,1.357,1.0,64,1.0,44,0.6875,0.8963077927604618,46.104375000000005,29.7039895192443,-0.4212547520964015,0.5081580407438734,2.828125,1.6158848920560525,-0.504778464435798,0.5051366314957891,3.0176896875000017,1.6217531582643925,0.3343818474924772,0.775094260938006,286.5358281250001,100.29257213438017,-0.3850853606274857,0.6658774803052002,1.0,1.0013000965118408,0.005291005130857229,1.0446385145187378,0.0362422950565815
90,1.8568920930627464,0.953125,0.9069261863583424,0.590893365956266,0.0,0.03125,0.0,61,0.044637442741116654,0.37429913878440857,1.37,1.0,63,0.984375,52,0.8253968253968254,0.9015095894802787,44.52825396825396,35.131672751019224,-0.4482180855889746,0.6010115907712265,3.2063492063492065,1.886953790693788,-0.3865429994687928,0.5898746168772315,3.460418253968256,1.7348254021480742,0.5459777795084826,0.829135559923,315.41263492063496,101.62199256321207,-0.19336213587487255,0.6747039677167579,0.984375,1.0000808238983154,0.0012259910581633449,1.0648608207702637,0.039776671677827835
91,1.9243415695435964,0.96875,0.904207867960776,0.6159844419289271,0.0,0.03125,0.0,62,0.05534003212810966,0.4169396162033081,1.383,1.0,64,1.0,51,0.796875,0.9044998913540787,48.5315625,34.251463527980725,-0.37973188380563067,0.5859534991995825,3.140625,2.0299875884780674,-0.4070888343646986,0.6345879570155056,3.1864893750000025,1.699101547211677,0.41505729946409564,0.812061842632129,301.4160937500001,96.57979299582405,-0.2862900703105622,0.6412270404461154,1.0,0.997007429599762,0.0016778523568063974,1.0446386337280273,0.04043221473693848
92,1.924964090353834,0.96875,0.9005708170513953,0.6213499455414363,0.0,0.03125,0.0,62,0.03143067020947958,0.3614030182361603,1.3960000000000001,1.0,64,1.0,52,0.8125,0.905045232717709,46.5278125,32.60742800099149,-0.41401083726004323,0.5578283252472109,3.140625,1.9110467313425383,-0.4070888343646986,0.5974062343469959,2.9975189062500016,1.683057713727569,0.3247415044440673,0.8043939166018288,293.7010156250001,96.9163775882482,-0.3375131736062818,0.6434617433313166,1.0,0.9991218447685242,0.0021673168521374464,1.0446385145187378,0.03835763782262802
93,1.837950870529229,0.9375,0.8862711019814015,0.600742324984148,0.0,0.0625,0.0,60,0.037506697856654975,0.38882526755332947,1.409,1.0,64,1.0,54,0.84375,0.9049676824377823,55.02484375,33.57157935815034,-0.268648721866686,0.5743224485136148,3.65625,1.7872705272286007,-0.24590094474738466,0.5587129492542104,2.6799135937500016,2.0885307794418915,0.1729464832920021,0.9981841026104407,310.9426875000001,116.36276765785573,-0.22303968090344156,0.7725731315927755,1.0,0.999193012714386,0.0,1.0837911367416382,0.03812045603990555
94,1.8912880838221628,0.953125,0.8813869254510911,0.5942180015442461,0.0,0.03125,0.0,61,0.03418380793001745,0.41745373606681824,1.422,0.984375,63,0.96875,47,0.746031746031746,0.8949728771839147,54.34333333333333,37.30663258618546,-0.28030759340835254,0.6382194994199503,3.5873015873015874,1.7148735029929527,-0.2674546885249764,0.536081146003558,2.682234285714287,1.7741502686519615,0.17405562558887772,0.8479303303749574,302.8012222222222,98.21293498255277,-0.27709371770584046,0.6520700415573689,0.984375,0.9990241527557373,0.0,1.0648608207702637,0.03760698810219765
95,1.9048827610268337,0.9375,0.8880830685297648,0.6000803107256204,0.0,0.046875,0.0,60,0.052364256497245125,0.4635799825191498,1.4349999999999998,1.0,63,0.984375,48,0.7619047619047619,0.9062889518030189,55.24174603174604,31.34699623794678,-0.26493808769569244,0.5362656144609986,3.507936507936508,1.717075918605369,-0.2922647533049382,0.5367696361361652,2.2624263492063506,1.67662729900323,-0.026585711611762024,0.8013205897376958,280.23380952380955,97.96653654163617,-0.42692666729349293,0.6504341160895403,0.984375,0.9982771873474121,0.00041911148582585156,1.0837911367416382,0.03800597041845322
96,1.8911892292548613,0.9375,0.8750599677364032,0.6085129215140299,0.0,0.0625,0.0,60,0.04576964394095012,0.48444023728370667,1.448,1.0,64,1.0,47,0.734375,0.9054604954803382,52.733125,41.32349981680369,-0.3078540720160832,0.7069376552931469,3.1875,2.207055447876197,-0.3924353898540337,0.6899405767981768,2.355026250000001,1.75284864368378,0.017671117057158108,0.8377495163729295,279.138203125,108.95972925124967,-0.4342007815446266,0.7234217691749436,1.0,0.9979105591773987,0.0030647986568510532,1.0837911367416382,0.03594576567411423
97,1.9326933730687839,0.953125,0.902478926250192,0.5760002353261751,0.0,0.046875,0.0,61,0.04946023988442923,0.41944101452827454,1.4609999999999999,1.0,64,1.0,53,0.828125,0.911195754353646,53.8396875,39.1605112393511,-0.2889236643145744,0.669934543742842,3.328125,1.8879112755569314,-0.348475056322039,0.5901739331718847,2.721215625000002,1.8680750789054865,0.19268621200707847,0.8928203810070215,296.06193750000006,110.97385460279533,-0.32183818715548057,0.7367942521571235,1.0,0.9984877109527588,0.0034467901568859816,1.0648608207702637,0.0406598299741745
98,1.9976107455594385,0.96875,0.843403390338344,0.6663373414214527,0.0,0.03125,0.0,62,0.051622686272611115,0.49046558141708374,1.474,1.0,64,1.0,49,0.765625,0.8921947173848028,43.616718750000004,28.999208828361137,-0.46381208350218,0.49610107530489517,2.796875,1.6025340041244054,-0.5145474274429079,0.5009630529256666,2.4815653125000017,1.6162418508920338,0.07814869382549401,0.7724602085898964,259.23435937500005,86.64103739989633,-0.5663493648602508,0.5752401643221466,1.0,0.99880450963974,0.00047755491686984897,1.0446385145187378,0.03917205333709717
99,1.9335248447493443,0.921875,0.8926428182650421,0.6451259755838266,0.0,0.078125,0.0,59,0.058850284322340546,0.3225597143173218,1.4869999999999999,1.0,64,1.0,46,0.71875,0.9043444674075187,43.223906250000006,34.78777675137793,-0.4705320842027721,0.5951284242260674,2.984375,1.9881853181670466,-0.45593364940024833,0.6215202823824953,2.7418318750000017,1.3366621890270605,0.2025394606199342,0.6388390158194485,272.2735156250001,95.67375342929623,-0.47977784391628375,0.6352115267268342,1.0,0.9977035522460938,0.0026490066666156054,1.1014961004257202,0.042787108570337296
100,1.9938974060932824,0.96875,0.8770566734094773,0.6036578176280117,0.0,0.03125,0.0,62,0.05320928326820028,0.3960973620414734,1.5,1.0,64,1.0,50,0.78125,0.9055376620047518,41.70609375,32.00033874904625,-0.49649791029885487,0.5474426063650624,2.78125,1.780701669988547,-0.519431908946463,0.5566594797061442,2.7587296875000016,1.759103446698746,0.21061553398807445,0.8407389120744222,269.817328125,84.42375938310683,-0.49608533218635986,0.5605188797091878,1.0,0.9980578422546387,0.000900495273526758,1.0446386337280273,0.04488828033208847
101,1.9171675719076124,0.9375,0.8696751077969869,0.5911552210292083,0.0,0.03125,0.0,60,0.05118548966546774,0.40825167298316956,1.5,1.0,62,0.96875,52,0.8387096774193549,0.9054677638734125,43.08887096774193,30.346307906630024,-0.47284218683794516,0.5191464385500412,2.725806451612903,1.7975732282513885,-0.5367639400881097,0.5619336438194881,2.888374354838712,1.8085112857368335,0.27257739119388547,0.8643526983578753,271.59029032258076,99.75327442897715,-0.4843140157700294,0.6622968941305135,0.96875,0.9983460903167725,0.0033301617950201035,1.0837910175323486,0.045759398490190506
102,1.9430972916112055,0.921875,0.8918792398299201,0.6753050681932999,0.0,0.078125,0.0,59,0.05462774499784354,0.36670875549316406,1.5,1.0,64,1.0,48,0.75,0.9048164978946579,42.554218750000004,29.92498161051479,-0.48198869637569886,0.5119386409237634,2.734375,1.6605927734923454,-0.5340853534571278,0.5191126199718661,2.7111067187500018,1.439337945924549,0.18785480151849285,0.6879114591214117,266.38621875,89.57779189192712,-0.518865667924637,0.5947383050100559,1.0,0.9979450702667236,0.006647673435509205,1.1014962196350098,0.0469040684401989
103,1.9698788144497525,0.96875,0.8735146166816834,0.6145798649588153,0.0,0.03125,0.0,62,0.049094459804428024,0.35007691383361816,1.5,1.0,64,1.0,47,0.734375,0.904693912133425,43.94453125,32.94946907433067,-0.45820406382443857,0.5636797588254971,2.6875,1.8360538526960477,-0.5487387979677927,0.5739629493135798,2.7171012500000016,1.9165729326387357,0.19071980396674515,0.9159992525294187,264.300546875,94.30793075925038,-0.5327131733112531,0.6261433520981562,1.0,1.0014636516571045,0.011183597147464752,1.0446386337280273,0.04504226893186569
104,1.8517165752354523,0.890625,0.8747935561757338,0.6250329392649239,0.0,0.09375,0.0,57,0.057499419925627855,0.3812328577041626,1.5,1.0,63,0.984375,40,0.6349206349206349,0.9057243358062427,40.27539682539684,28.1422991144239,-0.5209734153697685,0.48144157776344104,2.7142857142857144,1.665986255670086,-0.5403654011045556,0.5207986592638294,2.566649682539684,1.5205794492169273,0.11881357958644517,0.7267397004175712,257.179253968254,93.5473904657494,-0.5799939287684543,0.6210938589649214,0.984375,1.0009009838104248,0.021297192201018333,1.1334556341171265,0.04163162037730217
105,1.9397206855222597,0.953125,0.8577895882676859,0.6107555598840044,0.0,0.046875,0.0,61,0.05479034025672779,0.40539300441741943,1.5,1.0,64,1.0,50,0.78125,0.8918430040171748,45.46578125,32.4809718722308,-0.4321794310396474,0.555664989625595,2.828125,1.5667909829887967,-0.504778464435798,0.4897895408861111,3.1283039062500015,2.0113175130827012,0.38724836771126414,0.9612811008692046,293.63864062500005,100.60073119195125,-0.33792730305724855,0.6679234561179825,1.0,0.999048113822937,0.007741935551166534,1.0648607015609741,0.04017411917448044
106,1.9131167401893898,0.9375,0.873236391445001,0.5976607640173424,0.0,0.0625,0.0,60,0.061771562988554955,0.436064749956131,1.5,1.0,64,1.0,49,0.765625,0.9123603970142776,51.21421875,34.227584992073986,-0.33383860933130044,0.5855449995260171,3.203125,1.9699277231347854,-0.38755090835047873,0.6158128337274889,2.846421093750002,1.8386747865931856,0.25252641627715183,0.8787689221120365,291.65459375000006,112.39810663909657,-0.35110008450872277,0.7462503597937001,1.0,0.9986481666564941,0.002862985711544752,1.0837910175323486,0.04001530259847641
107,1.9763900154863552,0.984375,0.8587207377903046,0.6075284889971263,0.0,0.015625,0.0,63,0.05138219254350457,0.33704766631126404,1.5,1.0,64,1.0,52,0.8125,0.9025191717819118,53.187031250000004,36.333140161552556,-0.3000889160752637,0.6215655747725568,3.390625,1.808117006549908,-0.3289371303078191,0.565229700784397,2.671482343750001,1.716979063313986,0.16891688516590517,0.8206061516474148,297.314546875,88.17831131433519,-0.31352167520767577,0.5854466637557627,1.0,0.99994295835495,0.01771058328449726,1.0230478048324585,0.04309169203042984
108,1.9599950176183627,0.96875,0.8499152631528916,0.5981518887290708,0.0,0.03125,0.0,62,0.04837784713891341,0.3965741991996765,1.5,1.0,64,1.0,43,0.671875,0.9026302816606732,48.656875,29.791944636669406,-0.37758811269907744,0.5096627241506321,3.109375,1.4482444922646867,-0.41685779737180856,0.45273109984590204,2.5994279687500015,1.4811185851369446,0.1344795034636587,0.707879931824438,272.81242187500004,94.60078211354231,-0.476199856750994,0.6280876947124686,1.0,1.0001240968704224,0.009918846189975739,1.0446386337280273,0.05237020552158356
109,2.012005424518943,0.96875,0.8903904413023302,0.6375451133070669,0.0,0.03125,0.0,62,0.056749600166478335,0.42013019323349,1.5,1.0,64,1.0,53,0.828125,0.9096737459070312,51.41765625000001,35.612580236053326,-0.3303583225722824,0.6092386676497605,3.328125,1.8796167120918563,-0.348475056322039,0.5875809960950705,2.7335135937500015,1.4249794208232978,0.19856385432936682,0.6810490026835746,286.86975,86.40019650784227,-0.38286833645498947,0.5736411373658876,1.0,0.9996273517608643,0.004961660131812096,1.0446385145187378,0.05285530164837837
110,1.8816188781291059,0.921875,0.8599469272767083,0.6138722017434095,0.0,0.0625,0.0,59,0.04173352480605029,0.4350370764732361,1.5,1.0,63,0.984375,47,0.746031746031746,0.9055744577809534,54.89666666666667,33.751836164043645,-0.27084149854716294,0.5774061738581228,3.1904761904761907,1.7804684853180872,-0.3915050124247851,0.5565865845887187,2.52698031746032,1.613444320030288,0.09985416085408044,0.771123167804937,270.7727777777777,92.65765095701092,-0.4897417676151208,0.6151865670329432,0.984375,0.9991112947463989,0.005260850302875042,1.1014961004257202,0.044448092579841614
111,1.8531209456998403,0.90625,0.8670712914960138,0.6128842125400596,0.0,0.078125,0.0,58,0.04694190706594818,0.40249720215797424,1.5,0.984375,63,0.96875,45,0.7142857142857143,0.9050993815420695,56.20460317460318,38.56456210356025,-0.2484661050714885,0.6597394032877093,3.365079365079365,2.0877692758676036,-0.3369228699088693,0.6526509063466023,2.069560317460318,1.7289054220756097,-0.11876333653232712,0.8263061881683333,257.1692698412698,84.61726249153958,-0.5800602168811011,0.5618036145557703,0.984375,0.9996188282966614,0.006094702519476414,1.1180340051651,0.04031950607895851
112,2.010056615768923,0.984375,0.8875600000222524,0.582692552249249,0.0,0.015625,0.0,63,0.051790133119045206,0.3854651153087616,1.5,1.0,64,1.0,54,0.84375,0.9050654953295032,51.829062500000006,39.174167298056176,-0.32332023114640374,0.6701681634063339,3.578125,2.4862414372652952,-0.2703233522651595,0.7772160200764324,2.7872310937500018,1.7895173066772072,0.2242373828498827,0.8552747914726815,306.57703125000006,114.68334785848506,-0.2520248003570901,0.7614228758900777,1.0,0.9995331764221191,0.00041597336530685425,1.0230478048324585,0.041352786123752594
113,1.906881276815564,0.921875,0.8690041697631448,0.6171161547208246,0.0,0.078125,0.0,59,0.0487504738749268,0.4336499273777008,1.5,1.0,64,1.0,49,0.765625,0.8925366714485916,50.67609375,34.88645943526959,-0.3430445291454768,0.5968166284071672,3.296875,2.2338286045207227,-0.35824401932914895,0.6983100480571826,2.5040748437500016,1.7236130872276638,0.08890680975662096,0.8237767906785236,280.09950000000003,99.86471136930712,-0.4278183952190211,0.663036762970854,1.0,0.9991151690483093,0.0009233610471710563,1.1014961004257202,0.03770788013935089
114,1.9543927760725168,0.953125,0.8636352327026304,0.6343080098559467,0.0,0.046875,0.0,61,0.036045334897568296,0.3947218060493469,1.5,1.0,64,1.0,51,0.796875,0.9058467026493084,53.863749999999996,34.62370338276222,-0.2885120174936153,0.5923215554221314,3.328125,1.9689360031181815,-0.348475056322039,0.6155028152905092,2.4063145312500014,1.7211589794370128,0.04218363442003076,0.8226038841516804,280.33556250000004,90.20044041585858,-0.42625109367964154,0.5988722864346794,1.0,0.9990776777267456,0.0026821636129170656,1.0648608207702637,0.04021148383617401
115,2.043786100766675,0.96875,0.8895894337084985,0.6372701061281975,0.0,0.03125,0.0,62,0.04592051503674131,0.3464083671569824,1.5,1.0,64,1.0,46,0.71875,0.8959695190149177,52.54906249999999,36.62424929771385,-0.3110029028932901,0.6265456953108612,3.421875,2.1050882367195443,-0.3191681673007092,0.6580649315588964,2.5600987500000008,1.5084397233715756,0.11568265291648608,0.7209376880804022,276.58762500000006,87.73114297679952,-0.4511349622028005,0.5824777566918223,1.0,0.999994695186615,0.0009195402381010354,1.0446385145187378,0.03608879819512367
116,2.080736229176744,1.0,0.8715026983991265,0.6282612460889596,0.0,0.0,0.0,64,0.050655325557402764,0.3727201223373413,1.5,1.0,64,1.0,55,0.859375,0.8895709157087092,49.82265625,30.199411896290897,-0.3576446261330003,0.5166334296911247,3.28125,2.003658762738805,-0.3631285008327039,0.6263573866261458,2.8151339062500016,1.6638698936784189,0.2375731421931386,0.7952233661242679,295.5475156250001,100.10735051573897,-0.32525361398768804,0.6646477291671639,1.0,0.9987618327140808,0.002223210409283638,0.9999999403953552,0.03720898926258087
117,1.867613914050915,0.90625,0.8931200262801401,0.5995340722410061,0.0,0.09375,0.0,58,0.044695788682996854,0.42863187193870544,1.5,1.0,64,1.0,52,0.8125,0.8989048659432756,53.13875,32.69334472125023,-0.3009148827484869,0.559298136977569,3.453125,2.1060158438091108,-0.30939920429359924,0.658354907857876,2.7829404687500015,1.9639084484520528,0.22218673858482296,0.9386226008845454,302.9788125000001,107.23559399618608,-0.27591463371011815,0.7119746319152787,1.0,0.9990473985671997,0.00042337001650594175,1.1180338859558105,0.03810305893421173
118,1.9804107280822962,0.953125,0.910986700507461,0.6071195669317885,0.0,0.046875,0.0,61,0.057632864995666236,0.4126456379890442,1.5,1.0,64,1.0,52,0.8125,0.9066139510187551,52.89203125,32.28422027378892,-0.30513559917897015,0.5522990812612428,3.46875,1.6674151964942625,-0.30451472279004427,0.5212453559054527,2.8089868750000013,2.075073154702832,0.23463525450079656,0.9917522189122671,293.34757812500004,97.31687094146451,-0.33985976884196945,0.64612075884207,1.0,0.9999380111694336,0.001682085799984634,1.0648607015609741,0.03918568044900894
119,1.8793020539973655,0.921875,0.8583956810377412,0.6229935758350934,0.0,0.078125,0.0,59,0.047150856503265566,0.4882919490337372,1.5,1.0,64,1.0,54,0.84375,0.8976723488640074,55.00671875,37.690208279749505,-0.26895879349805785,0.6447814823748728,3.390625,2.043413102966456,-0.3289371303078191,0.6387848643559373,2.3110065625000016,1.7155396837941586,-0.0033674774882959824,0.8199182203186274,284.403171875,94.16010409296811,-0.3992448117202789,0.6251618791338965,1.0,0.9976833462715149,0.003010752610862255,1.1014961004257202,0.03727142885327339
120,1.8578254976890998,0.9375,0.8432062794764836,0.5795081820867535,0.0,0.046875,0.0,60,0.050897469597647724,0.41852322220802307,1.5,1.0,63,0.984375,47,0.746031746031746,0.9021956850391838,55.464285714285715,32.888117008469976,-0.26113101225238,0.5626301844724237,3.3333333333333335,1.9436506316151,-0.346846895820854,0.6075984358078009,2.7066295238095246,1.828556958220152,0.18571498875735823,0.8739332474194175,289.28490476190484,99.11725318998431,-0.3668332788911103,0.65807412657128,0.984375,0.998793363571167,0.0008916629594750702,1.0837911367416382,0.046407029032707214
121,2.050307826894435,0.96875,0.9085849138998217,0.6332270923445044,0.0,0.03125,0.0,62,0.04066048706464827,0.45218440890312195,1.5,1.0,64,1.0,50,0.78125,0.8979636654059748,48.8859375,30.317513539967187,-0.3736694488060512,0.5186538417916707,2.8125,1.4776988021921111,-0.509662945939353,0.46193871789649277,2.4326703125000018,1.7663786211748762,0.05478001179430094,0.8442159800579407,258.043921875,69.5926593469331,-0.5742530959750409,0.4620500169402735,1.0,1.0010740756988525,0.0013780432054772973,1.0446385145187378,0.04376599192619324
122,2.047805869097515,0.96875,0.8918365211256088,0.6875679847443676,0.0,0.03125,0.0,62,0.04057631733742516,0.4002685844898224,1.5,1.0,64,1.0,55,0.859375,0.8972493609834763,44.78984375,27.053335947958175,-0.44374296446477124,0.46281224890662337,2.6875,1.5194057226429023,-0.5487387979677927,0.47497658551326893,2.6178821875000016,1.4877429359577192,0.14329943945103643,0.7110459477359578,266.84642187500003,75.89353499615534,-0.5158102183456492,0.5038837351482268,1.0,0.9980627298355103,0.0,1.0446386337280273,0.04519379884004593
123,1.905966576843733,0.921875,0.8939533390231051,0.5942299997563115,0.0,0.0625,0.0,59,0.042716497198626066,0.4322139024734497,1.5,1.0,63,0.984375,55,0.873015873015873,0.8971070984682823,56.84571428571428,37.48558350248188,-0.23749836062388566,0.6412808843883093,3.3174603174603177,2.022299467762919,-0.3518089087768463,0.6321845980759703,2.4165712698412714,1.7337086233956636,0.047085699310437865,0.8286018111232397,279.11942857142867,101.07999363221862,-0.43432543237529025,0.6711054471601761,0.984375,0.9992320537567139,0.0004370629321783781,1.1014961004257202,0.043526481837034225
124,2.0721332110433055,0.96875,0.9167193092646138,0.6270866112235471,0.0,0.015625,0.0,62,0.039746927587590165,0.40727415680885315,1.5,1.0,63,0.984375,47,0.746031746031746,0.8944020152353014,43.658095238095235,31.19813480673967,-0.46310423935519385,0.5337189823604342,2.6031746031746033,1.6382305838019897,-0.5750994917965021,0.5121220470488882,2.9603538095238107,1.551104764206539,0.30697896577850037,0.7413288481810286,268.92015873015873,89.7341654116956,-0.5020419537320053,0.5957765235252853,0.984375,0.9993261694908142,0.0009174311999231577,1.0446385145187378,0.041107941418886185
125,1.917423322356198,0.953125,0.8615487247216896,0.5955727606510294,0.0,0.046875,0.0,61,0.04282213177248272,0.4597386121749878,1.5,1.0,64,1.0,51,0.796875,0.901658271248442,53.88375,39.837019000077056,-0.2881698694865843,0.6815078328465095,3.25,2.4173849507267144,-0.37289746383981387,0.7556910130429937,2.690175937500001,1.773390769028114,0.1778512270897021,0.8475673381423672,292.10743750000006,110.5642625407668,-0.348093496395518,0.7340748271347886,1.0,0.9981354475021362,0.0013077593175694346,1.0648608207702637,0.04557415097951889
126,1.912979907979536,0.921875,0.8915496501377074,0.6058580437626371,0.0,0.0625,0.0,59,0.044793848299815725,0.36950743198394775,1.5,1.0,63,0.984375,49,0.7777777777777778,0.8976251692781274,44.31587301587301,36.12027156443646,-0.45185137156839844,0.6179239464594195,2.7936507936507935,1.8700541555584942,-0.5155553363245939,0.5845916757421805,2.8508495238095253,1.3539146822776829,0.2546429225448352,0.6470846038963295,268.46747619047625,93.6292945128799,-0.5050474715135022,0.6216376485932996,0.984375,0.9973316192626953,0.00873563252389431,1.1014961004257202,0.04576864838600159
127,1.9592639879802163,0.921875,0.8950994873450975,0.6764186635118098,0.0,0.078125,0.0,59,0.03208214902622449,0.36693015694618225,1.5,1.0,64,1.0,47,0.734375,0.8900159167553345,44.79015625,30.062787134397336,-0.4437376184021614,0.5142961351914768,2.703125,1.7291588227733738,-0.5438543164642378,0.5405468343389075,2.570276093750001,1.5882896469902168,0.12054677215190694,0.7591008433162971,275.3904375000001,97.5877104472682,-0.45908350892951866,0.6479189570919863,1.0,0.9970091581344604,0.01503416895866394,1.1014962196350098,0.04138393700122833
128,1.9777465996224124,0.984375,0.8572705548907084,0.6002520378896028,0.0,0.015625,0.0,63,0.04769354254981123,0.40096887946128845,1.5,1.0,64,1.0,47,0.734375,0.8996143795904039,51.11109375,34.10154359213393,-0.3356028099925537,0.5833887588363732,3.203125,1.993581007728304,-0.38755090835047873,0.6232070117175921,3.007990468750002,1.6907991030301615,0.3297462414198781,0.8080938054471496,303.1566250000001,104.0266518984589,-0.2747340743033049,0.6906693424705443,1.0,0.9990490078926086,0.004278989974409342,1.023047924041748,0.04536541923880577
129,1.9483216609414558,0.9375,0.8980950449903806,0.6142282884946378,0.0,0.0625,0.0,60,0.05029983555985229,0.3378985524177551,1.5,1.0,64,1.0,46,0.71875,0.9081616004436744,43.32890625,33.05329867791127,-0.4687358071658597,0.5654560134222929,2.75,1.9525624189766635,-0.5292008719535729,0.6103843212817959,2.5965485937500015,1.8028762463889028,0.13310334641644392,0.8616595100409705,263.81870312500007,96.09798848874911,-0.5359123025720011,0.6380281717328783,1.0,1.0012328624725342,0.02658289112150669,1.0837911367416382,0.04664849117398262
130,2.0875742280569334,1.0,0.9016640381887555,0.6350715850273136,0.0,0.0,0.0,64,0.038463361980083266,0.3322862684726715,1.5,1.0,64,1.0,50,0.78125,0.9013097259056503,44.525625000000005,28.557975236514494,-0.44826306040140657,0.48855271560062347,3.09375,1.7113476962616334,-0.42174227887536353,0.5349789547866467,2.8162835937500015,1.4497318263188461,0.23812261926896913,0.6928790690202681,286.900515625,79.48569646345823,-0.3826640727052516,0.5277333520818933,1.0,0.9991465210914612,0.000895255128853023,0.9999999403953552,0.042689863592386246
131,2.020411442043681,0.96875,0.8975998711201453,0.6334823582705954,0.0,0.03125,0.0,62,0.040881414868932,0.31519147753715515,1.5,1.0,64,1.0,50,0.78125,0.8977762275266,46.915,33.15161077346017,-0.40738706568642863,0.5671378778002475,2.9375,1.757795138803154,-0.47058709391091325,0.5494987419214621,2.6441501562500016,1.5054187902358904,0.15585384806795163,0.7194938753002544,269.51968750000003,72.70437930024298,-0.4980614724447421,0.4827098145487058,1.0,1.000812292098999,0.000974658876657486,1.0446385145187378,0.04108547419309616
132,1.9345363153098474,0.9375,0.883645199239254,0.6251243219636502,0.0,0.0625,0.0,60,0.038614754530772566,0.37091585993766785,1.5,1.0,64,1.0,46,0.71875,0.9014710601411219,43.770468750000006,29.3978689400741,-0.4611818206981296,0.5029211134401613,2.90625,1.765279280312325,-0.4803560569180232,0.5518383355708402,2.7852035937500013,1.7096284932043433,0.223268367555512,0.8170930493743759,270.14123437500007,93.3008264191264,-0.4939348052528582,0.61945683398286,1.0,1.0014514923095703,0.0038778476882725954,1.0837911367416382,0.041300348937511444
133,1.947020341548285,0.9375,0.8818638463815053,0.6187476290226382,0.0,0.0625,0.0,60,0.04108912050771591,0.3936508595943451,1.5,1.0,64,1.0,43,0.671875,0.8943613081382906,42.060156250000006,29.686850913545644,-0.4904408213618851,0.5078648437547192,2.609375,1.6067940469689947,-0.5731612054855676,0.5022947713563065,2.9142456250000013,1.572107119085994,0.2849422032634686,0.7513666302259057,263.37353125000004,89.08181517325258,-0.5388679544225746,0.5914453420249354,1.0,0.9980380535125732,0.0039024390280246735,1.0837910175323486,0.03949638083577156
134,2.0067200664302813,0.984375,0.8612067737276592,0.6451903624761788,0.0,0.015625,0.0,63,0.049744205167238605,0.39151936769485474,1.5,0.984375,64,0.984375,53,0.828125,0.8991818980317582,49.713125000000005,35.78698444769236,-0.3595184210777556,0.6122222703212654,3.234375,1.942470941706722,-0.37778194534336884,0.6072296567014072,2.7718915625000013,1.8263298131012824,0.21690606823102984,0.8728688145301612,287.24665625,91.96537441685237,-0.38036592397597757,0.6105903008446802,1.0,0.9990362524986267,0.0017613386735320091,1.023047924041748,0.044853575527668
135,1.9863819034666181,0.953125,0.9007912009465889,0.6058631304530446,0.0,0.046875,0.0,61,0.05114646439394351,0.400503009557724,1.5,1.0,64,1.0,42,0.65625,0.9008611377060053,50.43046875,36.16890538802319,-0.3472465343568255,0.6187559447501443,3.359375,2.049139968224474,-0.33870609331492907,0.6405751214712103,2.7712635937500014,1.9078968886695378,0.21660593934168995,0.9118526585462949,290.35760937500004,95.30984694989834,-0.3597112176090192,0.6327954242736683,1.0,0.9994252324104309,0.009552757255733013,1.0648608207702637,0.04515870660543442
136,1.9046611786050152,0.90625,0.9044697998926557,0.6635879719471754,0.0,0.09375,0.0,58,0.048106226344503955,0.3359118700027466,1.5,1.0,64,1.0,53,0.828125,0.902339189651656,44.2759375,31.036930608890657,-0.4525345644266836,0.5309611976094811,2.859375,1.967447485798541,-0.49500950142868805,0.6150374946303169,2.6005760937500013,1.3976416859331944,0.13502823376444734,0.6679833142880356,270.8237343750001,98.69665606801267,-0.4894034489356688,0.6552816351051439,1.0,0.9969160556793213,0.0018231540452688932,1.1180338859558105,0.04667072370648384
137,1.8546435083028756,0.90625,0.9054049757020227,0.574109693270859,0.0,0.09375,0.0,58,0.03505666253444377,0.36036187410354614,1.5,0.984375,64,0.984375,46,0.71875,0.9116901033048564,47.9903125,38.32661424229048,-0.3889912642459055,0.655668733962173,3.0625,2.2698774746668597,-0.4315112418824735,0.7095791705821657,2.772233125000002,1.7255932927247053,0.2170693132551896,0.8247232022260598,282.284359375,125.25082300283096,-0.4133123493126816,0.8315840410945816,1.0,1.000074028968811,0.0013483145739883184,1.1180340051651,0.048741213977336884
138,1.904750839421487,0.9375,0.8944124152263006,0.5840262872011501,0.0,0.0625,0.0,60,0.04107230919464857,0.36089110374450684,1.5,1.0,64,1.0,46,0.71875,0.9069815885093385,52.40609375,34.728615660269426,-0.3134487265373002,0.5941163317552398,3.265625,2.078477413727414,-0.3680129823362589,0.6497462069061326,2.6320121875000018,1.9758417772136314,0.15005267550995377,0.9443259686195495,284.87165625000006,96.69617435688367,-0.39613438002480483,0.6419997370258087,1.0,0.9983609914779663,0.0017809439450502396,1.0837911367416382,0.04372073709964752
139,1.9997921064843416,0.984375,0.8818319974437593,0.6269565437119843,0.0,0.015625,0.0,63,0.03949199088482282,0.38491448760032654,1.5,1.0,64,1.0,54,0.84375,0.8981527525698441,46.944843750000004,28.329856103598306,-0.40687651670718705,0.48465019026597844,3.296875,1.6647042483201033,-0.35824401932914895,0.520397895027771,3.0960020312500016,1.5963193893142333,0.3718101379150407,0.762938546458998,290.24565625,94.27783081854717,-0.36045451358000513,0.625943508059398,1.0,0.9985706210136414,0.015025041997432709,1.0230478048324585,0.04390547797083855
140,2.0478985129985654,0.96875,0.8870736144242748,0.691734961891577,0.0,0.03125,0.0,62,0.043195957665147125,0.42662787437438965,1.5,1.0,64,1.0,48,0.75,0.8989102140651326,42.16875,25.257200675005535,-0.48858306460495937,0.43208504370668716,2.703125,1.577970289446224,-0.5438543164642378,0.4932842682853991,2.6473228125000015,1.3306476577961361,0.15737017479053111,0.6359644546597767,255.21645312500004,72.47856651127324,-0.593025650380855,0.4812105644273869,1.0,0.9994259476661682,0.007045797538012266,1.0446386337280273,0.04330543428659439
141,1.9350020546656717,0.96875,0.8592698708657296,0.6215660931840793,0.0,0.03125,0.0,62,0.023779250960994765,0.3327229917049408,1.5,1.0,64,1.0,46,0.71875,0.9006061894279119,47.87171875,27.94028300202771,-0.3910200950063469,0.47798560725121625,3.21875,1.8068338156842205,-0.3826664268469238,0.5648285665732623,2.861907500000002,1.7026299632507882,0.2599279277499431,0.8137481997748175,288.29298437500006,97.20946566041881,-0.37341898542788676,0.6454076575984569,1.0,1.000165581703186,0.004055880941450596,1.0446386337280273,0.0476934090256691
142,2.0362015718989124,0.96875,0.8983777804720786,0.653310248428312,0.0,0.03125,0.0,62,0.047191453294322144,0.4002496600151062,1.5,1.0,64,1.0,53,0.828125,0.8989353686555633,36.8771875,29.320486516936302,-0.5791079427776933,0.5015973013473702,2.59375,1.6744285405773518,-0.5780456869891225,0.5234377750703754,2.6042053125000013,1.3377192123909658,0.1367627681542703,0.6393442053662456,243.03671875,70.66932319292371,-0.6738911687718375,0.4691983649549534,1.0,0.9993720054626465,0.0005040322430431843,1.0446386337280273,0.037441693246364594
143,1.955921242807526,0.953125,0.8919645684664367,0.6241351821003849,0.0,0.046875,0.0,61,0.047117024293357415,0.4390921890735626,1.5,1.0,64,1.0,53,0.828125,0.9018741855498853,46.36625,32.35423776821979,-0.41677475162934013,0.553496898570084,3.03125,1.9281528563627937,-0.4412802048895834,0.6027537256275678,3.1602064062500017,1.7285279321645426,0.40249572180677784,0.8261257721400747,296.78959375000005,103.99094909860536,-0.3170070226936786,0.6904322990893609,1.0,0.9997113943099976,0.0016785564366728067,1.0648608207702637,0.041568778455257416
144,2.0646912959019876,0.96875,0.920426058192407,0.6416140377866996,0.0,0.03125,0.0,62,0.04594151116828058,0.47531095147132874,1.5,1.0,64,1.0,41,0.640625,0.8986488108076137,37.170312499999994,25.177825559454966,-0.5740933360496461,0.4307271418270132,2.75,1.4469796128487782,-0.5292008719535729,0.45233568991878315,2.9853978125000014,1.3221274462590469,0.3189483970565218,0.6318923386101041,276.1713125,81.1082106755913,-0.45389900656441257,0.5385057916787853,1.0,0.9992992877960205,0.00042900044354610145,1.0446385145187378,0.041803497821092606
145,1.935529182270141,0.953125,0.8836450821063557,0.5991603019415103,0.0,0.046875,0.0,61,0.031978196582508375,0.39018338918685913,1.5,1.0,64,1.0,52,0.8125,0.9020976963468429,50.40734375000001,35.52017865075901,-0.3476421429899549,0.607657916737013,3.265625,1.938444830108662,-0.3680129823362589,0.6059710667729609,2.747181562500001,1.6345834033795317,0.20509626900839384,0.7812262973114176,287.78184375000006,102.00626169432249,-0.37681262689318473,0.6772552649398467,1.0,0.9996066689491272,0.0008779631461948156,1.0648607015609741,0.04300945997238159
146,1.9869789044524948,0.96875,0.8782723094186475,0.6176030071715651,0.0,0.03125,0.0,62,0.034126652453406084,0.35414671897888184,1.5,1.0,64,1.0,43,0.671875,0.8938531446797917,46.206562500000004,28.07728843181965,-0.41950658962297777,0.4803294139890028,2.953125,1.6146757366031732,-0.4657026124073583,0.5047586412593404,2.7314170312500012,1.6812793902093588,0.19756183157814425,0.803543991725141,278.6368593750001,98.3556920256251,-0.4375293781287228,0.6530178555191991,1.0,0.9982092380523682,0.0027272726874798536,1.0446386337280273,0.04265433922410011
147,2.1123850285531485,1.0,0.9119481693487614,0.6497341325264381,0.0,0.0,0.0,64,0.04675063449102185,0.39120057225227356,1.5,1.0,64,1.0,48,0.75,0.8908128015162965,37.75984375,24.585681585794728,-0.5640079889361479,0.4205970978038515,2.65625,1.3488276159317023,-0.5585077609749026,0.4216527066561629,3.2662664062500015,1.3433248304467917,0.4531856168109365,0.6420233321876979,287.91185937500006,73.77270931039376,-0.37594940766435386,0.48980283131110847,1.0,0.99912428855896,0.0009128251695074141,0.9999998807907104,0.05101289600133896
148,2.0645376266479247,0.96875,0.9084701552506416,0.6679244830806715,0.0,0.03125,0.0,62,0.031911054870949834,0.3849849998950958,1.5,1.0,64,1.0,48,0.75,0.8955966474276293,38.395624999999995,26.16549617787469,-0.5531314245563909,0.4476236185117796,2.671875,1.571769380149327,-0.5536232794713477,0.49134582177238056,2.8861435937500013,1.4734837602434414,0.27151123010237027,0.7042309739493974,263.567890625,74.17677654788538,-0.5375775345226316,0.49248557509012225,1.0,0.9982708692550659,0.0005002501420676708,1.0446386337280273,0.04380788654088974
149,2.060414187835965,0.96875,0.9107805596243951,0.6681721793579244,0.0,0.03125,0.0,62,0.051381102506105725,0.3696415424346924,1.5,1.0,64,1.0,52,0.8125,0.8878680659685809,38.213281249999994,24.53492893144177,-0.5562508520892433,0.41972885182693176,2.8125,1.7036266463048764,-0.509662945939353,0.5325653019417314,2.9988821875000014,1.341016357071277,0.3253930656681256,0.6409200295945927,272.15309375000004,72.39365288880624,-0.480577366881865,0.48064679317525316,1.0,1.0019800662994385,0.026380067691206932,1.0446386337280273,0.048167213797569275
150,2.029984132654853,0.9375,0.9145546798904737,0.6613767001098635,0.0,0.0625,0.0,60,0.06665794280607969,0.47504210472106934,1.5,1.0,64,1.0,53,0.828125,0.8938763372017474,37.885156249999994,27.700111292205776,-0.5618642178295947,0.47387689365817687,2.53125,1.5407866294526313,-0.5975836130033424,0.4816604027191156,3.2666667187500025,1.6755394746180414,0.45337694057667194,0.8008006792731647,281.699078125,97.44722873870393,-0.4171982363302933,0.6469862498721296,1.0,0.9996464848518372,0.009306654334068298,1.083790898323059,0.04136320576071739
151,1.9477381795897069,0.9375,0.8764366239309311,0.633816294139513,0.0,0.0625,0.0,60,0.07803366509033485,0.47965145111083984,1.5,1.0,64,1.0,47,0.734375,0.9033249214446414,48.7228125,31.521130584733847,-0.3764600934883972,0.5392446004464401,3.4375,2.207055447876197,-0.3142836857971542,0.6899405767981768,2.7722175000000018,1.6990998556699088,0.21706184550477056,0.8120610341833772,300.6079218750001,104.20350964838367,-0.2916558061803877,0.6918435629575268,1.0,0.9993985295295715,0.018736382946372032,1.0837911367416382,0.04931152984499931
152,1.9272456144337418,0.9375,0.8840983574589093,0.5901295659858685,0.0,0.0625,0.0,60,0.060748603398319036,0.42938703298568726,1.5,1.0,64,1.0,51,0.796875,0.9075370601566581,44.256874999999994,31.151759273905785,-0.45286067424588505,0.5329256175537287,3.0625,1.7036266463048764,-0.4315112418824735,0.5325653019417314,2.9439579687500013,1.5328518684100125,0.29914280278274985,0.7326051316861409,288.42968750000006,101.26023243678812,-0.37251136554649733,0.6723021156520276,1.0,0.997854471206665,0.007829491049051285,1.0837910175323486,0.04956356808543205
153,2.0250269388119957,0.984375,0.8697242519212147,0.6308305974216658,0.0,0.015625,0.0,63,0.06428351717919771,0.5173877477645874,1.5,1.0,64,1.0,51,0.796875,0.9102716494494358,46.38703125000001,35.15484313539208,-0.41641923846578444,0.6014079758129921,3.25,2.0463381929681126,-0.37289746383981387,0.6396992674285341,2.7726725000000014,1.7607188231275406,0.2172793063969719,0.8415109586666133,280.776046875,95.55130549252554,-0.42332656378179623,0.6343985520282077,1.0,1.0009751319885254,0.007172995712608099,1.023047924041748,0.05109274014830589
154,1.9427052360951893,0.953125,0.8666466884925718,0.6136335892336893,0.0,0.046875,0.0,61,0.06652591808008854,0.5238983631134033,1.5,1.0,64,1.0,51,0.796875,0.901346323920286,54.32046875,35.13800130510803,-0.28069874698930697,0.60111985587967,3.625,2.1469455046647083,-0.2556699077544946,0.6711497988272164,2.4420217187500004,1.9887782779334282,0.05924938574257234,0.950508788374478,293.3899687500001,105.39616895580947,-0.33957832264946597,0.6997620454292611,1.0,0.9996124505996704,0.001338090980425477,1.0648609399795532,0.05020317807793617
155,1.9420868796989272,0.953125,0.8639400699099556,0.6520425233770916,0.0,0.046875,0.0,61,0.05541448065497081,0.39261046051979065,1.5,1.0,64,1.0,51,0.796875,0.8988404646720866,48.381875,28.329211286397918,-0.38229264779575284,0.48463915911997785,3.265625,1.7252009620258737,-0.3680129823362589,0.5393095800915596,2.667292031250001,1.412411943385964,0.1669141838585356,0.6750425524500693,280.061234375,83.63564736808972,-0.4280724540931236,0.5552863282690403,1.0,0.9995324015617371,0.0008928571478463709,1.0648608207702637,0.046419188380241394
156,1.9792040833419366,0.953125,0.8774096486998386,0.654664237182877,0.0,0.046875,0.0,61,0.04722060640640857,0.4781603217124939,1.5,1.0,64,1.0,46,0.71875,0.9026547768091386,48.469843749999995,28.20135416142434,-0.3807877311710778,0.48245185609525704,3.171875,1.6635305781304413,-0.39731987135758867,0.5200309977264796,2.382428281250001,1.4955329344057795,0.030767534999484807,0.7147690686431304,275.7922812500001,94.23978129492164,-0.45641552766199395,0.6256908839579377,1.0,1.0000593662261963,0.0018717828206717968,1.0648608207702637,0.043211884796619415
157,1.991225703592137,0.96875,0.8762121815835276,0.6207085440929888,0.0,0.03125,0.0,62,0.04606695325561192,0.4052112400531769,1.5,1.0,64,1.0,45,0.703125,0.9007369165446276,47.6603125,35.99731057526859,-0.39463670636191606,0.6158204035901026,2.984375,1.6723130267312396,-0.45593364940024833,0.522776451022257,2.5662607812500013,1.5556900753446863,0.11862770964923051,0.7435203335681122,271.76434375,85.34225296329242,-0.48315841416143634,0.5666170799829928,1.0,0.9988383054733276,0.0,1.0446385145187378,0.03973395377397537
158,1.9675523270316,0.984375,0.8583867313369872,0.619198070002699,0.0,0.015625,0.0,63,0.041828991852529786,0.39569181203842163,1.5,1.0,64,1.0,47,0.734375,0.9020664973847808,52.31859375,38.66828379253417,-0.3149456240680606,0.6615138117461248,3.375,2.2741756748325317,-0.3338216118113741,0.710922817251465,1.9807767187500005,1.380639885258208,-0.1611962169464075,0.6598575412247064,265.574828125,93.20848392675207,-0.5242527742020026,0.6188437398639363,1.0,0.9982246160507202,0.0008904719725251198,1.0230478048324585,0.047993410378694534
159,1.9953091736381647,0.96875,0.8767992604163385,0.6383355542823879,0.0,0.03125,0.0,62,0.04145581193606407,0.401655375957489,1.5,1.0,64,1.0,52,0.8125,0.8895851127195399,50.93421875,35.02169027923479,-0.3386286814297337,0.5991300765947574,3.53125,2.143075695699991,-0.2849767967758244,0.6699400701673474,2.7204967187500015,1.4180194437203337,0.19234262081029974,0.6777225788802501,290.1128281250001,107.11132993796615,-0.36133640598047245,0.7111495993508617,1.0,0.998441755771637,0.0017444395925849676,1.0446386337280273,0.0405491478741169
160,2.0413652016369674,0.984375,0.9119081440426055,0.6089410302190282,0.0,0.015625,0.0,63,0.04417679595075956,0.4244559705257416,1.5,1.0,64,1.0,51,0.796875,0.9096254944586826,48.887812499999995,37.368905877277754,-0.3736373724303921,0.6392848335418746,3.3125,2.171369095755026,-0.353359537825594,0.6787847798788034,2.579050156250001,1.5575908120932038,0.12474021272219672,0.7444287641377227,279.350859375,91.85034607802037,-0.4327888822892019,0.6098265874529993,1.0,1.000633955001831,0.0024671051651239395,1.0230478048324585,0.050763893872499466
161,1.9981980481491655,0.96875,0.8733250147873356,0.6559365677760604,0.0,0.03125,0.0,62,0.04389970147882433,0.38649672269821167,1.5,1.0,64,1.0,47,0.734375,0.8931728616959391,43.3034375,25.05024315118705,-0.4691715112685632,0.42854453849095947,3.140625,1.6943581703332387,-0.4070888343646986,0.5296679131769564,2.7227389062500014,1.5316666069923217,0.19341424299542728,0.7320386525534309,270.346171875,84.95968782339422,-0.4925741534795928,0.5640770961538145,1.0,0.9995259642601013,0.0004739336436614394,1.0446386337280273,0.04473041743040085
162,1.9611089205090528,0.953125,0.8786375952548668,0.6256132617934835,0.0,0.03125,0.0,61,0.04539703720624411,0.3893131613731384,1.5,1.0,63,0.984375,51,0.8095238095238095,0.9044198758933528,46.25920634920636,32.716900263658566,-0.41860599021855815,0.5597011110720462,3.015873015873016,1.7949847546955147,-0.446087154940701,0.5611244693422972,2.6723747619047633,1.8086744267081691,0.16934340395305117,0.8644306693055264,261.9069365079365,79.43918351233911,-0.5486051900990675,0.5274245363238205,0.984375,0.9990600943565369,0.001402524532750249,1.0648608207702637,0.057438988238573074
163,2.0267706856385064,0.984375,0.8646011981699202,0.640877438955168,0.0,0.0,0.0,63,0.04595470612762291,0.4139547646045685,1.5,1.0,63,0.984375,47,0.746031746031746,0.8969831764937567,43.13111111111111,34.816006723377356,-0.4721195677944219,0.5956113656589744,2.9047619047619047,1.6687062350414508,-0.4808212456326475,0.5216489433553163,2.613969206349208,1.662161889898073,0.14142928478681824,0.7944070495837018,265.352126984127,69.15410170977185,-0.5257313650027942,0.4591382793291346,0.984375,0.9984097480773926,0.0,1.023047924041748,0.05431061238050461
164,1.946854831199432,0.953125,0.8863899487940992,0.6069156736946136,0.0,0.03125,0.0,61,0.04070815786552545,0.4050022065639496,1.5,1.0,63,0.984375,38,0.6031746031746031,0.9010170158777051,43.77063492063493,29.083783725425963,-0.46117897795055124,0.497547931928674,2.857142857142857,1.735320681741771,-0.49570728450062446,0.5424730734530611,2.4573977777777793,1.526107851138371,0.06659815830240509,0.7293819228665507,262.89684126984133,87.66689546760048,-0.5420328660019638,0.5820511949970637,0.984375,0.9966825246810913,0.006922012194991112,1.0648607015609741,0.05093705654144287
165,1.9639118650655005,0.9375,0.911960843205452,0.6237049441744563,0.0,0.0625,0.0,60,0.03151611038637933,0.3244248628616333,1.5,1.0,64,1.0,49,0.765625,0.898399489231898,37.77578125,26.086107761405273,-0.5637353397430451,0.44626548908796193,2.640625,1.5038200056439601,-0.5633922424784576,0.47010438414360656,2.8204546875000016,1.4016680607415692,0.24011613524332337,0.6699076638664243,256.927234375,78.73762362165687,-0.581667175033578,0.5227666347230443,1.0,1.000070333480835,0.010458167642354965,1.0837910175323486,0.06260272115468979
166,1.7995617774430912,0.875,0.8722915495080608,0.6492266554069411,0.0,0.125,0.0,56,0.04167816940327689,0.35142982006073,1.5,1.0,64,1.0,46,0.71875,0.893817640139154,48.06546875,33.02549970901687,-0.3877055361882346,0.5649804453320562,3.109375,1.7776141621215218,-0.41685779737180856,0.555694303701756,2.3194001562500013,1.522837035526222,0.0006441233592907446,0.7278186822484308,258.43768750000004,89.90072285024245,-0.5716387482060508,0.5968823566407931,1.0,0.9975860118865967,0.004470938816666603,1.1478067636489868,0.05554375797510147
167,1.9080422360745941,0.921875,0.8911292361000837,0.6179938525893527,0.0,0.078125,0.0,59,0.04899899760775215,0.344093918800354,1.5,1.0,64,1.0,43,0.671875,0.9038822917882636,44.52015625,30.134010711123175,-0.4483566164970792,0.5155145854329948,2.84375,1.8389768724755622,-0.499893982932243,0.5748767052206238,2.6850065625000017,1.5180521868244727,0.1753805965410778,0.7255318306709987,270.3309375,90.60174655685371,-0.49267529982595853,0.6015366983279031,1.0,0.9992303252220154,0.014164306223392487,1.1014961004257202,0.05046343803405762
168,2.0042315147897605,0.96875,0.8840477630015342,0.6454054007136627,0.0,0.03125,0.0,62,0.05282436101366215,0.3985816538333893,1.5,1.0,64,1.0,55,0.859375,0.9024271892023901,42.9759375,31.36689625020451,-0.4747741848836949,0.5366060519376923,2.984375,1.681630416998634,-0.45593364940024833,0.5256891307292965,2.847071875000002,1.5932966384511122,0.2528374480821035,0.7614938649214217,289.783703125,91.10864559580777,-0.36352158202134477,0.6049021784192463,1.0,0.9991421699523926,0.014537445269525051,1.0446385145187378,0.044717252254486084
169,1.9662967334722765,0.953125,0.8841777140976953,0.644665064214916,0.0,0.046875,0.0,61,0.04024501879120582,0.42624911665916443,1.5,1.0,64,1.0,48,0.75,0.904271590894477,49.05046875,34.78652295742955,-0.3708547468419606,0.5951069750710339,3.109375,1.8465947333876482,-0.41685779737180856,0.5772581004668151,2.284672812500001,1.4880310728762414,-0.015953325334475413,0.7111836587499754,263.818609375,90.82074771108498,-0.5359129250110561,0.6029907236226981,1.0,0.9999473690986633,0.0036166366189718246,1.0648608207702637,0.045744482427835464
170,1.8867478460520375,0.921875,0.8628468134645688,0.6300232647940605,0.0,0.078125,0.0,59,0.076602239559277,0.4679001271724701,1.5,1.0,64,1.0,55,0.859375,0.9140310365078945,45.00421875000001,30.40799251454539,-0.44007556551440824,0.5202017018331776,2.8125,1.539835624344365,-0.509662945939353,0.48136311204000437,2.8522632812500013,1.9671230995670241,0.25531860815881857,0.9401589984660361,275.668078125,103.96275512102055,-0.4572401556694426,0.6902451094066714,1.0,1.0005563497543335,0.0004399472090881318,1.1014959812164307,0.05294160917401314
171,1.9685709805256475,0.96875,0.8691581795292516,0.6181256419668554,0.0,0.03125,0.0,62,0.06251549999334759,0.40040701627731323,1.5,1.0,64,1.0,56,0.875,0.902691240914022,52.0925,26.72181757244443,-0.31881350036629313,0.4571408313328152,3.46875,1.4248766393972496,-0.30451472279004427,0.44542614975893946,2.430572500000001,1.5179482182497215,0.05377739162304463,0.7254821403434683,284.23478125,90.41735205518303,-0.4003628160021091,0.6003124387088549,1.0,1.000580906867981,0.0013106160331517458,1.0446385145187378,0.04787556082010269
172,1.9963324501792772,0.953125,0.8890026030970402,0.6497087819935881,0.0,0.046875,0.0,61,0.04225762767380964,0.3960821032524109,1.5,1.0,64,1.0,55,0.859375,0.8987654734556028,35.36375,24.64194540691745,-0.6049989239972379,0.4215596255171058,2.59375,1.3660933121496497,-0.5780456869891225,0.42705008098080693,3.0733287500000017,1.3252299689517353,0.3609737599595226,0.6333751459789556,271.4291875,82.45806485986441,-0.4853836337814848,0.5474679459428008,1.0,0.9984243512153625,0.0028395645786076784,1.0648608207702637,0.04691755771636963
173,2.026672983217861,1.0,0.8695180462673306,0.599209350545389,0.0,0.0,0.0,64,0.04529701328776182,0.34007158875465393,1.5,1.0,64,1.0,49,0.765625,0.8997557792605961,55.6628125,30.007588856235078,-0.2577347350486599,0.513351836148239,3.59375,1.8003363401042596,-0.26543887076160455,0.5627974114186947,2.9839409375000017,1.9574840322598428,0.31825210400745363,0.9355521409350249,314.54984375000004,100.74768070240181,-0.19909050836054554,0.6688991053377451,1.0,0.9988707900047302,0.0044715446420013905,1.0,0.042916081845760345
174,1.9497494303409688,0.9375,0.8916960497697194,0.6248731555172906,0.0,0.0625,0.0,60,0.042265454533467105,0.3488050103187561,1.5,1.0,64,1.0,43,0.671875,0.9068396583242426,41.481875,29.4865361688072,-0.5003337102214284,0.5044379792201606,2.8125,1.6286017775994228,-0.509662945939353,0.5091120165978319,2.974709218750002,1.662756702547484,0.31383993302739127,0.7946913319780615,277.92957812500003,89.00110292852501,-0.44222526583600097,0.5909094651897401,1.0,1.000935435295105,0.00897072721272707,1.0837910175323486,0.04440257325768471
175,2.0496225369673526,0.984375,0.8886081245210435,0.6320466456998179,0.0,0.015625,0.0,63,0.049644415489260546,0.3172224760055542,1.5,1.0,64,1.0,46,0.71875,0.9008560868148194,45.91828125000001,30.186891844530773,-0.42443833238057216,0.5164192441532421,3.171875,1.6541112370016111,-0.39731987135758867,0.5170864474852351,2.5665710937500013,1.5999960874884962,0.11877601917255197,0.7646957729762086,272.6816875,74.97521020203847,-0.4770678480125768,0.49778665550419293,1.0,0.998802900314331,0.022440392524003983,1.0230478048324585,0.05507424473762512
176,2.0433109089990813,0.96875,0.9074414809865337,0.6307162476537654,0.0,0.03125,0.0,62,0.04195769374148624,0.3540325462818146,1.5,1.0,64,1.0,47,0.734375,0.904919882339674,39.509531249999995,28.612183234904908,-0.5340753843835503,0.4894800735313443,2.65625,1.416628369580392,-0.5585077609749026,0.4428476843921061,2.6660770312500013,1.7527518030234996,0.16633349158595367,0.8377032327325208,257.387609375,71.74666195645824,-0.5786105843163236,0.4763511939833712,1.0,0.9976073503494263,0.010080644860863686,1.0446385145187378,0.05733254551887512
177,2.081752479417828,0.984375,0.8913003005205639,0.6626548686232393,0.0,0.015625,0.0,63,0.03116063814898913,0.3565080761909485,1.5,1.0,64,1.0,43,0.671875,0.8841550705043931,41.861718749999994,30.981886116865102,-0.49383557111914544,0.5300195294472525,2.75,1.704772712123232,-0.5292008719535729,0.5329235699283946,2.704103593750001,1.4909383655021262,0.18450775578069317,0.7125731586363837,265.88868750000006,80.9956376147574,-0.5221689519871812,0.5377583797368731,1.0,0.9988892078399658,0.011209715157747269,1.023047924041748,0.04722290858626366
178,2.0510796577052592,0.96875,0.8933108045208838,0.6549104751988764,0.0,0.03125,0.0,62,0.04160361096067372,0.3474816679954529,1.5,1.0,64,1.0,43,0.671875,0.8766675744347683,45.38859375,28.23634979215552,-0.43349990850428244,0.4830505403607302,2.828125,1.5667909829887967,-0.504778464435798,0.4897895408861111,2.498674218750001,1.6888522438208646,0.08632565650179483,0.8071633312918872,262.32353125000003,73.87852375351737,-0.5458392718336353,0.49050537042509823,1.0,0.9982668161392212,0.015233415178954601,1.0446386337280273,0.05497918650507927
179,2.0351463916068173,0.96875,0.8937448897669392,0.6645971620346964,0.0,0.03125,0.0,62,0.05842655961937612,0.3531598746776581,1.5,1.0,64,1.0,50,0.78125,0.8940595034448986,46.13765625,32.61733749778384,-0.42068539642845165,0.5579978509761201,2.859375,1.6758131188694638,-0.49500950142868805,0.5238706036820903,2.7343042187500015,1.537633003772363,0.19894172250056866,0.7348902085248946,270.78676562500004,92.37576738479335,-0.48964889740285006,0.6133150433616172,1.0,1.0000742673873901,0.012145749293267727,1.0446385145187378,0.050074756145477295
180,2.081607975310801,0.984375,0.9025929537084367,0.6618562708990925,0.0,0.015625,0.0,63,0.04212723658831814,0.34901994466781616,1.5,1.0,64,1.0,45,0.703125,0.8867143577456508,45.3415625,25.072614493877452,-0.4343044909270661,0.42892725400676585,2.90625,1.4330774359747627,-0.4803560569180232,0.44798977466756534,3.1124303125000017,1.6004552225567832,0.37966180538308986,0.7649152101665178,291.87443750000006,78.23206663388487,-0.34964046492578194,0.519410064979103,1.0,0.9996364116668701,0.012345679104328156,1.023047685623169,0.04747474566102028
181,1.985073101292012,0.9375,0.9241704175869624,0.6250543166269942,0.0,0.046875,0.0,60,0.06420742727622367,0.3879712224006653,1.5,1.0,63,0.984375,49,0.7777777777777778,0.897321961744128,42.92111111111111,33.133906774337845,-0.4757121218682468,0.5668350083994385,2.857142857142857,1.7169291787923757,-0.49570728450062446,0.5367237642704116,3.3847095238095264,1.8503501263209539,0.5097938498210963,0.884348987593259,299.2319523809524,89.34156457057587,-0.300791349124143,0.5931699091640519,0.984375,0.9984336495399475,0.01374848373234272,1.083790898323059,0.047359637916088104
182,2.0349140736720934,0.96875,0.8846916493869597,0.6453558014452514,0.0,0.03125,0.0,62,0.048459016038481365,0.38719442486763,1.5,1.0,64,1.0,48,0.75,0.8954968497392812,45.03328125,33.84856293361505,-0.4395783816916915,0.5790609174298926,2.734375,1.6321208164149492,-0.5340853534571278,0.5102120921181347,2.6011496875000013,1.656620997608885,0.1353023748823291,0.791758857537989,266.5865,89.70936228245638,-0.5175359306244142,0.5956118468712718,1.0,0.9995245337486267,0.00776255689561367,1.0446386337280273,0.0471801683306694
183,1.9605621355600027,0.96875,0.8688673622185185,0.6287695800693741,0.0,0.015625,0.0,62,0.05544340548561438,0.3903948664665222,1.5,1.0,63,0.984375,50,0.7936507936507936,0.9095139542236103,48.047777777777775,34.17296691944674,-0.3880081827326483,0.584610626291153,3.111111111111111,1.960815437039017,-0.41631507720474686,0.6129642709825364,2.575091746031747,1.3613573054212988,0.12284834586997456,0.6506417016306819,270.85214285714295,90.58334165450657,-0.48921483508215974,0.6014145017410636,0.984375,0.9983970522880554,0.0,1.0446386337280273,0.053796835243701935
184,2.011085814855288,0.96875,0.8849938982917417,0.6439337571540911,0.0,0.03125,0.0,62,0.057807448400562574,0.41909241676330566,1.5,1.0,64,1.0,55,0.859375,0.9046143550766355,46.46890625,25.584729705748526,-0.41501857006200155,0.4376882139623617,2.9375,1.3213984069916234,-0.47058709391091325,0.41307814897776546,2.6432235937500015,1.6409949825081056,0.1554110104681044,0.7842906219657478,273.761796875,85.0243286681781,-0.46989662392516024,0.5645062693411551,1.0,0.9974892735481262,0.01865837350487709,1.0446385145187378,0.04838560149073601
185,1.98274691605815,0.953125,0.9012998308314651,0.6551160209412015,0.0,0.046875,0.0,61,0.0271573416201997,0.3296463191509247,1.5,1.0,64,1.0,49,0.765625,0.9007492436928421,41.426718750000006,24.791805983447404,-0.5012772902720682,0.4241233503967174,2.84375,1.4055553840030637,-0.499893982932243,0.43938619362464426,3.203494062500002,1.6511222475474074,0.4231844522451018,0.7891308067811494,286.12523437500005,84.63907000108284,-0.38781143620676944,0.5619484022424092,1.0,0.999720573425293,0.011560693383216858,1.0648607015609741,0.04400545731186867
186,2.0449076664461985,1.0,0.887947085313499,0.6028697869499372,0.0,0.0,0.0,64,0.054587225707154505,0.44327613711357117,1.5,1.0,64,1.0,57,0.890625,0.9006292746545648,49.267187500000006,34.08227153102979,-0.3671472524220237,0.5830590639714651,3.140625,1.7929304530223698,-0.4070888343646986,0.5604822806366846,3.030755468750002,1.7294715389226667,0.340626455070356,0.8265767558049297,299.59590625000004,89.25490988888215,-0.29837493203451,0.5925945784104888,1.0,0.9987984299659729,0.01325919572263956,0.9999999403953552,0.048704732209444046
187,2.050500643861408,0.984375,0.9184640031012278,0.6068874466249911,0.0,0.015625,0.0,63,0.055580055758494035,0.37041279673576355,1.5,1.0,64,1.0,57,0.890625,0.898377446506544,44.69171875,29.42221724069072,-0.4454216281242669,0.5033376495666897,3.046875,1.6146757366031732,-0.43639572338602844,0.5047586412593404,3.3060521875000024,1.8095334197741686,0.4722006750253526,0.8648412130385531,308.3509062500001,87.0433096674651,-0.24024742352609443,0.5779109906677551,1.0,1.0002837181091309,0.0004214074870105833,1.0230478048324585,0.04687279462814331
188,2.0533230693104123,1.0,0.8909052750095725,0.6019528954101374,0.0,0.0,0.0,64,0.05935311821271161,0.4063573181629181,1.5,1.0,64,1.0,52,0.8125,0.9068842280034862,41.151875000000004,30.48025861495232,-0.5059791523374388,0.521437986944684,3.0,1.7230060940112777,-0.45104916789669336,0.5386234493894771,3.0054626562500015,1.3615101774709621,0.3285381087570909,0.6507147646907093,288.515140625,83.39771138287973,-0.37194401234826713,0.5537065880057906,1.0,1.0005275011062622,0.007388092111796141,0.9999999403953552,0.042998190969228745
189,1.9881263724794802,0.96875,0.8861178202975181,0.6209852466080216,0.0,0.015625,0.0,62,0.04706426555005827,0.35837289690971375,1.5,1.0,63,0.984375,46,0.7301587301587301,0.9038655814147966,40.87380952380953,26.019561531911435,-0.510736129762573,0.4451270560981249,2.761904761904762,1.4110030847646717,-0.5254793622365787,0.44108918201549074,3.141166190476192,1.5203677330698964,0.39339571673011414,0.7266385136434463,280.3374920634921,75.15782713431474,-0.4262382826324339,0.498999113218033,0.984375,0.9992653131484985,0.0036968577187508345,1.0446386337280273,0.04862628132104874
190,2.024568579311501,0.96875,0.8854326490432985,0.6586063634751113,0.0,0.03125,0.0,62,0.05226074057406134,0.3721427321434021,1.5,1.0,64,1.0,53,0.828125,0.8922882932096563,40.19703125,30.64354651062803,-0.5223140466418615,0.52423141834857,2.671875,1.5416578687812026,-0.5536232794713477,0.4819327580717925,3.3654957812500026,1.705393353722616,0.5006109100419223,0.8150689236374654,290.90082812500003,74.58786640465455,-0.35610459824721963,0.49521494449584164,1.0,0.9984078407287598,0.0053956834599375725,1.0446385145187378,0.04704929143190384
191,1.9538022533915624,0.953125,0.8958438371048599,0.5967832575201291,0.0,0.046875,0.0,61,0.05023531414510654,0.3089439868927002,1.5,1.0,64,1.0,52,0.8125,0.9008930960095757,43.51109375,32.425804592811744,-0.46561905266431225,0.5547212208902675,3.015625,1.8915287096354103,-0.4461646863931384,0.591304767722071,3.333407187500002,2.025494821253154,0.485274615038918,0.968056947207144,296.561484375,95.846833736663,-0.3185215206532633,0.6363606674508893,1.0,0.9988428950309753,0.0008609556825831532,1.0648608207702637,0.05105247348546982
192,1.9074724678902155,0.9375,0.8805316731333732,0.6169860820688289,0.0,0.0625,0.0,60,0.03953095039336209,0.39342960715293884,1.5,1.0,64,1.0,47,0.734375,0.9107668158130352,47.9025,38.18807086316354,-0.3904935078392757,0.6532986169093922,3.203125,2.2373232297491126,-0.38755090835047873,0.6994024917237379,2.555079375000002,1.6890320698830332,0.11328371277188448,0.8072492766455581,279.72189062500007,95.73381214305203,-0.430325475990942,0.6356102775429217,1.0,0.9985267519950867,0.00586907472461462,1.0837911367416382,0.042416613548994064
193,1.9209493885751858,0.96875,0.8752237197852903,0.5535445355053374,0.0,0.03125,0.0,62,0.04644017156689448,0.3842993974685669,1.5,1.0,64,1.0,46,0.71875,0.9058670737397791,47.125,34.22793573055495,-0.4037945116126037,0.5855509997496297,3.3125,1.8864235340983213,-0.353359537825594,0.589708855051139,3.195658906250002,1.9574166412232918,0.41943974879749024,0.9355199323307728,313.8399843750001,95.86684946719276,-0.2038035131418234,0.6364935588896866,1.0,0.9987009763717651,0.0011636927956715226,1.0446386337280273,0.04343082755804062
194,1.9777869271101003,0.96875,0.8903244565571508,0.622925396727997,0.0,0.03125,0.0,62,0.04169086928163769,0.4447595775127411,1.5,1.0,64,1.0,52,0.8125,0.9014711694538801,45.83953125,29.320257418596675,-0.42578554015825665,0.5015933820703543,3.25,1.695582495781317,-0.37289746383981387,0.5300506456573065,3.255582968750002,1.5834621262163187,0.4480796171394443,0.756793597218246,313.36789062500003,98.63978092203685,-0.20693790874089799,0.654904021109527,1.0,0.9988416433334351,0.0007818608428351581,1.0446386337280273,0.042222145944833755
195,1.8946854979370753,0.9375,0.8835557336608569,0.5691236846520031,0.0,0.0625,0.0,60,0.052106173500120555,0.3638700544834137,1.5,1.0,64,1.0,48,0.75,0.8989251530692504,46.81390625,33.9534732031012,-0.4091165169407178,0.5808556594109808,3.375,1.9882467150733583,-0.3338216118113741,0.6215394754739036,2.9408143750000013,1.4395900527427468,0.2976403660759497,0.6880319500524344,297.427015625,98.51511162562393,-0.3127749558218898,0.6540762980269478,1.0,0.9982562065124512,0.00252951099537313,1.0837911367416382,0.04417195916175842
196,1.9802720792582968,0.953125,0.8937752862445644,0.6193741736651848,0.0,0.046875,0.0,61,0.05568784715492914,0.4461824893951416,1.5,1.0,64,1.0,54,0.84375,0.9038923173499159,44.42203125,35.55384570354554,-0.4500352801565747,0.6082338724876889,3.09375,1.9422824041575417,-0.42174227887536353,0.6071707185784185,2.9389962500000015,1.6035530939969507,0.296771418637194,0.7663957945342198,280.51284375,105.89950312342405,-0.42507406142747073,0.7031038570923784,1.0,0.998162567615509,0.0017452007159590721,1.0648608207702637,0.0431477427482605
197,1.9436806638637236,0.984375,0.8447655238329418,0.6196141149655603,0.0,0.015625,0.0,63,0.04430033930275744,0.3755490779876709,1.5,1.0,64,1.0,56,0.875,0.8996293479154076,52.57609375,32.074085558729664,-0.3105404684775372,0.5487042225629659,3.546875,1.9679437833370648,-0.28009231527226947,0.6151926406237364,2.7555967187500015,1.7781350452845046,0.2091181753515591,0.8498347986864663,302.5749687500001,100.77204426869982,-0.27859589367747356,0.6690608635795822,1.0,1.001143455505371,0.00167294021230191,1.023047924041748,0.042182501405477524
198,2.0633075510223544,0.984375,0.9175558293622638,0.6259923196017306,0.0,0.015625,0.0,63,0.04544923222650898,0.39625611901283264,1.5,1.0,64,1.0,49,0.765625,0.9005712507972997,46.47015625,36.212958207844416,-0.41499718581156214,0.6195095739754406,3.25,2.1065374432940898,-0.37289746383981387,0.6585179634122211,2.6986801562500013,1.6104929093996478,0.18191569961025564,0.7697125823346249,291.88185937500003,103.39034000389428,-0.34959118850062953,0.686444645147265,1.0,0.9997910261154175,0.002210433129221201,1.023047924041748,0.043850310146808624
199,1.9159897630147393,0.921875,0.887474779860448,0.6547958473708132,0.0,0.078125,0.0,59,0.0410868057564277,0.3680284917354584,1.5,1.0,64,1.0,48,0.75,0.9067716383695099,46.1334375,31.42647566238686,-0.4207575682736847,0.5376253007946056,2.96875,1.8283253095387593,-0.4608181309038033,0.5715469540431029,2.312153281250001,1.5620233039125244,-0.002819419285045284,0.7465472116667455,258.93987500000003,86.99463307736653,-0.5683045496704632,0.5775878097534073,1.0,0.9991810321807861,0.005576208233833313,1.1014961004257202,0.04121870547533035
