step,reward_mean,valid_frac,c_mean,qed_mean,tox_mean,undersized_frac,alerts_mean,n_rankable,d_var,d_loss,w_C,unique,n_valid,unique_smiles_frac,n_scaffolds,scaffold_frac,tanimoto_dist,tpsa_mean,tpsa_sd,tpsa_drift_sd,tpsa_spread_ratio,hba_mean,hba_sd,hba_drift_sd,hba_spread_ratio,logp_mean,logp_sd,logp_drift_sd,logp_spread_ratio,mw_mean,mw_sd,mw_drift_sd,mw_spread_ratio,rdkit_valid_frac,ratio_mean,clip_frac,adv_std,kl
0,1.0578012331454134,0.828125,0.8657752118020687,0.5759344297332282,0.0,0.15625,0.0,53,0.0037594317795487204,0.7302631139755249,0.2,0.984375,63,0.96875,46,0.7301587301587301,0.9198540716008587,51.514603174603174,31.255024323737942,-0.3286998127202448,0.5346922141035299,3.5396825396825395,2.3759736305080787,-0.2823407273929535,0.7427455520736678,2.3843449206349216,1.7570876783625713,0.03168356601195379,0.8397755037648483,270.00169841269843,124.92704810810308,-0.49486123333234633,0.8294343862746952,0.984375,0.9888282418251038,0.04308617115020752,1.1848077774047852,0.0039206393994390965
1,1.1146153279369044,0.84375,0.8572448238178536,0.609869554704778,0.0,0.140625,0.0,54,0.0037642050279564077,0.7062489986419678,0.21300000000000002,1.0,63,0.984375,45,0.7142857142857143,0.9231346086002984,46.873333333333335,31.290336456413435,-0.4080998740344097,0.5352963128944764,2.9682539682539684,1.6711202778732517,-0.460973193808678,0.5224035895992024,2.0604022222222236,1.5129496360520351,-0.12314032018362919,0.7230931378281904,237.44653968253968,100.31942368537557,-0.7110063236898689,0.6660557571480271,0.984375,0.995021402835846,0.026604069396853447,1.1734493970870972,0.007178018335253
2,0.9054699393505621,0.6875,0.8520002500577406,0.5734986704244392,0.0,0.3125,0.0,44,6.806539369352826e-07,0.6830824017524719,0.226,1.0,64,1.0,40,0.625,0.9291606919152212,37.156875,27.343452991244085,-0.5743232167418699,0.4677753973149226,2.296875,1.683371686341136,-0.6708508355566669,0.5262334633946506,2.1634448437500007,1.7863766128937455,-0.07389253905788631,0.8537737407643665,213.502234375,103.91303177473435,-0.8699809451053006,0.6899149787117178,1.0,0.9953303337097168,0.014640356414020061,1.2472189664840698,0.014241236262023449
3,1.0854320780162525,0.8125,0.8707584735865777,0.6229766491839221,0.0,0.1875,0.0,52,9.141934077215585e-07,0.6563214659690857,0.23900000000000002,1.0,64,1.0,46,0.71875,0.9210226400452188,42.028281250000006,27.321708319272396,-0.4909861197480907,0.46740340250598983,2.8125,1.9435389756832766,-0.509662945939353,0.6075635314024407,2.277964687500001,1.7211834737161686,-0.019159379944364032,0.8226155908501399,242.15076562500002,123.87696603381097,-0.6797733215772622,0.8224625239436902,1.0,0.9979044795036316,0.0010712372604757547,1.1952282190322876,0.02078285813331604
4,1.1585426324416859,0.84375,0.8535767401810046,0.6153329675750768,0.0,0.15625,0.0,54,2.0495299273973807e-06,0.6547650098800659,0.252,0.984375,64,0.984375,47,0.734375,0.9094622479862583,42.64734375,29.757278901671032,-0.48039556971796116,0.5090696835435342,2.921875,1.88169378071327,-0.4754715754144682,0.5882303019038968,2.2169464062500013,1.6294741460651965,-0.04832221484816099,0.778784399170621,231.56059375,97.23578218879211,-0.7500851783185121,0.645582382238883,1.0,0.9982349872589111,0.0017783046932891011,1.1734496355056763,0.02551332116127014
5,1.2207860472187433,0.890625,0.8572265610360262,0.6153161466501208,0.0,0.09375,0.0,57,0.003825477540528637,0.6362379193305969,0.265,1.0,63,0.984375,49,0.7777777777777778,0.9187173581681718,40.90761904761904,25.39358478630616,-0.5101577367030684,0.4344182213002969,2.8412698412698414,1.4929075626701585,-0.5006692974566168,0.46669308008830207,2.536385714285717,1.6326540225916855,0.10434933884344332,0.7803041767234582,251.23761904761906,102.16524824268672,-0.6194425220754907,0.6783108322662619,0.984375,0.9979886412620544,0.0026469030417501926,1.133455753326416,0.03418295830488205
6,1.148463538306078,0.828125,0.9074275988452839,0.6613494745510048,0.0,0.140625,0.0,53,0.007487718225793203,0.6077548265457153,0.278,1.0,62,0.96875,50,0.8064516129032258,0.9214216068475981,36.418709677419365,24.852405704535112,-0.5869513064408858,0.4251600540865569,2.6451612903225805,1.7606521353542182,-0.561974167203232,0.5503918585172632,2.9777206451612925,1.7175291790814977,0.3152792022014538,0.8208690717916284,257.09514516129036,100.38957263144464,-0.5805523565688439,0.6665215005471689,0.96875,0.9983730912208557,0.0,1.1848078966140747,0.03220154345035553
7,1.1934647877096545,0.84375,0.8825518124633365,0.660607834319714,0.0,0.109375,0.0,54,0.01097046092584404,0.6479413509368896,0.29100000000000004,1.0,61,0.953125,49,0.8032786885245902,0.9092902901576714,36.89983606557376,27.015046110761464,-0.5787204846990347,0.4621572093323037,2.622950819672131,1.4949525396954753,-0.5689173117201838,0.46733235384544475,2.694859344262296,1.5494402971606063,0.1800895959096389,0.7405333394143285,247.55378688524596,88.4586208796983,-0.6439007728307067,0.587307737044813,0.953125,0.9971845746040344,0.010341261513531208,1.1734496355056763,0.03557862341403961
8,1.1459305932290063,0.8125,0.897048600591146,0.6292763701087485,0.0,0.171875,0.0,52,0.0037416062019966635,0.6207918524742126,0.30400000000000005,1.0,63,0.984375,43,0.6825396825396826,0.9100398390473937,31.844444444444445,20.429499584247935,-0.6652050930955509,0.3494956283694959,2.4444444444444446,1.3543320004889867,-0.6247196213564256,0.4233734147879075,2.8201126984126996,1.7716765663560785,0.23995268633772365,0.8467480589281362,243.42361904761904,102.70760610254335,-0.6713224023136126,0.6819117358771611,0.984375,0.9984856843948364,0.003294892841950059,1.1952284574508667,0.031184585765004158
9,1.189187209869064,0.84375,0.9185550268049594,0.6238775338623019,0.0,0.15625,0.0,54,4.650446577003273e-05,0.6236999034881592,0.317,1.0,64,1.0,43,0.671875,0.9140706296771642,36.17375,23.6349614250267,-0.5911419297124847,0.4043327473913056,2.484375,1.4683343826850204,-0.6122370575140074,0.45901133652856224,2.7636570312500015,1.7806530804759189,0.21297048908270855,0.851038258421235,241.78715625,100.80990745429908,-0.6821874514503694,0.6693122505176834,1.0,0.998699426651001,0.0010615711798891425,1.1734495162963867,0.03612658753991127
10,1.3316875302326645,0.90625,0.9098322967003132,0.704706583576116,0.0,0.09375,0.0,58,7.059331935469078e-05,0.5955051183700562,0.33,1.0,64,1.0,47,0.734375,0.8986270925440976,31.979375,22.44247882608726,-0.6628967820620053,0.3839324701589951,2.328125,1.3352748722173273,-0.661081872549557,0.41741602659246463,2.9091409375000015,1.4421261137907635,0.2825024892015788,0.6892440249934877,245.03214062500007,79.75317590911101,-0.6606428647150764,0.5295092417167314,1.0,0.9969501495361328,0.004836109466850758,1.1180341243743896,0.0325937420129776
11,1.1705296474965516,0.828125,0.8916740350003513,0.6314416962803734,0.0,0.171875,0.0,53,0.000132899599054761,0.5440380573272705,0.343,0.984375,64,0.984375,48,0.75,0.9134882396867298,33.430781249999995,27.277580727167656,-0.6380669942705177,0.46664849412130427,2.34375,1.7430105959230426,-0.656197391046002,0.5448769930423313,2.399574062500001,1.5644361667993198,0.03896212156677477,0.7477004057681136,230.98820312499998,101.96456362570589,-0.7538854799661222,0.6769784168715091,1.0,0.9987800717353821,0.0017502916743978858,1.1848080158233643,0.03598557785153389
12,1.190843889241472,0.84375,0.8729833706661507,0.6519895099503471,0.0,0.140625,0.0,54,0.003394587228340191,0.5376881957054138,0.356,1.0,63,0.984375,43,0.6825396825396826,0.8971718846070751,34.00380952380953,23.010392160767065,-0.628263970177702,0.39364799094034475,2.3492063492063493,1.5852367522217645,-0.6544916990923797,0.49555581407889665,2.7052793650793667,1.4762204486435122,0.18506969925829495,0.705538935929962,231.14993650793653,96.16925188171135,-0.7528116754438219,0.6385013143349059,0.984375,0.9961708784103394,0.003972758073359728,1.1734493970870972,0.03996216133236885
13,1.1575698729711577,0.8125,0.8968867395932858,0.6509728634016001,0.0,0.171875,0.0,52,0.003420720756729348,0.5240024924278259,0.369,1.0,63,0.984375,45,0.7142857142857143,0.9129612122788506,32.83952380952381,21.820927295310135,-0.6481818720155749,0.37329933928287384,2.1587301587301586,1.2996501263783313,-0.7140358545642879,0.4062794882168216,2.50412761904762,1.409917543311941,0.0889320329726787,0.6738503887893998,217.7483333333333,78.87291255467335,-0.8417896083459525,0.5236648652890078,0.984375,0.9967848062515259,0.0006207324913702905,1.1952283382415771,0.040667034685611725
14,1.191278444649403,0.84375,0.8610510679858702,0.6343332484944905,0.0,0.140625,0.0,54,0.0035056017006844437,0.530566930770874,0.382,1.0,63,0.984375,47,0.746031746031746,0.8991100183028105,36.1320634920635,26.1762397507364,-0.5918550774930124,0.4478074131139309,2.365079365079365,1.461697070885249,-0.6495296861363873,0.4569364676185264,2.3639507936507957,1.6417503582614974,0.021936477990769334,0.7846516432520774,224.6536507936508,79.43713391066896,-0.7959427894507025,0.5274109283011453,0.984375,0.9980089664459229,0.0017657445278018713,1.1734495162963867,0.040359824895858765
15,1.2501859674432496,0.875,0.8765335189444678,0.6749651242078861,0.0,0.109375,0.0,56,0.003435463900886884,0.5294208526611328,0.395,0.984375,63,0.96875,53,0.8412698412698413,0.9096237798989728,39.570476190476185,23.279574494868488,-0.533032774887423,0.3982530008973817,2.8253968253968256,1.4750806546652626,-0.5056313104126091,0.4611202671337107,2.8473006349206367,1.4817792108533114,0.25294678068966653,0.7081956686545312,261.664253968254,101.53667160130877,-0.5502164443983523,0.6741374919955723,0.984375,0.9991576671600342,0.002680965233594179,1.1478065252304077,0.04103582724928856
16,1.2171840673225254,0.859375,0.8976911994543942,0.644994877187856,0.0,0.140625,0.0,55,0.00165427777223713,0.5183814764022827,0.40800000000000003,1.0,64,1.0,43,0.671875,0.9006504674287337,35.26109375,21.958572508617472,-0.6067551055645763,0.3756540910533966,2.4375,1.3905372163304368,-0.6268905020246722,0.4346914120429333,2.5028035937500013,1.3885919804713247,0.08829923358253035,0.6636581340157299,235.19742187500003,87.33346559574201,-0.7259390038148477,0.579837437405583,1.0,0.9985939264297485,0.00614181999117136,1.1611262559890747,0.03498217836022377
17,1.3486112195582298,0.953125,0.8810681979187199,0.6608628805513401,0.0,0.03125,0.0,61,0.006535899564541066,0.5941415429115295,0.42100000000000004,1.0,63,0.984375,55,0.873015873015873,0.905004397932979,39.16761904761905,25.48476897848245,-0.5399246133147604,0.4359781457815891,2.873015873015873,1.5274427585675439,-0.49074527154463216,0.47748901772557734,2.630414603174605,1.3823290324193045,0.1492891324049693,0.6606648455075892,259.1257460317461,73.57892368946821,-0.5670704868515841,0.4885162207652308,0.984375,1.0002368688583374,0.0030690536368638277,1.0648607015609741,0.04082530736923218
18,1.2643099325212326,0.890625,0.8574826320012411,0.6549969292289256,0.0,0.109375,0.0,57,0.0029506122325541756,0.49266552925109863,0.434,1.0,64,1.0,44,0.6875,0.8960294491278264,33.418125,25.49379543848611,-0.6382835098062168,0.43613256504662895,2.15625,1.4055553840030637,-0.7148111690886617,0.43938619362464426,2.8184287500000016,1.5971342428672262,0.2391478667239948,0.7633279943285526,232.81567187500002,91.85934474630477,-0.7417522754756036,0.6098863327605112,1.0,0.9977051615715027,0.0078343590721488,1.1334558725357056,0.04357439652085304
19,1.247518911545145,0.859375,0.882298962094567,0.692325707710473,0.0,0.140625,0.0,55,0.0024702538292071174,0.45225656032562256,0.44700000000000006,1.0,64,1.0,45,0.703125,0.8935343670016439,37.50125,27.196828198569406,-0.5684318557458058,0.46526702828517424,2.359375,1.4182646471568696,-0.651312909542447,0.44335919591575323,2.7082167187500015,1.7408860497190581,0.186473566400993,0.8320321617430111,238.50901562500002,97.09883031647647,-0.703952174131291,0.6446731108370245,1.0,0.9958958029747009,0.018321512266993523,1.1611262559890747,0.0538594126701355
20,1.2256566473262682,0.890625,0.8867440840654206,0.6148525175592194,0.0,0.109375,0.0,57,0.004324901120546428,0.42026257514953613,0.46,1.0,64,1.0,48,0.75,0.8983795257432297,33.25421875000001,23.764374650191165,-0.6410875196450875,0.406546671244979,2.34375,1.4493398281631538,-0.656197391046002,0.45307350931382157,2.3332893750000006,1.364123376593321,0.007282281384250729,0.6519637066965298,229.91540625000002,83.25797376466393,-0.7610081538072828,0.5527788210621258,1.0,0.9967445731163025,0.005934718064963818,1.133455753326416,0.06595652550458908
21,1.2737724346465389,0.875,0.8707848957606724,0.6511326233738776,0.0,0.125,0.0,56,0.005969893720629978,0.5073926448822021,0.47300000000000003,1.0,64,1.0,40,0.625,0.8821830097775112,35.2840625,26.3282856282192,-0.6063621699627518,0.45040852281183147,2.0625,1.1575161985907585,-0.7441180581099914,0.3618474535732365,2.240527187500001,1.457064424352598,-0.037052109948306926,0.696383581790762,211.65846875,72.80636900431703,-0.8822223502514697,0.48338695988181096,1.0,0.9964145421981812,0.006756756920367479,1.1478065252304077,0.05941407382488251
22,1.3532467697153756,0.9375,0.8875854104757309,0.6708016046678064,0.0,0.0625,0.0,60,0.00829309019737934,0.45619091391563416,0.48600000000000004,1.0,64,1.0,44,0.6875,0.8872458269361879,36.5853125,22.37212858452105,-0.5841011652553011,0.3827289604116939,2.3125,1.1575161985907585,-0.665966354053112,0.3618474535732365,2.524754218750001,1.295944771532295,0.09879022808116929,0.6193786950797713,237.780703125,68.8245883834131,-0.7087876956664749,0.4569505250536858,1.0,0.998203694820404,0.013667426072061062,1.0837911367416382,0.0483781173825264
23,1.2409178115307555,0.828125,0.8866564513377424,0.6893069623315145,0.0,0.171875,0.0,53,0.011862911332908049,0.5351741909980774,0.49900000000000005,1.0,64,1.0,40,0.625,0.9006459674907372,29.56046875,25.23375860266903,-0.704277979693615,0.4316840107901566,2.140625,1.4237624834834637,-0.7196956505922166,0.44507785702594976,2.725385000000001,1.4847352623195167,0.19467890652888614,0.7096084721473545,229.62260937500002,91.93527244235774,-0.762952134714513,0.6103904433028691,1.0,0.9987672567367554,0.007669616490602493,1.1848078966140747,0.06339439004659653
24,1.275492115941693,0.875,0.8888895900121757,0.6886808749040413,0.0,0.125,0.0,56,0.01102643894110244,0.4571712613105774,0.512,1.0,64,1.0,46,0.71875,0.8945131231642068,31.864062500000003,23.83219334736301,-0.6648694791650431,0.4077068728488181,2.265625,1.3946570759061168,-0.6806197985637769,0.4359793082281911,2.8052751562500013,1.5129365097313587,0.23286129038876124,0.7230868642866396,243.89070312500002,84.66139446636818,-0.6682212676840172,0.5620966221791104,1.0,0.9982269406318665,0.0033057851251214743,1.1478067636489868,0.057377420365810394
25,1.3698501865020627,0.921875,0.8923440908981581,0.6950758939872822,0.0,0.078125,0.0,59,0.018704977478300508,0.4750290811061859,0.525,1.0,64,1.0,44,0.6875,0.8800710651283912,34.698125000000005,21.776366050362373,-0.6163860373562364,0.37253701222538915,2.0625,1.1575161985907585,-0.7441180581099914,0.3618474535732365,3.0203812500000016,1.263435452500816,0.33566824217965546,0.6038413203073559,250.05415625,71.12526738596904,-0.6272999457006185,0.47222553799442846,1.0,0.9988424777984619,0.004308023490011692,1.1014961004257202,0.04918904975056648
26,1.3317144229629048,0.921875,0.9295462622480878,0.6257816428185228,0.0,0.078125,0.0,59,0.01493990447157503,0.36946481466293335,0.538,1.0,64,1.0,49,0.765625,0.8985877849689085,31.85875,25.269309726672393,-0.6649603622294107,0.43229219810142966,2.34375,1.301666599978658,-0.656197391046002,0.40690985160902654,2.7770917187500017,1.4828379908215232,0.21939141024798006,0.7087016977458113,244.37890625,69.96603776246525,-0.6649799163074014,0.46452900689181015,1.0,0.9985404014587402,0.012021858245134354,1.1014959812164307,0.05314689874649048
27,1.390476909386341,0.953125,0.8739413377202925,0.6690296176861509,0.0,0.03125,0.0,61,0.024263826844654793,0.4893326163291931,0.551,1.0,63,0.984375,49,0.7777777777777778,0.8918086972261444,43.56936507936508,27.255906939394613,-0.464622181703847,0.4662777119567364,2.8253968253968256,1.4533997640964569,-0.5056313104126091,0.4543426729600191,2.305714761904763,1.4702584945305477,-0.005896619639489597,0.7026895032691494,258.1829047619048,68.51212799384429,-0.5733303399566421,0.45487599119266875,0.984375,0.9981938600540161,0.001550387591123581,1.0648607015609741,0.049528397619724274
28,1.211770233301959,0.84375,0.8949009406345861,0.6321829306539746,0.0,0.15625,0.0,54,0.01911024368091129,0.45429879426956177,0.5640000000000001,1.0,64,1.0,44,0.6875,0.9107022781736802,35.74203125,26.60641658860741,-0.5985275152080043,0.45516662050135287,2.4375,1.5194057226429023,-0.6268905020246722,0.47497658551326893,2.5245642187500015,1.7718958745885072,0.0986994202360744,0.8468528742333913,243.09432812500003,100.29264618512275,-0.6735086799728108,0.6658779719539917,1.0,1.0002754926681519,0.0048205675557255745,1.1734497547149658,0.05375990271568298
29,1.3936670602098142,0.953125,0.9104734923018784,0.6694797722842936,0.0,0.046875,0.0,61,0.024282447480582413,0.40880635380744934,0.577,1.0,64,1.0,48,0.75,0.888312362805415,32.545156250000005,19.838341900234152,-0.6532177357068565,0.3393824571981787,2.53125,1.1314916868894795,-0.5975836130033424,0.35371201382642387,2.339710781250001,1.174056212976653,0.010351302773950568,0.5611237616892966,239.949390625,65.83142407496621,-0.6943890204970468,0.4370778598559323,1.0,0.9983037114143372,0.007646095007658005,1.0648607015609741,0.04248645529150963
30,1.2708486114371143,0.84375,0.8940823944630446,0.6558350495129993,0.0,0.15625,0.0,54,0.023072854690069835,0.508590042591095,0.5900000000000001,1.0,64,1.0,45,0.703125,0.9093109313095549,38.13609375,28.381779620536676,-0.5575713295538782,0.48553846665790346,2.46875,1.39159025488827,-0.6171215390175623,0.43502059907386237,2.430910781250001,1.4944889685653275,0.05393906841961611,0.7142701197572127,236.649453125,87.65462105258803,-0.7162984602581534,0.5819697008607905,1.0,0.998123288154602,0.0005530973430722952,1.1734498739242554,0.04745027422904968
31,1.3811723310713209,0.9375,0.8616430091361205,0.6468012032300812,0.0,0.0625,0.0,60,0.028514857405848113,0.5181098580360413,0.603,1.0,64,1.0,43,0.671875,0.896523370400312,41.281875,26.221025430165295,-0.5037551902917378,0.44857357966193706,2.640625,1.2914041231833666,-0.5633922424784576,0.4037017314114417,2.327584531250001,2.0087462451107805,0.004555731028767053,0.9600521992708242,243.42042187500005,87.43472369373711,-0.6713436294613697,0.5805097253499298,1.0,0.9979010820388794,0.003789929673075676,1.0837910175323486,0.04701089486479759
32,1.4022338027757724,0.9375,0.8673128217458725,0.6571677447781996,0.0,0.0625,0.0,60,0.03977387138979572,0.4986318051815033,0.6160000000000001,1.0,64,1.0,54,0.84375,0.905810211499982,33.88703125,22.13058881952813,-0.6302617428601242,0.3785968429511414,2.453125,1.4134364981756344,-0.6220060205211173,0.44184988363445715,2.9714851562500018,1.9160121501368037,0.3122990374059331,0.9157312343685371,257.960890625,85.8865407265447,-0.5748043694976956,0.5702307968978384,1.0,0.9987840056419373,0.004065040498971939,1.0837910175323486,0.04393952339887619
33,1.4317802436800795,0.9375,0.9135701229174932,0.6412569101846703,0.0,0.0625,0.0,60,0.038206539992016376,0.4941161870956421,0.629,0.984375,64,0.984375,46,0.71875,0.9047721477273372,35.76140624999999,22.918862037303708,-0.5981960593261931,0.39208214847403056,2.578125,1.3555982016714982,-0.5829301684926775,0.423769237908276,2.956860937500002,1.6752224803055271,0.3053095964012627,0.8006491762709183,264.33940625,85.8845724113037,-0.5324551723231383,0.5702177285642098,1.0,0.9987847805023193,0.01567239686846733,1.0837910175323486,0.05056801438331604
34,1.450120460981378,0.9375,0.8773019810517629,0.6716676722786278,0.0,0.03125,0.0,60,0.040005289869992466,0.4413682222366333,0.6420000000000001,1.0,62,0.96875,51,0.8225806451612904,0.8926444538731442,31.120967741935484,27.22975546960426,-0.6775818986903889,0.46583032829325144,2.338709677419355,1.4249340492615992,-0.6577730302406971,0.4454440964738538,3.0731540322580666,1.5892494760394953,0.36089025605612773,0.7595595801985323,262.7546129032258,79.74394918118523,-0.5429771698958052,0.529447982241459,0.96875,1.0001051425933838,0.008909853175282478,1.0837910175323486,0.05231219530105591
35,1.3990441178670685,0.921875,0.8834072442378028,0.6261281230153222,0.0,0.078125,0.0,59,0.0456462576262511,0.5656896829605103,0.655,1.0,64,1.0,51,0.796875,0.9058881434523756,40.402812499999996,28.841942303524633,-0.5187936644132698,0.4934106539026205,2.578125,1.4556429797086234,-0.5829301684926775,0.45504391745065037,2.6277140625000017,1.7046658482435426,0.14799844672469306,0.8147212225593099,257.16739062500005,88.17865536593476,-0.5800726936554824,0.5854489480347213,1.0,0.9990031719207764,0.0031578948255628347,1.1014959812164307,0.05537184327840805
36,1.4412527136266933,0.9375,0.9064324254790942,0.6438320947290168,0.0,0.046875,0.0,60,0.03877136353515484,0.4909805357456207,0.6679999999999999,1.0,63,0.984375,49,0.7777777777777778,0.8992468391336798,31.344444444444445,28.348957248412336,-0.6737587932713244,0.4849769611974849,2.507936507936508,1.562182192421218,-0.6048715695324562,0.4883488015401209,2.8343265079365096,1.5829575580159667,0.24674597798746004,0.7565524458973119,256.2123650793651,71.94016554435542,-0.5864134424309992,0.47763593201328586,0.984375,0.9983647465705872,0.0010188487358391285,1.0837910175323486,0.05181244760751724
37,1.4484506851466818,0.9375,0.8910108983516694,0.6521645840396264,0.0,0.0625,0.0,60,0.030658757726196438,0.42128416895866394,0.681,1.0,64,1.0,47,0.734375,0.9044096172050231,33.15609375,25.586554123771943,-0.6427661833045832,0.43771942501189687,2.203125,1.1749958444075452,-0.7001577245779967,0.3673117100008068,2.5754950000000014,1.8958232639163013,0.12304107546936004,0.9060822383024597,238.79198437500003,81.5387538924154,-0.702073445584947,0.5413643187489376,1.0,0.9985551238059998,0.0032034169416874647,1.0837911367416382,0.055406682193279266
38,1.438527470599058,0.921875,0.890352614350238,0.659286098061485,0.0,0.078125,0.0,59,0.03831620418067701,0.45907604694366455,0.6940000000000001,1.0,64,1.0,50,0.78125,0.8966545124380289,36.15375,30.715408414385443,-0.5914840777195156,0.5254607887061724,2.578125,1.4874967174333529,-0.5829301684926775,0.46500161298572446,2.538324062500001,1.5715739646019689,0.10527574528756511,0.7511118164901311,245.9821875,81.16411917911205,-0.6543351710760184,0.5388769877969002,1.0,0.9973726272583008,0.00386740337125957,1.1014961004257202,0.05542195215821266
39,1.3443360966213787,0.875,0.9005209031913962,0.6550204258169087,0.0,0.125,0.0,56,0.03047553721080932,0.4106331765651703,0.7070000000000001,0.96875,64,0.96875,48,0.75,0.8999465975607163,28.872500000000002,23.584941368911647,-0.7160473365292185,0.4034770342657385,2.296875,1.3190868941714946,-0.6708508355566669,0.4123555543143959,2.611397656250001,1.420178035515864,0.14020024834964379,0.6787542476665246,239.79810937500002,78.8989720220021,-0.69539342965142,0.5238378832112095,1.0,0.9969309568405151,0.007869590073823929,1.1478067636489868,0.05326652154326439
40,1.3547596084962858,0.859375,0.8795651804317127,0.6729402131372598,0.0,0.140625,0.0,55,0.03326796224749364,0.48065799474716187,0.72,0.984375,64,0.984375,47,0.734375,0.8987801689245034,32.4034375,27.917961356599694,-0.6556421751004273,0.47760374192637395,2.453125,1.5902995737831913,-0.6220060205211173,0.4971384866083423,2.7426954687500014,1.522087361766658,0.2029522031855926,0.7274603861503762,240.852359375,97.63277658101164,-0.6883938950032196,0.6482181669232386,1.0,0.9995381236076355,0.0038546256255358458,1.1611263751983643,0.0542624369263649
41,1.4670196991365685,0.921875,0.9059771435745692,0.6690912426494083,0.0,0.078125,0.0,59,0.03338063634726303,0.44582799077033997,0.7330000000000001,1.0,64,1.0,49,0.765625,0.8887383448580127,32.324687499999996,30.071211002424626,-0.6569893828781118,0.5144402456743282,2.40625,1.4654217609616693,-0.6366594650317822,0.45810083112475036,2.7185487500000014,1.6361950627183997,0.19141161636556195,0.7819965673724179,247.18598437500003,83.27966485611381,-0.6463427423959536,0.5529228358083063,1.0,0.9975441098213196,0.005443658214062452,1.1014961004257202,0.04755229502916336
42,1.3981173291122424,0.875,0.9016260989010334,0.6772230478858374,0.0,0.109375,0.0,56,0.035185293779757695,0.36385515332221985,0.746,1.0,63,0.984375,45,0.7142857142857143,0.8878953311636539,32.368095238095236,21.589299661266125,-0.6562467893241614,0.36933679261480135,2.6031746031746033,1.374826771652856,-0.5750994917965021,0.4297802199507562,2.945873015873017,1.434940250272747,0.3000580727958903,0.6858096419344413,258.51874603174605,85.63775822317551,-0.5711005722501689,0.5685790428051671,0.984375,0.995987594127655,0.007552870083600283,1.1478067636489868,0.04705188050866127
43,1.4901967421408413,0.9375,0.8877437820037206,0.6734148143006198,0.0,0.046875,0.0,60,0.03883537146907427,0.507299542427063,0.7590000000000001,1.0,63,0.984375,50,0.7936507936507936,0.8920497535441951,30.80031746031746,25.18460596628418,-0.6830673914308648,0.430843136961187,2.3174603174603177,1.4345553685961907,-0.6644157250043643,0.44845178647894873,3.082290476190479,1.5622856131987244,0.3652568917684167,0.746672578724789,263.1254920634921,81.67229295096953,-0.540514773374506,0.5422509312860377,0.984375,0.9984831809997559,0.0025239777751266956,1.0837910175323486,0.05137345939874649
44,1.454711617285178,0.921875,0.8964632966760862,0.6606965828449921,0.0,0.078125,0.0,59,0.030132766281502264,0.42903298139572144,0.772,1.0,64,1.0,51,0.796875,0.8991194392384934,35.442968750000006,23.081148197696393,-0.6036436971256387,0.3948584427913836,2.53125,1.237042213305593,-0.5975836130033424,0.3867078278405036,2.743836562500001,1.4067774089677219,0.20349757299869267,0.6723496054572538,258.03221875,76.59504642078466,-0.5743307971170184,0.5085413149659186,1.0,0.9987462759017944,0.007218479178845882,1.1014959812164307,0.0522117055952549
45,1.4823336845559816,0.921875,0.8581646857625347,0.65660371963914,0.0,0.078125,0.0,59,0.051729525510623015,0.5129303336143494,0.7850000000000001,1.0,64,1.0,49,0.765625,0.8935743237584135,44.1340625,30.02863506923173,-0.45496167685155936,0.5137118821398566,3.0,1.845602882529175,-0.45104916789669336,0.5769480411277753,2.533280468750001,1.5770635906016426,0.10286523012981356,0.7537355065291239,272.82665625000004,95.12033070836826,-0.4761053497545435,0.6315371596315184,1.0,0.9986686706542969,0.014265335164964199,1.1014961004257202,0.05214527249336243
46,1.5371463759217037,0.921875,0.9062995905593291,0.6807651889125322,0.0,0.0625,0.0,59,0.04279425964111168,0.4884049594402313,0.798,1.0,63,0.984375,43,0.6825396825396826,0.8898003996866404,41.18904761904762,26.677815985564433,-0.5053432254612757,0.4563880785699557,2.8253968253968256,1.4964474602403395,-0.5056313104126091,0.46779967619748786,2.725942698412699,1.4382981767332914,0.19494545069241292,0.6874145159653359,268.8204126984127,93.22670768013482,-0.5027042025394293,0.6189647337394144,0.984375,0.9981105923652649,0.0018450184725224972,1.1014958620071411,0.051403578370809555
47,1.3815534232207058,0.84375,0.9125028542346425,0.637122578676312,0.0,0.140625,0.0,54,0.039449789279919545,0.45387107133865356,0.8109999999999999,1.0,63,0.984375,44,0.6984126984126984,0.9044223949507321,40.779047619047624,30.356666887024932,-0.51235725960541,0.5193236537748906,2.6825396825396823,1.688668084384538,-0.5502894270165404,0.5278891535244722,2.4674642857142874,1.6166557045732577,0.07140930510949661,0.7726580041739839,251.02287301587305,99.80449174745598,-0.6208682961231737,0.6626369438296176,0.984375,0.998573899269104,0.0069755855947732925,1.1734495162963867,0.05716414749622345
48,1.5356706373102453,0.921875,0.9129488023660951,0.6789195425221055,0.0,0.078125,0.0,59,0.026598368495420875,0.48345261812210083,0.8240000000000001,0.984375,64,0.984375,47,0.734375,0.8891671312320044,39.600468750000005,26.847806092263355,-0.5325196801640814,0.4592961673810564,2.828125,1.375621308491185,-0.504778464435798,0.4300285975821617,2.3658139062500014,1.586584297893018,0.022826926623945476,0.7582857955444468,253.574484375,82.87712044402552,-0.6039272554620863,0.5502502026000051,1.0,1.0000263452529907,0.0015932023525238037,1.1014959812164307,0.05502406880259514
49,1.5868322722704278,0.9375,0.9283745716015498,0.7039976062484644,0.0,0.0625,0.0,60,0.01731788953121973,0.43617379665374756,0.837,1.0,64,1.0,41,0.640625,0.8842546855534662,38.547812500000006,26.602715290733837,-0.5505278920653897,0.45510330091680934,2.640625,1.24206465587545,-0.5633922424784576,0.3882778776219522,2.413725468750001,1.4286892049455362,0.045725588443766,0.6828220421673042,245.01753125,66.04653391808519,-0.6607398614677457,0.4385060493746236,1.0,0.9978793859481812,0.0015455950051546097,1.0837910175323486,0.05272422730922699
50,1.60874699504147,0.96875,0.8778995294724742,0.6719333992888301,0.0,0.03125,0.0,62,0.03379272853952447,0.48769882321357727,0.8500000000000001,1.0,64,1.0,47,0.734375,0.8746531994248141,40.435781250000005,21.949921896550073,-0.5182296548079296,0.37550610156947367,2.5625,1.1301963325015703,-0.5878146499962325,0.3533070772153332,2.4692334375000007,1.1282948984241934,0.07225484648479573,0.5392527808301936,256.742125,68.290824744823,-0.5828961809468048,0.45340668148502455,1.0,1.0009816884994507,0.0015641292557120323,1.0446385145187378,0.05720079690217972
51,1.5676248235064905,0.953125,0.8785297499328363,0.671017078797245,0.0,0.03125,0.0,61,0.027639688544053215,0.42640283703804016,0.863,1.0,63,0.984375,49,0.7777777777777778,0.8827874552564872,44.63174603174602,27.581961470110762,-0.44644760542560824,0.4718556573501334,2.8412698412698414,1.3939364063555648,-0.5006692974566168,0.4357540220144409,2.309050952380953,1.5631282291525859,-0.004302134018596307,0.7470752952459098,262.49814285714285,71.76772853080736,-0.544679964274542,0.4764910623419917,0.984375,0.9992406368255615,0.004446640145033598,1.0648607015609741,0.06423920392990112
52,1.5844122609602902,0.9375,0.896786970893542,0.6811239810551527,0.0,0.0625,0.0,60,0.03157179479567704,0.5219797492027283,0.8760000000000001,1.0,64,1.0,46,0.71875,0.8723563468514907,43.25796875,26.024284342927157,-0.46994936337829757,0.4452078511169556,2.75,1.4577379737113252,-0.5292008719535729,0.4556988268558507,2.652775625000001,1.3788295063770077,0.15997627033175638,0.658992295935193,268.30679687500003,91.44714642848005,-0.506114277713099,0.6071496038939765,1.0,0.997818112373352,0.004227336961776018,1.0837911367416382,0.06331723183393478
53,1.6277963491229552,0.953125,0.9120895276304151,0.7013208186850234,0.0,0.03125,0.0,61,0.022692219321141287,0.4004606604576111,0.889,0.984375,63,0.984375,48,0.7619047619047619,0.8810004585421627,45.31126984126985,23.954781508451752,-0.43482271956767565,0.4098040375989232,2.8412698412698414,1.129775215826936,-0.5006692974566168,0.3531754332724155,2.4326338095238103,1.3648438657321798,0.05476256570689299,0.6523080544129205,257.43023809523805,69.55507500288962,-0.5783275573262221,0.46180048132883195,0.984375,0.9990354776382446,0.0010198878590017557,1.0648608207702637,0.0553986132144928
54,1.5876236827997143,0.953125,0.8930577088574894,0.6290299519940412,0.0,0.046875,0.0,61,0.029233885235287277,0.40950506925582886,0.9020000000000001,1.0,64,1.0,53,0.828125,0.8855288398819011,49.41484375,29.479129693320086,-0.3646212378388656,0.5043112736788087,3.234375,1.5982626065121464,-0.37778194534336884,0.49962778491725646,2.577805312500001,1.5005126202161818,0.1241452570463144,0.7171490398941486,279.94729687500006,90.37561916241569,-0.4288289250240974,0.6000353594307949,1.0,0.9986734986305237,0.010054844431579113,1.0648608207702637,0.061288971453905106
55,1.6827179695667112,0.984375,0.9229634640708803,0.6647449270050099,0.0,0.015625,0.0,63,0.02622564963883825,0.43361756205558777,0.915,1.0,64,1.0,44,0.6875,0.8767005774908037,42.894375000000004,23.585340247903467,-0.4761695072248679,0.4034838580483434,2.78125,1.3859648038460428,-0.519431908946463,0.43326204473370794,2.501146093750001,1.3357993502810617,0.08750705461808184,0.6384266340974024,259.6496875,78.11822769684487,-0.5635918561087122,0.5186542484421092,1.0,1.0006920099258423,0.020738491788506508,1.0230478048324585,0.0552307590842247
56,1.5366941112469608,0.90625,0.8992665363796826,0.6501783659977876,0.0,0.09375,0.0,58,0.0279234723633333,0.4349977374076843,0.9280000000000002,1.0,64,1.0,46,0.71875,0.8864058422106138,41.35453125000001,26.957310228957812,-0.5025122307349456,0.46116949848763905,2.734375,1.4495924804492468,-0.5340853534571278,0.45315249014058967,2.7027226562500015,1.4624049992630328,0.18384775599866146,0.6989360349443711,263.65475,86.31196445398668,-0.5370008447385829,0.5730553338865951,1.0,0.9952911138534546,0.017051152884960175,1.1180338859558105,0.056973617523908615
57,1.605579508953563,0.90625,0.9138510453289953,0.6980036451125881,0.0,0.09375,0.0,58,0.032763703976915054,0.4340100884437561,0.9410000000000001,1.0,64,1.0,50,0.78125,0.8877954656857565,37.94375,24.67246412374532,-0.5608618310902461,0.42208172142409567,2.734375,1.3946570759061168,-0.5340853534571278,0.4359793082281911,2.3897843750000014,1.5046176309851909,0.03428327721924971,0.7191109724311278,241.210265625,76.0269320323895,-0.6860176301725981,0.5047694047494488,1.0,1.000303030014038,0.01571594923734665,1.1180340051651,0.05831792205572128
58,1.6825609760511258,0.96875,0.8842083109963325,0.671934072113978,0.0,0.03125,0.0,62,0.025530281965908896,0.4730471968650818,0.954,1.0,64,1.0,53,0.828125,0.8812394085279003,47.27859375,27.46635054179861,-0.4011669218398583,0.4698778549144834,3.171875,1.4848683390708417,-0.39731987135758867,0.46417996399397854,2.171546093750001,1.4620731463539811,-0.070020659820639,0.6987774304835315,268.614171875,76.3024997621627,-0.504073507532885,0.5065989953327767,1.0,0.9986388683319092,0.0019723866134881973,1.0446385145187378,0.05253523588180542
59,1.712024677508099,0.984375,0.8861196438471476,0.6787500987947354,0.0,0.015625,0.0,63,0.03977977014033878,0.4084089398384094,0.9670000000000001,1.0,64,1.0,54,0.84375,0.8861719113845064,45.744375000000005,29.05673409873131,-0.4274134162229585,0.4970851831354487,2.984375,1.4842105172026643,-0.45593364940024833,0.46397432439412273,2.288902812500001,1.5060371739420042,-0.013931655941041716,0.7197894231518025,265.5453125,73.45125383499999,-0.5244487387643462,0.4876685759277814,1.0,0.9993897676467896,0.0019550342112779617,1.0230478048324585,0.055402569472789764
60,1.6020756983496462,0.90625,0.906471848487854,0.6594570118432053,0.0,0.078125,0.0,58,0.04288030266698982,0.5509020686149597,0.98,0.984375,63,0.96875,52,0.8253968253968254,0.8947295096557638,36.83428571428571,21.744434990618277,-0.5798418808017038,0.3719907548026977,2.6031746031746033,1.2284934965644032,-0.5750994917965021,0.3840354407172094,2.661805873015875,1.578002094626767,0.1642921511896307,0.7541840514140431,263.0461746031747,74.99284635651631,-0.5410413897479461,0.49790374810493154,0.984375,0.998021125793457,0.00520020816475153,1.1180341243743896,0.05309390649199486
61,1.6437633464367973,0.9375,0.8941957667469979,0.6813608771116405,0.0,0.0625,0.0,60,0.02526098038936562,0.45183834433555603,0.9930000000000001,1.0,64,1.0,53,0.828125,0.8965222708311522,36.198750000000004,24.881477391575846,-0.5907142447036959,0.4256573950756576,2.5625,1.3678792892649556,-0.5878146499962325,0.42760838960067793,2.849324062500002,1.5464557977534878,0.25391384962749924,0.7391069396256541,261.04271875,80.8046468646507,-0.5543430341970204,0.53649032531633,1.0,0.9992980360984802,0.0035211266949772835,1.0837911367416382,0.05977398157119751
62,1.6411222241692678,0.921875,0.8875648333864697,0.6915660368877069,0.0,0.0625,0.0,59,0.04040030978776771,0.4418300688266754,1.006,1.0,63,0.984375,46,0.7301587301587301,0.8920074125875147,40.0311111111111,25.948010787819502,-0.5251525088842183,0.44390300887349315,2.7142857142857144,1.2270570215928691,-0.5403654011045556,0.38358638884976765,2.686787142857144,1.5266592658340368,0.17623160004239796,0.7296454638153255,263.82255555555554,72.20333687355101,-0.535886724937519,0.4793832185554889,0.984375,0.998036801815033,0.0020586722530424595,1.1014959812164307,0.05283301696181297
63,1.6963136389390048,0.953125,0.8860754512372564,0.6550143844481233,0.0,0.046875,0.0,61,0.03759892946601008,0.5128732919692993,1.0190000000000001,1.0,64,1.0,46,0.71875,0.8920187494646334,39.356406250000006,22.509510237840825,-0.5366949550623807,0.38507920335599277,2.9375,1.529654781315052,-0.47058709391091325,0.4781805111140987,2.7054710937500013,1.337999781280483,0.18516133329736484,0.6394782993465498,266.25660937500004,95.56767568973333,-0.5197261899175646,0.6345072394956526,1.0,0.9976999163627625,0.0019960079807788134,1.0648607015609741,0.05415981635451317
64,1.5123341764148748,0.84375,0.8905330223065836,0.713010698246604,0.0,0.15625,0.0,54,0.026295092818158883,0.3932892680168152,1.032,1.0,64,1.0,48,0.75,0.8962809559966866,38.480000000000004,23.64324447648842,-0.551687987651729,0.4044744488687937,2.515625,1.2118192354369524,-0.6024680945068974,0.37882295303321073,2.2888150000000014,1.5822598225658937,-0.013973624698396277,0.756218972988535,233.816671875,78.90388460673506,-0.7351062862103926,0.5238704995802402,1.0,0.9983509182929993,0.004122497048228979,1.1734496355056763,0.06312619149684906
65,1.6813053497613726,0.9375,0.8995100433627764,0.6518190274710054,0.0,0.0625,0.0,60,0.028029752729017417,0.5015307068824768,1.0450000000000002,1.0,64,1.0,45,0.703125,0.8988333889901271,39.3728125,32.40480932037472,-0.5364142867753633,0.5543620463591975,2.859375,1.703554991591114,-0.49500950142868805,0.5325429021897944,2.758321093750001,1.4634508753917042,0.21042025231461717,0.6994358968258505,253.04764062500004,86.46588634910582,-0.6074251554690226,0.5740772752079166,1.0,0.9980427622795105,0.0042553190141916275,1.0837911367416382,0.05772578716278076
66,1.819605336639371,1.0,0.8944757450371981,0.659908035775741,0.0,0.0,0.0,64,0.03389848053909596,0.4548317492008209,1.058,1.0,64,1.0,51,0.796875,0.8816043761870043,39.36890625,26.164937721905837,-0.5364811125579865,0.44761406478194177,2.671875,1.3116626793406145,-0.5536232794713477,0.4100346941531254,2.6608232812500017,1.560001398701352,0.16382253518506665,0.7455808703235182,251.533109375,63.236731336531506,-0.6174806583954232,0.4198507868427871,1.0,0.997850775718689,0.004726890940219164,0.9999999403953552,0.062230173498392105
67,1.7345560444720454,0.9375,0.9241076365113259,0.6898281172176346,0.0,0.0625,0.0,60,0.030551064917610424,0.3672289550304413,1.0710000000000002,1.0,64,1.0,47,0.734375,0.8949184441897938,34.68421875,23.092789175187317,-0.6166239371423752,0.3950575896538042,2.578125,1.4230764155079656,-0.5829301684926775,0.44486338750041365,2.610674843750001,1.4359737077611239,0.13985479021526034,0.6863035685003198,248.8905,72.76235659172437,-0.6350258667254896,0.4830947460739919,1.0,0.9985299110412598,0.003789929673075676,1.0837911367416382,0.06591392308473587
68,1.6583748481254248,0.890625,0.9059773824716869,0.6910567173077299,0.0,0.109375,0.0,57,0.03637379013045789,0.4908130168914795,1.084,1.0,64,1.0,43,0.671875,0.8928244781318748,32.002187500000005,23.118274729417934,-0.6625065194914856,0.39549358123320844,2.375,1.2183492931011204,-0.6464284280388921,0.38086429356938845,3.1221739062500022,1.555047666050605,0.38431861986687926,0.743213303022509,254.83043750000002,83.28256199226882,-0.5955885431880018,0.5529420709089917,1.0,0.9985682964324951,0.00159744406118989,1.1334559917449951,0.06520143896341324
69,1.6309576332180098,0.890625,0.9080043027275487,0.6485048989799467,0.0,0.09375,0.0,57,0.0360428134215096,0.4209415316581726,1.097,1.0,63,0.984375,45,0.7142857142857143,0.8930277877640345,36.91238095238096,24.143345838953636,-0.5785058742980591,0.41302988309284033,2.5873015873015874,1.2678555903311655,-0.5800615047524944,0.396340299529686,2.6200450793650805,1.688048177867793,0.14433316339546598,0.8067790392049777,247.87085714285718,80.74746765813664,-0.6417956324426928,0.5361106925564042,0.984375,0.998497486114502,0.0010863661300390959,1.1334558725357056,0.06867855042219162
70,1.7592006732791323,0.9375,0.8982736309369405,0.6803381884608747,0.0,0.0625,0.0,60,0.04046338425896781,0.4480670690536499,1.1099999999999999,1.0,64,1.0,52,0.8125,0.8972025339785663,35.4675,21.528294463333598,-0.6032240312107648,0.36829315227024423,2.546875,1.4462201541864226,-0.5926991314997875,0.45209827796428775,3.1341312500000016,1.4091285798028483,0.3900334652300332,0.6734733147045608,268.267125,83.84092168999653,-0.50637767317302,0.5566492163208048,1.0,0.9973213076591492,0.004067107103765011,1.0837910175323486,0.05590355768799782
71,1.8031853431969231,0.953125,0.9037317130409304,0.7043238915096525,0.0,0.046875,0.0,61,0.03513828459828215,0.46300604939460754,1.123,1.0,64,1.0,46,0.71875,0.8798466216494103,36.609375,25.161434458002887,-0.5836895184343419,0.4304467326922697,2.5625,1.4238482187368147,-0.5878146499962325,0.4451046584505383,2.954121875000001,1.1826838693490171,0.30400049975281024,0.5652472294966424,259.53521875,72.94586783779054,-0.5643518541943289,0.4843131414500172,1.0,0.9977965950965881,0.011874032206833363,1.0648608207702637,0.06066698208451271
72,1.6544723387034597,0.875,0.9258073387401444,0.6333137393084962,0.0,0.109375,0.0,56,0.041989551044625706,0.491305410861969,1.136,1.0,63,0.984375,49,0.7777777777777778,0.9012560184257284,36.84317460317462,28.492332069300534,-0.5796898150208009,0.4874297316587507,2.7142857142857144,1.597901117672621,-0.5403654011045556,0.4995147810420307,2.700770952380953,1.8098817595288619,0.18291496640596605,0.8650076971568934,249.42639682539686,91.32334567054355,-0.6314678601831836,0.6063276473422572,0.984375,0.9969691038131714,0.002617801073938608,1.1478067636489868,0.05686173588037491
73,1.7014974875925306,0.890625,0.913856541901304,0.672960395171587,0.0,0.09375,0.0,57,0.028092546182697808,0.4777957797050476,1.149,1.0,63,0.984375,43,0.6825396825396826,0.8950904582697103,32.017142857142865,21.55071946123962,-0.6622506722094423,0.3686767856873051,2.3015873015873014,1.3048738993374356,-0.6693777379603568,0.4079124752502626,2.765290000000001,1.496587577922014,0.2137509436789989,0.7152731207749873,243.40033333333335,79.57153160441878,-0.671477004318783,0.5283032416177591,0.984375,0.9988303780555725,0.0036900369450449944,1.133455753326416,0.05334790423512459
74,1.7621240545093064,0.921875,0.9026387773327909,0.6734156357465683,0.0,0.078125,0.0,59,0.035201051994653634,0.46289587020874023,1.162,1.0,64,1.0,44,0.6875,0.8959123639355125,42.045156250000005,26.735663038357323,-0.49069743236715835,0.4573776912612408,2.8125,1.4670868242881878,-0.509662945939353,0.45862134127007054,2.1030929687500004,1.2125191151904067,-0.10273687440631295,0.5795065683531698,240.85290625000002,82.23244486775712,-0.6883902641087345,0.5459699758673142,1.0,0.998758852481842,0.0,1.1014959812164307,0.054043278098106384
75,1.8389621203429418,0.96875,0.9250488175499824,0.6186851629834017,0.0,0.03125,0.0,62,0.026854295095312807,0.41545647382736206,1.175,1.0,64,1.0,43,0.671875,0.8836453411755296,43.3803125,22.547713643013648,-0.467856379866538,0.3857327643030766,2.890625,1.1873971994977082,-0.48524053842157816,0.3711884581324496,2.6528159375000016,1.574970433265852,0.1599955371278376,0.7527351112285543,271.183234375,79.77419933645965,-0.4870166026411205,0.5296488236073179,1.0,0.9992113709449768,0.0,1.0446385145187378,0.04806113988161087
76,1.8675736805464096,0.953125,0.9299554629404037,0.6819122032353608,0.0,0.046875,0.0,61,0.02971952430046336,0.3937559723854065,1.1880000000000002,1.0,64,1.0,41,0.640625,0.8900460084812973,34.57234375,22.759333781864882,-0.6185378275567045,0.3893530347408547,2.40625,1.3660933121496497,-0.6366594650317822,0.42705008098080693,2.4850801562500013,1.49448302004248,0.07982856428224969,0.7142672767438374,234.460625,68.62910748602322,-0.7308308560844694,0.45565265897415824,1.0,0.9993084669113159,0.0011280316393822432,1.0648607015609741,0.057286422699689865
77,1.860554066985621,0.953125,0.9094413714330705,0.6787989488189895,0.0,0.046875,0.0,61,0.03333527558153611,0.48887449502944946,1.201,1.0,64,1.0,52,0.8125,0.8965892522372999,44.23734375,28.98724451386913,-0.4531948031590011,0.49589639698694854,2.6875,1.260890062614501,-0.5487387979677927,0.394162828086835,2.326058906250001,1.6090084924215737,0.0038265798778550253,0.7690031259819852,251.53,74.81519069284163,-0.6175013026240662,0.49672422998936117,1.0,0.9995941519737244,0.00473684212192893,1.0648607015609741,0.050752557814121246
78,1.7361299700433515,0.921875,0.895651782973338,0.6373907199438666,0.0,0.078125,0.0,59,0.02091530782039324,0.42588117718696594,1.214,1.0,64,1.0,43,0.671875,0.8998618833890892,38.875,29.694577156443906,-0.5449305645128679,0.5079970196851931,2.671875,1.620712492817588,-0.5536232794713477,0.5066457723998703,2.546200156250001,1.5533392462706488,0.10904001424127453,0.7423967876607419,252.9335625,93.3590055380765,-0.6081825600585788,0.6198431055113334,1.0,0.9985895752906799,0.009819121100008488,1.1014961004257202,0.05687524005770683
79,1.826419645638182,0.9375,0.9056335131327311,0.6707254463651444,0.0,0.0625,0.0,60,0.03937073283140277,0.4207789897918701,1.227,0.984375,64,0.984375,44,0.6875,0.8876875765056993,37.51375,27.61855974136776,-0.5682180132414114,0.4724817586287014,2.78125,1.5254994059323654,-0.519431908946463,0.4768815124454869,2.7959853125000014,1.5260444557979895,0.22842133937714007,0.7293516239494502,264.65021875,80.43872190728266,-0.5303915793775905,0.5340608214816238,1.0,1.0002883672714233,0.004646360408514738,1.0837910175323486,0.06060342490673065
80,1.8180143556978245,0.9375,0.8885462875167529,0.6824462250463317,0.0,0.0625,0.0,60,0.031503792900571134,0.42023077607154846,1.24,1.0,64,1.0,54,0.84375,0.8894427602506637,36.135156249999994,22.663864547459372,-0.5918021684448023,0.38771980432662395,2.703125,1.4326514699587614,-0.5438543164642378,0.44785661478748207,2.8579581250000015,1.3699540450799301,0.2580403791540345,0.654750393226704,269.27868750000005,81.29997804425349,-0.4996615557743283,0.5397790023416692,1.0,0.9995123744010925,0.0024679170455783606,1.0837911367416382,0.05958946794271469
81,1.7888687995772963,0.9375,0.8809580460190773,0.6381003231819613,0.0,0.0625,0.0,60,0.028836559180552793,0.4040948748588562,1.2530000000000001,1.0,64,1.0,45,0.703125,0.888872525236974,40.82781250000001,26.70014703077202,-0.511523019263862,0.4567701047005904,2.8125,1.6665364532466729,-0.509662945939353,0.5209706547765424,2.455105468750001,1.641119682453807,0.06550258123343317,0.7843502205623406,261.96726562500004,99.64545680690907,-0.5482046439808018,0.6615810552105683,1.0,1.000652551651001,0.008886565454304218,1.0837912559509277,0.0634889155626297
82,1.8589687289766448,0.9375,0.9096671491861343,0.6705774165730836,0.0,0.0625,0.0,60,0.03277176891941477,0.36118149757385254,1.266,1.0,64,1.0,43,0.671875,0.8766867602191186,31.822812499999998,23.164039106227648,-0.6655751594295445,0.3962764907491313,2.375,1.231107225224513,-0.6464284280388921,0.38485251011212895,2.8219632812500013,1.555867463506147,0.24083714654627844,0.743605113761205,250.32492187499997,84.82673678064764,-0.62550223797121,0.5631943876594165,1.0,1.0004544258117676,0.005670103244483471,1.083790898323059,0.07661046087741852
83,1.9395345895979357,0.96875,0.9138488610905986,0.6842316584648854,0.0,0.03125,0.0,62,0.02692471425528546,0.41964957118034363,1.279,1.0,64,1.0,51,0.796875,0.8847485683789484,37.11921875,26.057320486806553,-0.5749674172863578,0.44577301365637173,2.71875,1.3632308819492023,-0.5389698349606828,0.42615526578917157,2.633295781250001,1.4078607419590168,0.15066615120687496,0.6728673693228324,259.08625,77.8005075511642,-0.5673327148266119,0.5165447932197964,1.0,0.9991266131401062,0.0025746652390807867,1.0446385145187378,0.07607252895832062
84,1.8980497018433544,0.953125,0.9254510124198726,0.6448691412632007,0.0,0.046875,0.0,61,0.019162552988405558,0.3429940342903137,1.292,1.0,64,1.0,43,0.671875,0.8856967292710711,26.777500000000003,19.77179240736661,-0.7518873402657097,0.33824396838050125,2.25,1.0897247358851685,-0.6855042800673319,0.3406553802494355,3.151894843750002,1.4745006020302196,0.39852332664889084,0.7047169592728711,252.130125,78.33723736203383,-0.6135168627561494,0.5201083302441305,1.0,0.9994339942932129,0.00964467041194439,1.0648607015609741,0.0670572817325592
85,1.856109440920334,0.921875,0.900649564751124,0.6805680972262484,0.0,0.0625,0.0,59,0.02770270708866379,0.3968544006347656,1.305,1.0,63,0.984375,45,0.7142857142857143,0.8801652716608389,31.080952380952382,20.048395471900797,-0.6782664574909385,0.3429759277439524,2.3174603174603177,0.9566043919567849,-0.6644157250043643,0.29904105335887127,3.172246825396827,1.4770019523912974,0.40825027189501684,0.7059124447261207,265.5401428571429,82.80576054818727,-0.5244830618322118,0.5497764192816158,0.984375,0.9976603388786316,0.007700205314904451,1.1014958620071411,0.06413675099611282
86,1.9817182414136774,0.96875,0.9187529317794307,0.7010358927439956,0.0,0.03125,0.0,62,0.02079301763606529,0.417702853679657,1.318,1.0,64,1.0,50,0.78125,0.8811349769601277,29.079531250000002,20.059488981969942,-0.7125055700501872,0.3431657088620092,2.25,1.0307764064044151,-0.6855042800673319,0.32222773064852644,3.266520781250002,1.585396389360665,0.45330719178775813,0.7577180512602726,257.612125,75.3099236400614,-0.5771199465204975,0.5000089351405789,1.0,0.9985341429710388,0.0010610079625621438,1.0446386337280273,0.07137603312730789
87,1.9966986821887385,0.953125,0.9436766153476277,0.6974505946380356,0.0,0.046875,0.0,61,0.02663906200541853,0.43791013956069946,1.331,1.0,64,1.0,53,0.828125,0.8663347102488603,29.675625,21.9449334183172,-0.7023079556218822,0.3754207616751989,2.25,1.1319231422671772,-0.6855042800673319,0.3538468897183902,3.009186562500002,1.400382180148981,0.3303178977144532,0.6692930952050423,260.21165625000003,71.65951474054644,-0.5598607489360008,0.47577259312278897,1.0,0.9986950159072876,0.019377868622541428,1.0648608207702637,0.058620378375053406
88,1.8905428302086815,0.921875,0.9296884829715147,0.6457626908438502,0.0,0.078125,0.0,59,0.03238389877150216,0.4511507451534271,1.344,1.0,64,1.0,52,0.8125,0.8952001149792451,33.12468750000001,27.235516447321935,-0.6433034625968739,0.465928883645484,2.53125,1.5203695068962677,-0.5975836130033424,0.4752778710402437,3.233439062500002,1.4911372634929525,0.4374962465681219,0.712668219151861,275.249578125,88.30667334508279,-0.4600187236089939,0.586298904193734,1.0,0.997483491897583,0.0009803922148421407,1.1014959812164307,0.0667334571480751
89,1.9469629723997857,0.9375,0.9209103951851527,0.6996999856186232,0.0,0.0625,0.0,60,0.021072195116983813,0.40425077080726624,1.357,1.0,64,1.0,52,0.8125,0.879402346338709,30.22984375,20.18194501684825,-0.6928267135832981,0.34526061327613544,2.265625,1.2021099614323973,-0.6806197985637769,0.3757877677987662,2.8301670312500016,1.2941202854022604,0.2447580142262745,0.6185067074278008,241.9034375,70.74128816965624,-0.6814154195430314,0.4696761656171267,1.0,0.9989611506462097,0.0044843051582574844,1.0837910175323486,0.06840845942497253
90,1.926683240410104,0.921875,0.9350958213967792,0.695948927835027,0.0,0.078125,0.0,59,0.021827306810723937,0.34920406341552734,1.37,1.0,64,1.0,51,0.796875,0.8809095496622318,31.775624999999998,20.79573873680315,-0.6663824148836331,0.3557610281766693,2.265625,1.2530236866775504,-0.6806197985637769,0.39170374534993607,2.910070312500002,1.6455696433197635,0.2829466709965016,0.7864770171781048,253.48431250000002,86.6886376659081,-0.6045259380927295,0.5755561991442599,1.0,0.9989694356918335,0.0,1.1014959812164307,0.06716705113649368
91,1.8385839437398153,0.890625,0.9183253776608852,0.6793723290136877,0.0,0.109375,0.0,57,0.022355221442010235,0.41968095302581787,1.383,1.0,64,1.0,55,0.859375,0.8909436638858159,33.82,22.914362035631715,-0.6314084732899389,0.39200516514384515,2.34375,1.277433339748106,-0.656197391046002,0.3993343692815407,2.7694289062500013,1.394714172552613,0.21572907608748998,0.6665841501744684,250.30964062500004,88.14700521241622,-0.6256036955371027,0.5852388115906387,1.0,0.9978679418563843,0.0036649215035140514,1.1334558725357056,0.06688512116670609
92,1.848575604065605,0.90625,0.924669079739472,0.6403795228000785,0.0,0.09375,0.0,58,0.02037924812429216,0.4297492802143097,1.3960000000000001,1.0,64,1.0,53,0.828125,0.9030789242518211,39.36390625,25.8903904480738,-0.5365666495597443,0.44291727465307124,2.625,1.3050383136138188,-0.5682767239820126,0.4079638722737451,2.4846670312500017,1.649950664626712,0.07963111696117127,0.7885708650949461,248.011328125,88.78445358863772,-0.6408629964393013,0.5894710544133105,1.0,0.9988358020782471,0.0015781167894601822,1.118033766746521,0.07613708078861237
93,2.005535319994391,0.953125,0.9135678224876279,0.6996410064429852,0.0,0.046875,0.0,61,0.040225428809874814,0.4909997582435608,1.409,1.0,64,1.0,50,0.78125,0.8841438065157031,41.03812500000001,25.919156216674473,-0.5079251191274273,0.4434093821729429,2.609375,1.4536289448738284,-0.5731612054855676,0.4544143164331738,2.6836165625000015,1.4557275869359323,0.17471626546380273,0.6957446590273412,264.83414062500003,79.14119895475338,-0.5291704576923881,0.5254461125766541,1.0,0.9988154172897339,0.0034877927973866463,1.0648609399795532,0.07228817790746689
94,1.9933262748037637,0.9375,0.9403745323419571,0.6607491312340792,0.0,0.0625,0.0,60,0.02266605477847863,0.46712252497673035,1.422,0.96875,64,0.96875,44,0.6875,0.8860644261921605,33.018125,23.972915503425423,-0.6451264699468358,0.4101142631109107,2.4375,1.3448396744593758,-0.6268905020246722,0.42040604896919725,3.0625753125000017,1.57183859409925,0.3558343047661529,0.7512382924606402,262.30095312500004,85.71229022185754,-0.5459891759059416,0.5690738868243035,1.0,0.9980801939964294,0.004575495608150959,1.0837910175323486,0.06496839225292206
95,1.8890339406641186,0.921875,0.9062257853604979,0.6392896733901643,0.0,0.078125,0.0,59,0.018751452595715173,0.3755289614200592,1.4349999999999998,1.0,64,1.0,47,0.734375,0.893818554588802,34.282500000000006,24.47814439709432,-0.6234963006273482,0.41875741606407374,2.40625,1.30765474705673,-0.6366594650317822,0.4087817872022047,2.9548681250000013,1.3142146351693713,0.30435715951282216,0.628110521116955,252.65562500000004,87.56634196790816,-0.610027884375661,0.5813835851273987,1.0,0.9996434450149536,0.002111932495608926,1.1014959812164307,0.06446658074855804
96,2.066943066474913,0.96875,0.9395365118980408,0.6843026575310456,0.0,0.03125,0.0,62,0.008471547851337346,0.33243346214294434,1.448,1.0,64,1.0,52,0.8125,0.8775836356926525,31.34375,24.23263124771018,-0.6737706734104575,0.41455732432599013,2.296875,1.1816260975346644,-0.6708508355566669,0.3693843723216581,3.0051209375000014,1.2985530829238363,0.3283747890554271,0.6206253010629448,256.42859375,74.33338619391502,-0.5849778246249349,0.4935253613302236,1.0,0.9992336630821228,0.000530222721863538,1.0446385145187378,0.06741463392972946
97,2.06067024140523,0.984375,0.9125853043700022,0.6710012825169888,0.0,0.015625,0.0,63,0.03164299669819674,0.3601040244102478,1.4609999999999999,1.0,64,1.0,47,0.734375,0.8920896031142537,35.175,21.820644682845646,-0.6082279458135925,0.37329450451829954,2.375,1.2054563451241194,-0.6464284280388921,0.3768338701505111,2.9069782812500016,1.4055955596567375,0.28146887786608393,0.671784757093266,265.225203125,64.74391227491485,-0.5265740569161379,0.42985748847837807,1.0,0.999851405620575,0.005606524180620909,1.023047685623169,0.06060042232275009
98,1.9575156599129138,0.921875,0.9073143369060451,0.6775604575979757,0.0,0.078125,0.0,59,0.025637971881407692,0.3599964678287506,1.474,1.0,64,1.0,43,0.671875,0.8838812345801597,36.8365625,26.027007620615816,-0.5798029309169749,0.4452544393186439,2.578125,1.466337779768018,-0.5829301684926775,0.45838718484740754,2.7816053125000018,1.4900022152573404,0.2215486193115189,0.7121257387078874,259.76165625,80.08817247380752,-0.5628484563978842,0.5317334011301736,1.0,0.9979214668273926,0.012060828506946564,1.1014962196350098,0.06582547724246979
99,1.999321778675279,0.9375,0.908743812640508,0.6908668522441835,0.0,0.046875,0.0,60,0.04905591126515142,0.42907607555389404,1.4869999999999999,1.0,63,0.984375,51,0.8095238095238095,0.8878396148944675,37.86301587301587,25.142523180001064,-0.5622429821225964,0.4301232098883331,2.7142857142857144,1.407785285628046,-0.5403654011045556,0.4400832760721305,2.6007914285714295,1.349778936239935,0.13513115003343595,0.6451079818671263,266.9478253968254,86.74703491196193,-0.5151369648816072,0.5759439188949009,0.984375,0.9984253644943237,0.0019694732036441565,1.0837911367416382,0.0752219408750534
100,1.8992860434616068,0.875,0.9305915747370038,0.6772850488793883,0.0,0.125,0.0,56,0.021765127745903903,0.3294530212879181,1.5,1.0,64,1.0,40,0.625,0.882831767140988,33.112187500000005,22.865554297673253,-0.6435173051012683,0.39117019163033634,2.46875,1.2986621721987592,-0.6171215390175623,0.40597064700616686,2.6016321875000017,1.6319633445240795,0.13553297901526826,0.7799740767920174,246.846578125,87.18032680058273,-0.6485961792531422,0.5788206953589138,1.0,0.9974498152732849,0.01776103302836418,1.1478066444396973,0.06406845152378082
101,2.101921217560087,0.9375,0.9436648945013683,0.7210993312934614,0.0,0.046875,0.0,60,0.03062868243209639,0.39740148186683655,1.5,1.0,63,0.984375,43,0.6825396825396826,0.8833700412396236,29.723015873015868,18.575605921448552,-0.7014972209841903,0.3177803272707907,2.111111111111111,1.0557643903692628,-0.7289218934322649,0.33003914475972174,3.0408301587301603,1.2538941816666345,0.3454415123708809,0.5992812032340871,257.61534920634926,73.06283331666664,-0.5770985398863455,0.48508971619228575,0.984375,0.997665524482727,0.008307373151183128,1.083790898323059,0.055870361626148224
102,2.1451566373850017,0.984375,0.9218803823940338,0.6851347392779787,0.0,0.015625,0.0,63,0.03643616337691381,0.4333499073982239,1.5,0.984375,64,0.984375,47,0.734375,0.884537770477998,32.24578125,25.332663130130012,-0.6583392636871009,0.4333760101380122,2.34375,1.3831434985206705,-0.656197391046002,0.43238008545833756,2.6142698437500016,1.3500937873955432,0.141572970231666,0.6452584605774762,240.939171875,72.26112311924608,-0.6878175164386979,0.4797668816609497,1.0,0.999802827835083,0.0021834061481058598,1.0230478048324585,0.0762389600276947
103,2.128639898222222,0.96875,0.9287077755697312,0.6894489564046595,0.0,0.015625,0.0,62,0.02430753915268509,0.3804437816143036,1.5,1.0,63,0.984375,50,0.7936507936507936,0.8771902455370914,31.909365079365077,23.093927042916338,-0.6640944698028871,0.39507705561259165,2.4603174603174605,1.1384394334629278,-0.6197576084004331,0.3558839267627052,3.0796493650793675,1.3989712980840936,0.3639946096175911,0.6686187838366433,258.8905555555556,66.65470769517677,-0.5686319987197578,0.44254392789004177,0.984375,0.9986431002616882,0.0005232862313278019,1.0446385145187378,0.07652195543050766
104,2.022882865509298,0.921875,0.9389825352167679,0.6844557048146618,0.0,0.078125,0.0,59,0.024347984595050873,0.3675772249698639,1.5,0.984375,64,0.984375,47,0.734375,0.895575432895922,27.62390625,22.638446254186945,-0.737407529686908,0.38728496340735946,2.140625,1.3563184026529316,-0.7196956505922166,0.42399437764412573,2.5325123437500014,1.5010119431005364,0.10249811551921534,0.7173876842895957,225.89074999999997,65.24783120078591,-0.7877292549398156,0.43320318255617607,1.0,0.998587429523468,0.0039954339154064655,1.1014959812164307,0.0809493288397789
105,2.0120262426397013,0.921875,0.9407223220598899,0.6845070868510187,0.0,0.078125,0.0,59,0.025653448384488263,0.3518601357936859,1.5,1.0,64,1.0,50,0.78125,0.8986207842527039,25.95921875,19.792191429378114,-0.7658860052096241,0.33859294261683204,2.15625,1.301666599978658,-0.7148111690886617,0.40690985160902654,3.225221250000002,1.3131378227211876,0.43356865791274896,0.6275958736538435,256.642984375,73.17536472737349,-0.5835544102470007,0.48583685160443035,1.0,0.9981480836868286,0.008385743945837021,1.1014958620071411,0.06905075162649155
106,2.10592059584879,0.96875,0.920307615110951,0.6867917088510724,0.0,0.03125,0.0,62,0.025216645270000348,0.3527517020702362,1.5,1.0,64,1.0,46,0.71875,0.8752669342021702,31.45984375,27.090673642659496,-0.671784611150895,0.46345099979808274,2.328125,1.4475700274511765,-0.661081872549557,0.4525202575478931,2.7393775000000016,1.5311338642234649,0.20136642638411636,0.7317840355911682,246.76435937500003,61.30947231040426,-0.6491420583039902,0.407055039790916,1.0,0.9992117285728455,0.0028653296176344156,1.0446385145187378,0.06436685472726822
107,2.095319927954561,0.96875,0.923838228467972,0.6385708349561584,0.0,0.03125,0.0,62,0.0309045089093317,0.348986953496933,1.5,1.0,64,1.0,49,0.765625,0.8942176647650331,30.840781250000003,24.65257176649423,-0.6823751611810247,0.42174141490466527,2.28125,1.3971930566317599,-0.6757353170602219,0.43677207308884874,3.0575525000000017,1.3641750483293478,0.3534337217164586,0.6519884024807452,258.98900000000003,69.48496210264675,-0.5679783916058742,0.4613349772505433,1.0,0.9978191256523132,0.002084418898448348,1.0446385145187378,0.07359562814235687
108,2.101712543120774,0.953125,0.9257965996617177,0.7040666370524883,0.0,0.046875,0.0,61,0.035941317949176634,0.34328553080558777,1.5,1.0,64,1.0,46,0.71875,0.888605599064019,27.3690625,20.720209467355627,-0.7417672437452477,0.3544689187259707,2.09375,1.1554050967085094,-0.7343490951028816,0.3611875087350947,2.9874467187500016,1.2988410095194678,0.3199276431689664,0.6207629115560757,252.44351562500003,70.57395342896353,-0.6114361527366008,0.46856517172068257,1.0,0.9983822703361511,0.0033112582750618458,1.0648609399795532,0.06807001680135727
109,1.972942699886468,0.90625,0.912516855474176,0.7050477638950444,0.0,0.09375,0.0,58,0.026074094881598196,0.30333107709884644,1.5,1.0,64,1.0,43,0.671875,0.8879644321189426,30.916562499999998,21.579690192599934,-0.6810787409981341,0.36917239958716314,2.140625,1.2607932460855744,-0.7196956505922166,0.39413256257996904,2.804227343750002,1.6397725211969607,0.23236050304566278,0.7837063636637623,238.964609375,79.1760050576833,-0.7009273278058192,0.5256772024731937,1.0,0.9995672106742859,0.002217294881120324,1.1180340051651,0.06847793608903885
110,2.036083933942986,0.9375,0.9186354205012321,0.6872094516902031,0.0,0.0625,0.0,60,0.028327618548902353,0.37751874327659607,1.5,1.0,64,1.0,46,0.71875,0.8868446480076021,27.8628125,18.653365603553794,-0.7333204648216712,0.3191105932837741,2.0625,1.0288798520721456,-0.7441180581099914,0.3216348548369131,3.273676562500002,1.5184429089337912,0.45672719744715135,0.7257185708435157,260.97159375,72.93214456725318,-0.5548152579597457,0.4842220278549373,1.0,1.000361442565918,0.010021097026765347,1.0837910175323486,0.0576508603990078
111,2.1528059503373767,0.984375,0.9218814623734307,0.6958038585026816,0.0,0.015625,0.0,63,0.03690241825484222,0.36896660923957825,1.5,1.0,64,1.0,52,0.8125,0.8820279563315372,31.7628125,20.8369975545865,-0.6666016034506373,0.35646685929052063,2.421875,1.2723586304085024,-0.6317749835282273,0.3977479805516072,3.0533734375000012,1.4733033084356941,0.3514363971893905,0.7041447295293708,259.8705,61.88717158315207,-0.5621258046555412,0.41089058740850065,1.0,0.9992094039916992,0.0021265284158289433,1.0230478048324585,0.06152980029582977
112,2.0468015144440237,0.9375,0.9329841564098994,0.6534383784043639,0.0,0.0625,0.0,60,0.030236344796009854,0.4282260537147522,1.5,1.0,64,1.0,47,0.734375,0.8835371789040667,33.12890625,23.551645252852527,-0.6432312907516409,0.40290742427816356,2.125,1.2183492931011204,-0.7245801320957717,0.38086429356938845,2.907880781250002,1.6814622038945617,0.28190021513028607,0.8036313649714946,249.42559375000002,75.99652102311141,-0.6314731920817517,0.5045674954175743,1.0,0.9970806241035461,0.008241758681833744,1.0837912559509277,0.06307394057512283
113,1.9491203360267981,0.90625,0.9247517899192613,0.6765124965241752,0.0,0.0625,0.0,58,0.0497176482233195,0.4399644136428833,1.5,1.0,62,0.96875,50,0.8064516129032258,0.9050013639099725,39.932096774193546,25.532687407491977,-0.5268463867864098,0.4367979055308723,2.6774193548387095,1.341330508793019,-0.5518900763571831,0.4193090598626225,2.740221290322582,1.620089943376786,0.20176970417835666,0.7742993506228812,264.2256774193549,83.50170094303361,-0.5332102578252488,0.55439701108319,0.96875,0.9987675547599792,0.000501504517160356,1.1180338859558105,0.06643834710121155
114,2.020824926246599,0.9375,0.9184082875649134,0.6719344559657441,0.0,0.0625,0.0,60,0.024749696121481115,0.40552109479904175,1.5,1.0,64,1.0,41,0.640625,0.89937054914469,36.631874999999994,23.853726901877934,-0.5833046019264323,0.40807525598689676,2.34375,1.1621471238616907,-0.656197391046002,0.36329511237837014,2.4932778125000015,1.629315559097468,0.08374651953958226,0.77870860474536,244.29803125000004,74.85232111964883,-0.6655168737318007,0.4969707518854385,1.0,1.0002949237823486,0.0005589714855886996,1.0837910175323486,0.060501132160425186
115,1.9644639338334802,0.90625,0.9262637341844624,0.6868089395441325,0.0,0.078125,0.0,58,0.0388982302727226,0.4142271876335144,1.5,1.0,63,0.984375,51,0.8095238095238095,0.8960761697418702,40.19365079365079,24.785797347750776,-0.5223718774619984,0.42402055826028856,2.6507936507936507,1.2235614184509054,-0.5602134529285251,0.3824936394807634,2.358911904761906,1.606437216058951,0.01952821145564344,0.767774220373386,247.12625396825396,83.74460186080292,-0.6467393134669237,0.5560097152710068,0.984375,0.9985265731811523,0.0036630036775022745,1.1180340051651,0.06827951967716217
116,1.9368367593450153,0.90625,0.9066600850943861,0.6764248081071631,0.0,0.078125,0.0,58,0.032506687480789005,0.3233092427253723,1.5,1.0,63,0.984375,45,0.7142857142857143,0.8870519851709446,39.060952380952386,26.06970745351812,-0.541749402685592,0.4459849224550478,2.4603174603174605,1.5100236182889244,-0.6197576084004331,0.4720436757416576,2.5960946031746044,1.4970165415345353,0.1328863679646265,0.7154781379396046,256.9762857142858,86.25702157467674,-0.5813415060282459,0.5726905488855026,0.984375,0.9986217617988586,0.021116139367222786,1.1180338859558105,0.06707145273685455
117,1.9801508643893002,0.921875,0.9276054158049115,0.6807673741971972,0.0,0.0625,0.0,59,0.026519344551064278,0.3267432451248169,1.5,1.0,63,0.984375,47,0.746031746031746,0.8867537529335412,43.15587301587303,23.780133006885073,-0.47169595597619285,0.4068162557618242,2.873015873015873,1.3971861006136754,-0.49074527154463216,0.4367698985901817,2.4918484126984137,1.3754144888218156,0.08306335787767911,0.6573601360133559,261.3611111111111,76.20776950602149,-0.5522291159012467,0.5059700480146897,0.984375,0.997387170791626,0.006138107273727655,1.1014958620071411,0.07451412826776505
118,2.0325258172433927,0.953125,0.9007367872800983,0.6502390669260926,0.0,0.046875,0.0,61,0.03145066659402737,0.3580578863620758,1.5,1.0,64,1.0,40,0.625,0.8832820053129506,36.977656249999995,24.677035360722243,-0.5773891836486238,0.4221599234051617,2.453125,1.2491207845420713,-0.6220060205211173,0.3904836715393164,2.2939270312500013,1.723111079858247,-0.01153040079380949,0.8235368632709519,236.91175,82.97752043908493,-0.7145569795233397,0.5509167932986985,1.0,0.9979795813560486,0.0,1.0648608207702637,0.0633290633559227
119,1.873350822448777,0.859375,0.9290816296230663,0.6608437582667931,0.0,0.109375,0.0,55,0.028687922824914846,0.4059869349002838,1.5,1.0,62,0.96875,42,0.6774193548387096,0.8809558930527126,36.06370967741936,28.38179330269677,-0.5930244335656851,0.4855387007240939,2.4516129032258065,1.6330993624318888,-0.6224787122795258,0.5105179922730223,2.6763467741935494,1.2922798971157903,0.1712417717248199,0.6176271195623656,258.1146612903226,90.80542669106606,-0.5737834322439109,0.6028890020097333,0.96875,0.9975700974464417,0.004244031850248575,1.1611261367797852,0.07456786185503006
120,1.9656989039670951,0.90625,0.927806783339073,0.634864351283544,0.0,0.09375,0.0,58,0.027570703361483834,0.29263776540756226,1.5,1.0,64,1.0,37,0.578125,0.8891182408800364,35.464687500000004,28.800493863427825,-0.6032721457742536,0.4927015788439373,2.421875,1.5083588712156666,-0.6317749835282273,0.4715232644592624,3.016596250000002,1.404035518441509,0.3338592543181551,0.6710391571931897,259.32668750000005,87.57442155637455,-0.5657363661313526,0.5814372283423987,1.0,0.9991958737373352,0.0021197667811065912,1.1180336475372314,0.06771446019411087
121,1.932582435490985,0.890625,0.9268427668956288,0.6309494171468049,0.0,0.109375,0.0,57,0.042937674588164214,0.3528698682785034,1.5,1.0,64,1.0,42,0.65625,0.8843696854105428,34.98406250000001,23.439859729125807,-0.6114943900682158,0.4009950645702632,2.515625,1.2989441325072453,-0.6024680945068974,0.40605878972050524,2.9442862500000015,1.3873945321599015,0.29929970021905333,0.6630858303274502,253.968515625,79.71206170629706,-0.6013111441157748,0.5292362701377613,1.0,0.9982857704162598,0.0,1.1334558725357056,0.0632377490401268
122,2.0865622039553333,0.953125,0.9078230633110297,0.6792000944598245,0.0,0.046875,0.0,61,0.0536001177365929,0.44230934977531433,1.5,1.0,64,1.0,44,0.6875,0.8799342730822506,31.536718750000006,21.10109876098632,-0.6704694797488698,0.36098494436172895,2.28125,1.2558457060881325,-0.6757353170602219,0.39258592785321045,2.8885390625000014,1.6763053654640316,0.2726561109191084,0.8011667261010724,254.552734375,75.21054921897641,-0.5974323114074481,0.49934915358636567,1.0,0.9995410442352295,0.01728653721511364,1.0648607015609741,0.062253955751657486
123,2.0676988571083963,0.953125,0.9242551776229359,0.6563815659417314,0.0,0.046875,0.0,61,0.039680804097660685,0.37019455432891846,1.5,1.0,64,1.0,46,0.71875,0.8872666712611046,32.123125,21.375814302837096,-0.6604375932614704,0.3656846131189624,2.34375,1.2527313908017152,-0.656197391046002,0.39161237166679486,2.7776035937500017,1.3764308859866616,0.21963605375170672,0.6578459088359899,243.29271874999998,75.9400026893083,-0.672191495193522,0.504192250422826,1.0,1.0000470876693726,0.0016930022975429893,1.0648607015609741,0.06194179877638817
124,2.115726790661478,0.953125,0.928107777579886,0.7054607558449661,0.0,0.046875,0.0,61,0.04469707431922475,0.47843626141548157,1.5,1.0,64,1.0,45,0.703125,0.8875865254845183,33.741718750000004,24.590882746119515,-0.6327476619737084,0.42068607613582026,2.40625,1.2589523174052304,-0.6366594650317822,0.3935570757263048,2.7434057812500017,1.3648172893420178,0.20329168711964085,0.6522953525985994,248.07387500000004,59.604870228473175,-0.6404477258500678,0.3957375901026337,1.0,0.9985782504081726,0.012856344692409039,1.0648608207702637,0.056924596428871155
125,1.9704766068235946,0.90625,0.9299541393230701,0.6687211337055544,0.0,0.09375,0.0,58,0.033651542870970656,0.3409021496772766,1.5,1.0,64,1.0,42,0.65625,0.8865703680504518,33.6471875,25.07408413511536,-0.6343648459131905,0.42895239574779587,2.421875,1.2475562048961963,-0.6317749835282273,0.38999457327748505,2.619273125000001,1.5274157283217344,0.14396421859333636,0.7300070044911314,248.39196875000002,88.30562070144674,-0.6383357901379493,0.5862919153242981,1.0,0.9998805522918701,0.007442849688231945,1.1180338859558105,0.058481860905885696
126,2.054928005834567,0.9375,0.9286713192860285,0.7103012938032597,0.0,0.046875,0.0,60,0.033951003663020195,0.33114588260650635,1.5,1.0,63,0.984375,45,0.7142857142857143,0.8842284481632383,36.51444444444445,19.669513496761798,-0.5853135334538255,0.3364942421092646,2.3968253968253967,1.1203695895251615,-0.6396056602244027,0.35023517037959195,2.839759682539684,1.281757069416784,0.24934268787030145,0.6125978811010278,257.8047619047619,64.53161973465593,-0.5758409627031836,0.4284480040191921,0.984375,0.998635470867157,0.008817427791655064,1.0837912559509277,0.06676382571458817
127,2.015808126553007,0.9375,0.9176025807857513,0.6733446900154128,0.0,0.0625,0.0,60,0.021001285831163445,0.3381997048854828,1.5,1.0,64,1.0,44,0.6875,0.8796394482310336,32.05437500000001,21.031500620720696,-0.6616137270356391,0.3597943011124818,2.28125,1.082080605823799,-0.6757353170602219,0.3382657730881217,3.067018593750001,1.6586402894679921,0.35795790895280594,0.7927239498661136,258.49834375,73.98136763216527,-0.5712360301377513,0.49118818692208793,1.0,0.9979406595230103,0.0085607273504138,1.0837911367416382,0.06002506613731384
128,2.011018583303402,0.9375,0.9124594042698543,0.6644589928138621,0.0,0.0625,0.0,60,0.021400536441136146,0.27787214517593384,1.5,1.0,64,1.0,42,0.65625,0.8847391999165525,38.938437500000006,21.842859976056108,-0.5438453138030666,0.3736745504331779,2.546875,1.2238475127134916,-0.5926991314997875,0.3825830744973315,2.384105937500001,1.4818498105331896,0.031569347361973706,0.7082294107850268,243.073953125,63.027397304027076,-0.6736439567273352,0.4184609449518103,1.0,0.9990867972373962,0.0028074115980416536,1.083790898323059,0.0711381658911705
129,2.0589216443378593,0.953125,0.9256806432223711,0.6734022818649443,0.0,0.03125,0.0,61,0.012799949735874167,0.26764538884162903,1.5,1.0,63,0.984375,43,0.6825396825396826,0.8797423051500428,37.37619047619048,23.778590572498455,-0.5705712990873891,0.4067898687192563,2.4761904761904763,1.2453996981544782,-0.6147955954444408,0.38932043457078336,2.7267687301587316,1.3656543979660833,0.19534024102313596,0.652695436968399,255.01780952380952,73.43478899446866,-0.5943445147575934,0.4875592600901944,0.984375,0.9971698522567749,0.0011080332333222032,1.0648605823516846,0.06206265091896057
130,1.8989914506039223,0.890625,0.8954015029104132,0.6791747101548944,0.0,0.09375,0.0,57,0.029847815934715256,0.3561059534549713,1.5,1.0,63,0.984375,46,0.7301587301587301,0.8956503429197742,37.023333333333355,25.0640460256241,-0.576607767497149,0.4287806697899562,2.3333333333333335,1.4253932901995965,-0.659453712048372,0.4455876583213625,2.5739719047619056,1.4899644261747382,0.12231313338280139,0.7121076779438915,240.07946031746027,82.95480385294258,-0.6935254422954281,0.5507659699344184,0.984375,1.0001767873764038,0.007497116457670927,1.133455753326416,0.06889379024505615
131,1.970891102326744,0.90625,0.9266306059113865,0.6799790368529313,0.0,0.09375,0.0,58,0.02893653689461364,0.35453999042510986,1.5,1.0,64,1.0,44,0.6875,0.8872719903701678,33.16859375,24.76076589505989,-0.6425523408001889,0.42359233517772477,2.234375,1.3663613575387004,-0.6903887615708868,0.42713387379648254,2.6670854687500016,1.6855644984849765,0.16681546019799662,0.8055919993488683,244.846796875,86.43811927908672,-0.66187342672594,0.5738929199139373,1.0,0.9978311657905579,0.006050604861229658,1.1180338859558105,0.0601452961564064
132,2.0323124564531154,0.9375,0.9184309959411621,0.6715000934138674,0.0,0.0625,0.0,60,0.03563081595555756,0.3329375386238098,1.5,1.0,64,1.0,45,0.703125,0.8878938897456826,30.798125000000002,20.755610376699963,-0.6831048987272704,0.35507453625493307,2.265625,1.325733140332171,-0.6806197985637769,0.4144332161665493,2.5148579687500012,1.4033322364856944,0.09406045367578657,0.6707030334094959,228.06264062499997,70.33615018283788,-0.77330931310269,0.46698631275866115,1.0,1.0002034902572632,0.008004574105143547,1.0837910175323486,0.06899365037679672
133,2.0631177855142893,0.9375,0.9379361242055893,0.6926695236755297,0.0,0.0625,0.0,60,0.03565661973006101,0.3722274601459503,1.5,1.0,64,1.0,47,0.734375,0.8816069075739952,30.290000000000003,19.97667882494485,-0.6917975965309002,0.3417490423526065,2.34375,1.107061848994897,-0.656197391046002,0.34607507998124404,2.6633775000000015,1.3388301792329762,0.16504328834606177,0.6398751764446409,245.50048437500004,70.31435779145508,-0.6575333666781847,0.4668416254467796,1.0,0.9992904663085938,0.006295907776802778,1.0837907791137695,0.07109971344470978
134,2.071329843807419,0.953125,0.93305590211368,0.6765710965400982,0.0,0.046875,0.0,61,0.028938074823256506,0.30656617879867554,1.5,1.0,64,1.0,51,0.796875,0.8873118425855592,31.835625000000004,19.76479863885223,-0.6653559708625402,0.3381243231825597,2.640625,1.1641411466720863,-0.5633922424784576,0.36391845750061297,2.8593979687500015,1.669763490766714,0.2587285323551461,0.798040128500305,251.54775,79.56102441502848,-0.6173834541630696,0.5282334807107707,1.0,0.9979457259178162,0.0,1.0648607015609741,0.06764037907123566
135,2.133960359123361,0.984375,0.9157084236069332,0.6796874824018904,0.0,0.015625,0.0,63,0.03169103302813847,0.3608179986476898,1.5,1.0,64,1.0,48,0.75,0.8665438503863891,33.444843750000004,22.66433955524815,-0.6378264214530739,0.3877279304750367,2.484375,1.1179248004114588,-0.6122370575140074,0.3494709126384097,2.9791953125000017,1.5612628792893217,0.3159839988501925,0.7461837773436386,270.90140625000004,79.34073882878498,-0.4888877581789669,0.526770927622404,1.0,0.9993392825126648,0.0009775171056389809,1.0230478048324585,0.0633578822016716
136,2.0816893634090627,0.953125,0.9402455413927797,0.6719388766758894,0.0,0.03125,0.0,61,0.03695867520064593,0.32042431831359863,1.5,1.0,63,0.984375,47,0.746031746031746,0.8879793596792975,38.09650793650793,20.922631185919244,-0.5582485399135287,0.3579318281052867,2.888888888888889,1.415460114895743,-0.4857832585886398,0.44248248001459506,2.742228571428573,1.4533252357713018,0.20272905613485775,0.6945964888566997,267.4414920634921,79.71381140588574,-0.5118593391400893,0.5292478870055771,0.984375,0.9986602663993835,0.00296882726252079,1.0648609399795532,0.07580042630434036
137,2.125000146272332,0.984375,0.9216728390209259,0.6806848033494345,0.0,0.015625,0.0,63,0.02112973355895881,0.3707883358001709,1.5,1.0,64,1.0,42,0.65625,0.8769288749028756,34.872187499999995,22.93481969821964,-0.6134082804825454,0.3923551425679937,2.5625,1.0588171466310885,-0.5878146499962325,0.3309934571754497,2.771325468750001,1.485198495099783,0.21663551163334907,0.7098298677818461,255.69906250000003,65.84785479608351,-0.5898214378678279,0.4371869491627907,1.0,0.999616801738739,0.0021574972197413445,1.0230478048324585,0.06925731897354126
138,2.0634369620127124,0.953125,0.9409977715523516,0.6787628230118323,0.0,0.046875,0.0,61,0.016673070101211364,0.33348843455314636,1.5,1.0,64,1.0,50,0.78125,0.8821213312166498,33.13015625,20.4124630658107,-0.6432099065012015,0.3492041778279936,2.359375,1.3034472023733834,-0.651312909542447,0.4074664800546087,3.213147031250002,1.6031686232024625,0.42779795377646057,0.766212042090275,278.07045312500003,81.29859928777408,-0.4412899474166837,0.5397698482949543,1.0,0.9997667670249939,0.0023809524718672037,1.0648608207702637,0.0640672966837883
139,2.0015597388363577,0.9375,0.9113043626149495,0.6760322975709482,0.0,0.0625,0.0,60,0.018526543006899567,0.4074402153491974,1.5,1.0,64,1.0,41,0.640625,0.8834156138893421,35.06671875,20.46740335682322,-0.6100803565079084,0.3501440633817753,2.53125,1.4138682532329523,-0.5975836130033424,0.44198485320831543,2.9260350000000015,1.6255575487092515,0.29057677030961854,0.7769125161916807,261.094390625,86.08913337506246,-0.5539999665381159,0.5715758803816143,1.0,0.9992699027061462,0.0025316455867141485,1.0837911367416382,0.060521241277456284
140,2.0558849303760267,0.96875,0.9004678259934148,0.6773596548807356,0.0,0.03125,0.0,62,0.01896904739161008,0.3887229263782501,1.5,1.0,64,1.0,48,0.75,0.8886186900525507,35.60421875,26.36605617341449,-0.6008851288189517,0.4510546786499835,2.4375,1.3331705629813464,-0.6268905020246722,0.4167582051818465,2.4742546875000015,1.465392724907697,0.07465468275944853,0.7003639766681997,241.94764062500002,64.78996366489935,-0.6811219395288067,0.4301632397705709,1.0,0.9979221820831299,0.0017241379246115685,1.0446386337280273,0.07015781849622726
141,2.0632802503734204,0.953125,0.9282297262402831,0.688947119816877,0.0,0.046875,0.0,61,0.019804978075093387,0.30134332180023193,1.5,1.0,64,1.0,48,0.75,0.8861627308884517,38.506093750000005,26.017682305572706,-0.5512415914238058,0.4450949074207971,2.515625,1.4141272429930059,-0.6024680945068974,0.44206581517264126,2.8022182812500014,1.493099605318325,0.23140029969678655,0.7136060930071354,267.59601562500006,83.2469794086947,-0.5108334031450802,0.5527058256857528,1.0,0.9988554120063782,0.00633219676092267,1.0648607015609741,0.059662818908691406
142,2.095394589393781,0.984375,0.9037878272079286,0.6639225852159077,0.0,0.015625,0.0,63,0.04410218332527849,0.4143331050872803,1.5,1.0,64,1.0,43,0.671875,0.8805967689527262,40.006093750000005,29.48626468465802,-0.525580490896485,0.5044333348321316,2.765625,1.4973120447572041,-0.5243163904500179,0.4680699512106645,2.644632187500001,1.2691939430494235,0.15608422816837772,0.6065935104006178,260.88746875000004,75.0438996067404,-0.5553737932713698,0.49824270849748237,1.0,0.998199462890625,0.002074688905850053,1.0230478048324585,0.06452859938144684
143,2.005060521220612,0.9375,0.9000962167978287,0.6744756791608375,0.0,0.0625,0.0,60,0.03623898729558732,0.4183353781700134,1.5,1.0,64,1.0,41,0.640625,0.8891359278952393,41.792812500000004,31.619867442635552,-0.4950143779246191,0.5409337314040183,2.40625,1.3887803777055607,-0.6366594650317822,0.43414221231378525,2.202398593750001,1.4766543739066746,-0.05527513855328274,0.7057463244461731,247.823671875,71.59786802845782,-0.6421089119468436,0.47536329903010516,1.0,0.997320294380188,0.0027056278195232153,1.083790898323059,0.06891144812107086
144,2.1017514494359175,0.96875,0.9272637107679921,0.6809939132100012,0.0,0.015625,0.0,62,0.02807063381709847,0.3362240493297577,1.5,1.0,63,0.984375,46,0.7301587301587301,0.8812070402331568,38.5215873015873,25.646739896558852,-0.5509765370339345,0.43874904712242974,2.5873015873015874,1.2803139574651288,-0.5800615047524944,0.4002348700148278,2.78143015873016,1.5221612118577015,0.22146490701467877,0.7274956817694695,257.825126984127,66.5308720230136,-0.575705751815226,0.4417217395305546,0.984375,0.9986391067504883,0.006824146956205368,1.0446386337280273,0.06875074654817581
145,1.9453054826202973,0.90625,0.9137083494971538,0.6724620283228442,0.0,0.09375,0.0,58,0.02807537464525016,0.3810766339302063,1.5,1.0,64,1.0,44,0.6875,0.8898795981899763,34.016875,20.998527245604034,-0.628040453845728,0.3592302123834193,2.234375,1.1557220078267092,-0.6903887615708868,0.36128657731078223,2.530159687500001,1.4727514521709972,0.1013736963386252,0.7038809775388477,235.86940625,71.11271732668472,-0.7214774644116114,0.47214221375938215,1.0,0.9990237355232239,0.002199010457843542,1.1180340051651,0.06521157175302505
146,1.9807614869574497,0.890625,0.9329811010444373,0.7201480234713639,0.0,0.109375,0.0,57,0.023384107054668223,0.34336286783218384,1.5,1.0,64,1.0,41,0.640625,0.8844164321444874,31.468593750000004,24.050786101185153,-0.671634921397819,0.4114464266024007,1.984375,1.179144121545369,-0.7685404656277663,0.36860848970969134,2.5793746875000014,1.338121220750116,0.12489531789839971,0.6395363396441649,228.532625,73.38530041681118,-0.7701889223823432,0.48723068810631603,1.0,0.999171793460846,0.0011383038945496082,1.1334558725357056,0.06772106885910034
147,2.0524431308409663,0.953125,0.9222830905288947,0.6910808096721103,0.0,0.03125,0.0,61,0.03478032057550931,0.36880844831466675,1.5,1.0,63,0.984375,52,0.8253968253968254,0.8914869718212713,39.165873015873025,25.918122888803367,-0.5399544833788661,0.4433917046193575,2.619047619047619,1.385051387833237,-0.5701374788405097,0.43297650466205345,2.5599533333333353,1.5489596864603576,0.11561315305258708,0.7403036382458061,259.61395238095236,73.35382050413796,-0.5638291140683345,0.4870216819507756,0.984375,1.0006312131881714,0.0050607286393642426,1.0648607015609741,0.07633006572723389
148,2.0488554096532585,0.921875,0.9428111769385257,0.7219461612996385,0.0,0.078125,0.0,59,0.019114733845695765,0.30977192521095276,1.5,1.0,64,1.0,44,0.6875,0.878851078283527,31.741562499999997,24.289840675858574,-0.6669651357081077,0.41553602891720776,2.234375,1.4223900166181567,-0.6903887615708868,0.4446488145288084,2.7277445312500017,1.4284320408689504,0.19580661151966083,0.6826991341903008,247.860828125,70.64087131654796,-0.6418622186015532,0.46900946299194796,1.0,0.9989354610443115,0.0022062878124415874,1.1014958620071411,0.07874247431755066
149,2.0033319542868444,0.9375,0.9168873702486356,0.6786864091585152,0.0,0.0625,0.0,60,0.025695193246837056,0.34593209624290466,1.5,1.0,64,0.984375,51,0.796875,0.8901731679446084,36.57265625,26.186612230906007,-0.5843176807910003,0.4479848592848309,2.4375,1.2975337182516684,-0.6268905020246722,0.40561788461050746,2.6783481250000016,1.7781602418351856,0.1721982893775217,0.8498468410257883,256.42175000000003,84.6327669205315,-0.5850232626759175,0.5619065538850845,1.0,0.9995641708374023,0.0035389282274991274,1.0837911367416382,0.07857533544301987
150,2.0925675314471137,0.96875,0.9163984031446518,0.6885392614209053,0.0,0.03125,0.0,62,0.030451710042652964,0.35702982544898987,1.5,1.0,64,1.0,47,0.734375,0.8849771178367323,32.562343750000004,24.208723359449085,-0.6529237022633143,0.4141483225099475,2.453125,1.4244482210227931,-0.6220060205211173,0.44529222325488726,2.716068593750001,1.245090057424146,0.19022626034155268,0.5950733950740331,252.273359375,66.48421036216216,-0.6125658796206255,0.44141193643653304,1.0,0.9996369481086731,0.004794885404407978,1.0446385145187378,0.08087172359228134
151,1.963717225439905,0.921875,0.8838891381934538,0.7006492289693314,0.0,0.0625,0.0,59,0.030674597794822865,0.3986252546310425,1.5,1.0,63,0.984375,48,0.7619047619047619,0.8801743562883313,36.44079365079366,23.948236724804218,-0.5865735070670188,0.40969207336485053,2.3492063492063493,1.4601449173428738,-0.6544916990923797,0.4564512538413482,2.8320665079365095,1.5439662421572382,0.24566584256685467,0.7379170913154437,253.17838095238096,78.21796986533772,-0.6065571246875003,0.5193164716000436,0.984375,0.9987789988517761,0.01672765240073204,1.1014961004257202,0.07430209219455719
152,2.0280320870523774,0.9375,0.919803386926651,0.6850027885187143,0.0,0.0625,0.0,60,0.02138137437866451,0.3823971450328827,1.5,1.0,64,1.0,48,0.75,0.8763756088177045,28.51375,23.43048511688352,-0.7221846164053359,0.4008346893254939,2.03125,1.2986621721987592,-0.7538870211171014,0.40597064700616686,2.9907335937500017,1.5220203833888535,0.32149855914710895,0.7274283747706057,244.363,83.3491680042459,-0.6650855234669916,0.5533842915289698,1.0,0.9979432225227356,0.0016722407890483737,1.0837907791137695,0.06800339370965958
153,1.874583632872612,0.875,0.9154235246990409,0.6759214411375117,0.0,0.125,0.0,56,0.021153614927058587,0.2940452992916107,1.5,1.0,64,1.0,52,0.8125,0.8866105019331779,34.977500000000006,25.06775967253556,-0.6116066573830229,0.4288442006344348,2.28125,1.4520325194361179,-0.6757353170602219,0.4539152629597465,2.8985309375000012,1.600895936611278,0.2774315879570555,0.7651258432906852,256.13332812500005,91.90651215145458,-0.5869381964272681,0.6101994936678973,1.0,0.9990429878234863,0.0005138746346347034,1.1478067636489868,0.07328446954488754
154,2.113378288489252,0.96875,0.9359473182309058,0.6806427950877846,0.0,0.03125,0.0,62,0.012041565168790359,0.2393508404493332,1.5,1.0,64,1.0,41,0.640625,0.8700931256142169,28.44078125,19.98963288375123,-0.723432922024738,0.3419706526227847,1.953125,1.0815164050420132,-0.7783094286348763,0.3380894000780145,3.137452343750002,1.4051525559622784,0.3916207355815935,0.6715730296676712,244.76115625,63.82564032733506,-0.6624420248022795,0.42376075970099564,1.0,0.9971145391464233,0.002707092557102442,1.0446385145187378,0.06518913805484772
155,2.068447413223884,0.953125,0.9433430120593211,0.662439552580176,0.0,0.046875,0.0,61,0.021864067149433387,0.3283535838127136,1.5,1.0,64,1.0,42,0.65625,0.880934924038906,34.421875,21.990171730443013,-0.6211119567033514,0.37619467159196346,2.203125,1.1882193544859467,-0.7001577245779967,0.37144546938576845,2.7569737500000016,1.512970320178883,0.20977630819598633,0.7231030235175943,244.44720312500002,72.90359329003866,-0.6645264694561551,0.4840324659349815,1.0,0.9984066486358643,0.002154011745005846,1.0648607015609741,0.06831043213605881
156,2.102515852246075,0.953125,0.951882405359237,0.6920804479778633,0.0,0.046875,0.0,61,0.036297637152976604,0.33015140891075134,1.5,1.0,64,1.0,51,0.796875,0.884535044858732,31.685468750000002,22.667316223591037,-0.6679247539465772,0.3877788535320922,2.28125,1.2179484543690673,-0.6757353170602219,0.38073898864954064,2.9242937500000017,1.4260107544557445,0.2897445642029244,0.6815419141821885,258.258203125,72.07839218521471,-0.572830407776004,0.4785536670495666,1.0,0.9999368786811829,0.000521104724612087,1.0648608207702637,0.0720454752445221
157,2.00233735426971,0.921875,0.9171675443649292,0.6926772280388124,0.0,0.078125,0.0,59,0.03772658515916738,0.37490445375442505,1.5,0.984375,64,0.984375,39,0.609375,0.8827597595209233,32.430625000000006,25.947094904523993,-0.6551770676533696,0.4438873404912816,2.21875,1.3284007066770176,-0.6952732430744418,0.4152671155886875,2.841085781250001,1.2442893938394186,0.24997647821907706,0.594690729101532,251.4353125,65.96042639574578,-0.6181299660691707,0.43793435140347314,1.0,0.9981637001037598,0.0,1.1014961004257202,0.06527677178382874
158,1.9805708591972913,0.921875,0.9259832996433064,0.6576721356514621,0.0,0.078125,0.0,59,0.031187876155502406,0.3506017327308655,1.5,1.0,64,1.0,46,0.71875,0.8901196735207269,35.011250000000004,26.148858573320172,-0.6110292826211582,0.44733899234977476,2.34375,1.3488276159317023,-0.656197391046002,0.4216527066561629,2.8148531250000013,1.5350688972881605,0.23743894671810886,0.7336647296595005,255.70321875000002,81.11445072713404,-0.5897938430697425,0.5385472215644671,1.0,0.9995214343070984,0.00932159461081028,1.1014962196350098,0.07709698379039764
159,2.017416790544215,0.921875,0.9356698151362144,0.697510344397481,0.0,0.078125,0.0,59,0.01983387826693462,0.2996320128440857,1.5,1.0,64,1.0,43,0.671875,0.8799013281079703,31.571562500000002,25.296482105889623,-0.6698733937678707,0.43275704687120287,2.3125,1.2358574958303243,-0.665966354053112,0.3863374770824308,2.7169331250000015,1.2514011550456603,0.19063945097223658,0.5980896959961108,248.590453125,71.82570285179295,-0.6370179829196055,0.4768759741451167,1.0,0.9978874325752258,0.013041210360825062,1.1014958620071411,0.07581441104412079
160,2.0679005955782768,0.9375,0.9396862318118413,0.7171686594996494,0.0,0.0625,0.0,60,0.045227647948080416,0.3460773527622223,1.5,1.0,64,1.0,48,0.75,0.8835980460823878,33.73578125,27.102677554803478,-0.6328492371632957,0.46365635552891465,2.21875,1.316585902058806,-0.6952732430744418,0.4115737271326382,3.024607500000002,1.6243660322819038,0.33768811931298887,0.7763430475645074,262.91846875,84.16356422466333,-0.5418892735934043,0.5587913530060156,1.0,0.9984205365180969,0.0033914728555828333,1.0837911367416382,0.07944606244564056
161,2.1294683090460733,0.984375,0.9201812588033222,0.6665938991229844,0.0,0.015625,0.0,63,0.03636316254396479,0.47634056210517883,1.5,1.0,64,1.0,47,0.734375,0.8824035044525096,35.94765625,28.705633524960493,-0.5950098060107173,0.4910787650562934,2.390625,1.4855258696417912,-0.6415439465353372,0.4643855125323353,2.9842420312500018,1.5230686158964382,0.31839600755802794,0.7279293628504606,266.8579375,78.0183426290885,-0.5157337620817811,0.5179910765259615,1.0,0.9974325299263,0.029693003743886948,1.0230478048324585,0.06825584173202515
162,2.1018878354760187,0.984375,0.9197863728281052,0.6613793169237756,0.0,0.015625,0.0,63,0.01545149717698863,0.38233160972595215,1.5,1.0,64,1.0,52,0.8125,0.8785871667213754,38.9178125,24.136639838942862,-0.5441981539353173,0.4129151608658986,2.71875,1.3971930566317599,-0.5389698349606828,0.43677207308884874,2.9467335937500017,1.5754043258918178,0.3004693739671826,0.7529424841462733,268.1594375,73.75072381358268,-0.5070926481670234,0.4896568619047181,1.0,0.9984945058822632,0.0015182186616584659,1.0230478048324585,0.06886787712574005
163,2.0087583157815785,0.921875,0.9368801844322076,0.6710304996522268,0.0,0.078125,0.0,59,0.028160363658877238,0.3135448396205902,1.5,1.0,64,1.0,45,0.703125,0.8877929759518596,29.387500000000003,21.567460733707158,-0.7072370253481717,0.36896318533780165,2.046875,1.0372693644251718,-0.7490025396135465,0.3242574735832941,2.833097812500001,1.2791227377416596,0.24615874017236755,0.611338839086902,238.070296875,66.37276311242056,-0.7068649814269423,0.44067199914840116,1.0,0.9987406134605408,0.0078343590721488,1.1014959812164307,0.0697084441781044
164,2.080661243785513,0.953125,0.9427635806505797,0.672606422341266,0.0,0.046875,0.0,61,0.01934221353315304,0.2775004506111145,1.5,1.0,64,1.0,44,0.6875,0.8817599440154821,29.84203125,24.371988735770486,-0.6994611772821324,0.4169413686662237,2.140625,1.3094272065964567,-0.7196956505922166,0.4093358701358108,3.118672343750002,1.4422493644149923,0.38264509699797944,0.6893029309071343,256.314703125,82.98115547420238,-0.5857339843363817,0.5509409275687976,1.0,0.9991408586502075,0.005949161481112242,1.0648608207702637,0.07311484217643738
165,2.0020326087872675,0.9375,0.9099133352438609,0.6615133312184835,0.0,0.0625,0.0,60,0.031436933893121834,0.34836745262145996,1.5,1.0,64,1.0,45,0.703125,0.8814794090558324,30.63765625,24.36981430364901,-0.6858501018774328,0.41690416978538436,2.109375,1.3124069907521065,-0.7294646135993266,0.4102673709737537,3.115821718750002,1.6080061618386647,0.38128268061153575,0.768524076085633,253.07028125,89.72501524248773,-0.6072748364373469,0.5957157723501301,1.0,0.9988325834274292,0.0021857924293726683,1.0837910175323486,0.07106443494558334
166,1.9858970086890182,0.921875,0.9161460167270595,0.7089391060893214,0.0,0.078125,0.0,59,0.02163421129762048,0.34393322467803955,1.5,1.0,64,1.0,48,0.75,0.8832366119325354,31.468281249999997,25.153957538693557,-0.6716402674604289,0.4303188220402488,2.390625,1.3876372398343164,-0.6415439465353372,0.4337848596233465,2.7685395312500014,1.3471202350922864,0.2153040117336401,0.6438372928041265,244.50940624999998,73.72541446109315,-0.6641134811434554,0.4894888242574105,1.0,0.9982326030731201,0.006586168892681599,1.1014961004257202,0.07721932977437973
167,1.934690789780636,0.890625,0.920836819891344,0.7190066431927932,0.0,0.109375,0.0,57,0.015842558245535272,0.294033408164978,1.5,1.0,64,1.0,42,0.65625,0.888505726712698,31.25765625,21.377377261238948,-0.6752435136594735,0.36571135127407567,2.21875,1.1245658884654113,-0.6952732430744418,0.35154696203124236,2.415548906250001,1.3060443010732805,0.046597074917664294,0.6242056241013059,233.30731250000002,68.25503384546883,-0.7384881013336538,0.4531690531804291,1.0,0.9983828663825989,0.0017391304718330503,1.1334558725357056,0.07539651542901993
168,2.0119376064267342,0.921875,0.9372823400012518,0.7036853160926849,0.0,0.078125,0.0,59,0.015014450158373648,0.3304533362388611,1.5,1.0,64,1.0,53,0.828125,0.8950958416665181,30.22046875,25.324585659843944,-0.692987095461594,0.43323782562000074,2.40625,1.4221325316228441,-0.6366594650317822,0.4445683229641974,2.7402301562500018,1.47204068832129,0.20177394152448172,0.7035412778885138,254.04895312500003,91.12600272020843,-0.600777091406963,0.6050174184416656,1.0,0.9983100295066833,0.0030911900103092194,1.1014961004257202,0.0724191889166832
169,2.1361732872708936,0.96875,0.9334407381473049,0.7211477740812922,0.0,0.03125,0.0,62,0.030511652183056057,0.38831275701522827,1.5,0.984375,64,0.984375,47,0.734375,0.8794426703132773,41.04656250000001,25.684691039772968,-0.5077807754369611,0.43939829252319257,2.515625,1.286858911992686,-0.6024680945068974,0.4022808674120414,2.406652500000001,1.467207316835288,0.04234516186159381,0.7012312355243658,247.50429687500002,68.62845416800522,-0.644229354326041,0.4556483213672308,1.0,0.998999297618866,0.0021321962121874094,1.0446385145187378,0.0762195736169815
170,2.179112077358303,1.0,0.9323583273217082,0.70919485442414,0.0,0.0,0.0,64,0.028667102709953922,0.3518155515193939,1.5,1.0,64,1.0,53,0.828125,0.8822858403352539,29.93609375,23.04081789843214,-0.6978520124365651,0.3941684962155724,2.3125,1.0439558180306292,-0.665966354053112,0.32634770455674916,3.1609845312500022,1.4407233896368379,0.4028676157776447,0.688573612584641,274.30778125,67.15825195468094,-0.4662716426112512,0.44588713442672845,1.0,0.9994170069694519,0.004054739139974117,0.9999998807907104,0.0710471048951149
171,2.1292194174939025,0.96875,0.9411959801950762,0.7142255151959771,0.0,0.03125,0.0,62,0.03610878127019158,0.4317229688167572,1.5,1.0,64,1.0,51,0.796875,0.883963898521355,36.688593749999995,25.780035569408376,-0.5823342915627429,0.4410293895629954,2.546875,1.286099815090182,-0.5926991314997875,0.40204356854614137,3.003351562500002,1.616008269740424,0.3275291409979789,0.7723485717423568,274.09557812500003,82.24194200683985,-0.46768053341124527,0.5460330306968787,1.0,0.9993748664855957,0.0009638554183766246,1.0446383953094482,0.07170700281858444
172,1.9966435356144436,0.921875,0.9224646616790254,0.6706240519511812,0.0,0.078125,0.0,59,0.029426402462628894,0.355877161026001,1.5,1.0,64,1.0,41,0.640625,0.8814021351761362,39.028125,28.84901053735422,-0.5423109938340371,0.49353157300852163,2.59375,1.4654217609616693,-0.5780456869891225,0.45810083112475036,2.4459734375000015,1.6888744164968466,0.06113805450104417,0.8071739284125499,247.71856250000002,78.35342243818931,-0.6428067698668465,0.5202157886281324,1.0,0.9996854066848755,0.007337526418268681,1.1014959812164307,0.07518347352743149
173,2.0526740760972393,0.953125,0.9098909492375421,0.6601411731373293,0.0,0.046875,0.0,61,0.03231563491650552,0.35173362493515015,1.5,1.0,64,1.0,41,0.640625,0.8787625985321024,34.7496875,27.10525882835919,-0.6155039370256098,0.4637005144090491,2.515625,1.5206103575127325,-0.6024680945068974,0.4753531625846432,2.714708281250002,1.4857362146430089,0.1895761179900742,0.710086863323877,258.51384375000004,80.8472357575189,-0.5711331202140639,0.536773087878587,1.0,0.9971469640731812,0.0015781167894601822,1.0648608207702637,0.07007410377264023
174,1.9160145219752047,0.90625,0.9068769052110869,0.6476156845307791,0.0,0.09375,0.0,58,0.019655429252767385,0.31891757249832153,1.5,0.984375,64,0.984375,45,0.703125,0.8975959982927563,37.54453125,24.17443470963227,-0.5676914260743404,0.41356173285001724,2.484375,1.3692172433091105,-0.6122370575140074,0.4280266431546799,2.425439687500001,1.6511083944230562,0.051324235610400386,0.7891241858739381,241.87029687500004,81.73936285204788,-0.6816354517488178,0.5426962318280811,1.0,0.9968544244766235,0.0032751092221587896,1.1180338859558105,0.07486038655042648
175,1.8600132733826835,0.859375,0.9285198769786142,0.680683471664262,0.0,0.109375,0.0,55,0.03457602375758902,0.35543379187583923,1.5,1.0,62,0.96875,38,0.6129032258064516,0.8877670371890204,31.825161290322583,22.767486490673882,-0.6655349777331542,0.3894925063943998,2.306451612903226,1.3629748024724515,-0.6678571210867461,0.42607521359924333,3.0385733870967764,1.788834442060821,0.34436291990298923,0.8549484258710723,254.00148387096777,94.61630627702506,-0.6010922563947012,0.6281907650659728,0.96875,0.9971474409103394,0.002583979396149516,1.1611261367797852,0.08001536130905151
176,2.1531807286220266,0.984375,0.9429598592576527,0.6709174701762006,0.0,0.015625,0.0,63,0.017772385729568317,0.31338250637054443,1.5,0.984375,64,0.984375,45,0.703125,0.8835424207550118,37.090625,26.322436952329756,-0.5754565820151598,0.4503084671718643,2.484375,1.286858911992686,-0.6122370575140074,0.4022808674120414,2.7807529687500017,1.6291908350684028,0.22114125352616196,0.77864899463846,259.80239062500004,76.01728159266183,-0.562578006628678,0.5047053321032604,1.0,0.9996476769447327,0.015772869810461998,1.0230478048324585,0.07377566397190094
177,2.0040688838498064,0.921875,0.9096300910084935,0.6929577224575502,0.0,0.078125,0.0,59,0.04155190454705175,0.4017737805843353,1.5,1.0,64,1.0,42,0.65625,0.8852049941118803,32.4328125,22.69402292377541,-0.6551396452151007,0.388235735744215,2.125,1.2054563451241194,-0.7245801320957717,0.3768338701505111,2.6326212500000015,1.3753565675631414,0.15034376842128655,0.6573324533571169,233.36707812499998,65.82682767907606,-0.7380912964363728,0.4370473427752684,1.0,0.9990035891532898,0.0011293054558336735,1.1014961004257202,0.0734691470861435
178,2.0906695391026373,0.96875,0.92534109469383,0.6798218681732077,0.0,0.03125,0.0,62,0.02460502439624456,0.3411385715007782,1.5,1.0,64,1.0,49,0.765625,0.8920742219714709,30.595000000000002,19.07073060018939,-0.6865798394236785,0.32625062337394134,2.265625,1.1890409410003508,-0.6806197985637769,0.3717023029302918,2.8870976562500017,1.4718116928962326,0.27196721094295506,0.7034318327249027,253.66253125000003,74.141553752975,-0.6033426814500127,0.4922517186297175,1.0,1.000664234161377,0.011006289161741734,1.0446385145187378,0.07824733853340149
179,2.078701981870379,0.953125,0.9401468605291649,0.6632019809355346,0.0,0.046875,0.0,61,0.025001052791565177,0.27403905987739563,1.5,1.0,64,1.0,48,0.75,0.8780296091200052,29.963593749999998,24.81292130418063,-0.6973815589268976,0.424484578642052,2.203125,1.2397036881347898,-0.7001577245779967,0.38753982301332857,2.922791718750002,1.5904764229071786,0.28902668935514525,0.7601459823095879,250.971875,81.74245225793409,-0.6212068897955406,0.54271674347479,1.0,0.9994283318519592,0.007494646590203047,1.0648607015609741,0.06697144359350204
180,1.96573686494026,0.921875,0.9223012651427317,0.6769152553840476,0.0,0.0625,0.0,59,0.033159325964287265,0.3460860550403595,1.5,1.0,63,0.984375,53,0.8412698412698413,0.8947938822454126,36.87047619047619,21.250659629618035,-0.5792227558366002,0.36354354201833683,2.6507936507936507,1.370421440898373,-0.5602134529285251,0.4284030835291681,2.7580396825396845,1.4595492307297186,0.2102857557588568,0.6975711602780513,258.26574603174606,86.2971402674979,-0.5727803277787386,0.5729569109252866,0.984375,1.0003172159194946,0.0010432967683300376,1.1014959812164307,0.07299836724996567
181,2.086656536105713,0.953125,0.9336749598628185,0.6802783897618112,0.0,0.046875,0.0,61,0.04493680696819435,0.40942665934562683,1.5,1.0,64,1.0,43,0.671875,0.8873619633033729,30.360468750000003,24.04947949213815,-0.6905920594123772,0.4114240739183307,2.1875,1.184205957593526,-0.7050422060815518,0.37019085416097136,3.0408954687500014,1.557317991091707,0.34547272638227505,0.7442983731522352,257.238625,68.55263228728441,-0.5795997437138604,0.45514491336988955,1.0,0.9986007809638977,0.0010416667209938169,1.0648607015609741,0.07343901693820953
182,2.0645839844509695,0.96875,0.9075450849148535,0.6525642072107538,0.0,0.03125,0.0,62,0.032896530077251976,0.3346291482448578,1.5,1.0,64,1.0,46,0.71875,0.8932151848057045,39.33171875000001,21.21992603918304,-0.5371172940085596,0.3630177701825249,2.703125,1.3995500113875887,-0.5438543164642378,0.4375088732110607,2.8142898437500015,1.6323539327317065,0.23716973431550373,0.780160752968092,261.18492187500004,84.47800195896136,-0.5533988978910965,0.560879015150593,1.0,0.9987791776657104,0.004199475049972534,1.0446386337280273,0.06786716729402542
183,2.0996453535330675,0.96875,0.9252142867734355,0.7137103399559476,0.0,0.03125,0.0,62,0.028406658960567398,0.405271053314209,1.5,1.0,64,1.0,47,0.734375,0.8837184017462187,36.8953125,23.465365100022282,-0.5787978711463214,0.4014313951613039,2.453125,1.3101727879844705,-0.6220060205211173,0.4095689439597563,2.6991559375000014,1.3264569995194433,0.18214309261051445,0.6339615880932684,260.76284375,69.39085001218166,-0.5562012222545638,0.46071013415068557,1.0,0.9994374513626099,0.003473945427685976,1.0446385145187378,0.0678287073969841
184,2.06017745138646,0.953125,0.9223029593952367,0.689759978142204,0.0,0.046875,0.0,61,0.030299952560757556,0.31301411986351013,1.5,1.0,64,1.0,47,0.734375,0.8838848737701466,31.278750000000002,19.264402363880897,-0.6748826544333081,0.3295638437722022,2.1875,0.998044963916957,-0.7050422060815518,0.311995658621988,2.9012709375000014,1.455764342446864,0.27874113267053285,0.6957622258101994,248.44575,55.743157529366336,-0.6379787176003174,0.3700983282209218,1.0,0.9995971322059631,0.008243173360824585,1.0648607015609741,0.06966066360473633
185,2.0520369442853856,0.953125,0.9253834026758788,0.6861181566584292,0.0,0.046875,0.0,61,0.01346669970846417,0.2984295189380646,1.5,1.0,64,1.0,50,0.78125,0.8775292168975577,31.616562499999997,19.62784845719453,-0.669103560752051,0.33578146159672434,2.1875,0.9499177595981665,-0.7050422060815518,0.29695076650595964,2.802732187500002,1.5573474333998485,0.231645914008068,0.7443124446920087,249.98515625,72.47532415959303,-0.6277580608447741,0.4811890373200335,1.0,0.9974884986877441,0.018378378823399544,1.0648609399795532,0.06903193145990372
186,2.0457353886646477,0.953125,0.9138803657938223,0.6965952076283648,0.0,0.046875,0.0,61,0.018985868355160227,0.32393065094947815,1.5,1.0,64,1.0,49,0.765625,0.8782940072525642,30.64421875,21.197390081438055,-0.6857378345626257,0.3626322385310759,2.296875,1.113548487662302,-0.6708508355566669,0.3481028474430799,3.0028720312500017,1.432569473311178,0.32729995573761944,0.6846765622129608,260.5346875,69.07904882064351,-0.5577160314336754,0.45863997693605757,1.0,1.0002316236495972,0.004721930716186762,1.0648605823516846,0.06485562026500702
187,2.029997984224094,0.9375,0.9262912531693777,0.7054862732644089,0.0,0.0625,0.0,60,0.022762306307638695,0.40048107504844666,1.5,1.0,64,1.0,48,0.75,0.8892704419850381,32.9725,20.74737701795097,-0.6459069950878751,0.35493368489057614,2.296875,1.0706260945703687,-0.6708508355566669,0.3346850147937446,2.9747279687500017,1.4792586303229536,0.313848894327894,0.7069909924105809,264.05696875,72.07246680944831,-0.5343303737148398,0.4785143264064739,1.0,1.0000461339950562,0.007861635647714138,1.083790898323059,0.06851367652416229
188,1.9732948423536187,0.921875,0.9090179215043278,0.6789011270014033,0.0,0.0625,0.0,59,0.03416824154783986,0.43414902687072754,1.5,1.0,63,0.984375,47,0.746031746031746,0.8842184431630866,29.139365079365078,18.66893369507647,-0.7114819687766727,0.319376922858162,2.0793650793650795,1.1026891703465656,-0.7388459193442496,0.34470815083060313,2.8991423809523833,1.3987349176567059,0.27772381881131,0.6685058091143604,240.17865079365077,77.07124789916926,-0.6928668820157345,0.5117029832110952,0.984375,1.0003437995910645,0.0021265284158289433,1.1014958620071411,0.07552929222583771
189,2.065782665015563,0.953125,0.9204673938086776,0.7039601720012995,0.0,0.046875,0.0,61,0.034309083329698814,0.4294268488883972,1.5,1.0,64,1.0,52,0.8125,0.8889784166845394,34.22203125,23.576385973289536,-0.6245307637423558,0.4033306736876652,2.421875,1.1699984975951891,-0.6317749835282273,0.36574950532421147,2.8340376562500014,1.5015306756801785,0.24660792536007103,0.71763560527769,253.45828125,73.6535588667201,-0.6046987686702121,0.4890117498229963,1.0,0.9988875389099121,0.0004897159524261951,1.0648607015609741,0.0636562928557396
190,2.0840656591542066,0.96875,0.9238361062542084,0.6823078925908476,0.0,0.03125,0.0,62,0.015872790931317653,0.41518041491508484,1.5,1.0,64,1.0,44,0.6875,0.8797636844419621,38.0978125,25.602914047327577,-0.5582262222235859,0.43799930077388377,2.53125,1.402773480466465,-0.5975836130033424,0.4385165516170161,2.8759414062500017,1.4459572435737298,0.2666352371437834,0.691075059940177,267.560328125,82.96916565942114,-0.5110703449451827,0.5508613229930454,1.0,0.9988062381744385,0.009803921915590763,1.0446385145187378,0.06999463587999344
191,1.8922724808102291,0.890625,0.9067268612092001,0.674851105723846,0.0,0.109375,0.0,57,0.015811113677023002,0.2896153926849365,1.5,1.0,64,1.0,46,0.71875,0.8902893788125418,32.51265625,22.356179042533988,-0.6537737262182819,0.3824561052114974,2.421875,1.1153010734214326,-0.6317749835282273,0.34865071769740735,2.621317031250001,1.5958074909202327,0.14494107502564674,0.7626938917744355,238.502140625,86.86934984933326,-0.7039978196619586,0.5767560105639766,1.0,1.000150442123413,0.0016111708246171474,1.1334559917449951,0.064692422747612
192,2.081359881602208,0.953125,0.9123452721072025,0.7068137345930005,0.0,0.046875,0.0,61,0.04159780615566994,0.3600308299064636,1.5,1.0,64,1.0,41,0.640625,0.8780408297589408,28.540000000000003,20.13350449189112,-0.7217355471461078,0.3444319218224547,2.171875,1.0976492993552176,-0.7099266875851067,0.3431326528058004,3.201354062500002,1.592432392538338,0.42216166914771436,0.7610808106636778,253.29892187500002,78.05943548954879,-0.6057568113231199,0.5182639064055778,1.0,0.9986083507537842,0.004756871145218611,1.0648608207702637,0.0610349215567112
193,2.0090587463315317,0.9375,0.9255595515171687,0.6746133589596378,0.0,0.0625,0.0,60,0.01896605276574505,0.3017825782299042,1.5,1.0,64,1.0,44,0.6875,0.8841549571847175,34.221875000000004,24.752849386169164,-0.6245334367736608,0.4234569042907445,2.359375,1.3505460411903771,-0.651312909542447,0.4221898981052022,2.5491487500000014,1.3548227106370099,0.11044925342284563,0.647518583362623,242.47525000000002,68.87716804573199,-0.6776189562695912,0.45729961983024897,1.0,0.9984763264656067,0.004885993432253599,1.0837910175323486,0.06514795869588852
194,2.064092702210242,0.96875,0.929981033648214,0.6473931733641899,0.0,0.03125,0.0,62,0.024751556156004675,0.31625866889953613,1.5,1.0,64,1.0,44,0.6875,0.8875444246702144,34.976093750000004,24.775455761271296,-0.6116307146647673,0.4238436406001139,2.40625,1.30765474705673,-0.6366594650317822,0.4087817872022047,2.9527535937500016,1.2742283966340775,0.30334654884861795,0.6089996571440595,264.330078125,76.31413807359537,-0.5325171050090671,0.5066762661548015,1.0,0.9985889792442322,0.007843137718737125,1.0446386337280273,0.06583667546510696
195,2.028947937158306,0.921875,0.9374826025154631,0.7016075927967395,0.0,0.078125,0.0,59,0.03181081863649151,0.3223174214363098,1.5,0.984375,64,0.984375,42,0.65625,0.8877341297310387,28.624687500000004,19.16196884201474,-0.7202867641788361,0.3278114725042189,2.25,1.0307764064044151,-0.6855042800673319,0.32222773064852644,2.606657500000001,1.2406096526179187,0.13793475690502935,0.5929320482024153,233.634125,65.68656636907869,-0.7363182787894613,0.4361160988586181,1.0,1.0002418756484985,0.016384180635213852,1.1014958620071411,0.054372094571590424
196,2.0839050486866335,0.953125,0.9203072542049846,0.7199488842886475,0.0,0.046875,0.0,61,0.027760757603662315,0.33709025382995605,1.5,1.0,64,1.0,50,0.78125,0.8750115144617283,32.96296875,28.136824107813297,-0.6460700499974757,0.48134791463342613,2.34375,1.394394469832694,-0.656197391046002,0.4358972157796564,3.120800937500002,1.5681716116714557,0.383662428637561,0.7494857094486942,264.098796875,66.01992173843718,-0.5340526621566641,0.4383293618019317,1.0,0.9973241686820984,0.015744032338261604,1.0648608207702637,0.06981747597455978
197,2.14496345651161,0.96875,0.9349895816656851,0.7099005313063541,0.0,0.03125,0.0,62,0.03528913878883624,0.39780667424201965,1.5,1.0,64,1.0,46,0.71875,0.8775671241185355,28.88828125,18.848405897008863,-0.7157773603674207,0.3224472256685932,2.21875,1.1105847277448038,-0.6952732430744418,0.347176355891208,2.873269843750001,1.247349143704978,0.2653584011771411,0.5961530937953297,249.11029687500002,66.5077078398812,-0.633566558362076,0.44156794441323666,1.0,0.9991435408592224,0.0015889829955995083,1.0446385145187378,0.08758880198001862
198,1.932344785129574,0.890625,0.9180274678949725,0.7297066707218801,0.0,0.078125,0.0,57,0.02768769106061754,0.2922956645488739,1.5,1.0,62,0.96875,54,0.8709677419354839,0.8883803662230986,39.658225806451604,24.554027560318538,-0.5315316070762369,0.4200555797172923,2.7580645161290325,1.3991412558788285,-0.5266798492420606,0.4373810934528517,2.848566290322582,1.5130682296165472,0.2535516830037911,0.7231498179652193,269.18251612903225,74.8321123194129,-0.5003000711580172,0.49683657858930386,0.96875,0.9995471239089966,0.0025367834605276585,1.133455753326416,0.0822698101401329
199,2.073546727342839,0.953125,0.9318763173994471,0.6708111421240327,0.0,0.046875,0.0,61,0.036803329651705186,0.34896448254585266,1.5,1.0,64,1.0,49,0.765625,0.8836027238087383,28.709687499999998,20.946543343171058,-0.7188326351489547,0.35834090295266263,2.328125,1.1733324270533905,-0.661081872549557,0.3667917143976669,3.151296718750002,1.567263468900547,0.3982374611628513,0.7490516753009839,255.01246875,66.91394068292328,-0.5943799740237332,0.44426506640527846,1.0,0.9982423186302185,0.0015690376749262214,1.0648609399795532,0.06900191307067871
