step,reward_mean,valid_frac,c_mean,qed_mean,d_var,d_loss,w_C,unique,n_valid,unique_smiles_frac,n_scaffolds,scaffold_frac,tanimoto_dist,tpsa_mean,tpsa_sd,tpsa_drift_sd,tpsa_spread_ratio,hba_mean,hba_sd,hba_drift_sd,hba_spread_ratio,logp_mean,logp_sd,logp_drift_sd,logp_spread_ratio,mw_mean,mw_sd,mw_drift_sd,mw_spread_ratio,rdkit_valid_frac,ratio_mean,clip_frac,adv_std,kl
0,0.9822172762743826,0.984375,0.8242963150380149,0.5538446742028162,0.004315220573852132,0.7506814002990723,0.2,1.0,63,0.984375,49,0.7777777777777778,0.9208022223937068,61.797777777777775,32.02878756926285,-0.15278142789887472,0.547929291722037,3.984126984126984,2.027525378010891,-0.14340436462516767,0.6338182532404796,1.9513980952380958,1.4976327494255495,-0.17523731954102525,0.7157726458907289,285.5093333333335,101.60726669754504,-0.391900618735589,0.6746061975417889,0.984375,0.9923137426376343,0.03947368264198303,1.0230478048324585,0.003933692816644907
1,1.0063333956232676,0.984375,0.846139733043928,0.5223096945579221,0.004229754388283754,0.7075777053833008,0.21300000000000002,1.0,63,0.984375,48,0.7619047619047619,0.9159414350069625,58.24825396825397,34.57517145407029,-0.2135045527657473,0.5914913002881659,3.6666666666666665,1.9760470401187078,-0.24264462374501472,0.6177257739273198,1.9974284126984136,1.8463400723887775,-0.15323777250093845,0.8824324383495947,276.10526984126983,107.56265628972633,-0.4543374868850586,0.7141461129261916,0.984375,0.9983096122741699,0.014343343675136566,1.0230478048324585,0.009477206505835056
2,1.0197870433296439,0.984375,0.8926641269335671,0.5725075051537705,0.0041905870959600125,0.6918891072273254,0.226,1.0,63,0.984375,49,0.7777777777777778,0.914785752900086,51.68174603174603,30.896139612953576,-0.3258404329472005,0.5285526296760925,3.4444444444444446,2.0140599270554795,-0.3121128051289075,0.6296088614882406,2.4876534920634934,1.7021117900542782,0.08105845417661471,0.8135005461360746,283.0997301587302,102.2753768672592,-0.4078988173687878,0.6790420147404889,0.984375,0.9972668886184692,0.008378718048334122,1.0230478048324585,0.01763192191720009
3,1.0414354588037815,1.0,0.8484216970391572,0.5973746808386013,1.1761017357425282e-06,0.6761656999588013,0.23900000000000002,1.0,64,1.0,49,0.765625,0.9103125931642518,51.01578125,27.83612546026563,-0.3372333590885605,0.4762037424846594,3.328125,1.7144121395904195,-0.348475056322039,0.5359369206591682,2.119109062500001,1.6755298259475266,-0.09508220619431693,0.8007960678259148,257.58945312500003,97.70013545169249,-0.577270473031858,0.648665386035588,1.0,0.9954872131347656,0.018078021705150604,1.0,0.03328144550323486
4,1.0710184525472461,0.984375,0.8581784010406525,0.6103508345071956,0.00415534935202164,0.6723514199256897,0.252,1.0,63,0.984375,46,0.7301587301587301,0.904895104831119,42.0688888888889,30.111815648057078,-0.4902914286122873,0.5151348856032952,2.9365079365079363,1.660684653923881,-0.47089721972066284,0.519141342421042,2.2656103174603186,1.4992943750067518,-0.025063978474950642,0.7165667966190654,249.23811111111112,88.9096046278629,-0.6327179549243781,0.5903019759549893,0.984375,0.9985426068305969,0.032343585044145584,1.023047924041748,0.054650016129016876
5,1.1064698195211817,1.0,0.8792525911703706,0.6195119143618858,2.6770192702446627e-06,0.6768009662628174,0.265,1.0,64,1.0,43,0.671875,0.912708619750976,33.74734375,21.065714980314244,-0.632651432846731,0.3603796198598204,2.25,1.299038105676658,-0.6855042800673319,0.4060881663738061,2.363180156250001,1.4574903733467393,0.0215681626133174,0.6965871581606483,220.4404375,89.60213959775793,-0.8239157867750263,0.5948999579487013,1.0,0.9969320893287659,0.02164009027183056,0.9999998807907104,0.0980367586016655
6,1.099676391751178,0.984375,0.8863290094193959,0.5721044277938616,0.004087428685876193,0.6441866159439087,0.278,1.0,63,0.984375,39,0.6190476190476191,0.906435222343268,34.4847619047619,22.550464103705647,-0.6200361252467199,0.38577981753528584,2.4126984126984126,1.2926522585080844,-0.6346436472684103,0.40409190702152287,2.1992287301587305,1.3323636717771192,-0.05679013056364474,0.6367845995638093,215.39553968253975,85.2156111560134,-0.8574106286720573,0.565776260710562,0.984375,0.9953939914703369,0.01378896925598383,1.0230478048324585,0.10959307849407196
7,1.1321155771053824,1.0,0.9126552569214255,0.5800976835251405,7.392725190315946e-06,0.6453036069869995,0.29100000000000004,1.0,64,1.0,40,0.625,0.9020878660305832,34.4371875,25.2681057900042,-0.6208499996354683,0.4322716018748489,2.1875,1.4347800354061246,-0.7050422060815518,0.44852201885511417,2.570378906250001,1.6099819090619063,0.12059590994966413,0.7694683568635028,229.42200000000003,81.95429199674356,-0.7642840505514268,0.544123221626711,1.0,0.9942687749862671,0.02443281002342701,0.9999999403953552,0.14500285685062408
8,1.1600326228020355,1.0,0.9001341070979834,0.5740648986954932,1.6896743132543968e-05,0.6358444094657898,0.30400000000000005,1.0,64,1.0,34,0.53125,0.8797078713965454,25.646875,21.087696122013305,-0.7712293947881778,0.3607556600510503,1.75,1.1858541225631423,-0.8418076881810909,0.37070608176474085,2.2668654687500007,1.4412748532017265,-0.024464096454506354,0.688837176889778,193.28168749999998,70.2581297926784,-1.0042322312870677,0.46646830808786444,1.0,0.997657835483551,0.02274293638765812,0.9999999403953552,0.1798771321773529
9,1.1683184093968046,1.0,0.9009940596297383,0.5888298775741214,2.2823510944548547e-05,0.6108402013778687,0.317,0.96875,64,0.96875,31,0.484375,0.8757068257875041,21.21859375,16.31823872879549,-0.8469857750011777,0.2791626429656266,1.625,1.125,-0.8808835402095306,0.3516826682559578,2.346745625000001,1.3298870667512008,0.013713508045100542,0.6356009407977281,178.9595,71.10232514086653,-1.099322245652044,0.4720732164013504,1.0,0.9969618916511536,0.028346456587314606,0.9999999403953552,0.2405022382736206
10,1.19459549907822,1.0,0.9113251529633999,0.5635690363185755,3.868518023147894e-05,0.5552337765693665,0.33,0.953125,64,0.953125,25,0.390625,0.8460814910141043,19.8275,18.332543893988092,-0.8707837727089626,0.31362216785676583,1.234375,0.9801496617226372,-1.0029955777984048,0.30640146517759237,2.4320175000000006,1.390566716057253,0.05446800918179424,0.6646019312956817,169.057359375,73.3181357666214,-1.1650660221718854,0.48678475849176767,1.0,0.9970418810844421,0.0235294122248888,0.9999998807907104,0.281524121761322
11,1.1933947603265023,0.984375,0.9089165963823833,0.5861597324804864,0.00386915788483563,0.5367380976676941,0.343,0.875,63,0.859375,25,0.3968253968253968,0.8121213257849254,18.30873015873016,19.59211985192682,-0.8967659764254216,0.3351702380424072,1.1904761904761905,1.1388819755334665,-1.016718644879821,0.356022268430423,2.3027036507936516,0.9919942132436539,-0.007335738120237169,0.47410977290263895,164.36336507936505,61.48174558104312,-1.1962310928010085,0.40819882231573984,0.984375,0.9965701103210449,0.01898188143968582,1.023047685623169,0.3267555832862854
12,1.2289995709714452,1.0,0.9210948254913092,0.5640732985289427,0.00010340177809153514,0.5383746027946472,0.356,0.875,64,0.875,20,0.3125,0.8145894428831942,15.3690625,16.81284309303735,-0.9470560479638137,0.2876240378403346,0.9375,0.899218410621135,-1.0958007263659493,0.281101804437442,2.3572240625000007,1.33975681057669,0.018721530831095526,0.6403180469473791,157.31490624999998,64.57216651538968,-1.2430282773327197,0.4287172082844222,1.0,0.9935475587844849,0.029080675914883614,0.9999997615814209,0.3298145830631256
13,1.2347595687435269,1.0,0.9296930888667703,0.5338346368824326,0.00014105735386329196,0.453426331281662,0.369,0.734375,64,0.734375,10,0.15625,0.7608526683146178,10.0928125,12.179311924934172,-1.0373189690686644,0.20835636510622152,0.65625,0.7545435292281023,-1.1837213934299387,0.23587545037707225,2.2116846875000005,0.7896626507071096,-0.05083697980176229,0.37740822980434735,126.38301562499998,33.94730066104861,-1.448395922733754,0.22538800776845594,1.0,0.9999173879623413,0.006849315017461777,0.9999997615814209,0.3989713490009308
14,1.2390930277874477,1.0,0.9261919613927603,0.5341544799722001,0.0001631736537984728,0.4211192727088928,0.382,0.59375,64,0.59375,12,0.1875,0.7313847128256181,11.0240625,15.742922588296423,-1.021387702491286,0.26932047942140214,0.609375,0.7627497029661827,-1.1983748379406036,0.23844075622274344,2.1184842187500004,0.817238616773746,-0.09538084153357339,0.39058777746186235,124.43360937499997,44.315849497039856,-1.4613387129545687,0.29422843160443535,1.0,0.9972302317619324,0.011723329313099384,0.9999998211860657,0.5458070635795593
15,1.2496945595002964,1.0,0.9128501499071717,0.536633302769852,0.00031339795504388424,0.4268297553062439,0.395,0.609375,64,0.59375,9,0.140625,0.6793454818945643,9.783281250000002,11.600669707861629,-1.0426142440837294,0.19845730103845463,0.640625,0.6700556763247365,-1.1886058749334936,0.20946397167105218,2.0822065625000006,0.6530116374733949,-0.11271924042391332,0.31209778747897576,125.63823437499998,46.163608046118895,-1.4533407860628555,0.30649634717075047,1.0,0.9969556927680969,0.006888633593916893,0.9999997019767761,0.3994423449039459
16,1.228734857625874,1.0,0.9239383786916733,0.5381554875080048,0.0005480022338472381,0.38825827836990356,0.40800000000000003,0.640625,64,0.640625,12,0.1875,0.7235034382114254,7.17796875,9.921500040897214,-1.0871843680621196,0.16973107328752027,0.484375,0.6121730632549917,-1.2374506899690434,0.19136947228438994,2.3193571875000005,0.7767917970317666,0.0006235870456381095,0.37125678513701726,127.23610937499998,47.76247587447611,-1.442731934816952,0.3171117901515232,1.0,0.9974629878997803,0.012195121496915817,0.9999998211860657,0.6180714964866638
17,1.2266182032274668,1.0,0.9289226783439517,0.5371018123614086,0.0005868623630042036,0.3683702349662781,0.42100000000000004,0.5,64,0.5,9,0.140625,0.6978665296125613,6.03015625,9.190422918075422,-1.1068204560281296,0.15722424425955064,0.421875,0.6073684914242753,-1.2569886159832633,0.18986753038105328,2.1884671875000006,0.7351672469697565,-0.061933459504374504,0.3513629130623554,120.59451562499999,38.65474413396441,-1.486827799718444,0.25664237219161945,1.0,0.9987896084785461,0.01589241996407509,0.9999997019767761,0.5409530401229858
18,1.2236208094461252,1.0,0.9261509859934449,0.5318354919984458,0.0009988010039641139,0.3441508412361145,0.434,0.46875,64,0.46875,11,0.171875,0.639132828538906,7.544218750000001,11.515521156884237,-1.0809187826833655,0.19700063068753026,0.484375,0.6844748785565472,-1.2374506899690434,0.21397151257327926,2.2202237500000006,0.8926017772404523,-0.0467558541977744,0.42660654694365485,123.377234375,49.10123029604954,-1.4683523562213392,0.3260002492069987,1.0,0.9985193014144897,0.018691588193178177,0.9999996423721313,0.4749491810798645
19,1.2243189581061245,1.0,0.9376454278826714,0.561666063768319,0.0023276440143032394,0.3168480694293976,0.44700000000000006,0.515625,64,0.5,16,0.25,0.6893194684828268,5.2696875,8.53459851295559,-1.1198300993892203,0.14600479360085042,0.390625,0.6279228530440663,-1.2667575789903731,0.19629296392660522,2.6014682812500007,0.8393406415837584,0.1354546423133724,0.4011511313841596,137.654484375,51.357665637052236,-1.3735606976431816,0.3409815129971555,1.0,1.0039044618606567,0.034303534775972366,0.9999997615814209,0.3888604938983917
20,1.2178783544365575,1.0,0.9469128996133804,0.5510372872109184,0.0034237780817063385,0.3146268427371979,0.46,0.546875,64,0.546875,16,0.25,0.6830562756585289,6.01015625,9.1640284353054,-1.1071626040351608,0.1567727032757319,0.40625,0.6547602137424051,-1.2618730974868182,0.20468250581046246,2.668313281250001,1.0111541159364252,0.16740227602592195,0.483266980669813,145.829234375,64.72600765600868,-1.3192856719231167,0.42973861344835995,1.0,1.0034141540527344,0.06749049574136734,0.9999997615814209,0.5287167429924011
21,1.20264308071026,0.984375,0.9487180426007226,0.6152952789747764,0.008037293063671286,0.33780592679977417,0.47300000000000003,0.625,63,0.609375,22,0.3492063492063492,0.7102045290454868,9.143809523809526,11.55833588128807,-1.0535539429171648,0.19773307931884782,0.5714285714285714,0.6098213559459856,-1.210237150163523,0.19063431254982258,3.033912222222223,0.8958725752316602,0.3421351812825084,0.42816977914009213,172.34807936507934,57.964594606111454,-1.1432177806844896,0.3848472262882446,0.984375,1.0027720928192139,0.0639868751168251,1.023047685623169,0.3851099908351898
22,1.2048070853788033,1.0,0.9506216235458851,0.5995808647440933,0.006232340900224265,0.32223445177078247,0.48600000000000004,0.578125,64,0.578125,18,0.28125,0.6984917471396782,10.842031250000002,14.551313426509768,-1.0245017839615287,0.24893514442814627,0.65625,0.8699631816921909,-1.1837213934299387,0.27195642046395757,3.0258990625000015,0.9401476569496269,0.3383054035626239,0.44933043578335335,174.259796875,60.79041216502086,-1.1305252191969284,0.4036088178586313,1.0,0.9967207312583923,0.028044871985912323,0.9999999403953552,0.34920892119407654
23,1.1840927408868143,1.0,0.9522609151899815,0.6305890329993216,0.005302865594321483,0.33561187982559204,0.49900000000000005,0.84375,64,0.84375,29,0.453125,0.7574715396506004,14.99359375,14.58145444211451,-0.9534793421895587,0.2494507788490988,0.828125,0.7406645559057082,-1.1299920968908341,0.23153678871425198,3.657769218750002,1.1937729398127102,0.6402989155046749,0.5705470957751482,214.781828125,71.08408423645962,-0.8614852744496249,0.4719521086542215,1.0,0.9994706511497498,0.040473226457834244,0.9999997019767761,0.388179212808609
24,1.1887821488672858,1.0,0.9383089616894722,0.6199805769645436,0.009134954226606849,0.3906889855861664,0.512,0.84375,64,0.84375,31,0.484375,0.7507547297629069,24.749218749999997,20.193651563106375,-0.7865859596349963,0.3454608818497071,1.328125,0.9691279504662942,-0.973688688777075,0.302956003112368,3.389126718750002,1.4801010024277634,0.5119049864206211,0.7073935923874548,225.52020312500002,80.36132637095638,-0.7901894453029596,0.5335469654340717,1.0,1.003962755203247,0.04566744714975357,0.9999998807907104,0.3878462612628937
25,1.1909791069139644,1.0,0.9570345357060432,0.5984956688696723,0.014452344148763148,0.4215078055858612,0.525,1.0,64,1.0,41,0.640625,0.7938031445750935,23.970781249999998,18.282445756165895,-0.7999030015961538,0.31276511895617454,1.3125,0.982264602843857,-0.97857317028063,0.30706261018800557,3.8679178125000027,1.2916973150948885,0.7407364994426263,0.6173486826260011,245.80407812500002,82.64691636230008,-0.655517701539838,0.5487217971495005,1.0,0.9999719858169556,0.04234527796506882,0.9999999403953552,0.3655603229999542
26,1.1898855265077808,1.0,0.9341356791555882,0.5703977622880995,0.0243901420140853,0.4233187735080719,0.538,0.9375,64,0.9375,39,0.609375,0.7611364103295191,36.00546875,25.439697013826116,-0.5940207844278935,0.4352070816375824,1.84375,1.1887329126006396,-0.812500799159761,0.3716060111529504,4.487783281250001,2.49813931779863,1.0369925387377525,1.1939507799827773,302.87921875000006,109.30069875955583,-0.276575871465745,0.7256855850510346,1.0,1.0042641162872314,0.057296328246593475,0.9999998807907104,0.2906714677810669
27,1.1829243102311222,1.0,0.9362241541966796,0.5304246374296653,0.02987969887354478,0.45632827281951904,0.551,0.953125,64,0.953125,46,0.71875,0.8055184160077653,36.825937499999995,21.64393829103414,-0.5799846970457101,0.3702715175289027,2.0,1.1989578808281798,-0.7636559841242113,0.37480240591658925,5.188045000000001,3.637406016563773,1.3716728423288258,1.7384473794749482,330.36825000000005,155.46436669207756,-0.09406657416449256,1.0321823298285686,1.0,0.9976317286491394,0.09605704993009567,0.9999999403953552,0.32546982169151306
28,1.2496789566267965,1.0,0.9505699267610908,0.3607597523308195,0.029850018451678135,0.416151762008667,0.5640000000000001,1.0,64,1.0,48,0.75,0.8019925992767957,48.493125,30.328500718950405,-0.3803894495066433,0.5188418038612708,2.578125,1.7212340004703022,-0.5829301684926775,0.5380694808695754,7.415180781249998,4.494596525413977,2.4361012688003276,2.148129605499635,444.4540000000002,172.81163212684427,0.6633886404344722,1.1473568951235018,1.0,0.9991658329963684,0.05514705926179886,0.9999999403953552,0.4208007752895355
29,1.2538645208297914,0.984375,0.9403811778341021,0.27393355080320386,0.04392060759645597,0.6077566146850586,0.577,1.0,63,0.984375,53,0.8412698412698413,0.8193444345535166,37.115238095238105,26.040006818394666,-0.5750355159410309,0.44547682179929565,2.0476190476190474,1.3144927373183106,-0.7487699452562344,0.41091938956727225,10.293833492063488,5.915935446343913,3.811913107991095,2.8274386821285504,522.2852063492063,211.5380117734974,1.180137253716448,1.4044748805502232,0.984375,1.0008584260940552,0.03075030818581581,1.023047685623169,0.4077471196651459
30,1.2247439403142835,0.984375,0.926578614446852,0.24624652229355634,0.03913817296047657,0.5388056039810181,0.5900000000000001,1.0,63,0.984375,50,0.7936507936507936,0.8008343343061927,35.26111111111111,25.338750492934924,-0.6067548085610981,0.43348014909060095,1.8888888888888888,1.3346554291795496,-0.7983900748161579,0.41722238447659066,11.686245238095234,6.5295260857968165,4.477396845582143,3.120695754440471,561.5077460317459,228.55152085807381,1.4405494192354056,1.5174335206497909,0.984375,1.0005446672439575,0.01572052389383316,1.023047685623169,0.45056411623954773
31,1.2293908143913148,1.0,0.9070359589532018,0.19228065227986124,0.039357548975094185,0.5654809474945068,0.603,1.0,64,1.0,56,0.875,0.7956393399864349,37.189375,30.705981342962726,-0.5737672262304446,0.5252995160212014,1.875,1.4523687548277813,-0.8027318361526511,0.4540203724350374,12.013797031249995,6.322995312444558,4.633945648179152,3.021987257209152,571.0266718749999,233.69007380530002,1.5037488987265215,1.5515501717247004,1.0,0.9988802075386047,0.007983441464602947,0.9999999403953552,0.45747920870780945
32,1.2412781893596088,1.0,0.9079786702059209,0.23937338056628152,0.01991275339830473,0.4363023042678833,0.6160000000000001,1.0,64,1.0,56,0.875,0.7737678571201535,33.15203125,25.11994079534272,-0.6428356821185114,0.4297368839930902,1.78125,1.340111352649473,-0.8320387251739809,0.41892794334210437,12.413906718749992,6.467671968872389,4.825172482513695,3.0911334435553663,581.6718281249999,219.3240449996699,1.5744258159732702,1.4561690795909024,1.0,1.0001519918441772,0.003886397695168853,0.9999999403953552,0.46449846029281616
33,1.2285568255904502,1.0,0.9019888760522008,0.18921064185221656,0.021273330242100638,0.35781341791152954,0.629,1.0,64,1.0,52,0.8125,0.8016641037844049,33.4128125,27.178209933968123,-0.6383743928705844,0.46494851817878907,1.796875,1.3249963148533659,-0.827154243670426,0.41420287949950474,12.963871406249996,6.7792871091025,5.088020420146829,3.2400655455728145,599.2052656249999,240.69251323565288,1.6908364427537403,1.598041817363478,1.0,0.9989383816719055,0.06189664825797081,0.9999999403953552,0.37738391757011414
34,1.2555324930934078,1.0,0.8936037146486342,0.2521645522324192,0.030361160046038508,0.3954067826271057,0.6420000000000001,1.0,64,1.0,56,0.875,0.8151655399810641,36.944218750000005,29.39693738324876,-0.5779612123478785,0.5029051769246,2.0,1.5206906325745548,-0.7636559841242113,0.47537825711614196,10.600687968749991,6.228694028938054,3.9585699173895006,2.9769172764463563,526.587734375,225.6746399520945,1.2087032428000593,1.4983329016503608,1.0,0.9985548853874207,0.04524325951933861,0.9999998807907104,0.2920486330986023
35,1.295510411142342,1.0,0.9009892642498016,0.3807967749942318,0.03435202892798982,0.3935946822166443,0.655,1.0,64,1.0,48,0.75,0.8311211938372878,37.464375000000004,27.958615447378204,-0.5690626911337691,0.47829922773325007,1.921875,1.3953571171477932,-0.7880783916419862,0.4361981458919795,7.603522812499997,4.860198843505673,2.5261167108985023,2.3228641248032846,407.6122656250001,177.26096167543864,0.418783474432463,1.176897550885085,1.0,1.0025582313537598,0.04809843376278877,0.9999999403953552,0.2871079742908478
36,1.340519583622673,1.0,0.915547096170485,0.38570019949249323,0.038899971825393745,0.37724271416664124,0.6679999999999999,1.0,64,1.0,45,0.703125,0.8409602308070301,45.71328125,31.47227500389666,-0.42794534945263946,0.538408808465651,2.359375,1.7172578750365364,-0.651312909542447,0.5368265169568046,5.94704,4.03482480308121,1.7344238970024204,1.9283881352853298,361.92778125000007,165.3517660946155,0.11546819696697191,1.097828234214305,1.0,0.9998661279678345,0.08387888967990875,0.9999999403953552,0.213297039270401
37,1.396988734895981,1.0,0.9340070514008403,0.5045593059876019,0.044836498813780074,0.3963165879249573,0.681,1.0,64,1.0,30,0.46875,0.8372854625948222,37.34125,27.858945685138554,-0.5711690398020534,0.47659413720767285,1.75,1.25,-0.8418076881810909,0.3907585202843975,4.052115156250002,2.6151883632159216,0.8287710460646555,1.2498927356921825,264.068359375,123.30820850823957,-0.534254747369711,0.8186863437144638,1.0,0.9988954663276672,0.05585392192006111,0.9999998807907104,0.1964997947216034
38,1.4453758315431195,1.0,0.9327306356281042,0.5019087855605422,0.04636179087530241,0.3795260488986969,0.6940000000000001,0.96875,64,0.96875,34,0.53125,0.8621010463352105,45.8453125,32.76671228972086,-0.42568663799997425,0.5605532653442156,2.34375,1.660372228598154,-0.656197391046002,0.5190436761346576,3.605187968750002,2.466912504804323,0.6151684417946293,1.179026361050136,278.9001875000001,120.51881734555444,-0.4357810505643091,0.8001665997347633,1.0,0.9990443587303162,0.07943470031023026,1.0,0.21726319193840027
39,1.4795789538915214,1.0,0.9213497806340456,0.5686470386629251,0.06595584486806222,0.47837916016578674,0.7070000000000001,1.0,64,1.0,36,0.5625,0.872719282138528,64.131875,49.22945510169065,-0.11285109225888504,0.8421879975131382,2.90625,2.1630328100840264,-0.4803560569180232,0.676178800156029,2.095285156250001,1.868209187903947,-0.10646850929069092,0.8928844765289061,261.24015625000004,92.28741877929163,-0.553032177548119,0.6127284660551628,1.0,0.9972074627876282,0.07890665531158447,0.9999999403953552,0.17551285028457642
40,1.4691840912955652,1.0,0.9131298842839897,0.5565467102453563,0.06814313713071674,0.5677749514579773,0.72,0.984375,64,0.984375,28,0.4375,0.8769108843049818,58.4503125,41.0195178378823,-0.2100478565687221,0.7017373138800831,2.578125,1.6564710937336034,-0.5829301684926775,0.5178241547849763,1.6795279687500007,1.6054610236764748,-0.3051738476048467,0.7673076628646969,231.779453125,91.79791489852349,-0.7486320943456442,0.6094784785058479,1.0,0.9992448687553406,0.030651340261101723,0.9999999403953552,0.20562706887722015
41,1.5502421199345622,1.0,0.938327981159091,0.5905967684871145,0.04939534527334032,0.6004090309143066,0.7330000000000001,0.984375,64,0.984375,29,0.453125,0.874121610032356,59.89421875000001,46.20122542357127,-0.18534637427987088,0.7903828600531133,2.671875,1.984744060168716,-0.5536232794713477,0.6204445216758198,1.6185801562500006,1.4296841752950336,-0.3343030029542542,0.6832975743429432,232.75407812500004,95.98436873609046,-0.7421612179344488,0.6372738104376882,1.0,0.9998717308044434,0.0267952848225832,0.9999999403953552,0.19944985210895538
42,1.519015200270351,1.0,0.9279303718358278,0.609455346823948,0.059373085089660896,0.5706304907798767,0.746,1.0,64,1.0,32,0.5,0.8650072985102358,54.005,40.88349101410006,-0.28609559719395916,0.699410248547091,2.328125,1.6398807835861118,-0.661081872549557,0.5126379107495419,1.5858260937500006,1.5228790114877988,-0.34995734944760376,0.7278387440727286,213.90310937499999,85.28449326850787,-0.8673193957080064,0.5662335931583176,1.0,0.9998275637626648,0.02659279853105545,0.9999999403953552,0.25129789113998413
43,1.5730403579584928,1.0,0.9360324623994529,0.6417679041819584,0.03579770714060222,0.5083560943603516,0.7590000000000001,0.953125,64,0.953125,32,0.5,0.8269782803110871,47.132343750000004,32.752354864869424,-0.403668879141272,0.5603076471292648,2.203125,1.393956683105684,-0.7001577245779967,0.4357603606647391,1.9086148437500008,1.337706174101063,-0.19568497677153682,0.6393379738977729,211.79734375,73.48238170031364,-0.8813003105319829,0.48787524471771493,1.0,1.0023102760314941,0.02390914596617222,0.9999998807907104,0.27169087529182434
44,1.512538793301926,0.984375,0.925891725789933,0.630164029647856,0.042422722052623985,0.4419665038585663,0.772,0.96875,63,0.953125,30,0.47619047619047616,0.8553251743294737,46.748095238095246,39.77443690729658,-0.4102423722689129,0.6804372159304763,2.0317460317460316,1.6131233036079369,-0.7537319582122267,0.5042733401232931,1.755489523809525,1.3342006778287976,-0.26886908378889435,0.6376625709373863,206.2343968253968,83.30676718458888,-0.9182346617246425,0.5531027776505716,0.984375,0.9979891777038574,0.024760833010077477,1.023047685623169,0.28709903359413147
45,1.5629450484256804,1.0,0.9492740016430616,0.667094967082906,0.03897276131567731,0.5741780400276184,0.7850000000000001,0.953125,64,0.953125,42,0.65625,0.8369174746112232,36.848124999999996,29.78374508829229,-0.5796051266004101,0.5095224511938429,1.671875,1.2996957276128132,-0.8662300956988657,0.40629374347354896,2.4311404687500007,1.149528367049437,0.05404884435077535,0.5494010204604755,220.520203125,79.41959079593094,-0.8233861948794391,0.5272944534237954,1.0,0.9987308979034424,0.024576734751462936,0.9999998211860657,0.2821437120437622
46,1.5066305604867551,1.0,0.9326860206201673,0.6489958339857037,0.03987704637156229,0.45136818289756775,0.798,0.90625,64,0.90625,41,0.640625,0.8284924248520158,32.0059375,28.184352746623325,-0.6624423667401673,0.48216100608571333,1.4375,1.248436522214886,-0.9394973182521903,0.3902697664717506,2.543548437500001,1.1537738785451792,0.10777266231766464,0.5514301033565544,205.84225,81.9909006100296,-0.9208382617166243,0.5443662790202307,1.0,1.0004578828811646,0.006535947788506746,0.9999999403953552,0.30120256543159485
47,1.4821091241805187,1.0,0.9418716100044549,0.6302873954614503,0.03945084509498793,0.41625580191612244,0.8109999999999999,0.9375,64,0.9375,35,0.546875,0.811626977407799,31.466093750000006,25.121157829182774,-0.6716776898986978,0.42975770427823334,1.4375,0.9333240326917549,-0.9394973182521903,0.29176345436839746,2.5540996875000013,1.4810796935491541,0.11281548482061242,0.7078613441334929,206.183203125,68.03914316961684,-0.9185745546150357,0.451735679439998,1.0,0.99896639585495,0.014796547591686249,0.9999999403953552,0.3041374981403351
48,1.4857681758725394,1.0,0.9627522872760892,0.6045512090386909,0.0421648111095175,0.4754787087440491,0.8240000000000001,0.9375,64,0.9375,39,0.609375,0.8485152395403229,22.752343749999998,21.64471303388742,-0.8207472997119922,0.37028477136506327,1.09375,0.9307045382397144,-1.0469559113303997,0.2909445825476194,2.677782968750001,1.5817459537186287,0.171928180844866,0.7559733765533684,197.076671875,79.01584904962398,-0.9790360020983623,0.5246138706946509,1.0,1.0032894611358643,0.00978135783225298,0.9999998807907104,0.34780532121658325
49,1.4096670862704868,0.984375,0.955176747980572,0.649141297964018,0.025834270316246008,0.37688741087913513,0.837,0.96875,63,0.953125,36,0.5714285714285714,0.8253067463907046,22.867301587301583,16.46692348039078,-0.8187806699657258,0.28170625253733755,1.1428571428571428,0.7529232524210427,-1.0316046837477983,0.23536894080301007,2.7584920634920658,1.2856280292985087,0.2105019649138454,0.6144479522868654,194.7967619047619,61.19234235464494,-0.9941731221661448,0.40627737302906675,0.984375,1.0007117986679077,0.018999366089701653,1.0230478048324585,0.35385584831237793
50,1.4768415725985686,1.0,0.9671982452273369,0.5954730314352602,0.04878495481853358,0.5128260850906372,0.8500000000000001,0.96875,64,0.96875,40,0.625,0.8671267982326576,20.691875,20.097036852092774,-0.8559965635300941,0.34380805530854835,1.046875,0.9258389354390968,-1.0616093558410644,0.2894235619470906,2.8090906250000014,1.6086371060863103,0.2346848403635788,0.7688256270724954,203.439671875,76.89171832174426,-0.9367898185873348,0.5105110235264254,1.0,1.0015761852264404,0.007449856959283352,1.0,0.33597806096076965
51,1.4194834318471485,1.0,0.9625675538554788,0.6217281248734859,0.01354160001327512,0.3364613652229309,0.863,0.96875,64,0.96875,46,0.71875,0.8054313078130221,19.5571875,16.939980396678262,-0.8754081168664902,0.2897990265933359,0.890625,0.7096915593234853,-1.1104541708766142,0.22185441886365745,3.0415496875000017,1.3960593113060351,0.34578540109231903,0.6672270404457958,200.07692187499998,50.46916919092311,-0.959116292514996,0.33508247419280746,1.0,0.9972976446151733,0.003539822995662689,0.9999999403953552,0.33210694789886475
52,1.476577699896958,1.0,0.973736647516489,0.5878589023098426,0.039751915267496246,0.387035071849823,0.8760000000000001,0.8125,64,0.8125,33,0.515625,0.837491574321228,12.830625000000001,18.225117101389912,-0.9904821145436943,0.31178437470730613,0.65625,0.8699631816921909,-1.1837213934299387,0.27195642046395757,2.9001793750000013,1.208942443336163,0.2782194356262609,0.5777971480179263,181.36040624999998,58.42809925153703,-1.0833817889444732,0.38792459581659006,1.0,1.0008410215377808,0.010552451945841312,0.9999998807907104,0.3706432282924652
53,1.4433947672349001,0.984375,0.9702468807735141,0.591003581976678,0.03076209303084247,0.37443122267723083,0.889,0.921875,63,0.90625,36,0.5714285714285714,0.8354991361579356,14.754285714285718,14.000227290024103,-0.9575732805638654,0.23950749326309864,0.7619047619047619,0.6834619092574917,-1.1506929946916147,0.2136548514657653,2.7633634920634926,1.1646614650716012,0.21283019613019355,0.5566336732026134,188.6348888888889,54.99060118888171,-1.035083953252145,0.36510184334546986,0.984375,0.9974808096885681,0.009467455558478832,1.0230478048324585,0.342647910118103
54,1.5036378386273033,1.0,0.9729827158153057,0.5740521069353878,0.046194736743489846,0.5279278755187988,0.9020000000000001,0.890625,64,0.890625,32,0.5,0.8687789799720531,10.471250000000001,14.633272927219666,-1.030844887248126,0.2503372584194034,0.625,0.7806247497997998,-1.1934903564370487,0.24402861770331824,2.8332514062500014,1.1794640839896153,0.24623214815898656,0.5637083780747679,177.50004687499998,64.15153534854741,-1.109012065633891,0.42592449078247724,1.0,0.9955615401268005,0.03624078631401062,0.9999998807907104,0.36615562438964844
55,1.5165169204468087,0.984375,0.9834922079056029,0.53687938586068,0.035469629858964916,0.43637537956237793,0.915,0.75,63,0.71875,27,0.42857142857142855,0.829889589150596,9.13285714285714,13.8311413557166,-1.0537413096829198,0.2366148724910848,0.6349206349206349,0.8783387512544079,-1.1903890983395533,0.27457468059889434,2.535211428571429,0.9806415458419525,0.10378810539480912,0.46868392415090054,160.01969841269843,66.53251450174507,-1.2250702157164148,0.4417326445215813,0.984375,0.9978984594345093,0.05230769142508507,1.0230478048324585,0.3783392310142517
56,1.5885519038410305,1.0,0.9837985122576356,0.5069887282144534,0.03520605701201141,0.5690830945968628,0.9280000000000002,0.65625,64,0.65625,14,0.21875,0.7970869188374349,8.0715625,15.873367161966415,-1.0718973020292293,0.2715520469668616,0.46875,0.7899515412352837,-1.2423351714725983,0.24694423627958292,2.2425787500000007,1.2443401073203177,-0.03607159431829132,0.5947149669010989,144.09945312499997,64.12517807454067,-1.330770294918785,0.4257494956175331,1.0,0.9994907975196838,0.03359462320804596,0.9999998807907104,0.5482305884361267
57,1.594855165608941,1.0,0.9877033839002252,0.5029690111825497,0.014473107859625623,0.4987355172634125,0.9410000000000001,0.625,64,0.609375,21,0.328125,0.7268169179120458,4.137656250000001,9.51480585426397,-1.1391962111934326,0.16277359301613853,0.34375,0.6665852814906732,-1.281411023501038,0.20837910259092324,2.2808375000000005,0.9200932542920591,-0.017786359352325375,0.439745714257017,136.955578125,57.327945361207966,-1.378200980794919,0.38062028917802143,1.0,0.9994805455207825,0.014925372786819935,0.9999998807907104,0.4307548701763153
58,1.5704506306268824,1.0,0.9715996072627604,0.4862007608827269,0.021933002642617553,0.49633049964904785,0.954,0.46875,64,0.46875,10,0.15625,0.6616033034999796,6.031874999999999,15.821396101778598,-1.1067910526837756,0.27066295723353423,0.359375,0.8360470138544841,-1.2765265419974832,0.2613539952175739,1.9968839062500003,0.7073640172005178,-0.15349801174946906,0.33807474789377895,128.235421875,56.403795451249515,-1.436097149454723,0.3744845345516181,1.0,1.000710129737854,0.007883565500378609,1.0,0.5206550359725952
59,1.5776596970816494,1.0,0.9890292566269636,0.4812267331739093,0.011963812593451641,0.42621132731437683,0.9670000000000001,0.5,64,0.5,11,0.171875,0.6338957792104561,5.10734375,10.156827636217715,-1.122607378915042,0.17375691667443496,0.375,0.673145600891813,-1.271642060493928,0.21042990315234916,1.8236539062500001,0.7742737785067885,-0.2362908696748927,0.3700533333677388,121.93646874999999,49.90625622322087,-1.4779181033516442,0.33134509802837464,1.0,1.000525712966919,0.007851934991776943,0.9999998211860657,0.438936322927475
60,1.5671646798706034,1.0,0.9888613559305668,0.4577258514834258,0.012825274670693984,0.34821388125419617,0.98,0.4375,64,0.4375,9,0.140625,0.56365270752001,1.2498437500000001,3.57750938686203,-1.1885991757711352,0.061201885342466796,0.15625,0.4038389994787527,-1.3400248015436977,0.1262428238955592,1.8389298437500003,0.6007616457919592,-0.2289899488002453,0.28712563405355485,107.17984374999999,37.99076839601082,-1.5758925002954471,0.2522340049320788,1.0,1.0001246929168701,0.012856344692409039,0.9999998211860657,0.3857661485671997
61,1.5541914834968407,1.0,0.9913279181346297,0.45758498958892746,0.011741047692354147,0.30213838815689087,0.9930000000000001,0.46875,64,0.453125,7,0.109375,0.5966241162421304,5.25734375,11.684754790188622,-1.1200412688623098,0.19989577820541532,0.375,0.7180703308172536,-1.271642060493928,0.22447367994422227,1.8047435937500003,0.6176928457027797,-0.2453287892970012,0.2952176644681684,115.77565625,51.95717839517543,-1.5188218933016728,0.34496188797701954,1.0,1.0005214214324951,0.010321101173758507,0.9999997019767761,0.46052202582359314
62,1.551707804842105,1.0,0.9901383835822344,0.48036219088143134,0.02095939195500636,0.309217631816864,1.006,0.5625,64,0.546875,10,0.15625,0.6627419545338442,3.91859375,8.834855486082438,-1.1429438010829436,0.15114140984847516,0.3125,0.582961190818051,-1.291179986508148,0.18223764184583352,1.8979362500000003,0.7942417205491906,-0.2007886614403996,0.37959673225118684,118.7751875,47.911157861085364,-1.498906955751058,0.3180989418867234,1.0,0.9982618093490601,0.013418903574347496,0.9999998807907104,0.4458172917366028
63,1.5548348413160795,1.0,0.979490683414042,0.4812342646004798,0.02847110059163406,0.3452841639518738,1.0190000000000001,0.515625,64,0.515625,14,0.21875,0.6604196356161276,4.2015625,9.206023540790765,-1.1381029413897168,0.15749113035807547,0.40625,0.764827390657526,-1.2618730974868182,0.23909025555704935,1.7763398437500002,0.7123856836768893,-0.2589039647186906,0.3404747832174936,118.71078125000001,53.880428521016775,-1.49933457138154,0.35773101853711703,1.0,0.9989452958106995,0.00786448922008276,1.0,0.4959281086921692
64,1.5753100016406472,1.0,0.9775029830634594,0.5186099702931672,0.04407822403927751,0.4117296040058136,1.032,0.671875,64,0.65625,18,0.28125,0.7692281329191835,7.47234375,10.778726551375906,-1.0821483770836329,0.18439599039423898,0.65625,0.8143008887997114,-1.1837213934299387,0.25455600829891595,1.7465637500000004,0.8130119960340766,-0.2731350326596813,0.38856772313868454,128.13217187499998,52.803246429420255,-1.4367826623334774,0.35057922970851746,1.0,1.0033866167068481,0.014332247897982597,0.9999998807907104,0.4744008183479309
65,1.574124981402774,1.0,0.9862686470150948,0.4799299178732823,0.033180348874990946,0.29779529571533203,1.0450000000000002,0.640625,64,0.640625,18,0.28125,0.7634643119713626,5.22171875,9.448967958639633,-1.120650719999834,0.1616472777773896,0.5,0.6373774391990981,-1.2325662084654885,0.1992485320032785,1.8038243750000003,0.6953662390758448,-0.2457681170541514,0.3323405774862468,120.52146875,43.85256857320643,-1.4873127834817879,0.29115254744202373,1.0,0.9991923570632935,0.012605042196810246,0.9999999403953552,0.5342232584953308
66,1.5949705441269266,1.0,0.9792255600914359,0.5057347793266962,0.061143828991707165,0.42217692732810974,1.058,0.71875,64,0.71875,19,0.296875,0.7995111399283076,6.1684375000000005,8.835043544521653,-1.1044548233232674,0.1511446270394843,0.6875,0.8816709987291178,-1.1739524304228288,0.2756163638728456,1.8226590625,0.5685278871642943,-0.23676634134407096,0.27171995952568634,130.129765625,48.275220778800616,-1.4235199384386192,0.3205160829886185,1.0,0.9996925592422485,0.020538244396448135,0.9999998211860657,0.45444169640541077
67,1.6251439326391703,1.0,0.9603859591297805,0.5109153210176317,0.05988498630625021,0.5300231575965881,1.0710000000000002,0.78125,64,0.78125,27,0.421875,0.8735865702731341,8.412968750000001,11.693454990892274,-1.0660567286279587,0.2000446160219915,0.84375,0.9222721602108567,-1.125107615387279,0.2883085636987913,1.7388120312500002,0.7866830322133794,-0.2768398583200555,0.37598416278002494,134.23571875,53.39336032822478,-1.3962590789059417,0.35449720237256016,1.0,1.0003342628479004,0.022639067843556404,0.9999998807907104,0.4143039882183075
68,1.6672328340099765,1.0,0.9560044966638088,0.5437510797446936,0.06877084951386178,0.5473574995994568,1.084,0.84375,64,0.828125,30,0.46875,0.8830027180420671,11.067656249999999,12.666397690122315,-1.0206419267572109,0.21668913629683476,1.109375,0.9701350985172117,-1.0420714298268445,0.3032708444580351,1.8045359375000003,0.8907325612657945,-0.2454280357000698,0.42571318128746494,144.96884375,58.041075491365035,-1.3249981063463319,0.3853550096472747,1.0,0.9998077750205994,0.023452768102288246,1.0,0.3922606110572815
69,1.6912861665368566,1.0,0.967444091103971,0.5465515617201655,0.06071066296434287,0.5878036022186279,1.097,0.9375,64,0.90625,29,0.453125,0.8875025731589087,11.326093750000002,11.618454019520453,-1.016220732978858,0.19876154437797883,1.34375,1.2275324588376473,-0.96880420727352,0.3837350137731737,1.8351145312500003,0.8776563596927652,-0.23081342409755867,0.41946359346179957,156.67695312499998,60.60544865805944,-1.247263871359151,0.4023807804143541,1.0,0.9971272945404053,0.0451388880610466,0.9999999403953552,0.3967982530593872
70,1.7255486833885278,1.0,0.953578183427453,0.5740822185536784,0.03422447057603116,0.5618031620979309,1.1099999999999999,0.90625,64,0.859375,42,0.65625,0.8237929298752926,10.296875,11.570478581691209,-1.033827990184427,0.1979408093559932,1.265625,0.755028714271848,-0.9932266147912949,0.2360271225288788,1.9746514062500005,0.9244439710828674,-0.164123724465667,0.44182507855381975,161.81962499999997,52.58402046799127,-1.2131198732814756,0.3491237118400733,1.0,1.0008736848831177,0.024700069800019264,0.9999999403953552,0.38742658495903015
71,1.7247916791171243,1.0,0.9564549392089248,0.5835222816038563,0.02957133668463457,0.6427271962165833,1.123,0.96875,64,0.96875,47,0.734375,0.8511993653836676,16.33,11.916225283201053,-0.9306169054384988,0.20385563659894898,1.765625,0.8793141414619692,-0.836923206677536,0.27487959422625957,2.0571406250000006,1.0061809732098947,-0.1246991550010942,0.48089013659430363,185.29103125,61.806861764079436,-1.0572849941836633,0.4103573824180433,1.0,0.9996408820152283,0.0037243948318064213,0.9999999403953552,0.36044636368751526
72,1.7128129506140355,1.0,0.9527036752551794,0.5965718605778307,0.025675308574486626,0.6256275773048401,1.136,0.875,64,0.84375,47,0.734375,0.8055010027187838,13.797031250000002,12.322154676598709,-0.9739494159227068,0.21080003324626337,1.5625,0.8637671850678283,-0.9004214662237505,0.27001950968585914,2.0358664062500003,0.8825162672391789,-0.1348668705840946,0.42178631836522806,175.69634374999998,55.30868619456927,-1.1209874818240786,0.36721372100103844,1.0,0.9982767105102539,0.011180124245584011,0.9999999403953552,0.3771611750125885
73,1.7027285695976535,1.0,0.9714048458263278,0.6065165323370968,0.019803312751463797,0.5267502665519714,1.149,0.84375,64,0.84375,46,0.71875,0.7919280260600008,13.0746875,9.242128402177917,-0.9863068396453948,0.15810879067646258,1.671875,0.830186114299077,-0.8662300956988657,0.2595218380673288,2.0545550000000006,0.8407778984443521,-0.12593491834043166,0.4018380482176265,179.87795312499998,56.03423009794708,-1.093224313974372,0.3720308608544733,1.0,0.9985325336456299,0.002539682434871793,0.9999998211860657,0.45642414689064026
74,1.6720989173047849,1.0,0.963731812313199,0.6165337225685263,0.01736454701031529,0.46999865770339966,1.162,0.9375,64,0.9375,51,0.796875,0.816741643010679,12.5759375,11.987259345700908,-0.9948391555707289,0.2050708447447308,1.609375,0.7829668635229718,-0.8857680217130856,0.24476077841756183,2.238523281250001,1.0041495884890224,-0.03800984893954475,0.4799192646518741,189.098765625,49.080526924109066,-1.032004113283538,0.32586279227625936,1.0,0.9989945292472839,0.0011389522114768624,0.9999998807907104,0.3511151075363159
75,1.672174857753673,1.0,0.9549939725548029,0.5615448377637899,0.024269867711271716,0.4946613311767578,1.175,0.84375,64,0.828125,43,0.671875,0.8281113717877956,14.056249999999999,13.480929412043517,-0.9695148569878292,0.23062365656277586,1.671875,0.8111467095260881,-0.8662300956988657,0.2535699903583778,1.8040982812500004,0.9340427216868131,-0.24563720738930617,0.4464126672798721,163.42817187499998,52.04090444561214,-1.2024401677231948,0.34551777452289456,1.0,0.9998894929885864,0.019728729501366615,0.9999997615814209,0.4379469156265259
76,1.6606538953174002,1.0,0.9539871299639344,0.6038205163424206,0.02679055601748953,0.5087130069732666,1.1880000000000002,0.890625,64,0.890625,50,0.78125,0.8263942978705794,14.06375,11.139291452444361,-0.9693865514851927,0.19056431850953306,1.59375,0.8238391454040043,-0.8906525032166406,0.25753773232834504,2.1984671875000004,1.0251190149875118,-0.05715409923620953,0.4899413090371829,180.73326562499997,51.127268286552024,-1.0875455949999457,0.33945182436762755,1.0,0.9992867112159729,0.010764872655272484,0.9999999403953552,0.38386043906211853
77,1.626934514217488,0.984375,0.951543598894089,0.6301799154593487,0.022447726013917944,0.5166143178939819,1.201,0.96875,63,0.9375,53,0.8412698412698413,0.8425259187826882,14.725873015873018,12.448699254409359,-0.958059347970679,0.21296488200118768,1.6825396825396826,0.8512436620820267,-0.8628962432440582,0.26610457103731555,2.4481680952380955,1.0249233739222883,0.06218696050061093,0.48984780512378784,203.73425396825397,52.5590599517806,-0.9348339849914413,0.3489579902388842,0.984375,0.9983924031257629,0.0005393743049353361,1.0230478048324585,0.39217108488082886
78,1.6729613208526883,1.0,0.960451589897275,0.6362404225706515,0.01967901343781443,0.5322150588035583,1.214,0.96875,64,0.96875,52,0.8125,0.8251210456366356,13.63359375,9.896437390417875,-0.9767454066676627,0.1693023164918993,1.703125,0.7219696907592451,-0.8564611326917557,0.22569264644101333,2.3527562500000014,1.1341808193134109,0.016586202276284746,0.5420658744741425,197.717078125,58.47946395618955,-0.9747841209166698,0.388265624064074,1.0,0.9996361136436462,0.001714285695925355,0.9999998807907104,0.36700862646102905
79,1.6579020067606973,1.0,0.9490153938531876,0.6139211401464968,0.01378282149284521,0.41067877411842346,1.227,0.9375,64,0.90625,50,0.78125,0.817844176843274,14.5209375,12.108700348141982,-0.9615652618869697,0.2071483845925835,1.765625,0.8430263100135131,-0.836923206677536,0.2635357707693569,2.3523607812500007,1.1772386098385939,0.016397193513179302,0.562644743801246,198.400796875,60.521020847920006,-0.9702446728917712,0.4018202346402563,1.0,0.9992074370384216,0.0020964359864592552,0.9999998807907104,0.4097449481487274
80,1.653033945700052,0.984375,0.9581414205687386,0.6103968452331895,0.01832082866570463,0.4174002707004547,1.24,0.84375,63,0.8125,45,0.7142857142857143,0.7925708750797231,12.92,9.800948771695362,-0.9889531406372747,0.16766875446239704,1.5555555555555556,0.9220022686639749,-0.9025923468919972,0.2882241937615939,2.191234761904763,1.0516830443972007,-0.060610735989443304,0.5026372157094865,182.6416349206349,72.48207656659959,-1.0748752634786185,0.4812338689129205,0.984375,1.0014866590499878,0.011864406988024712,1.0230478048324585,0.37749582529067993
81,1.6807360116406227,1.0,0.9577195295132697,0.5966367503824805,0.0057827443235200626,0.3271090090274811,1.2530000000000001,0.796875,64,0.78125,46,0.71875,0.7687349751717871,13.797812500000001,11.923490400878586,-0.9739360507661822,0.20397992387565964,1.5625,0.6343057228182637,-0.9004214662237505,0.19828829252511193,2.01482640625,0.8425944570331707,-0.144922644588314,0.4027062470120458,173.47984375,47.92356485893017,-1.135703600911332,0.31818131628681334,1.0,1.0010576248168945,0.01503267977386713,0.9999998807907104,0.40502893924713135
82,1.745544535504161,1.0,0.9687116174027324,0.5816515828875892,0.01811872303211759,0.32787570357322693,1.266,0.765625,64,0.734375,34,0.53125,0.7463774313548007,9.42125,8.327524110592536,-1.0488076576172503,0.1424622888970683,1.296875,0.5499911220874388,-0.983457651784185,0.1719309736291544,2.1090850000000003,0.8089718804445561,-0.09987306679812763,0.38663680634594966,163.04559375,44.482843644600344,-1.2049802377650076,0.295337164183896,1.0,1.0007386207580566,0.0006765899597667158,0.9999998807907104,0.3950279951095581
83,1.739177967504116,1.0,0.961582257412374,0.5894348354582677,0.018182464757911042,0.3846229016780853,1.279,0.8125,64,0.796875,43,0.671875,0.7808403783834735,11.82015625,9.040269716003275,-1.0077686079926718,0.15465551331763566,1.546875,0.6597747603349191,-0.9053059477273054,0.20625008725557278,1.9768528125000004,0.968298394702127,-0.163071593109133,0.4627846875367367,168.46239062499998,48.999943559156655,-1.1690162278918015,0.32532777111898836,1.0,1.000275731086731,0.004118050914257765,0.9999998211860657,0.3650818467140198
84,1.7587700587783797,1.0,0.9640342267230153,0.6018756889847592,0.016687862401590883,0.3235011398792267,1.292,0.75,64,0.75,40,0.625,0.7490121647576624,13.09859375,8.250812056092474,-0.9858978658557406,0.14114994506894604,1.640625,0.5960072225862704,-0.8759990587059756,0.18631592030129965,2.0314109375000005,0.9303134260353457,-0.13699629961607462,0.4446303025333857,173.50320312499997,47.175167378538426,-1.1355485098469045,0.3132124435387668,1.0,1.0015548467636108,0.005598320625722408,0.9999998807907104,0.33301201462745667
85,1.7550794813332975,1.0,0.9565597418695688,0.5943485389765109,0.014254713300736816,0.32709917426109314,1.305,0.8125,64,0.8125,44,0.6875,0.7841034787342217,12.00265625,9.651378988612763,-1.0046465074285142,0.16511000430270895,1.4375,0.6817945071647321,-0.9394973182521903,0.21313361020617663,2.0750596875000005,0.8659951837066006,-0.11613498946556759,0.41389029734296395,169.450328125,51.90947203938757,-1.1624569651348589,0.34464514878776037,1.0,1.0001336336135864,0.011695906519889832,0.9999999403953552,0.4083766043186188
86,1.7926409600940754,1.0,0.9677954604849219,0.5809219473176497,0.020967651355130124,0.27417734265327454,1.318,0.734375,64,0.71875,34,0.53125,0.7769849807637945,12.5075,9.442518533209242,-0.9960099432822879,0.16153694487451445,1.59375,0.7228145941387736,-0.8906525032166406,0.2259567689965076,1.9102312500000003,0.8390921413209418,-0.1949124379906907,0.4010323641558861,161.63295312499997,51.85307616279557,-1.2143592531789449,0.34427071682928617,1.0,0.9981170296669006,0.01230992004275322,1.0,0.4025472402572632
87,1.8186599432955586,1.0,0.9736540634185076,0.5883426191056722,0.03322712625478472,0.3194684684276581,1.331,0.8125,64,0.796875,38,0.59375,0.805201092927958,9.95265625,7.823514084593696,-1.039716678149186,0.13383998760111243,1.40625,0.7008644216251814,-0.9492662812593001,0.21909499545138877,2.2072671875000003,1.0609091628844065,-0.052948262200224305,0.5070467101221999,173.90246874999997,55.02885894662703,-1.1328976456533801,0.36535584998611564,1.0,0.99912029504776,0.018854748457670212,0.9999999403953552,0.36607274413108826
88,1.8235916673103159,1.0,0.9608051907271147,0.5753687449458229,0.04979269099463131,0.4421488344669342,1.344,0.8125,64,0.796875,36,0.5625,0.8230600692675543,13.488125,11.247673769912382,-0.979233998812552,0.19241845820548698,1.625,0.8926785535678563,-0.8808835402095306,0.27905740054543343,1.9318059375000005,1.2263098324887143,-0.1846011175671328,0.5860976489856726,170.74653124999998,59.272470925846115,-1.1538510190266842,0.3935306748208923,1.0,0.9988468885421753,0.012859304435551167,0.9999998807907104,0.3929845988750458
89,1.8142745069824802,0.984375,0.9673548974688091,0.5629218016091366,0.025717482325766847,0.3443821370601654,1.357,0.765625,63,0.703125,29,0.4603174603174603,0.8339163422709087,10.604603174603177,7.745602505671391,-1.0285635611020396,0.1325071230284674,1.4603174603174602,0.6624964049114034,-0.9323644246279512,0.20710089190153044,1.6746282539682542,1.165270018847107,-0.30751559782016874,0.5569245229761829,149.07942857142856,53.431064921612744,-1.2977064953603636,0.3547475363614768,0.984375,0.9998326301574707,0.037898361682891846,1.0230478048324585,0.48254090547561646
90,1.8474699249696322,1.0,0.9586588246747851,0.5760611688614896,0.03298106162516711,0.3864666223526001,1.37,0.78125,64,0.765625,34,0.53125,0.8555164944257505,14.209062499999998,10.496126029211624,-0.9669006323716084,0.17956143012201833,1.671875,0.8111467095260881,-0.8662300956988657,0.2535699903583778,1.6292526562500007,1.2605521008982072,-0.329202230708055,0.6024632626984902,163.28282812499998,66.36802436851526,-1.203405155737446,0.440640536969455,1.0,0.9939520359039307,0.02177419327199459,0.9999999403953552,0.4058445692062378
91,1.858420266754106,1.0,0.9633517786860466,0.518811723603011,0.020397888216082474,0.31275591254234314,1.383,0.71875,64,0.71875,23,0.359375,0.8418590785081298,12.6721875,13.345529971299145,-0.9931925682868925,0.2283073241225863,1.515625,0.8837453588987045,-0.9150749107344154,0.2762648230011693,1.3716840625000004,1.1594932693580513,-0.4523035410376452,0.5541636062774693,136.736109375,57.31012515420955,-1.3796581106216412,0.38050197458819596,1.0,0.9947536587715149,0.03130755200982094,0.9999999403953552,0.4945213496685028
92,1.8912273838084093,1.0,0.9759565377607942,0.5185073746513955,0.017767856748987648,0.29096734523773193,1.3960000000000001,0.640625,64,0.640625,18,0.28125,0.7946873525592179,12.438906249999999,12.515306268374376,-0.9971834040251518,0.21410435485530832,1.359375,0.6929824019230214,-0.9639197257699651,0.21663102236685397,1.2371917187500003,1.0543071818772671,-0.5165822774467601,0.5038913855505297,127.70578125,65.27489877804024,-1.4396136188934539,0.43338289367292687,1.0,0.9973762035369873,0.023655913770198822,0.9999998211860657,0.5467982888221741
93,1.8673321388819528,0.984375,0.9781753903343564,0.4994212968107545,0.016611864223597256,0.329160213470459,1.409,0.546875,63,0.53125,10,0.15873015873015872,0.7060121895530351,8.393968253968255,10.01397207075758,-1.0663817777204518,0.17131302932366177,1.1904761904761905,0.6135285107964346,-1.016718644879821,0.19179319442488382,1.1321828571428572,1.016420415266053,-0.5667697955438026,0.48578393484744176,110.22668253968254,50.67022843177037,-1.555663471435248,0.33641737684649614,0.984375,1.005219578742981,0.08219178020954132,1.0230478048324585,0.6202574372291565
94,1.89201926353397,1.0,0.9790404802188277,0.5029188943496905,0.0059118925696678565,0.22568529844284058,1.422,0.421875,64,0.421875,13,0.203125,0.6465557994891926,5.389375000000001,6.4633323629823485,-1.1177825574096445,0.11057081433865043,1.09375,0.45821494683172437,-1.0469559113303997,0.1432411156769268,1.2597921875000002,0.8760086701027654,-0.5057806992081946,0.4186761032457281,110.07435937499999,43.74253200846373,-1.556674798225781,0.29042197618521987,1.0,0.9958305358886719,0.05121638998389244,0.9999999403953552,0.7935539484024048
95,1.8810717513619126,0.984375,0.9791112069099669,0.5139158490646072,0.01582154157842584,0.25404706597328186,1.4349999999999998,0.46875,63,0.453125,12,0.19047619047619047,0.642539944776648,7.011428571428572,11.080166014621108,-1.090033437571559,0.18955283597373015,1.126984126984127,0.5771320305618363,-1.0365666967037905,0.18041540661685826,1.5037869841269844,0.8259968004619904,-0.389166795544392,0.39477362897595103,120.37506349206349,50.034792242577296,-1.4882848192186675,0.3321984936376012,0.984375,0.9951989054679871,0.014742014929652214,1.0230478048324585,0.7801902294158936
96,1.940437336397527,1.0,0.9846434816718102,0.5251815530947039,0.03388438760674751,0.24627290666103363,1.448,0.4375,64,0.421875,8,0.125,0.6241715158619463,7.64859375,9.1854989091481,-1.0791331977716727,0.15714000726749636,1.15625,0.4038389994787527,-1.0274179853161798,0.1262428238955592,1.4480673437500005,0.8779243141695832,-0.41579721908181233,0.4195916585598176,120.09631249999998,55.04086795761259,-1.490135544594213,0.3654355820121854,1.0,1.0043796300888062,0.011097410693764687,0.9999997615814209,0.7304548025131226
97,1.9482593773515144,1.0,0.9903092393651605,0.5156684065395032,0.016704396099488355,0.20985697209835052,1.4609999999999999,0.3125,64,0.296875,5,0.078125,0.5289119459928289,5.5778125,7.250159151001015,-1.1145588816558998,0.1240313752086077,1.125,0.414578098794425,-1.0371869483232896,0.12959993954178262,1.4206685937500003,0.7819463700337514,-0.4288920687965512,0.3737203412775215,114.94826562499999,41.72103773811323,-1.5243152291776834,0.2770005683725972,1.0,0.9996058940887451,0.010526316240429878,0.9999997019767761,0.7545274496078491
98,1.961155822502541,1.0,0.9864790458232164,0.5053020631981273,0.03184563639108826,0.21024467051029205,1.474,0.375,64,0.375,7,0.109375,0.576863152744104,5.758593750000001,7.804460036412572,-1.1114661844360967,0.1335140223705603,1.0625,0.42847841252506524,-1.0567248743375095,0.13394527236168172,1.5235906250000002,0.7565092672760921,-0.37970192210904186,0.36156303345180263,117.41081249999998,38.9353734804046,-1.5079655187917402,0.2585055686191367,1.0,0.999499499797821,0.019206145778298378,0.9999997615814209,0.7004660367965698
99,1.9725499002017797,1.0,0.9756612833589315,0.5563666340061679,0.06399085652891098,0.2923937141895294,1.4869999999999999,0.671875,64,0.671875,18,0.28125,0.7352451428638356,12.661093750000001,15.646162580364905,-0.9933823535095425,0.2676651672276988,1.390625,0.7419818794114854,-0.9541507627628552,0.23194859302133464,1.9779840625000007,1.2338841576497868,-0.1625309279787967,0.5897176918589719,157.1149375,71.6269554924757,-1.244355939836094,0.4755564208818684,1.0,0.9993656277656555,0.008241758681833744,0.9999998807907104,0.6145894527435303
100,1.9708274771427063,1.0,0.9777638548985124,0.5374825287089379,0.046508684845429304,0.2790813148021698,1.5,0.515625,64,0.515625,10,0.15625,0.6375272201139923,10.126093750000003,15.30790947692437,-1.0367496134007146,0.26187853596698824,1.296875,0.80389068558791,-0.983457651784185,0.2513017078165932,1.5940075000000002,0.8430159036237104,-0.3460471606507072,0.40290767152104373,134.304546875,59.09155370956414,-1.395802104900053,0.392329502116295,1.0,0.9976444244384766,0.013598326593637466,0.9999999403953552,0.6424201726913452
101,1.978881532927261,1.0,0.9803985627368093,0.5581751012074108,0.05352672225823686,0.2773038148880005,1.5,0.609375,64,0.59375,14,0.21875,0.6986672230214148,14.631718750000001,16.80938833236946,-0.9596700826917748,0.2875649358664702,1.5,0.8838834764831844,-0.9199593922379704,0.27630799949951856,1.9032357812500007,1.1752533683487223,-0.19825582453078452,0.5616959253713054,157.54092187499998,76.23477652708456,-1.2415276805120203,0.5061493570776973,1.0,0.9970374703407288,0.03869303688406944,0.9999998211860657,0.5904622673988342
102,1.9758489322269424,1.0,0.9807363012805581,0.5543075714530096,0.042697431369834615,0.2281511425971985,1.5,0.609375,64,0.609375,15,0.234375,0.6779305364051502,12.183906250000001,15.451004985233515,-1.0015457911147965,0.26432652811614094,1.34375,0.6179287479151622,-0.96880420727352,0.1931687385412154,1.9367437500000007,1.0396795751689265,-0.18224115907971786,0.4969003253185109,151.28293749999997,60.886733162096526,-1.2830766285420996,0.4042483266624068,1.0,0.9987804293632507,0.013712046667933464,0.9999998211860657,0.5851969122886658
103,1.9804546969253294,1.0,0.979299072176218,0.5539686052690458,0.05151213095572877,0.29757094383239746,1.5,0.6875,64,0.6875,15,0.234375,0.6959629867379675,15.2290625,18.177422613536105,-0.9494510840130304,0.31096844600902906,1.484375,1.0306579740025301,-0.9248438737415253,0.322190707872435,2.214351718750001,1.3492473119143087,-0.04956230948274157,0.6448538994491774,174.14971875,90.43361635656929,-1.131256066386823,0.600420423096886,1.0,0.9984124898910522,0.008496176451444626,0.9999998807907104,0.531646192073822
104,1.9649648276550997,1.0,0.9791294457390904,0.5504256739431489,0.04172822055511756,0.2643108665943146,1.5,0.640625,64,0.640625,16,0.25,0.7134024050906018,18.3421875,23.676632432418334,-0.89619360829362,0.4050456299978065,1.625,1.165922381636102,-0.8808835402095306,0.36447528369166704,1.7345075000000003,0.8917482921661534,-0.2788971488829879,0.42619863567829724,163.39410937500003,91.24253341012304,-1.2026663205796844,0.6057911064678795,1.0,0.9992965459823608,0.025811823084950447,0.9999998807907104,0.6946461200714111
105,1.9700853193391403,1.0,0.9798583881929517,0.5410672926629305,0.048279463434980366,0.29649657011032104,1.5,0.671875,64,0.671875,17,0.265625,0.7664093851403593,20.966875,25.33663823614678,-0.8512920284334186,0.4334440138680809,1.75,1.4361406616345072,-0.8418076881810909,0.44894735988844453,1.8962276562500007,1.2334042965770884,-0.20160525994871797,0.5894883489644626,173.41971875000002,93.11216984410336,-1.1361027918249889,0.6182042769674608,1.0,0.9986947178840637,0.03729603812098503,1.0,0.4386305510997772
106,1.9383390024495624,1.0,0.9713520631194115,0.5713314903098987,0.04786430308161835,0.2805905342102051,1.5,0.6875,64,0.6875,19,0.296875,0.805865923115108,22.496562500000003,25.15897424496066,-0.8251230519581612,0.4304046448428062,1.734375,1.2278307535548212,-0.8466921696846458,0.3838282627350069,1.8330996875000005,1.282205192482089,-0.23177639051408966,0.6128120552583846,177.953125,106.68277834887121,-1.1060039214230497,0.7083042953941043,1.0,0.9978278875350952,0.07037036865949631,0.9999999403953552,0.5844662189483643
107,1.944862072807281,1.0,0.9671023045666516,0.5892923401802717,0.035055639880163414,0.35177895426750183,1.5,0.71875,64,0.71875,16,0.25,0.7975210190225024,23.58890625,21.774934279262727,-0.8064358901054008,0.3725125183439757,1.765625,0.9310979322149738,-0.836923206677536,0.29106756018574836,1.5148617187500004,0.9418547449125231,-0.3838737808806205,0.45014631462176624,168.563359375,68.25372081418145,-1.1683458610300415,0.45316033550626245,1.0,0.996789813041687,0.022346368059515953,0.9999999403953552,0.4747651517391205
108,1.9490862665019035,1.0,0.9797418229281902,0.5600132774987057,0.026843557389363434,0.21930545568466187,1.5,0.75,64,0.75,14,0.21875,0.8226818015227447,20.976562500000004,19.973329265137394,-0.8511263004925129,0.34169174009197884,1.5625,1.0734727523323542,-0.9004214662237505,0.3355748994136082,1.4563257812500003,1.0593674686071597,-0.41185021427534996,0.5063098788847669,154.028265625,78.76816871388354,-1.2648494344879213,0.5229694342785322,1.0,0.9992443919181824,0.0016012809937819839,0.9999998807907104,0.5367511510848999
109,1.955292349933048,1.0,0.9719033548608422,0.5923356269709459,0.032761407560031874,0.2658078670501709,1.5,0.765625,64,0.765625,21,0.328125,0.8173490963477232,23.42609375,22.11187948657262,-0.8092211887251372,0.3782767749019611,1.6875,1.0439558180306292,-0.8613456141953107,0.32634770455674916,1.4134912500000003,0.957403240802139,-0.43232237995152245,0.45757750097022204,162.13378124999997,73.74074116000699,-1.2110340800096484,0.4895905835745459,1.0,1.001523733139038,0.0036416605580598116,0.9999998807907104,0.42745208740234375
110,1.9617600006113205,1.0,0.9734003683552146,0.5881405763970877,0.04808374823199645,0.38882651925086975,1.5,0.796875,64,0.796875,21,0.328125,0.8461291512375148,23.324687500000003,24.85291852634905,-0.8109559860420362,0.42516882713463694,1.578125,1.012495177457651,-0.8955369847201955,0.3165128938707521,1.6062712500000003,1.1168787692878486,-0.34018587270183626,0.5337966014291448,165.565875,75.49979623410005,-1.1882472086612983,0.5012695657317263,1.0,1.0007801055908203,0.009756097570061684,0.9999997615814209,0.425481915473938
111,1.9147617786268765,0.984375,0.9745617433199807,0.575168615523313,0.023691252023496145,0.2880411744117737,1.5,0.703125,63,0.6875,15,0.23809523809523808,0.8037338976868101,24.339047619047623,24.02019333772856,-0.7936029213848456,0.4109230639500886,1.5873015873015872,1.1769603118677223,-0.8926683209800126,0.36792581591911533,1.304737777777778,1.1207483753511334,-0.4842995823679108,0.5356460255763762,152.69538095238087,68.68620819428632,-1.273698922226174,0.4560317705567283,0.984375,0.9984959363937378,0.004095003940165043,1.023047685623169,0.579382598400116
112,1.9424193862240684,1.0,0.9725766284391284,0.5633532632069205,0.02830051422212867,0.32646360993385315,1.5,0.625,64,0.625,20,0.3125,0.8200299050573361,22.438125,26.94507618952626,-0.8261227656662048,0.46096020587716685,1.609375,1.1807993518693174,-0.8857680217130856,0.36912592599138405,1.4454959375000005,1.142664570270842,-0.41702618676826847,0.5461205646992379,153.86615625,86.2114979061702,-1.2659257353530962,0.5723883013208597,1.0,0.9979048371315002,0.014570551924407482,0.9999998211860657,0.4829244315624237
113,1.9392562589371007,1.0,0.9731997009366751,0.577740401127764,0.015869695137021925,0.2584190368652344,1.5,0.71875,64,0.71875,27,0.421875,0.8129121574983009,22.725625,22.756011697118083,-0.821204388065135,0.3892962025070894,1.546875,1.0887160944778027,-0.9053059477273054,0.3403400720703636,1.5626098437500002,0.7712296479354666,-0.36105323173018267,0.3685984336973706,159.250859375,69.71008751717432,-1.2301748071162342,0.46282966365241784,1.0,0.9994907975196838,0.0047846888191998005,0.9999997615814209,0.4729920029640198
114,1.9275355865269503,1.0,0.9759763246402144,0.5530949016555943,0.009480972576274489,0.2854093313217163,1.5,0.6875,64,0.6875,22,0.34375,0.8018460665967346,24.486250000000002,34.02082760512301,-0.7910846713211923,0.5820079181318071,1.703125,1.3071879108892492,-0.8564611326917557,0.4086358510341887,1.3352940625,0.9626061302051303,-0.46969563305349804,0.46006414925945344,156.93864062499998,85.18226506354024,-1.2455264364781922,0.5655548643343249,1.0,0.997123658657074,0.01230769231915474,0.9999998211860657,0.43925565481185913
115,1.9047008895011324,0.984375,0.9717605028833661,0.5941446448342351,0.02024858653864157,0.34506556391716003,1.5,0.875,63,0.859375,36,0.5714285714285714,0.8529085644947383,23.240952380952383,25.793698548429543,-0.8123884762470683,0.44126312761510533,1.4444444444444444,1.1237377790747847,-0.9373264375839435,0.35128808939115047,1.835670158730159,1.1312144079473152,-0.23054786970730162,0.5406481196119274,172.8709841269841,64.04411998200607,-1.1397460329978295,0.4252113225777295,0.984375,0.9985042810440063,0.016371076926589012,1.0230478048324585,0.45179909467697144
116,1.907980307709634,0.984375,0.9743189319731698,0.5867683997411751,0.02375711686131381,0.3775996267795563,1.5,0.828125,63,0.8125,30,0.47619047619047616,0.8580645619265611,18.23,17.834194104727004,-0.8981128447705592,0.30509669849676724,1.2698412698412698,0.9293511852891713,-0.9919085800998595,0.290521515190518,2.047981746031746,1.1313470367488683,-0.12907651322527497,0.5407115076943831,173.16623809523804,70.92051509533583,-1.137785738588712,0.4708661158909562,0.984375,1.0023094415664673,0.013788098469376564,1.0230478048324585,0.7590597867965698
117,1.9461318548341664,1.0,0.9850758891552687,0.5262013074507554,0.003220647430623394,0.25739559531211853,1.5,0.59375,64,0.59375,22,0.34375,0.8167091400360404,10.4675,15.218960419489893,-1.030909039999444,0.26035684883056387,1.0625,0.9662265521087692,-1.0567248743375095,0.3020490062092144,1.9449728125000005,0.9916912999650982,-0.17830819364404318,0.4739649997338161,144.839921875,65.98557678370534,-1.325854063786193,0.4381013336296421,1.0,0.9964085221290588,0.018953068181872368,0.9999997615814209,0.5399892330169678
118,1.9416976260954546,1.0,0.9738778751343489,0.5680675128181483,0.011191971559838004,0.22340141236782074,1.5,0.75,64,0.734375,29,0.453125,0.8351964103727119,17.1109375,22.497693056646803,-0.9172570949764625,0.3848770421062799,1.234375,1.2085914774542306,-1.0029955777984048,0.3778139338866791,1.9525854687500006,1.0344732488852268,-0.1746698309623983,0.4944120344201692,160.68578125,64.18208536740138,-1.2206478586869967,0.4261273230475676,1.0,0.996099591255188,0.03999999910593033,1.0,0.47819021344184875
119,1.951059400964465,1.0,0.9808388436213136,0.5307616406588487,0.007849967821749782,0.27030912041664124,1.5,0.59375,64,0.578125,21,0.328125,0.7914517179397575,8.540937500000002,11.249528839960087,-1.0638675159892217,0.19245019363147323,0.84375,0.5367363761661771,-1.125107615387279,0.1677874497068041,1.9189906250000004,0.9450795560425643,-0.1907260171057948,0.4516875680404918,133.74265624999998,42.572750428024214,-1.3995326933735524,0.28265538694821407,1.0,0.9970589280128479,0.014591439627110958,0.9999997615814209,0.6276795268058777
120,1.9582280626218707,1.0,0.9782124515622854,0.5244331975830601,0.0017059633553847824,0.22059839963912964,1.5,0.578125,64,0.5625,17,0.265625,0.7882076340275574,5.227187500000001,7.618130813384852,-1.1205571639041612,0.13032641375503234,0.6875,0.582961190818051,-1.1739524304228288,0.18223764184583352,2.1042903125000008,0.9785379829239659,-0.10216462069170419,0.4676785556477195,131.77846875,39.22828149354141,-1.4125736214853024,0.26045028741134607,1.0,0.9982593655586243,0.0037735849618911743,0.9999996423721313,0.743963360786438
121,1.9563873837063128,1.0,0.982384187169373,0.504855818725273,0.00763995193351752,0.2532031834125519,1.5,0.625,64,0.625,21,0.328125,0.8176425888039167,5.042031250000001,7.384925773934593,-1.1237247060005024,0.12633688178115843,0.71875,0.6724198372296879,-1.1641834674157188,0.21020302448459863,1.8526760937500002,0.850174601257768,-0.22242012069161898,0.40632907102544596,120.912703125,40.80396818236543,-1.4847152415672706,0.2709118226953226,1.0,0.9999103546142578,0.010940918698906898,0.9999998807907104,0.763191819190979
122,1.9669117473126336,1.0,0.9848938779905438,0.5232430811327472,0.004632552820878454,0.24333280324935913,1.5,0.53125,64,0.53125,21,0.328125,0.7851670781184833,6.002968750000001,8.491897917958237,-1.1072855634751875,0.14527429742698145,0.65625,0.6179287479151622,-1.1837213934299387,0.1931687385412154,2.0070295312500006,0.7761550074957443,-0.1486490520473987,0.3709524404762524,130.88968749999998,39.98820587290199,-1.4184745512022066,0.265495691275085,1.0,0.9974552989006042,0.023877745494246483,0.9999996423721313,0.7083123326301575
123,1.9679954254134036,1.0,0.9846734218299389,0.522705663111405,0.007100260940188195,0.2277858406305313,1.5,0.578125,64,0.578125,17,0.265625,0.7944175476492161,7.12671875,11.196241564511658,-1.0880611223301364,0.19153858687673378,0.71875,0.6724198372296879,-1.1641834674157188,0.21020302448459863,2.0360975000000003,0.7323124380216759,-0.13475642255539744,0.3499984970163895,131.43340624999996,42.38094267021688,-1.4148646121654496,0.2813819081276629,1.0,1.0018397569656372,0.011605415493249893,0.9999997019767761,0.756580650806427
124,1.9731845233457832,1.0,0.986467158421874,0.49763496688742137,0.015181595344078055,0.21291399002075195,1.5,0.578125,64,0.5625,23,0.359375,0.7778000632643116,3.0671875,6.872167250208901,-1.157509148663503,0.11756491643211471,0.4375,0.6584783595532961,-1.2521041344797084,0.2058448235346748,2.1810884375000006,0.7967069194252424,-0.0654600299622468,0.38077493960731956,123.28673437499998,38.78045693799995,-1.4689532173886737,0.25747702348644447,1.0,0.9998353719711304,0.02233009785413742,0.9999996423721313,0.673399031162262
125,1.9561810653218568,1.0,0.9812368545681238,0.491941641535467,0.016715735002105228,0.220880389213562,1.5,0.671875,64,0.609375,23,0.359375,0.8245873637360408,4.205937500000001,6.7023651885803535,-1.1380280965131786,0.11466004458331706,0.4375,0.49607837082461076,-1.2521041344797084,0.15507748010281563,2.2423571875000006,0.9414786844033389,-0.03617748701923293,0.44996658175616416,125.37934375,44.52270914840072,-1.45505965151202,0.29560184521317623,1.0,1.0013118982315063,0.05149051547050476,0.9999999403953552,0.9260011315345764
126,1.961677374160118,1.0,0.9786690752953291,0.5063547094905776,0.007101770961811954,0.19922977685928345,1.5,0.640625,64,0.625,22,0.34375,0.7970968691832555,4.6976562500000005,9.025802031915832,-1.1296160669965665,0.15440800885379208,0.515625,0.6371858907532401,-1.2276817269619333,0.19918865265346547,2.8152784375000013,1.2756550627682675,0.23764221888451426,0.609681512287828,149.0,54.24076912681779,-1.29823384943935,0.3601234459077196,1.0,1.00203275680542,0.017050297930836678,0.9999997019767761,0.5420565009117126
127,1.9607698643662448,1.0,0.9789476878941059,0.5151120789850403,0.01370651618411916,0.32126790285110474,1.5,0.828125,64,0.796875,21,0.328125,0.8435511336956616,6.175000000000001,11.408665566138751,-1.1043425560084603,0.19517260931684619,0.484375,0.6844748785565472,-1.2374506899690434,0.21397151257327926,2.8033729687500015,1.0197653896771435,0.2319521664527513,0.4873826186272812,150.441671875,51.91866768563798,-1.2886620853981845,0.34470620190091406,1.0,0.9962744116783142,0.014119600877165794,0.9999997615814209,0.4997970759868622
128,1.9600075798812702,1.0,0.9845685306936502,0.515605501266631,0.010985619323084311,0.1904616355895996,1.5,0.8125,64,0.78125,22,0.34375,0.844791484097234,6.2046875,9.902786376941783,-1.1038346800605237,0.1694109311461904,0.5,0.5863019699779287,-1.2325662084654885,0.18328199218272215,3.0568371875000016,1.2201434573896806,0.35309184810227634,0.5831505161709802,159.085890625,54.76946114171347,-1.231270092372573,0.36363361719203485,1.0,1.0005055665969849,0.0,0.9999996423721313,0.5247293710708618
129,1.9586663259527222,1.0,0.9812097493559122,0.5042124470183691,0.006605489083992668,0.15514548122882843,1.5,0.765625,64,0.765625,21,0.328125,0.8301563068538028,5.2093750000000005,8.91030896542735,-1.1208618894729232,0.15243222272754575,0.484375,0.5860937291722204,-1.2374506899690434,0.183216894687441,2.9971396875000016,1.4050552758365622,0.32456026214139794,0.6715265359908982,157.19204687499996,55.78522295135314,-1.2438439837137194,0.3703776152768268,1.0,0.9985273480415344,0.0071146246045827866,0.9999996423721313,0.5596401691436768
130,1.9525735108187483,1.0,0.9798715328797698,0.5028549921000223,0.013692499152539787,0.22230342030525208,1.5,0.75,64,0.75,24,0.375,0.831681825103888,4.983125000000001,7.890590494974061,-1.1247324388024607,0.13498749060763401,0.53125,0.5294085733155443,-1.2227972454583784,0.16549672858772485,2.641105781250001,1.1529205407325964,0.1543988315763119,0.5510222624728762,141.74290624999998,46.72813436508257,-1.3464162342137067,0.3102444349387442,1.0,1.0007398128509521,0.014851485379040241,0.9999996423721313,0.46319374442100525
131,1.9536904976137814,1.0,0.9844911629334092,0.5125064999939355,0.0037528077885733407,0.17280107736587524,1.5,0.640625,64,0.640625,19,0.296875,0.8030727710586614,6.387812500000001,12.700599452972437,-1.1007018873711467,0.21727423954664046,0.578125,0.7027776920015318,-1.2081438009477135,0.21969309681232213,2.875870625000001,1.4223506809106936,0.266601408234385,0.6797926331742106,158.95828125,65.21718472330278,-1.2321173356656703,0.43299970986849434,1.0,0.9977877736091614,0.021648626774549484,0.9999996423721313,0.4920580983161926
132,1.9643354740440326,1.0,0.9887673053890467,0.4981301296802843,0.004230808548042626,0.1936580091714859,1.5,0.421875,64,0.421875,12,0.1875,0.7491687558677103,3.3648437500000004,10.420636825577693,-1.1524170240276128,0.17827000609323324,0.484375,0.6371858907532401,-1.2374506899690434,0.19918865265346547,2.3611739062500003,1.0424543519931366,0.02060930345951636,0.49822649112917644,130.425765625,47.52284685375756,-1.4215546908636916,0.31552080923311304,1.0,1.0017391443252563,0.020276498049497604,0.9999996423721313,0.4633735120296478
133,1.9607954178736176,1.0,0.9847025442868471,0.4902529695726374,0.0029058370993806037,0.1795351207256317,1.5,0.53125,64,0.53125,17,0.265625,0.7636961511042619,3.5825000000000005,10.488264423869184,-1.1486934914198466,0.17942693849201938,0.421875,0.7027776920015318,-1.2569886159832633,0.21969309681232213,2.6847853125000016,1.0599405220001872,0.1752748531951446,0.5065837617465841,145.335734375,43.16091579855632,-1.3225621911063155,0.2865604226512363,1.0,1.000814437866211,0.010362694039940834,0.9999997615814209,0.5973250269889832
134,1.949995325667049,1.0,0.9804181167855859,0.5147943859178643,0.005424835339444456,0.19736281037330627,1.5,0.625,64,0.625,22,0.34375,0.7651417553053483,3.5725000000000002,8.167035493372122,-1.1488645654233618,0.13971674587041247,0.390625,0.5760096434739613,-1.2667575789903731,0.1800645407627428,2.607399687500001,1.0795571446459675,0.1382894750499321,0.5159592524334672,143.43460937499998,46.91188940603743,-1.3351844252140324,0.31146444895434305,1.0,0.9994597434997559,0.0014556040987372398,0.9999997615814209,0.6002772450447083
135,1.955244481652807,1.0,0.9844427760690451,0.5071099682715126,0.0011061638492857854,0.1656447947025299,1.5,0.515625,64,0.515625,16,0.25,0.7096505656657182,3.7012500000000004,8.046391368961617,-1.1466619876281001,0.13765283853406007,0.328125,0.5017060736875726,-1.286295505004593,0.1568367383774806,2.454474375000001,1.0189065873613543,0.06520095879400942,0.48697216606065213,136.49848437499998,39.19604544505741,-1.3812357861452638,0.26023626100557434,1.0,0.9996992349624634,0.0066273934207856655,0.9999997615814209,0.6370337009429932
136,1.9587444832737766,1.0,0.9855905314907432,0.4953718516056206,0.0043597449492424984,0.11118986457586288,1.5,0.4375,64,0.4375,16,0.25,0.7101464462488785,1.5596875000000001,3.9713890708848654,-1.1832985546934605,0.06794014278738633,0.28125,0.5144399260360728,-1.300948949515258,0.16081742741845656,2.556358437500001,0.9418732268085817,0.11389502282118409,0.4501551477857365,134.97001562499997,39.52647911862858,-1.3913838250111086,0.26243012578820996,1.0,1.0000067949295044,0.0091210613027215,0.9999997019767761,0.5621322989463806
137,1.960398460873558,1.0,0.9859911445528269,0.49308097003009954,0.0060173062496920665,0.162135511636734,1.5,0.40625,64,0.40625,15,0.234375,0.6909014318814892,3.125,11.574604474883797,-1.1565201270806793,0.19801139266264653,0.3125,0.582961190818051,-1.291179986508148,0.18223764184583352,2.647480937500001,1.018804089149564,0.15744574842477127,0.4869231784725533,145.0648125,43.74636667337179,-1.3243609362341484,0.29044743586735233,1.0,0.9995884299278259,0.006637168116867542,0.9999997615814209,0.6188405752182007
138,1.9527575623292834,1.0,0.9810865540057421,0.5023204149010214,0.0042516045725085,0.15777432918548584,1.5,0.46875,64,0.46875,17,0.265625,0.6798689175194323,2.9318750000000007,8.664527878619529,-1.1598239937735717,0.148227547276686,0.3125,0.5266343608235224,-1.291179986508148,0.16462949085305528,2.720266718750001,0.9787222964854089,0.19223269552413164,0.4677666457389639,147.58657812499996,39.57005782027804,-1.3076180518454088,0.262719460037315,1.0,0.9991767406463623,0.00953778438270092,0.9999997615814209,0.5443576574325562
139,1.9664910117050334,1.0,0.9853772660717368,0.4980571439218805,0.013702095216078162,0.19289469718933105,1.5,0.421875,64,0.421875,17,0.265625,0.548257074952231,1.7015625,5.290341204364209,-1.1808714422685849,0.09050398497934475,0.171875,0.37727176461405115,-1.3351403200401428,0.11793772518853612,3.0271528125000016,0.8326778433266319,0.3389046158562451,0.3979667400576685,158.048375,34.40761435828013,-1.238158521649535,0.22844419147517955,1.0,1.0000375509262085,0.002103786915540695,0.9999997615814209,0.7590553760528564
140,1.9540100819866113,1.0,0.985299913212657,0.5059347143433202,0.0017617936223228042,0.1078261211514473,1.5,0.546875,64,0.546875,19,0.296875,0.7084214562571141,2.2085937500000004,5.8878632762625305,-1.1721974556840893,0.10072603428219529,0.25,0.4330127018922193,-1.3107179125223678,0.13536272212460204,3.193180468750002,1.2979741995996477,0.41825521422602707,0.6203486318669917,163.40217187499996,54.02987112947184,-1.2026127908209927,0.35872322030690473,1.0,0.9991003274917603,0.013090909458696842,0.9999997019767761,0.5130602717399597
141,1.951325396869909,1.0,0.9830562956631184,0.5065082137250568,0.005939496952677569,0.15019556879997253,1.5,0.421875,64,0.421875,14,0.21875,0.6518887131465296,2.9240625000000002,6.287819255997563,-1.159957645338818,0.10756824135051779,0.296875,0.48988798145596507,-1.296064468011703,0.15314232219107463,2.698370468750001,0.9707837578688515,0.18176768879695082,0.4639725321338371,148.31359375,37.51126638204795,-1.3027911407171462,0.24905042327629026,1.0,0.9977186322212219,0.016548464074730873,0.9999997019767761,0.5523728728294373
142,1.9638294699774828,1.0,0.986137724481523,0.5085088637501656,0.012885323470352698,0.21059492230415344,1.5,0.5625,64,0.5625,17,0.265625,0.7460452806663633,5.60921875,13.525598450795014,-1.1140216023636091,0.2313878276920165,0.390625,0.6279228530440663,-1.2667575789903731,0.19629296392660522,2.6683239062500013,1.1583593924836348,0.167407354096207,0.5536216856692115,150.223453125,51.5691274949611,-1.2901109160375128,0.34238548226555104,1.0,1.0004760026931763,0.004284490365535021,0.9999997615814209,0.5518186092376709
143,1.9605290832847517,1.0,0.9845278803259134,0.5177664824433617,0.022944444532401256,0.1563618928194046,1.5,0.59375,64,0.59375,12,0.1875,0.7439771253446963,6.845000000000001,17.530841483653887,-1.092880597772924,0.29990712376037826,0.4375,0.8637671850678283,-1.2521041344797084,0.27001950968585914,2.7869259375000013,1.1732764723610536,0.22409153768419923,0.5607510955575296,154.6609375,44.52406110670492,-1.26064890452823,0.2956108213374287,1.0,1.0013912916183472,0.021775543689727783,0.9999997615814209,0.5382751226425171
144,1.9649912914163377,1.0,0.984862101264298,0.5264743493651798,0.008899327430135828,0.09131854772567749,1.5,0.390625,64,0.390625,10,0.15625,0.6135993001859195,3.65015625,9.935823206362215,-1.1475360688648122,0.1699761054134315,0.28125,0.5719689130538477,-1.300948949515258,0.17880138089087738,3.0084603125000013,0.8452751556556324,0.3299707966749775,0.40398744946075765,159.89235937499998,29.103144583300175,-1.225915664145572,0.193225960523977,1.0,0.997170090675354,0.010638297535479069,0.9999995827674866,0.4931583106517792
145,1.968861988157049,1.0,0.9808444390073419,0.5398472567448459,0.022224893018072393,0.1313471794128418,1.5,0.625,64,0.625,15,0.234375,0.8090868526114208,10.09078125,16.542644731183355,-1.0373537184756285,0.2830016462897661,0.640625,0.7779618302815376,-1.1886058749334936,0.2431961709108442,2.530778593750001,1.0566954538440045,0.10166949393272197,0.5050328267652695,151.77192187499998,49.127573327099334,-1.2798300901733621,0.3261751498079678,1.0,1.0036591291427612,0.024280576035380363,0.9999998807907104,0.6149477362632751
146,1.9829162147345563,1.0,0.9808596419170499,0.5302729256130508,0.04811719234207338,0.20538108050823212,1.5,0.71875,64,0.71875,11,0.171875,0.8284642670950932,14.548593750000002,28.89345334950395,-0.9610921353459971,0.49429187398871566,0.75,1.3110110602126894,-1.154414504408609,0.40983099357215175,2.558689687500001,1.1239383532971923,0.11500921118370012,0.5371706309615479,151.87292187499997,59.807358855930275,-1.2791595158319173,0.3970819829541894,1.0,1.002023696899414,0.02042711153626442,0.9999998211860657,0.5439498424530029
147,1.9803478139030761,1.0,0.9826056649908423,0.5563693152613415,0.031130431920781975,0.2700454592704773,1.5,0.765625,64,0.765625,14,0.21875,0.8282856591857858,19.70984375,29.465257745997846,-0.8727965652815742,0.5040739607223116,0.9375,1.1021995055342748,-1.0958007263659493,0.3445550782726143,2.4423643750000013,1.1172095979309284,0.059413153509261594,0.5339547163563755,164.67684375,57.81838563830139,-1.1941497982156812,0.38387649379019934,1.0,0.9997459053993225,0.03750000149011612,0.9999997019767761,0.48369210958480835
148,1.9736326367678771,1.0,0.9826093800365925,0.5072429563625767,0.031843621072508314,0.1911974549293518,1.5,0.796875,64,0.796875,9,0.140625,0.8348262314889153,27.2171875,39.2736767150065,-0.7443654301736389,0.6718705108408521,1.390625,1.6734805374951331,-0.9541507627628552,0.5231414228450691,1.9798542187500008,1.373311037099077,-0.1616371129311456,0.6563548206543899,160.82290625,80.70998937800366,-1.2197374378298618,0.5358618611403778,1.0,0.9980887770652771,0.02829354628920555,0.9999998807907104,0.7101866602897644
149,1.9806599774405957,1.0,0.9830329855903983,0.5426465716013269,0.04702736135967552,0.1859186738729477,1.5,0.859375,64,0.859375,9,0.140625,0.8499299227183162,38.396875,46.68539864330575,-0.5531100403059513,0.7986658051626087,1.6875,1.8529958850466992,-0.8613456141953107,0.5792591441071406,1.7334484375000008,1.4526568883463362,-0.27940331300638804,0.6942770615438785,170.75903124999996,68.172794741783,-1.1537680271527428,0.45262303899433853,1.0,0.9979875683784485,0.05126050487160683,0.9999997615814209,0.41129186749458313
150,1.9544396888162616,1.0,0.9730611853301525,0.5152189922157667,0.043311542817297585,0.17266467213630676,1.5,0.921875,64,0.921875,11,0.171875,0.8642095871343354,44.8853125,55.87153649692608,-0.4421097423374596,0.9558167431089939,2.109375,2.2158321482853793,-0.7294646135993266,0.692684233170074,1.4425423437500005,1.2890332964797964,-0.41843781562997356,0.6160754521537387,176.22782812500003,101.61620963590082,-1.117458771083941,0.6746655728388038,1.0,0.9989032745361328,0.016329703852534294,0.9999998807907104,0.5430165529251099
151,1.9639334931225647,1.0,0.9884859584271908,0.49967737790437095,0.02365220409572355,0.17159588634967804,1.5,0.90625,64,0.90625,7,0.109375,0.8042007079599339,71.3371875,71.33015428863058,0.010413073336622268,1.2202735065532326,3.0625,2.8986796563263075,-0.4315112418824735,0.9061470186276431,1.0263796875000004,1.4222163897691615,-0.6173369420675024,0.6797284505995901,205.32278125000005,118.02383306700034,-0.9242871965179353,0.7836015260762806,1.0,1.0009721517562866,0.013315578922629356,0.9999997019767761,0.43275704979896545
152,1.9730161747613337,1.0,0.9852201007306576,0.5205865633534219,0.034937704315984586,0.15516407787799835,1.5,0.90625,64,0.90625,10,0.15625,0.8372097937820606,70.86234375,71.36477115281976,0.0022897312009422044,1.220865711107832,3.15625,3.0270589583785776,-0.40220435286114364,0.9462792635117141,1.0273284375000007,1.5837602062212757,-0.6168835002620602,0.7569360603914886,216.96029687500004,113.97707732611197,-0.8470216581388375,0.7567336986907904,1.0,0.9996693730354309,0.039647575467824936,0.9999997615814209,0.36756277084350586
153,1.9711241709015437,1.0,0.9862608872354031,0.5470422761954499,0.04984120697140414,0.1528996080160141,1.5,0.921875,64,0.921875,11,0.171875,0.8458003664176525,63.697031249999995,74.55280487429042,-0.12029013838050312,1.2754046803152634,2.734375,2.790845456017764,-0.5340853534571278,0.8724373125887489,1.2459137500000006,1.551952620244192,-0.5124137044853656,0.7417340691269768,205.141234375,119.2947506798736,-0.925492549747089,0.7920395928216587,1.0,0.9991281032562256,0.03812709078192711,0.9999998211860657,0.4381450414657593
154,2.0050584527893003,1.0,0.9728290336206555,0.5733515207673542,0.08292777420914868,0.27360790967941284,1.5,0.859375,64,0.859375,13,0.203125,0.8516860853594534,39.36453125,45.04471320011121,-0.5365559574345246,0.770597942434924,1.859375,2.098118111397688,-0.8076163176562061,0.6558860228733242,1.8309040625000006,1.3050840188287678,-0.23282575880296863,0.623746670620741,177.491046875,74.3596258541534,-1.1090718197831286,0.49369957561620476,1.0,1.000508189201355,0.04973624646663666,0.9999998807907104,0.4357421100139618
155,2.0100772540716605,1.0,0.9835216933861375,0.5327964143510553,0.06604135681032591,0.1699724793434143,1.5,0.78125,64,0.78125,10,0.15625,0.8462929719180229,35.12015625,48.52943515577,-0.6091661798016226,0.8302124760442053,1.75,2.179449471770337,-0.8418076881810909,0.681310760498871,2.005663593750001,1.4922270666737183,-0.14930188278902823,0.7131890753540882,182.307421875,81.51001669519,-1.0770942208348455,0.5411735224409734,1.0,0.9993336200714111,0.04694485664367676,0.9999999403953552,0.515529215335846
156,1.9877451440365383,1.0,0.9808478886261582,0.5680603898264485,0.0439450422808074,0.20896044373512268,1.5,0.75,64,0.75,16,0.25,0.8189227063973189,34.99859375,45.053206908165386,-0.6112457981568575,0.770743247699076,1.65625,2.032691795993677,-0.8711145772024207,0.635433310717379,2.3348421875000014,1.5048652869946424,0.008024426420892135,0.7192293361603023,200.458375,75.03995777053136,-0.9565836917418379,0.4982165372675818,1.0,0.9955701231956482,0.032302405685186386,0.9999998211860657,0.6112684607505798
157,1.9812537137189596,1.0,0.9822100065648556,0.5460716886878738,0.020122859371366722,0.210809126496315,1.5,0.515625,64,0.515625,17,0.265625,0.728252912139906,9.564687500000002,20.246598786026844,-1.0463538148793252,0.34636667118971015,0.53125,0.9180269263480239,-1.2227972454583784,0.2869814746567899,2.8411150000000016,1.3853379173598772,0.24999044291236078,0.6621029000212346,169.29648437499998,48.47652649124117,-1.1634783876233903,0.3218526220534592,1.0,1.0010919570922852,0.01699926145374775,0.9999997615814209,0.6084046959877014
158,1.9628261066487418,1.0,0.9825091660022736,0.5303073453198175,0.008167789053110452,0.21803371608257294,1.5,0.46875,64,0.46875,14,0.21875,0.6691248002461716,5.77234375,16.338629909491676,-1.111230957681263,0.279511483057437,0.40625,0.9473441494515074,-1.2618730974868182,0.2961462384318017,3.1695731250000017,1.1143425890139156,0.4069724141504605,0.5325844695057309,169.970515625,46.58160773711826,-1.159003258300796,0.3092715933837808,1.0,0.9997227787971497,0.005032350774854422,0.9999997615814209,0.5335068106651306
159,1.956067813227922,1.0,0.9822003468871117,0.53219733189664,0.006319354056246607,0.20443260669708252,1.5,0.484375,64,0.484375,15,0.234375,0.7161303529474119,5.821875,19.107070425221522,-1.1103836067576003,0.3268723033094712,0.359375,0.9579794409980832,-1.2765265419974832,0.2994709030618282,3.3104562500000014,1.3163391420046127,0.47430553515845375,0.6291258994727347,172.0515625,47.15590666802616,-1.145186459907538,0.31308456494205866,1.0,1.0001051425933838,0.004507888574153185,0.9999997615814209,0.5100530385971069
160,1.9564369870040703,1.0,0.9815155826508999,0.5393681970509636,0.0070555910166376894,0.13661107420921326,1.5,0.53125,64,0.53125,18,0.28125,0.7005124721265474,3.2078125,10.495003940677856,-1.1551034204890667,0.1795422341042413,0.234375,0.631025640822146,-1.315602394025923,0.19726291653534037,3.4064101562500015,1.0037499685203803,0.5201653638691024,0.4797282718718248,170.76860937499998,48.52424481593493,-1.1537044346293355,0.3221694407084728,1.0,0.999751091003418,0.01886792480945587,0.9999997019767761,0.5413686633110046
161,1.95446271401038,1.0,0.979494733735919,0.5398342393132771,0.010628829169889517,0.09129705280065536,1.5,0.515625,64,0.5,16,0.25,0.6752781052259604,1.910625,6.024296607021851,-1.1772949263825894,0.10306005389279005,0.15625,0.47495887979908324,-1.3400248015436977,0.14847538325297982,3.3304720312500016,0.9109101335171945,0.48387179812270714,0.4353567700001021,167.438078125,42.7483089374249,-1.175816997001913,0.283820981322733,1.0,0.9989829063415527,0.022611232474446297,0.9999996423721313,0.5268521904945374
162,1.948508842714931,1.0,0.9785690400749445,0.5435199447841146,0.004350003479137929,0.16527622938156128,1.5,0.421875,64,0.421875,15,0.234375,0.6964892252653705,4.03015625,12.900568845523283,-1.141035256731224,0.2206951960030635,0.265625,0.8522431339559152,-1.3058334310188129,0.2664170127577208,2.9240765625000007,0.8466551576538909,0.2896407624720997,0.4046470021328042,156.119125,42.61820000433353,-1.2509674874736194,0.2829571425888336,1.0,1.0005778074264526,0.012967200949788094,0.9999997019767761,0.7998384833335876
163,1.9302243483978767,0.984375,0.9788220411255246,0.5271777214466657,0.007816484848637941,0.1736220419406891,1.5,0.359375,63,0.34375,10,0.15873015873015872,0.6130887481060945,2.7995238095238095,9.093179098777775,-1.162088178576052,0.1555606553111123,0.1746031746031746,0.5503154229638005,-1.3342874740633315,0.17203235229361363,2.8735515873015887,0.8072973169745502,0.26549305657076805,0.385836472134443,144.81666666666658,40.35352152096341,-1.3260084632516715,0.26792114969209785,0.984375,1.0008097887039185,0.0068807341158390045,1.0230475664138794,0.6411866545677185
164,1.9611275814418163,1.0,0.9792893435806036,0.5229571693393351,0.016873834597682158,0.19715116918087006,1.5,0.421875,64,0.421875,12,0.1875,0.6527376873778088,4.68234375,12.629975596545542,-1.1298780240644495,0.2160660489603754,0.3125,0.8076779989575054,-1.291179986508148,0.2524856477911184,2.653106250000001,0.8530306009815467,0.16013428793062243,0.4076940561860178,138.385390625,44.402596085285786,-1.3687079552941548,0.29480437255775815,1.0,1.0003454685211182,0.03942953050136566,0.9999997615814209,0.7020140886306763
165,1.9667261774922995,1.0,0.9801087062805891,0.5108961020846898,0.018073516065710435,0.19368329644203186,1.5,0.46875,64,0.46875,14,0.21875,0.7359797457635789,6.444062500000001,16.898595792138877,-1.0997395961013723,0.2890910435950902,0.4375,0.9662265521087692,-1.2521041344797084,0.3020490062092144,2.5375578125000007,0.8539283949424368,0.10490952680701682,0.40812314426458546,136.3400625,53.634774559303814,-1.382287604407626,0.356100035927226,1.0,0.9996505975723267,0.024732070043683052,0.9999998211860657,0.7339459657669067
166,1.9720511793333206,1.0,0.9822131609544158,0.5126507219462366,0.017495584141014237,0.11505626142024994,1.5,0.375,64,0.375,7,0.109375,0.6471296815191024,2.8553125,10.691336295213233,-1.1611337791129872,0.18290097029523988,0.25,0.8838834764831844,-1.3107179125223678,0.27630799949951856,2.649187187500001,0.758256411128248,0.15826122677052684,0.3623980564427789,134.858765625,42.714153586934074,-1.392122452689185,0.2835942119993448,1.0,0.9984319806098938,0.02049180306494236,0.9999997019767761,0.6974809169769287
167,1.968040745583473,1.0,0.9789242744445801,0.5151563786134277,0.016338674473431413,0.17932523787021637,1.5,0.40625,64,0.40625,9,0.140625,0.6862436441225663,5.45015625,16.087051906365133,-1.1167427482320271,0.27520763743830845,0.4375,1.1575161985907585,-1.2521041344797084,0.3618474535732365,2.5331884375000007,0.8567469279256622,0.10282124507984544,0.4094702227200395,133.14196875,50.864233760991354,-1.4035208678757967,0.33770544611262643,1.0,0.9999147653579712,0.01312335953116417,0.9999997019767761,1.0941632986068726
168,1.9727840560384837,1.0,0.9805484777316451,0.4958882992420378,0.015361073730928088,0.14240334928035736,1.5,0.421875,64,0.40625,6,0.09375,0.6976679210500325,3.295,11.592343782643784,-1.1536118690209163,0.19831486610245594,0.234375,0.744609534840241,-1.315602394025923,0.23277001601906086,2.360877500000001,0.6638250878290536,0.020467640234068024,0.3172659249781368,115.44379687499999,36.21011657809686,-1.5210252238149695,0.24041163443564037,1.0,0.9996079802513123,0.00582524249330163,0.9999996423721313,0.6010239720344543
169,1.972245799607692,1.0,0.9827196272090077,0.5127089606897823,0.007535938794574979,0.11557628214359283,1.5,0.453125,64,0.4375,4,0.0625,0.7447441612249627,7.051718750000001,14.377272380684676,-1.0893441773565025,0.24595775457961447,0.5,0.9519716382329886,-1.2325662084654885,0.29759282296690914,2.2977771875000004,0.6881831749874742,-0.00969027241306219,0.32890753237548254,120.278296875,37.47210572741062,-1.4889272866494714,0.24879042198724097,1.0,0.9995022416114807,0.012101209722459316,0.9999997019767761,0.8452398777008057
170,1.9759234702180934,1.0,0.9847394237294793,0.503005664887699,0.009173783222168011,0.13023045659065247,1.5,0.359375,64,0.34375,3,0.046875,0.6841817440352898,4.7515625,16.456183793899292,-1.1286938711963657,0.2815225244208776,0.296875,1.010564314813758,-1.296064468011703,0.3159092930470721,2.3470559375000004,0.6915718409823717,0.013861817568421784,0.33052709793729207,119.55278124999998,38.044809588689596,-1.4937442387528612,0.25259280332011314,1.0,0.9993804097175598,0.009193054400384426,0.9999995231628418,0.6539004445075989
171,1.9696223646800848,1.0,0.9852567426860332,0.49479376739679337,0.004313511597103621,0.09916703402996063,1.5,0.46875,64,0.453125,9,0.140625,0.7875454408789311,6.04921875,15.920635813375936,-1.1064943462089285,0.272360690710602,0.4375,1.0135796712641785,-1.2521041344797084,0.31685191402682916,2.3868610937500003,0.707186911352202,0.03288613579335701,0.337990102628309,117.39167187499999,41.58681687297921,-1.5080926000987125,0.2761094290830387,1.0,0.999625563621521,0.013245033100247383,0.9999996423721313,0.5746297836303711
172,1.9615093181288432,1.0,0.9815610935911536,0.517077449202928,0.01226987197668437,0.11490272730588913,1.5,0.609375,64,0.609375,5,0.078125,0.8098990643604379,8.62109375,18.101186866921488,-1.062496250929793,0.3096642505705937,0.5625,1.1709371246996996,-1.2130282824512686,0.36604292655497733,2.503101875000001,0.8731594775116175,0.08844179293802903,0.41731437145907985,127.67790625,44.00708424706993,-1.4397986907723428,0.29217843106820124,1.0,0.9976394772529602,0.0029910269659012556,0.9999996423721313,0.8323734998703003
173,1.967556787808499,1.0,0.986272026784718,0.4849190056775005,0.011549283014970378,0.2157188355922699,1.5,0.5625,64,0.546875,6,0.09375,0.806171487386592,7.89609375,15.748683637171423,-1.0748991161846648,0.26941903599095157,0.5625,1.0288798520721456,-1.2130282824512686,0.3216348548369131,2.2048209375,0.6503688567212239,-0.054117413205824284,0.310834707346536,108.71531249999998,32.217640564737096,-1.5656979859801952,0.21390418915451948,1.0,0.9984164834022522,0.006345177534967661,0.9999997615814209,0.890501856803894
174,1.964192136743896,1.0,0.9809727538377047,0.49560879585595796,0.022357045245019934,0.114137202501297,1.5,0.46875,64,0.46875,5,0.078125,0.7814599693755961,3.8128125000000006,12.369934502245506,-1.1447534432763806,0.21161742185233026,0.265625,0.7754471996048474,-1.3058334310188129,0.242410080221016,2.3388745312500006,0.6573203544289924,0.009951628771525112,0.31415707854141095,109.40198437499998,35.50250526613059,-1.5611389311250778,0.23571355533147473,1.0,1.0008881092071533,0.017582418397068977,0.9999997615814209,0.6275553703308105
175,1.96954215394566,1.0,0.9831559276208282,0.49862445546073986,0.021248272855823914,0.14178237318992615,1.5,0.609375,64,0.609375,7,0.109375,0.8099360360155801,7.82546875,20.07746349530422,-1.0761073263344927,0.3434732060577429,0.59375,1.4111027381094545,-1.2032593194441585,0.4411203343303297,2.288928125000001,0.7855640818205001,-0.013919558185362902,0.3754493760750474,122.09160937499999,51.36187039241064,-1.4768880704561915,0.34100942983928817,1.0,1.003186583518982,0.018993351608514786,0.9999997019767761,0.7877495288848877
176,1.9540602662525761,1.0,0.9794815350323915,0.49326590635520895,0.0025239312212937785,0.07130179554224014,1.5,0.546875,64,0.546875,6,0.09375,0.7775606147319777,4.47296875,9.177978174632115,-1.1334598860130547,0.1570113470511937,0.375,0.673145600891813,-1.271642060493928,0.21042990315234916,2.1322509375000003,0.6563362251347413,-0.08880123067189812,0.31368672769664285,108.530875,28.709126691535307,-1.5669225310801975,0.19060993786766287,1.0,0.9967673420906067,0.012114537879824638,0.9999999403953552,0.6303926110267639
177,1.9704596783617203,1.0,0.9825475430116057,0.4937672082674769,0.015849807179118543,0.0707063227891922,1.5,0.453125,64,0.453125,7,0.109375,0.7629389120750845,5.4178125,15.72402813657632,-1.1172960657121476,0.26899724447140333,0.4375,1.1301963325015703,-1.2521041344797084,0.3533070772153332,2.1016053125000003,0.7497378276457898,-0.10344787892370674,0.35832671849906805,113.367046875,34.22552637900077,-1.5348134937515598,0.22723524566537476,1.0,1.0000896453857422,0.008840864524245262,0.9999997019767761,0.7015294432640076
178,1.9722273759741475,1.0,0.9865540806204081,0.5055934207735696,0.0118799377250297,0.11355365812778473,1.5,0.5,64,0.5,8,0.125,0.7219517201227474,4.94296875,13.916081600940096,-1.1254194078478275,0.2380679792720817,0.421875,0.981145496027475,-1.2569886159832633,0.3067127697691179,2.3218359375000004,0.7935243862760282,0.0018082709721094613,0.37925389235877227,123.65948437499999,36.49886952230172,-1.4664783997077473,0.24232876627128833,1.0,1.0026137828826904,0.02001819759607315,0.9999997615814209,0.6405531764030457
179,1.9709615259670052,1.0,0.9867951590567827,0.5044454723846367,0.030466488052872942,0.16680429875850677,1.5,0.515625,64,0.515625,12,0.1875,0.7497229053891019,3.74625,7.809156184409427,-1.1458921546122804,0.1335943612544526,0.375,0.625,-1.271642060493928,0.19537926014219875,2.3691262500000008,1.0234727273593758,0.024410015035270648,0.48915448886919444,125.96512499999997,39.4853942195323,-1.451170444819451,0.2621573487668752,1.0,0.9990936517715454,0.027257239446043968,0.9999998211860657,0.8922366499900818
180,1.9672006299299185,1.0,0.9750964986160398,0.5052525576924229,0.025595633868266552,0.12471307814121246,1.5,0.484375,64,0.484375,10,0.15625,0.6943601652277652,2.66734375,7.638316086143329,-1.164349435772817,0.1306717312973168,0.28125,0.6724198372296879,-1.300948949515258,0.21020302448459863,2.4258887500000004,0.8399481387031813,0.051538858757442456,0.401441476143719,123.87492187499998,41.373764553422276,-1.4650480347603707,0.2746949001832348,1.0,1.0006626844406128,0.014519056305289268,0.9999998807907104,0.6039167642593384
181,1.9729524002177974,1.0,0.9859170150011778,0.5140731424515586,0.007120905645775009,0.09977933764457703,1.5,0.328125,64,0.328125,6,0.09375,0.5297025740489212,2.553125,9.689999012351603,-1.1663034216567203,0.16577069251039556,0.1875,0.6584783595532961,-1.3302558385365877,0.2058448235346748,2.586203125000001,0.6878678538536566,0.12815887418651428,0.3287568290456145,132.22142187499998,37.55636454625761,-1.409632700692354,0.24934984576901567,1.0,0.998878002166748,0.015576324425637722,0.9999994039535522,0.5536022186279297
182,1.9615993781606824,1.0,0.9805959174409509,0.5117160898314445,0.011718690824325126,0.22955216467380524,1.5,0.46875,64,0.46875,15,0.234375,0.697161903488826,1.2409375,3.92586444252648,-1.188751538555516,0.06716133474420405,0.21875,0.4496092053105675,-1.3204868755294779,0.140550902218721,2.677553593750001,0.8531365833561025,0.17181855426871476,0.4077447089810256,133.806578125,40.257430722400755,-1.3991082936781856,0.2672831692568001,1.0,0.9990223050117493,0.010135134682059288,0.9999997615814209,1.0342273712158203
183,1.9668037216271208,1.0,0.9830429079011083,0.49421230379511405,0.011043398888050313,0.14359356462955475,1.5,0.40625,64,0.40625,16,0.25,0.5991734349858086,1.0384375000000001,3.208466445764043,-1.1922157871267043,0.05488852000219109,0.171875,0.4166341133116682,-1.3351403200401428,0.1302426636941356,2.4122975,0.6737635770478031,0.04504311073297252,0.3220158870279047,122.80981249999999,29.408103750749444,-1.4721196685990576,0.19525069114655,1.0,1.0015696287155151,0.003610108280554414,0.9999997019767761,0.6468691229820251
184,1.9698520694546235,1.0,0.9854443585500121,0.4983479169663908,0.01584331462871703,0.14792941510677338,1.5,0.375,64,0.375,10,0.15625,0.6453054016528932,0.9706250000000001,3.02878269431384,-1.1933758827130436,0.051814598129464574,0.15625,0.4038389994787527,-1.3400248015436977,0.1262428238955592,2.4767353125000007,0.82376603051733,0.07584026281596981,0.3937074636518584,126.40021875,36.04375843092877,-1.4482817051672423,0.23930712448533112,1.0,0.9994368553161621,0.005550416186451912,0.9999997615814209,0.5590115189552307
185,1.961539709653568,1.0,0.9841967113316059,0.49574540803636824,0.0024506325381469384,0.10413990169763565,1.5,0.265625,64,0.265625,8,0.125,0.5917765328463138,1.1968750000000001,3.396047277258519,-1.189505333383506,0.0580975403848432,0.140625,0.3476343040826092,-1.3449092830472527,0.10867285301073333,2.4364240625000004,0.6884856162457186,0.056574064154962765,0.32905207994879326,123.82120312499998,35.55807024571729,-1.465404692338633,0.23608247067398708,1.0,0.9967546463012695,0.015178571455180645,0.9999997019767761,0.53676438331604
186,1.9613594993688697,1.0,0.9823150867596269,0.4871431061126672,0.006111783328367312,0.07344178855419159,1.5,0.40625,64,0.390625,10,0.15625,0.630940694860359,2.70171875,7.980246227930467,-1.1637613688857327,0.13652126712513066,0.15625,0.4038389994787527,-1.3400248015436977,0.1262428238955592,2.1982543750000003,0.7392751949246371,-0.05725580999691644,0.35332624938628,113.15662499999999,30.642337458520927,-1.5362105582095176,0.20344520060969787,1.0,1.0009781122207642,0.0031914892606437206,0.9999997019767761,0.6512539982795715
187,1.961793368427176,1.0,0.9842622075229883,0.49339255947960486,0.0007775665955954791,0.08491396903991699,1.5,0.3125,64,0.3125,9,0.140625,0.5410979149258475,1.0084375000000003,3.6524543198503863,-1.1927290091372509,0.06248399831541848,0.125,0.375,-1.3497937645508076,0.11722755608531925,2.2791415625000004,0.8122939016167791,-0.01859690898280453,0.3882245199460022,116.89926562499998,30.092849950840787,-1.511361857492941,0.1997969607721256,1.0,1.0014055967330933,0.020730502903461456,0.9999997019767761,0.6239945888519287
188,1.9607232135330515,1.0,0.983422958292067,0.4981825737221483,0.0006652470014513675,0.08923923224210739,1.5,0.265625,64,0.265625,8,0.125,0.4560310780910666,1.5670312499999999,5.544319638064119,-1.1831729222221288,0.09484889572530798,0.125,0.375,-1.3497937645508076,0.11722755608531925,2.3025990625000006,0.701506871923128,-0.00738572463375625,0.33527540715141624,120.52628125,33.29951391512193,-1.4872808316103203,0.22108712489175786,1.0,0.9986466765403748,0.008746355772018433,0.9999997019767761,0.9020330309867859
189,1.9645825861951944,1.0,0.983521731570363,0.49145940796841475,0.0010972527627329865,0.07744485884904861,1.5,0.3125,64,0.3125,8,0.125,0.48577531499203164,1.0175,4.132623636988977,-1.192573973321565,0.07069844706023737,0.109375,0.35869500885153116,-1.3546782460543627,0.11213050471377854,2.2478740625,0.5512135017359395,-0.03354077370128978,0.26344479094728884,114.61957812499999,26.578492728381843,-1.526497500502967,0.17646391344487344,1.0,1.0001856088638306,0.010536398738622665,0.9999996423721313,0.6710898876190186
190,1.9642518340578756,1.0,0.9867220185697079,0.484376057608339,0.0007850517078093245,0.04387746751308441,1.5,0.25,64,0.25,6,0.09375,0.4159767323132899,2.95265625,8.8356036229471,-1.1594684806100162,0.1511542085253367,0.21875,0.5144399260360728,-1.3204868755294779,0.16081742741845656,2.05534671875,0.5687709215439212,-0.12555652742670076,0.27183611441146505,111.41018749999999,32.22493751684934,-1.547805767877212,0.21395263617290783,1.0,0.9971922636032104,0.010556621477007866,0.9999997019767761,0.8718511462211609
191,1.9617928405671274,1.0,0.9840501248836517,0.4871304312596212,8.842007607643418e-05,0.06202402338385582,1.5,0.1875,64,0.1875,7,0.109375,0.2944309328933754,0.33906250000000004,1.6466146319323627,-1.2041802752475677,0.028169295733182418,0.0625,0.24206145913796356,-1.3693316905650275,0.07567006207250623,2.2197934375,0.384427612920409,-0.04696151604431421,0.18373180591773447,114.90264062499998,17.739758221618306,-1.5246181495175688,0.11778046224607042,1.0,1.000603199005127,0.0009191176504828036,0.9999998211860657,1.0603927373886108
192,1.967048932647714,1.0,0.985513617284596,0.4827636777995967,0.0012041460531345366,0.08298171311616898,1.5,0.234375,64,0.234375,5,0.078125,0.3820430423900537,0.60578125,3.4548298640668893,-1.1996174108100535,0.059103157631073565,0.078125,0.32135880939379896,-1.3644472090614725,0.1004589542712613,2.2114181250000002,0.47967217350393043,-0.050964379623910684,0.22925261277890682,112.24132812499998,24.37538998665886,-1.5422875344390194,0.1618367434432269,1.0,1.0004535913467407,0.0009560229373164475,0.9999996423721313,0.7121356129646301
193,1.9696771551866108,1.0,0.9864553809165955,0.4952685527224896,0.0044356161968407545,0.09458941221237183,1.5,0.265625,64,0.265625,7,0.109375,0.38313149355450593,2.5012499999999998,8.094003470934517,-1.1671908680499568,0.13846735782408917,0.171875,0.5464283890639284,-1.3351403200401428,0.1708172390016062,2.28044375,0.5951953919394355,-0.01797454666288468,0.2844653208030276,120.24745312499999,34.18127827249227,-1.4891320690984213,0.22694146700317555,1.0,0.999378502368927,0.0018621974159032106,0.9999995231628418,0.7280364632606506
194,1.9728615162059384,1.0,0.9879801888018847,0.4889883161784697,0.00040354331810690233,0.11042869836091995,1.5,0.1875,64,0.1875,3,0.046875,0.3001078203015094,1.1978125000000002,6.006984858466329,-1.1894892951956766,0.10276389487946541,0.078125,0.32135880939379896,-1.3644472090614725,0.1004589542712613,2.18805625,0.33489636478832924,-0.062129861340394776,0.1600590379822257,111.28528125,17.61933812912387,-1.5486350641775695,0.11698095111516758,1.0,0.9997336864471436,0.007971656508743763,0.9999992847442627,0.621360182762146
195,1.97358143968369,1.0,0.9866193868219852,0.48652464563488507,0.0032923881146275937,0.07024148106575012,1.5,0.1875,64,0.1875,5,0.078125,0.29171594253477384,0.96609375,4.691813554342388,-1.1934534006208866,0.08026473284895075,0.078125,0.36677170607204695,-1.3644472090614725,0.11465533531751763,2.2640365625000003,0.48054283402412123,-0.025816132667867944,0.2296687328086328,114.25784374999998,19.20235840676441,-1.528899181594983,0.12749117666143192,1.0,0.9993537664413452,0.020814480260014534,0.9999990463256836,0.6737930178642273
196,1.9733798148461021,1.0,0.9872723734006286,0.49311196587330364,0.0014915693467522054,0.052143312990665436,1.5,0.15625,64,0.15625,5,0.078125,0.18729690279506972,1.9759375000000001,8.579833499030954,-1.1761775992971288,0.14677864661753834,0.15625,0.6665852814906732,-1.3400248015436977,0.20837910259092324,2.2110343749999997,0.38849242182874005,-0.05114778757420179,0.18567452453715055,117.81878124999999,24.627628114495682,-1.5052568715059842,0.1635114406359147,1.0,1.000899314880371,0.005542359314858913,0.9999991655349731,0.749988317489624
197,1.968939501773919,1.0,0.9852165346965194,0.48431574137809813,0.0004136596667851648,0.06969381123781204,1.5,0.171875,64,0.171875,4,0.0625,0.23277444357839794,0.81375,3.227087260595846,-1.1960596061431927,0.05520707373639077,0.0625,0.24206145913796356,-1.3693316905650275,0.07567006207250623,2.1552949999999997,0.3508569487697233,-0.0777876429989371,0.16768717607596437,110.82984375,18.465504851291932,-1.551658873104617,0.12259894807032026,1.0,1.0008348226547241,0.0073732719756662846,0.9999996423721313,0.8860123157501221
198,1.975326661878297,1.0,0.9885396268218756,0.4824319765299687,0.0009588725983825837,0.0429738387465477,1.5,0.171875,64,0.15625,4,0.0625,0.27014624200422477,0.44031250000000005,1.7206039716749901,-1.2024481509619735,0.029435060989906184,0.078125,0.26836818808308854,-1.3644472090614725,0.08389372485340205,2.1119728125000004,0.312389409578958,-0.09849287716568657,0.14930215323372173,108.49659374999999,9.211426297198003,-1.567150136294481,0.061157882406055554,1.0,1.0000841617584229,0.0019083969527855515,0.9999989867210388,0.956301748752594
199,1.9761194233131036,1.0,0.9879401568323374,0.48221696173123263,0.0038854272160934442,0.06282124668359756,1.5,0.109375,64,0.109375,2,0.03125,0.1520382808741273,1.06734375,5.690699441354809,-1.1917212763352925,0.09735307362358255,0.109375,0.5337715891418351,-1.3546782460543627,0.16686063707433188,2.09399765625,0.26318565627911683,-0.10708385192521765,0.12578590687713603,110.49349999999998,10.771176759354102,-1.55389197695269,0.07151361150485432,1.0,1.0006740093231201,0.0017482517287135124,0.9999995231628418,0.6204195022583008
