step,reward_mean,valid_frac,c_mean,qed_mean,tox_mean,undersized_frac,alerts_mean,n_rankable,d_var,d_loss,w_C,unique,n_valid,unique_smiles_frac,n_scaffolds,scaffold_frac,tanimoto_dist,tpsa_mean,tpsa_sd,tpsa_drift_sd,tpsa_spread_ratio,hba_mean,hba_sd,hba_drift_sd,hba_spread_ratio,logp_mean,logp_sd,logp_drift_sd,logp_spread_ratio,mw_mean,mw_sd,mw_drift_sd,mw_spread_ratio,rdkit_valid_frac,ratio_mean,clip_frac,adv_std,kl
0,1.0779079614345122,0.859375,0.827609831365672,0.579305231588364,0.0,0.09375,0.0,55,0.010917488061827326,0.7330234050750732,0.2,1.0,61,0.953125,52,0.8524590163934426,0.9177970980581669,60.99459016393443,39.97796026311557,-0.16652187996629664,0.6839189714593621,4.049180327868853,2.5442073680060524,-0.12306824595306781,0.7953365651349653,2.2843888524590175,1.7506871521852656,-0.016089040068237782,0.8367164617141318,300.7862950819673,117.04088517915226,-0.29047152404381904,0.7770753911003563,0.953125,0.9887107014656067,0.04607922211289406,1.1611261367797852,0.004157965071499348
1,1.0830577690205683,0.890625,0.8572382126983843,0.45824681087166924,0.0,0.109375,0.0,57,5.756890518024329e-07,0.6810840368270874,0.21300000000000002,1.0,64,1.0,51,0.796875,0.9210701400563426,60.618125000000006,36.741977945660125,-0.1729622202441337,0.6285597264241244,3.8125,2.0300477211139643,-0.19705612971183498,0.6346067548873647,2.0900884375000013,1.6313270132148356,-0.10895220840254863,0.7796699511343383,291.2805156250001,113.52168307489113,-0.35358372007625544,0.7537101769075212,1.0,0.9948527812957764,0.006105006206780672,1.133455753326416,0.007197812665253878
2,1.226426349548734,0.953125,0.8720671246286298,0.5607724600910853,0.0,0.015625,0.0,61,0.007498639298374604,0.6639193892478943,0.226,1.0,62,0.96875,52,0.8387096774193549,0.9066221617156605,57.98338709677419,28.381203794944216,-0.21803573637601373,0.4855286157789606,3.870967741935484,1.9217252914330942,-0.17877871505337117,0.6007444250187988,2.693403225806454,1.864393567881348,0.17939366444027954,0.8910608542554636,316.9724354838711,103.56130143661704,-0.18300607413747227,0.6875797179211317,0.96875,0.9978008270263672,0.00977995153516531,1.0648607015609741,0.013776258565485477
3,1.248667532835043,0.953125,0.8520659242497116,0.580186575956815,0.0,0.046875,0.0,61,1.0806977837269412e-06,0.6821848154067993,0.23900000000000002,1.0,64,1.0,52,0.8125,0.919341248450454,49.559375,28.902934100353463,-0.36214868388180604,0.4944540649891315,3.203125,1.7956517575451538,-0.38755090835047873,0.5613329789795376,2.257969687500001,1.7239199793674902,-0.02871571080055998,0.8239234654884934,268.154328125,96.86822946793093,-0.507126571095497,0.6431420711127666,1.0,0.9966355562210083,0.004335260018706322,1.0648609399795532,0.020966215059161186
4,1.2226441981842182,0.90625,0.8668466775581755,0.5984366612599711,0.0,0.078125,0.0,58,0.0038396467015708023,0.649186372756958,0.252,1.0,63,0.984375,50,0.7936507936507936,0.9066601092051492,51.081111111111106,30.94799037561634,-0.33611573499962194,0.5294396614314975,2.984126984126984,1.5480870273316325,-0.45601118085268566,0.4839425568572643,2.2928476190476195,1.7853049314597036,-0.01204629077311312,0.8532615455977676,267.0522380952381,90.85614137059115,-0.5144437324412449,0.6032257145129424,0.984375,0.9967697262763977,0.0041455551981925964,1.1180338859558105,0.03086801990866661
5,1.3276435329859475,0.953125,0.8856452854930378,0.6486786693481883,0.0,0.046875,0.0,61,4.49384015574982e-06,0.6139033436775208,0.265,1.0,64,1.0,53,0.828125,0.9047307466108397,44.8209375,30.03952577015978,-0.44321103123509037,0.5138981937207417,2.78125,1.7541802750857736,-0.519431908946463,0.5483687108836754,2.6065456250000016,1.6362968919941192,0.13788128781202946,0.7820452352518689,267.62992187500004,81.97143713672176,-0.5106082876870148,0.544237054210373,1.0,0.9989460706710815,0.001818181830458343,1.0648607015609741,0.034772440791130066
6,1.1743039946215101,0.859375,0.8886019498109817,0.6096416031935771,0.0,0.09375,0.0,55,0.011164677015472397,0.6392220854759216,0.278,1.0,61,0.953125,52,0.8524590163934426,0.909773320222293,44.81245901639344,37.66768505273356,-0.44335607604852184,0.6443961685131022,2.8688524590163933,2.1688964470218,-0.49204678313964656,0.6780118130306606,2.5200008196721324,1.681108414255208,0.09651840741201954,0.803462276156933,273.5286557377049,108.77214571677949,-0.47144452951531235,0.7221763364512481,0.953125,0.9982566237449646,0.008771929889917374,1.1611262559890747,0.039097271859645844
7,1.2560448910814337,0.890625,0.8849768560183676,0.6418141027152635,0.0,0.09375,0.0,57,0.003826575887206689,0.6433101892471313,0.29100000000000004,1.0,63,0.984375,51,0.8095238095238095,0.9001095610408751,39.39015873015874,27.838901381583558,-0.5361175378714477,0.4762512312819896,2.5396825396825395,1.6886680843845383,-0.5949475436204715,0.5278891535244722,2.7271296825396845,1.594917583632727,0.19551275316995856,0.76226857302121,258.4833492063492,96.48765546705368,-0.5713355841598691,0.6406153071522783,0.984375,0.9976634979248047,0.014402304776012897,1.1334558725357056,0.046794842928647995
8,1.2350640890319757,0.875,0.8941365512354034,0.6636521471150792,0.0,0.125,0.0,56,2.772813120835763e-05,0.6003426909446716,0.30400000000000005,1.0,64,1.0,48,0.75,0.9133937408525903,46.44890625000001,28.970124919755023,-0.41536071806903246,0.4956035252365825,2.828125,1.505766909045022,-0.504778464435798,0.47071299941731504,2.247221875000001,1.6177000625520366,-0.033852477603778776,0.7731571404769356,254.86103125000005,89.79448231934428,-0.5953854205765305,0.5961769885809735,1.0,0.9968668222427368,0.001461988314986229,1.1478066444396973,0.05494960397481918
9,1.3046955336879607,0.9375,0.9171004722515742,0.6073021090591483,0.0,0.03125,0.0,60,0.007367796334808606,0.61672443151474,0.317,1.0,62,0.96875,47,0.7580645161290323,0.9010273502137974,42.05403225806452,30.96649549784919,-0.49054558694367517,0.5297562359660891,2.629032258064516,1.68708443836852,-0.5670162126262566,0.5273940949853734,3.060941451612905,1.675784390843967,0.355053423785403,0.8009177335610864,286.38496774193544,93.89243693149334,-0.3860869754990074,0.6233847431880315,0.96875,0.9983759522438049,0.010568032041192055,1.083790898323059,0.04951239004731178
10,1.3751882808667222,0.953125,0.8965376122076003,0.652984809602959,0.0,0.03125,0.0,61,0.003676663786689402,0.582436203956604,0.33,1.0,63,0.984375,50,0.7936507936507936,0.8912853172822879,41.98460317460319,29.73700302068205,-0.49173333807048913,0.5087228159299754,2.5555555555555554,1.640535895581489,-0.5899855306644792,0.5128427032246892,2.8582417460317484,1.4418994912086447,0.25817593186306925,0.689135713897003,271.70860317460324,88.65295474561609,-0.48352849534597553,0.5885979875810333,0.984375,0.9975553154945374,0.0033317466732114553,1.0648608207702637,0.053586121648550034
11,1.3525796525152443,0.96875,0.9113150503366224,0.6291211709192962,0.0,0.03125,0.0,62,0.0002935590359398816,0.5527358055114746,0.343,1.0,64,1.0,53,0.828125,0.9112423270136927,36.087656249999995,25.76634412987873,-0.5926147699615008,0.4407951646255727,2.515625,1.274659114969567,-0.6024680945068974,0.39846712770602216,2.9247273437500017,1.5732059746275715,0.2899517942770518,0.7518918128774924,263.7679375,80.25367350585019,-0.5362493533200451,0.5328322203932475,1.0,0.9997901320457458,0.005581395234912634,1.0446385145187378,0.04629039764404297
12,1.2858436324702418,0.890625,0.9205053908783093,0.6599030990411691,0.0,0.109375,0.0,57,0.00024490482310992787,0.523510754108429,0.356,1.0,64,1.0,48,0.75,0.8996638021090352,35.35484375,24.119242447174535,-0.6051512867816189,0.4126175367198451,2.59375,1.4547202265384227,-0.5780456869891225,0.4547554585199501,3.0111075000000014,1.5867252702519914,0.3312359829509658,0.7583531713135855,268.48132812500006,92.36206625034418,-0.5049555036731949,0.6132240767357726,1.0,0.9969084858894348,0.004816955886781216,1.1334558725357056,0.039628736674785614
13,1.3526509939646276,0.953125,0.8759155757114535,0.6387573248030928,0.0,0.046875,0.0,61,0.0005456215934333325,0.5214793682098389,0.369,1.0,64,1.0,50,0.78125,0.9024991193669921,42.166250000000005,26.254157260089304,-0.4886258331058382,0.4491403791408265,2.828125,1.4529569795334616,-0.504778464435798,0.4542042554875065,2.572829843750001,1.536077620139089,0.12176730128038966,0.7341468346510324,259.701265625,84.26994986857015,-0.5632494108888624,0.5594976845218771,1.0,0.9973614811897278,0.0025706940796226263,1.0648607015609741,0.042169127613306046
14,1.2987989564029232,0.9375,0.8929130494594574,0.6236058323850807,0.0,0.0625,0.0,60,0.0011547945642641465,0.5390204191207886,0.382,1.0,64,1.0,47,0.734375,0.9093946436747833,44.655625,33.01883997598,-0.4460390983557055,0.56486651461276,2.8125,1.87812240016459,-0.509662945939353,0.587113864001037,2.5393117187500014,1.3962149779577684,0.10574778179155081,0.667301439146833,269.924765625,91.86269691939408,-0.49537201702983524,0.6099085890106277,1.0,0.9976668953895569,0.0028653296176344156,1.0837910175323486,0.04191458970308304
15,1.2560309153771945,0.9375,0.8749591308335464,0.584207682725188,0.0,0.046875,0.0,60,0.0039518063070596195,0.49247676134109497,0.395,1.0,63,0.984375,56,0.8888888888888888,0.9108720951401397,46.21301587301588,30.55794841836458,-0.41939618918717736,0.5227670575148906,3.1587301587301586,1.8100806717648805,-0.4014290383367699,0.5658435559153864,2.418684126984128,1.8149037168240367,0.04809550985852562,0.8674078714733915,266.8984285714286,95.08649913159098,-0.5154649276901213,0.6313125399551078,0.984375,0.9987888932228088,0.0019464719807729125,1.0837911367416382,0.04345020651817322
16,1.2900205161082512,0.90625,0.9120015101186161,0.6773330994780933,0.0,0.078125,0.0,58,0.004766659517615759,0.5548641085624695,0.40800000000000003,1.0,63,0.984375,55,0.873015873015873,0.9057063512185822,35.81968253968254,24.260822030869125,-0.597199103507591,0.4150395953397138,2.634920634920635,1.5254620668868524,-0.5651754658845174,0.47686984000534804,2.8943339682539695,1.5856483053518553,0.275425705150936,0.7578384509881936,264.0650476190477,78.93103234790277,-0.5342767352763125,0.5240507429332626,0.984375,0.9978092312812805,0.0004657661775127053,1.1180338859558105,0.05143631994724274
17,1.3103012564462966,0.921875,0.8958883921978837,0.6803147483457718,0.0,0.078125,0.0,59,0.002540356898628153,0.5151883959770203,0.42100000000000004,1.0,64,1.0,51,0.796875,0.8950106842667305,37.146093750000006,22.59426065240266,-0.5745076559019099,0.3865290626278617,2.625,1.243734296383275,-0.5682767239820126,0.38879981862534785,2.689144843750001,1.414460661004082,0.17735843023955178,0.6760217084085415,259.282765625,75.24763020411805,-0.5660279788284137,0.4995953472219249,1.0,0.9968212246894836,0.0023084026761353016,1.1014959812164307,0.05664397031068802
18,1.3109986850473958,0.921875,0.9138454143273629,0.6430254754764134,0.0,0.0625,0.0,59,0.0051535196313216205,0.4965346157550812,0.434,1.0,63,0.984375,51,0.8095238095238095,0.8940982090837298,39.425873015873016,27.581967690833093,-0.535506559287464,0.47185576377052074,2.7301587301587302,1.6252604109422482,-0.5354033881485633,0.5080674826052838,3.088195873015875,1.6039719396366332,0.3680792936639212,0.7665959759550991,273.2344444444445,90.9375182872665,-0.4733979012403002,0.6037660043377779,0.984375,0.9979122877120972,0.0010020040208473802,1.1014959812164307,0.058038242161273956
19,1.3713462875253981,0.96875,0.9223976164094864,0.6578487268598323,0.0,0.03125,0.0,62,0.006573865305409601,0.4793739318847656,0.44700000000000006,1.0,64,1.0,59,0.921875,0.8950932532389214,37.84812500000001,24.412631840081783,-0.5624977262488627,0.41763666652320675,2.734375,1.3490990917553092,-0.5340853534571278,0.4217375718490634,3.0864234375000015,1.888739071257446,0.3672321828756762,0.9026964474098836,287.883734375,82.40575091226236,-0.3761361393807219,0.5471206153392203,1.0,0.9986082315444946,0.001372997765429318,1.0446385145187378,0.06127865985035896
20,1.2916585715731723,0.921875,0.9058745230658579,0.6493564215021508,0.0,0.046875,0.0,59,0.010525378169874863,0.4593792259693146,0.46,1.0,62,0.96875,52,0.8387096774193549,0.8927990839779159,37.823709677419366,27.303324046354298,-0.562915408946962,0.46708889538900783,2.4838709677419355,1.399791867983686,-0.6123946214334768,0.4375844792315503,3.066307258064517,1.7922936339804938,0.35761793600155284,0.8566016983131565,271.32119354838716,77.7134180596307,-0.48610064341497805,0.5159665756115603,0.96875,0.9986890554428101,0.004830917809158564,1.1014959812164307,0.051385439932346344
21,1.242315296890414,0.890625,0.906757418523755,0.6274291313219624,0.0,0.078125,0.0,57,0.011587715499596578,0.4510267376899719,0.47300000000000003,1.0,62,0.96875,51,0.8225806451612904,0.8969401504268878,36.759838709677425,23.782142493620892,-0.5811154755145113,0.40685063285591494,2.6451612903225805,1.4266673798384506,-0.561974167203232,0.44598594742695313,2.8281409677419367,1.549136671529174,0.24378968548315205,0.7403882257864021,267.4527741935484,82.2869629403651,-0.5117844331308555,0.5463319404280661,0.96875,0.9968792796134949,0.0009886306943371892,1.133455753326416,0.05516839027404785
22,1.4284870982620759,1.0,0.8725088094361126,0.673327634134926,0.0,0.0,0.0,64,0.008933393387467842,0.43003273010253906,0.48600000000000004,1.0,64,1.0,56,0.875,0.8806692457418948,37.26625000000001,28.88128970999218,-0.5724520948284193,0.49408378573785594,2.5625,1.3564084008881692,-0.5878146499962325,0.4240225117059095,2.9281201562500017,1.4185008779721613,0.2915733416030352,0.677952673653742,273.93814062499996,64.7591840318005,-0.46872581606353514,0.42995888301616325,1.0,0.9993655681610107,0.0023752970155328512,0.9999998807907104,0.052287742495536804
23,1.3693415510302063,0.953125,0.8793917967647803,0.6493901745600166,0.0,0.046875,0.0,61,0.015056872116215099,0.5230783820152283,0.49900000000000005,1.0,64,1.0,56,0.875,0.8974825015212823,43.22859375,25.86288900548353,-0.4704518932636243,0.4424467964644344,3.015625,1.4085918001234425,-0.4461646863931384,0.44033539800077776,2.6201818750000014,1.6445139285913222,0.14439854295770596,0.7859724530753418,273.62612500000006,76.20945770652014,-0.4707973969769492,0.5059812565685274,1.0,0.9984868764877319,0.0,1.0648607015609741,0.05526811257004738
24,1.3903458639151398,0.96875,0.8835132545040499,0.6594056312799624,0.0,0.03125,0.0,62,0.014160586238527062,0.42510104179382324,0.512,1.0,64,1.0,51,0.796875,0.8862267239611861,36.466875,26.30194906483881,-0.5861273229844374,0.4499579726781992,2.4375,1.260890062614501,-0.6268905020246722,0.394162828086835,2.9790423437500015,1.5172933007381346,0.31591088957359037,0.7251691316700879,264.64625,82.95585257118697,-0.5304179292975669,0.5507729327418055,1.0,0.9983781576156616,0.0,1.0446385145187378,0.04916584491729736
25,1.3913629771345888,0.953125,0.9058519030203585,0.6762810920333682,0.0,0.046875,0.0,61,0.02083054717211343,0.47598934173583984,0.525,1.0,64,1.0,47,0.734375,0.888128319328151,33.40734375,24.01544146756074,-0.6384679489662569,0.41084177180470915,2.546875,1.3101727879844705,-0.5926991314997875,0.4095689439597563,2.893092343750001,1.6280595095012114,0.27483228806871135,0.7781082933918406,258.96175000000005,79.01152179963222,-0.5681593138910659,0.5245851405677847,1.0,0.9986719489097595,0.0030456853564828634,1.0648608207702637,0.05649394169449806
26,1.403232488264882,0.96875,0.905819633795369,0.6651124107322587,0.0,0.03125,0.0,62,0.019647131776274356,0.4011901915073395,0.538,1.0,64,1.0,55,0.859375,0.8872706298741517,40.69328125,29.8295374825172,-0.5138244992174062,0.5103058400149042,2.765625,1.655881444842897,-0.5243163904500179,0.5176398265225605,2.695262500000002,1.4315694910514751,0.1802822785611063,0.6841986346648714,261.16706250000004,73.74455532907905,-0.55351747253099,0.48961590717765135,1.0,0.9979217648506165,0.002506265649572015,1.0446385145187378,0.054389383643865585
27,1.212217094473018,0.859375,0.8967467638579282,0.5718509049608698,0.0,0.125,0.0,55,0.030558276009380866,0.4879165291786194,0.551,1.0,63,0.984375,44,0.6984126984126984,0.9164215583493586,43.14349206349206,32.15677944067112,-0.4719077618853075,0.550118899907962,2.9682539682539684,1.9269867419767304,-0.460973193808678,0.6023891903219835,2.3812184126984133,1.7350429669527172,0.0301892952309687,0.8292395419813061,259.9021428571429,108.68879501700923,-0.5619157166546497,0.7216229419897886,0.984375,0.9970829486846924,0.00527325039729476,1.1611262559890747,0.04814380407333374
28,1.4255928617858744,0.96875,0.8830387188542274,0.6684423388750065,0.0,0.03125,0.0,62,0.0287478395515351,0.44924479722976685,0.5640000000000001,1.0,64,1.0,49,0.765625,0.897906171352932,36.22296875,23.987271669033632,-0.590299924851432,0.41035985978348344,2.6875,1.4563975247163805,-0.5487387979677927,0.45527979336322566,3.0661864062500017,1.3890331337856117,0.35756017656548983,0.6638689770779772,266.619125,77.26962982320823,-0.5173193218334277,0.5130201102216595,1.0,0.9993272423744202,0.0009564801584929228,1.0446386337280273,0.04318767786026001
29,1.414668390806546,0.984375,0.8903617473348738,0.6451238369199571,0.0,0.0,0.0,63,0.027462200984604137,0.42146986722946167,0.577,1.0,63,0.984375,48,0.7619047619047619,0.893117846835071,40.5126984126984,28.544760073246437,-0.5169138021117431,0.48832663851188574,2.888888888888889,1.737642182019557,-0.4857832585886398,0.543198790263771,3.038426507936509,1.4048896503229833,0.34429272106070896,0.6714473775909988,285.1614444444445,76.40151286559504,-0.3942103748005664,0.5072563779726634,0.984375,0.9986885190010071,0.0008547008619643748,1.023047924041748,0.03836355358362198
30,1.4114656605235778,0.9375,0.8979687894384066,0.6643216878417367,0.0,0.046875,0.0,60,0.03889291487128241,0.5277777910232544,0.5900000000000001,1.0,63,0.984375,49,0.7777777777777778,0.9021627336003795,41.285714285714285,31.92778616270945,-0.5036895100939596,0.5462014202240585,2.7777777777777777,1.785696648942887,-0.5205173492805862,0.5582209441741838,2.740979523809526,1.5372612399715362,0.20213209127850582,0.7347125292110133,271.4711587301587,90.78132959072879,-0.48510497209808573,0.6027290129286501,0.984375,0.9984451532363892,0.0032007317058742046,1.0837910175323486,0.04081019014120102
31,1.4330839029494014,0.96875,0.8867013641903477,0.6519706114460807,0.0,0.03125,0.0,62,0.03513735295412995,0.5193214416503906,0.603,1.0,64,1.0,52,0.8125,0.9036049282326035,39.0078125,25.13041182193089,-0.542658487903678,0.4299160160370257,2.703125,1.354156650603984,-0.5438543164642378,0.4233185992186309,2.668974843750002,1.706059330530625,0.16771846057866313,0.8153872179470373,269.06159375000004,73.7760664707564,-0.5011029171450021,0.4898251206734778,1.0,0.9977997541427612,0.003775365650653839,1.0446385145187378,0.042270924896001816
32,1.4334277249768035,0.96875,0.8842905543504223,0.6573342113721642,0.0,0.03125,0.0,62,0.03651687092586074,0.4502721130847931,0.6160000000000001,1.0,64,1.0,56,0.875,0.9028965714279373,35.9628125,22.192421388614715,-0.5947505219741392,0.37965463746527034,2.546875,1.3454749103476438,-0.5926991314997875,0.42060462803778215,3.0964665625000016,1.789430270998653,0.37203215413499785,0.8552331939862821,273.17271875000006,72.34676546727681,-0.4738077197244813,0.4803354911770933,1.0,0.998254656791687,0.0032558138482272625,1.0446386337280273,0.04463556408882141
33,1.3837335635201404,0.921875,0.9155141271777072,0.6880027503893771,0.0,0.0625,0.0,59,0.04159772007247205,0.44425004720687866,0.629,1.0,63,0.984375,58,0.9206349206349206,0.8996289836656508,38.834126984126975,28.854008862070557,-0.5456297955589828,0.49361708135053106,2.888888888888889,1.7916128329552332,-0.4857832585886398,0.5600703836224995,3.037026349206351,1.5428211604691706,0.34362353476030466,0.7373698155230684,277.1289047619047,84.88668720940733,-0.44754121646144746,0.5635924195335241,0.984375,0.998039186000824,0.006109022535383701,1.1014959812164307,0.04683327674865723
34,1.326415940592991,0.890625,0.8762032295528212,0.6043219912937995,0.0,0.078125,0.0,57,0.039593684994086914,0.49865105748176575,0.6420000000000001,1.0,62,0.96875,44,0.7096774193548387,0.9048380195091622,37.068870967741944,29.52209971031755,-0.575828736954259,0.5050463789626971,2.693548387096774,1.8629555920582939,-0.5468480309341586,0.5823726164065941,3.146737258064518,1.7966211570254649,0.39605833063840507,0.8586699774832268,269.76356451612907,107.44172014521165,-0.4964422875983632,0.7133431755453518,0.96875,0.9982343316078186,0.004162812139838934,1.133455753326416,0.05275200307369232
35,1.4108911267001427,0.953125,0.8916285101507531,0.6386069337278643,0.0,0.046875,0.0,61,0.03623153568240281,0.43421509861946106,0.655,1.0,64,1.0,51,0.796875,0.9030668301522063,33.5575,25.11377230475342,-0.6358991658822201,0.42963135715501427,2.484375,1.6297257006548678,-0.6122370575140074,0.5094633626058793,3.2569114062500018,1.5733935534904215,0.4487145252800682,0.7519814635739177,276.474140625,78.91711411087971,-0.45188842467834445,0.5239583348874624,1.0,0.9987459182739258,0.002752293599769473,1.0648605823516846,0.051693592220544815
36,1.4790141268546786,0.96875,0.8716135604246971,0.6664732074657075,0.0,0.015625,0.0,62,0.04059211312274351,0.474759042263031,0.6679999999999999,1.0,63,0.984375,51,0.8095238095238095,0.8954973645536061,40.11063492063491,24.45050977317864,-0.5237920632372143,0.4182846594891838,2.9523809523809526,1.361938061530961,-0.4659352067646704,0.4257511213142713,2.6857636507936524,1.1808239178927684,0.1757424363120945,0.5643582916875713,260.24869841269845,62.786902939375615,-0.5596148130562266,0.41686421871223245,0.984375,0.9992253184318542,0.007313505746424198,1.0446385145187378,0.052614811807870865
37,1.4070028227012892,0.890625,0.8806376187947759,0.6758644043470482,0.0,0.09375,0.0,57,0.040197893193643704,0.485669881105423,0.681,1.0,63,0.984375,50,0.7936507936507936,0.8903130491360751,33.018412698412696,26.4179223199459,-0.6451215481749092,0.4519419735833884,2.492063492063492,1.4015073050567692,-0.6098335824884485,0.4381207365534055,2.836644761904764,1.6972712255001152,0.24785395507819907,0.8111870659455092,256.1557301587302,80.6763786147315,-0.5867894614865194,0.5356387075220939,0.984375,0.9992613196372986,0.0035750765819102526,1.133455753326416,0.05467655882239342
38,1.4866515967034808,0.953125,0.8933577185771504,0.6540584137582223,0.0,0.046875,0.0,61,0.041068384033695456,0.484771728515625,0.6940000000000001,1.0,64,1.0,51,0.796875,0.8941568389104657,38.759531249999995,23.56197986360173,-0.5469059346472107,0.4030842226017276,2.78125,1.2926323674966522,-0.519431908946463,0.40408568895576746,2.6845589062500013,1.5452458599191412,0.175166645491573,0.7385286667444114,256.27178125,69.87646515804448,-0.5860189576835272,0.4639343030282363,1.0,0.9992750287055969,0.007651841267943382,1.0648608207702637,0.058141015470027924
39,1.372329453871044,0.859375,0.8789687292142347,0.6644660167097595,0.0,0.109375,0.0,55,0.05434732058026687,0.5152382254600525,0.7070000000000001,1.0,62,0.96875,48,0.7741935483870968,0.9082423046845648,37.65322580645162,26.154603663981977,-0.5658319447810887,0.4474372759157822,2.7903225806451615,1.5876244860939106,-0.5165957583960116,0.4963022359626668,2.5574558064516135,1.808971982529295,0.11441949497786956,0.8645728819524314,252.56601612903228,93.14061263807815,-0.6106228290255306,0.6183931186292281,0.96875,0.9978269934654236,0.008870215155184269,1.1611262559890747,0.05029803514480591
40,1.3489574372224862,0.875,0.8714666435761111,0.6517952393833623,0.0,0.09375,0.0,56,0.051874019554379557,0.537447452545166,0.72,1.0,62,0.96875,52,0.8387096774193549,0.9014820511304691,43.44612903225807,33.80534674998285,-0.4667304300994487,0.5783216008748306,3.0806451612903225,1.9617173771055498,-0.425838940781571,0.6132462235951632,2.7616841935483887,1.9116861091316575,0.2120275988700459,0.9136636635186922,280.70588709677423,98.45212240624231,-0.4237923790994168,0.6536580905585819,0.96875,0.9984960556030273,0.0021312872413545847,1.1478067636489868,0.049988262355327606
41,1.4959996223361065,0.953125,0.8951500859416899,0.6518117989137738,0.0,0.046875,0.0,61,0.04141705036436724,0.47696876525878906,0.7330000000000001,1.0,64,1.0,49,0.765625,0.8957542785518979,43.874531250000004,28.03023751960146,-0.4594015818490468,0.4795244951967807,3.03125,1.7317688753121763,-0.4412802048895834,0.541362754553249,2.911112343750002,1.8327524462273472,0.2834446952719452,0.8759384222881327,284.44118750000007,80.57396074218768,-0.39899241268365476,0.5349587194286952,1.0,0.9992478489875793,0.006342494860291481,1.0648607015609741,0.05353790521621704
42,1.4953700971086816,0.953125,0.863620900716938,0.6355118275674706,0.0,0.046875,0.0,61,0.04430484294739864,0.44633206725120544,0.746,1.0,64,1.0,53,0.828125,0.8984895407149734,50.84156250000001,38.66963582785069,-0.34021378899355653,0.661536941555574,3.40625,2.2756781269546886,-0.32405264880426415,0.7113924940259068,2.4766576562500013,1.6333481186753938,0.07580314809638766,0.7806359102479347,286.63428125,96.11916679545325,-0.38443169588035675,0.6381687819217006,1.0,0.9978297352790833,0.001713062054477632,1.0648607015609741,0.059135474264621735
43,1.594704958410609,0.96875,0.918625767192533,0.6817799155384713,0.0,0.03125,0.0,62,0.03238917627076898,0.5062074065208435,0.7590000000000001,1.0,64,1.0,49,0.765625,0.8794031971401386,37.591875,27.752345558247413,-0.5668814975889468,0.47477048615942036,2.984375,1.7454600709769903,-0.45593364940024833,0.5456427156403746,3.028218906250002,1.455070835898246,0.33941414046733426,0.6954307740457817,276.07757812500006,71.07482842394981,-0.4545213418791287,0.4718906560762185,1.0,1.000303030014038,0.000911161710973829,1.0446385145187378,0.058306023478507996
44,1.570789183747287,0.9375,0.8882868826389313,0.6879015069793126,0.0,0.046875,0.0,60,0.03813166344796286,0.5979865193367004,0.772,1.0,63,0.984375,46,0.7301587301587301,0.8841754258012913,35.30380952380953,29.887593350438557,-0.6060243497206907,0.5112990249901914,2.5238095238095237,1.1933299129658732,-0.5999095565764638,0.37304306480132277,2.6236928571428577,1.5104057207289991,0.1460765678132864,0.7218773090461409,248.80371428571428,68.18635223483491,-0.6356020674502814,0.4527130519346844,0.984375,0.9975737929344177,0.0009842519648373127,1.0837910175323486,0.05941972881555557
45,1.4413868555154175,0.890625,0.9143457993080741,0.640643660301006,0.0,0.09375,0.0,57,0.05699815546908829,0.5322702527046204,0.7850000000000001,1.0,63,0.984375,52,0.8253968253968254,0.9014967680530369,38.99015873015873,30.33260985490245,-0.5429604980120667,0.5189121004951014,2.8253968253968256,1.7865430175735246,-0.5056313104126091,0.5584855247771623,3.0107042857142883,1.7188920115158683,0.3310432723172964,0.8215204185105281,283.60753968253977,109.19366575672464,-0.4045272922498964,0.7249749554927535,0.984375,0.9977659583091736,0.002961082849651575,1.1334558725357056,0.06328170746564865
46,1.5955768960998533,0.96875,0.9090756125027134,0.6584052934295511,0.0,0.015625,0.0,62,0.053147495909266845,0.511997640132904,0.798,1.0,63,0.984375,54,0.8571428571428571,0.8932975441601793,40.790158730158744,33.24441342217258,-0.5121671773792815,0.5687254898654547,2.873015873015873,1.7592572701584013,-0.49074527154463216,0.5499558141493324,2.8049280952380973,1.8990927568190883,0.2326954174276689,0.9076448467501225,270.3383015873016,79.18188516213597,-0.4926264070735564,0.5257162425441935,0.984375,0.9993466734886169,0.0004582951369229704,1.0446386337280273,0.0482056625187397
47,1.5666103585361921,0.953125,0.8811829725249869,0.6706132091431043,0.0,0.046875,0.0,61,0.03111321112269292,0.44974565505981445,0.8109999999999999,1.0,64,1.0,51,0.796875,0.8898323181521653,43.824375,31.89909353507361,-0.46025962489792904,0.5457105639559544,3.046875,1.849237068191907,-0.43639572338602844,0.5780841123373817,2.8395546875000015,1.379513038854166,0.2492447133555186,0.6593189807315262,283.3750625,76.79670996022455,-0.40607078961209997,0.509880229769417,1.0,0.9982441663742065,0.003137606428936124,1.0648608207702637,0.049576520919799805
48,1.6335976758205326,0.984375,0.9041990230953882,0.6680043411336672,0.0,0.015625,0.0,63,0.03777694184603715,0.5951647162437439,0.8240000000000001,1.0,64,1.0,56,0.875,0.8922339788046983,42.0271875,29.73051917163311,-0.49100483096722536,0.5086118941284762,3.046875,1.6146757366031732,-0.43639572338602844,0.5047586412593404,3.245180625000002,1.72390414055647,0.4431079622979897,0.8239158955500849,295.228609375,75.7539833929167,-0.3273709441716132,0.5029572032230849,1.0,1.0000121593475342,0.006345177534967661,1.0230478048324585,0.046485185623168945
49,1.608251154055329,0.984375,0.8614109182168567,0.6339319594520941,0.0,0.015625,0.0,63,0.03956722138399489,0.5760775208473206,0.837,1.0,64,1.0,54,0.84375,0.892284458316821,53.976093750000004,36.45993385798596,-0.28659010798537105,0.6237346852994956,3.828125,2.23295409365598,-0.19217164820828,0.698036669999999,2.877946875000002,1.5777846100762185,0.26759372291006317,0.75408010771206,315.7521875000001,101.78761444007989,-0.19110772748582608,0.6758035893109114,1.0,0.9968841671943665,0.017723513767123222,1.0230478048324585,0.04757493734359741
50,1.5774882484066324,0.96875,0.877669095993042,0.650708973886432,0.0,0.03125,0.0,62,0.038464492740771294,0.5652438998222351,0.8500000000000001,1.0,64,1.0,55,0.859375,0.8965031311204837,51.52140625,33.16775391227089,-0.32858342978580957,0.5674140449388131,3.40625,1.8684782411095935,-0.32405264880426415,0.5840990341436628,2.508421875000001,1.557883109023544,0.09098441260069297,0.7445684633712603,295.223546875,106.82677414831602,-0.32740455588055944,0.7092603338929512,1.0,0.9974456429481506,0.028735632076859474,1.0446386337280273,0.048720959573984146
51,1.6431413399316006,0.984375,0.8648775882191129,0.6822648684744633,0.0,0.015625,0.0,63,0.04363071534803743,0.5375925302505493,0.863,1.0,64,1.0,53,0.828125,0.8895747150138764,42.8721875,25.583723369846773,-0.4765490776701679,0.43767099817120225,3.0625,1.5995604865087159,-0.4315112418824735,0.5000335110508295,2.6394339062500007,1.3097026216994099,0.15359978228147786,0.625954067326179,276.344375,82.41939675023039,-0.4527499840696966,0.5472112148323774,1.0,0.998727560043335,0.00621945783495903,1.0230478048324585,0.05551275983452797
52,1.561355150445491,0.953125,0.8523904893730507,0.6692872977988634,0.0,0.046875,0.0,61,0.03264925131135214,0.5230281352996826,0.8760000000000001,1.0,64,1.0,55,0.859375,0.9004172129947029,46.72203125,34.967096193228905,-0.4106882593480162,0.5981961137086279,3.03125,1.767490717797409,-0.4412802048895834,0.5525296460023386,2.5398548437500015,1.5834903118842345,0.10600736079611556,0.7568070681643829,274.14598437500007,79.66269712444083,-0.4673458686795771,0.5289085214053955,1.0,0.9975464940071106,0.008547008968889713,1.0648608207702637,0.05994206294417381
53,1.5944424742524463,0.921875,0.8944153452323655,0.7135928134466142,0.0,0.078125,0.0,59,0.0331871959025189,0.4955984055995941,0.889,1.0,64,1.0,51,0.796875,0.8939403942929277,33.74046875,24.94766681410856,-0.6327690462241479,0.42678972402596244,2.34375,1.4276154725625525,-0.656197391046002,0.44628232767492315,2.958573125000002,1.4535424842484785,0.3061279124921775,0.6947003197307134,262.33726562500004,77.9687080745864,-0.5457480845121424,0.5176615353507323,1.0,0.9984182715415955,0.006430868059396744,1.1014961004257202,0.058995168656110764
54,1.6552291592283548,0.96875,0.894700842278619,0.6521655094199329,0.0,0.03125,0.0,62,0.029890273382714116,0.45037034153938293,0.9020000000000001,1.0,64,1.0,47,0.734375,0.8933229786921292,36.27140625,26.186896643836224,-0.589471285146904,0.44798972485069327,2.46875,1.357487914310842,-0.6171215390175623,0.4243599749600461,2.991298125000002,1.8903381329142193,0.3217683689697478,0.9034606965847566,272.582921875,78.00057622850153,-0.47772358755655464,0.5178731191757294,1.0,0.9985024929046631,0.00046490004751831293,1.0446385145187378,0.05835097283124924
55,1.6129779341785093,0.921875,0.896101097434254,0.7136348129776555,0.0,0.0625,0.0,59,0.0343360865592743,0.524273693561554,0.915,1.0,63,0.984375,56,0.8888888888888888,0.8937984082390154,34.09158730158731,23.190500806131894,-0.6267623205912883,0.39672918164337573,2.5555555555555554,1.257078722109418,-0.5899855306644792,0.392971377065982,2.8406311111111133,1.443263009909069,0.24975917497938488,0.6897873886071738,259.22039682539685,75.78456577601013,-0.5664420671127761,0.5031602503656859,0.984375,0.9983953833580017,0.0009905893821269274,1.1014961004257202,0.057429082691669464
56,1.6338411770917773,0.9375,0.90009104013443,0.6909727268648088,0.0,0.0625,0.0,60,0.03430042153212169,0.4903726279735565,0.9280000000000002,1.0,64,1.0,57,0.890625,0.8913437047363242,36.237500000000004,20.70836666663984,-0.5900513329400735,0.3542663191928421,2.75,1.286953767623375,-0.5292008719535729,0.40231051992875233,2.783532343750002,1.8479782922026775,0.22246961697069523,0.8832154026185022,273.75156250000003,71.53477918661208,-0.4699645735219494,0.47494443013334053,1.0,0.999431848526001,0.0058139534667134285,1.0837911367416382,0.053033798933029175
57,1.6603274079544303,0.921875,0.9002040952949201,0.7284219126428595,0.0,0.03125,0.0,59,0.028139840208037382,0.5489379167556763,0.9410000000000001,1.0,61,0.953125,54,0.8852459016393442,0.8826314172756644,32.04393442622951,22.142561070251077,-0.6617923381110309,0.37880165703736796,2.3934426229508197,1.177364221047572,-0.6406631383953518,0.3680520806818733,3.085225245901641,1.5762283103075863,0.366659523943791,0.7533362959841045,266.5922950819672,71.21129615040812,-0.5174974550474459,0.4727967130643201,0.953125,0.9986838102340698,0.0004972650203853846,1.1014959812164307,0.0560278445482254
58,1.659640407059612,0.953125,0.901958267219731,0.6797066250080299,0.0,0.03125,0.0,61,0.02593814998545378,0.4879536032676697,0.954,1.0,63,0.984375,53,0.8412698412698413,0.8947598943808168,36.887619047619026,21.5837746021658,-0.5789294861162884,0.3692422732168061,2.984126984126984,1.4308623606015158,-0.45601118085268566,0.4472973270074307,3.330481746031748,1.3936469085802792,0.4838764411668965,0.6660740662719667,290.60922222222223,84.49234017925235,-0.3580406718731272,0.5609742116122676,0.984375,0.9988183379173279,0.00046104195644147694,1.0648607015609741,0.054566796869039536
59,1.7286704989107322,0.984375,0.9190486215409779,0.6271098671280362,0.0,0.0,0.0,63,0.032331900636810254,0.45716696977615356,0.9670000000000001,1.0,63,0.984375,55,0.873015873015873,0.8825558762256936,38.666666666666664,31.541706177241405,-0.5484946062527736,0.5395965953449372,3.126984126984127,1.5785472876764215,-0.41135306424875456,0.4934646418651101,3.2592315873015902,1.6191966668075441,0.44982342339335935,0.7738724215685295,300.67333333333335,87.2677060567809,-0.29122151662004353,0.5794008368161516,0.984375,0.9990806579589844,0.0012787723680958152,1.023047924041748,0.05854184553027153
60,1.5642458007644808,0.890625,0.878019033293975,0.6566680241778302,0.0,0.09375,0.0,57,0.03103768311894259,0.5017739534378052,0.98,1.0,63,0.984375,48,0.7619047619047619,0.8975337382406519,33.050158730158735,21.47822422473098,-0.6445784561002568,0.36743658065277174,2.4603174603174605,1.3431235429400747,-0.6197576084004331,0.4198695745587208,3.0277434920634927,1.6275288489503306,0.3391869228999418,0.7778546715965644,261.7654285714285,78.11773243458295,-0.5495447108053355,0.5186509602226524,0.984375,0.9986456036567688,0.0014409221475943923,1.133455753326416,0.06608476489782333
61,1.701589957289893,0.96875,0.882137282721458,0.6609556032800982,0.0,0.03125,0.0,62,0.02986935624340742,0.4643922746181488,0.9930000000000001,1.0,64,1.0,56,0.875,0.8968548989143418,38.1790625,26.7183162081014,-0.5568362459450228,0.45708093209122236,2.65625,1.2896068926227093,-0.5585077609749026,0.40313990488784784,2.848636250000002,1.6220055616576787,0.25358511925405464,0.7752148936129483,262.83078125,75.68856331013394,-0.5424714615891019,0.5025228564020027,1.0,0.9991353154182434,0.0024354602210223675,1.0446385145187378,0.061594150960445404
62,1.6936700799204953,0.953125,0.9117584453254449,0.660312241286315,0.0,0.046875,0.0,61,0.028770859784052947,0.4564845860004425,1.006,1.0,64,1.0,56,0.875,0.8985732816337627,33.6396875,18.729011667126052,-0.6344931514158272,0.3204047007783233,2.46875,1.1985505569228192,-0.6171215390175623,0.3746750736873611,2.714230468750001,1.38381384577351,0.18934775418226063,0.6613744913026623,253.410921875,77.0266441449209,-0.6050132041326067,0.5114068432791044,1.0,0.9997854232788086,0.003107198281213641,1.0648607015609741,0.06755421310663223
63,1.6802140588863246,0.9375,0.8981230437755585,0.6770306647879792,0.0,0.0625,0.0,60,0.026714695965158103,0.4953346848487854,1.0190000000000001,1.0,64,1.0,52,0.8125,0.8912140533492479,42.861093749999995,30.726664728964824,-0.47673886289281797,0.5256533549861648,2.84375,1.4707433282187616,-0.499893982932243,0.4597643893223306,2.480817968750001,1.6807765042776552,0.07779151132295262,0.8033036444210008,265.13637500000004,80.19805873712363,-0.5271638179203323,0.5324629744832137,1.0,0.9990478754043579,0.012093023397028446,1.0837910175323486,0.06411188095808029
64,1.7800549946595694,0.984375,0.8787240674571385,0.6901428531356635,0.0,0.015625,0.0,63,0.020731112606862917,0.4779907763004303,1.032,1.0,64,1.0,49,0.765625,0.8800989017968963,34.3259375,23.106275102687878,-0.622753197924578,0.39528829881466826,2.671875,1.2631147946148837,-0.5536232794713477,0.3948582944744341,2.914203906250002,1.5551860513010358,0.2849222643698501,0.7432794423192699,261.43287499999997,60.05421154738548,-0.551752650331631,0.39872092435029305,1.0,0.9976357817649841,0.010442566126585007,1.0230478048324585,0.05209536850452423
65,1.7562148815627108,0.96875,0.9124533466754421,0.6625855885264116,0.0,0.03125,0.0,62,0.020404252533865883,0.46908310055732727,1.0450000000000002,1.0,64,1.0,53,0.828125,0.8885246185459824,41.2775,29.53991267124871,-0.5038300351682757,0.505351112416793,2.859375,1.5699043312810497,-0.49500950142868805,0.49076279478355966,2.806235000000002,1.7768140095960752,0.2333200342970011,0.8492034281382556,269.403578125,78.82648254707235,-0.49883236321381347,0.5233566002219748,1.0,0.9990434050559998,0.0009741841349750757,1.0446385145187378,0.05586551874876022
66,1.7151324109324935,0.953125,0.8959377943003763,0.6798317622226755,0.0,0.046875,0.0,61,0.025099753450584204,0.42132967710494995,1.058,1.0,64,1.0,54,0.84375,0.8884257863535688,32.365468750000005,25.354632461944178,-0.6562917217075251,0.43375184829281316,2.5,1.3693063937629153,-0.6073525760104523,0.4280545121942091,2.9068168750000014,1.6119250132798095,0.2813917360042555,0.7703970363730979,263.76481250000006,73.73623217397842,-0.5362701012885301,0.489560646838539,1.0,0.9974879026412964,0.0038610037881881,1.0648608207702637,0.06142791360616684
67,1.7855131147624232,0.953125,0.9152705405579239,0.7078326422771607,0.0,0.046875,0.0,61,0.03308071111682155,0.4416484832763672,1.0710000000000002,1.0,64,1.0,54,0.84375,0.8883712630246782,35.55265625,21.022501132877505,-0.6017672291495785,0.3596403432709894,2.5,1.4142135623730951,-0.6073525760104523,0.4420927991992297,3.103800781250002,1.6123432138198608,0.3755374415041762,0.7705969094776225,266.10025,73.02984287283697,-0.5207643145207267,0.4848706810918396,1.0,0.9995517730712891,0.005306319333612919,1.0648608207702637,0.05994138866662979
68,1.769154149802357,0.96875,0.9172568725001428,0.6539777375345815,0.0,0.03125,0.0,62,0.027143962858804133,0.4806840419769287,1.084,1.0,64,1.0,52,0.8125,0.8910145461943267,42.484375,27.450069095712216,-0.4831835413690023,0.4695993216979813,2.8125,1.6665364532466729,-0.509662945939353,0.5209706547765424,2.750486406250001,1.7275787652768624,0.20667577289951825,0.825672131088991,268.42789062500003,81.49934185511053,-0.5053102939342936,0.5411026484423959,1.0,0.9995813369750977,0.001970443408936262,1.0446385145187378,0.07228188961744308
69,1.789839782888944,0.96875,0.9033993545078463,0.6922076109756905,0.0,0.03125,0.0,62,0.034982631577521406,0.4417709708213806,1.097,1.0,64,1.0,52,0.8125,0.893609472224711,39.5571875,29.524862429228083,-0.5332601098355468,0.5050936419011584,2.609375,1.4855258696417912,-0.5731612054855676,0.4643855125323353,2.7831454687500017,1.4611120233168415,0.22228471547032047,0.6983180751578791,265.9921875,75.09119189585321,-0.5214817792709484,0.49855669855319773,1.0,0.9985381364822388,0.00048614488332532346,1.0446386337280273,0.06664329022169113
70,1.7277437511836136,0.9375,0.8813252081473668,0.6877444454566451,0.0,0.0625,0.0,60,0.04332331837313275,0.4717727303504944,1.1099999999999999,1.0,64,1.0,53,0.828125,0.8896495452953264,38.17,28.52023897603244,-0.5569912817607087,0.4879071462847867,2.484375,1.658238782375747,-0.6122370575140074,0.5183767463034784,2.7752935937500016,1.525182363935712,0.21853202152976056,0.7289395991900424,259.834234375,74.62381206314576,-0.562366584829813,0.4954536003005005,1.0,0.9980828166007996,0.007936508394777775,1.0837910175323486,0.06664332002401352
71,1.7846635354938603,0.953125,0.9279962494725087,0.6387276245151619,0.0,0.046875,0.0,61,0.032305662302250814,0.47686123847961426,1.123,1.0,64,1.0,49,0.765625,0.9030091150196785,43.5096875,34.29812180393183,-0.4656431099460566,0.586751701005991,2.9375,2.1857135562557137,-0.47058709391091325,0.6832689560064248,2.9802887500000015,1.5493341929927729,0.3165065920245146,0.7404826284099255,291.07837500000005,95.65251650938482,-0.3549258024177272,0.6350705273844194,1.0,0.9996740221977234,0.0025784270837903023,1.0648607015609741,0.0627867579460144
72,1.8123884634690293,0.953125,0.9293786599987843,0.681576118324475,0.0,0.03125,0.0,61,0.022116594934767447,0.4628883898258209,1.136,1.0,63,0.984375,48,0.7619047619047619,0.8763809360685056,37.00365079365079,23.343127080787635,-0.5769444845834338,0.39934022042807665,2.2698412698412698,1.274989563684013,-0.6793017638723414,0.3985704282265716,3.36683158730159,1.5097498019799303,0.5012493398788154,0.7215638218452964,282.04900000000004,72.12007685753333,-0.4148749825591518,0.4788304261751944,0.984375,0.9987875819206238,0.0,1.0648607015609741,0.05712346360087395
73,1.8166146649717558,0.984375,0.9162522393559652,0.6379601239852811,0.0,0.015625,0.0,63,0.03741848594899016,0.4437083303928375,1.149,1.0,64,1.0,52,0.8125,0.8904861457619099,49.45765625,37.935533752266295,-0.36388882726131505,0.64897836344965,3.171875,2.4274130230298674,-0.39731987135758867,0.7588258567985817,3.055770937500002,1.6829177525011434,0.35258224881368344,0.8043270240893626,306.9473437500001,95.296351832917,-0.249566166091582,0.6327058254698813,1.0,0.9984521865844727,0.0012684989487752318,1.0230478048324585,0.05642913281917572
74,1.8830588687161713,1.0,0.9142680685035884,0.6771874072641604,0.0,0.0,0.0,64,0.04180020050238682,0.4075304865837097,1.162,1.0,64,1.0,52,0.8125,0.9008671719691351,45.862812500000004,25.026665246089895,-0.4253872584938221,0.4281411818290116,2.78125,1.3284007066770176,-0.519431908946463,0.4152671155886875,2.6875420312500014,1.4289550029033247,0.17659238840157004,0.6829490765871856,272.86921875,59.40669623779507,-0.4758227624237739,0.3944218436344112,1.0,1.0004578828811646,0.007032348774373531,0.9999999403953552,0.06806859374046326
75,1.7743023800292517,0.953125,0.8712357693031186,0.6824285081174342,0.0,0.046875,0.0,61,0.042226651586104696,0.44695231318473816,1.175,1.0,64,1.0,53,0.828125,0.8960885193640352,46.3178125,26.051834056642612,-0.41760339133386815,0.44567915509905637,2.90625,1.6929887588226922,-0.4803560569180232,0.5292398258045391,2.5524334375000013,1.4975096049141263,0.11201912391592943,0.7157137906922151,275.00479687500007,73.6480133899542,-0.46164391198044713,0.4889749314623003,1.0,0.9992566704750061,0.001790510257706046,1.0648607015609741,0.06471724808216095
76,1.7651891492460703,0.921875,0.901355616622052,0.6829243521965697,0.0,0.0625,0.0,59,0.049908157798864664,0.519038200378418,1.1880000000000002,1.0,63,0.984375,52,0.8253968253968254,0.8985310114458682,41.37428571428572,31.43157171826239,-0.5021742832056796,0.5377124810626821,2.9206349206349205,1.9132087839135699,-0.47585923267665514,0.5980821067177425,2.6959136507936523,1.6132016480301872,0.180593486984282,0.7710071861133893,272.0339047619048,85.07666577852554,-0.48136870427987927,0.5648537537303072,0.984375,0.9975674748420715,0.002268602605909109,1.1014959812164307,0.06567569822072983
77,1.762779726271022,0.921875,0.9018815134541464,0.6905564977823997,0.0,0.078125,0.0,59,0.03338152440364644,0.4173254668712616,1.201,1.0,64,1.0,51,0.796875,0.9001740137188854,43.33046875,28.033753061582274,-0.46870907685281044,0.4795846369808992,2.75,1.5,-0.5292008719535729,0.468910224341277,2.4736590625000012,1.4604632824849189,0.0743700121134758,0.6980080185422364,265.3496875,86.62600490810975,-0.5257475615915259,0.5751403583490766,1.0,0.9980564713478088,0.010536398738622665,1.1014961004257202,0.06379162520170212
78,1.8814260557776965,0.96875,0.9112211436994614,0.6926229689849962,0.0,0.03125,0.0,62,0.031927706005538306,0.46731165051460266,1.214,1.0,64,1.0,52,0.8125,0.8956056349291861,40.567343750000006,23.098989577616507,-0.5159789624491791,0.39516366242050105,2.71875,1.316585902058806,-0.5389698349606828,0.4115737271326382,2.6515856250000014,1.601403427794739,0.15940752645984482,0.765368391610553,269.907984375,76.46441082243187,-0.4954834336206013,0.5076739795170604,1.0,0.9995966553688049,0.006957328412681818,1.0446386337280273,0.06477008759975433
79,1.8210714034767688,0.953125,0.8844760245964175,0.676629898312339,0.0,0.046875,0.0,61,0.04076501026457337,0.35193315148353577,1.227,1.0,64,1.0,52,0.8125,0.893106540044967,37.37859375,26.210143424540068,-0.5705301853201753,0.44838741683507854,2.5,1.403121520040228,-0.6073525760104523,0.4386253511600913,3.0067273437500015,1.5094087211070055,0.3291425484760054,0.7214008070080677,275.6228437500001,81.38881665580254,-0.45754048251326696,0.5403688329697324,1.0,0.9995392560958862,0.0018788164015859365,1.0648608207702637,0.06425587087869644
80,1.8264494727028324,0.9375,0.8655491371949514,0.6974522669663836,0.0,0.046875,0.0,60,0.03444189379141254,0.4618353843688965,1.24,1.0,63,0.984375,47,0.746031746031746,0.8860032386868244,43.261587301587305,28.10215928021604,-0.46988745936760085,0.48075488954960244,2.888888888888889,1.6145283955493857,-0.4857832585886398,0.5047125814416163,3.056225714285716,1.5569028226106683,0.352799603023736,0.7440999491779482,288.3194920634921,82.0026602826064,-0.3732429916085426,0.5444443556013574,0.984375,0.9999246597290039,0.009756097570061684,1.0837910175323486,0.07114889472723007
81,1.9471144497655577,0.984375,0.9248610110509963,0.6786310059350952,0.0,0.0,0.0,63,0.04068798439435543,0.4201999604701996,1.2530000000000001,1.0,63,0.984375,52,0.8253968253968254,0.8884563300524402,40.545396825396836,24.46929153075611,-0.5163544172748508,0.4186059665353673,2.6984126984126986,1.3408706083773256,-0.545327414060548,0.4191652918578909,3.1850603174603194,1.4969877544408758,0.41437430138148734,0.7154643795504374,285.58046031746045,67.664414754653,-0.3914283817995503,0.4492477263698489,0.984375,0.9978917241096497,0.010313901118934155,1.0230478048324585,0.06556401401758194
82,1.8211418638640842,0.90625,0.9166541993618011,0.7190894572269745,0.0,0.09375,0.0,58,0.03616639672620378,0.3992525637149811,1.266,1.0,64,1.0,50,0.78125,0.8927856625601083,35.984375,25.29660753410178,-0.5943816436540589,0.43275919262184365,2.515625,1.4894649574175955,-0.6024680945068974,0.46561689822077024,2.7210506250000015,1.5036955818477233,0.19260735256265354,0.718670291929837,257.421375,73.15056432892797,-0.57838640251684,0.4856721930811118,1.0,0.9982733130455017,0.0018467220943421125,1.118033766746521,0.06431218236684799
83,1.8671093070383016,0.953125,0.9064016459418125,0.64664984820222,0.0,0.03125,0.0,61,0.03508983808553036,0.38381773233413696,1.279,1.0,63,0.984375,56,0.8888888888888888,0.8942830466517113,37.17222222222221,28.76211509786786,-0.5740606656670304,0.4920450179365048,2.4444444444444446,1.5407458282374287,-0.6247196213564256,0.4816476479811329,2.93867523809524,1.6245628210191339,0.29661799548287143,0.7764370999917014,265.622126984127,75.98930835770447,-0.523938740525664,0.5045196080081157,0.984375,0.9996986985206604,0.0004847309610340744,1.0648607015609741,0.06419463455677032
84,1.958307983957786,0.953125,0.9291975478656956,0.6968158186493973,0.0,0.046875,0.0,61,0.034792821632515805,0.4145515561103821,1.292,1.0,64,1.0,55,0.859375,0.8805417444182311,32.98953125,20.877642754098783,-0.6456156346756378,0.35716219299094576,2.296875,1.1683279652456326,-0.6708508355566669,0.36522728552501155,3.013010156250002,1.6666269548153745,0.33214533091948856,0.7965410649697546,264.431734375,65.10266053228986,-0.5318421735942402,0.4322393436905934,1.0,0.9987887144088745,0.004962779115885496,1.0648608207702637,0.061074502766132355
85,1.9313805124518928,0.984375,0.9027319900573246,0.6648241886601999,0.0,0.015625,0.0,63,0.034776833854717554,0.3586966395378113,1.305,1.0,64,1.0,59,0.921875,0.8957013789382103,34.0403125,23.487777936670465,-0.6276394991499886,0.4018148205308582,2.46875,1.4358006259575178,-0.6171215390175623,0.4488410624180571,3.133356250000002,1.5604082724117245,0.3896630648092506,0.7457753299280697,268.957375,71.69521347593144,-0.501794861893987,0.47600960951854354,1.0,0.9970284104347229,0.011020603589713573,1.0230478048324585,0.06337497383356094
86,1.9806276374914913,0.96875,0.9383067507897654,0.6714770789636215,0.0,0.015625,0.0,62,0.035052801520281486,0.473550021648407,1.318,1.0,63,0.984375,55,0.873015873015873,0.895965683455048,32.52079365079365,24.833466429914168,-0.6536345164450839,0.4248360523332485,2.1904761904761907,1.4891900734392276,-0.7041118286523032,0.4655309676154607,3.661269365079367,1.5755598871500978,0.6419717615346079,0.7530168324759823,284.9118730158731,78.05284351337603,-0.39586736684371227,0.5182201399691336,0.984375,1.0005916357040405,0.006089603994041681,1.0446385145187378,0.0582527220249176
87,2.0387860450404762,1.0,0.9216481917537749,0.6736691482771253,0.0,0.0,0.0,64,0.024824451881850645,0.4247170090675354,1.331,1.0,64,1.0,56,0.875,0.8750746964281135,29.8946875,19.351807325863486,-0.6985603657323712,0.33105911544955013,2.0625,1.0439558180306292,-0.7441180581099914,0.32634770455674916,3.8470409375000028,1.4429786413339603,0.7307586887527815,0.6896514786202348,284.020984375,67.26229074314514,-0.40178228826603096,0.4465778843481058,1.0,0.9987339973449707,0.011957484297454357,0.9999999403953552,0.052126165479421616
88,1.9564646918942485,0.953125,0.9358741040112543,0.6810346725078475,0.0,0.015625,0.0,61,0.030945346642432384,0.4402295649051666,1.344,1.0,62,0.96875,51,0.8225806451612904,0.9011239357670507,28.35,24.2023410624515,-0.7249859532129018,0.4140391380000473,2.1451612903225805,1.354166499906604,-0.7182775753169911,0.42332167817776506,3.555177741935486,1.5485560675095733,0.5912667526907072,0.7401107342081205,275.55388709677425,77.04471089738382,-0.4579983098630209,0.5115267947705388,0.96875,0.9983430504798889,0.018061673268675804,1.0648608207702637,0.06255152821540833
89,1.9587186182564376,0.96875,0.9093894549915867,0.6845550166815326,0.0,0.03125,0.0,62,0.021880142899679884,0.38795149326324463,1.357,1.0,64,1.0,56,0.875,0.893648251646175,31.944218750000005,23.340241724640478,-0.6634982141056144,0.39929085948531046,2.296875,1.3071879108892492,-0.6708508355566669,0.4086358510341887,3.391059843750002,1.4172971017226919,0.5128288965024609,0.6773773456158945,264.531859375,67.52419108684941,-0.5311774086839712,0.44831673237289466,1.0,0.9978599548339844,0.001956947147846222,1.0446386337280273,0.0614687018096447
90,1.9864826264341993,0.96875,0.9278727741010727,0.6660769275392752,0.0,0.03125,0.0,62,0.02602066765010993,0.37731748819351196,1.37,1.0,64,1.0,51,0.796875,0.9024311174551538,28.461406250000003,24.89946045268774,-0.7230800818924873,0.42596503850164513,2.171875,1.2444211442976207,-0.7099266875851067,0.389014531965084,3.478610625000002,1.437458547215228,0.5546725690377671,0.6870132267694747,267.13576562500003,73.76211171515801,-0.5138891639435953,0.48973247016807764,1.0,0.998553454875946,0.0,1.0446385145187378,0.06000792607665062
91,1.8834581336565328,0.953125,0.8879386101101265,0.6603816779844593,0.0,0.046875,0.0,61,0.024924764419135558,0.39554131031036377,1.383,1.0,64,1.0,57,0.890625,0.9078238383316752,35.7,23.452379876571165,-0.5992465606290301,0.4012092517450713,2.65625,1.4276154725625525,-0.5585077609749026,0.44628232767492315,2.8389926562500016,1.572191334996559,0.24897609837294696,0.7514068800435958,265.04929687500004,71.44586334807983,-0.5277419600621752,0.4743540867683129,1.0,0.9988785982131958,0.004358353558927774,1.0648607015609741,0.06764663755893707
92,1.9173498468297008,0.9375,0.8992478266358376,0.6814387645101169,0.0,0.046875,0.0,60,0.026820968527500027,0.3912050127983093,1.3960000000000001,1.0,63,0.984375,54,0.8571428571428571,0.9029491862928526,34.299365079365074,26.090143846787853,-0.6232077829626893,0.4463345360164548,2.492063492063492,1.6984868697644995,-0.6098335824884485,0.5309585727613232,2.934586190476192,1.5342046883588636,0.2946636923103602,0.7332516930774929,255.22846031746025,72.29667643919181,-0.5929459304286114,0.48000293259271987,0.984375,0.9962738752365112,0.0030596633441746235,1.0837910175323486,0.06099124625325203
93,2.0426852347657323,0.96875,0.936420060934559,0.6888672913678062,0.0,0.03125,0.0,62,0.019120257122332097,0.3746914267539978,1.409,1.0,64,1.0,55,0.859375,0.8923402028186319,29.4265625,21.344799148354472,-0.7065687675219393,0.36515402445426304,2.46875,1.249609313945763,-0.6171215390175623,0.390636389160838,3.4343842187500018,1.336441671863439,0.5335351761542692,0.6387336227224224,274.1016406250001,72.48298155566577,-0.46764028235238353,0.4812398774520005,1.0,0.9990150928497314,0.0,1.0446385145187378,0.05655839294195175
94,1.9208987009379426,0.9375,0.8865888992945353,0.6678827240465051,0.0,0.0625,0.0,60,0.03579493232481494,0.448003888130188,1.422,1.0,64,1.0,53,0.828125,0.8941866610296354,35.04390624999999,25.696217840447083,-0.6104706190784281,0.43959548611709715,2.546875,1.3798741733850228,-0.5926991314997875,0.43135807213647015,3.201929218750002,1.7610504543048187,0.42243655704063804,0.8416694571538501,271.71625000000006,75.89694447427547,-0.48347772539642486,0.5039063718664949,1.0,0.9985340237617493,0.0018876828253269196,1.0837911367416382,0.06367257237434387
95,2.0712308559183814,0.984375,0.9242974718411764,0.6775409072656853,0.0,0.015625,0.0,63,0.031378900422565206,0.39461860060691833,1.4349999999999998,1.0,64,1.0,54,0.84375,0.8902004834004007,31.014375,19.384163226313767,-0.6794054234012483,0.33161264079228786,2.53125,1.402773480466465,-0.5975836130033424,0.4385165516170161,3.261802343750002,1.647214349591212,0.45105208051622625,0.787263081558761,277.790703125,72.03124588452913,-0.4431473055554879,0.4782406462621033,1.0,0.9984250068664551,0.0,1.0230478048324585,0.051803868263959885
96,2.076117333864527,0.96875,0.9155489922531189,0.6909417981854619,0.0,0.03125,0.0,62,0.03517655538384239,0.42432576417922974,1.448,1.0,64,1.0,53,0.828125,0.8872137187220591,35.5434375,24.83636674684109,-0.6019249379965692,0.42488566921606374,2.53125,1.2986621721987592,-0.5975836130033424,0.40597064700616686,3.1966903125000017,1.3614968639423692,0.4199326950026488,0.6507084016757507,275.66673437500003,70.30936799874236,-0.4572490772958912,0.4668084964669551,1.0,0.9994675517082214,0.003208066103979945,1.0446385145187378,0.05711184814572334
97,2.040863469792906,0.96875,0.9137455667218854,0.6849609684059269,0.0,0.03125,0.0,62,0.03954306730103725,0.3646688461303711,1.4609999999999999,1.0,64,1.0,59,0.921875,0.9024575228668494,29.705937499999997,19.03745171684209,-0.7017893875487259,0.3256813081932666,2.34375,1.2527313908017152,-0.656197391046002,0.39161237166679486,3.4797234375000023,1.4941601019105395,0.5552044222226089,0.7141129425348708,273.1768125,75.70676003932775,-0.47378053988576607,0.5026436708544342,1.0,0.9988830089569092,0.0023266635835170746,1.0446386337280273,0.06024176999926567
98,2.0656432710415924,0.96875,0.9338957056883843,0.6602846188202294,0.0,0.03125,0.0,62,0.034097922516005845,0.3509061932563782,1.474,1.0,64,1.0,60,0.9375,0.8941478439830901,31.1103125,23.169320701681,-0.6777641821800219,0.3963668451170467,2.46875,1.489219069680482,-0.6171215390175623,0.4655400320381217,3.469872187500002,1.4060055904121502,0.5504961549384325,0.6719807255633805,285.5018125,82.46593915631837,-0.3919505521797444,0.5475202261522953,1.0,0.9976674914360046,0.0013404826167970896,1.0446385145187378,0.055146921426057816
99,2.0288904033754855,0.953125,0.9189955147563434,0.6817961054995889,0.0,0.046875,0.0,61,0.03784449380395449,0.38302165269851685,1.4869999999999999,1.0,64,1.0,53,0.828125,0.8945480981815924,37.523125,23.092150240598535,-0.5680576313631157,0.39504665914399545,2.71875,1.230710541719701,-0.5389698349606828,0.3847285041446397,3.2359010937500017,1.7171807279203308,0.438672940001645,0.8207025344281207,282.65120312500005,74.71309415548839,-0.41087674529219204,0.496046375352733,1.0,0.9966297149658203,0.01369237806648016,1.0648608207702637,0.054910462349653244
100,2.0217418986175755,0.9375,0.9339106490214666,0.6515843286113616,0.0,0.03125,0.0,60,0.04939595350761911,0.39256805181503296,1.5,1.0,62,0.96875,50,0.8064516129032258,0.8964057362086073,40.81209677419355,25.793591360664717,-0.5117918744770483,0.44126129391109964,2.725806451612903,1.5257928117783575,-0.5367639400881097,0.476973233112865,3.0194553225806464,1.4927715857388957,0.3352257081077284,0.7134493206326249,284.4529838709677,76.42227857036745,-0.39891409244906983,0.5073942487528853,0.96875,0.9983685612678528,0.0016956337494775653,1.0837910175323486,0.052274856716394424
101,1.9657903270602433,0.953125,0.8743219658976695,0.6416554708414329,0.0,0.046875,0.0,61,0.042596300097144865,0.43939825892448425,1.5,1.0,64,1.0,53,0.828125,0.9032086058908567,45.80015625,33.8519754543673,-0.4264591440470988,0.5791192967886093,3.015625,1.980310798681611,-0.4461646863931384,0.6190586539168318,2.628417500000001,1.5928720836432548,0.14833464484855655,0.7612909548833884,273.78684375000006,87.46040517432358,-0.46973032895775024,0.5806802336858863,1.0,0.9988669753074646,0.0004336513520684093,1.0648607015609741,0.057102035731077194
102,1.941939717330842,0.921875,0.9111955165863037,0.6423796043744696,0.0,0.0625,0.0,59,0.05157795113664855,0.3646397888660431,1.5,1.0,63,0.984375,55,0.873015873015873,0.9023636934167459,40.53777777777777,25.32660439734912,-0.5164847593727676,0.4332723609707064,2.873015873015873,1.4959422734391636,-0.49074527154463216,0.4676417513599721,2.948562857142859,1.5346668574153104,0.3013436448451656,0.7334725803200487,282.3971587301589,83.96086018888415,-0.4125634349235622,0.557445529983235,0.984375,0.9981541633605957,0.006914434023201466,1.1014961004257202,0.06416499614715576
103,2.116696387909652,0.984375,0.928249275400525,0.6684259047286212,0.0,0.015625,0.0,63,0.044605544513379634,0.41549983620643616,1.5,1.0,64,1.0,54,0.84375,0.8930839616713028,39.36640625,26.349021350848325,-0.5365238810588655,0.45076325712042653,2.703125,1.2459896606212268,-0.5438543164642378,0.3895048608592074,3.0950235937500015,1.504100420517577,0.37134250738380237,0.7188637789152085,289.925015625,71.3751981149817,-0.3625833588864394,0.47388491555892853,1.0,0.9995795488357544,0.0021843600552529097,1.023047685623169,0.06105136126279831
104,1.946544893707728,0.9375,0.8883886476357777,0.637173501816567,0.0,0.046875,0.0,60,0.04732093297671789,0.46230924129486084,1.5,1.0,63,0.984375,51,0.8095238095238095,0.9023574588700263,37.03730158730159,27.335944312365132,-0.5763688069843024,0.4676469433392291,2.8412698412698414,1.7566775025088157,-0.5006692974566168,0.5491493611977887,2.6222466666666677,1.726579994195334,0.14538538128307626,0.8251947824065861,263.49158730158734,69.02771815741964,-0.5380841389864683,0.45829917470153014,0.984375,0.998209536075592,0.0009203865774907172,1.0837911367416382,0.06418238580226898
105,2.0762381897975954,0.96875,0.9264278046546444,0.6572331454246187,0.0,0.03125,0.0,62,0.022314746952039843,0.34822526574134827,1.5,1.0,64,1.0,52,0.8125,0.888448073376809,38.58421875,24.6781756318138,-0.5499050757713413,0.42217943047923423,2.640625,1.24206465587545,-0.5633922424784576,0.3882778776219522,2.920981093750002,1.6801079247868635,0.2881613264365906,0.8029841061955607,279.507828125,83.86383451009195,-0.4317467118321855,0.5568013425509645,1.0,0.9983754754066467,0.0038626608438789845,1.0446386337280273,0.06296146661043167
106,2.1102255412722046,0.984375,0.9241689164487142,0.643226271281098,0.0,0.015625,0.0,63,0.02564405560516715,0.36282941699028015,1.5,1.0,64,1.0,50,0.78125,0.8837033979813478,34.5915625,25.41453663867578,-0.6182090447061982,0.4347766530268905,2.609375,1.398852068438618,-0.5731612054855676,0.4372906914878745,3.047445312500002,1.408299412349841,0.3486031326804193,0.673077025706505,275.14975000000004,76.30485524525953,-0.46068151746225666,0.5066146342092762,1.0,0.9982794523239136,0.005933363921940327,1.0230478048324585,0.0658462643623352
107,2.0899991784383998,0.96875,0.9080297745043232,0.6823085211707105,0.0,0.03125,0.0,62,0.03709277005369108,0.3965194821357727,1.5,1.0,64,1.0,53,0.828125,0.8893223805140997,32.93000000000001,24.015092259868585,-0.6466340596028157,0.41083579776891355,2.390625,1.2452056494310488,-0.6415439465353372,0.3892597736171591,2.741972500000001,1.268847062309423,0.20260667037370494,0.6064277235979628,250.21968750000002,62.11342544965498,-0.6262009258099521,0.41239276599790214,1.0,0.9979487657546997,0.010452961549162865,1.0446385145187378,0.0699864998459816
108,2.014595178650362,0.953125,0.9019083991402486,0.6694522061425393,0.0,0.03125,0.0,61,0.0377032490171299,0.3234720528125763,1.5,1.0,63,0.984375,52,0.8253968253968254,0.891836110339738,35.385396825396825,21.77746795559152,-0.6046286030888344,0.3725558629592936,2.6507936507936507,1.3704214408983733,-0.5602134529285251,0.4284030835291682,2.99496523809524,1.4853913399033496,0.3235210144323727,0.7099220352610549,280.56585714285717,65.13871458563246,-0.42472208696209496,0.43247871916659963,0.984375,0.999057412147522,0.0004666355671361089,1.0648607015609741,0.06086587905883789
109,2.005636654880958,0.9375,0.9270121216773987,0.6581611024339608,0.0,0.0625,0.0,60,0.028888702926670364,0.29957205057144165,1.5,1.0,64,1.0,52,0.8125,0.9015220963058923,31.551093750000003,22.621209220910604,-0.6702235608688163,0.38699008257822815,2.515625,1.274659114969567,-0.6024680945068974,0.39846712770602216,3.185376718750002,1.7683013327706063,0.4145255209567578,0.845134913198718,286.297,85.83586474378009,-0.3866710241189751,0.5698943413159627,1.0,0.9986703395843506,0.003574620233848691,1.0837911367416382,0.06862945109605789
110,2.010128465676857,0.921875,0.9267649751598552,0.6815799206720774,0.0,0.078125,0.0,59,0.043154473048836794,0.4928509593009949,1.5,1.0,64,1.0,49,0.765625,0.8949215441017424,39.7871875,27.815280786194553,-0.529325407754691,0.475847144300128,2.828125,1.6061861611827566,-0.504778464435798,0.5021047421160406,2.6520839062500015,1.5275129089180581,0.159645673020707,0.730053450599222,266.4237031250001,89.43950438873472,-0.5186167960426553,0.593820165887449,1.0,0.9985755085945129,0.0004589261079672724,1.1014959812164307,0.06416063010692596
111,2.157048848217587,1.0,0.9249507179483771,0.6486757451631971,0.0,0.0,0.0,64,0.045182644797336316,0.41869282722473145,1.5,1.0,64,1.0,55,0.859375,0.8866152164629817,35.0890625,28.257729513287046,-0.6096981130313035,0.48341629180953166,2.40625,1.486593736533287,-0.6366594650317822,0.4647193350014406,2.8684367187500017,1.6107483421641475,0.2630484766175339,0.7698346628552086,267.076265625,73.43434970503466,-0.5142842052635554,0.48755634349392796,1.0,1.0011210441589355,0.0004621072148438543,0.9999998807907104,0.060261018574237823
112,2.1063730358119974,0.96875,0.9318419194990589,0.695560274709606,0.0,0.03125,0.0,62,0.030671840870970066,0.40012505650520325,1.5,1.0,64,1.0,53,0.828125,0.8889702409079634,34.551249999999996,25.685998830831945,-0.6188986867828701,0.4394206654284146,2.421875,1.3670758883013774,-0.6317749835282273,0.42735724098329964,3.217312187500002,1.5433534031153464,0.42978863200565554,0.7376241934586839,277.6158125,80.60373594375048,-0.4443084656117676,0.535156407410669,1.0,0.998188316822052,0.0,1.0446385145187378,0.05904402583837509
113,2.127191595681672,1.0,0.9056101301684976,0.6607016230846535,0.0,0.0,0.0,64,0.043025168382012605,0.4149594306945801,1.5,1.0,64,1.0,57,0.890625,0.8929301864680511,34.263125,24.902117121027583,-0.6238277565091594,0.4260104871905361,2.390625,1.3064406260427606,-0.6415439465353372,0.40840224469751285,3.2991707812500017,1.4185287362597585,0.46891180306331703,0.6779659881330301,279.29312500000003,73.08372726655287,-0.4331722010069678,0.48522843843669305,1.0,1.000549554824829,0.0018450184725224972,1.0,0.059515561908483505
114,2.079576827497136,0.96875,0.9076041180279947,0.6861838906500721,0.0,0.03125,0.0,62,0.042836882104991536,0.44463640451431274,1.5,1.0,64,1.0,56,0.875,0.8851124864350199,32.25515625,24.851112776404722,-0.6581788818088052,0.4251379354474045,2.546875,1.2738927483799412,-0.5926991314997875,0.3982275562863761,3.3036648437500022,1.2720483828025586,0.4710596774388323,0.6079577499950183,282.01168750000005,71.38512667366257,-0.41512271330286615,0.4739508347341653,1.0,1.0009641647338867,0.0,1.0446386337280273,0.06913455575704575
115,2.025036222965229,0.953125,0.9011067428061219,0.6458382466162205,0.0,0.046875,0.0,61,0.04546168244123575,0.41827744245529175,1.5,1.0,64,1.0,48,0.75,0.8947157901154981,36.62875,26.424747367524635,-0.5833580625525308,0.4520587324047361,2.5625,1.4882351124738322,-0.5878146499962325,0.46523244030844685,3.042235468750002,1.7446897325544837,0.3461131606582096,0.8338500788046446,274.24707812500003,80.45236377146279,-0.46667467189907796,0.5341513945914126,1.0,1.0004414319992065,0.009680542163550854,1.0648608207702637,0.063824862241745
116,2.1000872462393554,0.96875,0.9388959475101963,0.674616224952053,0.0,0.015625,0.0,62,0.030444577784173497,0.27738234400749207,1.5,1.0,63,0.984375,49,0.7777777777777778,0.8875665477123332,34.105396825396824,25.970675943639083,-0.6265260755388148,0.4442907507681289,2.634920634920635,1.6163999515048846,-0.5651754658845174,0.5052976425902564,3.3610257142857156,1.259973630180996,0.4984745039974072,0.6021867907022765,290.65280952380954,79.5091054100509,-0.3577512805260255,0.5278887722694706,0.984375,0.996319055557251,0.01313485112041235,1.0446383953094482,0.07432635873556137
117,2.12966158431081,0.96875,0.9306376994617523,0.7112483839676018,0.0,0.03125,0.0,62,0.04039117788254736,0.42288726568222046,1.5,1.0,64,1.0,55,0.859375,0.8898345117290647,31.9478125,24.022320965923416,-0.6634367343856011,0.41095946213741724,2.28125,1.2433416415048602,-0.6757353170602219,0.38867707203393037,2.9918917187500016,1.191026719989884,0.3220520688081657,0.569234578384262,261.794640625,53.868563834916536,-0.54935076175993,0.3576522447344624,1.0,0.9996759295463562,0.0034063260536640882,1.0446386337280273,0.0835079625248909
118,2.0753870145777213,0.953125,0.9400366183187141,0.6734497414216803,0.0,0.03125,0.0,61,0.028222240644519468,0.2800135612487793,1.5,1.0,63,0.984375,46,0.7301587301587301,0.8904099208980181,34.70841269841269,26.61723675963696,-0.6162100415807946,0.4553517254990276,2.3333333333333335,1.4584183648679576,-0.659453712048372,0.4559115217691149,2.749118253968256,1.5748078514430883,0.20602188363390098,0.75265740751815,250.43607936507937,75.15035950220842,-0.6247642244988669,0.49894953299544037,0.984375,0.997963011264801,0.0024545900523662567,1.0648607015609741,0.08541800081729889
119,2.0239276357513893,0.9375,0.9193604568640391,0.7039359875387377,0.0,0.0625,0.0,60,0.021838736930110077,0.32311469316482544,1.5,1.0,64,1.0,53,0.828125,0.8872662613192234,30.89625,24.226982471771016,-0.681426235067775,0.4144606884545026,2.140625,1.3094272065964567,-0.7196956505922166,0.4093358701358108,2.8250098437500015,1.3950840385915078,0.2422932085229767,0.6667609224795521,249.89992187500002,61.079778307069645,-0.6283239616852104,0.4055300209293324,1.0,0.9986910223960876,0.007337526418268681,1.0837910175323486,0.07907560467720032
120,1.9485973632354965,0.90625,0.9325812458992004,0.6452358568384017,0.0,0.078125,0.0,58,0.026054784871954804,0.2817414104938507,1.5,0.984375,63,0.96875,51,0.8095238095238095,0.8922049943719604,34.52952380952381,27.6631082868629,-0.6192703654214602,0.47324386843156585,2.5873015873015874,1.539273386971512,-0.5800615047524944,0.4811873528049127,3.1577565079365097,1.5853038192216042,0.40132482714072304,0.757673808655808,266.9624285714286,92.54621688540523,-0.5150400092955426,0.6144467172390669,0.984375,0.99961256980896,0.006274131126701832,1.1180336475372314,0.07733102887868881
121,2.1667783033890897,1.0,0.9232081538066268,0.6815475026734057,0.0,0.0,0.0,64,0.029897039064082056,0.35262584686279297,1.5,1.0,64,1.0,53,0.828125,0.8774579486471319,29.40484375,20.527497411413453,-0.7069403188733245,0.35117211643239815,2.03125,1.0303025951146585,-0.7538870211171014,0.32207961400974294,3.0321879687500015,1.6006913444208075,0.3413110984287704,0.7650280613120541,252.34696875,60.94911800068584,-0.6120771612229543,0.40466252143521053,1.0,0.998932421207428,0.009728622622787952,0.9999998807907104,0.06344687938690186
122,2.0214110608025373,0.9375,0.9260514348745346,0.6998501595536427,0.0,0.0625,0.0,60,0.023489202077324033,0.3547884225845337,1.5,1.0,64,1.0,55,0.859375,0.8904961079333827,32.9578125,20.361991435388724,-0.6461582600305383,0.3483407394399695,2.40625,1.1821425199611086,-0.6366594650317822,0.3695458094922173,3.164011406250002,1.5407780719056248,0.4043142683888148,0.736393349892573,267.24067187500003,78.13550050034372,-0.5131926546415437,0.5187689286285562,1.0,0.9979923367500305,0.003842459060251713,1.0837912559509277,0.07342848181724548
123,2.105691360125605,0.984375,0.9308310775529771,0.6533153989355722,0.0,0.015625,0.0,63,0.01619629179950354,0.30734261870384216,1.5,1.0,64,1.0,49,0.765625,0.8821048355656761,37.3084375,25.72915091746313,-0.5717303763760886,0.440158885450419,2.5,1.3693063937629153,-0.6073525760104523,0.4280545121942091,2.8218453125000016,1.5285441285449637,0.24078076503061507,0.7305463076104804,268.42048437500006,66.92776662426635,-0.5053594666196036,0.44435686166776345,1.0,0.9983287453651428,0.004187994636595249,1.023047685623169,0.06533339619636536
124,2.0743853732305895,0.96875,0.8943565271554454,0.702218202258919,0.0,0.03125,0.0,62,0.032833036138755003,0.3772176206111908,1.5,1.0,64,1.0,56,0.875,0.8793754712763616,31.877812499999997,19.932198548199437,-0.6646342524102093,0.3409881004505751,2.515625,1.2246451973428876,-0.6024680945068974,0.3828324361496806,3.5089482812500026,1.3290039349706089,0.5691720279288173,0.6351788603033566,283.8750625,64.03453116943895,-0.402751114654452,0.4251476590958242,1.0,0.9974451661109924,0.00044802867341786623,1.0446386337280273,0.05787990987300873
125,2.067866673644016,0.953125,0.9470962207825457,0.6566983638195506,0.0,0.046875,0.0,61,0.03465924094283943,0.34379124641418457,1.5,1.0,64,1.0,56,0.875,0.8864805318765813,40.855625,27.813912653730956,-0.5110472196915847,0.47582373911033926,2.90625,1.808994454800788,-0.4803560569180232,0.5655039970885091,3.2224976562500025,1.5456107007524404,0.43226695433721196,0.7387030373226989,297.29978125,101.46920977543957,-0.3136197093587688,0.6736895893277018,1.0,0.999005913734436,0.0,1.0648605823516846,0.05551987886428833
126,2.1339864330914415,0.984375,0.9170495943417625,0.7028169917479579,0.0,0.015625,0.0,63,0.029646472872468854,0.30989471077919006,1.5,1.0,64,1.0,54,0.84375,0.8667684416869466,43.114531250000006,26.33970279882204,-0.47240320611622255,0.45060384092021616,2.765625,1.2341771993417314,-0.5243163904500179,0.3858122049468135,3.0692056250000017,1.4301501080545231,0.35900316997895476,0.6835202603947773,291.075171875,66.13604534181677,-0.35494706908542484,0.4391003470381939,1.0,0.9980380535125732,0.013066202402114868,1.0230478048324585,0.05635674297809601
127,2.143185508050447,1.0,0.9304441269487143,0.6625413598355903,0.0,0.0,0.0,64,0.03786520555657087,0.4250715970993042,1.5,1.0,64,1.0,53,0.828125,0.8961225096755022,38.91640625,25.6751211880774,-0.5442222112170616,0.43923457723893156,2.671875,1.4689993139464022,-0.5536232794713477,0.459219198573193,3.219024062500002,1.5955776218864288,0.43060679874156216,0.7625840290817311,282.24284375,65.23364402505882,-0.41358798607400876,0.43310898893221417,1.0,0.9989350438117981,0.01299907173961401,0.9999998807907104,0.05787395313382149
128,2.017393083905702,0.953125,0.920861017508585,0.6738641052317345,0.0,0.046875,0.0,61,0.024545879271259105,0.29225975275039673,1.5,1.0,64,1.0,56,0.875,0.8966863963353437,40.690312500000005,26.907127190622635,-0.5138752868121998,0.4603109971599821,2.734375,1.4709923043221538,-0.5340853534571278,0.45984222094932875,2.7874204687500015,1.4904774183183631,0.22432789198496095,0.7123528553708037,272.9089375,69.74474040135463,-0.475559055744326,0.46305973627606517,1.0,0.9988763332366943,0.000450247636763379,1.0648608207702637,0.06761331856250763
129,2.0475603238040807,0.9375,0.923515009880066,0.7042179269226898,0.0,0.0625,0.0,60,0.03534826704944794,0.34603312611579895,1.5,1.0,64,1.0,51,0.796875,0.8837683446231906,37.301718750000006,25.479728864008706,-0.5718453167222004,0.43589192252546916,2.59375,1.5584322049739603,-0.5780456869891225,0.4871765299033405,2.842297968750002,1.4448844046131566,0.250555826296584,0.6905623115499467,266.83443750000004,73.43398980586986,-0.5158897868047903,0.4875539539974386,1.0,0.9993820190429688,0.0,1.0837911367416382,0.055952370166778564
130,1.9238945225689164,0.921875,0.8817690868498915,0.6545803319087848,0.0,0.078125,0.0,59,0.05250207763178644,0.42451149225234985,1.5,1.0,64,1.0,55,0.859375,0.8990722804558207,40.772968750000004,33.24898262915759,-0.5124612532518923,0.5688036571186363,2.71875,1.6998965961198933,-0.5389698349606828,0.5313992628290349,2.661105000000001,1.7137078458117885,0.163957178725121,0.8190427189515618,266.13065625,91.23553317567995,-0.5205624367873647,0.6057446294619226,1.0,0.9985625147819519,0.0049683828838169575,1.1014959812164307,0.06045250967144966
131,2.175584379634829,1.0,0.921270227059722,0.6718448742188707,0.0,0.0,0.0,64,0.06330610352606925,0.44080737233161926,1.5,1.0,64,1.0,53,0.828125,0.8881361838139875,38.95203125,27.149108363563684,-0.5436127600795378,0.4644506659630216,2.546875,1.4023383095298367,-0.5926991314997875,0.43838051421600194,2.8001376562500013,1.4674409364836283,0.2304058940509914,0.7013428907708799,257.78890624999997,60.467110393460715,-0.5759462339432843,0.4014623042690084,1.0,0.9999387264251709,0.006338371429592371,0.9999998211860657,0.07059966027736664
132,2.2070292265485016,1.0,0.9255427923053503,0.6902338413775396,0.0,0.0,0.0,64,0.05878597693913475,0.37732356786727905,1.5,1.0,64,1.0,55,0.859375,0.878445192039332,32.274375000000006,27.440307992702543,-0.6578500989582988,0.46943233460092215,2.375,1.4523687548277813,-0.6464284280388921,0.4540203724350374,3.520824375000002,1.6460374679105088,0.5748480409897923,0.7867006074042526,276.117765625,75.69915271007466,-0.4542545230044081,0.502593163133602,1.0,0.9999823570251465,0.0027816412039101124,0.9999999403953552,0.06635430455207825
133,2.1445747885705657,1.0,0.9245046600699425,0.6715838515675714,0.0,0.0,0.0,64,0.03030862188610374,0.2889366149902344,1.5,1.0,64,1.0,54,0.84375,0.887824410892313,33.73109375,24.903801800452296,-0.6329294281024436,0.4260393076759187,2.421875,1.4556429797086234,-0.6317749835282273,0.45504391745065037,3.194683906250002,1.4442908857069994,0.41897376117134416,0.6902786474820974,276.580203125,68.08190744453971,-0.45118423862795337,0.4520196064250849,1.0,0.9987746477127075,0.002324500121176243,0.9999999403953552,0.07139363884925842
134,2.123554699950958,0.984375,0.9310718377431234,0.6453901997598522,0.0,0.015625,0.0,63,0.04346253631987895,0.3219488859176636,1.5,1.0,64,1.0,56,0.875,0.8964294814632924,38.26578125,30.16953196131237,-0.555352713570787,0.5161222616809689,2.59375,1.6461958988832404,-0.5780456869891225,0.5146120588366869,3.261217343750002,1.4747174282788929,0.45077248794053854,0.7048205883486716,280.75253125000006,78.72210821180752,-0.42348269224464785,0.5226636224879753,1.0,1.0000569820404053,0.003796867560595274,1.0230478048324585,0.06780445575714111
135,2.024905344378176,0.953125,0.912447913748319,0.66026393007932,0.0,0.03125,0.0,61,0.0455393659087157,0.37804827094078064,1.5,1.0,63,0.984375,56,0.8888888888888888,0.899022228639447,35.21825396825397,27.539152650315966,-0.6074879828618787,0.47112330973132654,2.6825396825396823,1.6792420514842148,-0.5502894270165404,0.5249425113898463,3.024978095238097,1.7509037221406267,0.3378652401286411,0.8368199682981249,283.2070476190476,81.92621769179544,-0.4071862991977197,0.5439368264925317,0.984375,0.9995558261871338,0.0017969452310353518,1.0648608207702637,0.0582294724881649
136,1.9432935957545878,0.921875,0.903170766466755,0.6669946981571674,0.0,0.078125,0.0,59,0.04192114014827445,0.32035425305366516,1.5,1.0,64,1.0,50,0.78125,0.8950119477882664,41.98859375,24.90000990632255,-0.4916650696995428,0.4259744382249504,2.921875,1.4502660046953455,-0.4754715754144682,0.45336303841081466,2.5409632812500016,1.4954832558564641,0.10653712301084003,0.7147453254746526,274.403,90.5945640848211,-0.465639452011504,0.6014890113828217,1.0,0.9981856346130371,0.004795117769390345,1.1014959812164307,0.06165548413991928
137,2.118355531513232,0.984375,0.9195106810047513,0.6878305792957774,0.0,0.015625,0.0,63,0.03582554293219943,0.4504855275154114,1.5,1.0,64,1.0,52,0.8125,0.8850529065018425,39.81765625,28.227945469770482,-0.5288041666502298,0.48290676425300594,2.640625,1.407204537149806,-0.5633922424784576,0.439901730139319,3.0346965625000015,1.566006837204922,0.3425100457585421,0.7484510857412053,280.094875,74.37242265313725,-0.42784910221237954,0.4937845380424542,1.0,0.9988104104995728,0.0009013069211505353,1.0230478048324585,0.056105028837919235
138,1.9422639315479948,0.9375,0.8835520376761754,0.6350798031881418,0.0,0.0625,0.0,60,0.029199731866798778,0.3935602009296417,1.5,1.0,64,1.0,50,0.78125,0.9010494443158596,42.4015625,29.538952472685857,-0.48460024796061485,0.5053346859155612,2.875,1.58607219255619,-0.4901250199251331,0.49581697842198946,2.738386406250002,1.4684817187962032,0.2008927469750388,0.7018403181341328,273.22490625000006,84.24809158200539,-0.4734612286507768,0.5593525597088248,1.0,0.9983826875686646,0.0,1.0837911367416382,0.055975254625082016
139,1.9589466728738532,0.921875,0.9242252555944152,0.6598387978371545,0.0,0.078125,0.0,59,0.039707033273527356,0.4396221935749054,1.5,1.0,64,1.0,48,0.75,0.9042623502431454,34.11296875,23.226626670677415,-0.6263965395931965,0.3973472012712017,2.515625,1.322783375831054,-0.6024680945068974,0.4135110996772342,2.779202187500002,1.5696348155726287,0.22040007929707556,0.7501850273076432,258.51290625,78.83157470652205,-0.5711393446046097,0.5233904088503859,1.0,0.9991268515586853,0.0,1.1014961004257202,0.054410189390182495
140,2.064705156016675,0.953125,0.9183940457516029,0.6967168457203621,0.0,0.046875,0.0,61,0.04610474513683638,0.3974350392818451,1.5,1.0,64,1.0,51,0.796875,0.8942147960747506,36.53031250000001,22.565851203252755,-0.585042072274636,0.38604305080748735,2.53125,1.402773480466465,-0.5975836130033424,0.4385165516170161,2.8596832812500015,1.5083028215628818,0.2588648934777972,0.720872257773891,268.498703125,68.96952047319523,-0.5048401449684168,0.45791277991170437,1.0,0.9983417987823486,0.00671140942722559,1.0648607015609741,0.05858246982097626
141,2.0934126561267035,0.96875,0.9406726187275302,0.6701547326433819,0.0,0.03125,0.0,62,0.02750787702884258,0.3130966126918793,1.5,1.0,64,1.0,53,0.828125,0.8975776775363619,33.325781250000006,25.76623218991571,-0.6398632713074299,0.44079324962381,2.484375,1.322783375831054,-0.6122370575140074,0.4135110996772342,3.0732532812500017,1.5251127275621466,0.36093769072499876,0.7289063174583386,276.0329375,62.086680438237714,-0.4548177266089416,0.41221519650861427,1.0,0.9991251230239868,0.00798122026026249,1.0446385145187378,0.055518630892038345
142,2.0579212695422,0.96875,0.9045191253385236,0.6542842439694703,0.0,0.03125,0.0,62,0.05479249688123962,0.401276558637619,1.5,1.0,64,1.0,51,0.796875,0.900953469919353,36.763125,23.248682077902288,-0.5810592556302915,0.397724511952514,2.625,1.4630874888399532,-0.5682767239820126,0.4573711217485721,2.8710139062500017,1.5690336574092933,0.2642802073716451,0.7498977121635705,263.54907812500005,73.75529671007214,-0.5377024372929129,0.489687222964638,1.0,0.9995368123054504,0.004593477118760347,1.0446386337280273,0.06027579307556152
143,2.1608657541265943,1.0,0.931014958769083,0.6735760860548298,0.0,0.0,0.0,64,0.04200628511717792,0.31999272108078003,1.5,1.0,64,1.0,58,0.90625,0.8989714829579316,32.35328125,23.5466041908573,-0.6565002181493096,0.40282118481241425,2.28125,1.2179484543690673,-0.6757353170602219,0.38073898864954064,3.0200807812500017,1.4625961920217698,0.335524637339098,0.699027412851838,256.342921875,70.70770216450627,-0.5855466301809593,0.46945317637667916,1.0,0.998744547367096,0.0014662756584584713,0.9999999403953552,0.07666654139757156
144,2.142047159682653,0.984375,0.9327837134164477,0.6760570628143177,0.0,0.015625,0.0,63,0.0518949553773065,0.37293171882629395,1.5,1.0,64,1.0,53,0.828125,0.8935638478352058,28.6578125,22.690937237470905,-0.7197200815421912,0.38818294767324457,2.09375,1.1688502630790651,-0.7343490951028816,0.36539055938784337,3.1694796875000018,1.260998462339182,0.40692775700295486,0.6026765949121137,263.54010937500004,66.38395608906507,-0.5377619839624658,0.4407463132369378,1.0,1.0000406503677368,0.005078485701233149,1.023047924041748,0.07021194696426392
145,1.9395571504858404,0.921875,0.8977747999005399,0.6636941241600622,0.0,0.0625,0.0,59,0.035188049528581976,0.3239745497703552,1.5,1.0,63,0.984375,52,0.8253968253968254,0.8896841809993195,34.34412698412699,22.684464765520936,-0.6224420231374295,0.38807222050433227,2.3968253968253967,1.4313905165200629,-0.6396056602244027,0.4474624321475994,2.990996984126986,1.5897514379394635,0.32162444289738656,0.7597994858746164,265.0382698412698,84.9698972899631,-0.5278151723976379,0.5641448803748139,0.984375,0.9981480240821838,0.003698566695675254,1.1014961004257202,0.07073397934436798
146,1.9646056190905685,0.90625,0.9374264874334993,0.6675775562096957,0.0,0.09375,0.0,58,0.04008853898590912,0.34111395478248596,1.5,1.0,64,1.0,53,0.828125,0.9058571924542924,30.7825,22.08715308159927,-0.6833722018577634,0.3778537703928275,2.09375,1.283534548619553,-0.7343490951028816,0.4012416487619829,3.082073750000002,1.6064430611150502,0.365153310514033,0.7677770139362746,253.44903125,75.96296475914448,-0.6047601826569287,0.5043447036392479,1.0,0.9968770742416382,0.010487915948033333,1.1180338859558105,0.06793072074651718
147,2.031315961863639,0.9375,0.9078291058540344,0.7187756855952042,0.0,0.0625,0.0,60,0.034989083573316,0.3597438931465149,1.5,1.0,64,1.0,53,0.828125,0.8851362802129479,34.5421875,22.346100153938355,-0.619053722598556,0.3822836816291933,2.296875,1.2333856794916178,-0.6708508355566669,0.3855647704464886,3.0030729687500015,1.5029961082946965,0.32739599100800776,0.7183359883190401,260.54224999999997,73.81287199842758,-0.5576658213499414,0.49006948545050383,1.0,0.9989175796508789,0.00795135647058487,1.0837910175323486,0.07185562700033188
148,2.0931320561568576,0.984375,0.9218847884072198,0.6666602186195786,0.0,0.0,0.0,63,0.021681027903901206,0.287377268075943,1.5,0.984375,63,0.96875,53,0.8412698412698413,0.8857973715684053,37.446507936507935,28.651570175468187,-0.5693683501420344,0.4901538816921829,2.7301587301587302,1.673380280183295,-0.5354033881485633,0.5231100817260119,3.2963522222222235,1.4776872325322155,0.4675647121602329,0.7062399647939273,285.95715873015877,82.6231447431327,-0.3889273492251097,0.5485639690517952,0.984375,0.9989400506019592,0.0017953321803361177,1.0230478048324585,0.07039794325828552
149,2.132305521648693,0.984375,0.9335448249937996,0.6990471296741602,0.0,0.015625,0.0,63,0.024998802220562694,0.34099507331848145,1.5,1.0,64,1.0,53,0.828125,0.8850711276389444,36.47578125,22.194660309737756,-0.5859749602000565,0.3796929395852777,2.421875,1.260018446045533,-0.6317749835282273,0.39389035480623874,3.482217031250002,1.4569136972860228,0.5563962005119782,0.6963115438954294,292.74196875000007,67.9110769478572,-0.34388062139457787,0.4508854029814059,1.0,0.9992545247077942,0.0008980691782198846,1.0230478048324585,0.06757871806621552
150,1.9787737762618791,0.9375,0.9073744932810466,0.6693759056163755,0.0,0.046875,0.0,60,0.022332383180892555,0.3350425064563751,1.5,1.0,63,0.984375,47,0.746031746031746,0.884040411173028,36.875079365079365,23.296830826981655,-0.5791440074857755,0.39854821187944095,2.6666666666666665,1.2724180205607036,-0.5552514399725328,0.3977665463180021,2.848468412698414,1.2873560977484753,0.2535049037609821,0.6152738584559094,271.5915238095238,63.667236731643136,-0.48430582621859875,0.4227090628013559,0.984375,0.9984675049781799,0.0009203865774907172,1.083790898323059,0.07571976631879807
151,2.026366601077905,0.9375,0.9294626673062643,0.6821632677300754,0.0,0.046875,0.0,60,0.026894929694839278,0.39661380648612976,1.5,1.0,63,0.984375,52,0.8253968253968254,0.8878332241003011,31.341428571428573,20.58289402709474,-0.6738103870184164,0.3521198085149787,2.365079365079365,1.2636755071425487,-0.6495296861363873,0.39503357703252634,3.029509841269843,1.4823250514171005,0.34003112482159537,0.7084565455248638,264.73190476190484,71.31810753342846,-0.5298492373613694,0.4735058712111288,0.984375,0.9997693300247192,0.0014499758835881948,1.0837911367416382,0.05985996127128601
152,2.1002246329505025,0.984375,0.9279444066305009,0.7010920496072757,0.0,0.015625,0.0,63,0.027867695051826864,0.3757091462612152,1.5,1.0,64,1.0,58,0.90625,0.8929132242745966,34.37765625,19.726997105979812,-0.6218684245626463,0.3374776372258091,2.5625,1.1021995055342748,-0.5878146499962325,0.3445550782726143,3.219402187500002,1.30256666514193,0.43078751830170203,0.6225435366015619,283.806875,56.026633808311466,-0.4032038353268014,0.37198042642952456,1.0,0.9988237619400024,0.004044943954795599,1.0230478048324585,0.06173979863524437
153,2.061903248666998,0.953125,0.932956193314224,0.7015121062635136,0.0,0.03125,0.0,61,0.03184897838063265,0.27985653281211853,1.5,1.0,63,0.984375,52,0.8253968253968254,0.8886116965124506,37.24063492063492,26.1293843513582,-0.5728903022461546,0.44700583903813645,2.5555555555555554,1.509522974980157,-0.5899855306644792,0.47188717123083823,2.9422487301587315,1.427218572989884,0.2983258960815569,0.6821191741735104,273.5036031746032,70.97497689081739,-0.47161086224801974,0.4712277068081736,0.984375,0.9976094961166382,0.003237742930650711,1.0648607015609741,0.06258396059274673
154,2.0704959699270455,0.96875,0.9135513858449075,0.7078414278290676,0.0,0.03125,0.0,62,0.03626751532132157,0.31356146931648254,1.5,1.0,64,1.0,56,0.875,0.8998128467771163,37.49515625000001,25.52597916781227,-0.568536103966698,0.4366831449890174,2.609375,1.5064153176913064,-0.5731612054855676,0.4709156963798444,2.9897687500000023,1.5507638487638336,0.3210374255587355,0.7411659124088615,277.23879687500005,78.2630365322968,-0.4468116042696763,0.519615684971501,1.0,0.998825192451477,0.004199719987809658,1.0446386337280273,0.07145020365715027
155,2.0454391112275268,0.96875,0.9068778911905904,0.6659663291898792,0.0,0.03125,0.0,62,0.03422696508123573,0.33994609117507935,1.5,1.0,64,1.0,55,0.859375,0.89620572886419,38.95921875,25.640841219666495,-0.543489800639511,0.4386481360952878,2.71875,1.430349061418226,-0.5389698349606828,0.44713686618397025,3.0098448437500016,1.6502863092818487,0.33063251403960586,0.7887312817678445,274.723984375,74.73192639684954,-0.4635083244285367,0.496171409192819,1.0,0.9998759627342224,0.0023496239446103573,1.0446385145187378,0.06426174938678741
156,2.145562454606571,0.96875,0.9450951507014613,0.7196412515838533,0.0,0.03125,0.0,62,0.049785316245100124,0.34856659173965454,1.5,1.0,64,1.0,54,0.84375,0.8871531081882839,35.889375,22.412809735380684,-0.5960068466874558,0.38342490914621136,2.671875,1.3699302844944337,-0.5536232794713477,0.4282495446894629,3.090302656250002,1.2781767713466456,0.3690862012722035,0.610886727666567,275.37279687500006,62.794561653752076,-0.4592006312116183,0.4169150675968791,1.0,0.9980846047401428,0.0018966335337609053,1.0446386337280273,0.06881789863109589
157,2.0985104693866505,0.984375,0.9156167580494805,0.7083756748052438,0.0,0.015625,0.0,63,0.029931652506616658,0.3472929298877716,1.5,1.0,64,1.0,59,0.921875,0.8812855206033673,43.6871875,25.336664358984663,-0.462606546383657,0.4334444607619269,3.015625,1.328676356143587,-0.4461646863931384,0.41535328549082656,3.023749062500001,1.3715439730654828,0.3372778411049682,0.6555102770910435,297.25712500000003,57.704680017769185,-0.3139029191285931,0.38312156238815015,1.0,0.9991061091423035,0.0004438526520971209,1.0230478048324585,0.07099872082471848
158,2.0864799773378255,0.96875,0.9260517320325298,0.6818868911794461,0.0,0.015625,0.0,62,0.025773092176285383,0.2827199399471283,1.5,1.0,63,0.984375,50,0.7936507936507936,0.8811452322643053,40.84507936507936,24.52313633020645,-0.5112276280901334,0.41952711107641305,2.5238095238095237,1.124858267715973,-0.5999095565764638,0.35163836177789143,2.9640482539682553,1.5816387240620127,0.3087446738775726,0.7559221276373284,274.4082380952382,69.76303715485946,-0.46560467446432824,0.46318121482489766,0.984375,0.9995148777961731,0.0013953488087281585,1.0446385145187378,0.06981854140758514
159,2.0391838529059045,0.9375,0.9399419605731965,0.6816899208496483,0.0,0.046875,0.0,60,0.020210573148317253,0.33531713485717773,1.5,1.0,63,0.984375,53,0.8412698412698413,0.8819983067966399,37.06650793650794,22.48847169627283,-0.5758691622756222,0.38471928860257637,2.2857142857142856,1.3144927373183106,-0.6743397509163491,0.41091938956727225,3.0187107936507953,1.3394312295485162,0.33486987090914544,0.640162440044367,269.1080793650794,78.30927349112616,-0.5007942828804626,0.5199226683201883,0.984375,0.9981697201728821,0.002351834438741207,1.0837911367416382,0.07711552083492279
160,2.161272832822422,1.0,0.9316842574626207,0.696668639125148,0.0,0.0,0.0,64,0.020635602692566004,0.2972634732723236,1.5,1.0,64,1.0,52,0.8125,0.8831922337874865,34.463125,20.401465624051987,-0.62040627643885,0.34901604018898447,2.234375,1.1824522651570337,-0.6903887615708868,0.3696426379517572,3.2894885937500016,1.3862274321944215,0.4642843368386745,0.662528031207051,276.259140625,67.16126070601157,-0.4533158849101333,0.4459071105796207,1.0,0.9985085725784302,0.00046882324386388063,0.9999998807907104,0.0691298171877861
161,2.167704642583837,1.0,0.9347174018621445,0.700135575005779,0.0,0.0,0.0,64,0.027887458590648773,0.3663983941078186,1.5,1.0,64,1.0,54,0.84375,0.8788707568504261,35.25453125,22.928051523303793,-0.6068673728793834,0.39223935669005894,2.234375,1.2341771993417314,-0.6903887615708868,0.3858122049468135,3.0538540625000015,1.3026393343380775,0.3516661051922793,0.6225782678284406,264.10389062499996,57.273332193940085,-0.5340188429680334,0.38025769325054737,1.0,0.9988290071487427,0.003336510853841901,1.0,0.07637502998113632
162,2.1376678218349454,0.984375,0.9266005253034925,0.7177483894886836,0.0,0.015625,0.0,63,0.022141024229143717,0.32716500759124756,1.5,1.0,64,1.0,58,0.90625,0.872637896225987,37.66265625,23.421314293968134,-0.565670614407814,0.4006778003863272,2.546875,1.3454749103476438,-0.5926991314997875,0.42060462803778215,3.0912778125000018,1.3426124054286266,0.36955226357585375,0.6416828386051113,280.337375,65.3829834861249,-0.42623905985792027,0.43410050587039356,1.0,0.9993771314620972,0.002805049065500498,1.023047924041748,0.06993748247623444
163,2.031438027082761,0.953125,0.9264420466344865,0.6775712838606944,0.0,0.03125,0.0,61,0.038066698871707404,0.36643481254577637,1.5,1.0,63,0.984375,58,0.9206349206349206,0.8931708692701871,32.87952380952381,23.89483277000649,-0.6474975760015129,0.4087784705297699,2.238095238095238,1.243577605447676,-0.6892257897843261,0.38875083597083854,3.73013904761905,1.5578823604910792,0.674887063975738,0.744568105620628,301.4087460317461,74.6421368073932,-0.2863388543831294,0.49557526468966756,0.984375,0.9981349110603333,0.0021834061481058598,1.0648609399795532,0.06871654093265533
164,2.021127379872964,0.953125,0.9106855695364905,0.6805620069779096,0.0,0.046875,0.0,61,0.016725942878756797,0.2871027886867523,1.5,1.0,64,1.0,53,0.828125,0.8852401841642681,31.473125000000003,21.328514794972833,-0.6715574034899761,0.36487544150149726,2.3125,1.0734727523323542,-0.665966354053112,0.3355748994136082,3.1492967187500023,1.6874151656945016,0.3972815891092184,0.8064764998819484,267.686640625,69.96226583026902,-0.510231712059007,0.4645039637141026,1.0,0.9981933832168579,0.0025150906294584274,1.0648608207702637,0.06496169418096542
165,1.929842263303334,0.90625,0.9202559646861307,0.6837169495697649,0.0,0.09375,0.0,58,0.035827306817624194,0.3178952932357788,1.5,1.0,64,1.0,55,0.859375,0.9026812406208229,32.852656249999995,19.539091525243336,-0.6479572100987558,0.3342630612278602,2.4375,1.0439558180306292,-0.6268905020246722,0.32634770455674916,3.1394957812500017,1.5682738536283753,0.3925973679813912,0.7495345745633584,265.22687500000006,80.59651712029422,-0.5265629567529979,0.5351084791157662,1.0,0.9980429410934448,0.001484413631260395,1.118033766746521,0.06444742530584335
166,2.085319052289268,0.984375,0.9158596959378984,0.6342761649558691,0.0,0.015625,0.0,63,0.02880010297300139,0.32734251022338867,1.5,1.0,64,1.0,56,0.875,0.8858046281271297,40.53203125,29.562921570973383,-0.5165830675240932,0.5057447348760316,2.671875,1.7858356543576455,-0.5536232794713477,0.5582643982143298,3.109271875000002,1.6087421734783172,0.3781522743133917,0.7688758425643791,280.9537656250001,83.58152863984486,-0.4221466268140369,0.5549270150952519,1.0,0.9997442364692688,0.0,1.0230478048324585,0.06847867369651794
167,2.081656694590635,0.96875,0.9273069568218724,0.6692676662178153,0.0,0.03125,0.0,62,0.028484380160892827,0.29270410537719727,1.5,1.0,64,1.0,52,0.8125,0.8786624269553992,35.87828125,20.593778532202354,-0.5961966319101059,0.3523060141014831,2.46875,1.2243461265099833,-0.6171215390175623,0.3827389445687799,3.194239531250002,1.5082877610756917,0.41876137834942745,0.7208650598244815,275.06270312500004,78.50981327469512,-0.4612594521244147,0.5212541221152404,1.0,0.9984616637229919,0.0018273184541612864,1.0446383953094482,0.06833640486001968
168,2.0729775651716524,0.96875,0.9308682906050836,0.6437081226185409,0.0,0.03125,0.0,62,0.02833875838129722,0.28129035234451294,1.5,1.0,64,1.0,56,0.875,0.8869660884725816,36.750625,27.708342148338197,-0.581273098134686,0.47401770220927014,2.46875,1.4466421248878383,-0.6171215390175623,0.4522301888817986,3.2100673437500022,1.4552799329910338,0.4263260601688743,0.6955307090795276,279.72328125,84.44004016006512,-0.4303162431449664,0.5606269734843068,1.0,0.9978945851325989,0.00623885914683342,1.0446385145187378,0.08045687526464462
169,2.112019750555829,0.96875,0.9379318462264153,0.6727739143410847,0.0,0.03125,0.0,62,0.038976045222251704,0.41028299927711487,1.5,1.0,64,1.0,49,0.765625,0.8897181458600236,38.587500000000006,22.32715401142743,-0.5498489421139376,0.38195956238414147,2.453125,1.3101727879844705,-0.6220060205211173,0.4095689439597563,2.8256850000000013,1.4334126918978196,0.24261589001858194,0.6850795667539982,264.133984375,67.77204183568536,-0.5338190400315196,0.4499623002211846,1.0,0.9986087083816528,0.0004789271915797144,1.0446385145187378,0.08242245018482208
170,2.0750089226545443,0.953125,0.9261229399774895,0.6958579299745468,0.0,0.03125,0.0,61,0.028827600953644197,0.3964131474494934,1.5,1.0,63,0.984375,51,0.8095238095238095,0.8857644489348648,31.68015873015873,21.782514502922815,-0.6680155945818765,0.3726421962648831,2.0,1.2344267996967353,-0.7636559841242113,0.3858902317191205,3.178488095238097,1.4321068329605335,0.4112331996052433,0.6844554497219288,260.129126984127,66.06980819773482,-0.5604086896103841,0.43866057546124393,0.984375,0.999130368232727,0.0014720313483849168,1.0648608207702637,0.07741135358810425
171,2.1101737773797575,0.984375,0.9229145021665663,0.6612719890911808,0.0,0.015625,0.0,63,0.03471084330072366,0.40578243136405945,1.5,1.0,64,1.0,50,0.78125,0.884261279520112,36.31109375,27.342250508438603,-0.5887923351954519,0.4677548259601534,2.28125,1.4839637588229708,-0.6757353170602219,0.4638971860426693,3.179634531250002,1.4733538907443993,0.41178112267777234,0.7041689046370205,274.25965625000003,73.16664836377359,-0.4665911613259246,0.48577898061650165,1.0,0.997465968132019,0.0037243948318064213,1.0230478048324585,0.07389648258686066
172,2.033151166574731,0.953125,0.9076656147104795,0.6719866647223124,0.0,0.046875,0.0,61,0.03770205751557936,0.3028523027896881,1.5,1.0,64,1.0,50,0.78125,0.8950509189604766,37.9628125,32.49194402409378,-0.5605357212710449,0.555852694620233,2.546875,1.767145363113912,-0.5926991314997875,0.5524216857742613,2.8275623437500013,1.680459433400714,0.24351314023142573,0.8031521048258562,270.29303125,78.18605360791834,-0.4929269726836851,0.5191045683990497,1.0,0.9987013339996338,0.00641613220795989,1.0648607015609741,0.08662162721157074
173,2.1508360465979273,0.984375,0.9280698535934327,0.6954614176912055,0.0,0.0,0.0,63,0.05177313504667175,0.3646491467952728,1.5,1.0,63,0.984375,54,0.8571428571428571,0.8787922716581307,31.219206349206353,20.45404274097137,-0.6759012915058278,0.34991549797745447,2.1587301587301586,1.2111433559958915,-0.7140358545642879,0.37861166851298705,3.3884614285714307,1.0720787593030447,0.5115870202759948,0.5123850626556679,273.5864920634921,56.18308338317164,-0.47106053391059644,0.3730191499011205,0.984375,0.9983034133911133,0.020959477871656418,1.0230478048324585,0.07343728840351105
174,2.174004937626865,0.984375,0.9469122148695446,0.7070193065581786,0.0,0.015625,0.0,63,0.024859957567133766,0.27112480998039246,1.5,1.0,64,1.0,54,0.84375,0.8808106658229982,33.614374999999995,21.906289470363873,-0.6349261824872258,0.374759664186397,2.296875,1.113548487662302,-0.6708508355566669,0.3481028474430799,3.001765156250002,1.257161032183469,0.3267709402979371,0.6008425487903064,265.92734375,65.44556017222895,-0.5219122996170186,0.43451597438597794,1.0,0.9998008012771606,0.004437869880348444,1.0230478048324585,0.06813513487577438
175,2.094552590763189,0.96875,0.9196178764104843,0.692046213151141,0.0,0.03125,0.0,62,0.026343982656140318,0.31293582916259766,1.5,1.0,64,1.0,52,0.8125,0.8842103562738465,36.58734375,24.89097830051756,-0.584066415848337,0.4258199309286271,2.5,1.3806701271484076,-0.6073525760104523,0.4316068927083062,3.286936093750002,1.4175308298583167,0.4630644051302255,0.6774890527123902,284.25375,81.2620888779787,-0.40023687583340334,0.539527442908772,1.0,0.9983687400817871,0.00933748297393322,1.0446385145187378,0.06534728407859802
176,2.132439257714955,0.984375,0.9288203281069559,0.7048512659057324,0.0,0.015625,0.0,63,0.013510584619972591,0.3172800838947296,1.5,1.0,64,1.0,60,0.9375,0.8828816360867084,36.22859375,20.493021515505248,-0.5902036957244545,0.35058232347861823,2.640625,1.2166448164419228,-0.5633922424784576,0.38033146254762257,2.9456775000000013,1.32664047189461,0.29996462871636165,0.6340492761512863,267.03165624999997,59.062033732079854,-0.5145803825136834,0.3921335086562852,1.0,0.999453604221344,0.005280844867229462,1.0230478048324585,0.06696302443742752
177,2.1121831036551724,0.96875,0.9257388951316956,0.7190997539365285,0.0,0.03125,0.0,62,0.03220421208326279,0.3528573513031006,1.5,1.0,64,1.0,53,0.828125,0.882941143269474,40.56265625,25.711627066015016,-0.5160591533883271,0.43985909790799504,2.6875,1.3905372163304368,-0.5487387979677927,0.4346914120429333,2.7886643750000015,1.3973824970389688,0.2249223995958182,0.6678594385777344,273.171671875,78.53499992361186,-0.47381467029392416,0.5214213450905922,1.0,0.999977707862854,0.004887585528194904,1.0446385145187378,0.06721963733434677
178,2.1036028523155244,0.96875,0.9298877792973672,0.7015567190347194,0.0,0.03125,0.0,62,0.03321223264944602,0.3404152989387512,1.5,1.0,64,1.0,58,0.90625,0.887692468839983,31.76921875,17.98605651823513,-0.6664920091671351,0.30769466960300296,2.296875,1.113548487662302,-0.6708508355566669,0.3481028474430799,2.819781562500002,1.5817662053403905,0.2397944245552727,0.7559830555330098,253.511515625,59.19187672149159,-0.6043453270270651,0.3929955816970378,1.0,1.000180959701538,0.0005125576863065362,1.0446383953094482,0.07193613797426224
179,2.1461525988554926,1.0,0.9135766718536615,0.6973304042727991,0.0,0.0,0.0,64,0.046153505717054566,0.3769714832305908,1.5,1.0,64,1.0,52,0.8125,0.8785351867750187,40.3721875,25.233492467152537,-0.5193175785490358,0.4316794579033282,2.734375,1.3720671847161858,-0.5340853534571278,0.4289175542643807,2.8530468750000013,1.3897725231376405,0.25569311584233184,0.6642223578871563,268.775984375,62.34117641367048,-0.5029991777247163,0.413904884341547,1.0,1.0003256797790527,0.001873536268249154,1.0,0.0716286227107048
180,2.015146614915921,0.9375,0.9381268193324407,0.6463669624894363,0.0,0.0625,0.0,60,0.0379364854577075,0.37239235639572144,1.5,1.0,64,1.0,53,0.828125,0.8907403725677445,37.41,27.605899788360457,-0.5699929060278845,0.47226517974417365,2.59375,1.4221325316228441,-0.5780456869891225,0.4445683229641974,2.8159184375000015,1.701789552847807,0.23794809794167693,0.8133465373659214,270.31687500000004,80.71232440094346,-0.4927686656841421,0.5358773641747354,1.0,0.9982736706733704,0.004176334012299776,1.083790898323059,0.07479003816843033
181,2.0020744667778567,0.9375,0.9075522770484289,0.6895054970619007,0.0,0.0625,0.0,60,0.04528560556173828,0.42449066042900085,1.5,1.0,64,1.0,54,0.84375,0.8897446108869235,41.30109375,23.97790735221093,-0.5034264074412315,0.41019966066657876,2.71875,1.316585902058806,-0.5389698349606828,0.4115737271326382,2.7827201562500017,1.7382200049723047,0.22208144330391508,0.8307579629094327,271.382,72.82769270897235,-0.4856969281056129,0.48352853541850804,1.0,0.9980945587158203,0.002650176640599966,1.0837910175323486,0.0653688982129097
182,2.073695802553461,0.984375,0.9043163193596734,0.65970511265079,0.0,0.015625,0.0,63,0.029108458650652674,0.28861427307128906,1.5,1.0,64,1.0,53,0.828125,0.8906267533631987,43.80796875,27.560845028527762,-0.46054029318494666,0.47149440992997294,2.828125,1.6061861611827566,-0.504778464435798,0.5021047421160406,2.796328281250002,1.775809308668829,0.22858525649883754,0.8487232453689486,280.31323437500004,77.5949921734528,-0.426399337914469,0.5151803047141962,1.0,0.999610185623169,0.0,1.0230478048324585,0.05742944777011871
183,2.0813673229204124,0.984375,0.9026164412498474,0.6570929564413645,0.0,0.015625,0.0,63,0.033989074244120385,0.4289177656173706,1.5,1.0,64,1.0,56,0.875,0.8807623706163458,42.9459375,29.006073379054495,-0.4752874068942413,0.4962185099218399,2.8125,1.3792547806696194,-0.509662945939353,0.43116444575171337,3.053395937500002,1.770067903579832,0.35144715074999433,0.8459792210323693,293.13131250000004,86.20505214329005,-0.3412956320009946,0.5723455056456274,1.0,0.9991790652275085,0.0,1.023047924041748,0.05599294230341911
184,1.9725782146953799,0.9375,0.9210718080401421,0.6153304764931133,0.0,0.0625,0.0,60,0.035517176241710614,0.33597227931022644,1.5,1.0,64,1.0,54,0.84375,0.894980691311412,39.815312500000005,29.59402362432901,-0.5288442621198036,0.5062768101545414,2.78125,1.4520325194361179,-0.519431908946463,0.4539152629597465,3.3145764062500023,1.906069808927333,0.47627470626644236,0.9109794313136287,302.07715625000003,89.94991862058907,-0.2819010450571822,0.597208984574477,1.0,1.000032901763916,0.0016299918061122298,1.0837911367416382,0.06234180927276611
185,2.079523170534307,0.984375,0.9136152262725528,0.6540780746308276,0.0,0.015625,0.0,63,0.03299927267832088,0.33903515338897705,1.5,1.0,64,1.0,56,0.875,0.8916153245792846,45.16984375,32.650855774207294,-0.4372421523311834,0.5585712615499898,3.25,1.704772712123232,-0.37289746383981387,0.5329235699283946,3.249204687500002,1.7658709758669469,0.445031206740901,0.8439733580764369,310.4293281250001,91.97159055705988,-0.22644805342636412,0.6106315719746405,1.0,0.9975129961967468,0.0016319869318976998,1.0230478048324585,0.06877005100250244
186,2.1339229678686635,0.984375,0.9349645073451693,0.6781278853597147,0.0,0.015625,0.0,63,0.027970021781219802,0.3210619390010834,1.5,1.0,64,1.0,53,0.828125,0.8868439184848866,34.34578125,26.019896341831352,-0.6224137229488519,0.4451327838254666,2.28125,1.3971930566317599,-0.6757353170602219,0.43677207308884874,3.385646562500002,1.5717466255483306,0.5102416943697956,0.7511943373768217,278.78946875,67.58579999988186,-0.43651615108774355,0.4487257755044181,1.0,0.9997154474258423,0.011660447344183922,1.0230478048324585,0.06478867679834366
187,2.118405349212001,0.984375,0.9222485962368193,0.6585033616594388,0.0,0.0,0.0,63,0.033726852520311754,0.4246427118778229,1.5,1.0,63,0.984375,52,0.8253968253968254,0.8847389911423804,32.78111111111111,23.26522871195124,-0.6491811614329351,0.39800758184566,2.4761904761904763,1.2830660557435694,-0.6147955954444408,0.40109519469559635,3.2922769841269863,1.4109504678375173,0.465617009056664,0.6743440606331551,274.7114920634921,70.34268819345542,-0.46359126525588856,0.4670297208989008,0.984375,0.9975714683532715,0.015209125354886055,1.0230478048324585,0.06287316232919693
188,2.109598457799071,0.96875,0.9339194254529092,0.7169291767023843,0.0,0.03125,0.0,62,0.016430337241872057,0.3121568560600281,1.5,1.0,64,1.0,57,0.890625,0.8808948856036596,33.403437499999995,18.10131462929126,-0.6385347747488803,0.30966643625260326,2.453125,1.1309521361998482,-0.6220060205211173,0.3535433466031449,3.253719375000002,1.4020226702628111,0.4471889385469692,0.670077144532078,277.84343750000005,68.03139987830878,-0.44279718358729814,0.4516842690195077,1.0,0.9978399276733398,0.004191895481199026,1.0446386337280273,0.06561083346605301
189,2.0129266048085515,0.9375,0.918493556479613,0.6940995436196361,0.0,0.046875,0.0,60,0.054492348088629336,0.43269264698028564,1.5,1.0,63,0.984375,52,0.8253968253968254,0.8981603716138422,38.052063492063496,26.159630789512068,-0.5590088688180418,0.44752327696484295,2.619047619047619,1.516350793151491,-0.5701374788405097,0.4740215937311593,3.114327142857144,1.4378875822742567,0.3805683689475275,0.6872182780809519,271.6789841269842,78.72952468722231,-0.48372514656727633,0.5227128630633923,0.984375,0.9997182488441467,0.008230452425777912,1.0837911367416382,0.06665671616792679
190,2.017519370851218,0.953125,0.9041193442755058,0.6902720652152575,0.0,0.046875,0.0,61,0.03025861148322952,0.36342698335647583,1.5,1.0,64,1.0,55,0.859375,0.8980521160917507,32.16703125,21.912331907490437,-0.6596864714647853,0.3748630345774202,2.40625,1.221151480161245,-0.6366594650317822,0.38174027634472796,2.916672343750002,1.7407391115914523,0.28610201958104503,0.8319619347181154,260.78087500000004,68.41191749306643,-0.5560815064764034,0.4542106586128175,1.0,0.9992486238479614,0.006054490339010954,1.0648608207702637,0.05948276445269585
191,2.076711603610402,0.96875,0.9194132733729578,0.6872757485883014,0.0,0.015625,0.0,62,0.04097582801002308,0.33976346254348755,1.5,1.0,63,0.984375,52,0.8253968253968254,0.8949632505269491,34.046190476190475,26.39762552023526,-0.6275389422580413,0.45159474810488326,2.4126984126984126,1.5185093007112884,-0.6346436472684103,0.47469635790723064,3.3608604761904783,1.50806109744702,0.4983955307586908,0.7207567291103704,276.0000476190476,68.23028865248125,-0.45503609403725687,0.453004761185463,0.984375,0.9984527230262756,0.0018198362085968256,1.0446386337280273,0.06245602294802666
192,2.109002867787053,0.984375,0.9294009880414085,0.6889713510324447,0.0,0.015625,0.0,63,0.02705279827025027,0.2823173999786377,1.5,1.0,64,1.0,58,0.90625,0.8890251538965732,35.220468749999995,23.581064995940565,-0.607450093703858,0.4034107196014103,2.5625,1.260890062614501,-0.5878146499962325,0.394162828086835,3.403642812500002,1.3032093739369335,0.5188427505923922,0.6228507102894458,288.891625,68.76348366650087,-0.3694444008450009,0.4565448294566304,1.0,0.9985460042953491,0.008207343518733978,1.023047685623169,0.06759151071310043
193,2.0371919699632697,0.953125,0.9227323097283723,0.6784570132402313,0.0,0.046875,0.0,61,0.04073957527127306,0.37121009826660156,1.5,1.0,64,1.0,48,0.75,0.8974976011084835,36.19390625,25.684801233973197,-0.5907971086741488,0.4394001776594923,2.640625,1.407204537149806,-0.5633922424784576,0.439901730139319,3.244858437500002,1.6157513325977217,0.4429539772843497,0.772225772225232,285.06609375000005,67.58203036258023,-0.39484344142564953,0.44870074756331885,1.0,0.998042106628418,0.00575221236795187,1.0648608207702637,0.058404285460710526
194,2.1397752224414095,0.984375,0.9362695273898897,0.6857887105389536,0.0,0.015625,0.0,63,0.026624325416023904,0.3525258004665375,1.5,1.0,64,1.0,51,0.796875,0.8823243401430653,35.39515625,27.633897209325834,-0.6044616447049471,0.4727441428334392,2.46875,1.4358006259575178,-0.6171215390175623,0.4488410624180571,3.188390937500002,1.542772247103733,0.41596612469008876,0.737346438063533,273.038734375,68.39395761168396,-0.474697288873289,0.4540914166758821,1.0,0.9984411001205444,0.0032228361815214157,1.0230478048324585,0.06161516532301903
195,1.9690647561781134,0.921875,0.8990762445886257,0.683747967765547,0.0,0.046875,0.0,59,0.03493636040782958,0.3858172595500946,1.5,1.0,62,0.96875,50,0.8064516129032258,0.8909630922289776,38.95596774193548,25.240268227427926,-0.5435454169360169,0.4317953735470454,2.725806451612903,1.2335283099999286,-0.5367639400881097,0.3856093577155885,3.1706988709677435,1.2627656037764836,0.40751044870548775,0.6035211754694805,283.96987096774194,70.96729622508869,-0.4021216480621803,0.4711767121808183,0.96875,0.9985089898109436,0.0017636683769524097,1.1014959812164307,0.06522515416145325
196,2.0556722890877825,0.984375,0.9033631649282243,0.6560219799605008,0.0,0.015625,0.0,63,0.04465844791652231,0.3911038637161255,1.5,1.0,64,1.0,56,0.875,0.8963394422098031,43.084218750000005,26.042550626611984,-0.47292177418937886,0.44552033974488686,3.03125,1.4138682532329523,-0.4412802048895834,0.44198485320831543,2.8929546875000014,1.5423443748681445,0.27476649718752005,0.7371419425072706,291.15617187500004,82.07346820047782,-0.35440928174228575,0.5449144741448794,1.0,0.9982563853263855,0.0031111110001802444,1.023047924041748,0.06660547107458115
197,2.1541160843581313,1.0,0.9319255035370588,0.6658571545903245,0.0,0.0,0.0,64,0.026838140311012754,0.3221358060836792,1.5,1.0,64,1.0,52,0.8125,0.8860879361098873,33.8178125,21.701361022176552,-0.6314458957282079,0.3712538711798352,2.53125,1.117597171390479,-0.5975836130033424,0.34936849357325744,3.274127343750002,1.5409953771439053,0.4569426420467395,0.7364972078947633,288.05884375000005,73.23386731501412,-0.3749735269666479,0.48622527075472677,1.0,1.0000481605529785,0.003260363359004259,0.9999999403953552,0.059445735067129135
198,1.9855222481741808,0.921875,0.9294627854379557,0.6969262720877977,0.0,0.046875,0.0,59,0.018833084441375405,0.3000282943248749,1.5,1.0,62,0.96875,52,0.8387096774193549,0.8875240633787556,30.53596774193548,21.714079307963022,-0.6875897278960441,0.3714714479865698,2.306451612903226,1.199310415807826,-0.6678571210867461,0.3749126107541853,3.144111935483873,1.5066652526548654,0.39480359439509993,0.7200896045963554,270.30085483870965,78.68156673822759,-0.4928750291406485,0.5223944534587964,0.96875,0.9986262917518616,0.00193143414799124,1.1014959812164307,0.06466589868068695
199,1.9727962335475886,0.921875,0.9238243580369626,0.6485168195729322,0.0,0.078125,0.0,59,0.03950929280782427,0.35099250078201294,1.5,1.0,64,1.0,53,0.828125,0.8972146409700317,43.250625,35.24583161856697,-0.4700749958496293,0.6029645522220449,3.0625,1.9754350786598884,-0.4315112418824735,0.6175344706040243,2.835856562500002,1.5211271181771144,0.24747724618634798,0.7270014511444137,284.257578125,97.07008460591841,-0.40021145957200893,0.6444822580060657,1.0,0.9997574090957642,0.0013562387321144342,1.1014959812164307,0.06632135063409805
