step,reward_mean,valid_frac,c_mean,qed_mean,tox_mean,undersized_frac,alerts_mean,n_rankable,d_var,d_loss,w_C,unique,n_valid,unique_smiles_frac,n_scaffolds,scaffold_frac,tanimoto_dist,tpsa_mean,tpsa_sd,tpsa_drift_sd,tpsa_spread_ratio,hba_mean,hba_sd,hba_drift_sd,hba_spread_ratio,logp_mean,logp_sd,logp_drift_sd,logp_spread_ratio,mw_mean,mw_sd,mw_drift_sd,mw_spread_ratio,rdkit_valid_frac,ratio_mean,clip_frac,adv_std,kl
0,0.7558186503881366,0.671875,0.8263047011785729,0.553383841514605,0.0,0.296875,0.0,43,0.00847192530465108,0.7322784662246704,0.0,1.0,62,0.96875,36,0.5806451612903226,0.9361546899511151,51.95354838709678,32.44109113239815,-0.32119060123772175,0.5549827338429619,3.2580645161290325,2.0473073100157975,-0.37037644112830154,0.6400022200233626,1.7213503225806461,1.8360577272910192,-0.2851854379829139,0.8775181351872159,231.68288709677424,126.11659626110779,-0.7492732299969654,0.8373322127035874,0.96875,0.9852421879768372,0.035087719559669495,1.249999761581421,0.003942691255360842
1,0.8322051134754507,0.75,0.8707701104382674,0.5068739393330267,0.0,0.25,0.0,48,1.724555700046565e-06,0.7081881761550903,0.0,1.0,64,1.0,41,0.640625,0.9206900109745825,46.66828125,36.97866680409664,-0.4116077821169119,0.6326088574841485,3.109375,2.456605810742741,-0.41685779737180856,0.7679517212223089,2.250462187500001,1.8187976905804688,-0.03230381552188491,0.8692689418190684,247.59035937500005,132.23519571184136,-0.6436579552739558,0.8779557354485445,1.0,0.9921656250953674,0.020607374608516693,1.2279804944992065,0.010399559512734413
2,0.9037784742578414,0.765625,0.8257733048224936,0.6322733988938236,0.0,0.234375,0.0,49,8.749718146648655e-07,0.7003126740455627,0.0,1.0,64,1.0,40,0.625,0.9163751701682017,48.03031250000001,35.96757206884201,-0.3883069682318435,0.615311655054806,3.078125,2.1744588946160834,-0.4266267603789185,0.6797506720635419,1.9050823437500009,1.559018742596749,-0.1973732857862661,0.7451112235691573,233.27164062500003,107.93147328041175,-0.7387249393939135,0.7165948179820585,1.0,0.9948495030403137,0.011122881434857845,1.2210943698883057,0.020652802661061287
3,0.8420616791583123,0.71875,0.8095657054496848,0.6236739634673899,0.0,0.265625,0.0,46,0.004179725431964168,0.6719800233840942,0.0,1.0,63,0.984375,38,0.6031746031746031,0.912291568289909,41.66650793650795,25.127635905874453,-0.4971751206585051,0.42986852732970593,2.634920634920635,1.4939198178860247,-0.5651754658845174,0.4670095179685437,1.75696380952381,1.7040019077784145,-0.26816446953221657,0.8144039014913639,208.63344444444445,91.38275705536887,-0.9023065451183278,0.6067221003150649,0.984375,0.9961537718772888,0.004419191740453243,1.2392395734786987,0.026385745033621788
4,0.8798856538163432,0.75,0.8749882128710548,0.6432848453567842,0.0,0.234375,0.0,48,0.004165017286388259,0.670158863067627,0.0,0.984375,63,0.96875,45,0.7142857142857143,0.9154311155296848,34.45809523809524,30.603410322315536,-0.6204923225894278,0.5235447925065231,2.4126984126984126,1.7241047424716842,-0.6346436472684103,0.5389668943868381,2.336003015873017,1.783877552152014,0.008579228121307065,0.8525793496026903,224.38131746031746,92.09863992254046,-0.7977509057443015,0.6114750971685823,0.984375,0.9968863725662231,0.012041284702718258,1.2279807329177856,0.027875998988747597
5,0.925609430475359,0.78125,0.8899264556169509,0.640895078390538,0.0,0.171875,0.0,50,0.012045164229348497,0.650063157081604,0.0,0.984375,61,0.953125,46,0.7540983606557377,0.8949390600390356,43.20852459016394,27.975255508645233,-0.470795224415659,0.47858389592321937,2.819672131147541,1.6043812629061434,-0.507420888855754,0.501540518612174,2.4300749180327883,1.6691327576610342,0.05353957927461939,0.7977386784257947,244.41680327868858,89.23881675333374,-0.6647283046731879,0.5924877304523485,0.953125,0.99775230884552,0.013016412034630775,1.2133517265319824,0.028013044968247414
6,1.023024357475931,0.875,0.874333167714732,0.6197320650689722,0.0,0.09375,0.0,56,0.008115102600935923,0.6501181721687317,0.0,0.984375,62,0.96875,52,0.8387096774193549,0.9068063017356701,40.22209677419355,25.837746527194238,-0.5218852406844611,0.4420166740225094,2.7419354838709675,1.5338701197379023,-0.5317218946650851,0.4794982546377875,2.6813929032258086,1.6034334538998256,0.1736534985853013,0.7663386142215519,250.22554838709678,88.16320058473626,-0.6261620133297027,0.58534633833448,0.96875,0.9979549646377563,0.0022209882736206055,1.1478067636489868,0.029704274609684944
7,0.9250104283566873,0.8125,0.8760358172540481,0.5991341488446926,0.0,0.171875,0.0,52,0.004083906264542354,0.6449496150016785,0.0,0.984375,63,0.96875,44,0.6984126984126984,0.9176135202491726,49.490793650793655,27.278716297915892,-0.36332193247932826,0.46666792078472186,2.9206349206349205,1.7024873241640535,-0.47585923267665514,0.5322091420746311,2.144352857142858,1.866527208087663,-0.08301728728093803,0.8920805977783257,242.22449206349208,113.44429076344645,-0.679283825954105,0.7531963422710863,0.984375,0.9966636300086975,0.003771551651880145,1.1952283382415771,0.03328981250524521
8,0.9837499721265381,0.84375,0.8970854591440272,0.6622302751793766,0.0,0.125,0.0,54,0.0080009446122432,0.6310424208641052,0.0,1.0,62,0.96875,53,0.8548387096774194,0.9139668806032158,37.163709677419355,26.724718124218608,-0.5742062931789833,0.45719045223325644,2.596774193548387,1.7730935006126083,-0.5771003034723055,0.5542811141002122,2.4855953225806466,1.6449819258951373,0.08007478083146795,0.786196125847288,241.29500000000002,97.88007591616818,-0.6854550490071192,0.6498600737431629,0.96875,0.9986951351165771,0.014555255882441998,1.1734496355056763,0.03642014414072037
9,0.9322455043078803,0.796875,0.8408937641218597,0.6445018307549848,0.0,0.203125,0.0,51,3.380805674357834e-05,0.6184830665588379,0.0,1.0,64,1.0,45,0.703125,0.9132476372450262,43.7709375,30.94270909271025,-0.4611738016042149,0.5293493124104531,2.40625,1.6461958988832404,-0.6366594650317822,0.5146120588366869,2.106849531250001,1.6258857781956415,-0.10094147785057483,0.7770693888882899,224.661578125,97.46310638387175,-0.7958901571239807,0.6470916671142296,1.0,0.9973032474517822,0.0017772511346265674,1.2047359943389893,0.036275941878557205
10,0.9926435496524163,0.875,0.8847308919898101,0.6394093816981096,0.0,0.109375,0.0,56,0.003973915480926818,0.5668631792068481,0.0,1.0,63,0.984375,44,0.6984126984126984,0.9183281334373905,40.88079365079365,24.146863038668478,-0.5106166495061495,0.4130900532364785,2.619047619047619,1.2399253872658607,-0.5701374788405097,0.387609127672853,2.3537728571428587,1.4275855096179721,0.01707207545497521,0.6822945464076323,228.0826984126984,74.43348332308156,-0.7731761424316335,0.4941899411962769,0.984375,0.9972049593925476,0.018753446638584137,1.1478067636489868,0.04264635965228081
11,1.0195843178447705,0.875,0.847573183743017,0.6713840818660045,0.0,0.109375,0.0,56,0.003914835668000103,0.592235803604126,0.0,0.984375,63,0.96875,47,0.746031746031746,0.9004268634071442,39.27809523809525,25.710930901086677,-0.5380346528949703,0.43984718833585523,2.4444444444444446,1.411717155197407,-0.6247196213564256,0.44131240530003035,2.5034952380952396,1.4562699405639143,0.08862979533286364,0.6960038693654284,236.73058730158732,79.98775969328257,-0.7157597820697008,0.5310667255443007,0.984375,0.9987528920173645,0.004789781756699085,1.1478066444396973,0.03682038560509682
12,1.0528536999266498,0.9375,0.8704080685973168,0.6254715250479376,0.0,0.03125,0.0,60,0.007569830138258131,0.6146158576011658,0.0,1.0,62,0.96875,51,0.8225806451612904,0.8941111672991899,45.51241935483871,32.05994776349979,-0.4313815743085341,0.5484623616398803,3.0483870967741935,1.6984567886935813,-0.4359230316276199,0.5309491692135148,2.927016129032259,1.5745233459658423,0.2910456872210901,0.7525214321007475,281.3109677419355,85.44317083621928,-0.4197750369692183,0.5672871090540617,0.96875,0.997873842716217,0.003770028240978718,1.0837911367416382,0.03931097686290741
13,1.0215625119758451,0.90625,0.8757464956363727,0.6678842183734671,0.0,0.078125,0.0,58,0.003841181445566429,0.5605416297912598,0.0,1.0,63,0.984375,53,0.8412698412698413,0.8981655185896384,33.8747619047619,30.447445216001388,-0.6304716394611638,0.5208766349919354,2.4761904761904763,1.4784928282152403,-0.6147955954444408,0.462186935843585,2.928887142857145,1.5263025009203286,0.2919399121346747,0.7294749530099602,249.4910952380952,82.95153122972485,-0.6310383047823152,0.550744241843735,0.984375,0.9996028542518616,0.0032858706545084715,1.118033766746521,0.045191690325737
14,0.9354431907945043,0.828125,0.8874287087962313,0.6877137124196621,0.0,0.15625,0.0,53,0.003967628143516151,0.552509069442749,0.0,1.0,63,0.984375,47,0.746031746031746,0.9113802075171552,36.39063492063492,22.38101313174238,-0.5874315925449695,0.38288095191795146,2.4603174603174605,1.4673742538310561,-0.6197576084004331,0.4587111937043563,2.7439644444444466,1.499654697275215,0.2035586923871225,0.7167390076124281,236.28092063492065,96.69909344140996,-0.7187452764149456,0.642019117849411,0.984375,0.9968105554580688,0.001124227070249617,1.184807538986206,0.04456976056098938
15,1.0437311862181846,0.921875,0.8811171736757634,0.6659733019264404,0.0,0.078125,0.0,59,0.0004281536381584572,0.5658182501792908,0.0,1.0,64,1.0,50,0.78125,0.8915099223488051,36.95453125,24.62700257908529,-0.5777847922817532,0.42130399257899676,2.515625,1.4251336286029461,-0.6024680945068974,0.4455064863363371,2.8666718750000015,1.6273472683979024,0.2622049942077069,0.7777678877087897,249.18760937500002,80.55219579440738,-0.6330532536217496,0.5348142143244936,1.0,0.9995000958442688,0.002736726775765419,1.1014961004257202,0.03957565873861313
16,0.9498724089261619,0.84375,0.8778247347584477,0.6636579391158675,0.0,0.15625,0.0,54,0.0010305898486249374,0.531092643737793,0.0,1.0,64,1.0,37,0.578125,0.8993849911389551,34.03046875,25.34197928029248,-0.6278079001221992,0.4335353852485767,2.078125,1.3381971022143935,-0.7392335766064365,0.418329535608132,2.4472857812500015,1.4232329354169835,0.06176527085873664,0.6802142943875877,217.735125,86.95133909450807,-0.8418773030927501,0.5773003658519832,1.0,0.9969496726989746,0.0018598884344100952,1.1734496355056763,0.04655519127845764
17,0.98844656710894,0.890625,0.8889494763131727,0.6814555661389469,0.0,0.09375,0.0,57,0.0038979967654012558,0.5270781517028809,0.0,1.0,63,0.984375,48,0.7619047619047619,0.891243031651514,36.696825396825396,23.066732440409723,-0.5821934694849482,0.3946118266601098,2.4285714285714284,1.3299276232160897,-0.629681634312418,0.415744440106612,2.6863176190476206,1.4604654882047687,0.17600719769837853,0.6980090727352177,237.2963333333333,68.46064413304272,-0.7120035962017491,0.45453417182581674,0.984375,0.9986547231674194,0.0017482517287135124,1.133455753326416,0.043338593095541
18,0.8861877524262147,0.828125,0.8777422944329819,0.658797619825046,0.0,0.15625,0.0,53,0.005152325165172347,0.5555439591407776,0.0,1.0,63,0.984375,43,0.6825396825396826,0.9161985644828181,38.23269841269842,22.237196723404555,-0.5559186749132703,0.3804206270433947,2.634920634920635,1.4939198178860245,-0.5651754658845174,0.4670095179685436,2.364294603174604,1.5745512579757766,0.022100796948560004,0.752534772255876,217.8233492063492,89.54304248993472,-0.8412915517157985,0.5945075915708811,0.984375,0.9981261491775513,0.012709416449069977,1.1848077774047852,0.04811229184269905
19,0.9688490927004321,0.890625,0.8699260610237456,0.6793673190364418,0.0,0.109375,0.0,57,0.0029680115138579315,0.5010496973991394,0.0,1.0,64,1.0,45,0.703125,0.9016044687080085,37.005625,23.282908758021943,-0.5769107110450413,0.3983100414720253,2.4375,1.3095204274848102,-0.6268905020246722,0.4093650116209249,2.5485148437500014,1.4306628293360142,0.11014628678834647,0.6837653083669174,230.80143750000002,85.13864357418639,-0.7551254823026459,0.5652652460026782,1.0,0.9981024265289307,0.007017544005066156,1.1334558725357056,0.051518019288778305
20,0.9563274440204214,0.890625,0.8812368642865566,0.6549866756413661,0.0,0.109375,0.0,57,0.004236271472927265,0.49471354484558105,0.0,0.984375,64,0.984375,46,0.71875,0.902236168185518,42.098124999999996,31.76667410958181,-0.48979127475478745,0.5434452118297443,2.53125,1.6102091284985314,-0.5975836130033424,0.5033623491204123,2.181099062500001,1.512968654147699,-0.06545495189196175,0.7231022272612695,229.04509375,81.86183547384864,-0.7667864630304388,0.5435093704192601,1.0,1.0000187158584595,0.0028768698684871197,1.1334558725357056,0.048044927418231964
21,0.9724071811609879,0.921875,0.8612182216118958,0.6478858205142767,0.0,0.078125,0.0,59,0.006289914808806455,0.4977800250053406,0.0,1.0,64,1.0,46,0.71875,0.8958473007374403,41.317343750000006,24.047178904329627,-0.5031484121855188,0.41138471684164635,2.59375,1.4111027381094545,-0.5780456869891225,0.4411203343303297,2.524748906250001,1.5114758239311985,0.09878768904602686,0.7223887499188837,244.9530625,82.72722057704071,-0.6611678920575974,0.5492549649308366,1.0,0.9988460540771484,0.004805125296115875,1.1014959812164307,0.04807806387543678
22,0.9406185570347028,0.90625,0.8825386793449007,0.6437935401871318,0.0,0.0625,0.0,58,0.008796634580565198,0.4210277497768402,0.0,1.0,62,0.96875,36,0.5806451612903226,0.8827984044770539,38.9541935483871,27.445322684436803,-0.5435757687753501,0.46951812294005973,2.4838709677419355,1.5106283192216898,-0.6123946214334768,0.4722327093750192,2.551005806451614,1.4971351833769049,0.11133680760490326,0.7155348411503609,243.1678870967742,77.36668523798254,-0.6730202962197928,0.5136644950815203,0.96875,0.997301459312439,0.0005583472666330636,1.1180338859558105,0.053080856800079346
23,0.9832019026662229,0.921875,0.8852759114766525,0.6685298967251913,0.0,0.078125,0.0,59,0.011482775328677062,0.5042760968208313,0.0,1.0,64,1.0,44,0.6875,0.8848088357501669,44.63375,29.484872418962574,-0.4464133227383956,0.5044095167854838,2.65625,1.3831434985206705,-0.5585077609749026,0.43238008545833756,2.6816825000000013,1.684867184408575,0.17379190731693786,0.8052587278297497,255.60070312500002,76.99953518724965,-0.5904744801759028,0.511226857423286,1.0,0.9986750483512878,0.0020000000949949026,1.1014961004257202,0.04922936111688614
24,0.9201440437836038,0.90625,0.8833020134218807,0.6419330759458594,0.0,0.09375,0.0,58,0.012387756465805814,0.5312209725379944,0.0,1.0,64,1.0,44,0.6875,0.9003331513410424,38.851093750000004,32.12485944118995,-0.545339538302522,0.5495728316976164,2.4375,1.3331705629813464,-0.6268905020246722,0.4167582051818465,2.310752187500001,1.386819965971464,-0.0034890524651176045,0.6628112244462052,226.238234375,72.97208738914794,-0.7854221845840926,0.484487222226101,1.0,0.9979792833328247,0.0011897679651156068,1.1180340051651,0.050507593899965286
25,0.9415586067209483,0.9375,0.8934109508991241,0.661226627117568,0.0,0.046875,0.0,60,0.014710182569438181,0.48018020391464233,0.0,1.0,63,0.984375,49,0.7777777777777778,0.8913827416922229,36.64761904761904,22.823761407955004,-0.5830352622006594,0.39045522393407817,2.365079365079365,1.4507971240971238,-0.6495296861363873,0.4535290699560412,2.7440201587301605,1.3913415283984054,0.20358532025147347,0.6649722420275405,250.79973015873014,85.45912893664276,-0.6223498196328443,0.5673930604667565,0.984375,1.0003259181976318,0.004823151044547558,1.0837910175323486,0.04743947833776474
26,0.9052387268414334,0.890625,0.8464729571551607,0.6724489338067473,0.0,0.09375,0.0,57,0.019305710884158847,0.44524118304252625,0.0,1.0,63,0.984375,45,0.7142857142857143,0.8970164552873486,45.85301587301587,34.225654289427844,-0.42555485331373444,0.5855119702228898,2.6031746031746033,1.7506432608206015,-0.5750994917965021,0.5472630161152886,2.6831530158730175,1.551793535199749,0.1744947198306578,0.7416580366529097,268.7996349206349,100.7910674669174,-0.5028421534765586,0.6691871652490566,0.984375,0.9995437860488892,0.0009727626456879079,1.1334558725357056,0.05203670635819435
27,0.863108725362804,0.875,0.8758562276405948,0.6557439142631496,0.0,0.125,0.0,56,0.015866056686003813,0.4562675654888153,0.0,0.984375,64,0.984375,44,0.6875,0.9017077598667522,37.7090625,25.11080822566438,-0.5648767241102499,0.42958064946736435,2.46875,1.2986621721987592,-0.6171215390175623,0.40597064700616686,2.5760745312500015,1.5315674473118739,0.12331805433240109,0.7319912605697373,237.42114062500002,83.36903777161282,-0.7111749569203935,0.5535162138672544,1.0,0.9989886283874512,0.004471771884709597,1.1478066444396973,0.0609884187579155
28,0.9345225786094772,0.9375,0.8626627678672473,0.6747735318702599,0.0,0.0625,0.0,60,0.019595706846834444,0.42485129833221436,0.0,1.0,64,1.0,49,0.765625,0.8885038620641602,43.268750000000004,27.638981953709873,-0.46976492421825744,0.4728311295913022,2.640625,1.8904958633583413,-0.5633922424784576,0.590981892935744,2.8916006250000015,1.3037841381363187,0.27411934193620885,0.6231254108072564,256.94984375,89.89700341557887,-0.5815170634815868,0.5968576620125746,1.0,0.9996779561042786,0.005235602147877216,1.0837910175323486,0.04983577877283096
29,0.9089258591409162,0.90625,0.8467368159828514,0.6618787087146113,0.0,0.09375,0.0,58,0.023981785608349845,0.5291857719421387,0.0,1.0,64,1.0,48,0.75,0.8989579772839358,38.8753125,26.413334166237778,-0.544925218450258,0.45186348220102907,2.515625,1.4360556602635568,-0.6024680945068974,0.4489207878804967,2.483549687500001,1.4997717434735798,0.07909709812870767,0.7167949482074286,243.923796875,77.6067688106158,-0.668001546697758,0.5152584939291469,1.0,0.9997808337211609,0.0015889829955995083,1.1180338859558105,0.056942496448755264
30,0.8736633836225798,0.90625,0.8732786954476915,0.6314773036198237,0.0,0.09375,0.0,58,0.03614283933346167,0.520576000213623,0.0,1.0,64,1.0,51,0.796875,0.9010007212195656,43.5059375,28.87074712829742,-0.4657072626973749,0.4939034295720648,2.75,1.4469796128487782,-0.5292008719535729,0.45233568991878315,2.3128457812500014,1.7235451632045051,-0.002488448586474648,0.8237443273407697,243.34865625000003,86.30617345119697,-0.6718201065576347,0.5730168853927138,1.0,0.9971716403961182,0.003213711781427264,1.1180340051651,0.05002109706401825
31,0.9034874858612782,0.921875,0.8603897074521598,0.6379542793858605,0.0,0.078125,0.0,59,0.03331825418138469,0.5223045945167542,0.0,1.0,64,1.0,40,0.625,0.8972725733381868,43.94890625,26.59605493050071,-0.4581292189479005,0.4549893594678157,2.765625,1.6080091291329786,-0.5243163904500179,0.5026746143230443,1.7769490625000008,1.4181207164795595,-0.25861279712985313,0.6777709807804192,229.293765625,76.71310951092843,-0.7651354434382213,0.5093251771334643,1.0,1.0024386644363403,0.016018306836485863,1.1014961004257202,0.054012637585401535
32,0.8703251867502713,0.84375,0.8853395294260096,0.6922972896515068,0.0,0.15625,0.0,54,0.024124493474388463,0.5373514294624329,0.0,1.0,64,1.0,47,0.734375,0.9053344776756983,38.94640625,24.568512646219773,-0.5437089892065152,0.42030338188093125,2.484375,1.3462005271782507,-0.6122370575140074,0.4208314608049993,2.055102968750001,1.6787983512468085,-0.1256730243332369,0.8023582138210028,229.266796875,84.06225947403875,-0.7653144984062492,0.5581187553185373,1.0,1.0005645751953125,0.01902017369866371,1.1734497547149658,0.04370779171586037
33,0.8428389636364635,0.875,0.8642384747841528,0.6308263500451632,0.0,0.125,0.0,56,0.021382655597306607,0.4776417315006256,0.0,0.96875,64,0.96875,44,0.6875,0.8999775967045931,44.095,35.695521865494555,-0.45562993467779167,0.6106575833104213,2.796875,1.993581007728304,-0.5145474274429079,0.6232070117175921,2.2227776562500012,1.804141095980425,-0.045535250391787255,0.8622640272292631,252.15060937500002,97.16962421836386,-0.613380859822728,0.645143136323524,1.0,0.9983639717102051,0.0011019284138455987,1.1478067636489868,0.054995276033878326
34,0.8908129083528872,0.921875,0.8594074375548605,0.6234151256825715,0.0,0.078125,0.0,59,0.034505380532557,0.5187616944313049,0.0,1.0,64,1.0,51,0.796875,0.9067385383086627,36.3453125,26.58049643116817,-0.5882069413396724,0.4547231939908647,2.5625,1.6476782908080085,-0.5878146499962325,0.5150754646566901,2.4439757812500007,1.787675606894857,0.060183302609973614,0.8543945767961162,242.046328125,88.13522695889236,-0.6804667186840411,0.5851606116441028,1.0,1.0001180171966553,0.006100942846387625,1.1014961004257202,0.055246178060770035
35,0.8570195680212422,0.90625,0.8663064138642673,0.6675115366061191,0.0,0.09375,0.0,58,0.031126139221435336,0.46746188402175903,0.0,0.984375,64,0.984375,49,0.765625,0.905749947806523,42.14515625,24.219385442772612,-0.4889866923320037,0.4143307230379446,2.984375,1.5561590083841046,-0.45593364940024833,0.4864659131547264,2.3932718750000013,1.4720646340980117,0.03595007911277222,0.7035527224378992,255.260421875,87.50846411451525,-0.5927337264642671,0.580999313806377,1.0,0.9978222250938416,0.012086180038750172,1.1180338859558105,0.061453863978385925
36,0.9584485267123019,0.9375,0.8434157475829125,0.6641603646227235,0.0,0.0625,0.0,60,0.04182570253289962,0.5734162926673889,0.0,1.0,64,1.0,51,0.796875,0.8982188850036203,42.6565625,23.350304549589794,-0.4802378608709703,0.39946300826038594,2.734375,1.325733140332171,-0.5340853534571278,0.4144332161665493,2.3426535937500006,1.4056828994437724,0.01175777888786639,0.6718264999240645,247.28579687500002,77.12842739045293,-0.6456800522825332,0.5120826178617061,1.0,1.001487135887146,0.0031595577020198107,1.0837911367416382,0.06334621459245682
37,0.861467683132127,0.875,0.8620984559612614,0.6615091378730512,0.0,0.125,0.0,56,0.034641852629547804,0.5373148918151855,0.0,1.0,64,1.0,48,0.75,0.9008882916388192,45.965,27.944449471227735,-0.4236390960203984,0.4780568847078735,3.015625,1.5051182210627176,-0.4461646863931384,0.4705102151324418,2.233445468750001,1.5634354505532546,-0.04043671847071382,0.7472221274214984,262.18795312500004,93.22730970764917,-0.54673942244637,0.6189687308107408,1.0,0.9979199171066284,0.001532175694592297,1.1478066444396973,0.06868897378444672
38,0.9510280971136453,0.953125,0.9057951154278927,0.6750595830044145,0.0,0.046875,0.0,61,0.04104466098414045,0.5472413301467896,0.0,1.0,64,1.0,53,0.828125,0.8961654109388623,38.96046875,29.878372583154082,-0.5434684163890716,0.5111412816327074,2.640625,1.6617685185894575,-0.5633922424784576,0.5194801659033694,2.665095937500001,1.3795375915736219,0.1658645915371441,0.6593307153607104,258.834328125,75.88592904341995,-0.5690053123060542,0.5038332365665774,1.0,0.9980868697166443,0.0020294266287237406,1.0648607015609741,0.058196812868118286
39,0.8290498737087504,0.859375,0.8572069550102407,0.6388156893755763,0.0,0.140625,0.0,55,0.04551262407010796,0.49973297119140625,0.0,1.0,64,1.0,42,0.65625,0.906881233206416,41.091249999999995,26.06373651143481,-0.5070162884837516,0.44588277515835273,2.640625,1.7081348334879773,-0.5633922424784576,0.5339745919839982,2.298228281250001,1.4938478779831839,-0.00947467845846513,0.7139637194715535,245.49704687500002,100.17552654691133,-0.6575561894435187,0.6651003736939533,1.0,0.9977542757987976,0.005726184230297804,1.1611261367797852,0.05903073400259018
40,0.8839020261418888,0.90625,0.8302345316985558,0.6611268027579601,0.0,0.078125,0.0,58,0.0398065955701922,0.5335952043533325,0.0,1.0,63,0.984375,46,0.7301587301587301,0.8974296617864359,43.006031746031745,24.126648478241712,-0.4742593505685519,0.41274423465832727,2.7936507936507935,1.3587894958115998,-0.5155553363245939,0.42476685820905863,2.2371385714285723,1.6053333017677767,-0.03867165164989212,0.7672466199631163,252.6588888888889,83.9813975424209,-0.6100062142752433,0.5575818846596996,0.984375,0.9983034729957581,0.009144701063632965,1.1180340051651,0.05470772087574005
41,0.9243197556881351,0.984375,0.8686167361244322,0.6593388533390909,0.0,0.015625,0.0,63,0.028713941894336133,0.41296622157096863,0.0,1.0,64,1.0,46,0.71875,0.8902821051984061,43.73921875,26.911167483540147,-0.4617164269591156,0.4603801160684595,2.828125,1.305692913504167,-0.504778464435798,0.4081685046613697,2.3261920312500006,1.3728664975917868,0.003890205111424793,0.6561423592085126,257.546015625,70.17346812998764,-0.5775588697938039,0.4659062096848497,1.0,1.000714659690857,0.004575495608150959,1.0230478048324585,0.056208718568086624
42,0.7951211006018689,0.84375,0.861379775736067,0.6454514007325506,0.0,0.140625,0.0,54,0.024840416335650164,0.4415392279624939,0.0,0.984375,63,0.984375,39,0.6190476190476191,0.8972924058522681,41.158253968253966,26.484446141604767,-0.5058700247736885,0.4530800232334215,2.6825396825396823,1.5412363293889975,-0.5502894270165404,0.48180098198448074,2.093341111111112,1.5610933618431768,-0.10739763850032348,0.746102758848952,236.54900000000004,95.08322100039275,-0.7169654037051132,0.6312907752950145,0.984375,0.9991792440414429,0.0032206119503825903,1.1734496355056763,0.055521585047245026
43,0.855109147346377,0.859375,0.8783228971741416,0.6700687500092267,0.0,0.140625,0.0,55,0.04204960020317169,0.5443502068519592,0.0,1.0,64,1.0,40,0.625,0.8960411493244234,45.7709375,29.44451873432632,-0.42695900090112054,0.5037191701467514,2.671875,1.436735530421309,-0.5536232794713477,0.44913331992595973,2.2516317187500006,1.5501937692809122,-0.031744854403022396,0.7408934508858245,236.507203125,74.05938568688049,-0.7172429077836043,0.4917061760870529,1.0,0.9982203841209412,0.0005370569415390491,1.1611261367797852,0.055530447512865067
44,0.8129850401342884,0.859375,0.8657073481516404,0.6779402354470484,0.0,0.140625,0.0,55,0.02320819210432616,0.38993093371391296,0.0,1.0,64,1.0,43,0.671875,0.8928866194436951,37.73125,26.647364052331703,-0.5644971536649499,0.45586712515666483,2.515625,1.5308513511686888,-0.6024680945068974,0.47855456700643795,2.6093681250000014,1.8232539183943195,0.13923026224771892,0.8713987336350094,247.82671875,86.0631565030278,-0.6420886826775705,0.5714034108384713,1.0,0.9973577857017517,0.002111932495608926,1.1611263751983643,0.05559176951646805
45,0.8988777213933783,0.9375,0.8312394201755524,0.6779579676157585,0.0,0.046875,0.0,60,0.02752753045634816,0.46695536375045776,0.0,1.0,63,0.984375,53,0.8412698412698413,0.8838782319400169,51.10825396825396,26.933246672401985,-0.33565139127579424,0.46075783359175637,3.3015873015873014,1.5999496086798923,-0.35677092173283875,0.5001551532938845,2.3317350793650795,1.2422133079355968,0.006539427503998325,0.5936984928533295,273.4748253968254,79.13929292228583,-0.47180192798447124,0.5254334577601522,0.984375,1.0001872777938843,0.0029761905316263437,1.0837910175323486,0.05538775771856308
46,0.95965741121953,0.96875,0.8823032268593388,0.6951705943863099,0.0,0.03125,0.0,62,0.0437993856145516,0.551542341709137,0.0,1.0,64,1.0,52,0.8125,0.8838322618860696,45.21734375,26.240611668877616,-0.4364295508144849,0.44890864928896973,2.921875,1.4285557337307495,-0.4754715754144682,0.44657625972513554,2.4143050000000015,1.4599781029789896,0.04600256730680727,0.6977761337768797,259.82525,83.64879653068093,-0.5624262352392084,0.5553736301605765,1.0,0.9993419051170349,0.0035897435154765844,1.0446385145187378,0.05807732045650482
47,0.8425983336460463,0.921875,0.8909090166374788,0.6325528182055271,0.0,0.0625,0.0,59,0.038320305864262036,0.46791407465934753,0.0,1.0,63,0.984375,52,0.8253968253968254,0.8918512789803068,47.75873015873017,29.967272756838277,-0.3929530360723572,0.5126621324952451,3.1904761904761907,1.467717619754518,-0.3915050124247851,0.4588185322324908,2.310515238095239,1.662943462476461,-0.003602299122186112,0.7947805912764853,260.10177777777784,89.93969953948152,-0.560590270561242,0.5971411365191912,0.984375,0.9981834292411804,0.032999999821186066,1.1014959812164307,0.06350778043270111
48,0.9063832011305399,0.984375,0.874708984106306,0.6611745942326851,0.0,0.0,0.0,63,0.04323970277449816,0.5150243639945984,0.0,1.0,63,0.984375,48,0.7619047619047619,0.8772740179025554,51.04904761904762,31.127592705900003,-0.33666425799502064,0.5325121903997309,3.365079365079365,1.6359220234219773,-0.3369228699088693,0.5114003753384235,2.6929649206349215,1.431571961927649,0.1791841826080642,0.6841998155856127,293.66600000000005,79.15226820301835,-0.33774565459315975,0.5255196051891846,0.984375,0.9990984201431274,0.005043557845056057,1.0230478048324585,0.05285152792930603
49,0.861955955462619,0.9375,0.857376848657926,0.67144428655497,0.0,0.0625,0.0,60,0.028325032471622942,0.520413339138031,0.0,1.0,64,1.0,51,0.796875,0.8940046026367037,44.869531249999994,28.436258128360937,-0.4423797184992575,0.48647045230180797,3.03125,1.4574029770451273,-0.4412802048895834,0.4555941046145838,2.6544617187500017,1.5538047676616222,0.16078211527947175,0.7426192771047418,276.33428125,80.33091973468814,-0.45281700000790415,0.5333450851361397,1.0,0.9980736970901489,0.012481996789574623,1.0837911367416382,0.05390625447034836
50,0.825836308750904,0.9375,0.8557883088787397,0.6480790281176254,0.0,0.046875,0.0,60,0.02423117834491339,0.40231990814208984,0.0,1.0,63,0.984375,45,0.7142857142857143,0.8873843631686943,42.200476190476195,26.73801606230062,-0.4880403119628537,0.45741794538387553,2.634920634920635,1.4063527894182024,-0.5651754658845174,0.43963546799271336,2.627209365079367,1.6882524583194967,0.14775723364473028,0.8068766721924212,256.20082539682545,70.85910478750759,-0.5864900584212914,0.4704583913688785,0.984375,0.9986554384231567,0.011885466985404491,1.0837911367416382,0.050328027456998825
51,0.8474247591401067,0.9375,0.9001271377007166,0.7069248770667247,0.0,0.046875,0.0,60,0.03696124334441207,0.4275628924369812,0.0,1.0,63,0.984375,53,0.8412698412698413,0.8938577049233396,34.71301587301588,21.197191984962704,-0.6161312932299698,0.36262884961536385,2.6507936507936507,1.2364661647079647,-0.5602134529285251,0.3865277511224067,2.773895873015875,1.318583852457154,0.21786400043549312,0.6301987274677758,260.374253968254,73.46961045717583,-0.5587812057890841,0.4877904519656697,0.984375,0.9995701909065247,0.006922257598489523,1.0837910175323486,0.04820400848984718
52,0.76086655430784,0.859375,0.8440615461631255,0.6717717191021775,0.0,0.140625,0.0,55,0.023959922906724856,0.451570987701416,0.0,1.0,64,1.0,42,0.65625,0.901345880087345,40.1653125,30.203140718762075,-0.5228566719967622,0.516697220149979,2.640625,1.594592301930183,-0.5633922424784576,0.49848042268730364,2.173898125000001,1.7932116673111578,-0.06889653935006572,0.8570404595156992,239.775921875,84.13247871851887,-0.6955407402276658,0.5585849654534284,1.0,0.9978398084640503,0.006207674741744995,1.1611262559890747,0.049793269485235214
53,0.7567034236285611,0.875,0.8672500396413463,0.648983724002026,0.0,0.109375,0.0,56,0.026122494884045118,0.454036682844162,0.0,1.0,63,0.984375,46,0.7301587301587301,0.9030912593531222,34.15428571428572,23.297689967529596,-0.6256897137438501,0.3985629095407528,2.3968253968253967,1.4313905165200629,-0.6396056602244027,0.4474624321475994,2.5537655555555565,1.3864193451658455,0.11265579112665201,0.6626197533301079,233.363253968254,86.76700581130663,-0.7381166863511401,0.5760765126837735,0.984375,0.9976158738136292,0.001171646174043417,1.1478067636489868,0.051024872809648514
54,0.8040605708627353,0.890625,0.8799405490097246,0.6791639481724211,0.0,0.109375,0.0,57,0.02940438857436329,0.49229007959365845,0.0,1.0,64,1.0,53,0.828125,0.8860049177640055,36.0909375,22.694875710082524,-0.5925586363040971,0.38825032470098514,2.515625,1.4141272429930059,-0.6024680945068974,0.44206581517264126,2.976297187500002,1.497129007086846,0.31459888050247503,0.7155318892788297,261.464921875,96.54972806559728,-0.5515398799148139,0.641027428854161,1.0,0.9957906007766724,0.006179196760058403,1.133455753326416,0.052851997315883636
55,0.8196532483902328,0.890625,0.8895896160811708,0.681032192543088,0.0,0.109375,0.0,57,0.02806627817150825,0.4653668999671936,0.0,1.0,64,1.0,50,0.78125,0.8960471296686298,29.26234375,21.89558058591587,-0.70937812342342,0.37457646301282654,2.09375,1.2589523174052304,-0.7343490951028816,0.3935570757263048,2.6703757812500015,1.5499467522736932,0.16838801908123124,0.7407753925588382,223.3265,75.24582656595483,-0.8047542079601128,0.4995833722370387,1.0,0.9986225366592407,0.0046701692044734955,1.133455753326416,0.05119667947292328
56,0.782474668502569,0.890625,0.8868461094404522,0.6673493920376619,0.0,0.109375,0.0,57,0.026465822714954353,0.45167142152786255,0.0,1.0,64,1.0,47,0.734375,0.900194791540659,38.58359375,23.80733824417297,-0.5499157678965609,0.4072816666477671,2.734375,1.325733140332171,-0.5340853534571278,0.4144332161665493,2.201233593750001,1.5302439853902465,-0.055831934024523903,0.7313587304372718,233.213421875,74.8968406282111,-0.7391114740467949,0.49726633248084035,1.0,0.9990300536155701,0.0035335689317435026,1.1334558725357056,0.053491413593292236
57,0.7941498090487537,0.90625,0.8646311780502056,0.6745853469212091,0.0,0.09375,0.0,58,0.02384545456691029,0.4547809362411499,0.0,1.0,64,1.0,46,0.71875,0.8982281440934095,37.8740625,24.279505871641906,-0.5620540030522446,0.41535922728391833,2.59375,1.2082884330738253,-0.5780456869891225,0.377719200147745,2.4078496875000015,1.423615937254903,0.04291734089869834,0.6803973447642665,241.33810937500002,75.72599745982166,-0.6851688307818644,0.5027713948205609,1.0,0.998497486114502,0.008106542751193047,1.118033766746521,0.05413539335131645
58,0.8287348463125214,0.921875,0.8775948513362367,0.7014975948734928,0.0,0.078125,0.0,59,0.02476765761459384,0.4338567852973938,0.0,1.0,64,1.0,49,0.765625,0.8895021776012001,34.0428125,23.864562408827943,-0.6275967306491098,0.40826062334230256,2.484375,1.3462005271782507,-0.6122370575140074,0.4208314608049993,2.565311718750001,1.4168543892474843,0.1181741184887799,0.6771657573744717,239.14025,74.34339335433583,-0.699761188237103,0.4935918023699159,1.0,0.9964852929115295,0.002844141097739339,1.1014961004257202,0.047283731400966644
59,0.7649558758284564,0.875,0.8750212235110146,0.6816723019972175,0.0,0.109375,0.0,56,0.030443748658469917,0.45264530181884766,0.0,1.0,63,0.984375,44,0.6984126984126984,0.8934382261218228,38.28206349206349,22.422077920694214,-0.555074166737186,0.38358346370290225,2.5873015873015874,1.528926593428448,-0.5800615047524944,0.477952874617252,2.4650146031746045,1.660423449528909,0.07023851356951878,0.7935761863008061,238.1641904761905,81.58871659108014,-0.7062415889538313,0.5416960385880853,0.984375,0.9987084269523621,0.004664722830057144,1.1478067636489868,0.05639373138546944
60,0.8139515069836153,0.90625,0.8590025172151369,0.6763459100087276,0.0,0.078125,0.0,58,0.025392201311987744,0.3793198764324188,0.0,1.0,63,0.984375,42,0.6666666666666666,0.8875701953067423,39.34031746031746,28.619127079976664,-0.536970192428652,0.48959886466896596,2.5396825396825395,1.3312531013499527,-0.5949475436204715,0.41615879360601804,2.605970000000002,1.3397242467157555,0.13760617588659332,0.6403024835050664,244.36044444444443,84.42803171740705,-0.665102490694553,0.5605472452315622,0.984375,0.9986107349395752,0.0017441860400140285,1.1180338859558105,0.05474642664194107
61,0.8622469803470787,0.921875,0.8593196596129465,0.6972347976036363,0.0,0.078125,0.0,59,0.020707622599789387,0.38494864106178284,0.0,1.0,64,1.0,40,0.625,0.8816322716820496,32.589375,23.71196110846539,-0.6524612678475616,0.4056500118028336,2.21875,1.2558457060881325,-0.6952732430744418,0.39258592785321045,2.6854231250000016,1.5457261673541545,0.17557968676724847,0.7387582229715521,229.622546875,73.41219851652079,-0.7629525496738827,0.4874092740023447,1.0,0.9986717700958252,0.0011869436129927635,1.1014959812164307,0.04958058148622513
62,0.8010964834008542,0.921875,0.8311639564522242,0.6109123842147384,0.0,0.078125,0.0,59,0.033883353496159285,0.39921924471855164,0.0,0.984375,64,0.984375,41,0.640625,0.8862176556289162,48.66734375,30.939813309582785,-0.37740901960164713,0.5292997730891604,3.125,1.8157298807917437,-0.4119733158682536,0.5676095371634778,2.368991875000001,1.6940154716603426,0.024345792381667383,0.8096310238910357,256.966546875,88.77228279404873,-0.581406165590033,0.589390248249287,1.0,0.9994800090789795,0.0,1.1014961004257202,0.06421880424022675
63,0.8247954439838331,0.9375,0.8449021600186825,0.6587421246514534,0.0,0.0625,0.0,60,0.03483241582939414,0.43500185012817383,0.0,1.0,64,1.0,47,0.734375,0.8975785530357787,45.9953125,26.071835196766333,-0.4231205279472422,0.44602132261064026,2.90625,1.538249309279871,-0.4803560569180232,0.48086721913815916,2.3585026562500007,1.4231112822420142,0.01933261684788292,0.6801561519524933,245.179703125,76.52983959534997,-0.6596631456432009,0.508108384034992,1.0,0.9982547760009766,0.001095890416763723,1.0837910175323486,0.051114149391651154
64,0.8550624956283338,0.953125,0.8388256203444278,0.6709213933470943,0.0,0.03125,0.0,61,0.030717230411036023,0.5020260214805603,0.0,1.0,63,0.984375,49,0.7777777777777778,0.8833735798266973,43.20349206349207,22.36333756778205,-0.4708813178642145,0.3825785689688427,2.9523809523809526,1.4521857792358959,-0.4659352067646704,0.45396317301781075,2.2692892063492076,1.3276487716179821,-0.023305704936295635,0.6345311789149148,248.0828253968254,71.75493337578376,-0.6403883010336635,0.47640611083056955,0.984375,0.9991450905799866,0.0021563342306762934,1.0648607015609741,0.04957744851708412
65,0.8275272256359849,0.921875,0.8770094407817065,0.6796118604594801,0.0,0.046875,0.0,59,0.03579504869889535,0.4077356159687042,0.0,1.0,62,0.96875,45,0.7258064516129032,0.8796763026881114,37.538387096774194,25.2217692834115,-0.5677965365633956,0.4314789047056755,2.435483870967742,1.4098840920322708,-0.6275207577025502,0.4407393772600332,2.5840406451612914,1.502307240657465,0.1271253471643307,0.7180067536574991,241.88249999999996,65.40661494654904,-0.6815544309318832,0.4342574034051589,0.96875,0.9967876076698303,0.0027995521668344736,1.1014959812164307,0.0454387441277504
66,0.8551373444888319,0.90625,0.848842141700202,0.7070432785719123,0.0,0.09375,0.0,58,0.026237766698727925,0.526278018951416,0.0,1.0,64,1.0,43,0.671875,0.8822424892117239,37.787343750000005,24.669038365567392,-0.5635375354264803,0.42202311560743827,2.59375,1.2956507776017425,-0.5780456869891225,0.40502926452878873,2.716667343750001,1.2510683128458693,0.19051242453760905,0.5979306187175859,248.83678125,80.26828392013499,-0.6353825243037519,0.5329292240460918,1.0,0.9970796704292297,0.0022271715570241213,1.1180340051651,0.0584096759557724
67,0.7534210045475649,0.890625,0.8701038271711584,0.6310658753986726,0.0,0.09375,0.0,57,0.05057993377648923,0.5690334439277649,0.0,1.0,63,0.984375,46,0.7301587301587301,0.9002424593649657,39.83111111111112,27.970274363541403,-0.5285739889545273,0.478498681479719,2.4761904761904763,1.6021527467867354,-0.6147955954444408,0.5008438692831741,2.987104126984128,1.8529507393889408,0.31976390622156475,0.8855919142702597,265.89058730158735,101.13290148440855,-0.5221563385396736,0.6714567209041318,0.984375,0.9980052709579468,0.008849557489156723,1.1334558725357056,0.052591707557439804
68,0.7736603502485158,0.921875,0.8599524619215626,0.6533990465771543,0.0,0.0625,0.0,59,0.03533465958308486,0.43057575821876526,0.0,1.0,63,0.984375,39,0.6190476190476191,0.8916746783706159,41.157936507936505,26.459319728668486,-0.505875455694435,0.45265017562792226,2.5714285714285716,1.3997084244475304,-0.5850235177084867,0.43755839421337794,2.6881492063492076,1.5797695382276722,0.1768825792560666,0.755028776386282,254.18214285714285,88.18720796805977,-0.5998927981701423,0.5855057317529154,0.984375,0.9994171857833862,0.012266666628420353,1.1014959812164307,0.056428372859954834
69,0.7949772325625628,0.953125,0.8688452966877671,0.5906038964762528,0.0,0.046875,0.0,61,0.044939385421021064,0.4845462143421173,0.0,1.0,64,1.0,44,0.6875,0.8942473254474047,44.5009375,31.42721057851132,-0.4486853993475855,0.5376378732989715,2.8125,1.4986973510352248,-0.509662945939353,0.4685030073957366,2.565198437500001,1.850495687762826,0.1181199772982421,0.884418556650445,255.933421875,95.7738588469286,-0.5882654439712731,0.6358761616229125,1.0,0.9973486065864563,0.004044489469379187,1.0648608207702637,0.04964012652635574
70,0.7936348444691198,0.921875,0.8759066755488768,0.6451876289803175,0.0,0.0625,0.0,59,0.05088633902844146,0.4539167582988739,0.0,1.0,63,0.984375,49,0.7777777777777778,0.9001432438426977,42.08492063492062,27.839228396134008,-0.4900171671145883,0.4762568256508249,2.8412698412698414,1.460662485120932,-0.5006692974566168,0.456613049056629,2.595874126984129,1.6067429266278683,0.13278099445014294,0.7679203304680502,262.0746349206349,83.84485149640393,-0.5474917816569234,0.5566753076806429,0.984375,0.9989319443702698,0.0010582010727375746,1.1014959812164307,0.05192935839295387
71,0.7519946964776667,0.890625,0.8774993628786322,0.6168224462082005,0.0,0.109375,0.0,57,0.03545187458466819,0.5015724301338196,0.0,1.0,64,1.0,39,0.609375,0.9009197036140937,42.07718750000001,28.690269499690025,-0.4901494609496478,0.4908159265249802,2.65625,1.4055553840030637,-0.5585077609749026,0.43938619362464426,2.018769531250001,1.5204754354872345,-0.14303808309257265,0.7266899885088675,232.0156875,86.44410187240857,-0.7470636516679979,0.573932640444402,1.0,1.0010133981704712,0.013348164968192577,1.1334556341171265,0.056328967213630676
72,0.8061784380868819,0.9375,0.8791591157515843,0.6598688266019576,0.0,0.03125,0.0,60,0.03053104751031977,0.44070181250572205,0.0,1.0,62,0.96875,45,0.7258064516129032,0.8816546096083561,41.615967741935485,28.094831430277946,-0.4980397320009013,0.4806295290869954,2.725806451612903,1.3815530629566237,-0.5367639400881097,0.4318829044602459,2.4566135483870983,1.659720992886861,0.06622334682331028,0.7932404569642949,254.41856451612904,73.73528392327407,-0.5983231120485782,0.48955435107030537,0.96875,0.9996749758720398,0.008359456434845924,1.0837911367416382,0.04849226772785187
73,0.7375302875143239,0.921875,0.9018215370380273,0.5996104766553434,0.0,0.078125,0.0,59,0.03613761330068593,0.39156562089920044,0.0,1.0,64,1.0,43,0.671875,0.9061312504060414,42.513906250000005,29.451176844970238,-0.4826783384523706,0.5038330731111218,2.9375,1.6189792308735773,-0.47058709391091325,0.5061039429018649,2.6731651562500014,1.761430865808209,0.16972116188603248,0.8418512695163357,265.66057812500003,84.07840005573016,-0.5236834499467659,0.5582259182882229,1.0,0.9994077682495117,0.0005230125389061868,1.1014961004257202,0.05799064412713051
74,0.8411102310343813,0.984375,0.8517177762493254,0.6577086363121962,0.0,0.015625,0.0,63,0.045719728705579284,0.4730239510536194,0.0,1.0,64,1.0,48,0.75,0.9031639998340851,46.81765625,29.948559217336918,-0.40905236418939955,0.5123419924830008,3.15625,1.8726547833223293,-0.40220435286114364,0.585404649707626,2.5516490625000015,1.574787908671871,0.1116442428448953,0.7526478761493107,271.770890625,87.07460965551279,-0.48311494716745984,0.5781188022407483,1.0,0.9993066787719727,0.003355704713612795,1.0230478048324585,0.04714580997824669
75,0.7711530188727528,0.921875,0.8939895811727492,0.6484368597603202,0.0,0.078125,0.0,59,0.03939664306574979,0.4193476736545563,0.0,1.0,64,1.0,50,0.78125,0.9070270663937088,35.99140625,24.63489819260394,-0.5942613572453371,0.4214390660004814,2.625,1.4306903927824497,-0.5682767239820126,0.4472435686950188,2.4292809375000015,1.514389436921197,0.05316010737340962,0.7237812705350045,247.90584374999997,75.76827033280878,-0.6415633441155228,0.5030520592162473,1.0,0.9978213310241699,0.003812636248767376,1.1014961004257202,0.06385967880487442
76,0.7879848131292395,0.921875,0.8912366421545966,0.6580358643112563,0.0,0.078125,0.0,59,0.045331585790587325,0.5269582271575928,0.0,1.0,64,1.0,41,0.640625,0.9008267504256431,36.99187500000001,27.165881972786654,-0.577145937799875,0.46473761881133935,2.59375,1.4439393815184902,-0.5780456869891225,0.45138529288202667,2.306032968750001,1.611936673073419,-0.005744537124170584,0.7704026090085291,235.61643750000002,66.8907314431237,-0.7231570124604964,0.444110972140981,1.0,0.9985405206680298,0.0,1.1014961004257202,0.059210725128650665
77,0.7843703668249666,0.9375,0.8955008616050084,0.6739192951232611,0.0,0.0625,0.0,60,0.02340436094954288,0.3934139609336853,0.0,1.0,64,1.0,47,0.734375,0.8942995328774952,35.388125,20.57532198069753,-0.6045819311136689,0.3519902704857812,2.53125,1.237042213305593,-0.5975836130033424,0.3867078278405036,2.7706720312500015,1.515321986149088,0.21632321031082635,0.7242269694077936,248.71873437500003,75.40860322793961,-0.6361662788132839,0.5006641034539995,1.0,0.9984389543533325,0.0010917030740529299,1.0837911367416382,0.0605815164744854
78,0.8655552684501844,0.984375,0.8482610800909618,0.6883372813176298,0.0,0.015625,0.0,63,0.03840127658613753,0.5730694532394409,0.0,1.0,64,1.0,53,0.828125,0.8814769800758928,38.67203125,22.552427750389167,-0.5484028321779709,0.3858134104252498,2.53125,1.211516998436258,-0.5975836130033424,0.3787284716866775,3.0046890625000016,1.5090160253567557,0.3281683804338458,0.7212131235614456,263.04746875,72.79654285596453,-0.541032797454331,0.48332172064457907,1.0,0.9988719820976257,0.006085192784667015,1.0230478048324585,0.045566946268081665
79,0.7717401516927568,0.921875,0.876945669368162,0.6666530577343915,0.0,0.078125,0.0,59,0.02774152067457956,0.41322898864746094,0.0,0.96875,64,0.96875,46,0.71875,0.8945363990218471,33.9778125,21.435539084423414,-0.6287087116719603,0.36670634886846826,2.390625,1.257691182037546,-0.6415439465353372,0.3931628362141811,2.6747235937500013,1.4564346244471982,0.1704659953128243,0.6960825777262858,242.858859375,83.1733678326233,-0.6750720393981783,0.5522170926743983,1.0,0.9979739189147949,0.0016556291375309229,1.1014961004257202,0.05425061658024788
80,0.8059564879448042,0.921875,0.8623194361137132,0.6783616555535242,0.0,0.078125,0.0,59,0.03232221149241905,0.4329853355884552,0.0,1.0,64,1.0,44,0.6875,0.8789250929078402,35.98375,23.74548183997326,-0.5943923357792786,0.4062234643768155,2.5,1.0307764064044151,-0.6073525760104523,0.32222773064852644,2.433153906250001,1.4070893560063293,0.05501113866976895,0.672498696185463,230.77967187500002,64.1569477560826,-0.7552699919031459,0.42596042564998754,1.0,0.9986087083816528,0.004681100137531757,1.1014962196350098,0.054193463176488876
81,0.8587790088606913,1.0,0.8654607771895826,0.6699925763797759,0.0,0.0,0.0,64,0.03627554720071689,0.45761096477508545,0.0,1.0,64,1.0,47,0.734375,0.8810006143000869,39.45109375,23.484445391922947,-0.5350750980915938,0.40175780935367295,2.65625,1.301666599978658,-0.5585077609749026,0.40690985160902654,2.5803565625000013,1.2961923034522354,0.12536459133473013,0.6194969995020979,255.71925000000002,84.09804074728052,-0.5896874059914129,0.5583563197120042,1.0,1.0004022121429443,0.0014829460997134447,0.9999998807907104,0.057251594960689545
82,0.824254564458426,0.96875,0.8707850589867561,0.6882197206226631,0.0,0.03125,0.0,62,0.026019828723790543,0.39581501483917236,0.0,1.0,64,1.0,51,0.796875,0.8838212797451347,42.9140625,28.870104439906235,-0.4758327052804469,0.4938924348444555,2.8125,1.4986973510352248,-0.509662945939353,0.4685030073957366,2.6895601562500016,1.4810914273649827,0.1775569230456892,0.7078669521468094,264.40971875,72.62115779820752,-0.5319883430322191,0.48215727787621593,1.0,0.9965824484825134,0.0020439447835087776,1.0446386337280273,0.05223451927304268
83,0.7663622115935791,0.875,0.8418785477323192,0.6913057138714161,0.0,0.125,0.0,56,0.026083292917279996,0.4624168276786804,0.0,1.0,64,1.0,46,0.71875,0.8865586197112802,36.27906250000001,23.990472113864158,-0.5893403066129622,0.4104146110745023,2.546875,1.4462201541864226,-0.5926991314997875,0.45209827796428775,2.4557568750000014,1.6912177378471969,0.06581391174840173,0.8082938861082906,238.21835937500003,92.81503760308178,-0.7058819426801085,0.6162315120482025,1.0,0.9977522492408752,0.01381978951394558,1.1478065252304077,0.06291624158620834
84,0.7809763366274747,0.9375,0.8604260474443436,0.6736808587600502,0.0,0.0625,0.0,60,0.026367469433243425,0.4678650200366974,0.0,1.0,64,1.0,47,0.734375,0.8869934830630262,47.06515625000001,31.7115061921629,-0.4048182826023915,0.5425014321798979,3.109375,1.812432649610738,-0.41685779737180856,0.5665788002216174,2.5595029687500013,1.328758364259517,0.11539790759300955,0.6350614932133949,264.2729375,82.99775303902722,-0.5328964816128208,0.5510511246094115,1.0,0.9988014698028564,0.004089979454874992,1.0837911367416382,0.05403200909495354
85,0.7597871036661074,0.9375,0.8566838676730791,0.6731153938518306,0.0,0.0625,0.0,60,0.026323198616177348,0.42970967292785645,0.0,1.0,64,1.0,47,0.734375,0.89438591732215,41.82140625,22.983769671987254,-0.49452521319581705,0.39319254936643394,2.9375,1.5090870584562046,-0.47058709391091325,0.4717509007541445,2.514454062500001,1.5719284207857955,0.09386741232745506,0.7512812238703098,258.89140625000005,88.37211765114304,-0.56862635066167,0.5867334118416317,1.0,0.998477041721344,0.005359056871384382,1.0837910175323486,0.061685711145401
86,0.7621545689623346,0.90625,0.8606149867690843,0.7024010050829702,0.0,0.09375,0.0,58,0.030021080961695465,0.37572774291038513,0.0,1.0,64,1.0,45,0.703125,0.8873824558545019,38.230625,20.601527163887027,-0.555954145614396,0.35243857304588955,2.65625,1.2896068926227093,-0.5585077609749026,0.40313990488784784,2.408262187500001,1.2659510781417829,0.04311448950975991,0.6050436284311574,237.858140625,71.84136380310164,-0.7082735610074092,0.47697995268086146,1.0,0.99812912940979,0.0011441647075116634,1.1180338859558105,0.05019122362136841
87,0.7816752185842768,0.9375,0.8976604640483856,0.6782057998659851,0.0,0.046875,0.0,60,0.024374168883618125,0.40183672308921814,0.0,1.0,63,0.984375,44,0.6984126984126984,0.8910972569627622,42.67063492063491,32.59228367501166,-0.4799971183372535,0.5575692451996196,2.746031746031746,1.5323832871297993,-0.530441375192571,0.47903346062990515,2.3273744444444455,1.6132488457883347,0.004455322975633201,0.771029743622393,250.75514285714286,70.34256321357495,-0.6226458503298612,0.4670288911137421,0.984375,0.9977605938911438,0.009361233562231064,1.0837910175323486,0.05805005878210068
88,0.778191295121809,0.921875,0.8650413089889591,0.6984317623567251,0.0,0.078125,0.0,59,0.023251169211407442,0.46588054299354553,0.0,1.0,64,1.0,41,0.640625,0.8857380596215746,38.47625,25.005129754962283,-0.5517521404030473,0.4277727655605244,2.484375,1.4683343826850204,-0.6122370575140074,0.45901133652856224,2.2941054687500007,1.4093406156481152,-0.01144511908402473,0.6735746542739904,231.00770312499998,70.01669833771794,-0.7537560126427739,0.46486536017782293,1.0,0.9987936615943909,0.012870732694864273,1.1014959812164307,0.060162510722875595
89,0.8383083639189544,1.0,0.8959058551117778,0.7071922657471945,0.0,0.0,0.0,64,0.022762723808755273,0.4394598603248596,0.0,1.0,64,1.0,49,0.765625,0.8762597313889455,38.4025,29.16151986136868,-0.5530138111789739,0.4988777951280284,2.734375,1.7521610540629535,-0.5340853534571278,0.5477374886284719,2.8683906250000017,1.3028560926742303,0.2630264467537978,0.6226818644464008,262.5044375,64.88745224903732,-0.5446381719380216,0.4308105005934097,1.0,0.9987074732780457,0.0020714655984193087,0.9999998211860657,0.07137886434793472
90,0.7793875247854198,0.9375,0.858296025544405,0.680868896830221,0.0,0.046875,0.0,60,0.05339222261783953,0.547008216381073,0.0,1.0,63,0.984375,48,0.7619047619047619,0.8956258586814941,41.69349206349206,28.64782305138159,-0.4967134923950509,0.49008977814026655,2.6984126984126986,1.3759259004932909,-0.545327414060548,0.4301238151181884,2.6801144444444454,1.788491975524844,0.1730424770748879,0.8547847487755499,259.1478730158731,108.08038245889064,-0.5669235780613947,0.717583478123579,0.984375,0.9998366236686707,0.010939830914139748,1.0837910175323486,0.07284026592969894
91,0.7486082154843651,0.953125,0.8704021548638579,0.6352070504827135,0.0,0.046875,0.0,61,0.01779091559737781,0.3331913352012634,0.0,1.0,64,1.0,37,0.578125,0.8780970371845644,38.250937500000006,25.551116885981596,-0.5556066515447552,0.4371131859976644,2.375,1.2686114456365274,-0.6464284280388921,0.39657658505022386,2.428780312500001,1.765557567947703,0.05292084064998443,0.8438235691407406,231.1340625,75.47866589989087,-0.7529170685370707,0.5011292740490845,1.0,1.0002230405807495,0.009158557280898094,1.0648607015609741,0.06305151432752609
92,0.7325146907140351,0.90625,0.8640357600203876,0.6742193877113558,0.0,0.046875,0.0,58,0.0373704373071268,0.44972026348114014,0.0,1.0,61,0.953125,48,0.7868852459016393,0.8933812327176657,36.766557377049175,25.472463298805696,-0.5810005365819538,0.435767627592761,2.4098360655737703,1.464073020443679,-0.6355384364899828,0.45767920564550435,2.7828878688524603,1.5253277089687716,0.2221615991987812,0.7290090648176604,253.76449180327864,70.92582320448275,-0.6026657296592388,0.47090135828497126,0.953125,0.9983347654342651,0.0010542962700128555,1.118033766746521,0.08517441898584366
93,0.7643992646394564,0.890625,0.8561368642146128,0.7183164256094284,0.0,0.109375,0.0,57,0.020206304610775928,0.3765711188316345,0.0,1.0,64,1.0,39,0.609375,0.8774507341728914,31.53328125,21.583605906356297,-0.6705282864375783,0.3692393872700553,2.125,1.192424001771182,-0.7245801320957717,0.3727598707869655,2.561464062500001,1.3542030590128458,0.11633518494809916,0.6472224295273596,220.21884375,70.59353654664913,-0.825387025220319,0.46869519089142964,1.0,0.9985283017158508,0.020870601758360863,1.1334556341171265,0.06489879637956619
94,0.763860302694955,0.953125,0.8659837641676918,0.6577356297564799,0.0,0.046875,0.0,61,0.030924258877890215,0.4193761348724365,0.0,1.0,64,1.0,43,0.671875,0.8787352923828597,43.412031250000005,28.091933850066702,-0.4673137545116373,0.48057995902227096,2.65625,1.6222934190521763,-0.5585077609749026,0.5071399807167556,2.856526562500002,1.4908966074388132,0.2573561838606452,0.7125532009535164,260.706109375,75.2567235291799,-0.5565779016224146,0.499655720988904,1.0,0.9987307786941528,0.0041862898506224155,1.0648607015609741,0.05904952064156532
95,0.780135116597986,0.953125,0.8511766146440976,0.6569864826817128,0.0,0.046875,0.0,61,0.03544320696452001,0.48969200253486633,0.0,1.0,64,1.0,45,0.703125,0.8788026869554812,39.611875,33.589372476415434,-0.5323245488788216,0.5746268425112783,2.75,1.928406077567689,-0.5292008719535729,0.6028328843022314,2.4619184375000014,1.67566923805481,0.06875874444863332,0.8008626978945599,251.75732812500002,83.22981712798584,-0.615991991656603,0.5525918792987822,1.0,1.0001851320266724,0.003703703638166189,1.0648607015609741,0.0568411760032177
96,0.7595433466249708,0.953125,0.86714797772345,0.6843217475957238,0.0,0.046875,0.0,61,0.03589027679131067,0.3719625771045685,0.0,0.984375,64,0.984375,47,0.734375,0.8845185282734274,39.232031250000006,23.320029694160414,-0.5388226879811044,0.3989450841879703,2.640625,1.3505460411903771,-0.5633922424784576,0.4221898981052022,2.776458281250001,1.367910669688855,0.2190886676459931,0.653773790510999,253.78737500000003,78.05474763217086,-0.602513800109025,0.5182327820800928,1.0,0.9987480044364929,0.0054824561811983585,1.0648607015609741,0.06177660450339317
97,0.7709480247695792,0.921875,0.8744640794851012,0.6768185922994527,0.0,0.046875,0.0,59,0.028288318981435013,0.38368529081344604,0.0,0.984375,62,0.953125,40,0.6451612903225806,0.8710135216914143,37.12306451612903,23.988183958795194,-0.5749016262255301,0.4103754666896711,2.5806451612903225,1.3742844131703738,-0.58214234889533,0.42961067499229344,2.55618241935484,1.6173555039080219,0.11381089740823817,0.77299246348761,238.3867258064516,80.37499375651801,-0.7047640990277119,0.5336377079892426,0.96875,0.9973165392875671,0.001124859438277781,1.1014961004257202,0.06410055607557297
98,0.7338080228630501,0.921875,0.8900057799735311,0.6654904870838602,0.0,0.078125,0.0,59,0.026907617645889607,0.3630456328392029,0.0,0.96875,64,0.96875,38,0.59375,0.8619534554761149,35.0028125,25.199148514182852,-0.6111736263116245,0.4310919221502211,2.25,1.590990257669732,-0.6855042800673319,0.4973543990991334,2.450322968750001,1.3547272711113305,0.06321685218518315,0.6474729693749185,234.32196875000002,85.59513817329396,-0.7317514434461619,0.5682960733805962,1.0,0.9987621903419495,0.0005614823312498629,1.1014959812164307,0.07115046679973602
99,0.7258558791456258,0.890625,0.8743812990816016,0.6780658280162901,0.0,0.109375,0.0,57,0.036357252718922164,0.44824427366256714,0.0,1.0,64,1.0,47,0.734375,0.8823171697230108,35.27578125,23.122053042272185,-0.606503840621913,0.3955582183438595,2.4375,1.2975337182516684,-0.6268905020246722,0.40561788461050746,2.6552640625000015,1.3426559778496407,0.1611655842634877,0.6417036634348897,240.74803125,78.5481797945075,-0.6890865659311013,0.5215088508653068,1.0,0.9969475269317627,0.0021857924293726683,1.1334558725357056,0.058694154024124146
100,0.7148134025196635,0.890625,0.872731395980768,0.6667425491802755,0.0,0.109375,0.0,57,0.03177199119880506,0.403019517660141,0.0,1.0,64,1.0,48,0.75,0.8849641114852796,36.272656250000004,19.162723191964023,-0.5894499008964644,0.32782437747080645,2.390625,1.1939585877973322,-0.6415439465353372,0.37323959283882757,2.6899182812500015,1.3353731113994367,0.17772808388529285,0.6382229191798439,241.41193750000002,78.2724921252422,-0.6846786600263992,0.5196784639617221,1.0,0.9998632669448853,0.012408347800374031,1.1334558725357056,0.06159614399075508
101,0.7619135979265184,0.9375,0.901212094227473,0.7055617533664112,0.0,0.0625,0.0,60,0.031390735607731465,0.4037899374961853,0.0,1.0,64,1.0,49,0.765625,0.8894068269111486,30.747812500000002,20.35266924054051,-0.6839656148074577,0.348181260920546,2.125,1.2808688457449497,-0.7245801320957717,0.4004083318733446,2.6153770312500013,1.321572242525783,0.14210213502635677,0.6316269867437543,237.927609375,65.30987413013665,-0.707812333667981,0.4336151072739056,1.0,0.9987795352935791,0.003763440763577819,1.0837910175323486,0.06524917483329773
102,0.7172351761763133,0.890625,0.8868418199974194,0.6885205139888773,0.0,0.09375,0.0,57,0.034420456986020594,0.5088129043579102,0.0,1.0,63,0.984375,47,0.746031746031746,0.8933116869490175,38.603015873015885,28.19399342958859,-0.5495835058624512,0.4823259331088625,2.492063492063492,1.390135494972147,-0.6098335824884485,0.4345658312081077,2.228838571428573,1.4390316318989997,-0.0426385206724688,0.6877650606130825,236.4146507936508,82.13358432034141,-0.717857395096908,0.5453136061002036,0.984375,0.9959532618522644,0.012141280807554722,1.1334556341171265,0.06933950632810593
103,0.7295695186459425,0.90625,0.8499598975839286,0.6763232888122673,0.0,0.09375,0.0,58,0.027937912158960323,0.4100680351257324,0.0,1.0,64,1.0,45,0.703125,0.8878335593708621,37.63578125000001,28.923572393718043,-0.5661303757922616,0.4948071325362921,2.40625,1.5483736427296868,-0.6366594650317822,0.4840321547843318,2.4393282812500012,1.3245494537017999,0.05796209492534415,0.6330499032242135,240.955953125,88.39020977840072,-0.6877060998479317,0.5868535318052075,1.0,0.9966750741004944,0.00561797758564353,1.118033766746521,0.06235209107398987
104,0.8503607288436731,1.0,0.8469454329460859,0.7226617929279824,0.0,0.0,0.0,64,0.04144402563830023,0.431305468082428,0.0,1.0,64,1.0,48,0.75,0.8802834591534346,40.05703125000001,20.88375240764991,-0.524709082691078,0.35726671328025417,2.546875,1.286099815090182,-0.5926991314997875,0.40204356854614137,2.4769432812500014,1.217556883240029,0.07593965857404715,0.5819142991988294,240.078921875,53.33664441202244,-0.6935290172033312,0.3541206455591262,1.0,0.9982857704162598,0.0005668934318237007,0.9999998211860657,0.06563320010900497
105,0.7230101516132131,0.90625,0.8220931055216953,0.6725639260553834,0.0,0.09375,0.0,58,0.018573556417199107,0.34947511553764343,0.0,1.0,64,1.0,41,0.640625,0.8931214953794233,42.83359375,30.986202694061447,-0.4772093164024855,0.5300933748614987,2.59375,1.4654217609616693,-0.5780456869891225,0.45810083112475036,2.1063807812500013,1.496553006815063,-0.10116551036314488,0.7152565979974885,239.334765625,74.34288296000128,-0.6984697309387355,0.493588413683334,1.0,0.9976330995559692,0.0,1.1180338859558105,0.0675797238945961
106,0.7423883620399627,0.90625,0.8327598186402485,0.6723767544333226,0.0,0.078125,0.0,58,0.03934774508080241,0.4485276937484741,0.0,1.0,63,0.984375,41,0.6507936507936508,0.8765523868029426,44.05047619047619,27.131986595136,-0.4563916213124915,0.4641577570158027,2.7936507936507935,1.3704214408983733,-0.5155553363245939,0.4284030835291682,2.198054126984128,1.3620345027930987,-0.05735151573800032,0.6509653586519305,250.2568412698413,75.85645882477723,-0.6259542489313036,0.5036375734729281,0.984375,0.9977001547813416,0.0011080332333222032,1.1180340051651,0.06037488207221031
107,0.7893531265505627,0.96875,0.893096387386322,0.6917603354704832,0.0,0.03125,0.0,62,0.02435748054494606,0.4641832411289215,0.0,1.0,64,1.0,46,0.71875,0.874316028912457,39.094375,28.491622939635697,-0.5411776285607472,0.48741760029367315,2.46875,1.4786897705401225,-0.6171215390175623,0.46224850135674683,2.5826282812500008,1.1867557804321984,0.12645032756814942,0.5671933425012882,254.580890625,63.69150615175203,-0.5972453722113955,0.4228701959737002,1.0,0.9994425773620605,0.0053734551183879375,1.0446386337280273,0.06333612650632858
108,0.7309400323724065,0.90625,0.8886206633058088,0.6940044436594969,0.0,0.09375,0.0,58,0.027361709027605513,0.2951405346393585,0.0,1.0,64,1.0,40,0.625,0.8958021836318807,33.899375,23.331002300788,-0.6300505733870347,0.39913279696244847,2.125,1.1110243021644486,-0.7245801320957717,0.34731376985102824,2.469261875000001,1.5115824998696281,0.07226843779055839,0.7224397341930536,228.664890625,82.51963170041668,-0.7693107646162028,0.5478767097404065,1.0,1.0004414319992065,0.009906759485602379,1.1180338859558105,0.06403560936450958
109,0.7535685225747476,0.921875,0.9021405683735669,0.707573335412166,0.0,0.078125,0.0,59,0.0305967579475988,0.424789696931839,0.0,1.0,64,1.0,54,0.84375,0.8878197031875437,31.6784375,22.868286324812225,-0.6680450403552991,0.391216929512374,2.328125,1.4148176505737409,-0.661081872549557,0.4422816412883542,2.8649173437500015,1.4416366828563332,0.26136644051315644,0.689010108317285,249.14240625000002,88.44095750462549,-0.6333533729858895,0.5871904637170194,1.0,0.9988352656364441,0.0088348975405097,1.1014959812164307,0.0710432380437851
110,0.7532981414962974,0.921875,0.8614285729699216,0.6872029763317822,0.0,0.078125,0.0,59,0.03234403251047881,0.40987202525138855,0.0,1.0,64,1.0,46,0.71875,0.8771195293401264,38.06,27.148086661402125,-0.5588730957993788,0.4644331872951038,2.75,1.6393596310755,-0.5292008719535729,0.5124749949224305,2.7809539062500015,1.5602703026204896,0.22123728879655033,0.7457093891942262,260.76725000000005,83.90956643520306,-0.5561719676189992,0.5571049728040772,1.0,0.9994832873344421,0.010286951437592506,1.1014959812164307,0.07228370010852814
111,0.8187705908689338,0.96875,0.8706890517665494,0.73845404366151,0.0,0.03125,0.0,62,0.03425838872136921,0.4155842959880829,0.0,1.0,64,1.0,45,0.703125,0.8720521644708713,35.94828125000001,21.55671056732447,-0.5949991138854974,0.36877927793764725,2.484375,1.1038595288237538,-0.6122370575140074,0.3450740128680018,2.889451718750001,1.2325926648666163,0.2730923022210825,0.5891004409295213,255.28626562500003,64.29875230764647,-0.5925621407648936,0.42690191568740166,1.0,1.000117540359497,0.014223194681107998,1.0446386337280273,0.05711773782968521
112,0.7657014486846258,0.9375,0.8929362677037715,0.6919514300428453,0.0,0.0625,0.0,60,0.03604373891627932,0.4503575563430786,0.0,1.0,64,1.0,50,0.78125,0.8815390157705307,35.68265625,25.693325205816315,-0.5995432671038773,0.43954600065839783,2.4375,1.3905372163304368,-0.6268905020246722,0.4346914120429333,2.820084062500001,1.549183933099658,0.2399390002033843,0.7404108137936203,256.800609375,79.83401701237258,-0.5825078827166023,0.5300459740888236,1.0,0.9987967610359192,0.009076348505914211,1.0837910175323486,0.05837149918079376
113,0.7311262353984078,0.921875,0.8699846479852321,0.6804375180525759,0.0,0.0625,0.0,59,0.02738619142846283,0.362347275018692,0.0,1.0,63,0.984375,42,0.6666666666666666,0.8846567783042176,35.96301587301587,25.955254270336926,-0.594747042790536,0.4440269260288581,2.507936507936508,1.4350821653708832,-0.6048715695324562,0.4486164667414843,2.5789592063492073,1.3061994634881893,0.12469674448797201,0.6242797818093986,243.9115873015873,65.57822726989065,-0.6680826103279613,0.4353967976696007,0.984375,0.9982901811599731,0.0010822510812431574,1.1014959812164307,0.06077541410923004
114,0.7184352300617451,0.90625,0.8966076610417202,0.6757177214812913,0.0,0.09375,0.0,58,0.03360506958124306,0.4360121786594391,0.0,1.0,64,1.0,42,0.65625,0.8855560775247242,38.25109375,26.52843339685197,-0.5556039785134503,0.4538325308193011,2.296875,1.354156650603984,-0.6708508355566669,0.4233185992186309,2.288985781250001,1.378265013702469,-0.01389200218631672,0.6587225045491569,230.508109375,65.77966099176221,-0.7570729903645186,0.4367341866338464,1.0,0.9982032775878906,0.0033149172086268663,1.1180338859558105,0.06626636534929276
115,0.7731672188787733,0.953125,0.8692179913403558,0.7091592788157354,0.0,0.03125,0.0,61,0.021587078013523015,0.3947681486606598,0.0,1.0,63,0.984375,45,0.7142857142857143,0.8824462637462043,40.86492063492064,24.231272256165816,-0.5108881955434756,0.4145340755135663,2.6507936507936507,1.415994015756458,-0.5602134529285251,0.4426493810628443,2.327898730158731,1.388104451560773,0.004705898006835484,0.6634251263852627,243.88763492063492,65.266208575488,-0.6682416385664087,0.43332519637734773,0.984375,0.997967004776001,0.012181616388261318,1.0648608207702637,0.06450601667165756
116,0.747616608372517,0.921875,0.8756640454975225,0.7011246058471721,0.0,0.078125,0.0,59,0.04228098030146819,0.47502899169921875,0.0,1.0,64,1.0,41,0.640625,0.8903653994229044,39.95125,30.141909439972444,-0.5265187248845152,0.5156497121496876,2.609375,1.527019027181718,-0.5731612054855676,0.4773565564061186,2.616863906250001,1.4138013429764211,0.1428127661562295,0.6757065965699928,252.294125,80.28679916214827,-0.6124280093700407,0.5330521532165843,1.0,0.9974998235702515,0.00466562993824482,1.1014959812164307,0.06803915649652481
117,0.7612447028796374,0.96875,0.8957098876276324,0.6442498156853672,0.0,0.03125,0.0,62,0.03719691170425864,0.4928242862224579,0.0,1.0,64,1.0,47,0.734375,0.8888139124930784,42.64453125000001,30.351469483046014,-0.48044368428144973,0.5192347397042346,2.890625,1.7510460043571099,-0.48524053842157816,0.5473889164899928,2.7654854687500015,1.5401715599841987,0.21384436523674083,0.7361034759946298,271.28315625,89.695020216638,-0.486353186348803,0.5955166248777953,1.0,0.9980856776237488,0.0,1.0446385145187378,0.06864956766366959
118,0.7304824101414702,0.90625,0.8863368748590864,0.684842855458706,0.0,0.09375,0.0,58,0.03115561709482361,0.35496634244918823,0.0,1.0,64,1.0,47,0.734375,0.882709773357264,34.842031250000005,22.475835578160904,-0.6139241755243966,0.38450311747114624,2.53125,1.3459284667098768,-0.5975836130033424,0.42074641284815956,2.887703750000002,1.8142039177293974,0.2722568849817084,0.8670734122745298,261.567828125,99.76359019570262,-0.550856649312593,0.6623653841154484,1.0,0.9973737597465515,0.0024295432958751917,1.1180338859558105,0.06095902621746063
119,0.7256957063382594,0.921875,0.9098897667254432,0.691119936158256,0.0,0.0625,0.0,59,0.024926476321806095,0.325224369764328,0.0,1.0,63,0.984375,50,0.7936507936507936,0.8873519775982659,33.03206349206349,20.36425690355688,-0.6448880185828086,0.3483794957109058,2.4444444444444446,1.3187027990834044,-0.6247196213564256,0.4122354835717794,3.1151257142857163,1.5506309560240472,0.38095003500322844,0.7411023981808152,263.4946984126985,81.13266823271529,-0.538063483231176,0.5386681739586049,0.984375,0.9995526075363159,0.008799172006547451,1.1014959812164307,0.07179101556539536
120,0.7831900723065872,0.984375,0.8870319080731225,0.6824321124721155,0.0,0.015625,0.0,63,0.027433441058497526,0.455293208360672,0.0,1.0,64,1.0,48,0.75,0.8832600759911677,35.18296875,19.920290509905307,-0.608091621217041,0.3407843848720758,2.640625,1.24206465587545,-0.5633922424784576,0.3882778776219522,3.0336828125000013,1.563112112648264,0.3420255381113568,0.747067592587868,272.3583125,81.53254151063614,-0.4792148477914355,0.5413230725724977,1.0,0.9981311559677124,0.003976142965257168,1.023047685623169,0.07120685279369354
121,0.730792334842349,0.9375,0.871948903799057,0.6596433686052922,0.0,0.0625,0.0,60,0.03272558510775036,0.40139639377593994,0.0,1.0,64,1.0,50,0.78125,0.8989968208238802,34.080625,23.750462355696886,-0.6269498570733169,0.40630866805325677,2.53125,1.4786897705401225,-0.5975836130033424,0.46224850135674683,3.0013478125000015,1.729650786570145,0.32657147668424513,0.8266624247133817,264.835765625,98.5916010421499,-0.5291596687487758,0.6545841380280806,1.0,0.998765766620636,0.01515151560306549,1.0837910175323486,0.0653117299079895
122,0.7738646936418913,0.9375,0.8456988538304965,0.7288520831377984,0.0,0.0625,0.0,60,0.025742577771882214,0.40697646141052246,0.0,1.0,64,1.0,46,0.71875,0.8779728655479704,43.327656250000004,24.50200060340657,-0.4687571914162991,0.4191655337363266,2.6875,1.2854352375751958,-0.5487387979677927,0.4018358170850452,2.304521406250001,1.239234278835206,-0.006466967299705494,0.5922747075213181,244.98075,72.8454264912184,-0.6609840650568175,0.48364627620416123,1.0,0.9989074468612671,0.0065430752001702785,1.0837910175323486,0.07933186739683151
123,0.771735387635943,0.9375,0.8577854871749878,0.6769017407120669,0.0,0.046875,0.0,60,0.026310555272512543,0.37500253319740295,0.0,1.0,63,0.984375,39,0.6190476190476191,0.8676732944455204,40.58952380952381,24.785520249915212,-0.5155995192910843,0.424015817836679,2.5396825396825395,1.354889989388781,-0.5949475436204715,0.42354784592136246,2.473066190476192,1.5481917196107222,0.07408665721400572,0.7399365992209646,244.58655555555555,84.6306970194205,-0.6636012599081499,0.5618928110873185,0.984375,0.9982244372367859,0.002320185536518693,1.0837910175323486,0.07130166888237
124,0.7974562935322195,0.984375,0.8383082756920467,0.6809176952095652,0.0,0.015625,0.0,63,0.0290824354416212,0.4570077657699585,0.0,1.0,64,1.0,40,0.625,0.8795290719024553,43.174062500000005,25.148591021587944,-0.47138478118904453,0.43022701488362963,2.71875,1.3517205471176355,-0.5389698349606828,0.42255705666376275,2.423460156250001,1.6055720680838081,0.050378146309816296,0.767360734987538,247.97245312500002,75.46663211229722,-0.6411211011672584,0.5010493775224438,1.0,0.9984069466590881,0.005033556837588549,1.0230478048324585,0.07229284942150116
125,0.7167811867267145,0.890625,0.8849812594422123,0.7223394842348235,0.0,0.109375,0.0,57,0.021333384189638628,0.33073320984840393,0.0,0.984375,64,0.984375,47,0.734375,0.8881766410202266,36.69984375,19.93274492607794,-0.5821418333087879,0.34099744755568584,2.5,1.2624381172952597,-0.6073525760104523,0.3946467605319331,2.5118473437500013,1.3486272307125902,0.09262156752505214,0.6445575403033244,246.41871875,83.57200099137363,-0.6514368873583068,0.5548637577031815,1.0,0.9980411529541016,0.004264392424374819,1.1334558725357056,0.08303619921207428
126,0.7467664526204305,0.921875,0.8775154715877468,0.6816458288277081,0.0,0.078125,0.0,59,0.042936088979624316,0.4323718845844269,0.0,1.0,64,1.0,47,0.734375,0.8826235342806488,43.7259375,24.049936312204526,-0.4619436346200345,0.41143188892209476,2.734375,1.1489422785218586,-0.5340853534571278,0.35916718771790845,2.396135937500001,1.37695212496173,0.03731891776457618,0.658095027720756,239.041703125,69.01228971229504,-0.700415475423287,0.458196739855699,1.0,0.998731791973114,0.010826210491359234,1.1014961004257202,0.08022217452526093
127,0.777469118829428,0.96875,0.8660499189169176,0.6864688332462489,0.0,0.03125,0.0,62,0.03209568194921657,0.5091105103492737,0.0,1.0,64,1.0,47,0.734375,0.8849125820837858,34.1940625,21.29556348447004,-0.6250092363459382,0.36431173024061786,2.53125,1.1854422961494162,-0.5975836130033424,0.3705773420207075,2.7796187500000014,1.291350322393314,0.22059916952324604,0.6171828423128762,252.084,67.13766039056436,-0.6138231027709923,0.4457504198272553,1.0,1.0006645917892456,0.0027262812945991755,1.0446386337280273,0.06393556296825409
128,0.7414733096477653,0.921875,0.8880950990369765,0.6828109317630336,0.0,0.0625,0.0,59,0.04130116291095854,0.3723854720592499,0.0,1.0,63,0.984375,46,0.7301587301587301,0.8826761217325663,34.22952380952381,18.964304265677114,-0.6244025855269243,0.3244299454614922,2.5396825396825395,1.1102037111140135,-0.5949475436204715,0.3470572474953269,2.766295555555557,1.3906662385743065,0.21423153490596455,0.664649496692061,241.23430158730164,75.5890809626765,-0.6858580470083266,0.5018623582868377,0.984375,0.9956817626953125,0.00759631022810936,1.1014959812164307,0.06273862719535828
129,0.7579984950148138,0.921875,0.8545808044530577,0.7003170177646291,0.0,0.078125,0.0,59,0.02905544838061707,0.40247491002082825,0.0,1.0,64,1.0,45,0.703125,0.8927865931435709,40.75,26.598139855072574,-0.5128541888537169,0.45502502710716936,2.5,1.3806701271484076,-0.6073525760104523,0.4316068927083062,2.363446875000001,1.4511711220843282,0.021695637112969787,0.6935669603198364,236.704265625,74.30668603229,-0.7159345408909212,0.4933480896144002,1.0,0.9968146085739136,0.017308766022324562,1.1014959812164307,0.07872533053159714
130,0.7794423572800664,0.953125,0.8734905636701428,0.7034501906326058,0.0,0.046875,0.0,61,0.032192247136766425,0.46150627732276917,0.0,1.0,64,1.0,50,0.78125,0.8919183471098039,36.852500000000006,24.050126234076195,-0.5795302817238719,0.41143513799158893,2.359375,1.1906824133138945,-0.651312909542447,0.37221543836415427,2.5973901562500012,1.31881241145383,0.13350555945401157,0.6303079640465403,241.870875,60.84769388129576,-0.6816316133746482,0.403989131216729,1.0,0.9990674257278442,0.0,1.0648607015609741,0.06551101058721542
131,0.7357287475181258,0.921875,0.8775369792671527,0.6799653669405258,0.0,0.0625,0.0,59,0.032618623618004765,0.38559240102767944,0.0,1.0,63,0.984375,44,0.6984126984126984,0.8922121160588367,37.99777777777777,21.553684872189837,-0.5599375562656974,0.36872751615963734,2.5238095238095237,1.219642711891971,-0.5999095565764638,0.3812686250996451,2.5947730158730176,1.4951196297208538,0.13225473378061495,0.7145715354441523,244.73896825396832,72.46329779438065,-0.6625893386718531,0.48110919007317937,0.984375,1.0020796060562134,0.006752954330295324,1.1014959812164307,0.0734768882393837
132,0.7153522328823742,0.890625,0.8761557487019321,0.691850729646614,0.0,0.09375,0.0,57,0.02497392794471233,0.36809033155441284,0.0,1.0,63,0.984375,42,0.6666666666666666,0.8773643811571836,37.501904761904775,20.216595795984826,-0.5684206544717659,0.34585339802731785,2.4126984126984126,1.2803139574651288,-0.6346436472684103,0.4002348700148278,2.3369420634920646,1.384160356052424,0.009028032809346184,0.6615401010486176,224.43225396825395,62.76897026902636,-0.797412720444648,0.41674515743886814,0.984375,1.0001416206359863,0.014784151688218117,1.133455753326416,0.07702581584453583
133,0.7524545705470529,0.9375,0.8799300069610277,0.7011504725691972,0.0,0.046875,0.0,60,0.02215274223268831,0.42570459842681885,0.0,1.0,63,0.984375,44,0.6984126984126984,0.8722089763049523,37.44047619047618,23.650862491643714,-0.5694715376362184,0.40460477330393946,2.5873015873015874,1.3643408855202728,-0.5800615047524944,0.4265022604715251,2.717199047619049,1.3452277108317283,0.1907665449722248,0.6429327872783815,251.72065079365083,63.94775219975966,-0.6162355052933894,0.42457150315083453,0.984375,0.9979016184806824,0.015100670978426933,1.0837911367416382,0.06704612821340561
134,0.7520388343119426,0.953125,0.8951607756927366,0.6604012264221042,0.0,0.03125,0.0,61,0.039923848213284034,0.4842996895313263,0.0,1.0,63,0.984375,46,0.7301587301587301,0.8870198589957982,42.504126984126984,23.18272007233252,-0.4828456362688046,0.39659607351524095,2.7142857142857144,1.200906686944618,-0.5403654011045556,0.3754116159920937,2.253818253968255,1.209283579163077,-0.030699830448315417,0.5779601891196462,238.1678095238095,62.055426827869915,-0.7062175608303287,0.41200769285326616,0.984375,0.9998973608016968,0.0050195204094052315,1.0648607015609741,0.08317873626947403
135,0.696861150317396,0.890625,0.883145601080175,0.6745248322739895,0.0,0.078125,0.0,57,0.02197247939335293,0.34717223048210144,0.0,1.0,62,0.96875,38,0.6129032258064516,0.8913091027112949,42.091290322580626,27.61854195328548,-0.48990819831767435,0.4724814543208563,2.870967741935484,1.5185293285083639,-0.4913855312808892,0.4747026187331104,2.408480483870969,1.3443753059086088,0.04321882120996883,0.642525392256187,245.6268387096774,68.91521132386303,-0.6566944560369473,0.4575522024656859,0.96875,0.9984035491943359,0.01326699834316969,1.133455753326416,0.07055779546499252
136,0.7472444671315869,0.9375,0.8945134351650874,0.7022843864673641,0.0,0.0625,0.0,60,0.0353062050269535,0.39619243144989014,0.0,1.0,64,1.0,49,0.765625,0.8890633660415784,37.6634375,23.890076275173204,-0.5656572492512892,0.4086970992683868,2.640625,1.266974589080223,-0.5633922424784576,0.39606489253353644,2.937133593750002,1.425632305081425,0.29588118810974423,0.681361039591875,266.529359375,72.54258332230786,-0.5179153072281678,0.4816355944363071,1.0,0.9999090433120728,0.00577124860137701,1.0837910175323486,0.06125131621956825
137,0.7326647627442693,0.9375,0.8863501672943433,0.6606054319064125,0.0,0.0625,0.0,60,0.017144998141926007,0.40729403495788574,0.0,1.0,64,1.0,44,0.6875,0.886679499064922,38.173125,25.088018110930463,-0.5569378211346101,0.4291907698505536,2.578125,1.344022501439243,-0.5829301684926775,0.4201505951130665,2.5648717187500014,1.6423338198092485,0.11796382663698074,0.7849305005460098,249.44864062500002,76.24241663527252,-0.6313201758141725,0.5062000824293478,1.0,0.9981012940406799,0.001667593140155077,1.083790898323059,0.07463978976011276
138,0.75432797921408,0.921875,0.8706273517366183,0.6992463639050539,0.0,0.078125,0.0,59,0.03709156593175354,0.5190570950508118,0.0,1.0,64,1.0,49,0.765625,0.8934568953691513,40.0446875,23.933722872285117,-0.5249202521641675,0.40944377907916296,2.546875,1.4134364981756344,-0.5926991314997875,0.44184988363445715,2.4495154687500014,1.28042905385989,0.06283091884352901,0.6119631746222154,248.18975,77.05572389673597,-0.6396783911786331,0.5115999139268547,1.0,0.9998574256896973,0.020386265590786934,1.1014959812164307,0.06911706179380417
139,0.7282084323154274,0.921875,0.8722553020816738,0.6562509719308173,0.0,0.0625,0.0,59,0.05537239855026829,0.4314437508583069,0.0,1.0,63,0.984375,44,0.6984126984126984,0.8917034482318783,36.44158730158731,19.760792687521516,-0.5865599297651525,0.33805579176935635,2.492063492063492,1.295572630311864,-0.6098335824884485,0.405004835153303,2.361308095238096,1.4192212525820287,0.02067343721132924,0.6782969666326015,236.2297777777778,80.39107955971247,-0.7190848317391849,0.5337445072653192,0.984375,1.0002362728118896,0.004357298370450735,1.1014961004257202,0.07226543128490448
140,0.7232946543097949,0.890625,0.8578676586611229,0.6813426148698635,0.0,0.109375,0.0,57,0.02510726808391102,0.4079020321369171,0.0,1.0,64,1.0,41,0.640625,0.8874509550013329,41.1978125,28.143664166466383,-0.5051932811337898,0.4814649302552325,2.46875,1.6860526200270263,-0.6171215390175623,0.5270715415387138,2.238614687500001,1.40892888573307,-0.037966162599593484,0.6733778737142722,230.85260937500001,88.47686213560608,-0.7547857343186991,0.5874288471256791,1.0,0.9973906874656677,0.00219058059155941,1.133455753326416,0.06556002050638199
141,0.7857695620306167,0.96875,0.8603323726884781,0.6952224459256018,0.0,0.03125,0.0,62,0.03467928573379781,0.3852319121360779,0.0,1.0,64,1.0,45,0.703125,0.8756698932826616,41.05140625,23.876117635305807,-0.5076979114665084,0.4084583032278122,2.53125,1.402773480466465,-0.5975836130033424,0.4385165516170161,2.415798125000001,1.3988739626156417,0.0467161855368475,0.6685722637095831,242.537125,65.32195457369696,-0.6772081464935824,0.43369531356583446,1.0,0.9994320869445801,0.0039548021741211414,1.0446385145187378,0.07127612829208374
142,0.7711090144861674,0.96875,0.8611809250808531,0.6742203618056986,0.0,0.03125,0.0,62,0.01841130531526229,0.36332598328590393,0.0,0.984375,64,0.984375,41,0.640625,0.8659721043029164,35.7153125,25.506930673884376,-0.598984603561147,0.4363572747772989,2.484375,1.5206103575127325,-0.6122370575140074,0.4753531625846432,2.5540689062500013,1.374444256562355,0.11280077335228697,0.65689642706218,242.821140625,64.49059475610264,-0.675322467377796,0.4281756248313093,1.0,0.9976552724838257,0.003287671133875847,1.0446385145187378,0.07062578946352005
143,0.8029098290895115,0.9375,0.8674139569203059,0.7237324745523086,0.0,0.0625,0.0,60,0.03231102064816095,0.4138093590736389,0.0,1.0,64,1.0,44,0.6875,0.8768736027546462,35.72984375,20.816159099677492,-0.5987360116497886,0.35611036749968455,2.171875,0.9610327696676113,-0.7099266875851067,0.3004253944161056,2.6364093750000013,1.2982479028469438,0.15215424983287076,0.6204794445095312,238.28031249999998,70.97852779975854,-0.7054706142048879,0.47125128253515125,1.0,0.9988105893135071,0.008408071473240852,1.0837910175323486,0.06283628940582275
144,0.7558965136852696,0.9375,0.8835925698280335,0.6647348514156511,0.0,0.0625,0.0,60,0.03235497240608659,0.422273725271225,0.0,1.0,64,1.0,41,0.640625,0.8735952292435178,29.661250000000003,18.504293547377053,-0.7025538745019356,0.31656035793753023,2.09375,1.0565088440235604,-0.7343490951028816,0.3302718660464206,2.9923750000000013,1.4147012890900785,0.32228304632862553,0.6761367132399031,241.873390625,83.07042195530121,-0.6816149112600175,0.55153359897252,1.0,0.9981024861335754,0.0036213139537721872,1.0837911367416382,0.06721122562885284
145,0.7620211675796603,0.90625,0.883963764741503,0.7207741786112081,0.0,0.09375,0.0,58,0.015239148186155217,0.28642234206199646,0.0,1.0,64,1.0,29,0.453125,0.8596954383163303,37.23765625,21.455964041364723,-0.5729412595572214,0.3670557667840263,2.390625,1.2822975900215208,-0.6415439465353372,0.4008549670728468,2.476072343750001,1.5188417708382096,0.07552340616569155,0.7259092013173619,231.910453125,72.8543488138598,-0.7477623395067404,0.4837055146262346,1.0,0.9985196590423584,0.002258610911667347,1.1180338859558105,0.0729704275727272
146,0.7778660630070784,0.953125,0.8463477897839468,0.6593225551709091,0.0,0.046875,0.0,61,0.02642229621863004,0.3997769057750702,0.0,1.0,64,1.0,36,0.5625,0.8557193946302754,36.61,20.651094401992356,-0.5836788263091223,0.35328653963247786,2.421875,1.2222505816627784,-0.6317749835282273,0.3820838629658332,2.6945001562500015,1.4463961880583296,0.17991792701816273,0.6912848473231397,246.24762500000003,76.24535169817325,-0.652572838632877,0.5062195693389692,1.0,0.9981184005737305,0.0027262812945991755,1.0648608207702637,0.06536190956830978
147,0.7148471643515081,0.890625,0.8628241838070384,0.678228468197371,0.0,0.109375,0.0,57,0.023054531967825538,0.3734471797943115,0.0,1.0,64,1.0,42,0.65625,0.875936170709368,35.66109375,26.731527214905082,-0.5999121454239575,0.45730693807365996,2.390625,1.547348412405881,-0.6415439465353372,0.483711660796907,2.7068746875000014,1.4599366291715477,0.18583216131750435,0.697756311950134,240.817234375,76.66458472743102,-0.6886271021689943,0.5090030041162609,1.0,0.9986213445663452,0.0005727377138100564,1.1334559917449951,0.06800267100334167
148,0.7380424435328012,0.890625,0.8757650036560861,0.7215796326914148,0.0,0.09375,0.0,57,0.01941070822824484,0.3723466992378235,0.0,0.984375,63,0.96875,39,0.6190476190476191,0.8663260752067362,33.39666666666666,20.206396755514575,-0.6386506061054272,0.34567891895879166,2.0634920634920637,1.0521786297889875,-0.7438079323002419,0.32891821156096773,2.5846169841269857,1.3007342877843622,0.12740080031969417,0.6216677774476573,229.18133333333336,58.9045283154317,-0.7658819207643747,0.39108777508160364,0.984375,0.9973089098930359,0.007272727321833372,1.1334559917449951,0.07094278186559677
149,0.7848199177005959,0.96875,0.9088248860451483,0.7123997797085222,0.0,0.03125,0.0,62,0.031461920592086814,0.3739202916622162,0.0,1.0,64,1.0,42,0.65625,0.8791851915855338,38.1525,24.348931573069073,-0.5572906612668607,0.41654692055291986,2.3125,1.2103072956898178,-0.665966354053112,0.37835031036253114,2.7971431250000016,1.4282862364647406,0.22897469968318868,0.6826294490126605,252.61871875000003,65.25856083842298,-0.6102729178834725,0.4332744203749129,1.0,0.9997617602348328,0.002109704539179802,1.0446385145187378,0.05923711508512497
150,0.781336738665755,0.984375,0.8717322704337892,0.6893382334207304,0.0,0.015625,0.0,63,0.03000541390326067,0.4395526051521301,0.0,1.0,64,1.0,45,0.703125,0.8812987265613553,40.299062500000005,22.342292065634037,-0.5205685571997427,0.3822185351379973,2.703125,1.2077831901359615,-0.5438543164642378,0.37756125776151794,2.517387968750001,1.5325675596488613,0.09526963182363218,0.7324692502864473,252.25828124999998,71.98795519335792,-0.6126659885685672,0.4779532242153426,1.0,0.9979046583175659,0.005506607703864574,1.0230478048324585,0.062244392931461334
151,0.7539510024200409,0.953125,0.8817388405565356,0.6711864139598044,0.0,0.03125,0.0,61,0.04778606674958191,0.4336928725242615,0.0,0.984375,63,0.96875,45,0.7142857142857143,0.8870005505343709,37.368253968253974,26.057920865036724,-0.5707070721060522,0.44578328456711763,2.507936507936508,1.2582807100067563,-0.6048715695324562,0.393347126675713,2.581475714285715,1.6667465370783257,0.12589947429259882,0.7965982176413873,242.68968253968262,68.13031672401864,-0.6761952636054128,0.4523410125706928,0.984375,0.999342143535614,0.012790697626769543,1.0648605823516846,0.07811751216650009
152,0.7732692733183784,0.9375,0.8920286387205124,0.7026839734673647,0.0,0.046875,0.0,60,0.04607667864160573,0.4434303939342499,0.0,1.0,63,0.984375,46,0.7301587301587301,0.8905883820372716,38.06587301587302,25.809167537906912,-0.5587726237655681,0.4415277618111285,2.365079365079365,1.4398146629141035,-0.6495296861363873,0.45009587773127496,2.8390090476190486,1.3163885978206102,0.24898393239874334,0.6291495361889355,254.0141746031746,75.8763249671798,-0.6010079981828987,0.5037694717438058,0.984375,0.9993646740913391,0.019722813740372658,1.0837910175323486,0.07096301764249802
153,0.7499235305573573,0.9375,0.8880313917994499,0.6874575987610887,0.0,0.0625,0.0,60,0.024509057029190682,0.4065247178077698,0.0,1.0,64,1.0,53,0.828125,0.8926696215522296,36.35015625,22.399613521511615,-0.5881240773692196,0.38319915623242856,2.453125,1.286099815090182,-0.6220060205211173,0.40204356854614137,2.8178792187500017,1.7366986157949464,0.23888522594175832,0.8300308362107646,253.868296875,78.39752298575827,-0.6019765314650984,0.5205085875948989,1.0,0.9988279342651367,0.0042553190141916275,1.0837910175323486,0.05545787513256073
154,0.7640521532717811,0.953125,0.8905109509092862,0.6840194121461936,0.0,0.03125,0.0,61,0.034110887749249856,0.45640167593955994,0.0,1.0,63,0.984375,52,0.8253968253968254,0.8790625016971578,39.51015873015874,26.471516617645783,-0.5340646498292619,0.45285883269070026,2.6031746031746033,1.4202579973503198,-0.5750994917965021,0.4439823307733542,2.955569206349208,1.566040008776867,0.30469223154733716,0.748466939630504,265.73836507936505,70.9054442659325,-0.5231669951378912,0.47076605538103383,0.984375,0.9975951313972473,0.0015940489247441292,1.0648607015609741,0.054568737745285034
155,0.7146882271099322,0.90625,0.8785857044417282,0.6780930817159252,0.0,0.09375,0.0,58,0.033746482401174824,0.4100821316242218,0.0,1.0,64,1.0,43,0.671875,0.8886525116380195,32.5896875,21.522044728076924,-0.6524559217849518,0.3681862355471171,2.1875,0.9662265521087692,-0.7050422060815518,0.3020490062092144,2.8277931250000012,1.5127846389821122,0.24362343890511445,0.723014279784155,238.22692187500002,76.37934705965695,-0.7058250932464589,0.5071092114308859,1.0,0.996774435043335,0.016264721751213074,1.1180340051651,0.06730102747678757
156,0.7700779600265553,0.953125,0.8816834512304087,0.6955309137320842,0.0,0.03125,0.0,61,0.0340032054391581,0.41076621413230896,0.0,1.0,63,0.984375,47,0.746031746031746,0.8874068405071518,34.53460317460318,23.32550785955199,-0.6191834706895157,0.39903880135651604,2.3492063492063493,1.261879804085828,-0.6544916990923797,0.3944722280170748,2.371440634920636,1.348657153517132,0.025516142968763013,0.6445718414896383,236.45388888888888,63.50328078666644,-0.7175968796526127,0.4216205019119626,0.984375,0.998069167137146,0.0039954339154064655,1.0648608207702637,0.06380943953990936
157,0.7661437594715792,0.953125,0.8632396532863867,0.6796143683513993,0.0,0.046875,0.0,61,0.028349275901323665,0.4280044734477997,0.0,1.0,64,1.0,48,0.75,0.8957134753984428,38.690312500000005,26.002512617098063,-0.5480900875152942,0.44483539348685314,2.5,1.3110110602126894,-0.6073525760104523,0.40983099357215175,2.378909375000001,1.5344436019408187,0.02908572292762,0.7333658784856051,233.01015625,59.00341520153167,-0.7404610256569212,0.39174431972045537,1.0,0.9969962239265442,0.012019230984151363,1.0648607015609741,0.06265903264284134
158,0.7102850422785036,0.90625,0.8897972404956818,0.672512386600228,0.0,0.09375,0.0,58,0.02242164973561137,0.43953001499176025,0.0,1.0,64,1.0,48,0.75,0.8939341088019088,34.10453125,24.27096670469212,-0.6265408832836626,0.4152131443362397,2.234375,1.1824522651570337,-0.6903887615708868,0.3696426379517572,2.059382500000001,1.2533618467121745,-0.12362768217097486,0.5990267811810169,217.308984375,70.78056467383284,-0.8447065998152481,0.46993693607180476,1.0,0.9974105954170227,0.0024767802096903324,1.1180338859558105,0.06649447232484818
159,0.7417048294630604,0.953125,0.8399628708597089,0.6712719208624953,0.0,0.046875,0.0,61,0.038277777094018126,0.42965811491012573,0.0,1.0,64,1.0,53,0.828125,0.8972908840581787,36.44375,27.636919006783298,-0.586522931617567,0.47279583793232527,2.515625,1.5511305101038404,-0.6024680945068974,0.4848939703169275,2.531744843750001,1.3802168797737837,0.10213129961863356,0.6596553716641591,239.09634375,72.28522320537297,-0.7000526971943215,0.4799268905657349,1.0,0.9997007846832275,0.0026723677292466164,1.0648607015609741,0.0689532682299614
160,0.7519723733016339,0.96875,0.8448918281543639,0.6619489097542325,0.0,0.03125,0.0,62,0.030629145900391855,0.36184635758399963,0.0,1.0,64,1.0,49,0.765625,0.8952902746782812,47.31671874999999,23.83401692268633,-0.4005147022014557,0.40773806948194535,2.8125,1.3213984069916234,-0.509662945939353,0.41307814897776546,2.273803593750001,1.6302714098237299,-0.021148116558449854,0.7791654402436993,246.036609375,77.2410393720158,-0.6539738452048469,0.5128302882119569,1.0,0.9988637566566467,0.009371554479002953,1.0446386337280273,0.07171208411455154
161,0.7457022632419115,0.9375,0.8702290604511896,0.6700030908351432,0.0,0.0625,0.0,60,0.016797525810509077,0.35590219497680664,0.0,0.984375,64,0.984375,40,0.625,0.8749930664657175,36.6,24.726023992951234,-0.5838499003126377,0.4229979915493777,2.46875,1.4248766393972496,-0.6171215390175623,0.44542614975893946,2.5754060937500016,1.4733609169298298,0.12299858396947598,0.7041722627041689,235.775359375,71.02148426100709,-0.7221018745231766,0.4715364855125032,1.0,0.9971420168876648,0.008064515888690948,1.0837910175323486,0.070939801633358
162,0.746961274557341,0.90625,0.8721140674475966,0.7017390862811915,0.0,0.09375,0.0,58,0.024080660517323854,0.3644065856933594,0.0,1.0,64,1.0,41,0.640625,0.8901812047114748,30.2665625,24.513035130489122,-0.6921985512266398,0.4193543058088178,2.03125,1.1452176376130434,-0.7538870211171014,0.358002839581813,2.8902453125000016,1.5989147776822041,0.27347158926486415,0.7641789760636316,235.24103125000002,71.7845583887059,-0.7256494659146353,0.47660280165760477,1.0,0.9982783198356628,0.000591715972404927,1.1180340051651,0.0642569437623024
163,0.7492508185062708,0.9375,0.8547155578931173,0.674493364205004,0.0,0.0625,0.0,60,0.021766610205897194,0.3640925884246826,0.0,1.0,64,1.0,40,0.625,0.8818582865048219,31.50390625,20.852301103324567,-0.6710308163229051,0.35672866322558217,2.140625,0.9661002066944194,-0.7196956505922166,0.30200950977148955,2.4676054687500013,1.4844887071963646,0.0714767815686396,0.7094906345714039,221.8949375,55.314944492558645,-0.8142588523232285,0.36725527203126407,1.0,0.9977043271064758,0.006447453051805496,1.0837910175323486,0.06956686824560165
164,0.7951464989763128,0.953125,0.8653787271898301,0.7247253181591568,0.0,0.046875,0.0,61,0.02087785903719001,0.31302812695503235,0.0,1.0,64,1.0,45,0.703125,0.8730491040822475,31.15484375,21.8266462718299,-0.677002368258117,0.3733971761037986,2.171875,1.1395542919821766,-0.7099266875851067,0.3562324391349517,3.0024170312500016,1.2775426802394423,0.32708249484541785,0.6105836726821506,243.19825000000003,63.382364802344696,-0.6728187062808322,0.42081769838169814,1.0,0.9969907402992249,0.008101851679384708,1.0648607015609741,0.06235110014677048
165,0.7753555443785496,0.953125,0.8433908038452024,0.7174363072698665,0.0,0.03125,0.0,61,0.04191585782634319,0.3448207974433899,0.0,1.0,63,0.984375,50,0.7936507936507936,0.8824901935314096,33.20650793650794,24.126792731070417,-0.6419037276325943,0.4127467024492198,2.253968253968254,1.2967389374920697,-0.6842637768283337,0.4053694307276504,2.978987301587303,1.450105871500212,0.31588458294104294,0.6930578386880999,250.67423809523814,60.03617335835739,-0.6231830053539603,0.3986011625014973,0.984375,0.9984439015388489,0.0039106146432459354,1.0648607015609741,0.06390124559402466
166,0.7703240980412078,0.984375,0.8588991127316914,0.663817919441188,0.0,0.015625,0.0,63,0.02858559617895108,0.3063146770000458,0.0,1.0,64,1.0,40,0.625,0.8879992884997997,40.003125000000004,23.633905390019127,-0.5256312784912787,0.4043146813776458,2.484375,1.1318152938421533,-0.6122370575140074,0.3538131755656083,2.513921718750001,1.3579334131106584,0.09361298607067957,0.6490053001434869,241.651640625,74.2925598054676,-0.6830871871037344,0.49325430065154346,1.0,0.9988583922386169,0.0051165432669222355,1.0230478048324585,0.06907496601343155
167,0.7771661563788872,0.953125,0.8764517781187277,0.6957226762168207,0.0,0.03125,0.0,61,0.029963866459355813,0.3625795543193817,0.0,1.0,63,0.984375,47,0.746031746031746,0.8804536755205697,41.17650793650794,23.731150458652586,-0.5055577468307634,0.40597829169897204,2.7301587301587302,1.1437386371207505,-0.5354033881485633,0.3575404939467184,2.637425873015875,1.4584384484213813,0.15264007085584433,0.6970402773949465,253.41082539682543,68.86655233027429,-0.605013844684967,0.45722913838072404,0.984375,0.9989794492721558,0.0010718113044276834,1.0648607015609741,0.0665285736322403
168,0.7713423451923354,0.9375,0.8655024876197179,0.6986510366738884,0.0,0.0625,0.0,60,0.03665187155935465,0.35754185914993286,0.0,1.0,64,1.0,41,0.640625,0.8643666757578982,34.00546875,22.636814313862132,-0.6282355851309879,0.38725704515087306,2.5,1.357847561400027,-0.6073525760104523,0.4244724030915617,2.5758789062500016,1.4375234704009165,0.12322455809715516,0.6870442558988911,244.62214062500001,77.7249485985813,-0.663364998180348,0.5160431308943654,1.0,0.9992465376853943,0.0022446690127253532,1.0837910175323486,0.07339354604482651
169,0.7304932821334332,0.921875,0.8820418346736391,0.6745817133929936,0.0,0.078125,0.0,59,0.03635641532491217,0.3805178701877594,0.0,1.0,64,1.0,46,0.71875,0.890445823251693,36.61203125,31.87331476818066,-0.5836440769021581,0.5452695562701474,2.625,1.5562374497485916,-0.5682767239820126,0.4864904344599393,2.651791718750001,1.5674590051891666,0.1595060260878714,0.7491451291378654,256.15990625000006,87.45661362797253,-0.5867617349553005,0.5806550602829416,1.0,0.9979827404022217,0.0005324813537299633,1.1014958620071411,0.06580600142478943
170,0.767484413193033,0.96875,0.863195970173805,0.672803778634511,0.0,0.015625,0.0,62,0.04731140281013529,0.3956868648529053,0.0,1.0,63,0.984375,45,0.7142857142857143,0.8879938750305616,37.01920634920634,24.120709491104222,-0.5766783694668544,0.41264263402768353,2.507936507936508,1.166639671429394,-0.6048715695324562,0.3646995133702606,2.5386487301587315,1.4768872063319405,0.1054309156584146,0.7058576034504188,242.06423809523807,57.39273778010328,-0.680347808124658,0.38105046871892584,0.984375,0.9989808797836304,0.001614639419130981,1.0446385145187378,0.07710446417331696
171,0.7307124958770614,0.90625,0.8842525739094307,0.7173147260826176,0.0,0.09375,0.0,58,0.02510226883560804,0.3365176320075989,0.0,1.0,64,1.0,50,0.78125,0.8816166958326314,38.293437499999996,22.234590606386117,-0.5548795870298147,0.3803760431561973,2.640625,1.3734899378499283,-0.5633922424784576,0.4293623165917977,2.5715639062500006,1.1996909878493425,0.12116226414144146,0.5733755441402855,248.46940625000002,72.53140546250441,-0.6378216554788836,0.48156138071376786,1.0,0.998143196105957,0.004415011033415794,1.118033766746521,0.06243276968598366
172,0.7843896339819871,0.9375,0.8706995328267415,0.7202594277383604,0.0,0.0625,0.0,60,0.018374589932142485,0.3190017342567444,0.0,1.0,64,1.0,39,0.609375,0.8757606327974635,35.3209375,20.76635309812712,-0.6057313345747886,0.35525831629125254,2.234375,1.2715908773559992,-0.6903887615708868,0.39750797571421526,2.3463489062500007,1.1081590552382896,0.013523901861961812,0.5296291359413225,225.913890625,60.5024562621524,-0.7875756162331818,0.40169697785931263,1.0,0.9994456171989441,0.0006067961221560836,1.0837910175323486,0.06071465089917183
173,0.7553165101199507,0.9375,0.8802413498361905,0.6732042638088077,0.0,0.0625,0.0,60,0.038430341897163225,0.4724876284599304,0.0,1.0,64,1.0,44,0.6875,0.8741658930321071,36.887656250000006,22.703579752306375,-0.5789288496802628,0.3883992282359853,2.859375,1.5994841697794324,-0.49500950142868805,0.5000096539210632,2.7943795312500015,1.4450958908812843,0.22765387866657869,0.690663388456662,265.295875,77.11071972870005,-0.5261048416088427,0.511965050499147,1.0,0.9974809885025024,0.0031152646988630295,1.0837910175323486,0.06478480249643326
174,0.7701047164568878,0.953125,0.8759558577029432,0.6910430532675929,0.0,0.046875,0.0,61,0.030505976361220235,0.39348652958869934,0.0,1.0,64,1.0,48,0.75,0.8854634442439965,33.45375,20.976969774910295,-0.637674058668693,0.35886142010169475,2.359375,1.0660556314634804,-0.651312909542447,0.33325625687321486,2.569633906250001,1.3995790543494881,0.12023984760968572,0.6689092524513989,237.320984375,61.0211716636356,-0.7118399293103475,0.40514091091621274,1.0,0.9981869459152222,0.0011344299418851733,1.0648607015609741,0.0551803894340992
175,0.7472606691920922,0.90625,0.8479293595100271,0.714459461475519,0.0,0.09375,0.0,58,0.03112302121445835,0.39441001415252686,0.0,1.0,64,1.0,42,0.65625,0.8884422005494511,36.77671875,20.892849782782108,-0.5808267019067627,0.35742234571878884,2.578125,1.1429770270547872,-0.5829301684926775,0.35730240944879077,2.4956217187500007,1.2086533063956395,0.08486675677993728,0.5776589590573665,230.63370312499998,58.54654537221852,-0.7562391295110945,0.38871100105790385,1.0,0.9989525079727173,0.0011574074160307646,1.1180341243743896,0.06443783640861511
176,0.7383049151381509,0.9375,0.853429185350736,0.6768977043183383,0.0,0.0625,0.0,60,0.05176973785500883,0.3884640038013458,0.0,1.0,64,1.0,45,0.703125,0.8955520382442982,43.83437500000001,30.182939400584814,-0.4600885508944135,0.5163516281122916,2.96875,1.676759803162039,-0.4608181309038033,0.5241665436447648,2.2569037500000007,1.2740959188767695,-0.02922516073414489,0.6089363412510902,250.825015625,72.22045357629224,-0.6221819405745074,0.47949686233438404,1.0,1.0003803968429565,0.005382131319493055,1.0837910175323486,0.07606978714466095
177,0.750280990021104,0.921875,0.8647450269278834,0.7091204464841915,0.0,0.046875,0.0,59,0.029213921391735127,0.35280266404151917,0.0,1.0,62,0.96875,43,0.6935483870967742,0.8684226737182994,40.29854838709678,24.55581232336984,-0.520577352335004,0.42008611237334353,2.6451612903225805,1.345203836257616,-0.561974167203232,0.4205198884295368,2.89385483870968,1.3703999504697737,0.27519671188020794,0.654963507477062,275.52779032258076,69.40942206379646,-0.458171575478552,0.46083344050000113,0.96875,0.9975627064704895,0.0025419420562684536,1.1014959812164307,0.06732103228569031
178,0.7855597277197691,0.953125,0.8736715092033637,0.6889881596855375,0.0,0.046875,0.0,61,0.01960932543789253,0.3366774916648865,0.0,1.0,64,1.0,39,0.609375,0.8731488868010409,34.928125,22.375232112972036,-0.6124513352753806,0.38278205371540736,2.359375,1.0512966324377722,-0.651312909542447,0.3286424931770832,2.603587656250001,1.2961467687483148,0.13646756798020682,0.6194752368266238,233.96621875,73.53289428005777,-0.7341133921785287,0.4882106154097605,1.0,0.9996429085731506,0.002967359032481909,1.0648607015609741,0.052643969655036926
179,0.7681659510906916,0.9375,0.8739466850956281,0.6983028360278206,0.0,0.0625,0.0,60,0.02841526506164259,0.4791530966758728,0.0,0.984375,64,0.984375,37,0.578125,0.8667467265705118,37.95125,27.248496890883725,-0.5607335255876096,0.46615094529023626,2.359375,1.3960568073595716,-0.651312909542447,0.43641687382142913,2.7411593750000014,1.25067397766149,0.20221804864189993,0.5977421517263296,245.70646875,71.67218919998032,-0.6561657643354765,0.4758567432939577,1.0,0.9979793429374695,0.010728402063250542,1.0837910175323486,0.06711230427026749
180,0.743867174566218,0.921875,0.8715132363771988,0.6927604659761085,0.0,0.078125,0.0,59,0.0396075062609554,0.40382689237594604,0.0,1.0,64,1.0,44,0.6875,0.8889901591291789,40.0009375,23.02505820559622,-0.5256687009295478,0.39389888884081087,2.5,1.299038105676658,-0.6073525760104523,0.4060881663738061,2.281165468750001,1.5306349455841957,-0.017629611271030098,0.7315455843990113,229.6964375,71.83998129629731,-0.7624619639590479,0.47697077373442726,1.0,0.9993219375610352,0.0,1.1014961004257202,0.07257379591464996
181,0.7655385633207887,0.90625,0.881475056039876,0.7404916623163893,0.0,0.09375,0.0,58,0.03177749449007713,0.37722280621528625,0.0,1.0,64,1.0,46,0.71875,0.8792564509419363,39.059375,23.566829700012153,-0.5417763875730514,0.4031671906948402,2.328125,1.2254423627306998,-0.661081872549557,0.3830816354835713,2.607680156250001,1.2265896795733757,0.13842352116995338,0.5862313979894319,242.7975,71.24887956224298,-0.6754794257593871,0.47304624248650234,1.0,0.998153030872345,0.0038975500501692295,1.1180338859558105,0.06748266518115997
182,0.8065045739840502,0.96875,0.8517697958215591,0.7090045880722451,0.0,0.03125,0.0,62,0.028230387407873057,0.44810694456100464,0.0,1.0,64,1.0,41,0.640625,0.8714620706282232,43.564375,29.291975803697078,-0.4647075489893314,0.5011095571616786,2.578125,1.3323462329195817,-0.5829301684926775,0.4165005139857176,2.6370125000000013,1.3352781064093926,0.15244250499904446,0.6381775128723745,251.13689062500004,77.19707394979372,-0.6201112933196742,0.5125383863896507,1.0,0.9984950423240662,0.007322175893932581,1.0446386337280273,0.058396115899086
183,0.807874143211128,0.984375,0.8887017563221946,0.7160902198429117,0.0,0.015625,0.0,63,0.02687790544222479,0.3853605389595032,0.0,1.0,64,1.0,46,0.71875,0.8673236903930277,42.703125,24.848130832305575,-0.47944129754210135,0.4250869221358745,2.609375,1.0842218912081605,-0.5731612054855676,0.33893515349476144,2.7135270312500013,1.3011271083476537,0.18901155605839695,0.6218555205469287,257.8405,56.87690367336072,-0.5756036849835916,0.37762566558601796,1.0,0.9989228844642639,0.0,1.0230478048324585,0.06814879924058914
184,0.7638669244214541,0.96875,0.8641467368410479,0.6874433734809402,0.0,0.03125,0.0,62,0.03997556497831252,0.371751606464386,0.0,1.0,64,1.0,49,0.765625,0.8806927291288787,45.17234375,24.560351416344513,-0.43719938383030443,0.4201637644540942,2.6875,1.3331705629813464,-0.5487387979677927,0.4167582051818465,2.8018521875000015,1.5893562469877451,0.23122533030446926,0.7596106098813182,266.59403125000006,76.38613679543089,-0.5174859280203642,0.5071542908625215,1.0,0.9977673292160034,0.002983590355142951,1.0446385145187378,0.0652199238538742
185,0.7678496416747296,0.921875,0.8964991246239614,0.7139485673946999,0.0,0.078125,0.0,59,0.02101317978689049,0.39235273003578186,0.0,1.0,64,1.0,45,0.703125,0.8815718352126752,33.189218749999995,19.38368501348875,-0.6421995006679383,0.3316044598140371,2.3125,1.1301963325015703,-0.665966354053112,0.3533070772153332,2.741445156250001,1.4063055168163514,0.20235463379706345,0.6721240711973419,243.395046875,74.7227363515094,-0.6715121029654707,0.4961103932660683,1.0,0.997594952583313,0.01629549078643322,1.1014961004257202,0.056517329066991806
186,0.7588910961473208,0.953125,0.8858088919373809,0.6909642007613807,0.0,0.046875,0.0,61,0.03525950403786632,0.35084396600723267,0.0,1.0,64,1.0,45,0.703125,0.8773821020967406,42.32671875,21.143651976914924,-0.485880629955676,0.3617129192628654,2.765625,1.114425125064488,-0.5243163904500179,0.3483768902703632,2.7364301562500013,1.2680743974459037,0.19995778462257877,0.6060584392230317,263.36351562500005,81.40370117122909,-0.53893445166157,0.5404676564759688,1.0,0.9988847970962524,0.003655352396890521,1.0648607015609741,0.07091166079044342
187,0.7893502657586668,0.953125,0.8731564576508569,0.7129147023279242,0.0,0.046875,0.0,61,0.02800673433137436,0.4209217131137848,0.0,1.0,64,1.0,42,0.65625,0.873812883654115,40.76734375,18.720263606766757,-0.5125574823788698,0.3202550442074573,2.578125,1.1429770270547872,-0.5829301684926775,0.35730240944879077,2.3041726562500013,1.3311484612664393,-0.006633647489057595,0.6362038066805893,235.574171875,69.2758450829352,-0.7234376287342602,0.45994657618343454,1.0,0.9996159076690674,0.005837711505591869,1.0648607015609741,0.07558812201023102
188,0.7229136702691897,0.90625,0.87720528861572,0.6982009205750755,0.0,0.078125,0.0,58,0.02810267248437681,0.39689257740974426,0.0,1.0,63,0.984375,46,0.7301587301587301,0.8824173996822461,42.29222222222223,26.040387889026054,-0.4864707758671085,0.445483340927149,2.6825396825396823,1.3665551269860878,-0.5502894270165404,0.42719444744651247,2.3262601587301597,1.4113884784067579,0.003922765688609031,0.6745534016643215,244.82073015873016,81.42117022338992,-0.6620464927763982,0.5405836396259531,0.984375,0.9988511800765991,0.005353318993002176,1.1180340051651,0.06910909712314606
189,0.7379207686082683,0.90625,0.8695776585874886,0.7213616679944412,0.0,0.09375,0.0,58,0.01827071186619549,0.35999903082847595,0.0,1.0,64,1.0,41,0.640625,0.8780691190491352,34.81828125,21.833370427705347,-0.614330476282746,0.37351220893038606,2.21875,1.2433416415048602,-0.6952732430744418,0.38867707203393037,2.4829671875000012,1.4163718586436678,0.0788187003930872,0.6769351386148662,231.93954687500002,67.23691395053432,-0.7475691759201422,0.4464093989422346,1.0,0.9979662895202637,0.006868917960673571,1.1180338859558105,0.07039204239845276
190,0.7620357778472931,0.9375,0.880944665769736,0.7298630124798712,0.0,0.0625,0.0,60,0.022198175646646747,0.3440835475921631,0.0,1.0,64,1.0,52,0.8125,0.8829378214824939,36.13875,22.846988689704823,-0.5917406887247888,0.3908525823420505,2.40625,1.2082884330738253,-0.6366594650317822,0.377719200147745,2.6769843750000017,1.4596355754957258,0.17154650412095077,0.6976124275524532,246.88678125000004,68.48801729852752,-0.6483292566385785,0.4547159118497597,1.0,0.9972671866416931,0.007170435972511768,1.0837910175323486,0.06383966654539108
191,0.7724900260912682,0.9375,0.8531182819356521,0.6949239997530715,0.0,0.0625,0.0,60,0.017050469642634316,0.3691710829734802,0.0,0.984375,64,0.984375,38,0.59375,0.8664374021344932,37.203125,23.751513430397967,-0.5735319994756108,0.40632664920896755,2.25,1.1319231422671772,-0.6855042800673319,0.3538468897183902,2.225561250000001,1.1292792616096181,-0.04420487065464108,0.5397232434599799,224.9595625,58.456082431031895,-0.7939117345890649,0.38811038593699904,1.0,0.9980248808860779,0.0006020469591021538,1.0837911367416382,0.062306568026542664
192,0.7572502317191996,0.9375,0.8610363076130549,0.7099135580893654,0.0,0.0625,0.0,60,0.026946651584652124,0.3907052278518677,0.0,1.0,64,1.0,34,0.53125,0.8816532072806849,37.0465625,24.035283908425,-0.5762103768431499,0.4111812243845259,2.328125,1.1865744748539806,-0.661081872549557,0.370931268800942,2.5769453125000013,1.446891611281502,0.12373423206325228,0.6915216279300154,243.411828125,70.29609530575712,-0.6714006863747046,0.4667203744139078,1.0,0.9987962245941162,0.0005783690139651299,1.0837910175323486,0.07102837413549423
193,0.7401967992802344,0.96875,0.8582641366989382,0.6570981126985065,0.0,0.03125,0.0,62,0.0331803620978466,0.40149685740470886,0.0,1.0,64,1.0,41,0.640625,0.888036090440976,40.2975,25.22539568569738,-0.520595287512792,0.4315409430214158,2.390625,1.2198512652676146,-0.6415439465353372,0.3813338203064185,2.6707639062500013,1.4485718218145274,0.16857351800163928,0.6923246610763847,250.842625,74.50939807427403,-0.6220650257720927,0.4946939657931763,1.0,1.0002223253250122,0.0070270271971821785,1.0446385145187378,0.06359441578388214
194,0.7233753180467035,0.90625,0.8561915482940345,0.6716876280370423,0.0,0.09375,0.0,58,0.029684238381861038,0.42197784781455994,0.0,1.0,64,1.0,40,0.625,0.8969037623344345,43.279531250000005,25.506174768921614,-0.4695804850582173,0.4363443432084732,2.609375,1.4319696607732302,-0.5731612054855676,0.44764347658871845,2.350754062500001,1.2432093559309003,0.015629284737592845,0.5941745400747235,236.866828125,77.0732477956349,-0.7148552315703159,0.5117162612235249,1.0,0.9976550340652466,0.011383038945496082,1.118033766746521,0.07108144462108612
195,0.7365633594684969,0.921875,0.8430525498875117,0.6810217478794666,0.0,0.078125,0.0,59,0.03722820628255717,0.5337159037590027,0.0,1.0,64,1.0,36,0.5625,0.892211628002663,40.90125,29.872362043576334,-0.5102666945505455,0.5110384569258222,2.453125,1.6949344336507532,-0.6220060205211173,0.5298480570179533,2.4231370312500013,1.5828742214102962,0.050223713231151434,0.7565126163311093,243.65701562499999,75.11268625632016,-0.6697728007673481,0.49869940713354327,1.0,0.9976732730865479,0.0039548021741211414,1.1014959812164307,0.07070983946323395
196,0.7742106339010519,0.953125,0.8863262416886502,0.704673099561396,0.0,0.046875,0.0,61,0.03250930329398778,0.40322786569595337,0.0,1.0,64,1.0,43,0.671875,0.8807991513655051,42.00953125,22.915626452658316,-0.49130688350468227,0.39202679603213053,2.46875,1.2986621721987592,-0.6171215390175623,0.40597064700616686,2.390632187500001,1.3528290925333448,0.03468847735698487,0.6465657614471678,246.26515625000002,67.35606197969928,-0.6524564425296745,0.44720046439957867,1.0,0.9993003010749817,0.0,1.0648608207702637,0.06610336899757385
197,0.7582224231803042,0.953125,0.889506313155909,0.6898815168738685,0.0,0.046875,0.0,61,0.03260074568951681,0.400831401348114,0.0,1.0,64,1.0,47,0.734375,0.8834342856251237,45.37375,24.20466396817977,-0.4337538464782507,0.41407887687831973,2.6875,1.1301963325015703,-0.5487387979677927,0.3533070772153332,2.7753893750000014,1.4738610234971237,0.21857779883982897,0.7044112816499262,267.48153125000005,72.79322447092194,-0.5115935049705392,0.48329968872512763,1.0,0.9983232021331787,0.014492753893136978,1.0648607015609741,0.06241825222969055
198,0.7480096895526759,0.9375,0.8553188053270181,0.688709413791269,0.0,0.046875,0.0,60,0.03716683606228052,0.4234417676925659,0.0,1.0,63,0.984375,46,0.7301587301587301,0.8842215896507766,48.215873015873015,30.479574979066065,-0.3851325101973644,0.5214262917118831,2.888888888888889,1.564599559409728,-0.4857832585886398,0.4891044869380525,2.4878974603174617,1.5102773813179278,0.0811750553945857,0.7218159710179295,268.82115873015874,68.17897387471983,-0.5026992493736195,0.45266406442007934,0.984375,0.999157726764679,0.0,1.0837910175323486,0.0687132328748703
199,0.760357749851455,0.953125,0.8367487807742885,0.6822653537695988,0.0,0.046875,0.0,61,0.029384191518691944,0.4122115969657898,0.0,1.0,64,1.0,42,0.65625,0.8894442020530187,41.300937499999996,25.4147185282681,-0.5034290804725365,0.4347797646849661,2.5625,1.3905372163304368,-0.5878146499962325,0.4346914120429333,2.772100312500002,1.6977249374576355,0.21700583737662804,0.8114039112358056,257.10423437500003,65.50915329381992,-0.5804920100985704,0.4349381913724264,1.0,0.9992738366127014,0.002695417730137706,1.0648607015609741,0.06852805614471436
