step,reward_mean,valid_frac,c_mean,qed_mean,tox_mean,undersized_frac,alerts_mean,n_rankable,d_var,d_loss,w_C,unique,n_valid,unique_smiles_frac,n_scaffolds,scaffold_frac,tanimoto_dist,tpsa_mean,tpsa_sd,tpsa_drift_sd,tpsa_spread_ratio,hba_mean,hba_sd,hba_drift_sd,hba_spread_ratio,logp_mean,logp_sd,logp_drift_sd,logp_spread_ratio,mw_mean,mw_sd,mw_drift_sd,mw_spread_ratio,rdkit_valid_frac,ratio_mean,clip_frac,adv_std,kl
0,1.0375534775200974,0.90625,0.867210395891091,0.6134766873267915,0.0,0.078125,0.0,58,0.003970982784764376,0.7028569579124451,0.0,1.0,63,0.984375,52,0.8253968253968254,0.9136855071300836,49.19920634920634,32.522505043288916,-0.36831023318500977,0.5563755142107555,3.3174603174603177,2.2944058734054353,-0.3518089087768463,0.7172469152189909,2.3273073015873025,1.709380477611334,0.004423232985261147,0.8169745137872645,262.5243492063492,99.49815985187774,-0.5445059711521586,0.6606030991846578,0.984375,0.9944515824317932,0.0429864265024662,1.1180340051651,0.004375035408884287
1,1.0439615739166095,0.921875,0.8290776367914878,0.6120349811578606,0.0,0.046875,0.0,59,0.007869694327220065,0.6869913935661316,0.0,1.0,62,0.96875,54,0.8709677419354839,0.9046824713144381,52.48451612903225,34.235325496665624,-0.31210712350267467,0.5856774194369894,3.806451612903226,2.030721385230599,-0.1989468967454691,0.6348173468820727,2.9265356451612923,1.590114929415605,0.29081604666885075,0.7599732115465051,311.2211612903227,109.67057102437604,-0.22119079596725105,0.728141296441139,0.96875,0.9965313076972961,0.012316249310970306,1.1014959812164307,0.00827001966536045
2,1.0576949050532094,0.9375,0.8595527137319247,0.6069914860744563,0.0,0.046875,0.0,60,0.004029358676523487,0.6597489714622498,0.0,1.0,63,0.984375,54,0.8571428571428571,0.9069989223491003,52.431269841269845,32.724357099778935,-0.3130180290646598,0.5598286781529133,3.4761904761904763,1.6021527467867356,-0.30218877921692283,0.5008438692831743,2.3494033333333335,1.6152567192058624,0.014983722606370629,0.7719893786659165,278.24282539682537,81.35619053187294,-0.44014550758834076,0.5401522167165839,0.984375,0.9966278076171875,0.007469244301319122,1.0837910175323486,0.013499985449016094
3,1.0865655192222068,0.9375,0.869784667591254,0.6366890770947643,0.0,0.0625,0.0,60,4.1022031511094015e-06,0.6577175855636597,0.0,1.0,64,1.0,54,0.84375,0.9034026947629703,47.92765625,26.9810758763311,-0.3900631497991822,0.4615760669318676,3.140625,1.549870836352178,-0.4070888343646986,0.48450018771593495,2.6194390625000015,1.711572934451232,0.14404352610278634,0.8180223678982921,274.87700000000007,89.14718982478504,-0.46249240015165344,0.5918793872120499,1.0,0.9985746741294861,0.00933271087706089,1.0837911367416382,0.01805703528225422
4,0.9970111799566637,0.859375,0.8521323651075363,0.6232430685179919,0.0,0.140625,0.0,55,5.534377957984969e-06,0.6520942449569702,0.0,1.0,64,1.0,52,0.8125,0.9121475817309942,43.73328125,28.068947480639498,-0.4618180021487029,0.48018672199785123,2.828125,1.495354133432947,-0.504778464435798,0.4674578947851327,2.4800328125000015,1.8996061664357813,0.07741625686439764,0.9078902237024541,254.31021875,88.18458435709387,-0.5990424575017498,0.5854883126816712,1.0,0.9973140954971313,0.001970443408936262,1.1611261367797852,0.02807484194636345
5,1.0795449991200878,0.9375,0.8723880171775817,0.618519120160805,0.0,0.046875,0.0,60,0.004156895872538036,0.6273347735404968,0.0,1.0,63,0.984375,54,0.8571428571428571,0.9059403145108289,44.00746031746032,32.83341474334862,-0.4571275110736453,0.5616943709228562,3.0,1.868706368604627,-0.45104916789669336,0.5841703483535792,2.8254796825396844,1.706126080283086,0.24251776140736203,0.8154191200585194,271.03271428571423,90.77531073391604,-0.4880159581831702,0.6026890516321802,0.984375,0.9963192343711853,0.0028680688701570034,1.0837911367416382,0.04034804552793503
6,1.1105713642214443,0.9375,0.8839536751310031,0.6779709876262477,0.0,0.0625,0.0,60,1.1777019697205814e-05,0.5777242183685303,0.0,1.0,64,1.0,55,0.859375,0.8980976123118837,33.286249999999995,20.851718491829395,-0.6405395482275772,0.3567186962574848,2.5625,1.3905372163304368,-0.5878146499962325,0.4346914120429333,3.354101562500002,1.6773691986404082,0.4951652024038689,0.8016751703025854,270.3386875,77.47118741423228,-0.4926238448641151,0.5143583215965523,1.0,0.9986514449119568,0.010452961549162865,1.0837910175323486,0.04433589056134224
7,1.114358122749834,0.96875,0.9117727914164143,0.6385268898799228,0.0,0.015625,0.0,62,0.004106203204739772,0.612453281879425,0.0,1.0,63,0.984375,58,0.9206349206349206,0.901911739465944,38.310317460317464,29.670657300793383,-0.5545908147907455,0.5075878131382283,2.5873015873015874,1.6679511301405574,-0.5800615047524944,0.5214128924163302,2.844903015873017,1.7062968611137,0.25180087216822766,0.8155007423701595,269.32336507936515,79.63954307951764,-0.499364925691555,0.5287547935991959,0.984375,0.998567521572113,0.002923976629972458,1.0446385145187378,0.0460505336523056
8,1.0835244351055107,0.921875,0.8964247344914129,0.672789248289686,0.0,0.078125,0.0,59,4.469060286507384e-05,0.5951286554336548,0.0,1.0,64,1.0,53,0.828125,0.9008408305884272,31.856250000000003,23.896949040358688,-0.6650031307302895,0.40881467441393704,2.234375,1.5180393141730553,-0.6903887615708868,0.47454943691184376,3.094106250000002,1.6420275804450402,0.3709040757567027,0.7847841377210252,249.03732812500002,87.08539522163271,-0.6340510234262077,0.578190411388253,1.0,0.9989430904388428,0.011500000022351742,1.1014959812164307,0.046094443649053574
9,1.1031347027170657,0.9375,0.912730015317599,0.6772205642689211,0.0,0.0625,0.0,60,0.00010926258429998226,0.6121473908424377,0.0,1.0,64,1.0,52,0.8125,0.9016203614060369,31.72953125,24.34687148983979,-0.6671709591185871,0.416511677884359,2.21875,1.082080605823799,-0.6952732430744418,0.3382657730881217,2.7895939062500017,1.8888960537462576,0.22536665606824505,0.902771474996866,234.72934375,69.85047740155818,-0.7290467382744185,0.4637617612194102,1.0,0.9947665333747864,0.017787659540772438,1.083790898323059,0.04663383588194847
10,1.0538744288093267,0.90625,0.8634234137576202,0.6656222346867876,0.0,0.09375,0.0,58,0.00012630845750753023,0.5635156035423279,0.0,1.0,64,1.0,46,0.71875,0.8942304442615885,37.2896875,23.878473240082663,-0.57205114013268,0.40849860150179984,2.484375,1.274659114969567,-0.6122370575140074,0.39846712770602216,2.7642454687500013,1.3591306931108702,0.21325172456348832,0.6495775233897749,250.482421875,87.20124321017536,-0.6244565403595508,0.5789595667211709,1.0,0.9979689717292786,0.0010282776784151793,1.1180338859558105,0.04901827126741409
11,1.0196831190790288,0.90625,0.8852478974852068,0.627734162448148,0.0,0.078125,0.0,58,0.003838514881218729,0.5098128318786621,0.0,1.0,63,0.984375,47,0.746031746031746,0.8988965814657135,38.958412698412715,24.922390468950265,-0.5435035900867187,0.4263573114699156,2.6507936507936507,1.438238893977688,-0.5602134529285251,0.44960328162095187,2.7504704761904777,1.5167008617824163,0.20666815935016264,0.7248859837494606,256.9684603174603,83.69408671452597,-0.5813934615759963,0.5556743275388518,0.984375,0.998159646987915,0.0015789474127814174,1.1180340051651,0.04381311684846878
12,1.0898619657000113,0.953125,0.8927454020156235,0.6750260421770776,0.0,0.046875,0.0,61,0.000376382253822858,0.5147576928138733,0.0,1.0,64,1.0,49,0.765625,0.8887987871866327,37.315,23.280361962929188,-0.5716181090612815,0.3982664724287602,2.65625,1.4276154725625525,-0.5585077609749026,0.44628232767492315,2.8408857812500017,1.4882422367362256,0.24988089101371397,0.7112845815662234,258.8096875,87.38178604225025,-0.569168910037561,0.5801582537580147,1.0,0.9967867732048035,0.01221455167979002,1.0648608207702637,0.037827130407094955
13,0.9979477384570243,0.890625,0.8859727199663195,0.6778202260424421,0.0,0.09375,0.0,57,0.003893058804166228,0.5304973721504211,0.0,1.0,63,0.984375,54,0.8571428571428571,0.8945984553325909,33.74111111111111,22.79686751741787,-0.6327580570954499,0.38999513938164876,2.4761904761904763,1.3316315670580536,-0.6147955954444408,0.4162771045660788,2.639738888888891,1.7254729575690098,0.15374554447215702,0.8246656897198603,239.58966666666666,78.31248941139292,-0.6967773537293371,0.519944019940139,0.984375,0.9990364909172058,0.01199563778936863,1.1334556341171265,0.04524523764848709
14,1.0079677959666689,0.90625,0.8801451916324681,0.6936112711077764,0.0,0.078125,0.0,58,0.004278788799368799,0.5305528044700623,0.0,1.0,63,0.984375,51,0.8095238095238095,0.8891738032474763,34.62285714285714,23.80901972799727,-0.6176736747219824,0.40731043246473403,2.5396825396825395,1.2321795996873237,-0.5949475436204715,0.3851877416787519,2.6606653968253977,1.489526840652711,0.1637470765304752,0.7118985400581014,242.7662222222222,70.23076136508043,-0.6756870898706269,0.46628659952041,0.984375,0.9969472289085388,0.020441098138689995,1.1180340051651,0.04733806103467941
15,1.0412359863202847,0.953125,0.8844355823563748,0.6811267182626445,0.0,0.03125,0.0,61,0.00478646341994615,0.5206757187843323,0.0,1.0,63,0.984375,53,0.8412698412698413,0.8906189047418647,32.66952380952381,27.325180225872565,-0.6510901300753379,0.46746279780218214,2.365079365079365,1.4063527894182026,-0.6495296861363873,0.4396354679927134,2.979833333333335,1.4056153506526878,0.31628893199230196,0.6717942159232373,253.4334126984127,75.32225383266794,-0.6048638796860868,0.5000907996038166,0.984375,0.9971941113471985,0.0010266940807923675,1.0648607015609741,0.04625735059380531
16,0.9811712682810586,0.90625,0.8977172611088589,0.7041708732883233,0.0,0.078125,0.0,58,0.005550140454881398,0.512595534324646,0.0,1.0,63,0.984375,51,0.8095238095238095,0.8990391985176145,37.46476190476191,25.03233869415453,-0.5690560721991093,0.42823823977642705,2.746031746031746,1.3682134564768222,-0.530441375192571,0.4277128525488672,2.724104761904763,1.43963404211908,0.1940670346202689,0.6880529741601814,256.8690158730159,79.26737698397991,-0.582053708039795,0.5262838526643115,0.984375,0.9989733695983887,0.03164239227771759,1.1180338859558105,0.04111538827419281
17,1.0851826018516335,1.0,0.8561173779889941,0.7003078248649324,0.0,0.0,0.0,64,0.003475420042433589,0.4876178801059723,0.0,1.0,64,1.0,48,0.75,0.8905940097808325,36.74734375,24.199871012194176,-0.5813292317920894,0.4139968818614068,2.59375,1.3887803777055607,-0.5780456869891225,0.43414221231378525,2.7348045312500013,1.627787666808016,0.1991808398689852,0.7779783699751357,254.21978125000004,74.85945068039776,-0.5996429037097141,0.49701808753399296,1.0,0.998313844203949,0.017068272456526756,0.9999999403953552,0.0367056243121624
18,0.9539194164301209,0.953125,0.8368395425257136,0.6416725116069777,0.0,0.03125,0.0,61,0.008723864709138556,0.4710555970668793,0.0,1.0,63,0.984375,47,0.746031746031746,0.9061118350853833,45.7011111111111,32.38408030955319,-0.42815354889094576,0.5540074268721821,3.111111111111111,1.755816737653947,-0.41631507720474686,0.5488802802369876,2.1667560317460333,1.8236064731564825,-0.07231000302301999,0.8715672322572728,258.78633333333335,74.49976846176871,-0.569323966522041,0.49463003142620476,0.984375,1.0001057386398315,0.0028462999034672976,1.0648607015609741,0.038694605231285095
19,0.8575076144760019,0.828125,0.8910230741185962,0.6854731903889475,0.0,0.125,0.0,53,0.014744204000646341,0.5283674001693726,0.0,1.0,61,0.953125,47,0.7704918032786885,0.8969201434335987,40.706393442622954,24.596124447002136,-0.5136001836887187,0.4207757480113423,2.80327868852459,1.4911726283628626,-0.5125455907611232,0.4661507277981344,2.2616004918032795,1.4310744556284345,-0.026980418617702805,0.68396203940165,247.92045901639347,83.31165659739595,-0.6414663082478311,0.553135240173078,0.953125,0.9980028867721558,0.0044247787445783615,1.1848078966140747,0.03607875481247902
20,1.0174090117171972,0.984375,0.913494915243179,0.6594984514135972,0.0,0.015625,0.0,63,0.01032335023785965,0.5216741561889648,0.0,1.0,64,1.0,50,0.78125,0.8813277583358108,34.425312500000004,24.964970268905663,-0.6210531500146429,0.42708574115464143,2.421875,1.344022501439243,-0.6317749835282273,0.4201505951130665,2.7269603125000015,1.5556241256244732,0.19543180512613073,0.7434888138208638,248.818046875,68.45971713041132,-0.6355069083748213,0.4545280171309745,1.0,0.9986678957939148,0.005017561372369528,1.0230478048324585,0.041556332260370255
21,0.9135186246879259,0.890625,0.8773346083206043,0.6954998107180286,0.0,0.09375,0.0,57,0.015327398064838614,0.46138718724250793,0.0,1.0,63,0.984375,55,0.873015873015873,0.8928151648707998,37.8688888888889,23.681703748172886,-0.5621425100887855,0.40513238702672877,2.7301587301587302,1.2873788949835945,-0.5354033881485633,0.40244341763932173,2.5529226984127,1.4622075113857949,0.11225295933262117,0.6988416483729796,253.2842857142857,75.96992459016815,-0.6058539859155188,0.5043909123927652,0.984375,0.9982820749282837,0.0004965243279002607,1.1334559917449951,0.05145460367202759
22,0.9860950429569395,0.96875,0.883671171242191,0.6884366369098613,0.0,0.03125,0.0,62,0.01586437122457188,0.5068223476409912,0.0,1.0,64,1.0,54,0.84375,0.8898120564891331,38.54484375,23.042418085469805,-0.5505786796601834,0.39419587125586303,2.6875,1.3792547806696194,-0.5487387979677927,0.43116444575171337,2.8418262500000013,1.333903133455421,0.2503303749114339,0.6375203637617731,262.187328125,66.9439026228432,-0.5467435720400672,0.4444639942085478,1.0,1.0006119012832642,0.013138686306774616,1.0446385145187378,0.03985849395394325
23,0.9090472100025342,0.90625,0.8535952889199915,0.6492148956534002,0.0,0.09375,0.0,58,0.01637828977001924,0.5656774044036865,0.0,1.0,64,1.0,48,0.75,0.9009577446212884,43.8609375,28.14118643769473,-0.4596341355725757,0.48142254275717333,2.90625,1.6744285405773518,-0.4803560569180232,0.5234377750703754,2.3655128125000013,1.6226279444406206,0.02268302307337115,0.7755123527673865,254.93020312500005,90.50699534275996,-0.5949261642941084,0.6009076118626355,1.0,0.9977733492851257,0.011428571306169033,1.1180338859558105,0.03919268026947975
24,0.955955389113225,0.953125,0.8935999020201261,0.6754189719536062,0.0,0.046875,0.0,61,0.02445482552587317,0.489212304353714,0.0,1.0,64,1.0,49,0.765625,0.9000083222786979,38.034375,22.77942670172748,-0.5593114729333872,0.3896967723651757,2.765625,1.2341771993417314,-0.5243163904500179,0.3858122049468135,3.0815370312500017,1.4659586620980327,0.36489679328714,0.7006344584403764,267.283140625,74.08071820990843,-0.5129106897498289,0.4918478101720115,1.0,1.0004632472991943,0.0019389238441362977,1.0648607015609741,0.04003326594829559
25,0.8483304740404891,0.890625,0.8812323421762701,0.6303671711890072,0.0,0.09375,0.0,57,0.031829642198753214,0.45087993144989014,0.0,1.0,63,0.984375,44,0.6984126984126984,0.9050461312063027,44.65349206349207,24.82044313321787,-0.44607558735447117,0.42461325758276797,2.9365079365079363,1.331820759581145,-0.47089721972066284,0.4163362474383765,2.529917142857143,1.8097293708680084,0.10125777551569201,0.8649348651257933,252.3386190476191,79.25971641391111,-0.6121325978187497,0.5262329914590741,0.984375,0.9970307350158691,0.01270970981568098,1.1334558725357056,0.03987078741192818
26,0.8753377110343777,0.90625,0.812173619352538,0.6527439516344942,0.0,0.09375,0.0,58,0.02697191678890985,0.47410643100738525,0.0,1.0,64,1.0,52,0.8125,0.89812197275198,44.688437500000006,27.926169302888532,-0.44547776178167026,0.47774415854960106,3.03125,1.7407680596506818,-0.4412802048895834,0.5441759609179538,2.890043125000002,1.8399705075395205,0.27337495657444233,0.8793881938329907,277.015125,96.30619293860667,-0.4482966401140119,0.6394105139294043,1.0,0.9992493391036987,0.017050690948963165,1.1180338859558105,0.04264914616942406
27,0.9466277758062276,0.953125,0.8723591844566533,0.6879635739940259,0.0,0.046875,0.0,61,0.028397120616822775,0.4668561816215515,0.0,1.0,64,1.0,49,0.765625,0.8899253023519049,41.29921875,24.271278055597907,-0.5034584838168906,0.4152184707408348,2.859375,1.2230493078265487,-0.49500950142868805,0.382333550208927,2.8006653125000014,1.4750649932259026,0.23065807998264135,0.704986702158506,268.57690625000004,77.58292656988048,-0.5043209270570721,0.5151001969501404,1.0,0.998817503452301,0.003727865871042013,1.0648608207702637,0.04233912006020546
28,0.9147428799925819,0.953125,0.8569497729911179,0.6723212465841362,0.0,0.046875,0.0,61,0.035827201231052236,0.46987971663475037,0.0,1.0,64,1.0,51,0.796875,0.9024483839609955,44.55640625,26.25253513753407,-0.4477364732343356,0.44911262884085484,3.21875,1.5254994059323654,-0.3826664268469238,0.4768815124454869,2.5171132812500012,1.3707085033376167,0.09513834877126616,0.6551109760087817,264.729984375,75.25087122180307,-0.5298619874820033,0.49961686547241735,1.0,0.9991293549537659,0.0037209303118288517,1.0648607015609741,0.04178764671087265
29,0.835806617817958,0.90625,0.842455218578207,0.644387563264771,0.0,0.09375,0.0,58,0.035811255066623096,0.439689964056015,0.0,1.0,64,1.0,52,0.8125,0.906074130844436,48.4465625,32.15789046927043,-0.3811860128355122,0.5501379067190123,3.140625,1.9354197501769481,-0.4070888343646986,0.605025406166674,2.309357031250001,1.537544369761895,-0.004155847900030863,0.7348478471380907,261.24084375000007,92.82744915201185,-0.553027612995052,0.61631391666454,1.0,0.9978165030479431,0.002452182350680232,1.1180338859558105,0.04696129262447357
30,0.9196181639567129,0.921875,0.8490967995534509,0.7050020288587693,0.0,0.078125,0.0,59,0.03949593506733931,0.5147274732589722,0.0,1.0,64,1.0,50,0.78125,0.8970460196066116,45.996875,24.989342032842224,-0.42309379763419286,0.4275026786775776,2.875,1.192424001771182,-0.4901250199251331,0.3727598707869655,2.3642546875000012,1.4694858128929507,0.02208171980963258,0.7023202108772822,254.129484375,81.07473060450778,-0.600242416259097,0.5382835057716728,1.0,1.0007425546646118,0.002384358551353216,1.1014961004257202,0.04625678434967995
31,0.9682520432429813,0.984375,0.8578611039926135,0.6771933042594709,0.0,0.015625,0.0,63,0.037013795136988784,0.5009362697601318,0.0,1.0,64,1.0,55,0.859375,0.892214823426628,44.04593750000001,32.921384659079784,-0.45646926650753933,0.5631993074901611,2.96875,1.6674151964942625,-0.4608181309038033,0.5212453559054527,2.5480642187500013,1.6374831853209268,0.10993091686626226,0.7826122075711222,269.794359375,72.0985166940363,-0.4962378297547269,0.47868728070550665,1.0,0.9996534585952759,0.0,1.0230478048324585,0.04583583399653435
32,0.8861287324429102,0.96875,0.84427608020844,0.664545680722737,0.0,0.03125,0.0,62,0.03723171629272358,0.4740104675292969,0.0,1.0,64,1.0,50,0.78125,0.8863116740982075,50.04171875,30.647841714114204,-0.3538970362434895,0.5243048981141993,3.203125,1.6410713678493694,-0.38755090835047873,0.5130100955055295,2.7941431250000015,1.4107799703697557,0.2275408916027391,0.6742625737508309,290.83023437500003,83.30556694197095,-0.35657329485530254,0.5530948088198478,1.0,0.9988827705383301,0.0,1.0446385145187378,0.04077068343758583
33,0.9133395447960171,0.953125,0.8619536024625184,0.6568241429232926,0.0,0.046875,0.0,61,0.029695916980648517,0.5172467231750488,0.0,1.0,64,1.0,49,0.765625,0.8999148462569029,46.21625,30.34641013056569,-0.4193408616820722,0.5191481873358341,3.09375,1.4760457098274429,-0.42174227887536353,0.46142194995544383,2.232979062500001,1.5957128396491014,-0.04065963082072128,0.7626486545219778,271.227953125,73.44581004438534,-0.48671969921209574,0.48763243269702516,1.0,0.999056339263916,0.0009041591547429562,1.0648608207702637,0.04252300038933754
34,0.8539622005327705,0.9375,0.862537282705307,0.6310580694727393,0.0,0.0625,0.0,60,0.03372241617222392,0.4655158817768097,0.0,1.0,64,1.0,50,0.78125,0.8995353897163328,43.654687499999994,29.261080378248916,-0.46316253689508236,0.5005810167495055,2.96875,1.7044862679118304,-0.4608181309038033,0.5328340255154416,2.6707282812500015,1.5974696993581325,0.16855649153068405,0.7634883210709862,281.66576562500006,94.37754558218259,-0.4174194096743463,0.6266055492668945,1.0,1.0004897117614746,0.01110124308615923,1.0837910175323486,0.049144577234983444
35,0.8874344251295765,0.96875,0.86471220754808,0.6501249081984141,0.0,0.015625,0.0,62,0.03849020124994482,0.49626630544662476,0.0,1.0,63,0.984375,48,0.7619047619047619,0.8909324258000504,44.57539682539683,30.578391209635505,-0.4474115938581158,0.5231167805294653,3.0952380952380953,1.7340134720031548,-0.4212770901607392,0.5420644307785306,2.7122347619047638,1.4897921925619688,0.18839393398195736,0.7120253612953202,274.64536507936515,82.149483641597,-0.46403030544235047,0.5454191672574351,0.984375,0.9984486699104309,0.0017730495892465115,1.0446385145187378,0.047621142119169235
36,0.8461642151995157,0.90625,0.8375806587523428,0.6619856083688291,0.0,0.046875,0.0,58,0.03155868063133041,0.4552707374095917,0.0,1.0,61,0.953125,50,0.819672131147541,0.8930565890486513,46.77803278688524,31.88425691078629,-0.4097302186362185,0.5454567478844057,3.4098360655737703,1.8850320619991712,-0.32293162026246475,0.5892738713883542,2.5213934426229527,1.757807165215114,0.0971839920919881,0.8401193724524992,273.4175573770492,83.86015142662156,-0.4721821504067214,0.5567768892710373,0.953125,0.9955376982688904,0.008650518953800201,1.1180338859558105,0.039009831845760345
37,0.8825532150870197,0.96875,0.8704648561655514,0.6587318922416339,0.0,0.03125,0.0,62,0.03583962272969995,0.4604817032814026,0.0,1.0,64,1.0,53,0.828125,0.8955024911228668,43.8453125,32.53774221811255,-0.4599014387030686,0.5566361826606898,2.828125,1.4092849195159225,-0.504778464435798,0.4405520718473265,2.8513920312500014,1.6348139994938846,0.25490220639545474,0.7813365075021107,275.41729687500003,78.57101423685931,-0.45890518014038784,0.5216604567182012,1.0,0.9985113739967346,0.02330895885825157,1.0446385145187378,0.04267669841647148
38,0.8283662041757579,0.921875,0.8763332922579878,0.6527709743861895,0.0,0.078125,0.0,59,0.041786887894670915,0.46195197105407715,0.0,1.0,64,1.0,51,0.796875,0.8957924088356368,42.13828125,32.652950218677,-0.4891043057094206,0.5586070920500472,2.796875,1.769354468266605,-0.5145474274429079,0.5531122671027564,2.5443451562500012,1.513563243613801,0.10815344291152995,0.7233864029882853,264.18879687500004,99.55458636568747,-0.5334551206642872,0.6609777345543408,1.0,0.9981184601783752,0.021377671509981155,1.1014959812164307,0.04905903711915016
39,0.8546035044286503,0.90625,0.8863267158639843,0.6663422324762723,0.0,0.09375,0.0,58,0.03168470073972242,0.4794197678565979,0.0,1.0,64,1.0,48,0.75,0.8984008652857333,37.1153125,28.732913181617068,-0.575034243068981,0.4915454490641702,2.71875,1.8579958120243436,-0.5389698349606828,0.5808221553609921,2.571682656250001,1.7082265519869608,0.1212190190446261,0.8164230111591099,255.678203125,82.7427736333323,-0.5899599305574674,0.5493582271138088,1.0,0.9981728792190552,0.0,1.1180338859558105,0.0447038933634758
40,0.8465972135301559,0.9375,0.8656456490357717,0.6310790433065737,0.0,0.03125,0.0,60,0.034790781127019436,0.5005030035972595,0.0,1.0,62,0.96875,43,0.6935483870967742,0.9000590541616494,42.39145161290323,25.778421949673344,-0.48477321895408854,0.44100178472417306,2.967741935483871,1.5236600875638122,-0.4611332587427423,0.47630652898626463,2.607881290322582,1.524523485188696,0.13851965038946004,0.7286246972995397,261.36420967741935,87.2591756752295,-0.5522085434352904,0.579344200628121,0.96875,0.9978047609329224,0.001457017962820828,1.0837910175323486,0.043566133826971054
41,0.8426398975602127,0.921875,0.8692038215823092,0.6453053669779396,0.0,0.0625,0.0,59,0.04521088955405807,0.48227658867836,0.0,1.0,63,0.984375,55,0.873015873015873,0.9085395830089653,44.62285714285715,24.82787900654663,-0.44659967120651056,0.42474046604476645,3.0317460317460316,1.3912225292800273,-0.4411251419847087,0.4349056455422243,2.5450458730158743,1.615927472031314,0.10848834069853501,0.7723099556062888,270.0708730158731,86.60504244960666,-0.4944019589366181,0.5750011812519897,0.984375,0.9991211891174316,0.00799623690545559,1.1014959812164307,0.04328744858503342
42,0.8346429044634178,0.90625,0.8797961992436442,0.6667190134087445,0.0,0.09375,0.0,58,0.03782966526654444,0.4199490249156952,0.0,1.0,64,1.0,49,0.765625,0.9002696282951517,42.59125,28.501918767646156,-0.4813551879564307,0.4875937351453988,2.953125,1.5148193735145454,-0.4657026124073583,0.4735428615141455,2.2212312500000007,1.2950856745507475,-0.04627433365075674,0.6189681016817604,247.95493749999997,68.97448874150753,-0.6412373935306188,0.4579457659835028,1.0,0.9968917369842529,0.014602215960621834,1.1180338859558105,0.04408758878707886
43,0.8639722043243092,0.9375,0.8311023955543836,0.6351810399935195,0.0,0.0625,0.0,60,0.042386294155162416,0.5128112435340881,0.0,1.0,64,1.0,46,0.71875,0.8989283664264481,47.85171875,28.112289047379235,-0.39136224301337774,0.48092818353193123,3.21875,1.6246994914444948,-0.3826664268469238,0.5078921353469311,2.194438281250001,1.466837439587883,-0.05907965868175044,0.7010544578623312,258.15015625,88.37667622459472,-0.5735477687863834,0.586763677805892,1.0,0.9984234571456909,0.0013992537278681993,1.0837910175323486,0.046996116638183594
44,0.919801741093998,0.9375,0.8812090621640285,0.6694638851157299,0.0,0.0625,0.0,60,0.040506253172045155,0.5021917819976807,0.0,1.0,64,1.0,50,0.78125,0.8817645224088877,47.620156249999994,34.74368155201872,-0.3953236754072831,0.594374069997048,3.078125,1.88169378071327,-0.4266267603789185,0.5882303019038968,2.551786093750001,1.3135165908706887,0.11170973501606977,0.6277769005983007,270.76090625000006,97.83039313601614,-0.48982058684206575,0.6495302123809689,1.0,0.998036801815033,0.007723761722445488,1.0837911367416382,0.05040454864501953
45,0.8723506689443644,0.921875,0.8839900039010129,0.6808104677328481,0.0,0.046875,0.0,59,0.049297300933716155,0.4148264527320862,0.0,1.0,62,0.96875,50,0.8064516129032258,0.8853140995411669,41.96483870967742,29.651701237269812,-0.4920714566847083,0.5072635241704413,2.9516129032258065,1.5390342526406775,-0.4661753041657668,0.4811125977830998,2.4439956451612916,1.564335592254921,0.06019279628881304,0.7476523375699646,258.8470806451613,72.06613740220956,-0.5689206438624014,0.4784723032570594,0.96875,0.9993844032287598,0.010526316240429878,1.1014961004257202,0.0431060753762722
46,0.8889596738883198,0.96875,0.8692709221955268,0.6672931466517951,0.0,0.015625,0.0,62,0.051662169647211945,0.4771844446659088,0.0,1.0,63,0.984375,52,0.8253968253968254,0.8933675119375343,42.26730158730158,23.44511511759537,-0.4868971031457108,0.40108497060481496,3.111111111111111,1.3227089940317243,-0.41631507720474686,0.41348784741976047,2.476738253968255,1.5406192568775823,0.07584166864962028,0.7363174464690716,266.26573015873015,62.90621464850179,-0.5196656338428786,0.41765637089811314,0.984375,0.9990737438201904,0.0,1.0446385145187378,0.05054124444723129
47,0.869360331389162,0.96875,0.8953461038970179,0.6659788646035721,0.0,0.015625,0.0,62,0.04586306062622421,0.5066335797309875,0.0,1.0,63,0.984375,51,0.8095238095238095,0.8880358915848015,38.493174603174616,19.64591599591936,-0.5514626044407481,0.33609055021505707,2.6507936507936507,1.0413472677369346,-0.5602134529285251,0.32553225395446794,2.894035238095239,1.5287318354339952,0.27528293124578224,0.7306360194952303,261.346,65.14185792024658,-0.5523294438555221,0.43249958886500367,0.984375,0.9983048439025879,0.01567542739212513,1.0446386337280273,0.05209527909755707
48,0.9147968577782442,0.984375,0.8618269520146506,0.6544457768017224,0.0,0.015625,0.0,63,0.04581751210417845,0.47783559560775757,0.0,1.0,64,1.0,53,0.828125,0.8840820776108436,44.656875,32.27980903729722,-0.4460177141052661,0.552223616472534,3.140625,1.519325379691592,-0.4070888343646986,0.4749514697590535,2.707097656250001,1.5966172003604049,0.18593872611598347,0.7630808810871472,272.64671875000005,73.13897985416808,-0.47730001777992703,0.485595279699596,1.0,0.9982802867889404,0.0004526935226749629,1.0230478048324585,0.045178912580013275
49,0.8996569086668806,0.96875,0.8951496602066101,0.702997985613867,0.0,0.03125,0.0,62,0.03193566004333223,0.43912601470947266,0.0,1.0,64,1.0,56,0.875,0.8801595924492545,46.238125000000004,32.0992373777692,-0.41896663729938205,0.5491345048008449,3.0625,1.7929985359726315,-0.4315112418824735,0.5605035638310053,2.681804531250001,1.3731437629406864,0.17385023044771014,0.6562748743077396,278.178328125,85.94479233588251,-0.4405737275445713,0.5706175497153613,1.0,0.9975919127464294,0.0,1.0446385145187378,0.045179758220911026
50,0.8644164943100224,1.0,0.8756444533355534,0.6832059068637069,0.0,0.0,0.0,64,0.028674112178301844,0.4414190351963043,0.0,1.0,64,1.0,52,0.8125,0.8846160328228085,47.05453125,29.61141845480006,-0.4050000487311269,0.5065743904834569,3.109375,1.572390571510463,-0.41685779737180856,0.4915400104260533,2.356980312500001,1.5107770233734132,0.01860503392455917,0.7220547679567586,267.81248437500005,64.65612592665532,-0.5093961913681035,0.429274644194497,1.0,0.9987694621086121,0.0,0.9999999403953552,0.0507500134408474
51,0.8450553116674775,0.953125,0.8793426002146768,0.6822666130627336,0.0,0.015625,0.0,61,0.03631876510656649,0.4559456706047058,0.0,1.0,62,0.96875,56,0.9032258064516129,0.895580511462324,42.08693548387097,30.5697081559143,-0.4899826982869469,0.5229682360531827,2.806451612903226,1.5009535644041088,-0.5115537129729871,0.46920831507371336,2.910979354838712,1.5944772514019443,0.2833811350800726,0.7620581223843504,273.08429032258067,64.39198750580678,-0.474394826996578,0.42752093679240993,0.96875,0.9994451403617859,0.0004553734033834189,1.0648608207702637,0.04304739460349083
52,0.8023297774315474,0.953125,0.881054830844285,0.6554432609428283,0.0,0.03125,0.0,61,0.03626619305074711,0.4644605219364166,0.0,1.0,63,0.984375,51,0.8095238095238095,0.9007246341182328,49.84253968253968,32.30738639649198,-0.35730447229218104,0.5526953933969172,2.9047619047619047,1.5088551921671296,-0.4808212456326475,0.47167841777172625,2.128402222222224,1.5980957729136853,-0.09064067036010647,0.7637875441786219,247.16277777777776,59.95624012387611,-0.6464968191152556,0.39807045778791467,0.984375,0.9999402165412903,0.000993542023934424,1.0648607015609741,0.05121086165308952
53,0.8267550911272971,0.953125,0.887458051325845,0.6420997855609298,0.0,0.03125,0.0,61,0.029321966321336462,0.47433000802993774,0.0,1.0,63,0.984375,44,0.6984126984126984,0.897108876660736,48.14285714285715,26.7709229509604,-0.38638162196906445,0.4579808967025022,3.111111111111111,1.3814084267958464,-0.41631507720474686,0.43183769021051394,2.2077407936507947,1.6244414847095618,-0.052721908758237776,0.776379108997996,257.794253968254,77.13736597989627,-0.5759107285705473,0.5121419642847695,0.984375,0.9970700740814209,0.0028694404754787683,1.0648607015609741,0.045620761811733246
54,0.7945609236075143,0.890625,0.8741462047685656,0.6220539832836369,0.0,0.109375,0.0,57,0.0429624219539385,0.4779210686683655,0.0,0.984375,64,0.984375,44,0.6875,0.9019000921726367,45.532812500000006,34.789310744679085,-0.4310327006098326,0.5951546668636067,2.890625,1.5822964669666049,-0.48524053842157816,0.49463666086648045,2.265952343750001,1.4835732811302489,-0.024900511788993104,0.7090531194745203,252.92425000000003,92.31427938180126,-0.6082443890046647,0.6129068029941599,1.0,0.9979737401008606,0.003846153849735856,1.133455753326416,0.04974224418401718
55,0.8569719014667294,0.953125,0.8803972181726675,0.6586438462139411,0.0,0.046875,0.0,61,0.038238558644161647,0.4104170799255371,0.0,1.0,64,1.0,45,0.703125,0.8992362591669124,48.0128125,30.80776203272227,-0.38860634773799574,0.5270407190289745,3.203125,1.5927539779812199,-0.38755090835047873,0.4979057500904235,2.169479218750001,1.5091113903234843,-0.07100849384606522,0.7212587019147413,256.88868750000006,67.25171515305279,-0.5819231012248438,0.44650766930492186,1.0,0.9998069405555725,0.012297097593545914,1.0648607015609741,0.04694840684533119
56,0.866220501370347,0.953125,0.8432739987725117,0.6213497493422209,0.0,0.03125,0.0,61,0.03702714121325125,0.4481385052204132,0.0,1.0,63,0.984375,49,0.7777777777777778,0.8950476105360837,45.48571428571429,27.330132897085146,-0.43183842861746136,0.46754752513142533,3.3015873015873014,1.4653123686151455,-0.35677092173283875,0.4580666343315839,2.502547936507938,1.514470112451363,0.08817704577603185,0.7238198282773535,272.1006984126984,72.8311944590889,-0.4809252378601404,0.48355178476284777,0.984375,0.9991396069526672,0.010362694039940834,1.0648607015609741,0.050482723861932755
57,0.9087684523551305,0.96875,0.8739636934572651,0.6741438230387247,0.0,0.03125,0.0,62,0.05256375592429587,0.5303012728691101,0.0,1.0,64,1.0,51,0.796875,0.8883502341976447,37.52703125000001,25.96110117077131,-0.5679908055804923,0.4441269512954048,2.984375,1.681630416998634,-0.45593364940024833,0.5256891307292965,2.5628226562500016,1.5692366509501154,0.11698450584703213,0.7499947300899404,267.719640625,81.57590886682776,-0.510012613511802,0.5416110036251551,1.0,0.997756838798523,0.005389514844864607,1.0446385145187378,0.052565641701221466
58,0.8416641853696107,0.953125,0.8682548643135634,0.666326744481244,0.0,0.046875,0.0,61,0.04386940237945779,0.4691592752933502,0.0,1.0,64,1.0,55,0.859375,0.9009169183664323,37.443124999999995,27.86127026643572,-0.5694262233912396,0.4766339047505732,2.921875,1.5340376411206473,-0.4754715754144682,0.47955062296389744,2.736071562500001,1.4000321780612537,0.19978639975046247,0.6691258165978564,271.34384375,82.4063365200947,-0.48595026080081827,0.5471245033945323,1.0,0.9987953901290894,0.0,1.0648605823516846,0.05945746973156929
59,0.9050252268773027,0.96875,0.8659293170898191,0.6965297763334006,0.0,0.03125,0.0,62,0.05341698581039434,0.5817250609397888,0.0,1.0,64,1.0,52,0.8125,0.8966283649977693,36.6028125,24.55919809032542,-0.583801785749149,0.4201440340441497,2.703125,1.354156650603984,-0.5438543164642378,0.4233185992186309,2.7796400000000014,1.4547905735856808,0.22060932566381591,0.6952968265896479,254.47875,61.49377533031293,-0.5979235195613376,0.4082786920305354,1.0,0.999392569065094,0.0009751340840011835,1.0446385145187378,0.05364983528852463
60,0.8842066662592639,0.9375,0.8686738977829616,0.7151589567688507,0.0,0.046875,0.0,60,0.0498146223839467,0.44495758414268494,0.0,1.0,63,0.984375,49,0.7777777777777778,0.8955136392791169,32.55031746031746,22.35677192022296,-0.6531294408156573,0.38246624780748223,2.634920634920635,1.251051460015113,-0.5651754658845174,0.39108721385211254,2.703237777777779,1.3999239848177762,0.18409395113497515,0.6690741071489404,248.02276190476186,63.9959868800602,-0.6407870835746079,0.42489175007140223,0.984375,0.9972714185714722,0.01703992299735546,1.0837911367416382,0.045393217355012894
61,0.8439870144195372,0.96875,0.8889327900063607,0.639270490387757,0.0,0.03125,0.0,62,0.059283602220716,0.4707912802696228,0.0,1.0,64,1.0,55,0.859375,0.8992611756770461,38.417500000000004,28.290085995362404,-0.5527572001737007,0.48396982710236247,2.9375,1.7218721642444887,-0.47058709391091325,0.5382689752152556,2.8163490625000014,1.4108082536691513,0.23815390914322473,0.6742760913585693,266.56337500000006,85.94502210597709,-0.517689465591205,0.5706190752394192,1.0,0.9974188804626465,0.014506317675113678,1.0446385145187378,0.048476334661245346
62,0.7957474930610233,0.921875,0.8484051333645642,0.6668246544948516,0.0,0.03125,0.0,59,0.04962083164554229,0.47923827171325684,0.0,1.0,61,0.953125,50,0.819672131147541,0.8902628672515829,46.918032786885256,33.4117261157174,-0.40733518258700163,0.5715877750978217,3.5245901639344264,2.1924352608499085,-0.28705870692488056,0.6853702066792379,2.6222734426229524,1.1716191585962523,0.14539817847723718,0.5599590056015921,286.6301475409837,82.33476980423247,-0.3844591410209639,0.5466493469256344,0.953125,0.998656153678894,0.00044014083687216043,1.1014961004257202,0.045840587466955185
63,0.8677694843073304,0.984375,0.8979567412346129,0.6969886392334074,0.0,0.015625,0.0,63,0.03767948537506094,0.4991488456726074,0.0,1.0,64,1.0,53,0.828125,0.8830227517287581,34.9353125,21.226435903192595,-0.6123283758353538,0.3631291370323705,2.609375,1.0985386244347533,-0.5731612054855676,0.34341066188750535,2.953145000000002,1.522869788584822,0.3035336159966142,0.7278343361151242,266.04535937500003,70.90832206235726,-0.5211287525871708,0.47078516207848276,1.0,0.9978078007698059,0.012065636925399303,1.0230478048324585,0.04377667233347893
64,0.831189865422301,0.96875,0.9023395339327474,0.6663520592752374,0.0,0.03125,0.0,62,0.03267790156756151,0.4283132255077362,0.0,1.0,64,1.0,55,0.859375,0.8863902396990231,43.60453125,34.20663088723111,-0.46402057994396456,0.5851865292654618,3.09375,1.7474870350019769,-0.42174227887536353,0.5462763584108333,2.7240543750000015,1.426520630384332,0.1940429529032036,0.6817856022576669,279.06857812500004,79.60743694702873,-0.4346630462824789,0.5285416297511752,1.0,0.9977009892463684,0.0037418147549033165,1.0446385145187378,0.053200360387563705
65,0.82496142192647,0.9375,0.8883883173267046,0.6858484384500102,0.0,0.0625,0.0,60,0.03433783482718426,0.49389198422431946,0.0,1.0,64,1.0,51,0.796875,0.8825449804666456,41.85078125,25.815288063997045,-0.4940226833104905,0.4416324681013145,2.625,1.2183492931011204,-0.5682767239820126,0.38086429356938845,2.5350303125000013,1.4347357165203913,0.10370154349923841,0.6857118878854905,249.31259375000002,74.28415429570909,-0.6322234386221801,0.4931984935310402,1.0,0.9987093806266785,0.0020212228409945965,1.0837910175323486,0.04703228175640106
66,0.7619693556205045,0.875,0.8681849368980953,0.6942129602628235,0.0,0.125,0.0,56,0.030915040023691796,0.4142230749130249,0.0,1.0,64,1.0,51,0.796875,0.8991900151228358,37.76921875,31.54314279208951,-0.5638476070578522,0.5396211720902947,2.578125,1.730287977295976,-0.5829301684926775,0.5408998157392471,2.279210937500001,1.7895502560277885,-0.0185637521709438,0.8552905391543846,238.5865,82.24307093343795,-0.703437728252698,0.5460405260355922,1.0,0.9967535734176636,0.006721820216625929,1.1478066444396973,0.046779293566942215
67,0.8103118166499744,0.96875,0.8678481172650091,0.6570382230980155,0.0,0.015625,0.0,62,0.04148079779314082,0.46956387162208557,0.0,1.0,63,0.984375,52,0.8253968253968254,0.8865977686158768,43.272063492063495,22.643523840879464,-0.4697082389829656,0.3873718277157281,3.0793650793650795,1.3369188374124168,-0.4262391031167316,0.4179299413180904,2.5868955555555564,1.4413362798071059,0.12848981169508283,0.6888665348774937,262.5959206349207,70.02761701615984,-0.544030783393935,0.4649378531046113,0.984375,0.9982379674911499,0.009300049394369125,1.0446385145187378,0.049915362149477005
68,0.8188913813132237,0.953125,0.8661681653046217,0.6954643252776189,0.0,0.046875,0.0,61,0.03287049693506972,0.46509823203086853,0.0,1.0,64,1.0,52,0.8125,0.889749151203865,38.348125,24.118512655932477,-0.5539440260730892,0.4126050518888941,2.78125,1.3971930566317599,-0.519431908946463,0.43677207308884874,2.8297753125000016,1.6540221514245304,0.24457079772326995,0.7905167753183313,268.6595625,80.93243310180011,-0.5037721432906362,0.5373387428591239,1.0,0.9997498393058777,0.0,1.0648607015609741,0.04512007534503937
69,0.8016224135684704,0.9375,0.8869006777803103,0.7053235866882946,0.0,0.0625,0.0,60,0.038112616353991144,0.45375460386276245,0.0,1.0,64,1.0,52,0.8125,0.8964718231836863,40.398125,30.2212483132212,-0.5188738553524176,0.5170069940177947,2.75,1.7677669529663689,-0.5292008719535729,0.5526159989990371,2.8954245312500015,1.4125192234996424,0.2759469244962527,0.6750938254813571,267.76134375000004,80.2909121500176,-0.5097357318723655,0.5330794607822462,1.0,0.998889148235321,0.0009718172950670123,1.0837910175323486,0.05011054500937462
70,0.8276631569658838,0.96875,0.8699381164004726,0.6593366796515415,0.0,0.03125,0.0,62,0.027340987568532718,0.4820513427257538,0.0,1.0,64,1.0,45,0.703125,0.881306788645704,44.15203125000001,29.558558573389934,-0.45465427825149235,0.5056700953296386,2.953125,1.525099253942182,-0.4657026124073583,0.4767564222058285,2.613228750000001,1.5880174752575744,0.14107539402124727,0.7589707626397862,260.64425000000006,86.60593849821305,-0.5569886076585806,0.5750071304322287,1.0,0.9999574422836304,0.001952171791344881,1.0446385145187378,0.043929100036621094
71,0.8572572218006402,0.96875,0.8524869267017611,0.6879042630063816,0.0,0.03125,0.0,62,0.030918873466905458,0.4941709041595459,0.0,1.0,64,1.0,48,0.75,0.8774608777724306,41.22671875,27.914997484253846,-0.5046987703423778,0.4775530377755626,2.859375,1.4670036160061093,-0.49500950142868805,0.4585953297939262,2.7799585937500013,1.3833287610324558,0.22076159309485943,0.6611426518288536,267.958765625,71.16092717406933,-0.508424978963307,0.4724622958055316,1.0,0.9994966387748718,0.0018894661916419864,1.0446385145187378,0.053086087107658386
72,0.7866690606979552,0.90625,0.8530150492643488,0.7150662239881843,0.0,0.09375,0.0,58,0.03600196502250802,0.4456896185874939,0.0,1.0,64,1.0,53,0.828125,0.8900841911796621,40.777187500000004,26.3571066358742,-0.5123890814066592,0.45090157532832054,2.859375,1.6092232938206557,-0.49500950142868805,0.5030541704804349,2.617950937500001,1.2438387681434537,0.14333229755287988,0.594475358846821,252.01015625000002,82.09748912349173,-0.6143133772662998,0.5450739574580571,1.0,0.9978627562522888,0.0020090406760573387,1.1180340051651,0.06285441666841507
73,0.8677971271931528,0.984375,0.8704573296838336,0.6871279229045568,0.0,0.015625,0.0,63,0.04785807719993786,0.5737172961235046,0.0,1.0,64,1.0,48,0.75,0.8906130781336933,40.7196875,24.798980508830276,-0.5133727569268732,0.4242460878747745,2.765625,1.41136223535101,-0.5243163904500179,0.4412014549368322,2.573924062500001,1.3205158265507462,0.1222902678422328,0.6311220874899797,256.1550625,70.83611635358479,-0.5867938943064532,0.47030576311206035,1.0,0.9986657500267029,0.0024691359139978886,1.023047924041748,0.05153392627835274
74,0.7789591337929298,0.9375,0.8529170110821724,0.6472242683470296,0.0,0.046875,0.0,60,0.027574226893053437,0.4581187963485718,0.0,1.0,63,0.984375,46,0.7301587301587301,0.889872446863919,45.4079365079365,24.913846736986727,-0.4331690042003597,0.4262111504267191,3.0317460317460316,1.2844398935964387,-0.4411251419847087,0.4015246657727947,2.3049992063492075,1.425933219200678,-0.006238609418678204,0.6815048572904437,259.54220634920637,67.67875008535661,-0.56430546107813,0.44934290364654167,0.984375,0.9996827840805054,0.015080112963914871,1.0837910175323486,0.052303534001111984
75,0.7920168532153156,0.9375,0.892461817463239,0.6543743854439802,0.0,0.0625,0.0,60,0.039534249278289094,0.5014820694923401,0.0,1.0,64,1.0,53,0.828125,0.8942232974206049,46.833593750000006,32.18458920659795,-0.4087797149962967,0.550594652707355,3.125,1.4737282653189494,-0.4119733158682536,0.4606975010058597,2.5226078125000013,1.4088273158979485,0.09776438320611035,0.6733293298308298,275.532828125,72.96528424329506,-0.4581381277454866,0.48444205376025895,1.0,0.9965260624885559,0.004512635525316,1.0837910175323486,0.049501221626996994
76,0.7984084227602455,0.921875,0.8295578097893019,0.6490010401891528,0.0,0.078125,0.0,59,0.03496277910053349,0.5659345388412476,0.0,1.0,64,1.0,49,0.765625,0.8913374966821868,54.963750000000005,35.951174159372044,-0.2696938771069133,0.6150311294525749,3.453125,1.8534569685792546,-0.30939920429359924,0.5794032819622676,2.298959375000001,1.4272486769763923,-0.009125262416359844,0.6821335619532135,283.45809375000005,92.91427459134023,-0.4055195160894453,0.6168903811377904,1.0,0.99836665391922,0.0028462999034672976,1.1014961004257202,0.05578809604048729
77,0.8066500951104968,0.9375,0.8662369494636853,0.6562452682416554,0.0,0.046875,0.0,60,0.03716148873564611,0.5221858024597168,0.0,1.0,63,0.984375,51,0.8095238095238095,0.8855472143831474,43.260952380952375,31.082580469079137,-0.4698983212090941,0.5317421480437177,3.0317460317460316,1.772526257161096,-0.4411251419847087,0.5541037899308091,2.454985396825398,1.595704241347192,0.06544519453485617,0.7626445450837259,261.1521111111111,83.02823626077434,-0.5536167400335436,0.5512535133851362,0.984375,1.0003743171691895,0.0096993213519454,1.0837910175323486,0.050554461777210236
78,0.8316855744760348,0.96875,0.8762034783440251,0.6740223464991417,0.0,0.015625,0.0,62,0.04461361176048421,0.5767806768417358,0.0,1.0,63,0.984375,48,0.7619047619047619,0.9000674841829881,41.26587301587303,26.81820127219457,-0.504028942640617,0.4587897058718042,2.888888888888889,1.4596271660409716,-0.4857832585886398,0.45628940125526296,2.6634669841269853,1.4708303971821615,0.1650860560341756,0.7029628361501875,271.6155555555556,71.27199971933544,-0.4841462710476179,0.47319974529953585,0.984375,0.998454213142395,0.0013888889225199819,1.0446385145187378,0.04712013527750969
79,0.7983991865836924,0.9375,0.8670603452871243,0.6637045461022499,0.0,0.046875,0.0,60,0.035789114782969256,0.39579400420188904,0.0,1.0,63,0.984375,52,0.8253968253968254,0.8937647334502554,37.20904761904761,25.75213701807546,-0.5734306788604336,0.44055211787611503,2.6031746031746033,1.3863241625967015,-0.5750994917965021,0.4333743827286349,2.7464369841269853,1.512040960700781,0.2047404081791412,0.7226588491411459,257.1406349206349,78.64666029626187,-0.5802503341389929,0.5221626973762881,0.984375,0.9981939792633057,0.0034584980458021164,1.0837910175323486,0.04729359224438667
80,0.8163477087510866,0.9375,0.8757829283674557,0.694016894486624,0.0,0.0625,0.0,60,0.035935597596242944,0.5628798007965088,0.0,0.984375,64,0.984375,49,0.765625,0.8929013032690691,42.67484375000001,29.296801179490327,-0.4799251162082934,0.5011921067972204,2.75,1.5103807466993215,-0.5292008719535729,0.47215531651701625,2.765123750000001,1.5116407245817594,0.21367148681454068,0.7224675618806322,270.18334375000006,66.24083483118129,-0.49365522637751885,0.4397960811255301,1.0,0.9983455538749695,0.0004662004648707807,1.0837910175323486,0.04596883803606033
81,0.7413477716933534,0.921875,0.8970736138901468,0.6579537275062787,0.0,0.078125,0.0,59,0.03583153381984097,0.4655628800392151,0.0,1.0,64,1.0,51,0.796875,0.8938190991776475,41.943749999999994,32.54069421028844,-0.4924322296840576,0.5566866835726775,2.84375,1.6222934190521763,-0.499893982932243,0.5071399807167556,2.6278564062500016,1.7047740640297917,0.14806647793101016,0.8147729427822286,262.5084375,82.65909983553595,-0.5446116145383603,0.5488026874914972,1.0,0.9990293979644775,0.003496503457427025,1.1014959812164307,0.04941067099571228
82,0.8078538484256621,0.96875,0.8822486482320293,0.663087483018748,0.0,0.015625,0.0,62,0.041213929485471285,0.5161986947059631,0.0,1.0,63,0.984375,51,0.8095238095238095,0.8925442671175368,38.58507936507937,29.674657825444143,-0.5498903528846298,0.5076562517150451,2.7301587301587302,1.6056087131938785,-0.5354033881485633,0.5019242279387005,2.8226192063492084,1.4496812610334169,0.24115063678208268,0.6928549020486552,264.5236666666667,74.61654200102336,-0.53123180294135,0.49540533181416396,0.984375,1.0004163980484009,0.003911980427801609,1.0446385145187378,0.05666109919548035
83,0.8027832359494319,0.984375,0.8848563754369342,0.6648138818925989,0.0,0.015625,0.0,63,0.024004196147567377,0.4256605803966522,0.0,1.0,64,1.0,44,0.6875,0.8902890063181994,35.93484375,27.073553111857816,-0.5952289945777215,0.4631581120234274,2.671875,1.4475700274511765,-0.5536232794713477,0.4525202575478931,2.680793437500001,1.5530374644046543,0.1733669923180962,0.7422525552347433,259.37696875000006,81.96755345752082,-0.5654025313184241,0.5442112691051992,1.0,0.9984989762306213,0.0,1.0230478048324585,0.054626476019620895
84,0.7981280676139983,0.953125,0.8849617892601451,0.6596853628896565,0.0,0.046875,0.0,61,0.04208119461027861,0.5105355381965637,0.0,1.0,64,1.0,50,0.78125,0.8945355185543321,37.159218749999994,29.78734648012723,-0.5742831212722961,0.509584061645786,2.65625,1.641443248333612,-0.5585077609749026,0.5131263478797257,2.7482843750000017,1.3992721592077746,0.20562334283296768,0.668762576206719,253.34928125,73.17557260953554,-0.6054224578109795,0.4858382318068453,1.0,0.9973576068878174,0.013670885935425758,1.0648607015609741,0.05812061205506325
85,0.791454918423993,0.9375,0.8952173183361689,0.688053203376609,0.0,0.0625,0.0,60,0.03423087521073762,0.4563632905483246,0.0,1.0,64,1.0,53,0.828125,0.8839226370185503,34.386250000000004,25.386758144010827,-0.6217214078408752,0.4343014351974938,2.625,1.5258194519667128,-0.5682767239820126,0.4769815610173304,2.795730156250001,1.1997441567104696,0.22829939101279761,0.5734009554545229,246.53821875,66.33006169209517,-0.6506434850434292,0.4403884894769808,1.0,0.9993645548820496,0.0,1.0837910175323486,0.06467463076114655
86,0.7897885891879218,0.921875,0.869766927876715,0.684433300356404,0.0,0.0625,0.0,59,0.030061984896308444,0.4493353068828583,0.0,1.0,63,0.984375,45,0.7142857142857143,0.8891191606421784,38.894920634920624,24.216285932379904,-0.5445897742360237,0.4142776984727628,2.7301587301587302,1.2996501263783315,-0.5354033881485633,0.40627948821682164,2.337763650793652,1.44652537387289,0.009420698979949831,0.6913465898780717,235.1866507936508,69.0194666480841,-0.7260105167928912,0.4582443900437222,0.984375,0.9971554279327393,0.010503040626645088,1.1014959812164307,0.054498907178640366
87,0.7836866804419513,0.953125,0.8734859345389194,0.6870403236878403,0.0,0.03125,0.0,61,0.022392518488313015,0.3525712192058563,0.0,1.0,63,0.984375,50,0.7936507936507936,0.8849037691781741,35.70650793650793,23.814401082466965,-0.5991352267537265,0.40740249345008067,2.6666666666666665,1.4253932901995967,-0.5552514399725328,0.4455876583213626,2.6674058730158743,1.3948222373565178,0.16696859293980285,0.6666357982374853,248.96301587301588,64.59035842111427,-0.634544408470124,0.4288379907121539,0.984375,0.9986210465431213,0.008184143342077732,1.0648607015609741,0.054751671850681305
88,0.7878062827392649,0.953125,0.8611271830855823,0.6837001910261133,0.0,0.046875,0.0,61,0.04078098692412932,0.4841517210006714,0.0,1.0,64,1.0,55,0.859375,0.887851528598616,41.483593750000004,24.487787732305687,-0.5003043068770741,0.4189223884602588,2.796875,1.4809170248109784,-0.5145474274429079,0.46294475622328823,2.5990228125000012,1.4315842558480774,0.1342858646952937,0.6842056912930963,262.77640625000004,87.40443282035223,-0.5428324762407457,0.5803086136422877,1.0,0.9987398982048035,0.00242483033798635,1.0648607015609741,0.06812883913516998
89,0.7439247214939071,0.953125,0.8783400014775699,0.6681630617902566,0.0,0.046875,0.0,61,0.02836299957480379,0.4842313230037689,0.0,1.0,64,1.0,53,0.828125,0.8938679705365965,45.92265625,25.254918162247844,-0.42436348750403424,0.43204599584713377,3.046875,1.407898339502892,-0.43639572338602844,0.44011861748400827,2.393106562500001,1.4312901059405065,0.03587107031333908,0.6840651064549834,263.46568750000006,80.12484291440826,-0.538256096831943,0.53197686901687,1.0,0.998235285282135,0.00047938639181666076,1.0648607015609741,0.06241263076663017
90,0.7325124635845499,0.9375,0.8731064510842165,0.6635802189655092,0.0,0.0625,0.0,60,0.025186758910654788,0.38268354535102844,0.0,1.0,64,1.0,49,0.765625,0.8942784310838775,44.42125,28.007492105908018,-0.4500486453130994,0.47913538029856545,3.0625,1.6286017775994228,-0.4315112418824735,0.5091120165978319,2.282387187500001,1.31341341091337,-0.017045707865768034,0.6277275871794527,252.094890625,78.44844598188301,-0.613750796100821,0.5208466831849063,1.0,0.9976996779441833,0.001997004495933652,1.0837911367416382,0.06613273173570633
91,0.799870825433957,1.0,0.8452300688950345,0.6811551625346437,0.0,0.0,0.0,64,0.024562651845204127,0.42523932456970215,0.0,1.0,64,1.0,57,0.890625,0.8862256830271759,47.65796875,28.45724809800701,-0.39467680183149007,0.4868295361159102,3.1875,1.6476782908080085,-0.3924353898540337,0.5150754646566901,2.627757343750001,1.4974642347046259,0.14801913239335326,0.7156921066345505,280.63975000000005,78.01134863515057,-0.42423148642728237,0.5179446409529023,1.0,0.9984713792800903,0.005006827414035797,0.9999999403953552,0.05602158233523369
92,0.7794723211418084,0.984375,0.8872766390679374,0.6705509887950397,0.0,0.015625,0.0,63,0.028048127414472924,0.45950546860694885,0.0,1.0,64,1.0,55,0.859375,0.8855550809936649,40.3190625,26.079176602149346,-0.5202264091927118,0.44614691497167047,2.8125,1.4456291882775472,-0.509662945939353,0.4519135379930152,3.0043045312500016,1.4613809193639535,0.32798459909603406,0.6984465902662625,274.178375,69.02515655711605,-0.46713081598622735,0.4582821673407715,1.0,0.9981653094291687,0.0009429514175280929,1.023047924041748,0.05301414057612419
93,0.7563083484288359,0.921875,0.8901277639098086,0.6853077098230071,0.0,0.078125,0.0,59,0.03016901701846976,0.41570261120796204,0.0,1.0,64,1.0,50,0.78125,0.8856845351411775,37.160625,21.197019091357518,-0.5742590639905515,0.3626258918552417,2.734375,1.1758266706343243,-0.5340853534571278,0.36757143194239855,2.537140312500001,1.2991488214692364,0.10470998851582106,0.6209100259763547,246.647359375,60.96271399602775,-0.64991886224408,0.4047527900057322,1.0,0.9970523715019226,0.00931506883352995,1.1014959812164307,0.0478326790034771
94,0.7060008508811602,0.890625,0.8707135157626972,0.6800220048177782,0.0,0.09375,0.0,57,0.03451578658946083,0.42208293080329895,0.0,1.0,63,0.984375,45,0.7142857142857143,0.8929883987071121,41.53666666666667,26.540821508559347,-0.49939636724383313,0.4540444592058789,2.7301587301587302,1.3939364063555653,-0.5354033881485633,0.4357540220144411,2.4736833333333337,1.3807141920449317,0.07438161201912623,0.6598930551151186,247.40552380952388,87.11907537822806,-0.6448851432699435,0.5784140257330915,0.984375,0.998059868812561,0.0029484028927981853,1.1334556341171265,0.057098135352134705
95,0.748463513293838,0.921875,0.8549580755880324,0.705903163793323,0.0,0.0625,0.0,59,0.025399778689431916,0.3517286777496338,0.0,1.0,63,0.984375,45,0.7142857142857143,0.887669013712233,38.54650793650794,24.967260604463736,-0.5505502097553323,0.42712492284197273,2.8412698412698414,1.4822371466576194,-0.5006692974566168,0.4633574353107991,2.5862673015873026,1.4216338645132287,0.1281895464896639,0.6794500407932493,260.65296825396825,81.5172257450755,-0.5569307241198354,0.54122138584572,0.984375,0.9970664978027344,0.004127967171370983,1.1014959812164307,0.05877803638577461
96,0.8123341371877312,0.96875,0.8825689068725032,0.70000864535117,0.0,0.03125,0.0,62,0.04006708091119787,0.46129435300827026,0.0,1.0,64,1.0,52,0.8125,0.8844166488130757,34.9753125,24.5739756251882,-0.611644079821292,0.42039683924925625,2.671875,1.3699302844944337,-0.5536232794713477,0.4282495446894629,3.0544257812500017,1.4531606330876308,0.35193935018011097,0.6945178193040625,270.706234375,73.85764787471707,-0.49018357255071643,0.49036676816095376,1.0,0.9958171248435974,0.021063189953565598,1.0446386337280273,0.04921770468354225
97,0.8056195876830023,0.96875,0.8806218009802603,0.7025397690687664,0.0,0.03125,0.0,62,0.03637439004860485,0.4938579797744751,0.0,1.0,64,1.0,53,0.828125,0.8876711946560084,35.37625,21.793495840215723,-0.6047850814928436,0.37283005839834826,2.53125,1.1854422961494162,-0.5975836130033424,0.3705773420207075,2.8148492187500014,1.2362084374880236,0.23743707978050416,0.5908285489300685,261.41659375,65.09120545716,-0.5518607472474392,0.43216328943850024,1.0,0.9981598258018494,0.008740359917283058,1.0446386337280273,0.054921794682741165
98,0.7583735091500239,0.9375,0.8398501356442769,0.6909589957935612,0.0,0.046875,0.0,60,0.04411353829281987,0.528456449508667,0.0,1.0,63,0.984375,51,0.8095238095238095,0.8942300783643816,43.65174603174603,30.926669209275424,-0.46321285777012433,0.5290749117029414,3.1587301587301586,1.6828391467553743,-0.4014290383367699,0.5260669878902305,2.68341396825397,1.4308833713041509,0.17461943837479865,0.6838707133189149,274.0888571428572,75.40142665292919,-0.467725156363466,0.500616455661312,0.984375,0.9989582300186157,0.003796867560595274,1.0837910175323486,0.05831377953290939
99,0.7496898572875923,0.953125,0.8751711102782703,0.6746266177271734,0.0,0.03125,0.0,61,0.0502499721073022,0.43310055136680603,0.0,1.0,63,0.984375,52,0.8253968253968254,0.898021929479139,36.406507936507936,26.646931516294032,-0.5871600465076434,0.4558597255895019,2.8095238095238093,1.4891900734392276,-0.5105933233686016,0.4655309676154607,3.023091904761907,1.3983149789939733,0.33696376174663184,0.6683051052983874,280.8025873015874,81.58447521991582,-0.42315035260278155,0.5416678786408047,0.984375,0.9947397112846375,0.009753831662237644,1.0648607015609741,0.056680306792259216
100,0.7326291206818765,0.9375,0.8810681854685147,0.6448655030020463,0.0,0.0625,0.0,60,0.02745516474630026,0.40172451734542847,0.0,1.0,64,1.0,49,0.765625,0.8965844347533531,41.262187499999996,29.4010194056234,-0.504091992236159,0.5029750097156069,2.828125,1.4529569795334616,-0.504778464435798,0.4542042554875065,2.5773664062500012,1.733887672921902,0.12393548793704454,0.8286873853424135,255.7895,78.82442137929878,-0.5892209916598635,0.523342915407892,1.0,0.9989456534385681,0.006220095790922642,1.0837910175323486,0.06370066851377487
101,0.7576555452230276,0.984375,0.8920517379329318,0.6353394491755007,0.0,0.0,0.0,63,0.04733029818097356,0.43596094846725464,0.0,1.0,63,0.984375,48,0.7619047619047619,0.8967666303660049,52.82492063492064,33.75671986589948,-0.30628368733897143,0.5774897213009681,3.3492063492063493,1.92030693775703,-0.34188488286486163,0.6003010379918398,2.3665007936507947,1.9000574725946753,0.023155214859150924,0.9081059191749137,287.63219047619043,80.52297507432814,-0.3778062273439765,0.5346202077391107,0.984375,0.9969803094863892,0.004591368138790131,1.0230478048324585,0.05644997954368591
102,0.793581236269445,0.96875,0.8980248301259933,0.682983533127979,0.0,0.03125,0.0,62,0.04056964504054686,0.4044714570045471,0.0,1.0,64,1.0,48,0.75,0.8800984709751385,41.85171875,30.202085273344927,-0.4940066451226608,0.5166791642226787,2.90625,1.4330774359747627,-0.4803560569180232,0.44798977466756534,2.394428750000001,1.3681973163739267,0.03650299135379554,0.6539107892887623,259.58278125,67.7686930824876,-0.5640360701139828,0.44994006667692477,1.0,0.9980947971343994,0.00592592591419816,1.0446385145187378,0.056268110871315
103,0.7964563948848377,0.984375,0.8724646511532012,0.6682666336314882,0.0,0.015625,0.0,63,0.03862504559117967,0.4462797939777374,0.0,1.0,64,1.0,45,0.703125,0.890164907101377,44.70953125,28.435887175675976,-0.44511690255550496,0.4864641062657149,2.828125,1.4636714058746245,-0.504778464435798,0.4575536581937217,2.284227187500001,1.6127358294045613,-0.01616630557642563,0.7707845546102404,249.60642187500002,59.700654781481674,-0.6302726108853497,0.39637353726653735,1.0,0.9998295903205872,0.007399577181786299,1.0230478048324585,0.05662940815091133
104,0.7234707029126787,0.890625,0.8805445568603382,0.6800469443319609,0.0,0.109375,0.0,57,0.02730910526924475,0.3812238872051239,0.0,1.0,64,1.0,42,0.65625,0.8914292595723974,33.50265625,21.194690685566417,-0.6368373998702501,0.36258605888519246,2.375,1.340475661845451,-0.6464284280388921,0.4190418288799815,2.9167801562500015,1.4344696460936501,0.286153547058936,0.6855847232428804,247.13198437500003,74.7733584188522,-0.6467012672913796,0.4964464908845928,1.0,0.9986475706100464,0.0005527915782295167,1.133455753326416,0.06926525384187698
105,0.7248500794414248,0.875,0.9291856416634151,0.7290344416870064,0.0,0.125,0.0,56,0.04344677503856468,0.39629390835762024,0.0,1.0,64,1.0,50,0.78125,0.8901355106815164,31.1334375,17.381835635472846,-0.6773685735468923,0.2973580210608233,2.171875,1.054079685970183,-0.7099266875851067,0.32951249468124094,2.7113248437500017,1.4009725110235849,0.18795905131434218,0.6695752355977576,239.712421875,70.33210860841866,-0.6959623389472871,0.46695947933188325,1.0,0.9982181787490845,0.002104155719280243,1.1478066444396973,0.053059060126543045
106,0.8359215953768538,1.0,0.9069930873811245,0.6912694525932421,0.0,0.0,0.0,64,0.035474363141405466,0.3544504940509796,0.0,0.984375,64,0.984375,44,0.6875,0.8749789846142242,32.905625,22.437972200811174,-0.6470510524863847,0.3838553735161627,2.1875,1.197327753791751,-0.7050422060815518,0.37429281709368484,2.8609964062500017,1.4543108078532083,0.2594924832230107,0.6950675292616673,245.249078125,60.58728952338745,-0.6592025407428272,0.4022602155651078,1.0,0.9986162781715393,0.0,0.9999998807907104,0.05010855942964554
107,0.7614332178071332,0.921875,0.8775193206334518,0.7118017064645338,0.0,0.078125,0.0,59,0.046480597071874075,0.4017389416694641,0.0,1.0,64,1.0,51,0.796875,0.8865356370490706,36.4571875,23.46777241430988,-0.586293050925343,0.40147257805059383,2.359375,1.24206465587545,-0.651312909542447,0.3882778776219522,2.906355000000002,1.4929744059123649,0.2811709893018698,0.713546255700491,257.715984375,74.43375419846755,-0.5764303877878885,0.49419173963274793,1.0,0.9973634481430054,0.004992511123418808,1.1014961004257202,0.05850321054458618
108,0.7850300087215689,0.9375,0.8879910056789716,0.7125191820222525,0.0,0.0625,0.0,60,0.03407425740812725,0.43184518814086914,0.0,1.0,64,1.0,47,0.734375,0.874218671034804,34.292500000000004,22.410843985111313,-0.6233252266238327,0.3833912802693621,2.390625,1.2198512652676146,-0.6415439465353372,0.3813338203064185,2.7587512500000013,1.5475648715244759,0.21062583948365254,0.7396370059372065,246.182984375,65.50312663470068,-0.6530020103609956,0.4348981782737135,1.0,1.000313639640808,0.004651162773370743,1.0837910175323486,0.056786179542541504
109,0.7316241730565676,0.90625,0.8906845131824757,0.6897246339776555,0.0,0.09375,0.0,58,0.025509101308918418,0.30648016929626465,0.0,0.984375,64,0.984375,43,0.671875,0.8827953846574341,38.18234375,23.24973082788994,-0.5567801122876193,0.39774245333842145,2.734375,1.405815905221946,-0.5340853534571278,0.4394676343334388,2.4712784375000014,1.3118648426395958,0.07323222565963584,0.6269874706114309,247.24256250000002,77.9404918054223,-0.6459671004265273,0.5174741976664476,1.0,0.998231053352356,0.0031595577020198107,1.1180340051651,0.056224994361400604
110,0.7290564114226095,0.890625,0.8856748698050516,0.6951906356100497,0.0,0.0625,0.0,57,0.03749146006100541,0.38039034605026245,0.0,1.0,61,0.953125,40,0.6557377049180327,0.8845679078056716,37.05311475409837,23.23836599747782,-0.5760982848090841,0.3975480306346339,2.5245901639344264,1.167968074134877,-0.5996655231523986,0.3651147811106896,2.771884590163935,1.3883305292925816,0.2169027359004327,0.663533177078155,252.215131147541,71.0980834394971,-0.6129524771976733,0.4720450542617226,0.953125,0.9960154891014099,0.0020387358963489532,1.1334558725357056,0.05993351712822914
111,0.7329864383079034,0.921875,0.8825044197551275,0.683322532693028,0.0,0.078125,0.0,59,0.05000705009855307,0.5022426843643188,0.0,1.0,64,1.0,47,0.734375,0.8990729196378161,39.25359375,25.319498252778647,-0.5384538096610243,0.4331507933105834,2.640625,1.4292391715087436,-0.5633922424784576,0.4467899070330039,2.543579062500001,1.4107701228016383,0.10778729910848586,0.674257867243251,248.012171875,67.69627402494976,-0.6408573944878103,0.4494592512133951,1.0,0.9990291595458984,0.0,1.1014959812164307,0.054490573704242706
112,0.7594375263521322,0.953125,0.8613881629998567,0.7076238397983986,0.0,0.046875,0.0,61,0.05003941219423674,0.434577077627182,0.0,1.0,64,1.0,59,0.921875,0.8879933327779548,44.72375,28.02183531975556,-0.4448736567067563,0.4793807554001832,3.0625,1.4456291882775472,-0.4315112418824735,0.4519135379930152,2.551160000000001,1.3116006620859786,0.11141050225678023,0.626861209207273,272.952359375,90.43575469953231,-0.4752707627222225,0.6004346203040565,1.0,0.9977822303771973,0.0038204393349587917,1.0648607015609741,0.0626225620508194
113,0.7759530847167952,0.9375,0.891452161471049,0.7227746728649695,0.0,0.0625,0.0,60,0.05000908634896292,0.484565407037735,0.0,1.0,64,1.0,51,0.796875,0.8918268974860482,34.6253125,21.963596868508212,-0.6176316699443335,0.37574004478955775,2.609375,1.206974361523475,-0.5731612054855676,0.3773084124240948,2.454374218750001,1.33780008266464,0.06515309051382345,0.639382856183533,239.74640624999998,59.773529222996885,-0.6957367047900096,0.3968573761836386,1.0,0.997169554233551,0.004794885404407978,1.0837910175323486,0.05840339884161949
114,0.7703222157674326,0.96875,0.8778928032805843,0.6784358881027387,0.0,0.03125,0.0,62,0.0368395023987939,0.4681038558483124,0.0,1.0,64,1.0,50,0.78125,0.8868941388535307,46.15328125,35.787730703704845,-0.4204180932979587,0.6122350368216357,3.03125,2.1284439004822278,-0.4412802048895834,0.6653660712486295,2.8185789062500013,1.493444870301042,0.2392196318055213,0.7137711075811739,278.222953125,87.10885210424763,-0.4402774465546012,0.5783461498398556,1.0,0.9982852339744568,0.008804448880255222,1.0446385145187378,0.058224935084581375
115,0.7707574110647041,0.9375,0.8857455293337504,0.7050793083927974,0.0,0.0625,0.0,60,0.039821894270537284,0.4851394295692444,0.0,1.0,64,1.0,50,0.78125,0.8846284769510164,35.061406250000005,24.541041317759134,-0.6101712395722759,0.4198334188667663,2.59375,1.3546073001058276,-0.5780456869891225,0.4234594753246368,3.055905156250002,1.4075179459779474,0.3526463967897827,0.6727035347736315,259.04796875,77.54160957188746,-0.5675868774405568,0.5148258789430151,1.0,0.9992746710777283,0.0009876543190330267,1.0837910175323486,0.05851347744464874
116,0.8067776298452314,1.0,0.8799115493893623,0.6952709430929342,0.0,0.0,0.0,64,0.039522735147498315,0.4881330132484436,0.0,1.0,64,1.0,50,0.78125,0.8759241009600651,41.8896875,28.685004083620832,-0.49335709851556303,0.4907258489442671,2.859375,1.5896853806256759,-0.49500950142868805,0.49694648564082267,3.015677031250002,1.5490805893574433,0.3334199265610049,0.7403614220960699,281.91520312500006,65.09421964741277,-0.41576330682984974,0.4321833017022997,1.0,0.9991414546966553,0.0014245014172047377,0.9999998211860657,0.05266145244240761
117,0.7649614090897567,0.984375,0.8829380264357914,0.6943442840372785,0.0,0.015625,0.0,63,0.03328911300850316,0.433791846036911,0.0,1.0,64,1.0,56,0.875,0.8831879655710734,43.937031250000004,28.369374810242533,-0.45833236932707505,0.4853262526019166,3.09375,1.5882257199466328,-0.42174227887536353,0.4964901857631745,2.9185165625000016,1.5564386817931304,0.2869834381630003,0.7438781195597307,295.47182812500006,76.61111648297094,-0.3257561297844021,0.5086480097319339,1.0,0.9993255734443665,0.0,1.0230478048324585,0.0578986294567585
118,0.7295821832743197,0.953125,0.8513764309101417,0.6812711430327837,0.0,0.046875,0.0,61,0.0247718299970809,0.3830649256706238,0.0,0.984375,64,0.984375,53,0.828125,0.884765428007332,41.455312500000005,26.03339123658967,-0.5007881255432662,0.44536364639279913,2.828125,1.495354133432947,-0.504778464435798,0.4674578947851327,3.158877812500002,1.2660676182653985,0.40186073898864966,0.605099327154803,285.836859375,81.22639876870917,-0.38972605873859306,0.5392904837848165,1.0,0.9982720017433167,0.002273760735988617,1.0648608207702637,0.053692590445280075
119,0.7753179123424616,1.0,0.9040636885911226,0.6990736331784411,0.0,0.0,0.0,64,0.03138339966968824,0.5132085680961609,0.0,1.0,64,1.0,52,0.8125,0.8875356191226523,39.06578125000001,29.031202007747606,-0.5416667932895491,0.49664839543317835,2.890625,1.7240684758370244,-0.48524053842157816,0.5389555571896417,2.9023875000000015,1.6298409416172728,0.27927477811547513,0.7789597039794343,274.75440625,76.75821678322926,-0.4633063429553323,0.5096246600979939,1.0,0.9985420107841492,0.005166744813323021,0.9999999403953552,0.060937754809856415
120,0.7576749676943352,0.984375,0.8636653130016629,0.6782895921953146,0.0,0.015625,0.0,63,0.01424838162597513,0.41822460293769836,0.0,1.0,64,1.0,50,0.78125,0.8819820110503044,42.13390625,27.932954138950485,-0.48917915058595857,0.47786022945643253,2.828125,1.824783270521461,-0.504778464435798,0.5704396885029517,2.9354235937500013,1.3193497338075397,0.2950639175038877,0.6305647697573921,275.260734375,71.18717262002035,-0.45994465336150137,0.4726365485048834,1.0,0.9981549978256226,0.004757374059408903,1.0230478048324585,0.056341350078582764
121,0.7358552991932328,0.953125,0.8751707585131536,0.6991523160132854,0.0,0.03125,0.0,61,0.014538955040485425,0.37344419956207275,0.0,1.0,63,0.984375,47,0.746031746031746,0.8880277700375738,31.560317460317464,23.120136002803015,-0.6700657671636888,0.3955254227821707,2.3492063492063493,1.1840035681886676,-0.6544916990923797,0.3701275858534804,3.0190757142857167,1.2532220252951234,0.3350442796275031,0.5989599554884876,256.2607142857143,61.472716921896655,-0.5860924351319201,0.40813887788840053,0.984375,0.9981932640075684,0.005589430686086416,1.0648607015609741,0.06883105635643005
122,0.7699064734546428,0.953125,0.8752924804804755,0.7092751069485989,0.0,0.046875,0.0,61,0.024839959662824825,0.4083353579044342,0.0,0.984375,64,0.984375,42,0.65625,0.8802119691782642,31.256562500000005,20.001127485309265,-0.675262224878608,0.34216729537351953,2.265625,1.0788041339256167,-0.6806197985637769,0.337241525639572,2.7461065625000014,1.2155294070759095,0.20458248777956622,0.5809452952964851,239.24623437499997,65.06019952026696,-0.6990575208859242,0.4319574301740158,1.0,0.9987245798110962,0.0,1.0648608207702637,0.06520264595746994
123,0.7332234268869422,0.9375,0.8895149817069371,0.6880439009900334,0.0,0.0625,0.0,60,0.013747631334614433,0.3325422406196594,0.0,1.0,64,1.0,46,0.71875,0.8803235881541077,30.6625,22.362101729265074,-0.685425089899949,0.3825574269845629,2.390625,1.1674918027014152,-0.6415439465353372,0.364965895414215,3.0781271875000016,1.434204438241013,0.36326710611319984,0.6854579708555105,246.45073437500002,73.79698039262902,-0.651224324421175,0.48996397551889126,1.0,0.99812251329422,0.0026838432531803846,1.083790898323059,0.07199746370315552
124,0.7735698842572718,0.953125,0.8723220492972702,0.7074225820964347,0.0,0.03125,0.0,61,0.019409992444778628,0.4511909782886505,0.0,1.0,63,0.984375,41,0.6507936507936508,0.8616298856995341,36.46317460317461,22.284331019115513,-0.586190627154389,0.38122697231041025,2.5555555555555554,1.306610516016297,-0.5899855306644792,0.40845535346124906,2.719234603174605,1.2841449968652496,0.19173941030681152,0.6137391576580735,256.1898095238095,75.40842041501422,-0.5865631966568666,0.5006628896950188,0.984375,0.9982714056968689,0.0015392509521916509,1.0648608207702637,0.05648905783891678
125,0.7703758232491036,0.953125,0.8861976559044885,0.7110138654005316,0.0,0.03125,0.0,61,0.02013613273608275,0.36404111981391907,0.0,1.0,63,0.984375,44,0.6984126984126984,0.8749710121946486,33.921111111111124,23.644753108439996,-0.629678725032171,0.4045002576395725,2.5396825396825395,1.2576798596533527,-0.5949475436204715,0.3931592967597063,2.997952222222224,1.3619880352380394,0.32494860175818735,0.6509431501332896,264.9195555555556,75.3200926140547,-0.5286033580804391,0.5000764505172,0.984375,0.9983643293380737,0.004411764908581972,1.0648607015609741,0.06027338653802872
126,0.7380625285183516,0.921875,0.8634345076851926,0.7015319647580415,0.0,0.078125,0.0,59,0.011436002065235758,0.30517327785491943,0.0,0.984375,64,0.984375,41,0.640625,0.8785984853416777,32.818749999999994,22.032804909668222,-0.6485372578919255,0.3769240144572284,2.25,1.224744871391589,-0.6855042800673319,0.38286359493670563,2.712569687500001,1.473142243316529,0.18855400699022426,0.7040677507062583,238.793578125,74.76531779629778,-0.7020628641210196,0.4963931063779172,1.0,0.9973003268241882,0.006434316281229258,1.1014959812164307,0.06531212478876114
127,0.7573159020575428,0.953125,0.8603657586652724,0.7029743057989228,0.0,0.046875,0.0,61,0.02938019077637636,0.4463028013706207,0.0,1.0,64,1.0,47,0.734375,0.8918160131594564,36.693906250000005,20.55982654483522,-0.5822434084983752,0.35172518386086293,2.609375,1.1674918027014152,-0.5731612054855676,0.364965895414215,2.4863676562500014,1.5175711216022378,0.080443906916776,0.7253019122700441,247.92165624999998,73.36908562326738,-0.6414583593949871,0.4871230324181745,1.0,0.997225284576416,0.006207966711372137,1.0648607015609741,0.07074490189552307
128,0.7594856707550689,0.953125,0.8627291018845605,0.6609348268204981,0.0,0.03125,0.0,61,0.0448077224885012,0.5013495087623596,0.0,1.0,63,0.984375,48,0.7619047619047619,0.8869141701714975,43.09174603174604,28.23640212363964,-0.47279300196699053,0.48305143561638003,2.6507936507936507,1.544665476279729,-0.5602134529285251,0.4828729566763688,2.6050209523809538,1.7402673348087276,0.1371525918382858,0.8317364555970357,258.5455396825397,79.98909508570144,-0.5709226798270416,0.5310755916818438,0.984375,0.9984938502311707,0.010294117964804173,1.0648607015609741,0.07021863758563995
129,0.7385894049948563,0.9375,0.9184487332900365,0.6958776411164828,0.0,0.0625,0.0,60,0.036029276630250795,0.517108142375946,0.0,1.0,64,1.0,51,0.796875,0.8932299469617787,33.26703125,22.495344009906216,-0.6408683310780834,0.38483685602324413,2.421875,1.2093992245635847,-0.6317749835282273,0.3780664411388513,2.368426718750001,1.3381212695803393,0.02407568384901188,0.6395363629818878,229.49946875,57.236373151707696,-0.7637697084126763,0.3800123092366324,1.0,0.9988752007484436,0.0035897435154765844,1.0837910175323486,0.06830424070358276
130,0.7819876183764993,0.96875,0.8605244895142894,0.7125655405588391,0.0,0.03125,0.0,62,0.024753499642377805,0.4327738881111145,0.0,1.0,64,1.0,46,0.71875,0.8875675475032402,35.42203125,20.19428045416631,-0.6040018833204992,0.3454716405408469,2.375,1.2054563451241194,-0.6464284280388921,0.3768338701505111,2.587785312500001,1.182114185409675,0.1289150585939432,0.564974957018132,249.48121875000004,65.9304075570571,-0.6311038782427132,0.4377350458293681,1.0,0.9984526634216309,0.02318548411130905,1.0446385145187378,0.06495984643697739
131,0.7827793748419715,0.953125,0.8891960274977763,0.7056970392122895,0.0,0.046875,0.0,61,0.03619282653338598,0.385100394487381,0.0,1.0,64,1.0,53,0.828125,0.8899516059588288,38.87921875000001,26.11268222199988,-0.5448583926676347,0.4467201090244803,2.640625,1.32720556409887,-0.5633922424784576,0.4148935058723948,2.501053906250001,1.3324873578335767,0.08746299489060971,0.6368437135862052,253.836875,79.51499069210553,-0.6021851522882181,0.5279278467163814,1.0,0.9975504875183105,0.01670040562748909,1.0648607015609741,0.060117702931165695
132,0.7879980159688433,1.0,0.866102724801749,0.6879943419422014,0.0,0.0,0.0,64,0.03793014181904592,0.4236917197704315,0.0,1.0,64,1.0,51,0.796875,0.8853418517725256,44.69562500000001,27.00716102229879,-0.44535480234164354,0.46202231596716536,2.859375,1.3904494271188004,-0.49500950142868805,0.4346639685369845,2.896227812500001,1.314697260481322,0.2763308415452937,0.6283411851409898,275.2919375,69.43474925759327,-0.4597374848961757,0.4610015966019907,1.0,0.9988510012626648,0.0029311187099665403,0.9999998807907104,0.05923258513212204
133,0.7209502368387483,0.9375,0.8590411260724068,0.6939262676726824,0.0,0.03125,0.0,60,0.034871608876402886,0.449359267950058,0.0,1.0,62,0.96875,54,0.8709677419354839,0.8897524218227437,39.66467741935483,24.397086666222414,-0.5314212367513882,0.41737072901046013,2.838709677419355,1.4390134208513203,-0.5014696221269381,0.4498454040010007,2.663203870967744,1.386155413526757,0.1649603047762446,0.6624936108911709,271.0726612903226,70.31267513272955,-0.4877507360415071,0.46683045368671283,0.96875,0.9989393949508667,0.002884615445509553,1.0837910175323486,0.06458698213100433
134,0.7885565963852863,0.984375,0.8766854902108511,0.7149887636086477,0.0,0.015625,0.0,63,0.021885898802115528,0.4466457664966583,0.0,1.0,64,1.0,49,0.765625,0.8718810531022118,38.772343750000005,22.49863202384394,-0.5466867460802063,0.38489310539403826,2.859375,1.2853402698799257,-0.49500950142868805,0.40180612953618233,2.8006476562500016,1.4947217554508092,0.23064964142466796,0.7143813769963547,279.55546875000005,68.27095898283933,-0.4314304090526268,0.453274785739881,1.0,0.9992724657058716,0.004172461573034525,1.0230478048324585,0.06614422798156738
135,0.8230754071078217,1.0,0.8755912827327847,0.7232042908426672,0.0,0.0,0.0,64,0.02112605416222899,0.3415447175502777,0.0,1.0,64,1.0,47,0.734375,0.868330883716881,38.92359375,23.00525839123441,-0.5440992517770349,0.39356016548963707,2.453125,1.2738927483799412,-0.6220060205211173,0.3982275562863761,2.761135937500001,1.0962196564496658,0.21176556755260142,0.5239228671217099,262.23665625,63.40959687820797,-0.5464160653575268,0.4209985016622743,1.0,0.998933732509613,0.014227642677724361,1.0,0.05833698809146881
136,0.7601555780574369,0.96875,0.8889662806064852,0.7110344698863786,0.0,0.03125,0.0,62,0.023424365515517485,0.4037562608718872,0.0,1.0,64,1.0,48,0.75,0.8812319181636727,43.168437499999996,27.333083389156698,-0.47148101031602213,0.46759800038052746,2.734375,1.4387732133227251,-0.5340853534571278,0.4497703134902527,2.4446515625000007,1.3412687687074736,0.06050628281559571,0.6410406662091187,258.204203125,64.55645132318784,-0.5731889326714301,0.4286128696244081,1.0,0.9985703229904175,0.008117706514894962,1.0446385145187378,0.0742284283041954
137,0.761350635825008,0.953125,0.8748321533203125,0.6801902659846377,0.0,0.046875,0.0,61,0.031841126750447854,0.42435765266418457,0.0,1.0,64,1.0,49,0.765625,0.890329731790256,39.31703125,21.674726402518292,-0.537368558951223,0.3707982220781302,2.765625,1.2085914774542306,-0.5243163904500179,0.3778139338866791,2.562218593750001,1.502522568508611,0.11669580261583291,0.7181096665951389,258.38107812500004,69.84381822016911,-0.5720145976551618,0.46371754858401876,1.0,0.9990034103393555,0.0004997501382604241,1.0648608207702637,0.06035148724913597
138,0.8034120202578546,0.984375,0.8903341279143379,0.6890280728192065,0.0,0.015625,0.0,63,0.028303105967272167,0.3982385993003845,0.0,1.0,64,1.0,37,0.578125,0.8718331470199276,39.14359375,29.91434241960637,-0.5403356236996945,0.5117566320254765,2.46875,1.07483647011999,-0.6171215390175623,0.33600120688943386,2.5865800000000014,1.372942315599058,0.12833899632662102,0.656178595365669,251.501703125,68.4942847576259,-0.6176891754787005,0.45475752370379363,1.0,1.0011775493621826,0.0035750765819102526,1.0230478048324585,0.06459829211235046
139,0.7467541328391377,0.921875,0.8587525663739544,0.7095606511902502,0.0,0.078125,0.0,59,0.02346025804974592,0.45866674184799194,0.0,1.0,64,1.0,43,0.671875,0.8906723355581703,39.992656249999996,26.599826493923526,-0.525810371588709,0.4550538811132411,2.640625,1.2792476731950697,-0.5633922424784576,0.3999015422839712,2.1981265625000006,1.3132929255670405,-0.05731689619534379,0.6276700028917384,235.46939062500002,68.00185126951905,-0.7241333081175721,0.45148808546624253,1.0,0.9968376159667969,0.0026385225355625153,1.1014959812164307,0.06566846370697021
140,0.783094221873588,0.984375,0.8898260621797471,0.6954011197612959,0.0,0.015625,0.0,63,0.020492813584047434,0.3174460828304291,0.0,1.0,64,1.0,48,0.75,0.8734782041834647,42.10359375,26.687343170920197,-0.4896977186591149,0.4565510639440602,2.921875,1.3613491412473877,-0.4754715754144682,0.4255670208194116,2.5594140625000015,1.523385170334804,0.1153554160931255,0.7280806556210043,266.62915625000005,67.38502010397482,-0.5172527208545895,0.4473927275195346,1.0,0.9977323412895203,0.0,1.0230478048324585,0.06728173792362213
141,0.77242610673337,0.9375,0.8913259168465932,0.7034351984170613,0.0,0.0625,0.0,60,0.03874261781370798,0.4019811749458313,0.0,1.0,64,1.0,49,0.765625,0.887957108789623,38.35609375,24.74651961748785,-0.5538077014765379,0.4233486184037806,2.5,1.159202311936963,-0.6073525760104523,0.3623745440981922,2.412384375000001,1.4760474360759845,0.04508463142530265,0.7054562469908485,242.71329687500003,71.5800988521076,-0.6760384797702235,0.47524532325060936,1.0,0.9980562925338745,0.0031796502880752087,1.0837910175323486,0.059955984354019165
142,0.7803583377663681,0.953125,0.8745280939047454,0.6900842989382185,0.0,0.046875,0.0,61,0.05155531535881032,0.44712305068969727,0.0,1.0,64,1.0,46,0.71875,0.881747731523778,41.533125,24.986022709894726,-0.4994569559534116,0.42744589369101865,2.546875,1.286099815090182,-0.5926991314997875,0.40204356854614137,2.427306718750001,1.5232569894955512,0.05221655710796774,0.7280193933799779,243.837390625,71.66968042947481,-0.6685752280263765,0.47584008668871447,1.0,0.9991807341575623,0.005936319474130869,1.0648607015609741,0.07084434479475021
143,0.7675928132589738,0.953125,0.8837773770582481,0.6671669351389813,0.0,0.046875,0.0,61,0.031247081326441686,0.4136497974395752,0.0,1.0,64,1.0,40,0.625,0.8869317541783927,39.77171875,25.382563562087235,-0.529590037853879,0.43422967680521957,2.421875,1.3670758883013774,-0.6317749835282273,0.42735724098329964,2.505365781250001,1.2763148256440369,0.08952379529623913,0.6099968367353141,242.54665625,72.12988726925609,-0.6771448651897022,0.47889556093143487,1.0,0.9984201192855835,0.003759398590773344,1.0648607015609741,0.07333754748106003
144,0.7928044352972219,0.9375,0.894684924185276,0.7277811467570431,0.0,0.0625,0.0,60,0.02169433419823146,0.33798322081565857,0.0,1.0,64,1.0,40,0.625,0.8720343241418043,34.42453125,20.816766599433098,-0.6210665151711676,0.3561207602412172,2.25,1.0307764064044151,-0.6855042800673319,0.32222773064852644,2.5743050000000016,1.3801618262114241,0.1224723315974485,0.6596290595833029,238.64907812500002,68.41337399046714,-0.7030222501837798,0.45422032880871155,1.0,0.9985367059707642,0.008820286951959133,1.0837910175323486,0.06321392208337784
145,0.7902166100697887,0.9375,0.8598120008905729,0.7014582039654166,0.0,0.0625,0.0,60,0.04331581385162256,0.4218645393848419,0.0,1.0,64,1.0,47,0.734375,0.8880592383954675,36.84515625,25.392424066551545,-0.5796559141952037,0.43439836440275875,2.34375,1.2527313908017152,-0.656197391046002,0.39161237166679486,2.651152500000001,1.458303168839346,0.1592005204182298,0.6969756224089991,237.188734375,64.0107594279182,-0.7127179833366453,0.42498983018577197,1.0,0.9991830587387085,0.005341880489140749,1.0837910175323486,0.0721975713968277
146,0.8324931221966381,0.96875,0.8856480429249425,0.7466361903775507,0.0,0.03125,0.0,62,0.03760158639827872,0.5286279916763306,0.0,1.0,64,1.0,49,0.765625,0.8691824577224777,34.00328125,21.60900579436496,-0.6282730075692569,0.369673913323104,2.546875,1.1309521361998482,-0.5926991314997875,0.3535433466031449,2.7475160937500016,1.2101329131941174,0.20525615354486504,0.5783661164518817,247.07862500000002,68.71066296127646,-0.6470555388532662,0.4561941343118728,1.0,1.000709891319275,0.012016719207167625,1.0446383953094482,0.058171845972537994
147,0.7927767125342227,0.96875,0.8930220584715566,0.6908879357455204,0.0,0.03125,0.0,62,0.05555913182948055,0.4752542972564697,0.0,1.0,64,1.0,53,0.828125,0.8769613583580732,37.752812500000005,21.610552216217055,-0.5641282753448696,0.36970036858084016,2.6875,1.3905372163304368,-0.5487387979677927,0.4346914120429333,2.9431896875000017,1.5122785710176818,0.29877561349464743,0.7227724116719361,265.715375,66.99619467540212,-0.5233196343193763,0.4448111794432756,1.0,0.9995599389076233,0.0,1.0446386337280273,0.0657687857747078
148,0.762842926256245,0.953125,0.8945751786231995,0.7050593239975546,0.0,0.046875,0.0,61,0.04359504880824201,0.40776702761650085,0.0,1.0,64,1.0,53,0.828125,0.8899076972357121,37.294062499999995,26.4987863943067,-0.571976295256142,0.4533253476775358,2.703125,1.507063447362121,-0.5438543164642378,0.4711183061327403,2.802542343750001,1.1751377809893495,0.2315551808404767,0.5616406820080165,256.27934375000007,79.75112515217634,-0.5859687475997923,0.529495626023851,1.0,0.9986897110939026,0.014320987276732922,1.0648607015609741,0.06373897939920425
149,0.7850481180158192,1.0,0.9144717501476407,0.6948170638838111,0.0,0.0,0.0,64,0.036378956702431665,0.4032174348831177,0.0,1.0,64,1.0,58,0.90625,0.8843855843133326,41.608906250000004,27.571704422128327,-0.49816053577052083,0.47168018592387284,2.890625,1.3591953904332519,-0.48524053842157816,0.42489374363445714,2.7154985937500014,1.100782828825508,0.1899538368062674,0.5261037715966986,261.32512499999996,65.42254086405832,-0.5524680402850042,0.43436314114422514,1.0,1.0020759105682373,0.02384428307414055,0.9999999403953552,0.07153242081403732
150,0.7518194566504985,0.953125,0.8439171314239502,0.703830505181664,0.0,0.046875,0.0,61,0.02229115860730909,0.4154132306575775,0.0,1.0,64,1.0,57,0.890625,0.8813118375445925,37.775000000000006,24.677593961932352,-0.5637487048995696,0.42216947961969986,2.609375,1.4099776981835563,-0.5731612054855676,0.44076863918096587,2.4421156250000013,1.3275235298160397,0.05929426692259103,0.6344713213457032,245.692390625,71.09615669544341,-0.6562592339335027,0.4720322619337529,1.0,0.9984003901481628,0.004930966533720493,1.0648607015609741,0.06687391549348831
151,0.7255911132547433,0.921875,0.8634697936348996,0.7223384330998358,0.0,0.078125,0.0,59,0.031184190282283586,0.4079931974411011,0.0,1.0,64,1.0,52,0.8125,0.8856195249726259,34.6375,23.33393076616111,-0.6174231735025489,0.3991828953920019,2.4375,1.2358574958303243,-0.6268905020246722,0.3863374770824308,2.4422879687500005,1.3619188186011455,0.0593766362097123,0.650910069008863,243.37510937500002,73.06157304226289,-0.6716444750044067,0.48508134878952996,1.0,0.9985690116882324,0.012846865691244602,1.1014961004257202,0.05381927639245987
152,0.6980106652621842,0.9375,0.8614020784695943,0.6781923164899947,0.0,0.0625,0.0,60,0.023922877103601872,0.34058764576911926,0.0,1.0,64,1.0,54,0.84375,0.8921366390920162,36.5421875,21.97953796067706,-0.5848389218954616,0.37601275543533114,2.578125,1.234968211888468,-0.5829301684926775,0.38605948086064484,2.676015468750001,1.325851713767337,0.17108342891746775,0.633672300225818,242.78971875000002,66.98027230192226,-0.6755310882009155,0.44470546523426074,1.0,0.9958333373069763,0.009880395606160164,1.0837910175323486,0.05538447946310043
153,0.6742618756105714,0.921875,0.8908745676784192,0.6666358228992556,0.0,0.078125,0.0,59,0.021272744449018537,0.3778855800628662,0.0,0.984375,64,0.984375,53,0.828125,0.8941071684382224,42.790312500000006,24.39478876015006,-0.47794974607395074,0.4173314178113101,3.125,1.5761900266148114,-0.4119733158682536,0.4927277459896231,2.696411718750001,1.6168586838552057,0.180831531604424,0.7727550152855243,276.1300625,86.71411954842534,-0.4541728797484184,0.5757253822787923,1.0,0.9980307221412659,0.0,1.1014959812164307,0.05743851140141487
154,0.7643103810762967,0.96875,0.8554939925670624,0.7216004101145448,0.0,0.03125,0.0,62,0.009596840873035483,0.35551804304122925,0.0,1.0,64,1.0,55,0.859375,0.8869185127816471,37.67453125,25.045742335879634,-0.5654674640286392,0.4284675412415871,2.84375,1.6126332309300835,-0.499893982932243,0.5041201400637492,2.687018437500001,1.1889404054638046,0.17634214408502882,0.5682374535089779,254.285359375,67.49985077538307,-0.5992075075910502,0.4481551285280223,1.0,0.9979564547538757,0.0,1.0446385145187378,0.06018999218940735
155,0.7105555735624716,0.9375,0.8100444123148918,0.6754832401886465,0.0,0.0625,0.0,60,0.020225838081150457,0.4492024779319763,0.0,1.0,64,1.0,54,0.84375,0.8896551536643447,44.231406250000006,25.645336617209004,-0.4532963783485883,0.4387250406607869,2.875,1.2562344526401112,-0.4901250199251331,0.39270745267514395,2.4030821875000012,1.2364933979687143,0.04063878089085052,0.5909647418100096,254.352671875,74.49893620571345,-0.598760596349877,0.49462450578703476,1.0,0.997586190700531,0.001497006043791771,1.0837911367416382,0.06140058487653732
156,0.7211164085858057,0.96875,0.8562244720035984,0.6815161781921928,0.0,0.03125,0.0,62,0.01443112312145585,0.4088042378425598,0.0,1.0,64,1.0,50,0.78125,0.8988851620368529,40.126875,28.019260834903815,-0.5235142376977748,0.4793367126571254,2.953125,1.633914849181254,-0.4657026124073583,0.5107729189894171,2.654700312500001,1.1874181403205886,0.1608961478283697,0.567509908154668,253.719734375,67.53850461015793,-0.6029628898868895,0.44841176486266066,1.0,0.9971637725830078,0.005801687948405743,1.0446385145187378,0.05943697690963745
157,0.7290187066214167,0.9375,0.8451400498549143,0.6893631132657586,0.0,0.0625,0.0,60,0.021695098959272116,0.4143199622631073,0.0,1.0,64,1.0,45,0.703125,0.8893715171841876,44.05046875000001,28.8299081050005,-0.4563917485996964,0.4932047800505582,2.90625,1.729511762752714,-0.4803560569180232,0.5406571657821684,2.464452656250001,1.4028460409893557,0.06996993888909207,0.6704706630657198,257.28335937500003,73.03990007873422,-0.5793027365449931,0.48493745440096164,1.0,0.9966512322425842,0.006792058702558279,1.0837910175323486,0.06477662175893784
158,0.7462207630288411,0.953125,0.8195991374430109,0.6753846908895746,0.0,0.046875,0.0,61,0.014397769730487049,0.3442821204662323,0.0,1.0,64,1.0,47,0.734375,0.8799169205717294,47.425312500000004,31.762475008291524,-0.3986569454445297,0.5433733761228546,3.015625,1.690896466190346,-0.4461646863931384,0.5285857608661251,2.781850625000001,1.280265809216825,0.22166586299309696,0.6118851541261099,273.87270312500004,81.04071128869427,-0.46916027852361675,0.538057639630108,1.0,0.9992963671684265,0.002417794894427061,1.0648607015609741,0.07151883095502853
159,0.7715297333720683,0.96875,0.8537670551769195,0.6916836745479328,0.0,0.03125,0.0,62,0.03443935732044391,0.33714500069618225,0.0,1.0,64,1.0,46,0.71875,0.8905694164539913,39.209218750000005,26.818566114767368,-0.5392129505516241,0.4587959473797623,2.515625,1.5611713100665794,-0.6024680945068974,0.4880327928256567,2.5532596875000015,1.4263393259614907,0.11241401855808668,0.6816989503421699,244.01390625,80.60551431193288,-0.6674032790264844,0.5351682146193103,1.0,0.9986739754676819,0.0021574972197413445,1.0446385145187378,0.07128582149744034
160,0.8213199519962483,0.984375,0.86893278218451,0.7325307101902383,0.0,0.015625,0.0,63,0.027191037272315744,0.3198305666446686,0.0,1.0,64,1.0,44,0.6875,0.8629235982573841,32.66296875,21.5497779628706,-0.65120227010294,0.368660679097776,2.40625,1.1821425199611086,-0.6366594650317822,0.3695458094922173,2.917630937500001,1.0892786628296725,0.2865601660692508,0.5206055162088115,255.52393750000005,57.80615478527004,-0.590984154021744,0.38379528887716163,1.0,0.9997609853744507,0.0027624310459941626,1.023047924041748,0.06457013636827469
161,0.7780679815156368,0.953125,0.8282969681943049,0.6998547324256654,0.0,0.046875,0.0,61,0.025401164803553762,0.35190102458000183,0.0,1.0,64,1.0,48,0.75,0.8811810962837663,38.342968750000004,20.39788168227337,-0.5540322361061519,0.348954728262141,2.65625,1.325456878778031,-0.5585077609749026,0.41434685492166357,2.8211559375000013,1.470563204005229,0.24045128788212827,0.702835134904812,258.35771875,80.15949867188016,-0.5721696887195897,0.5322069607173056,1.0,0.9985382556915283,0.0,1.0648607015609741,0.05779203027486801
162,0.773869820763212,0.9375,0.8947397574782372,0.6992649205451034,0.0,0.0625,0.0,60,0.0363469477176972,0.3392593562602997,0.0,1.0,64,1.0,44,0.6875,0.8866123534603559,33.82078125,22.009897369187083,-0.6313951081334142,0.37653212599114827,2.265625,1.1758266706343243,-0.6806197985637769,0.36757143194239855,2.8776592187500016,1.553821242332216,0.2674562416248491,0.7426271509433486,247.077265625,71.88558350084926,-0.6470645642195574,0.47727354272735656,1.0,0.9976304173469543,0.001614639419130981,1.0837910175323486,0.058483678847551346
163,0.7925037067440244,0.9375,0.8476224829753239,0.73032061555766,0.0,0.0625,0.0,60,0.03377675489036836,0.38608118891716003,0.0,1.0,64,1.0,51,0.796875,0.879969782623312,41.544687499999995,27.196622433260785,-0.49925915163684687,0.46526350817566126,2.703125,1.354156650603984,-0.5438543164642378,0.4233185992186309,2.7185175000000013,1.6077406251932804,0.19139668086472386,0.7683971665563638,251.798296875,66.50643825546136,-0.6157199857897607,0.4415595151980263,1.0,0.9992368221282959,0.004248539451509714,1.0837911367416382,0.06786014884710312
164,0.7700460254662234,0.953125,0.8649613500618544,0.6883400289657684,0.0,0.046875,0.0,61,0.03520490909824289,0.4467373490333557,0.0,1.0,64,1.0,54,0.84375,0.884026417910964,43.95640625,35.855775527067614,-0.4580009134452639,0.6133991068567529,2.765625,1.7387332628597751,-0.5243163904500179,0.5435398695714785,2.780744375000002,1.7662710133621522,0.2211371462634317,0.844164550407473,267.05746875,79.66970372457482,-0.5144090042939947,0.5289550406754016,1.0,0.9985726475715637,0.0024236547760665417,1.0648607015609741,0.06458441913127899
165,0.8229458036113642,0.984375,0.8746572236220042,0.7385841023959675,0.0,0.015625,0.0,63,0.06239479094371718,0.53983074426651,0.0,1.0,64,1.0,58,0.90625,0.8772908346848826,34.1396875,24.231644533075833,-0.6259394512400536,0.4145404442037076,2.46875,1.310638560969423,-0.6171215390175623,0.4097145477696671,3.047600156250002,1.5708452291546076,0.3486771380870716,0.750763527565819,269.237390625,56.689378503775195,-0.4999357401778619,0.3763806203672144,1.0,0.9992618560791016,0.0034246575087308884,1.0230478048324585,0.06742140650749207
166,0.7805488426229268,0.96875,0.9041841505996643,0.7037134041218399,0.0,0.03125,0.0,62,0.039150835837364464,0.5051858425140381,0.0,1.0,64,1.0,49,0.765625,0.8844963546305439,35.603593749999995,23.27949536120706,-0.6008958209441716,0.3982516471261544,2.546875,1.1582541752029216,-0.5926991314997875,0.3620781500924152,2.8575731250000014,1.386089979182534,0.2578563737837101,0.6624623374606756,260.59628125,56.421722075386455,-0.5573070889748303,0.37460355568206327,1.0,0.9981011748313904,0.009654471650719643,1.0446385145187378,0.06190378963947296
167,0.7709548565809012,0.9375,0.8773358970880508,0.7365297638277615,0.0,0.046875,0.0,60,0.04358104526841894,0.43655481934547424,0.0,1.0,63,0.984375,55,0.873015873015873,0.880038073211012,41.592063492063495,25.91942485146786,-0.49844867157356487,0.44341397781590175,2.746031746031746,1.3329553508074297,-0.530441375192571,0.41669092838934496,2.7165855555555574,1.456890742706338,0.19047333501291613,0.6963005730748175,260.8904444444445,63.80615553098104,-0.5553540365947122,0.423631393319973,0.984375,0.9979942440986633,0.0010116337798535824,1.0837910175323486,0.06541048735380173
168,0.7810193295423302,0.96875,0.8681392174574637,0.7169594534395552,0.0,0.015625,0.0,62,0.04536581978566394,0.46572816371917725,0.0,1.0,63,0.984375,58,0.9206349206349206,0.8903739868652217,37.4915873015873,26.011616099036377,-0.5685971593960281,0.444991130396965,2.761904761904762,1.6007367918068205,-0.5254793622365787,0.5004012321049814,2.6391565079365096,1.512908305901972,0.1534672036336823,0.7230733846604814,254.53280952380956,63.92128553345465,-0.5975645994665116,0.4243957816921442,0.984375,0.9987151026725769,0.0,1.0446385145187378,0.07033251971006393
169,0.756543169363642,0.96875,0.8502626224390922,0.7095270958720461,0.0,0.015625,0.0,62,0.024344239732254955,0.3129200041294098,0.0,1.0,63,0.984375,52,0.8253968253968254,0.8833175732245631,38.01079365079366,25.615720452307276,-0.5597148885150898,0.4382183850709355,2.634920634920635,1.336918837412417,-0.5651754658845174,0.41792994131809047,2.8876828571428583,1.536090817703534,0.2722468995325764,0.7341531422425468,272.4360158730159,68.4356405837694,-0.47869894790838435,0.45436816451306683,0.984375,0.9996238350868225,0.0048496606759727,1.0446385145187378,0.0671134740114212
170,0.7646951526218625,0.984375,0.862884480328787,0.6677136533802843,0.0,0.015625,0.0,63,0.03857769298184137,0.38163724541664124,0.0,1.0,64,1.0,51,0.796875,0.8962588483421142,44.8478125,30.73798309241912,-0.4427512698506425,0.5258469827611019,3.046875,1.5952046058029672,-0.43639572338602844,0.49867183305153845,2.2574879687500014,1.7020021431612724,-0.02894594154597785,0.8134481419356787,248.387609375,62.34728776844899,-0.6383647335539864,0.413945459764378,1.0,0.9983914494514465,0.005219206679612398,1.023047685623169,0.07300185412168503
171,0.8147164097709343,0.984375,0.8640322945420704,0.7286218477772818,0.0,0.015625,0.0,63,0.03634072133612878,0.4367310404777527,0.0,1.0,64,1.0,46,0.71875,0.8811352160147188,37.030625,21.396540307006997,-0.5764830260362527,0.36603918116998474,2.640625,1.177486564413794,-0.5633922424784576,0.3680903260520744,2.690920000000001,1.080399888619083,0.17820684136465523,0.5163620301396016,249.445609375,49.686347464500145,-0.6313403013436034,0.32988504682978936,1.0,0.9994131922721863,0.0020586722530424595,1.0230478048324585,0.0593239851295948
172,0.7367050460020647,0.90625,0.9086217458905845,0.7087663667006294,0.0,0.09375,0.0,58,0.0347592508403546,0.4650663137435913,0.0,1.0,64,1.0,49,0.765625,0.8835063509414987,34.24609375,21.224160070040725,-0.6241191169213968,0.3630902034435081,2.53125,1.3225064980936767,-0.5975836130033424,0.4134245458092684,2.579831093750001,1.236151215086465,0.12511345088813877,0.5908012002828228,243.441421875,68.39266174287378,-0.6712042031131488,0.454082812949407,1.0,0.9986929893493652,0.001636661239899695,1.1180338859558105,0.0677427351474762
173,0.8094868174121411,1.0,0.8810837315395474,0.7111594485405677,0.0,0.0,0.0,64,0.02617665884069853,0.4297616183757782,0.0,1.0,64,1.0,47,0.734375,0.8808161852620653,43.42953125,27.719307994929697,-0.46701437500548537,0.4742052993371046,2.890625,1.3476505887562251,-0.48524053842157816,0.42128475993822373,2.805290781250002,1.2781644152887102,0.23286875813918048,0.6108808222613303,268.39720312500003,57.58070084595941,-0.5055140389848193,0.38229842128429653,1.0,1.0001475811004639,0.001482213381677866,0.9999998807907104,0.06620921939611435
174,0.7231871937334635,0.921875,0.9038738103236182,0.6866242987100022,0.0,0.078125,0.0,59,0.015118280788038964,0.31652307510375977,0.0,1.0,64,1.0,53,0.828125,0.8873719775151311,37.1884375,27.83498547347553,-0.5737832644182742,0.47618424027424566,2.640625,1.6989628039998403,-0.5633922424784576,0.5311073530473668,3.1817968750000016,1.5067133268339368,0.41281458465825877,0.7201125809784933,271.33178125000006,85.21039311526738,-0.48603034795917127,0.5657416163121769,1.0,0.9990574717521667,0.0,1.1014959812164307,0.06990527361631393
175,0.7663604645330311,0.953125,0.8715312451612754,0.6913001162615523,0.0,0.046875,0.0,61,0.048027985541857915,0.48656925559043884,0.0,1.0,64,1.0,52,0.8125,0.8928869880445458,37.418906250000006,24.52043682810751,-0.5698405432435034,0.4194809296132566,2.71875,1.2558457060881325,-0.5389698349606828,0.39258592785321045,3.057500312500002,1.4220055488035312,0.35340877943005927,0.6796276821061866,278.81529687500006,88.6991859044659,-0.43634466912821235,0.5889049324216269,1.0,0.9978646636009216,0.005933363921940327,1.0648607015609741,0.06312726438045502
176,0.8114589409694535,1.0,0.8788257641717792,0.7027021390523729,0.0,0.0,0.0,64,0.020256655168095446,0.33509352803230286,0.0,1.0,64,1.0,45,0.703125,0.8720138350963529,38.10218750000001,22.251166996695787,-0.5581513773470478,0.3806596221016083,2.625,1.2183492931011204,-0.5682767239820126,0.38086429356938845,3.0209912500000016,1.2240441421517205,0.33595978315601355,0.5850147939480134,267.97679687500005,53.49518701369889,-0.5083052631851465,0.35517326536813754,1.0,0.9977900981903076,0.026447106152772903,0.9999999403953552,0.05222981423139572
177,0.8051291853066191,1.0,0.8871433618478477,0.7241177551418323,0.0,0.0,0.0,64,0.03773783766986693,0.3844398260116577,0.0,1.0,64,1.0,49,0.765625,0.8797104621874059,40.2965625,23.59927694991086,-0.5206113257006216,0.40372227878916406,2.859375,1.2974396361199236,-0.49500950142868805,0.4055884738948388,2.703893593750001,1.181347434394789,0.1844073892150617,0.5646084990845199,260.776875,52.33557940394734,-0.5561080638760647,0.3474742246825572,1.0,0.9989134669303894,0.007407407276332378,0.9999999403953552,0.06317099928855896
178,0.7341454227178961,0.9375,0.8791568458080292,0.6940733190079577,0.0,0.0625,0.0,60,0.02748571945731692,0.3365444540977478,0.0,1.0,64,1.0,51,0.796875,0.8912997274465874,38.08015625,23.294901768693638,-0.5585282747610429,0.39851521070700635,2.484375,1.2118192354369524,-0.6122370575140074,0.37882295303321073,2.430875937500001,1.4484899033171146,0.053922415336181743,0.6922855092752085,239.210625,67.18542016420399,-0.6992939439868141,0.4460675136763241,1.0,0.9987325668334961,0.0010593220358714461,1.0837910175323486,0.06943999230861664
179,0.7649408821353937,0.9375,0.8434177209933599,0.7108090887262865,0.0,0.046875,0.0,60,0.050291375463607214,0.39701545238494873,0.0,1.0,63,0.984375,48,0.7619047619047619,0.8871398666328257,38.14857142857142,20.33363737923677,-0.5573578689110991,0.34785567524978783,2.507936507936508,1.1391031820958195,-0.6048715695324562,0.35609141910960884,2.2740234920634927,1.5172615828013811,-0.021043019232196047,0.7251539725254171,234.98509523809523,61.920223522194675,-0.7273487146535966,0.41111003079718356,0.984375,0.9995828866958618,0.002218524692580104,1.0837911367416382,0.06934455037117004
180,0.7706664022410078,0.96875,0.8891567813773309,0.7002900889276434,0.0,0.03125,0.0,62,0.023848427266767232,0.3682834208011627,0.0,1.0,64,1.0,41,0.640625,0.883065313507669,39.99,25.43590185397404,-0.5258558131208928,0.4351421563185948,2.75,1.3919410907075054,-0.5292008719535729,0.4351302727423321,2.7777721875000014,1.3566852773343725,0.21971663077872772,0.6484087710896412,260.729921875,65.31489573747345,-0.5564198021025565,0.43364844748215187,1.0,0.9990035891532898,0.0010303966701030731,1.0446385145187378,0.06326734274625778
181,0.7961052611443918,0.96875,0.8473754513167566,0.7359197617010368,0.0,0.03125,0.0,62,0.04256161440959276,0.4730037450790405,0.0,1.0,64,1.0,47,0.734375,0.8819364699213783,41.491093750000005,23.79139918891302,-0.5001760013744374,0.40700899084820963,2.796875,1.2270351398289292,-0.5145474274429079,0.38357954846120895,2.432941406250001,1.43965997571895,0.05490957726407046,0.6880653687618643,253.54878125,61.69419208444303,-0.6040979075028778,0.40960932899009295,1.0,0.9975815415382385,0.012288786470890045,1.0446386337280273,0.05827999487519264
182,0.7736728011704861,0.953125,0.869190051418836,0.7157908866102464,0.0,0.046875,0.0,61,0.03027821936202707,0.2965579926967621,0.0,1.0,64,1.0,48,0.75,0.8826112470854708,37.1265625,21.318156743339557,-0.5748417848150261,0.36469824216534485,2.5,1.0897247358851685,-0.6073525760104523,0.3406553802494355,2.577368906250001,1.2040862219063648,0.12393668277711153,0.5754761848424272,253.68896875,70.1701478316654,-0.6031671536366274,0.4658841650624652,1.0,0.9989495277404785,0.0015781167894601822,1.0648608207702637,0.0570547990500927
183,0.7949153196264758,0.984375,0.8726241181767176,0.7101366097174144,0.0,0.015625,0.0,63,0.028755020531542195,0.3230741024017334,0.0,1.0,64,1.0,56,0.875,0.8903552733176777,40.99703125,26.467014121336458,-0.5086281263606238,0.4527818066837553,2.765625,1.4441929785783478,-0.5243163904500179,0.45146456905151344,2.8321373437500013,1.4606609870045175,0.24569969755411122,0.698102508654817,269.46753125000004,73.31088642810172,-0.49840775603876175,0.4867366275966811,1.0,0.9982115626335144,0.004403131082653999,1.0230478048324585,0.055604226887226105
184,0.8178908981332402,0.984375,0.8580017227029043,0.7114295957170392,0.0,0.015625,0.0,63,0.04245248779153072,0.45188555121421814,0.0,1.0,64,1.0,53,0.828125,0.8767713499831244,40.27796875,26.329474582898982,-0.5209294164259082,0.45042886273553834,2.765625,1.4549719445319211,-0.5243163904500179,0.4548341472804848,2.495593750000001,1.523308735153618,0.08485338950668747,0.7280441244941993,257.502171875,60.4315175822897,-0.5778499637916528,0.401225991141175,1.0,0.9994146227836609,0.000480769231216982,1.023047924041748,0.05397523194551468
185,0.7581908440279521,0.953125,0.9045306888760113,0.7066336558693552,0.0,0.046875,0.0,61,0.024296648722327133,0.35122740268707275,0.0,1.0,64,1.0,49,0.765625,0.8896179559719704,38.868125000000006,21.736484081708685,-0.5450481778902847,0.37185473542082265,2.859375,1.1708328699583899,-0.49500950142868805,0.36601033581221987,2.7904581250000016,1.422941394097843,0.2257796973439203,0.680074956287865,267.710453125,76.68537042905615,-0.5100736125391488,0.5091410076625851,1.0,0.9968991279602051,0.0009564801584929228,1.0648607015609741,0.05449358746409416
186,0.7293909186212832,0.9375,0.8502408514420191,0.677953341378937,0.0,0.0625,0.0,60,0.0336990296213231,0.39406824111938477,0.0,1.0,64,1.0,49,0.765625,0.8900010891335384,36.00421875000001,25.19658439183074,-0.5940421686783328,0.43104805668259316,2.46875,1.560936717967772,-0.6171215390175623,0.48795945773653643,2.751124218750001,1.5172060122586413,0.20698060647162211,0.725127413361012,250.50048437499998,75.67144544715833,-0.6243366171017058,0.5024092049199055,1.0,0.997793436050415,0.0005141388392075896,1.0837911367416382,0.061496492475271225
187,0.7472647905360593,0.921875,0.866063061912181,0.7196297217868917,0.0,0.078125,0.0,59,0.039964246467402306,0.38959044218063354,0.0,1.0,64,1.0,48,0.75,0.8850599132612755,38.025625000000005,25.1711293496016,-0.5594611626864632,0.43061258708421374,2.703125,1.354156650603984,-0.5438543164642378,0.4233185992186309,2.4993612500000015,1.2891304674463484,0.08665401348771884,0.6161218936594145,249.46270312500002,61.849929666916296,-0.6312268099559887,0.41064332529509523,1.0,0.9980655908584595,0.0014450866729021072,1.1014959812164307,0.06108173727989197
188,0.7723939818931453,0.96875,0.8854554108073635,0.6989549620499856,0.0,0.03125,0.0,62,0.045377715702266216,0.390366792678833,0.0,1.0,64,1.0,46,0.71875,0.8917467747749638,32.176874999999995,19.144952000707,-0.6595180704925748,0.32752035858724865,2.4375,1.2358574958303243,-0.6268905020246722,0.3863374770824308,3.0231098437500017,1.315815383530652,0.3369723354353269,0.6288755764286785,261.36190625,53.655695062860886,-0.5522238366959319,0.35623893447074556,1.0,0.9992018342018127,0.006500000134110451,1.0446385145187378,0.05668461695313454
189,0.7242204370821862,0.90625,0.8469458165867575,0.6958466749387571,0.0,0.078125,0.0,58,0.04211197870130788,0.49844810366630554,0.0,1.0,63,0.984375,46,0.7301587301587301,0.8900827773411188,41.47174603174602,22.554189385924182,-0.5005069905364973,0.38584354742962085,2.5555555555555554,1.2186093788996342,-0.5899855306644792,0.3809455981628078,2.5115830158730175,1.3034090226513713,0.09249523570974966,0.6229461296027833,248.0170634920635,80.46370226102903,-0.6408249173304741,0.5342266747911538,0.984375,0.9977017045021057,0.011523046530783176,1.1180340051651,0.06824622303247452
190,0.7345006327805302,0.921875,0.8934102937326593,0.7296706645066902,0.0,0.0625,0.0,59,0.026850160250652122,0.3907533884048462,0.0,1.0,63,0.984375,52,0.8253968253968254,0.8723451256964547,43.789365079365076,26.451297557095735,-0.46085855362650663,0.4525129371271384,2.984126984126984,1.3391784201583776,-0.45601118085268566,0.4186363022863079,2.959037301587303,1.3599039209224826,0.30634975920605356,0.649947076817881,279.319253968254,77.55506741643161,-0.4329987216438042,0.5149152302820494,0.984375,0.9996892809867859,0.005760921631008387,1.1014962196350098,0.07027114182710648
191,0.7597863331205046,0.96875,0.8714796314316411,0.6891375951832804,0.0,0.03125,0.0,62,0.017174905982614806,0.2746264934539795,0.0,1.0,64,1.0,54,0.84375,0.8744836978439215,42.819375,24.65540412839293,-0.477452562251234,0.4217898692536068,2.71875,1.3284007066770176,-0.5389698349606828,0.4152671155886875,2.8377612500000016,1.408070943900845,0.2483875649624249,0.6729678324037389,273.800453125,66.64462699154042,-0.4696399715549972,0.44247699857120765,1.0,0.9985684156417847,0.0029411765281111,1.0446386337280273,0.05567159876227379
192,0.7912182622279538,1.0,0.9015038129873574,0.689120446745251,0.0,0.0,0.0,64,0.026046342320531934,0.31970226764678955,0.0,1.0,64,1.0,51,0.796875,0.8755027819330087,39.11390625,22.934936956065762,-0.5408434996476311,0.3923571485449116,2.625,1.231107225224513,-0.5682767239820126,0.38485251011212895,3.112570625000002,1.556922428201583,0.3797288657818526,0.7441093193961733,273.23740625000005,66.20964117948544,-0.47337823677683566,0.43958897555678556,1.0,0.9983534216880798,0.011181332170963287,1.0,0.05983162671327591
193,0.7760334476054829,0.96875,0.8421331221057523,0.6854679081389871,0.0,0.03125,0.0,62,0.04073122801590846,0.4530426561832428,0.0,1.0,64,1.0,45,0.703125,0.8798835766905344,43.210625,26.804302585767367,-0.4707592918636912,0.4585519354787334,2.8125,1.5799030824705673,-0.509662945939353,0.49388847255916585,2.8307568750000014,1.5686068122639478,0.24503992180459194,0.7496937074907382,263.5659843750001,76.59661162412236,-0.5375901907834072,0.5085517068985662,1.0,0.9984723329544067,0.0004975124611519277,1.0446385145187378,0.06063120812177658
194,0.7804531178167227,0.96875,0.8968312788394189,0.6981792684882236,0.0,0.03125,0.0,62,0.024762573145835905,0.3984663188457489,0.0,0.984375,64,0.984375,43,0.671875,0.8763241363860603,40.08265625,20.696535733833233,-0.5242707055570698,0.3540639226887872,2.53125,1.2986621721987592,-0.5975836130033424,0.40597064700616686,2.451283750000001,1.381435556962056,0.0636760441584479,0.6602378213974939,247.88509375,71.0780491039865,-0.641701110626265,0.4719120392979473,1.0,0.9994688034057617,0.0005288207321427763,1.0446385145187378,0.056998297572135925
195,0.7614228505626904,0.9375,0.851012100527684,0.7090137358356271,0.0,0.0625,0.0,60,0.040940080082053264,0.39737004041671753,0.0,1.0,64,1.0,50,0.78125,0.8854341730873094,41.006406250000005,25.522462310628672,-0.508467744482328,0.43662298070519834,2.59375,1.3195495206698382,-0.5780456869891225,0.41250017451114557,2.559932031250001,1.6234544695948334,0.11560297201951544,0.7759073789156549,250.59535937500002,76.50123749027024,-0.6237067087784919,0.5079184846510537,1.0,0.9993460178375244,0.0005045408615842462,1.0837910175323486,0.054665129631757736
196,0.7568930773003202,0.984375,0.8606903538817451,0.6496853308981806,0.0,0.015625,0.0,63,0.04652818030999856,0.3556526005268097,0.0,1.0,64,1.0,45,0.703125,0.8855043659340263,47.84796875,32.594928630640126,-0.3914263957646961,0.5576144935144678,2.859375,1.5699043312810497,-0.49500950142868805,0.49076279478355966,2.098165156250001,1.5812587817918131,-0.10509205353345927,0.7557405395382896,256.752484375,65.62712662601693,-0.5828274014312761,0.43572145760555575,1.0,0.9976503849029541,0.0014634146355092525,1.023047685623169,0.06321132183074951
197,0.7609144830376655,0.9375,0.8539118175705274,0.7139581042534611,0.0,0.0625,0.0,60,0.038332575454970645,0.41805925965309143,0.0,1.0,64,1.0,47,0.734375,0.8858794966752006,41.753437500000004,22.01482953451136,-0.49568798181346124,0.3766165025179507,2.484375,1.1857511793690108,-0.6122370575140074,0.3706739010205711,2.660972812500001,1.3152243974359825,0.1638940015565763,0.6285931228826883,260.74762499999997,70.33903963227412,-0.5563022648610875,0.46700549682453085,1.0,0.9983370304107666,0.000998502247966826,1.0837910175323486,0.06494937092065811
198,0.7638398218717284,0.96875,0.8595645456544815,0.69601356730119,0.0,0.03125,0.0,62,0.02781030521247526,0.3742348551750183,0.0,0.984375,64,0.984375,47,0.734375,0.8823002550826321,40.333124999999995,24.373973431908368,-0.5199858363752683,0.4169753216576306,2.640625,1.2166448164419228,-0.5633922424784576,0.38033146254762257,2.6243548437500013,1.552938958281999,0.14639295506211034,0.7422054756098643,261.54909375,56.164982716858056,-0.5509810333836624,0.3728989732437646,1.0,0.9985621571540833,0.0010141987586393952,1.0446385145187378,0.06596561521291733
199,0.8202858712312044,0.984375,0.8496280475741341,0.720833482138642,0.0,0.015625,0.0,63,0.04869698314077232,0.38684573769569397,0.0,1.0,64,1.0,50,0.78125,0.8709181924243246,43.3175,31.94478679103994,-0.46893093845111955,0.5464922567791362,2.9375,1.7218721642444887,-0.47058709391091325,0.5382689752152556,2.594579062500001,1.411368762374091,0.13216203647612781,0.6745439786620042,267.853296875,68.84616819644901,-0.5091252228996858,0.45709380098353786,1.0,0.9988358616828918,0.0004921259824186563,1.023047924041748,0.07237128913402557
