step,reward_mean,valid_frac,c_mean,qed_mean,tox_mean,undersized_frac,alerts_mean,n_rankable,d_var,d_loss,w_C,unique,n_valid,unique_smiles_frac,n_scaffolds,scaffold_frac,tanimoto_dist,tpsa_mean,tpsa_sd,tpsa_drift_sd,tpsa_spread_ratio,hba_mean,hba_sd,hba_drift_sd,hba_spread_ratio,logp_mean,logp_sd,logp_drift_sd,logp_spread_ratio,mw_mean,mw_sd,mw_drift_sd,mw_spread_ratio,rdkit_valid_frac,ratio_mean,clip_frac,adv_std,kl
0,1.2325027173985195,0.984375,0.8619107802708944,0.5625941772915836,0.0,0.015625,0.0,63,6.56309355386497e-07,0.7393994927406311,0.2,1.0,64,1.0,58,0.90625,0.9098405494666016,62.50828125,33.5268727830139,-0.14062656054840467,0.5735576352344093,4.046875,2.109722193648965,-0.12378890715851043,0.6595135380811381,2.3035218750000013,1.836407974625564,-0.006944679294009307,0.8776855310066913,303.98498437500007,99.1649897685501,-0.26923430655706415,0.6583910664201373,1.0,0.9937502145767212,0.03919141739606857,1.0230478048324585,0.003912779968231916
1,1.1920418084277573,0.9375,0.8403935303290685,0.5761062072207774,0.0,0.03125,0.0,60,0.007358516524001088,0.7204887270927429,0.21300000000000002,1.0,62,0.96875,50,0.8064516129032258,0.9039472694903848,55.93870967741936,35.895191765519996,-0.25301485157868503,0.6140734162283099,3.5161290322580645,2.069298895479952,-0.2897037143599099,0.6468769395391073,2.6920762903225826,1.8061905770193971,0.1787594741672762,0.8632435480540653,302.73920967741935,100.27964434522312,-0.2775054406899244,0.6657916481893554,0.96875,0.9931862950325012,0.013842281885445118,1.0837910175323486,0.00750524178147316
2,1.2647351372546773,0.96875,0.8640551552657159,0.5999851003555657,0.0,0.015625,0.0,62,0.003742711779258612,0.678270161151886,0.226,1.0,63,0.984375,56,0.8888888888888888,0.9102727843494918,54.40952380952382,26.35804466990793,-0.2791752464327022,0.45091762265207896,3.6031746031746033,1.6765391652712245,-0.26249267556898404,0.5240975707361781,2.849544126984129,1.5904593271163976,0.25401902637268636,0.7601378116152667,304.61530158730164,88.96833730409426,-0.2650494100269602,0.5906919227439512,0.984375,0.9976295828819275,0.012949039228260517,1.0446385145187378,0.013362333178520203
3,1.2088056872763824,0.90625,0.8741587472373041,0.6327756429699233,0.0,0.0625,0.0,58,0.0073986757723301655,0.673154890537262,0.23900000000000002,1.0,62,0.96875,59,0.9516129032258065,0.9006451144826902,45.910967741935494,30.511590378912935,-0.42456344749100605,0.5219739919744785,3.370967741935484,1.9446690652018315,-0.3350821231671302,0.6079168050888881,2.8832556451612925,1.8008971322251721,0.27013097542823244,0.8607136200809409,302.92011290322597,101.91367714617604,-0.2763043608729885,0.6766405637279529,0.96875,0.9974735379219055,0.003034243592992425,1.1180340051651,0.01957608200609684
4,1.161625901170051,0.859375,0.8874210801991549,0.6386208755285862,0.0,0.125,0.0,55,0.0037797983053485646,0.6665395498275757,0.252,1.0,63,0.984375,46,0.7301587301587301,0.9181925935151113,46.78730158730159,31.809535418050668,-0.4095716535567174,0.5441784573933122,3.0793650793650795,1.7575378457989093,-0.4262391031167316,0.5494183103745676,2.5364987301587316,1.6503879460897648,0.10440335320075916,0.7887798576599981,266.0189206349207,90.80074928197628,-0.5213042886338772,0.6028579470540892,0.984375,0.9946082830429077,0.010835214518010616,1.1611263751983643,0.02913934364914894
5,1.3296413957813316,0.96875,0.9128391286057811,0.6012018153032216,0.0,0.03125,0.0,62,1.1538479437064658e-05,0.6735782027244568,0.265,1.0,64,1.0,52,0.8125,0.9095004403870566,42.74875,32.771218817927725,-0.47866077240106203,0.560630360326446,2.75,1.5612494995995996,-0.5292008719535729,0.4880572354066365,2.844492968750002,1.8763003225452421,0.2516048958754462,0.896751521271804,263.508875,91.54326093685508,-0.5379693599074766,0.607787741747015,1.0,0.9983476996421814,0.005069124512374401,1.0446386337280273,0.030666589736938477
6,1.192084083258241,0.875,0.8902136028877327,0.6152677282894455,0.0,0.125,0.0,56,1.7620530660478325e-05,0.680809736251831,0.278,1.0,64,1.0,54,0.84375,0.9109532997105511,43.98796875,32.82007065899651,-0.4574609611216682,0.5614660883295198,2.953125,1.8910123570127721,-0.4657026124073583,0.5911433523726574,2.6888481250000016,1.9177389099192739,0.17721661765909502,0.9165565150782374,274.245171875,105.36623978126175,-0.4666873281598543,0.6995633351667628,1.0,0.9982447028160095,0.001911132363602519,1.1478066444396973,0.040253788232803345
7,1.1887965813265071,0.84375,0.9162421447259409,0.640459588332673,0.0,0.109375,0.0,54,0.011049155512464635,0.648873507976532,0.29100000000000004,1.0,61,0.953125,49,0.8032786885245902,0.9107703283280439,42.424590163934425,26.67432722729396,-0.48420630449452773,0.456328394985493,2.918032786885246,1.7301102207588397,-0.476672677423539,0.5408442478341092,2.6297367213114766,1.4492832796878246,0.14896514824065477,0.6926646924255957,258.09631147540983,99.45319092582814,-0.5739052630859978,0.6603045347492994,0.953125,0.9988292455673218,0.008767656981945038,1.1734495162963867,0.03995191678404808
8,1.2676671237904868,0.90625,0.9161925613880157,0.6053685507885168,0.0,0.078125,0.0,58,0.0038333081669455686,0.6513449549674988,0.30400000000000005,1.0,63,0.984375,51,0.8095238095238095,0.90546006603922,41.93365079365079,28.059466800848092,-0.4926050008503063,0.4800245322130548,2.7301587301587302,1.3238513944122567,-0.5354033881485633,0.4138449695655758,2.9039750793650803,1.6999422120260954,0.2800335394894768,0.8124636266334165,273.10949206349216,103.88558696765897,-0.474227503820192,0.6897327630341866,0.984375,0.9989354014396667,0.011921793222427368,1.1180338859558105,0.04217994585633278
9,1.3128787181736978,0.921875,0.8876683706954375,0.6520014218125018,0.0,0.0625,0.0,59,0.0038335199305685103,0.6440763473510742,0.317,1.0,63,0.984375,54,0.8571428571428571,0.893263775402924,41.76603174603175,23.653862971178928,-0.4954725270044703,0.404656103708595,2.619047619047619,1.361938061530961,-0.5701374788405097,0.4257511213142713,2.9223514285714303,1.391331397360848,0.2888162588165524,0.6649674000397028,265.8160952380953,72.37387784511856,-0.5226509174151098,0.48051549974062036,0.984375,0.9991040229797363,0.005758157465606928,1.1014959812164307,0.0352950356900692
10,1.349279208582386,0.953125,0.8729122398329563,0.6534036402082086,0.0,0.046875,0.0,61,6.986270949046677e-05,0.623249351978302,0.33,1.0,64,1.0,56,0.875,0.9014886385166433,43.2096875,30.286914716216046,-0.4707753300515207,0.5181303754634735,2.921875,1.4285557337307495,-0.4754715754144682,0.44657625972513554,2.7345720312500013,1.6633472925730037,0.1990697197427503,0.7949735962283359,267.208234375,77.62881296910285,-0.5134080185544213,0.5154048528109306,1.0,0.9983024001121521,0.004291845485568047,1.0648608207702637,0.0392860472202301
11,1.3184913846328317,0.921875,0.876194729643353,0.6560683129330767,0.0,0.078125,0.0,59,5.8981487983264524e-05,0.5901492238044739,0.343,1.0,64,1.0,49,0.765625,0.9001488016720435,41.91203125,26.661482996291173,-0.49297485503895816,0.45610866358352053,2.671875,1.5416578687812026,-0.5536232794713477,0.4819327580717925,2.589774375000001,1.6047538350134074,0.12986570322228283,0.7669696719248608,257.74784375,82.81354842359336,-0.5762188622491807,0.5498281257115336,1.0,0.9987598061561584,0.00291686924174428,1.1014961004257202,0.04211203381419182
12,1.2108188813279996,0.828125,0.9035711862006277,0.6725115181189837,0.0,0.125,0.0,53,0.010270472110894902,0.6380118727684021,0.356,1.0,61,0.953125,47,0.7704918032786885,0.907573421352583,32.64213114754099,23.08609077478231,-0.6515587473105726,0.3949429974363608,2.442622950819672,1.248272119396818,-0.6252890326792444,0.3902183730302155,3.1296336065573795,1.9899879642588783,0.3878838793930291,0.9510869410505579,260.69137704918035,91.3073208940983,-0.5566757146885973,0.6062212532441228,0.953125,0.9940811991691589,0.00634765625,1.1848076581954956,0.0392012745141983
13,1.325810285597384,0.921875,0.8930199585728726,0.6631952941633533,0.0,0.078125,0.0,59,0.00018864977195384169,0.5909125804901123,0.369,1.0,64,1.0,56,0.875,0.9053349489082338,40.2296875,27.523471175114228,-0.5217553830991314,0.47085504045694754,2.671875,1.4583240327084375,-0.5536232794713477,0.45588203289305945,2.713339843750002,1.5762813062498688,0.18892209240837748,0.7533616246541964,253.82012500000002,82.66981650262768,-0.6022963613992991,0.5488738391942448,1.0,0.9983100295066833,0.006429277826100588,1.1014961004257202,0.0426107794046402
14,1.3953815054068621,0.96875,0.9037739884468817,0.6567431100342508,0.0,0.03125,0.0,62,0.00028183294966919813,0.5734800696372986,0.382,1.0,64,1.0,59,0.921875,0.8971327183836635,37.715,24.716556255372634,-0.5647751489206625,0.4228360231721972,2.9375,1.5090870584562046,-0.47058709391091325,0.4717509007541445,2.749984687500002,1.8702102800428706,0.2064359834335642,0.8938408705550769,264.004734375,74.09355778301561,-0.5346771760080716,0.49193305659063313,1.0,0.9995127320289612,0.008494572713971138,1.0446385145187378,0.040430936962366104
15,1.3525706717851733,0.953125,0.8904532194137573,0.6502577439621028,0.0,0.03125,0.0,61,0.00369821601016888,0.590850293636322,0.395,1.0,63,0.984375,59,0.9365079365079365,0.9027774774314691,36.40841269841269,23.613124290324542,-0.5871274609831644,0.4039591707854251,2.761904761904762,1.5297503242103818,-0.5254793622365787,0.47821037847442094,2.9191974603174615,1.4829763418388955,0.28730886376054515,0.7087678206813601,271.1548095238096,83.01948508611535,-0.48720532517446363,0.5511954112744053,0.984375,0.9956201910972595,0.009086561389267445,1.0648608207702637,0.05200603976845741
16,1.360797439977854,0.9375,0.9093132664759954,0.6767277036054762,0.0,0.0625,0.0,60,0.000909494482149219,0.5896366238594055,0.40800000000000003,1.0,64,1.0,53,0.828125,0.8988716894987975,32.30515625,21.884081685681625,-0.6573235117912278,0.37437974672291685,2.375,1.2562344526401112,-0.6464284280388921,0.39270745267514395,2.9926006250000023,1.673358859544252,0.3223908806446765,0.7997584847687815,260.03278124999997,69.46294848930005,-0.5610483626520997,0.4611888211686345,1.0,0.9982024431228638,0.02021174132823944,1.0837911367416382,0.0541398860514164
17,1.4258491320247697,0.96875,0.923105830627103,0.6719926067656518,0.0,0.03125,0.0,62,0.0009755439245676678,0.5489628314971924,0.42100000000000004,1.0,64,1.0,53,0.828125,0.8899439699992227,29.3496875,17.297437217037203,-0.7078838989239645,0.29591418352760734,2.296875,1.085122220938729,-0.6708508355566669,0.33921660270538945,3.121898593750002,1.5729644255144377,0.3841870381044962,0.7517763678540802,258.550484375,77.75474625042841,-0.5708898502835741,0.5162409679316324,1.0,0.9971662759780884,0.010126582346856594,1.0446385145187378,0.04734781011939049
18,1.3565984934401287,0.921875,0.9359966405367447,0.6672036234774942,0.0,0.078125,0.0,59,0.0014933959374138625,0.5320886969566345,0.434,1.0,64,1.0,58,0.90625,0.8937489775370705,29.15328125,20.06613472173698,-0.7112438992742606,0.3432794001928361,2.234375,1.2838198313529043,-0.6903887615708868,0.4013308300889805,3.3537575000000026,1.8288758346966878,0.4950007625396426,0.8740856499756583,270.126484375,89.62341836208888,-0.49403273566410916,0.5950412351108597,1.0,0.9966303110122681,0.005389514844864607,1.1014961004257202,0.053759586066007614
19,1.342029683439976,0.921875,0.9268809112451845,0.6602302765442598,0.0,0.078125,0.0,59,0.0024922122139187097,0.533755362033844,0.44700000000000006,1.0,64,1.0,54,0.84375,0.8947642161546527,31.01234375,21.70425266092652,-0.6794401728082125,0.371303339601603,2.453125,1.3220449063382833,-0.6220060205211173,0.413280249080218,2.9430471875000017,1.3931278214960996,0.2987075076108261,0.6658259758533822,254.78570312500003,77.14886976239508,-0.5958855503568689,0.5122183419221286,1.0,0.9966498613357544,0.012388503178954124,1.1014962196350098,0.061421845108270645
20,1.431599378686208,0.96875,0.9134703192018694,0.6893564218046048,0.0,0.03125,0.0,62,0.003950211715162959,0.5549353957176208,0.46,1.0,64,1.0,51,0.796875,0.8925016440072855,32.31625,23.122158034826683,-0.6571337265685779,0.39556001449352324,2.34375,1.3488276159317023,-0.656197391046002,0.4216527066561629,2.8638014062500012,1.399037233070778,0.2608330937782308,0.6686502965422075,252.557765625,59.820400117963075,-0.6106776070087785,0.3971685684561622,1.0,0.9978801012039185,0.012594458647072315,1.0446385145187378,0.044637374579906464
21,1.3831629730758783,0.953125,0.9217030484168256,0.6503310363156531,0.0,0.046875,0.0,61,0.004230949647271246,0.5014199614524841,0.47300000000000003,1.0,64,1.0,52,0.8125,0.8937907268071299,28.477812500000002,23.07263933406501,-0.7227994136054697,0.3947128782547048,2.296875,1.42170328633474,-0.6708508355566669,0.4444341379613025,3.498769062500002,1.5763374303594557,0.5643070125633458,0.753388448388141,274.9471093750001,79.78989024308575,-0.4620269194786857,0.5297530010268968,1.0,0.999272882938385,0.02029259130358696,1.0648607015609741,0.04584226384758949
22,1.3427479243699638,0.921875,0.8995379451978005,0.6652361474922146,0.0,0.0625,0.0,59,0.008264944664258037,0.5164740085601807,0.48600000000000004,1.0,63,0.984375,51,0.8095238095238095,0.9001298099511109,33.59888888888889,25.11297869161347,-0.6351911095898921,0.4296177804973049,2.5396825396825395,1.4673742538310561,-0.5949475436204715,0.4587111937043563,3.075556190476192,1.3335524578125422,0.36203833401068314,0.6373527632383144,275.134507936508,84.73902620021697,-0.4607827148552116,0.5626120464246637,0.984375,1.000279188156128,0.006314839702099562,1.1014959812164307,0.044965554028749466
23,1.360663329531308,0.921875,0.9187859448335939,0.6583583336115783,0.0,0.0625,0.0,59,0.009513324786938879,0.5489241480827332,0.49900000000000005,1.0,63,0.984375,57,0.9047619047619048,0.8946403634056086,30.620952380952378,21.50602534354262,-0.6861358616526503,0.3679121855225034,2.5238095238095237,1.1664236870396083,-0.5999095565764638,0.3646319951778148,3.0253360317460336,1.5972474110521602,0.338036310881097,0.763382081481222,274.53076190476196,84.45214049534152,-0.4647911960199448,0.5607073118442992,0.984375,0.9969580769538879,0.011526049114763737,1.1014961004257202,0.0446188747882843
24,1.4301184778193738,0.953125,0.9077813361511856,0.7017655804238552,0.0,0.046875,0.0,61,0.008741229360386009,0.51096111536026,0.512,1.0,64,1.0,56,0.875,0.8897262336643257,31.58140625,21.39701657556401,-0.6697049927956601,0.36604732888686436,2.390625,1.257691182037546,-0.6415439465353372,0.3931628362141811,2.989337656250002,1.6573339440656867,0.32083139032467484,0.7920996003348858,259.71103125,74.02320092122488,-0.5631845734873459,0.4914659327662624,1.0,0.9978675842285156,0.0009675858891569078,1.0648607015609741,0.046650126576423645
25,1.4833101570503198,0.984375,0.9003862047952319,0.6904905751986139,0.0,0.015625,0.0,63,0.00877074687559975,0.5219183564186096,0.525,1.0,64,1.0,53,0.828125,0.879954084810989,29.447812500000005,21.005711758111023,-0.7062052352644689,0.35935312071520703,2.28125,1.0226917607470982,-0.6757353170602219,0.31970041530926496,3.0773945312500013,1.3935695356013043,0.3629169432960524,0.6660370869378125,261.95473437500004,64.59997971996643,-0.5482878433344279,0.42890186988187295,1.0,0.9979227781295776,0.0019249278120696545,1.023047685623169,0.04203605651855469
26,1.4171437479331677,0.984375,0.8804358376397027,0.6183659211085822,0.0,0.015625,0.0,63,0.009484694737759904,0.48752105236053467,0.538,1.0,64,1.0,47,0.734375,0.8868952720729569,41.47203125,29.266277958796255,-0.5005021111936389,0.5006699338407883,3.046875,1.6903188262499473,-0.43639572338602844,0.5284051866834313,2.8227901562500017,1.8781645676285386,0.24123233989845255,0.897642511159927,284.02090625000005,86.36799154901064,-0.4017828069652428,0.5734273173751968,1.0,0.9974747896194458,0.002156101865693927,1.0230478048324585,0.04980219900608063
27,1.3803814076731196,0.921875,0.8724226537397353,0.674832609682083,0.0,0.078125,0.0,59,0.016896558330450485,0.5376899242401123,0.551,1.0,64,1.0,48,0.75,0.8905014098477525,34.3790625,23.746720215560163,-0.621844367280902,0.40624464976376623,2.5,1.3110110602126894,-0.6073525760104523,0.40983099357215175,2.477672031250001,1.6432260991379324,0.07628795445358945,0.7853569529831714,247.923546875,81.59547771666216,-0.6414458068740534,0.5417409280666456,1.0,0.9984889030456543,0.002449779538437724,1.1014958620071411,0.0474071279168129
28,1.320846481877624,0.890625,0.8729002402539838,0.6529606946234381,0.0,0.078125,0.0,57,0.02374423229379266,0.5466799139976501,0.5640000000000001,1.0,62,0.96875,47,0.7580645161290323,0.9062866271135075,37.215161290322584,25.191381766321715,-0.5733260898383149,0.4309590532851311,2.7903225806451615,1.3694488740082167,-0.5165957583960116,0.4280990524900681,2.760644516129034,1.7413078261603698,0.21153069957506862,0.8322337438995765,267.20070967741935,102.34374375372745,-0.513457977654666,0.6794959264223709,0.96875,0.9973075985908508,0.0,1.1334556341171265,0.04529733583331108
29,1.3895517807372728,0.953125,0.870244282923761,0.6566610867657641,0.0,0.03125,0.0,61,0.020761641083036894,0.4311838746070862,0.577,1.0,63,0.984375,55,0.873015873015873,0.8949769140304341,38.20777777777777,26.20448698064649,-0.5563450021918726,0.448290649784825,2.9523809523809526,1.4738845276706822,-0.4659352067646704,0.46074634968213113,2.5932957142857154,1.4395318956618042,0.13154867812957,0.6880041546882375,271.18122222222223,84.77738258754555,-0.48702996202749504,0.5628667079016246,0.984375,0.99774169921875,0.0,1.0648607015609741,0.05300744250416756
30,1.4350577956650583,0.9375,0.90971756229798,0.6822826780430649,0.0,0.0625,0.0,60,0.01679881512006699,0.44359463453292847,0.5900000000000001,1.0,64,1.0,52,0.8125,0.8903353742923008,30.5215625,24.69203643249365,-0.6878361641369952,0.4224165527456574,2.578125,1.8858410549075975,-0.5829301684926775,0.5895267680858081,2.7114045312500012,1.4830824920182406,0.1879971368414789,0.7088185536763223,255.5360625,78.65966720643655,-0.5909036519040212,0.5222490548042545,1.0,0.9992659687995911,0.0004887585528194904,1.0837910175323486,0.053339120000600815
31,1.5274837706009525,0.984375,0.8953420335338229,0.6727744430466155,0.0,0.0,0.0,63,0.019687767189973747,0.49054181575775146,0.603,1.0,63,0.984375,54,0.8571428571428571,0.8792369251383249,35.24126984126984,24.70798280435939,-0.6070942411077558,0.4226893537133193,2.8412698412698414,1.6154644445577049,-0.5006692974566168,0.5050051967419399,2.6614849206349223,1.4076908797528254,0.1641387564838809,0.672786186054899,265.49584126984126,67.00316883082199,-0.5247771955721102,0.44485748330147173,0.984375,0.9989927411079407,0.0014388489071279764,1.0230478048324585,0.051113829016685486
32,1.4616824439177534,0.953125,0.8970722785738648,0.6630837442725853,0.0,0.046875,0.0,61,0.030645644117067015,0.47427353262901306,0.6160000000000001,1.0,64,1.0,49,0.765625,0.8996484038265957,36.22703125,26.67899124777816,-0.5902304260375038,0.456408184251164,2.5,1.4469796128487782,-0.6073525760104523,0.45233568991878315,2.4097651562500015,1.5652681169221787,0.043832812422564545,0.7480980247043422,239.159296875,64.27485629959624,-0.6996347293691851,0.42674326172837745,1.0,0.9986881017684937,0.0,1.0648607015609741,0.0558796264231205
33,1.4962590892444654,0.9375,0.9116700708866119,0.7349590083585501,0.0,0.046875,0.0,60,0.020457837728369545,0.4606154263019562,0.629,1.0,63,0.984375,53,0.8412698412698413,0.8677413209315157,26.592380952380946,21.676818699574905,-0.755054245926026,0.370834015841532,2.0952380952380953,1.2177820811947069,-0.7338839063882572,0.38068697926119816,2.859496825396827,1.2597410256557036,0.2587757795081542,0.6020756206196387,238.12412698412695,54.105346693658845,-0.7065075844964699,0.35922432898759665,0.984375,0.9976871013641357,0.0,1.0837910175323486,0.05814919248223305
34,1.5221136289033468,0.96875,0.9015575421433295,0.6791751440861177,0.0,0.015625,0.0,62,0.03705772381066564,0.5124604105949402,0.6420000000000001,1.0,63,0.984375,56,0.8888888888888888,0.8885091785464857,35.2988888888889,27.948311424196003,-0.6061085289922618,0.4781229526834405,2.507936507936508,1.562182192421218,-0.6048715695324562,0.4883488015401209,2.892081746031748,1.4804858216788817,0.2743492870105397,0.7075775113713767,257.67098412698414,66.69093119293436,-0.5767291601807408,0.4427844283668103,0.984375,0.9973654747009277,0.006470880936831236,1.0446386337280273,0.05914875492453575
35,1.5420804660236513,0.984375,0.890137084892818,0.665758494755177,0.0,0.015625,0.0,63,0.01664984471056647,0.46938830614089966,0.655,1.0,64,1.0,52,0.8125,0.8810534858395547,40.764218750000005,32.49671838262517,-0.5126109430049683,0.5559343714830512,2.671875,1.862916794807272,-0.5536232794713477,0.5823604881214738,2.7580626562500012,1.3221716156446506,0.21029673572268684,0.6319134487507664,272.352171875,83.17801878774729,-0.4792556175495092,0.5522479719929069,1.0,0.9992888569831848,0.0,1.0230478048324585,0.052419066429138184
36,1.54217080072561,0.984375,0.9189126065799168,0.6702300509936021,0.0,0.015625,0.0,63,0.029430710167315376,0.3747020363807678,0.6679999999999999,1.0,64,1.0,51,0.796875,0.8824166513005284,34.4484375,27.0566300919681,-0.6206575413815134,0.46286860314701683,2.671875,1.571769380149327,-0.5536232794713477,0.49134582177238056,3.0543851562500017,1.5364612994170177,0.35191993402902155,0.7343302088006973,273.22046875,74.78767970602865,-0.4734906907660263,0.4965415749213948,1.0,0.9971861243247986,0.010081613436341286,1.023047685623169,0.05869007110595703
37,1.5323955866213308,0.9375,0.924535283446312,0.6821628215422151,0.0,0.0625,0.0,60,0.03401149788279405,0.5320560932159424,0.681,1.0,64,1.0,54,0.84375,0.8835410309506567,33.54140625000001,28.045215159362943,-0.6361744881066276,0.47978072367650165,2.375,1.375,-0.6464284280388921,0.4298343723128373,2.5470528125000014,1.516228010063615,0.10944752938163989,0.7246599908777033,244.177546875,70.81696808938383,-0.6663168116567517,0.47017863108575975,1.0,0.9977487921714783,0.005693581886589527,1.083790898323059,0.05410855636000633
38,1.5316715210778924,0.953125,0.9065035464333706,0.6947123410364906,0.0,0.046875,0.0,61,0.033287699452242255,0.44560757279396057,0.6940000000000001,1.0,64,1.0,49,0.765625,0.880263819366072,32.292500000000004,23.368536806997565,-0.6575400273269271,0.39977491478717314,2.625,1.2686114456365274,-0.5682767239820126,0.39657658505022386,2.8900414062500017,1.5933951217730695,0.2733741351218962,0.7615409336490256,256.27079687500003,82.73566489375591,-0.5860254932935999,0.5493110297043045,1.0,0.999369740486145,0.02981303632259369,1.0648607015609741,0.04684312269091606
39,1.4249120184175676,0.9375,0.8876354460914929,0.6235783277040076,0.0,0.0625,0.0,60,0.02700595006451383,0.49947425723075867,0.7070000000000001,1.0,64,1.0,55,0.859375,0.8974122598696711,44.030156250000005,30.267687622910444,-0.45673924266933724,0.5178014498806981,2.953125,1.5353103055652952,-0.4657026124073583,0.47994846654406476,2.6723646875000013,1.5552111759359746,0.16933858903206667,0.7432914502874677,273.61796875000005,86.92703525154893,-0.4708515491746959,0.5771390041342911,1.0,0.9995288848876953,0.0039840638637542725,1.083790898323059,0.05211721360683441
40,1.5069448075025969,0.953125,0.9045451293226148,0.6706064646257619,0.0,0.046875,0.0,61,0.03035191417188532,0.43490952253341675,0.72,1.0,64,1.0,50,0.78125,0.8899086691282319,44.16734375,35.57122965096703,-0.4543923211836094,0.6085312666359185,3.0,1.7940875118009154,-0.45104916789669336,0.5608439850976338,2.4991610937500015,1.6697361339193675,0.08655835160485133,0.7980270536773779,274.49525000000006,78.68562310450213,-0.4650269719818177,0.5224213850938777,1.0,0.9986789226531982,0.006297795567661524,1.0648607015609741,0.04582348093390465
41,1.550552157391944,0.96875,0.8774619722558606,0.6733575865898789,0.0,0.03125,0.0,62,0.03276799573500997,0.5094295740127563,0.7330000000000001,1.0,64,1.0,55,0.859375,0.8948164609084311,35.46359375,26.78071013850195,-0.6032908569933881,0.45814833003809113,2.9375,1.4456291882775472,-0.47058709391091325,0.4519135379930152,2.801090781250002,1.549319628852559,0.23086142682655117,0.7404756676826177,272.019875,68.54898036953674,-0.4814618527783935,0.45512066701010084,1.0,0.9987526535987854,0.004699247889220715,1.0446385145187378,0.050092119723558426
42,1.4522169936886804,0.921875,0.8781938442991952,0.6206289756397732,0.0,0.078125,0.0,59,0.03214686236741163,0.5109657049179077,0.746,1.0,64,1.0,47,0.734375,0.906343525612119,43.735625,34.32610358181329,-0.46177790667912894,0.5872303964827573,3.125,1.8666480653835098,-0.4119733158682536,0.5835269087367949,2.6461137500000014,1.9388555946014112,0.15679232026310824,0.9266489394547551,272.4027500000001,108.54664963464447,-0.4789198116795741,0.7206791890574255,1.0,0.9969831705093384,0.013489208184182644,1.1014959812164307,0.05152881518006325
43,1.5308096918619931,0.953125,0.8718064016983157,0.6702185705179496,0.0,0.03125,0.0,61,0.0386157389320968,0.5431854128837585,0.7590000000000001,1.0,63,0.984375,51,0.8095238095238095,0.885736854205757,35.55650793650793,32.431367148288395,-0.6017013368064587,0.5548163817537842,2.761904761904762,1.6007367918068203,-0.5254793622365787,0.5004012321049814,3.0553447619047636,1.283466557140451,0.3523785641429691,0.6134149068715689,277.27657142857146,74.9904529599188,-0.44656080579062163,0.4978878575074346,0.984375,0.9986521601676941,0.006557377055287361,1.0648607015609741,0.048507995903491974
44,1.5150393612156754,0.96875,0.8924562897413008,0.6690250205909922,0.0,0.03125,0.0,62,0.02097053922300906,0.48031851649284363,0.772,1.0,64,1.0,55,0.859375,0.888528084388673,34.82484375,24.603975923122384,-0.6142182089679389,0.420910066356682,2.609375,1.567414147369801,-0.5731612054855676,0.4899843463192432,3.391991250000002,1.3648197766205956,0.5132740491049379,0.6522965413586405,286.409921875,83.23279791875636,-0.3859212962777589,0.5526116698117319,1.0,0.9988712668418884,0.0031277926173061132,1.0446385145187378,0.055090706795454025
45,1.5512789350667826,0.9375,0.9060472200314204,0.6794481259464099,0.0,0.046875,0.0,60,0.02716540428710739,0.4688049256801605,0.7850000000000001,1.0,63,0.984375,51,0.8095238095238095,0.8887903243312467,31.642698412698415,27.12464007259405,-0.6686564432299662,0.46403207711348593,2.4285714285714284,1.411003084764672,-0.629681634312418,0.4410891820154908,3.29108031746032,1.5750914413646664,0.46504507894457364,0.7527929453585143,271.18396825396826,70.86609073075302,-0.4870117301618546,0.4705047734905733,0.984375,0.998748779296875,0.008370260708034039,1.0837910175323486,0.052002742886543274
46,1.4784072658768224,0.9375,0.8770915937920412,0.6481468725839226,0.0,0.03125,0.0,60,0.023242399261871154,0.44504398107528687,0.798,1.0,62,0.96875,55,0.8870967741935484,0.8970013299514106,32.96483870967742,23.683849999111988,-0.6460380598486328,0.4051691038007989,2.403225806451613,1.3008641968664005,-0.6376048485485992,0.4066590149267727,3.397591129032261,1.5332707646654469,0.5159504330402689,0.7328053372981116,275.53012903225806,83.78960298010729,-0.4581560479666541,0.5563084934486485,0.96875,0.9974780678749084,0.0009242144296877086,1.0837910175323486,0.055184513330459595
47,1.4915251544438575,0.921875,0.895163530010288,0.6708143776121429,0.0,0.078125,0.0,59,0.024560336990536454,0.45154350996017456,0.8109999999999999,1.0,64,1.0,52,0.8125,0.8954502984875703,30.13609375,24.104677166552364,-0.6944305323662556,0.41236836263300897,2.421875,1.3555982016714982,-0.6317749835282273,0.423769237908276,2.8979373437500016,1.490236490442922,0.27714788811863755,0.7122377072592659,246.14403125,78.84182984145555,-0.6532606337881647,0.523458496279638,1.0,0.9986226558685303,0.0015839493134990335,1.1014959812164307,0.044079821556806564
48,1.6451441677188434,0.984375,0.9039503629245456,0.7010259529264593,0.0,0.015625,0.0,63,0.026030504398491854,0.4240098297595978,0.8240000000000001,1.0,64,1.0,56,0.875,0.8826424873111811,33.408437500000005,26.688393323382993,-0.6384492377471224,0.4565690293226714,2.65625,1.3831434985206705,-0.5585077609749026,0.43238008545833756,3.3905034375000023,1.783648684674568,0.5125629699100401,0.8524699655898522,290.78673437500004,77.0711624959448,-0.3568621065766179,0.5117024161892041,1.0,0.9991523623466492,0.005298013333231211,1.023047685623169,0.04100392758846283
49,1.5532623449266922,0.953125,0.9154121753622274,0.6821862059917506,0.0,0.03125,0.0,61,0.024502162922606957,0.4295293092727661,0.837,1.0,63,0.984375,60,0.9523809523809523,0.8944688066676517,32.47396825396826,24.15146743970345,-0.6544355772551959,0.41316882256836285,2.5714285714285716,1.1507662831994832,-0.5850235177084867,0.3597373840129648,3.1313904761904787,1.463741529017203,0.38872355068510706,0.6995748106648012,269.182380952381,78.54975842595265,-0.5003009686431054,0.5215193319518584,0.984375,1.0001745223999023,0.007925407961010933,1.0648608207702637,0.04974561557173729
50,1.5343727323118623,0.9375,0.9112509494026502,0.678275368352189,0.0,0.03125,0.0,60,0.019790370332627392,0.44750574231147766,0.8500000000000001,1.0,62,0.96875,50,0.8064516129032258,0.8838369824625738,32.81548387096774,21.26618212527166,-0.6485931328688801,0.36380909156593855,2.629032258064516,1.247369761353891,-0.5670162126262566,0.3899362897553188,3.3907964516129048,1.5365389990558886,0.5127030119109619,0.7343673442573844,285.4124516129032,81.09032313587068,-0.3925438503779213,0.5383870300434563,0.96875,0.9992226362228394,0.006317689549177885,1.0837911367416382,0.04622253030538559
51,1.5563393993400991,0.9375,0.8948547780513764,0.6898056190790349,0.0,0.046875,0.0,60,0.018323019840524927,0.4630011320114136,0.863,1.0,63,0.984375,51,0.8095238095238095,0.8849991481870486,32.098571428571425,20.487198159713646,-0.6608576410379594,0.3504827009997018,2.6825396825396823,1.2826732603705984,-0.5502894270165404,0.400972404184623,2.8623271428571444,1.3200898353706776,0.26012849018976775,0.6309184909579189,259.4269523809524,69.8125191370973,-0.5650706725024944,0.4635097430194771,0.984375,0.9977373480796814,0.0,1.0837910175323486,0.05237389728426933
52,1.4448340241468658,0.890625,0.8705069715516609,0.7004621835771033,0.0,0.109375,0.0,57,0.010120532390045782,0.3658114969730377,0.8760000000000001,1.0,64,1.0,48,0.75,0.8931937091620413,30.541875,23.14358536094559,-0.6874886700673544,0.3959265803399025,2.34375,1.3831434985206705,-0.656197391046002,0.43238008545833756,2.9406510937500014,1.3394541465032481,0.29756232808407107,0.6401733928826582,248.59120312500002,92.10484656937508,-0.637013003407169,0.611516305268718,1.0,0.9977677464485168,0.0031380753498524427,1.1334558725357056,0.05061463639140129
53,1.6430252476966825,0.984375,0.9013346859386989,0.6882595071834456,0.0,0.015625,0.0,63,0.022583893420030823,0.41753536462783813,0.889,1.0,64,1.0,55,0.859375,0.8863112932345641,32.11562500000001,24.435198796702576,-0.6605658987641069,0.4180227284848346,2.421875,1.3205667284825102,-0.6317749835282273,0.41281816060690674,2.8789970312500017,1.4655121884064126,0.2680956304157246,0.7004210725781255,263.61034374999997,78.13754795595611,-0.5372956733707591,0.5187825224028029,1.0,0.9990016222000122,0.005378973204642534,1.0230478048324585,0.05193822830915451
54,1.6359152743276706,0.96875,0.8885900774790395,0.7086577553286959,0.0,0.03125,0.0,62,0.020195919035961518,0.36329883337020874,0.9020000000000001,1.0,64,1.0,51,0.796875,0.8833095551639474,31.48703125,22.426526054519087,-0.6713195037038374,0.3836595597090616,2.453125,1.3454749103476438,-0.6220060205211173,0.42060462803778215,3.100819062500002,1.1649474926454837,0.3741123706917169,0.5567703760848348,269.753765625,76.92511055255757,-0.4965073458653508,0.5107327262312472,1.0,0.9984456896781921,0.0009945300407707691,1.0446385145187378,0.06238306686282158
55,1.6464306934722714,0.984375,0.9217692027016292,0.6510443570899248,0.0,0.015625,0.0,63,0.0219163408176107,0.41605594754219055,0.915,1.0,64,1.0,55,0.859375,0.8796252324047547,35.34015625000001,32.51693734099333,-0.6054025517242821,0.5562802652985466,2.484375,1.5410242890282424,-0.6122370575140074,0.4817346967223934,3.281220781250002,1.382380057154944,0.4603328513819608,0.6606892320670101,284.37271875000005,85.62212826798724,-0.39944700067316785,0.5684752700635117,1.0,0.9976469278335571,0.006554306950420141,1.0230478048324585,0.059963326901197433
56,1.658328903588397,0.984375,0.9221989625976199,0.663402200799633,0.0,0.015625,0.0,63,0.023735817673814913,0.41796982288360596,0.9280000000000002,1.0,64,1.0,56,0.875,0.8870700513423578,31.690625000000004,24.80708800392289,-0.6678365439135145,0.424384786039172,2.640625,1.4292391715087436,-0.5633922424784576,0.4467899070330039,3.038679843750002,1.5894096441038392,0.34441379937286004,0.7596361302868277,266.78756250000004,74.28411957496266,-0.5162010063320698,0.4931982630078554,1.0,0.9982461333274841,0.003960396163165569,1.0230478048324585,0.0635966882109642
57,1.7220507524708433,0.984375,0.8943290045810124,0.7260223361959149,0.0,0.015625,0.0,63,0.022210844507090825,0.47501304745674133,0.9410000000000001,1.0,64,1.0,56,0.875,0.8837952171283682,33.781875,24.5308349885277,-0.6320606929283415,0.41965881510648445,2.375,1.0825317547305484,-0.6464284280388921,0.33840680531150513,2.693214687500001,1.230326187548918,0.17930355519119076,0.5880172097654308,247.471875,62.16148622778318,-0.6444446144990761,0.41271185832109664,1.0,0.9964257478713989,0.018027571961283684,1.0230478048324585,0.06108033284544945
58,1.7009192040468302,0.96875,0.9113483390500469,0.7108807999534451,0.0,0.03125,0.0,62,0.017826089324687405,0.38250216841697693,0.954,1.0,64,0.984375,52,0.8125,0.8746416279126983,26.9221875,17.803353306746565,-0.7494121132773454,0.3045690926185547,2.34375,1.0340870067358936,-0.656197391046002,0.32326264687795164,3.113708125000002,1.2572039163157316,0.3802725180123564,0.6008630446620934,259.3881875,68.16125297109677,-0.5653280461115622,0.4525464091401106,1.0,0.9969135522842407,0.0060759494081139565,1.0446385145187378,0.05566571652889252
59,1.7170719975248985,0.984375,0.9263073239061568,0.6650048116181563,0.0,0.015625,0.0,63,0.024148946241712172,0.37695738673210144,0.9670000000000001,1.0,64,1.0,49,0.765625,0.8766992014552331,32.675625,20.134509079174865,-0.6509857545672407,0.3444491076993058,2.625,1.165922381636102,-0.5682767239820126,0.36447528369166704,3.379636406250002,1.2984189932644632,0.5073692241711243,0.6205612147839068,280.679515625,75.95630308810628,-0.42396746852830713,0.5043004744742046,1.0,0.9994920492172241,0.0014319808688014746,1.0230478048324585,0.06329487264156342
60,1.7358754019942233,0.96875,0.8963838238869944,0.6916178594420536,0.0,0.03125,0.0,62,0.039981349330415444,0.5368592143058777,0.98,1.0,64,1.0,55,0.859375,0.886963740914291,31.510625,23.55380488603434,-0.670915875976793,0.40294436998761735,2.40625,1.1418016191528193,-0.6366594650317822,0.3569349689267879,3.248004218750002,1.575337249457246,0.4444574594762087,0.752910425901641,268.92576562500005,76.98755638550104,-0.5020047275952155,0.511147325966911,1.0,0.9988402128219604,0.009469697251915932,1.0446386337280273,0.0488574355840683
61,1.7390827184615638,0.96875,0.9112558461004688,0.6780605606324274,0.0,0.03125,0.0,62,0.043996726033010365,0.5076576471328735,0.9930000000000001,1.0,64,1.0,55,0.859375,0.8909427229818704,28.72671875,20.624515149959244,-0.7185412747367174,0.35283183772690274,2.296875,1.1412669426453217,-0.6708508355566669,0.35676782540606744,3.327900937500002,1.4909537982809864,0.4826429797912597,0.7125805345173949,273.78567187500005,74.07548108624046,-0.4697381094459323,0.49181303907543017,1.0,1.000925898551941,0.004281636327505112,1.0446385145187378,0.05326530337333679
62,1.7460197491940268,0.984375,0.9091970797569032,0.6757920946193218,0.0,0.015625,0.0,63,0.02014545358847302,0.38965877890586853,1.006,1.0,64,1.0,50,0.78125,0.8844432142332358,34.09140625,24.355603556162613,-0.6267654179132768,0.4166610608388398,2.703125,1.2951796147156578,-0.5438543164642378,0.4048819757990452,2.9629220312500015,1.5197307070766901,0.3082064114662999,0.7263340559712745,272.740640625,78.55956109824561,-0.4766764375871015,0.5215844153233165,1.0,0.9995959997177124,0.009496675804257393,1.0230478048324585,0.0563778281211853
63,1.7140261728771926,0.984375,0.8912817168803442,0.6701916264762857,0.0,0.015625,0.0,63,0.03190541550039937,0.4096846580505371,1.0190000000000001,1.0,64,1.0,54,0.84375,0.8875052785648022,40.008281249999996,28.114979134500498,-0.5255430684582162,0.4809742039292952,2.875,1.5155444566227676,-0.4901250199251331,0.4737695274361072,2.9410517187500016,1.3988116779303204,0.29775380120481454,0.668542495614549,283.85823437500005,79.78632460178063,-0.4028628424647451,0.5297293274865997,1.0,0.9999004602432251,0.0149462865665555,1.0230478048324585,0.053594883531332016
64,1.6959312569152312,0.9375,0.9178111304839452,0.6696696932418483,0.0,0.0625,0.0,60,0.030111889060922815,0.37850379943847656,1.032,1.0,64,1.0,45,0.703125,0.8866078560230637,31.947812500000005,24.201965988630835,-0.663436734385601,0.41403272146203585,2.453125,1.4462201541864226,-0.6220060205211173,0.45209827796428775,3.378552812500002,1.523663775125469,0.506851335679566,0.7282138108877068,276.70273437500003,83.2739940648194,-0.4503707107836447,0.5528851854406062,1.0,0.9976796507835388,0.018814675509929657,1.083790898323059,0.05439325422048569
65,1.7884816037350175,0.96875,0.9364754672973387,0.7061471881109461,0.0,0.03125,0.0,62,0.026553765397733298,0.3904913365840912,1.0450000000000002,1.0,64,1.0,49,0.765625,0.8839467670348113,32.85453125,22.354064292769525,-0.6479251337230967,0.38241992734063346,2.609375,1.1540308095432288,-0.5731612054855676,0.36075789719977397,3.175236406250002,1.610586467935835,0.4096791002898301,0.7697572973296849,277.83271875,79.60724454165373,-0.44286834911920286,0.528540352304565,1.0,0.9970877170562744,0.021961933001875877,1.0446385145187378,0.061571985483169556
66,1.6477424937246854,0.921875,0.8939952239141626,0.6767717374558155,0.0,0.0625,0.0,59,0.027502059300400852,0.45703384280204773,1.058,1.0,63,0.984375,50,0.7936507936507936,0.8891771939612233,35.2920634920635,25.041059625554425,-0.606225293788312,0.4283874322413234,2.6984126984126986,1.2425641771924398,-0.545327414060548,0.38843403139049415,2.7653852380952397,1.5693747627596324,0.2137964613958388,0.7500607386994373,262.40412698412695,80.95662545324831,-0.5453041685530866,0.5374993643456623,0.984375,0.9979707598686218,0.009214354678988457,1.1014961004257202,0.06680966913700104
67,1.778122829100263,0.96875,0.9180172412626205,0.6566867586851034,0.0,0.015625,0.0,62,0.031124941576110638,0.3925865888595581,1.0710000000000002,1.0,63,0.984375,44,0.6984126984126984,0.8885851366605515,37.10984126984126,29.426004614861537,-0.5751278415937221,0.5034024416929109,2.6825396825396823,1.4234476013616104,-0.5502894270165404,0.4449794227283503,2.4576404761904773,1.473460869730432,0.06671415261748465,0.7042200337485579,257.2501904761905,66.1406938707915,-0.5795229564704948,0.4391312102486485,0.984375,0.9972624778747559,0.004545454401522875,1.0446385145187378,0.06921068578958511
68,1.769711730260993,0.96875,0.886807517178597,0.6606610135586873,0.0,0.03125,0.0,62,0.04460792343240183,0.49552759528160095,1.084,1.0,64,1.0,55,0.859375,0.8906870832048058,37.859843749999996,28.470446655928775,-0.5622972489009933,0.4870553291303409,2.9375,1.87812240016459,-0.47058709391091325,0.587113864001037,2.6922067187500014,1.6746697625670637,0.1788218106116607,0.800385012551046,270.98106250000006,92.32349649176452,-0.48835889246227643,0.6129679986124138,1.0,1.0001425743103027,0.006730769295245409,1.0446385145187378,0.06609062850475311
69,1.8193966049168564,0.984375,0.9228436142679245,0.6713574445055291,0.0,0.015625,0.0,63,0.03566440280479344,0.43559953570365906,1.097,1.0,64,1.0,55,0.859375,0.88854648680619,31.69140625,25.285322129843646,-0.6678231787569899,0.43256612869307065,2.609375,1.3418409404154428,-0.5731612054855676,0.41946862426701026,3.183528437500002,1.528981196910851,0.41364216075969334,0.7307551983287199,275.13209375,70.55239752940695,-0.46079874348419875,0.4684220545607874,1.0,0.9991477131843567,0.004379562102258205,1.0230478048324585,0.06736252456903458
70,1.709257932430401,0.9375,0.8632966160774231,0.674634807521617,0.0,0.0625,0.0,60,0.042713876944277245,0.43989595770835876,1.1099999999999999,1.0,64,1.0,52,0.8125,0.8923203613204664,40.20328125,24.40775069359933,-0.5222071253896643,0.41755316279615684,2.921875,1.4716560346680878,-0.4754715754144682,0.4600497075796048,2.8586862500000016,1.6357496166642351,0.2583883763235604,0.7817836726551294,272.483875,82.61453615483254,-0.4783811944176962,0.5485068136217937,1.0,1.001268982887268,0.0004764173354487866,1.0837911367416382,0.052525948733091354
71,1.7396238620794342,0.9375,0.9097728525598844,0.6598068756768711,0.0,0.0625,0.0,60,0.03344539165610065,0.41736119985580444,1.123,1.0,64,1.0,46,0.71875,0.8894694323992769,39.339375000000004,24.977489044825443,-0.5369863154746181,0.4272999048662124,2.984375,1.2929156427915165,-0.45593364940024833,0.4041742427438109,2.283567343750001,1.4093728058799364,-0.016481668676620254,0.6735900391454893,264.84796875000006,72.73187721671826,-0.5290786479318405,0.4828923828381268,1.0,0.9979032278060913,0.005442850291728973,1.0837910175323486,0.05909101665019989
72,1.6558724132928337,0.890625,0.8993521144515589,0.6570309768013589,0.0,0.078125,0.0,57,0.04696636887054669,0.3648211359977722,1.136,1.0,62,0.96875,50,0.8064516129032258,0.8966104797254058,41.964999999999996,29.170370724860636,-0.4920686974265872,0.49902921039324216,2.903225806451613,1.6530487710088977,-0.48130144043484024,0.516754313373903,2.476188387096775,1.7760241719749592,0.07557886746178717,0.8488259362837892,271.19382258064513,96.53341926395808,-0.4869463038388672,0.6409191490133792,0.96875,0.9995609521865845,0.008426966145634651,1.1334558725357056,0.06269727647304535
73,1.8346372220690923,0.96875,0.8994061120094792,0.6629028566974848,0.0,0.03125,0.0,62,0.04950386213453395,0.413899689912796,1.149,1.0,64,1.0,51,0.796875,0.8817384716197281,46.44171875000001,36.84423969372144,-0.4154836775090592,0.6303091590888584,3.09375,1.9342210156804729,-0.42174227887536353,0.6046506735922288,2.8436135937500016,1.4920024893268111,0.25118461088186433,0.7130817417491944,292.311796875,85.72196816966246,-0.3467366829964221,0.5691381421062423,1.0,0.9985821843147278,0.012211669236421585,1.0446385145187378,0.05738762021064758
74,1.903102838540466,0.96875,0.9191197108837866,0.6877750865185495,0.0,0.015625,0.0,62,0.06336861574106147,0.45105141401290894,1.162,1.0,63,0.984375,55,0.873015873015873,0.8819336153204949,38.20952380952381,25.59252497691226,-0.5563151321277665,0.4378215707870085,2.492063492063492,1.4239785074289397,-0.6098335824884485,0.445145387583774,2.5711774603174615,1.2705578227429224,0.12097756770786432,0.6072453576423844,255.0837777777778,64.40022346245482,-0.5939065284361967,0.42757561819048345,0.984375,0.9999558925628662,0.0,1.0446386337280273,0.05741794779896736
75,1.8387758275741326,0.953125,0.9169775315972625,0.6753641466294477,0.0,0.03125,0.0,61,0.05007370173971817,0.4509994089603424,1.175,1.0,63,0.984375,53,0.8412698412698413,0.8770772461297713,34.83365079365079,28.458237700548363,-0.6140675433462912,0.486846465642774,2.6666666666666665,1.3801311186847085,-0.5552514399725328,0.4314383949885495,2.967105714285716,1.5056214771292113,0.3102059443138489,0.719590746668736,270.46796825396825,72.76754897704046,-0.4917655047012065,0.48312922013700044,0.984375,0.9980162382125854,0.0,1.0648607015609741,0.05946033447980881
76,1.7954826695524932,0.9375,0.9077016701300938,0.6680528271216493,0.0,0.0625,0.0,60,0.037693098606336545,0.40317514538764954,1.1880000000000002,1.0,64,1.0,52,0.8125,0.8911502866259515,39.08859375,28.078612071022327,-0.5412765307190296,0.480352058014764,2.703125,1.475632147377862,-0.5438543164642378,0.46129266751476905,2.5848610937500016,1.6000798392239663,0.12751746910302605,0.7647358009478982,255.39245312500003,76.63672750159716,-0.591857124795763,0.5088180502462806,1.0,0.997764527797699,0.0014130946947261691,1.0837910175323486,0.06179708242416382
77,1.947894886048495,0.984375,0.9126652829230778,0.7052564491303018,0.0,0.015625,0.0,63,0.04083129955157365,0.4406684339046478,1.201,1.0,64,1.0,52,0.8125,0.8812765009381679,31.914531250000003,21.77841476738547,-0.6640060900535509,0.3725720604477103,2.328125,1.0760850265545934,-0.661081872549557,0.3363915141413356,2.9006851562500016,1.4451598027748456,0.2784611667073243,0.690693934253137,251.82865625,65.04484063806937,-0.6155184192759261,0.4318554571807982,1.0,0.9987990260124207,0.0,1.023047685623169,0.05139496922492981
78,1.893583180605103,0.984375,0.9074968718110569,0.6887983819006798,0.0,0.015625,0.0,63,0.023849464948852532,0.3749748766422272,1.214,1.0,64,1.0,57,0.890625,0.8807563856955472,35.89828125,22.012013378684795,-0.595854483903075,0.3765683254127733,2.515625,1.1038595288237538,-0.6024680945068974,0.3450740128680018,3.342998437500002,1.4677333428541062,0.48985861895612187,0.701482642309802,279.010890625,73.201727056154,-0.4350460537807178,0.48601188032978626,1.0,0.9997367858886719,0.004683840554207563,1.023047924041748,0.05446614697575569
79,1.9111426260282176,1.0,0.9021116765215993,0.6792044600382121,0.0,0.0,0.0,64,0.039018597716978395,0.39381909370422363,1.227,1.0,64,1.0,57,0.890625,0.8830972287278912,35.43765625,28.919084082908572,-0.6037345801900063,0.4947303492063723,2.546875,1.9033661587763402,-0.5926991314997875,0.5950052350102722,3.1875795312500017,1.2779987806435287,0.4155783244108294,0.6108016594971091,277.378390625,77.31974355893387,-0.44588479251743823,0.5133528328487047,1.0,0.9980106949806213,0.011649580672383308,0.9999998807907104,0.05456919223070145
80,1.8156524770320197,0.953125,0.8995259628921258,0.678644385905572,0.0,0.046875,0.0,61,0.031575470700153825,0.4315391778945923,1.24,1.0,64,1.0,56,0.875,0.8961094590418952,35.93234375,23.07943705594519,-0.5952717630786003,0.3948291696043875,2.609375,1.2452056494310488,-0.5731612054855676,0.3892597736171591,3.009151718750002,1.5495537641573587,0.3303012446310188,0.7405875693799311,270.182734375,78.47949311389458,-0.4936592722313739,0.5210528159581975,1.0,0.9999532699584961,0.004786979407072067,1.0648607015609741,0.058287810534238815
81,1.8557103319643247,0.953125,0.9231252865713151,0.6709303155045183,0.0,0.03125,0.0,61,0.02510910688928828,0.38652485609054565,1.2530000000000001,1.0,63,0.984375,53,0.8412698412698413,0.8926113678778584,32.45460317460317,25.09154640577192,-0.654766863420734,0.42925112980296465,2.3968253968253967,1.3515386004703493,-0.6396056602244027,0.4225001789016314,3.3152496825396844,1.6312858814064732,0.4765964892612828,0.7796502927612738,279.84307936507935,75.31862053341924,-0.4295208615397618,0.5000666768587575,0.984375,0.9997076392173767,0.00869167409837246,1.0648607015609741,0.05364597588777542
82,1.8799130106677073,0.96875,0.904803991317749,0.6579499402285619,0.0,0.03125,0.0,62,0.022470457377493848,0.38650035858154297,1.266,1.0,64,1.0,54,0.84375,0.8932508539564702,36.532500000000006,25.503725646952052,-0.585004649836367,0.43630244509843014,2.625,1.352081728298996,-0.5682767239820126,0.42266996436294924,3.480555156250002,1.5943785587572925,0.5556019305774126,0.7620109536138895,291.358671875,89.91728513265244,-0.3530648133844384,0.596992319429109,1.0,0.9992098808288574,0.0031616983469575644,1.0446385145187378,0.06247510015964508
83,1.8521105928393493,0.953125,0.9103045883725901,0.6681589176044284,0.0,0.03125,0.0,61,0.03431258043339085,0.4481053650379181,1.279,0.984375,63,0.96875,55,0.873015873015873,0.8920991048801243,34.185873015873014,23.509240306598567,-0.6251493371295712,0.40218198588571125,2.6031746031746033,1.374826771652856,-0.5750994917965021,0.4297802199507562,3.390176507936511,1.53980812094478,0.5124067184934162,0.7359297753841401,291.3868253968255,84.68704097159778,-0.35287789230169125,0.5622668983014342,0.984375,0.998947262763977,0.0030837005469948053,1.0648608207702637,0.05745111405849457
84,1.9844802945495044,0.984375,0.922583839723042,0.6950093668402889,0.0,0.015625,0.0,63,0.024090962244002853,0.37443530559539795,1.292,1.0,64,1.0,44,0.6875,0.8879205287165378,26.25046875,19.138933929761436,-0.7609034748572362,0.32741740503823885,2.078125,1.1633019747146482,-0.7392335766064365,0.36365612662673086,3.5189081250000016,1.579182501603753,0.5739321960784051,0.7547482104346503,266.96109375000003,78.55529208138186,-0.5150488716420811,0.5215560718265637,1.0,0.9960976243019104,0.004488777834922075,1.0230478048324585,0.03944949060678482
85,1.834354414594197,0.9375,0.909753292798996,0.6392917175539374,0.0,0.0625,0.0,60,0.03252093633538287,0.4401857554912567,1.305,1.0,64,1.0,45,0.703125,0.9060189120128842,38.0778125,28.03251161981109,-0.5585683702306169,0.47956339913950635,2.78125,1.4193831186469705,-0.519431908946463,0.4437088377273149,2.716906562500002,1.671112515608259,0.1906267557965245,0.7986848760731498,266.89221875000004,88.26347840511899,-0.515506156867497,0.5860121178727441,1.0,0.999651312828064,0.007834101095795631,1.0837910175323486,0.045417409390211105
86,1.8740898598265279,0.96875,0.8850267990342071,0.6754137571018588,0.0,0.03125,0.0,62,0.012205647518041013,0.32864728569984436,1.318,1.0,64,1.0,50,0.78125,0.8922679009307926,42.78578125,32.938271755886774,-0.4780272639817938,0.5634882018160137,3.078125,1.9064421009763186,-0.4266267603789185,0.5959667955083073,3.0310959375000017,1.4344048944343606,0.34078917735198605,0.6855537760921098,302.45221875000004,94.26741970029815,-0.27941087387957647,0.6258743850023332,1.0,0.9991980195045471,0.003816793905571103,1.044638752937317,0.0487433597445488
87,1.935308486272707,0.96875,0.9115845974414579,0.6881820152669146,0.0,0.03125,0.0,62,0.028599887884163202,0.41399890184402466,1.331,1.0,64,1.0,53,0.828125,0.8922827828716267,36.40046875,23.734741969163547,-0.5872633612890323,0.40603973310714986,2.671875,1.2254423627306998,-0.5536232794713477,0.3830816354835713,2.763113906250002,1.3702905228119264,0.21271091007814402,0.6549112080570466,269.75842187500007,76.71503764170949,-0.4964764313923074,0.5093379786684021,1.0,1.0000662803649902,0.007253384683281183,1.0446385145187378,0.0520959310233593
88,1.8845492960135934,0.921875,0.9214984956434218,0.700131239290167,0.0,0.078125,0.0,59,0.025494103366328506,0.342134028673172,1.344,1.0,64,1.0,53,0.828125,0.8868232755103344,30.887812500000003,23.65419442646153,-0.681570578758241,0.4046617740468131,2.3125,1.2103072956898178,-0.665966354053112,0.37835031036253114,2.903290312500002,1.6183720724166097,0.2797062647346857,0.7734783182015912,260.69853125,75.86260221280989,-0.5566282154459915,0.5036783615757424,1.0,0.9992994070053101,0.005022601690143347,1.1014959812164307,0.05425586923956871
89,1.890292201022112,0.921875,0.9185130000114441,0.7058195069709309,0.0,0.078125,0.0,59,0.01859563067378977,0.37985339760780334,1.357,1.0,64,1.0,48,0.75,0.878395273649247,33.642812500000005,28.093400607880202,-0.6344396907897285,0.4806050514354053,2.46875,1.5709148409446008,-0.6171215390175623,0.4910786869922495,2.722780937500002,1.778067620021206,0.19343433124405465,0.8498025737240184,262.67006250000003,78.31623664127605,-0.5435385296083005,0.5199688991105461,1.0,0.998136043548584,0.015430562198162079,1.1014962196350098,0.06428670138120651
90,1.9695514145955841,0.953125,0.9282467462977425,0.6955078454529682,0.0,0.046875,0.0,61,0.018296276933835485,0.38426533341407776,1.37,1.0,64,1.0,49,0.765625,0.8854724376504526,28.89,19.011080814882675,-0.7157479570230664,0.32523017061581555,2.171875,1.0086297558445319,-0.7099266875851067,0.31530453672689795,3.256212812500002,1.4320201900718246,0.4483806421588345,0.6844140399639473,260.209875,72.8809317912829,-0.5598725752780375,0.483882008315137,1.0,0.999110758304596,0.008428359404206276,1.0648607015609741,0.06266965717077255
91,1.988273789815731,0.96875,0.9281252545695151,0.6569676578689047,0.0,0.03125,0.0,62,0.020889595709778858,0.35645824670791626,1.383,1.0,64,1.0,53,0.828125,0.8867382545845739,30.9678125,23.548358519541097,-0.6802019867301172,0.4028511968155562,2.390625,1.3418409404154428,-0.6415439465353372,0.41946862426701026,3.5523432812500024,1.440613019692112,0.5899120618125195,0.6885208628117788,278.72681250000005,72.08643312824091,-0.43693214785587364,0.4786070536839665,1.0,0.9990455508232117,0.006496519781649113,1.0446385145187378,0.06626613438129425
92,2.044785012424626,0.984375,0.912835713416811,0.6996534183850348,0.0,0.015625,0.0,63,0.024891073175292194,0.3902728259563446,1.3960000000000001,0.984375,64,0.984375,56,0.875,0.8762865925745389,25.56640625,19.396109417160467,-0.7726060059102163,0.33181700906177836,2.078125,1.1766569102227717,-0.7392335766064365,0.36783097049684915,3.3497400000000024,1.2868132799259393,0.49308065455190714,0.6150144262625213,263.467421875,60.09616146976569,-0.538244581709434,0.39899944456389475,1.0,1.0003267526626587,0.005416051018983126,1.0230478048324585,0.056882694363594055
93,2.016840606811266,0.96875,0.9214572829584922,0.6691484853945135,0.0,0.015625,0.0,62,0.02136626858068126,0.3724430799484253,1.409,1.0,63,0.984375,53,0.8412698412698413,0.8808570059477371,27.831746031746025,25.068122269013895,-0.7338519313316006,0.4288504037175558,2.365079365079365,1.3720750974586864,-0.6495296861363873,0.4289200278416214,3.7500047619047643,1.290058054755995,0.6843816045313244,0.6165652210527124,292.9962222222223,85.07961448716115,-0.3421925436253156,0.5648733312387373,0.984375,0.996897280216217,0.002209456404671073,1.0446383953094482,0.06391149759292603
94,2.0147519879726383,0.953125,0.9336937685481838,0.6898350764528147,0.0,0.03125,0.0,61,0.01829952408199833,0.33802148699760437,1.422,1.0,63,0.984375,54,0.8571428571428571,0.8842169821977708,25.157936507936505,21.713003722715,-0.7795938613191898,0.3714530475191196,2.4126984126984126,1.2678555903311655,-0.6346436472684103,0.396340299529686,3.2971396825396853,1.3709932385601622,0.4679410678156362,0.6552470612297397,268.6839206349207,73.1051998255486,-0.5036104211096136,0.4853710022694425,0.984375,0.9984006285667419,0.010096154175698757,1.0648608207702637,0.07632224261760712
95,2.043224219452306,0.953125,0.9238263319750302,0.7118588721194016,0.0,0.046875,0.0,61,0.019385585007646172,0.3596440255641937,1.4349999999999998,1.0,64,1.0,51,0.796875,0.8749972627006968,24.9515625,20.808914572451727,-0.783124384095113,0.35598643247207573,2.078125,0.95695949986141,-0.7392335766064365,0.29915206251035337,2.8856989062500014,1.2623598577591175,0.2712986979254453,0.6033272548300439,241.23920312500002,61.75152102534089,-0.6858255039844242,0.4099899558889872,1.0,1.0004847049713135,0.007514761295169592,1.0648607015609741,0.07099315524101257
96,2.0722429034752974,0.96875,0.9299867403122687,0.6929710504610077,0.0,0.03125,0.0,62,0.01846051370291816,0.28859516978263855,1.448,1.0,64,1.0,50,0.78125,0.8769276391038408,25.203906250000003,19.893156927790795,-0.7788074385376522,0.34032019981987127,2.25,1.1989578808281798,-0.6855042800673319,0.37480240591658925,3.0584193750000015,1.3676127910727744,0.3538480325097051,0.6536314235887558,251.336453125,69.22462847564847,-0.6187863280522032,0.4596065312061836,1.0,0.9972127079963684,0.007735946215689182,1.0446383953094482,0.07549009472131729
97,2.1234259854963655,1.0,0.9206612468697131,0.664924798938704,0.0,0.0,0.0,64,0.02716524800808697,0.3694315552711487,1.4609999999999999,1.0,64,1.0,46,0.71875,0.8800819895214728,31.93796875,24.20864877603712,-0.6636051353578116,0.4141470465816594,2.375,1.3635890143294642,-0.6464284280388921,0.42626722041235326,3.072640625000002,1.4501366630628265,0.3606448802310695,0.6930725550851954,266.1,77.86535889598152,-0.5207659743582055,0.5169753639905161,1.0,1.0003324747085571,0.015354136005043983,1.0,0.06600756198167801
98,2.10166990455372,0.984375,0.9091910161669292,0.6911074076486097,0.0,0.015625,0.0,63,0.02826052110111545,0.384545236825943,1.474,1.0,64,1.0,50,0.78125,0.8803550257084412,25.69171875,16.766415981312118,-0.7704622348036632,0.28682979065288505,2.25,0.9185586535436918,-0.6855042800673319,0.2871476962025293,3.095586562500002,1.3981214999712788,0.37161157043139953,0.6682126347030084,253.2196875,63.37284242626014,-0.6062828760640647,0.4207544759948477,1.0,0.998245894908905,0.008376963436603546,1.0230478048324585,0.057303622364997864
99,2.07315869368162,0.953125,0.9417491809266513,0.6696772562060752,0.0,0.03125,0.0,61,0.01610470337542294,0.3547975718975067,1.4869999999999999,1.0,63,0.984375,49,0.7777777777777778,0.8815266713304347,28.757777777777775,18.133745657465944,-0.7180099355139932,0.31022124683539987,2.2698412698412698,1.1437386371207507,-0.6793017638723414,0.35754049394671844,3.352443492063494,1.5537793741550685,0.4943727508072623,0.7426071406331126,279.96895238095243,78.63863405546189,-0.42868514654248685,0.5221094083551125,0.984375,0.9973329305648804,0.014657210558652878,1.0648608207702637,0.06313606351613998
100,2.118835872154177,0.96875,0.9273650107845184,0.7117885683776917,0.0,0.03125,0.0,62,0.02492180659352535,0.34723061323165894,1.5,1.0,64,1.0,55,0.859375,0.887844612262651,27.295625,17.97938123544231,-0.7430235684585644,0.3075804728678064,2.359375,0.8726251253402001,-0.651312909542447,0.2727885621927388,3.363491875000002,1.498373265280005,0.49965317105068424,0.716126565096002,270.377546875,70.83739182317706,-0.49236584387600024,0.47031423140098977,1.0,0.999342143535614,0.01744460128247738,1.0446385145187378,0.0638180673122406
101,2.096208917980489,0.96875,0.9111142341167696,0.70126934715364,0.0,0.03125,0.0,62,0.02823008030914051,0.40081721544265747,1.5,1.0,64,1.0,52,0.8125,0.8820104963409299,33.7584375,20.734329641529136,-0.632461647624081,0.3547104781985905,2.40625,1.2082884330738253,-0.6366594650317822,0.377719200147745,2.7993878125000013,1.3615703893178248,0.23004751670838325,0.6507435421015662,252.75871875,60.85875924000917,-0.6093434088953311,0.40406259800516564,1.0,0.9990951418876648,0.0015535991406068206,1.0446386337280273,0.05299583822488785
102,2.0967897882233357,0.96875,0.9234132055313357,0.680153349068883,0.0,0.03125,0.0,62,0.04143304889366463,0.4126095175743103,1.5,0.984375,64,0.984375,55,0.859375,0.8880495882083208,29.25,19.582169823592075,-0.7095892928965094,0.33500001892417547,2.28125,1.2050512177911776,-0.6757353170602219,0.37670722458479344,3.4813289062500026,1.6382502955002394,0.5559717335781621,0.7829788371623533,273.83973437500003,72.31098584828811,-0.46937916959113674,0.4800979377667913,1.0,1.0004256963729858,0.0019203072879463434,1.0446385145187378,0.056793007999658585
103,1.990966708500118,0.921875,0.9240811810655108,0.684231336956528,0.0,0.078125,0.0,59,0.04194230342903697,0.4006604254245758,1.5,1.0,64,1.0,58,0.90625,0.8913776902069983,33.315625,25.202263159473894,-0.6400370183422505,0.431145205634168,2.421875,1.3670758883013774,-0.6317749835282273,0.42735724098329964,2.9712751562500017,1.3680004963209462,0.3121986708403016,0.653816721894643,262.44875,75.0747541958181,-0.5450079007364295,0.49844756291086195,1.0,0.9975153803825378,0.004826254677027464,1.1014959812164307,0.04944966360926628
104,2.0086545157323514,0.921875,0.9332218685392606,0.6798683222631685,0.0,0.0625,0.0,59,0.042766740740165496,0.43449777364730835,1.5,1.0,63,0.984375,53,0.8412698412698413,0.8866040815748265,41.084603174603174,25.876124426171707,-0.5071299983868818,0.4426732201049682,2.6507936507936507,1.3112302494008496,-0.5602134529285251,0.409899513606414,2.867809365079368,1.5491639968263833,0.2627486416967824,0.7404012855303819,279.0048888888889,82.42754966233603,-0.4350859014068587,0.5472653448686755,0.984375,0.9979638457298279,0.0023752970155328512,1.1014959812164307,0.06370808929204941
105,2.143564382210254,0.984375,0.9319271823716542,0.6829760172902454,0.0,0.015625,0.0,63,0.028070282103772347,0.3381603956222534,1.5,1.0,64,1.0,56,0.875,0.8806483006132906,29.727187500000007,23.669755323827154,-0.7014258552912553,0.40492798054787615,2.359375,1.1906824133138945,-0.651312909542447,0.37221543836415427,3.235265000000002,1.3685641990558952,0.4383689278820872,0.6540861357400901,271.44867187500006,73.88408918050602,-0.4852542701979786,0.49054232124230396,1.0,1.0001957416534424,0.008695651777088642,1.0230478048324585,0.06298349797725677
106,2.0310336088745693,0.953125,0.9230607161756421,0.6686877933738715,0.0,0.046875,0.0,61,0.022775644201327844,0.30426687002182007,1.5,1.0,64,1.0,52,0.8125,0.8835769115944967,33.2071875,22.070862754202516,-0.6418921020678713,0.37757508524019345,2.6875,1.3792547806696194,-0.5487387979677927,0.43116444575171337,3.360168906250002,1.3683671243825597,0.4980650045690738,0.65399194665373,285.1756562500001,74.06082276417705,-0.3941160176505547,0.4917157173460801,1.0,0.9976291656494141,0.007826888002455235,1.0648605823516846,0.06546826660633087
107,2.09515397208762,0.984375,0.8999581748530978,0.681422827909905,0.0,0.015625,0.0,63,0.04236509076254227,0.36526331305503845,1.5,1.0,64,1.0,55,0.859375,0.8876032870706361,30.97921875,22.694622456699925,-0.6800068554448574,0.3882459921939786,2.421875,1.2966867333226635,-0.6317749835282273,0.40535311134845853,3.076030312500002,1.539312053238973,0.36226493400696924,0.7356926867557947,270.18864062500006,80.91411315948834,-0.49362005857093627,0.537217110351688,1.0,0.9982015490531921,0.00048285853699781,1.023047924041748,0.056782692670822144
108,2.1174983070589435,0.984375,0.9119269928288838,0.6956409269470717,0.0,0.015625,0.0,63,0.026712148236743064,0.3742004930973053,1.5,1.0,64,1.0,54,0.84375,0.8904751022316497,29.569218749999997,20.667199806145693,-0.704128289940539,0.35356206122915246,2.140625,1.0287612013363452,-0.7196956505922166,0.3215977638081515,3.0432076562500017,1.386007865099599,0.34657780408928,0.6624230921821319,252.991546875,61.23687370416869,-0.607797581503334,0.40657303224075525,1.0,0.9998205900192261,0.01570415310561657,1.0230478048324585,0.06773775815963745
109,2.0976501758601978,0.96875,0.9189826009734985,0.7066321285606812,0.0,0.03125,0.0,62,0.03769708026719977,0.4693586826324463,1.5,1.0,64,1.0,57,0.890625,0.8774319192918999,30.84171875,26.505686627748364,-0.6823591229931952,0.4534433927335415,2.296875,1.3883408206830914,-0.6708508355566669,0.43400480379244066,3.2802017187500017,1.2148408589651207,0.459845804699633,0.5806162133481426,272.82784375000006,68.934823748419,-0.476097465526519,0.45768241621500033,1.0,0.9980987906455994,0.009186954237520695,1.0446386337280273,0.07246578484773636
110,2.067673756975679,0.953125,0.9308509973228954,0.6738267553003866,0.0,0.046875,0.0,61,0.044097281326707524,0.34671542048454285,1.5,1.0,64,1.0,54,0.84375,0.8799665118157329,26.3190625,22.00454631425274,-0.7597300141143721,0.3764405833520833,2.25,1.4142135623730951,-0.6855042800673319,0.4420927991992297,3.5872042187500024,1.5171996084097734,0.6065733597723681,0.7251243527309278,277.074015625,76.0303008640906,-0.4479056446479064,0.5047917716019182,1.0,0.9962092041969299,0.012065636925399303,1.0648605823516846,0.062244120985269547
111,2.084494207698257,0.953125,0.9375709891319275,0.6838678349609695,0.0,0.03125,0.0,61,0.035283685023906865,0.39276963472366333,1.5,1.0,63,0.984375,49,0.7777777777777778,0.8819371552961957,25.492380952380955,19.190608625325847,-0.7738723863127278,0.3283014247433036,2.2063492063492065,1.1840035681886678,-0.6991498156963107,0.3701275858534805,3.5404588888888915,1.4167752354578713,0.5842320825463218,0.6771279269267566,272.60346031746036,86.58302245818439,-0.4775872256503452,0.5748549828238055,0.984375,0.998211145401001,0.018581906333565712,1.0648608207702637,0.057993169873952866
112,2.0128424749832625,0.9375,0.9230622222026189,0.6842713397825371,0.0,0.046875,0.0,60,0.028832607247903617,0.3492642343044281,1.5,1.0,63,0.984375,50,0.7936507936507936,0.8912752458136026,24.56111111111111,17.699320326929886,-0.7898039923226529,0.30278935878306634,2.0952380952380953,1.2307474269828653,-0.7338839063882572,0.3847400347293232,3.40669650793651,1.3623209031545895,0.5203022216564245,0.6511022397027802,257.8436666666667,61.0382944713256,-0.5755826603755263,0.405254595227999,0.984375,0.9975882172584534,0.0030075188260525465,1.0837910175323486,0.06097112223505974
113,2.129125382250468,0.96875,0.9377338280600886,0.7107670572115903,0.0,0.03125,0.0,62,0.03142252670496201,0.3711675703525543,1.5,1.0,64,1.0,54,0.84375,0.886215011992698,26.800312499999997,20.007609096974672,-0.7514970776951901,0.34227817889920287,2.109375,0.9205498951034647,-0.7294646135993266,0.28777017188686976,3.337912968750002,1.5839119020321188,0.4874280902272474,0.7570085612846078,259.17100000000005,61.24505459448341,-0.5667700299212902,0.4066273480341734,1.0,0.9984293580055237,0.008134214207530022,1.0446385145187378,0.05333848297595978
114,2.0494884041519015,0.96875,0.8951368569847076,0.6733455409614565,0.0,0.03125,0.0,62,0.022216969958331195,0.4216349422931671,1.5,1.0,64,1.0,49,0.765625,0.8859624994624203,34.78875,25.062716613777127,-0.6148356791993775,0.42875792700925797,2.484375,1.2989441325072453,-0.6122370575140074,0.40605878972050524,3.113043750000002,1.5344988853230936,0.3799549892645402,0.7333923004056786,270.09754687500003,77.58638097185812,-0.4942248618522829,0.515123131933618,1.0,0.9993563890457153,0.000998502247966826,1.0446385145187378,0.062330737709999084
115,2.0849391078745425,0.96875,0.930991982260058,0.6714327508988558,0.0,0.03125,0.0,62,0.02783492199236374,0.30792832374572754,1.5,1.0,64,1.0,55,0.859375,0.8894907621079381,32.23453125,24.281501120302952,-0.6585317219410558,0.41539336080156375,2.796875,1.438094306495579,-0.5145474274429079,0.4495580825885034,3.3553365625000025,1.6774668871379963,0.49575545339698746,0.8017218591549884,294.2477500000001,81.59782585358055,-0.333883212779936,0.5417565181692958,1.0,0.9987395405769348,0.005602241028100252,1.0446386337280273,0.06804507970809937
116,2.137148276086613,0.984375,0.9368878385377308,0.6910608437722014,0.0,0.015625,0.0,63,0.025384194364120934,0.26530367136001587,1.5,1.0,64,1.0,55,0.859375,0.8863071890488677,28.38765625,23.884222809091693,-0.7243417526684139,0.40859696168068615,2.21875,1.1245658884654113,-0.6952732430744418,0.35154696203124236,3.3438354687500023,1.424124838375453,0.4902586663460682,0.6806405669438645,271.44317187499996,61.17687974266577,-0.4852907866225134,0.4061747113375326,1.0,0.9991607666015625,0.018446601927280426,1.023047685623169,0.06108000501990318
117,2.039704349451937,0.953125,0.9279574663912664,0.6547499806094406,0.0,0.046875,0.0,61,0.0284183743552046,0.3410905599594116,1.5,1.0,64,1.0,53,0.828125,0.8937701837899605,30.7753125,21.751917082807754,-0.6834951612977901,0.37211875394925026,2.34375,1.2275324588376473,-0.656197391046002,0.3837350137731737,3.174706250000002,1.6728642479773856,0.4094257195181132,0.799522092081696,264.40392187500004,87.08477151088634,-0.5320268305137592,0.578186270354362,1.0,0.9981259703636169,0.010468593798577785,1.0648607015609741,0.061391349881887436
118,2.084277450761151,0.96875,0.9206622771678432,0.6904020409879997,0.0,0.03125,0.0,62,0.020572942250860045,0.3663158416748047,1.5,1.0,64,1.0,54,0.84375,0.8845725599941955,34.4275,22.141989522172576,-0.6210157275763739,0.3787918793355689,2.40625,1.0565088440235604,-0.6366594650317822,0.3302718660464206,2.955747187500002,1.3482024770834569,0.3047772951513958,0.6443545352414405,265.05925,59.844394292354174,-0.5276758777825497,0.39732787417587334,1.0,0.9994273781776428,0.0029027576092630625,1.0446383953094482,0.06387179344892502
119,2.2224563889381264,1.0,0.9373707589693367,0.7346139925511564,0.0,0.0,0.0,64,0.048999364513314936,0.32299739122390747,1.5,0.984375,64,0.984375,53,0.828125,0.8775160006257572,29.856562500000003,20.81582715288042,-0.699212585370774,0.35610468875293166,2.34375,1.1887329126006396,-0.656197391046002,0.3716060111529504,3.176646250000002,1.237594802356699,0.41035291541013713,0.5914911426471212,267.682796875,56.62824683439237,-0.5102572320602438,0.37597474582327567,1.0,0.9982309341430664,0.002883229171857238,1.0,0.05498960614204407
120,2.0847011033720557,0.953125,0.9350809982565583,0.6746150685249448,0.0,0.03125,0.0,61,0.03644329209130941,0.3683393597602844,1.5,1.0,63,0.984375,58,0.9206349206349206,0.880936098843792,31.62666666666667,25.56614080293613,-0.6689307047276657,0.437370206159854,2.3333333333333335,1.1952286093343936,-0.659453712048372,0.3736366102280687,2.870914126984128,1.5008355630534045,0.26423251926575475,0.7173033859106597,259.2532857142857,76.48683996868067,-0.5662237062711177,0.5078228944673076,0.984375,0.9989091157913208,0.0004786979407072067,1.0648608207702637,0.06069106236100197
121,2.053666043818403,0.9375,0.9314078172047933,0.6992459473390463,0.0,0.0625,0.0,60,0.05373821865462114,0.41862717270851135,1.5,1.0,64,1.0,56,0.875,0.8917335275416812,29.609218750000004,22.955706895609826,-0.703443993926477,0.39271246821596933,2.15625,1.1621471238616907,-0.7148111690886617,0.36329511237837014,3.204882031250002,1.6429418698264076,0.4238478125148223,0.7852211095553164,267.1901875,78.03164055025917,-0.5135278380724242,0.5180793660777597,1.0,0.9992022514343262,0.000980873010121286,1.0837911367416382,0.05774912238121033
122,2.156743086109343,0.984375,0.9382247281452966,0.6790299463758546,0.0,0.0,0.0,63,0.03600352101449596,0.3818725049495697,1.5,1.0,63,0.984375,55,0.873015873015873,0.8798575415444722,29.936825396825395,24.163525564363997,-0.697839495861407,0.4133751057344197,2.4603174603174605,1.2702380332534957,-0.6197576084004331,0.3970850674264794,3.2214780952380973,1.5000039796146774,0.431779669398085,0.716905942225988,272.3369206349206,76.74437782609449,-0.4793568758690385,0.5095327784191135,0.984375,0.9982154965400696,0.0018779343226924539,1.0230478048324585,0.05928037688136101
123,2.034103982513989,0.921875,0.9279729622905537,0.7006724725867233,0.0,0.078125,0.0,59,0.04542080533637863,0.44295522570610046,1.5,1.0,64,1.0,44,0.6875,0.8839530636118471,31.87046875,23.762190583840823,-0.664759884881541,0.4065093075475294,2.359375,1.266974589080223,-0.651312909542447,0.39606489253353644,2.7502950000000017,1.5219180062270536,0.20658429295688566,0.7273794450366584,252.02115625000002,69.8007633628608,-0.6142403444172315,0.4634316923207958,1.0,0.9987636208534241,0.0025523225776851177,1.1014961004257202,0.058349281549453735
124,2.085209042882447,0.953125,0.9380194974727318,0.6550376864479065,0.0,0.046875,0.0,61,0.04928983645103645,0.40068572759628296,1.5,1.0,64,1.0,55,0.859375,0.8926639982521274,30.362499999999997,23.334013263902975,-0.6905573100054132,0.3991843067139001,2.234375,1.1557220078267092,-0.6903887615708868,0.36128657731078223,2.988886875000002,1.7426410930833522,0.3206159457250866,0.8328709601954325,258.59456250000005,77.70629913090121,-0.5705972001880886,0.5159193105527032,1.0,0.9985668063163757,0.002025316469371319,1.0648608207702637,0.06730786710977554
125,2.0934097673459693,0.96875,0.9263056987716306,0.6853118969889491,0.0,0.03125,0.0,62,0.028970636635565254,0.32458776235580444,1.5,1.0,64,1.0,52,0.8125,0.8821552868726895,32.8184375,21.054439349186996,-0.6485426039545352,0.3601867231239102,2.59375,1.1280341029862528,-0.5780456869891225,0.35263114953059665,3.0555795312500016,1.5711131222325616,0.3524907688710504,0.750891563319108,268.088890625,69.088250783671,-0.5075610335555792,0.45870107198850474,1.0,0.999267578125,0.0014258555602282286,1.0446385145187378,0.05883120745420456
126,2.0239475310781763,0.9375,0.9193574180205663,0.6709546014092153,0.0,0.046875,0.0,60,0.03989286359132105,0.41307368874549866,1.5,1.0,63,0.984375,47,0.746031746031746,0.8944030236810094,27.780158730158732,17.424585485453715,-0.7347344559529104,0.2980893598594146,2.238095238095238,1.136889179648888,-0.6892257897843261,0.35539930685355364,3.345738095238097,1.184890888258879,0.491168000090304,0.5663020433455307,268.2283650793651,72.9668132514575,-0.5066350138488042,0.4844522053804727,0.984375,0.9979618191719055,0.010019083507359028,1.0837910175323486,0.06719213724136353
127,2.1161060086918084,0.984375,0.9117563844673218,0.6854985184179718,0.0,0.015625,0.0,63,0.04076086272242754,0.3968445360660553,1.5,1.0,64,1.0,54,0.84375,0.896051951700796,37.677343750000006,23.198737589723198,-0.5654193494651505,0.3968700915978812,2.640625,1.229420436374392,-0.5633922424784576,0.38432520842004453,3.0202709375000016,1.5081034466256373,0.3356155198616973,0.7207769693085376,272.842625,68.63384197557448,-0.4759993276355839,0.45568409290695944,1.0,0.997280478477478,0.011595547199249268,1.0230478048324585,0.05382850021123886
128,2.102969166473727,0.96875,0.9324679095898906,0.6746052581097949,0.0,0.03125,0.0,62,0.026878918092111265,0.33307892084121704,1.5,1.0,64,1.0,52,0.8125,0.8793061685153644,29.972968750000003,21.318264226339426,-0.6972211770486016,0.36470008092005457,2.421875,1.0869206430899176,-0.6317749835282273,0.3397788017283056,3.1938307812500017,1.4700513838875522,0.41856602199846615,0.7025905176313247,271.24687500000005,68.19030663758691,-0.48659407026291696,0.45273930659826095,1.0,0.9983692765235901,0.003838771488517523,1.0446385145187378,0.059327732771635056
129,2.156078643831412,0.984375,0.9376867233760773,0.6906575702524476,0.0,0.015625,0.0,63,0.03711295018460836,0.3426859974861145,1.5,1.0,64,1.0,49,0.765625,0.8804467149684283,29.81703125,19.370435000898237,-0.6998888622909212,0.33137778654398814,2.265625,1.2278307535548212,-0.6806197985637769,0.3838282627350069,3.246095156250002,1.2830885013659346,0.4435450497300142,0.6132342203967814,265.535234375,56.24588075159989,-0.5245156509627112,0.3734360836038754,1.0,0.9999603629112244,0.004087889567017555,1.0230478048324585,0.06398871541023254
130,2.0851305802910822,0.953125,0.946536723707543,0.6701417961262808,0.0,0.046875,0.0,61,0.03537167293673319,0.3237669765949249,1.5,1.0,64,1.0,47,0.734375,0.8886646300094732,30.59140625,21.80402907629599,-0.6866413191436919,0.37301025468497073,2.296875,1.3770403895220358,-0.6708508355566669,0.43047221198518487,3.2396200000000017,1.6602435036774366,0.44045033927887306,0.7934901836955113,267.62134375000005,90.70224581980783,-0.5106652408605069,0.6022039481008847,1.0,0.99916011095047,0.010468593798577785,1.0648607015609741,0.06086030974984169
131,2.075912150838912,0.984375,0.9157304919901348,0.6714102017381375,0.0,0.015625,0.0,63,0.02261399468562795,0.27585649490356445,1.5,1.0,64,1.0,55,0.859375,0.8907717186832226,39.846875,26.21558248893919,-0.528304309796208,0.44848046508729217,2.609375,1.294425397377153,-0.5731612054855676,0.4046462023181116,2.7629075000000016,1.7268368161033645,0.2126122610951088,0.8253175268489096,271.37578125000005,65.90298408443584,-0.48573821656289834,0.4375529717987431,1.0,0.9999069571495056,0.00048426148714497685,1.0230478048324585,0.0638936385512352
132,2.1281173657584356,0.984375,0.9262787486825671,0.6880497155749048,0.0,0.015625,0.0,63,0.037726355314014845,0.29932931065559387,1.5,1.0,64,1.0,52,0.8125,0.8886734581743287,40.3984375,25.745100214576635,-0.5188685092898078,0.44043173646146544,2.671875,1.1733324270533905,-0.5536232794713477,0.3667917143976669,2.7318534375000016,1.5493956179519848,0.1977704058473473,0.7405119856108786,271.75721875,60.32601400294406,-0.483205719529583,0.4005255159605831,1.0,0.9988844394683838,0.013133208267390728,1.0230478048324585,0.06115841493010521
133,1.9951943851977796,0.921875,0.9185283775046721,0.6915635579547937,0.0,0.078125,0.0,59,0.04403117687426143,0.377773642539978,1.5,1.0,64,1.0,48,0.75,0.8930980866399669,34.629062499999996,22.20669343905332,-0.6175675171930153,0.37989879514596103,2.265625,1.0642219502411139,-0.6806197985637769,0.3326830356243147,3.0344550000000017,1.5107386056299184,0.3423945943370643,0.7220364067330735,261.395953125,71.53858416757303,-0.5519977875792845,0.4749696927333613,1.0,0.9980871081352234,0.0042593469843268394,1.1014958620071411,0.063043512403965
134,2.0659944816395788,0.953125,0.9266653119540605,0.6884731754185872,0.0,0.03125,0.0,61,0.02252283283495013,0.27902522683143616,1.5,1.0,63,0.984375,49,0.7777777777777778,0.8872227561588842,34.357619047619046,25.131741374003433,-0.6222112090057023,0.4299387612166189,2.492063492063492,1.3436861863535434,-0.6098335824884485,0.42004546072487664,3.0591796825396838,1.3870827892515998,0.35421141087437946,0.6629368371604683,268.9561746031747,72.77328893356143,-0.5018028317485475,0.4831673297168418,0.984375,0.9994485378265381,0.005856515374034643,1.0648607015609741,0.07120240479707718
135,2.052413483306755,0.953125,0.9131120653426061,0.6891192112291132,0.0,0.03125,0.0,61,0.042425974197153146,0.29854723811149597,1.5,1.0,63,0.984375,49,0.7777777777777778,0.8772536408568933,33.847142857142856,24.98092716444818,-0.6309441295661111,0.42735872215505505,2.5238095238095237,1.412609235637269,-0.5999095565764638,0.4415912757261544,2.854469365079366,1.5010954461758117,0.25637297509904944,0.7174275934176196,265.6266190476191,77.31804912824524,-0.5239089161442984,0.5133415829304556,0.984375,0.998808741569519,0.0009779951069504023,1.0648607015609741,0.06134992837905884
136,2.162478511712534,0.984375,0.9329520255800278,0.7035404406659809,0.0,0.015625,0.0,63,0.0345221378788553,0.3656812906265259,1.5,1.0,64,1.0,54,0.84375,0.875188209338084,31.492968750000003,21.51098663181267,-0.67121792851425,0.3679970602671986,2.640625,1.3034472023733834,-0.5633922424784576,0.4074664800546087,3.1436639062500022,1.3043549326254849,0.39458946508316606,0.6233982140575373,273.674296875,66.32592804304548,-0.47047756704274885,0.4403610447345129,1.0,0.9999580979347229,0.005905511789023876,1.0230478048324585,0.06319207698106766
137,2.0653025957542166,0.96875,0.91078260685167,0.6707299387741776,0.0,0.03125,0.0,62,0.044535053785887735,0.3321074843406677,1.5,1.0,64,1.0,53,0.828125,0.8926535529288364,38.10187499999999,25.537650383490156,-0.5581567234096579,0.43688280914820826,2.796875,1.2397036881347898,-0.5145474274429079,0.38753982301332857,2.9330323437500017,1.487121602426084,0.29392105297976295,0.7107489900565201,277.336015625,59.6415248022226,-0.4461661349700989,0.39598095264375216,1.0,0.9991447925567627,0.0032573288772255182,1.0446386337280273,0.0720663070678711
138,2.1590653376788715,0.984375,0.9390581675938198,0.7091429557632204,0.0,0.015625,0.0,63,0.0361868675388638,0.2971634566783905,1.5,1.0,64,1.0,53,0.828125,0.8796162511834442,27.186562500000004,25.147799619123617,-0.7448893443094049,0.4302134760448332,2.359375,1.5038200056439601,-0.651312909542447,0.47010438414360656,3.160922031250002,1.2956034104221248,0.4028377447759685,0.6192155463070669,268.920359375,76.32643561955767,-0.5020406215806956,0.5067579138655446,1.0,0.9993353486061096,0.0014238253934308887,1.0230478048324585,0.06479452550411224
139,2.1544993681238975,0.984375,0.9220075361312382,0.7019203937438143,0.0,0.015625,0.0,63,0.05247391110903203,0.4399184286594391,1.5,1.0,64,1.0,52,0.8125,0.8840374405065196,29.81140625,19.694053739897253,-0.6999850914178986,0.33691406187330714,2.296875,1.010564314813758,-0.6708508355566669,0.3159092930470721,3.085898906250002,1.163414215727408,0.36698149049411033,0.5560375678066003,265.14378125,62.577759400921785,-0.5271146452350223,0.41547564157791433,1.0,1.000381588935852,0.001003009034320712,1.0230478048324585,0.05982419475913048
140,2.0747544255932864,0.953125,0.9216295539355669,0.6929952103143378,0.0,0.046875,0.0,61,0.03147033791786112,0.3934486210346222,1.5,0.984375,64,0.96875,55,0.859375,0.8836958873623161,38.335,29.438134706533294,-0.5541685607027034,0.5036099560274406,2.828125,1.576732058523261,-0.504778464435798,0.4928971888588172,2.817476718750002,1.4508028509167947,0.23869285669096474,0.6933909502612344,277.25889062500005,70.18060098998988,-0.44667819483231586,0.46595356723830145,1.0,0.9992874264717102,0.002320185536518693,1.0648605823516846,0.06055516004562378
141,2.0439724382986064,0.9375,0.9496428459882736,0.6705557040719174,0.0,0.0625,0.0,60,0.0336863181821771,0.26484596729278564,1.5,1.0,64,1.0,56,0.875,0.8884844724009047,32.30640625,25.105401832025333,-0.6573021275407884,0.42948816012692315,2.46875,1.4996744438377283,-0.6171215390175623,0.468808453265886,3.194529687500002,1.6853074403326336,0.4189000544747085,0.8054691419968768,278.1067031250001,92.58645826599052,-0.4410492709822539,0.6147138938458472,1.0,0.9975557327270508,0.0004712535301223397,1.0837910175323486,0.06046309694647789
142,2.0898979914660996,0.96875,0.9317915285787275,0.6796315018312623,0.0,0.015625,0.0,62,0.02446233315424915,0.323480486869812,1.5,1.0,63,0.984375,54,0.8571428571428571,0.8897865384003996,31.221428571428568,20.648950921285564,-0.6758632750606022,0.35324987024988097,2.6507936507936507,1.2364661647079649,-0.5602134529285251,0.3865277511224068,3.029436031746034,1.3776279454924387,0.33999584859104476,0.658418026700044,275.34999999999997,64.05154235606258,-0.4593519876417192,0.42526060231629287,0.984375,0.998131275177002,0.0004646840097848326,1.0446385145187378,0.06666687875986099
143,2.0933961596388757,0.953125,0.9369049590142047,0.7353213028706981,0.0,0.046875,0.0,61,0.020914776225232246,0.4054268002510071,1.5,1.0,64,1.0,55,0.859375,0.8774758145181918,26.336250000000003,19.795995846698393,-0.7594359806708298,0.3386580263070344,2.375,1.0680004681646913,-0.6464284280388921,0.33386422608246286,3.3209676562500023,1.4381328604693304,0.47932931489783337,0.6873355053669702,266.89579687500003,62.23520244633956,-0.5154824004435814,0.4132012860905248,1.0,0.9990317225456238,0.001932367100380361,1.0648607015609741,0.06749916076660156
144,2.118721463943716,0.96875,0.9390826725190685,0.6988366648467018,0.0,0.03125,0.0,62,0.02823700187776815,0.3329906761646271,1.5,1.0,64,1.0,50,0.78125,0.8838914980831026,29.146250000000002,24.482374942241613,-0.7113641856829824,0.41882978969361384,2.28125,1.0378576190884758,-0.6757353170602219,0.32444136600072054,3.196988125000002,1.5445905449036856,0.42007503032563526,0.7382154680896115,264.799828125,71.60335380578266,-0.529398270386357,0.47539972102532213,1.0,0.9987384676933289,0.0020387358963489532,1.0446385145187378,0.06868430227041245
145,2.167460778022803,0.984375,0.9317788585783944,0.723000985036265,0.0,0.015625,0.0,63,0.018433200973043594,0.3632999062538147,1.5,1.0,64,1.0,55,0.859375,0.872107938608819,27.29171875,22.44217079202452,-0.7430903942411876,0.38392720049696194,2.171875,1.2190504437368455,-0.7099266875851067,0.38108347803731835,3.390022656250002,1.1772140662734245,0.5123331872296472,0.562633013547225,263.06090625,59.22591265752024,-0.5409435811898442,0.3932215581860266,1.0,0.9986963272094727,0.004056795034557581,1.0230478048324585,0.06644046306610107
146,2.110153025893947,0.96875,0.9388512132629272,0.6819656245476081,0.0,0.03125,0.0,62,0.02675212258866715,0.2923528850078583,1.5,1.0,64,1.0,51,0.796875,0.8822017105685028,29.38640625,24.607858079736666,-0.7072557365673062,0.4209764799641099,2.484375,1.1988560628261427,-0.6122370575140074,0.37477057691513777,3.299972343750002,1.2539284079029684,0.46929489865981233,0.5992975611854934,265.855203125,74.38461794538318,-0.5223912664695015,0.49386550685499425,1.0,0.997962236404419,0.001479289960116148,1.0446386337280273,0.07129308581352234
147,2.0885560220927992,0.96875,0.9306315577799275,0.7034563553463049,0.0,0.03125,0.0,62,0.017404905761983495,0.23110681772232056,1.5,1.0,64,1.0,56,0.875,0.8796773503336957,27.3278125,18.412791449556035,-0.742472924009749,0.31499499491709965,2.453125,1.0742684647586933,-0.6220060205211173,0.3358236445418388,3.463675625000002,1.380350775836613,0.5475345944772624,0.6597193654164341,280.0254687500001,77.12939520457833,-0.42830991459243756,0.5120890435183375,1.0,0.9997937679290771,0.0009332711342722178,1.0446385145187378,0.06232373043894768
148,2.1088213328319334,0.96875,0.9512531257444813,0.6634495361309196,0.0,0.03125,0.0,62,0.02600545590290946,0.38281184434890747,1.5,1.0,64,1.0,55,0.859375,0.8816966667395263,28.867343750000003,28.608534688215613,-0.7161355465622811,0.48941765638242923,2.453125,1.7041281449395171,-0.6220060205211173,0.5327220738332488,3.5719290625000024,1.2872399790172675,0.5992728122852418,0.615218361130877,286.79342187500004,86.10768555633642,-0.38337510558524274,0.5716990548047842,1.0,0.997164249420166,0.00797747541218996,1.0446383953094482,0.062449533492326736
149,1.9715038639420768,0.921875,0.9302235255807133,0.6628396915685348,0.0,0.078125,0.0,59,0.016875176441379244,0.31122443079948425,1.5,1.0,64,1.0,52,0.8125,0.8853720214015581,28.379687500000003,20.795026746853292,-0.7244780772649653,0.35574884787955086,2.34375,1.1349387373334299,-0.656197391046002,0.35478958529108284,3.3251243750000024,1.5956212829587306,0.48131596054180203,0.7626048962811536,267.186390625,78.81570088417057,-0.5135530468541336,0.5232850169893012,1.0,0.9983363151550293,0.005464480724185705,1.1014959812164307,0.06632788479328156
150,2.0795928180166134,0.953125,0.9412943603562527,0.6719722534043602,0.0,0.03125,0.0,61,0.03460923947746717,0.3424915075302124,1.5,1.0,63,0.984375,49,0.7777777777777778,0.8837264089422894,31.021428571428572,26.122107699372126,-0.6792847551309116,0.44688135443939175,2.4126984126984126,1.3289800437418715,-0.6346436472684103,0.4154482203040541,2.8529765079365093,1.4675652972175834,0.2556594848875877,0.7014023272459584,248.85420634920638,60.66298960472374,-0.635266832972812,0.4027628148937158,0.984375,1.0000463724136353,0.001988071482628584,1.0648605823516846,0.05817166715860367
151,2.096877900547563,0.96875,0.9272088418083806,0.6796308512497098,0.0,0.03125,0.0,62,0.017321745240747893,0.3047983646392822,1.5,1.0,64,1.0,51,0.796875,0.8870320185795281,26.92078125,22.08127277133609,-0.7494361705590896,0.377753173570964,2.1875,1.3678792892649556,-0.7050422060815518,0.42760838960067793,3.332865625000002,1.0888776561009332,0.48501578280939517,0.5204138606461511,267.581734375,77.77717078922531,-0.5109282213610584,0.5163898522913942,1.0,0.99803626537323,0.0010060361819341779,1.0446385145187378,0.07220365852117538
152,2.176160660067459,1.0,0.9552980493754148,0.6437455286859696,0.0,0.0,0.0,64,0.03507675129851024,0.2956561744213104,1.5,1.0,64,1.0,55,0.859375,0.8881640157574718,34.1665625,25.483165718932835,-0.6254796898556058,0.43595071817860637,2.46875,1.380316426584861,-0.6171215390175623,0.431496323501238,3.288299375000002,1.3624926133364865,0.463715966354284,0.6511843061848801,277.146234375,79.76862249240426,-0.4474261590962112,0.5296117969882111,1.0,0.9980312585830688,0.00046772684436291456,1.0,0.0784270241856575
153,2.1491815028963455,0.96875,0.9510556430585922,0.7308837307410031,0.0,0.03125,0.0,62,0.016691643885475324,0.30956822633743286,1.5,1.0,64,1.0,56,0.875,0.8770982547550408,25.765625,19.436700375433457,-0.7691978909964315,0.33251141483560737,2.09375,1.1418016191528193,-0.7343490951028816,0.3569349689267879,3.391665156250002,1.3706072916320633,0.5131181971536932,0.6550626032883622,264.56434375000003,65.97259458863842,-0.5309617335515664,0.43801514029392413,1.0,0.9995313286781311,0.0020000000949949026,1.0446383953094482,0.07293788343667984
154,2.1152943550247247,0.984375,0.9398014129154266,0.6521578401031941,0.0,0.015625,0.0,63,0.026964186453517523,0.31202423572540283,1.5,1.0,64,1.0,56,0.875,0.8767259679474934,27.1009375,23.939795628745326,-0.7463541654645063,0.40954766815516525,2.359375,1.407204537149806,-0.651312909542447,0.439901730139319,3.5950428125000022,1.3455650510316175,0.6103197061250717,0.6430940143132021,288.66595312500004,81.6836784346003,-0.37094271538916634,0.5423265234958172,1.0,0.9978917241096497,0.00693802023306489,1.0230478048324585,0.062188442796468735
155,2.134493052000292,0.984375,0.9233738557686881,0.6778510904315933,0.0,0.015625,0.0,63,0.025592392389090148,0.33079013228416443,1.5,1.0,64,1.0,55,0.859375,0.8764505781988338,32.41453125,26.87345628878566,-0.6554523898777773,0.45973497556205933,2.546875,1.6576497622763984,-0.5926991314997875,0.518192614605527,3.1844989062500018,1.5313376497874729,0.41410598273821786,0.7318814320539528,274.800953125,83.84951953358731,-0.4629973019647438,0.5567063004129209,1.0,0.9975713491439819,0.011893434450030327,1.0230478048324585,0.07002054154872894
156,2.0903753391761186,0.953125,0.9475562611564261,0.6838624637927342,0.0,0.03125,0.0,61,0.023190903027388098,0.3254123330116272,1.5,1.0,63,0.984375,52,0.8253968253968254,0.8837532140873218,29.927460317460316,20.505667197162992,-0.6979997080234296,0.3507986582174555,2.126984126984127,1.031135350407093,-0.7239598804762726,0.3223399389904075,2.8004047619047627,1.5778232383475,0.2305335534663683,0.754098569554559,248.49292063492064,71.41640738082658,-0.6376655352493527,0.47415851829462513,0.984375,0.9998527765274048,0.006160164251923561,1.0648609399795532,0.08103444427251816
157,2.083997663932001,0.953125,0.9330104340295322,0.7021286034804436,0.0,0.046875,0.0,61,0.03444748683558417,0.30189087986946106,1.5,1.0,64,1.0,57,0.890625,0.888116397307558,26.583281250000002,19.875395126157834,-0.7552099181777369,0.34001634156837146,2.0,1.118033988749895,-0.7636559841242113,0.3495050456572573,3.1041471875000024,1.3652843631519018,0.37570300153096575,0.6525185839995253,249.17514062499998,71.5722940535624,-0.6331360380160062,0.47519350446204944,1.0,0.9989326000213623,0.0010319917928427458,1.0648608207702637,0.08215031027793884
158,2.154894680874106,0.984375,0.9543831991770911,0.6747159049779113,0.0,0.015625,0.0,63,0.04287315587252841,0.3953039050102234,1.5,1.0,64,1.0,54,0.84375,0.8830325382640546,23.81984375,20.019313759794215,-0.8024851498367154,0.34247841525203665,2.28125,1.2179484543690673,-0.6757353170602219,0.38073898864954064,3.331055937500002,1.314915469497612,0.48415086795586576,0.6284454750912509,266.158375,76.93364714489776,-0.5203784023069004,0.510789403654878,1.0,0.9994710683822632,0.01037549413740635,1.0230478048324585,0.07543742656707764
159,2.038026139988376,0.9375,0.9377356072266897,0.67832117816698,0.0,0.0625,0.0,60,0.027454063427656536,0.359389990568161,1.5,1.0,64,1.0,53,0.828125,0.878803189539564,24.98484375,19.62394821960112,-0.7825550284271631,0.3357147386707477,2.046875,1.1100350149319616,-0.7490025396135465,0.34700451191894593,3.047341406250002,1.3208805198082691,0.3485534721401329,0.631296387536487,252.1328125,75.70251000604173,-0.6134990195032519,0.5026154533962967,1.0,0.999735414981842,0.016161616891622543,1.0837911367416382,0.07731624692678452
160,2.102753917355502,0.96875,0.9348512984091236,0.7050014220767664,0.0,0.03125,0.0,62,0.028703568053578737,0.38923659920692444,1.5,1.0,64,1.0,55,0.859375,0.8825885834279174,29.568125000000002,19.34321238146278,-0.7041470011596734,0.33091207829468794,2.375,1.1792476415070754,-0.6464284280388921,0.36864085075533637,3.6063275000000026,1.3230317048626912,0.6157130648326878,0.6323245163743445,280.70642187500005,68.42790149899675,-0.42378882851964855,0.45431678202123704,1.0,0.9994238018989563,0.0028804608155041933,1.0446385145187378,0.0667940080165863
161,2.056760105134326,0.953125,0.9278014136142418,0.6608622119915384,0.0,0.046875,0.0,61,0.019899378436341417,0.4055471420288086,1.5,1.0,64,1.0,45,0.703125,0.8840552737157443,28.407343750000003,20.246499793342945,-0.7240049507239927,0.34636497768223484,2.484375,1.172499833422163,-0.6122370575140074,0.3665314399533976,3.1998981250000016,1.4940201644377127,0.42146582416367107,0.7140460613751052,270.09896875000004,74.41951242806068,-0.49421542152662207,0.49409718353560345,1.0,0.9996188282966614,0.00048426148714497685,1.0648607015609741,0.07126016169786453
162,2.1442932641372017,0.984375,0.9420681491730705,0.6787987534810276,0.0,0.015625,0.0,63,0.025546078931987484,0.2943381667137146,1.5,1.0,64,1.0,57,0.890625,0.8763877308658724,24.72109375,20.22917100973767,-0.7870671052698835,0.346068527243494,2.1875,0.982264602843857,-0.7050422060815518,0.30706261018800557,3.563378281250002,1.4629407985998577,0.5951860858684396,0.6991921127505841,273.29570312500005,69.49115927913958,-0.47299118342474245,0.461376122473766,1.0,0.9996823072433472,0.0042553190141916275,1.023047924041748,0.06316835433244705
163,2.1609294639854757,0.984375,0.9369791046021476,0.6971618180733546,0.0,0.015625,0.0,63,0.03190885098645729,0.3487200438976288,1.5,1.0,64,1.0,50,0.78125,0.8744095382690023,24.43765625,19.16920779060355,-0.7919159840570252,0.32793531209585197,1.921875,1.0797089813347853,-0.7880783916419862,0.3375243871073239,3.2385793750000023,1.3311813375425186,0.4399529871009674,0.6362195194373551,258.63018750000003,58.56716804577756,-0.5703606733473563,0.3888479222038512,1.0,0.9987751245498657,0.006552419159561396,1.023047685623169,0.06637006253004074
164,2.060920975429183,0.96875,0.915338848867724,0.6954334350107652,0.0,0.03125,0.0,62,0.020644300125178927,0.29534846544265747,1.5,1.0,64,1.0,56,0.875,0.8844140257429061,28.9875,18.927891374239234,-0.7140799854887906,0.3238070155497069,2.28125,1.1920144451725407,-0.6757353170602219,0.3726318406025993,2.995112343750002,1.4488676518047032,0.32359132152453185,0.6924660488865025,260.284234375,76.43232451218333,-0.55937887736793,0.5074609472758296,1.0,0.9990479350090027,0.0010209290776401758,1.0446385145187378,0.06926517933607101
165,2.149374572831877,1.0,0.9177361540496349,0.6870949745157784,0.0,0.0,0.0,64,0.027855650206282126,0.35127225518226624,1.5,1.0,64,1.0,56,0.875,0.8728678631233724,28.856875000000002,21.12649890207497,-0.7163146396597113,0.3614194747443183,2.34375,1.121086944665756,-0.656197391046002,0.35045942048619766,3.0999476562500017,1.4078759981403988,0.37369589425084865,0.6728746608015466,259.982546875,58.29029990163721,-0.5613818862455006,0.38700969771450494,1.0,0.999330997467041,0.005905511789023876,0.9999998807907104,0.0647583156824112
166,2.132009016774005,0.96875,0.9459476057560213,0.7154866359270531,0.0,0.03125,0.0,62,0.021200814616136356,0.4180227816104889,1.5,1.0,64,1.0,50,0.78125,0.8815857115349689,28.029687499999998,23.56945440930578,-0.7304656673880069,0.4032120926475327,2.140625,1.2853402698799257,-0.7196956505922166,0.40180612953618233,2.9793575000000017,1.1838660411497168,0.3160615140995418,0.5658122319900833,253.213984375,73.05532253998773,-0.6063207411065504,0.4850398495177788,1.0,0.9989773631095886,0.0025733401998877525,1.0446385145187378,0.07279549539089203
167,2.1498098934837966,1.0,0.9246216267347336,0.690389019068443,0.0,0.0,0.0,64,0.02261793599174932,0.27427685260772705,1.5,1.0,64,1.0,52,0.8125,0.8797854555794128,32.4115625,22.797230658209205,-0.655503177472571,0.3900013517765501,2.53125,1.3225064980936767,-0.5975836130033424,0.4134245458092684,3.188853593750002,1.4591378304502807,0.41618724477999547,0.6973745372630655,274.02409375,70.74810347032256,-0.46815514319034657,0.46972141478302837,1.0,0.9983027577400208,0.003915810026228428,0.9999999403953552,0.07319839298725128
168,2.047984868687524,0.9375,0.9262862801551819,0.7224272880199031,0.0,0.046875,0.0,60,0.02628439331644621,0.32354211807250977,1.5,1.0,63,0.984375,51,0.8095238095238095,0.8748845513312806,36.771428571428565,20.352140549419133,-0.5809172031095154,0.3481722163898703,2.6031746031746033,1.1203695895251617,-0.5750994917965021,0.350235170379592,2.917414285714288,1.6360203895406527,0.2864566203755844,0.781913084767854,270.0232222222222,79.67521184604738,-0.4947183292294077,0.5289916110212338,0.984375,0.9981329441070557,0.0,1.0837910175323486,0.0670059397816658
169,2.092468341546872,0.96875,0.9250020625129822,0.6733530881297971,0.0,0.03125,0.0,62,0.02585660526284428,0.29326146841049194,1.5,1.0,64,1.0,47,0.734375,0.8693433542021491,37.00359374999999,26.979460322112836,-0.5769454604520056,0.46154842899906606,2.578125,1.5186824830671486,-0.5829301684926775,0.47475049589212287,2.951927812500002,1.5290330082834118,0.3029518782389735,0.7307799608502654,272.6091875000001,85.69967737302079,-0.47754920088143527,0.5689901457074475,1.0,0.999687910079956,0.0014548981562256813,1.0446386337280273,0.05947437882423401
170,2.1127768811974206,0.96875,0.9244370787374435,0.6965379273519524,0.0,0.03125,0.0,62,0.04798738830112981,0.39217621088027954,1.5,1.0,64,1.0,51,0.796875,0.8710174110136255,37.066874999999996,24.939714242235713,-0.5758628827735092,0.42665367619510924,2.46875,1.1854422961494162,-0.6171215390175623,0.3705773420207075,3.1256571875000017,1.5188925424100843,0.3859834054677884,0.7259334668806989,278.530984375,77.28122891032717,-0.43823231930100526,0.5130971206197402,1.0,0.9984996318817139,0.0013992537278681993,1.0446386337280273,0.06278993934392929
171,1.950357459707772,0.921875,0.9001949752791453,0.6603069127088651,0.0,0.046875,0.0,59,0.036545034193015156,0.3411372900009155,1.5,1.0,62,0.96875,47,0.7580645161290323,0.8920026188432557,34.9775806451613,24.232298673164127,-0.6116052777539622,0.41455163484008406,2.564516129032258,1.3514743173234984,-0.5871843943183545,0.42248008355175726,2.8223872580645177,1.5328496299778176,0.24103978034047074,0.7326040618587515,257.57501612903224,76.94016481645731,-0.5773663252998139,0.5108326767569948,0.96875,0.9984568953514099,0.0024473813828080893,1.1014959812164307,0.06798876076936722
172,2.1737915096796074,0.984375,0.9506231139576624,0.7029859130025499,0.0,0.015625,0.0,63,0.05144655952069268,0.4130653142929077,1.5,1.0,64,1.0,61,0.953125,0.8796426154982547,31.3228125,24.913270150460853,-0.6741288596053181,0.42620128653018363,2.421875,1.234968211888468,-0.6317749835282273,0.38605948086064484,3.143864375000002,1.4606537856693622,0.3946852763210418,0.6980990668773052,273.59453125000005,70.22882045543359,-0.47100715893833567,0.46627371314211075,1.0,0.9985964894294739,0.005166744813323021,1.0230478048324585,0.05926287919282913
173,2.0626089931122547,0.96875,0.9126650931373719,0.6646633572623932,0.0,0.03125,0.0,62,0.056892333670525846,0.3825030028820038,1.5,1.0,64,1.0,52,0.8125,0.8904040115520016,32.511250000000004,22.005944473880234,-0.6537977835000262,0.37646450222858624,2.453125,1.286099815090182,-0.6220060205211173,0.40204356854614137,3.0149971875000023,1.425301506705544,0.3330950047402741,0.6812029391304291,269.938796875,70.2327376760608,-0.4952788586513365,0.4662997209405501,1.0,1.0001065731048584,0.0019607844296842813,1.0446386337280273,0.05880586802959442
174,2.0683003646322944,0.953125,0.9202632195636874,0.6978853125646727,0.0,0.03125,0.0,61,0.05215020742645908,0.39513200521469116,1.5,1.0,63,0.984375,52,0.8253968253968254,0.8823486312224526,34.126507936507934,20.731119477481663,-0.626164919309171,0.3546555606370362,2.7301587301587302,1.2996501263783313,-0.5354033881485633,0.4062794882168216,3.2145452380952406,1.4733071924074599,0.42846620720074163,0.7041465858194047,283.6214126984127,76.78643264867209,-0.4044351844431355,0.5098119951018318,0.984375,0.9980435371398926,0.0022935778833925724,1.0648608207702637,0.05340558663010597
175,2.026327031619075,0.96875,0.9098831496892437,0.6299004096375699,0.0,0.03125,0.0,62,0.028437960877007434,0.36979690194129944,1.5,1.0,64,1.0,54,0.84375,0.8843358065448054,37.7165625,30.877899925490297,-0.5647484186076133,0.5282405960403711,2.796875,1.6880062897913028,-0.5145474274429079,0.5276822720236843,3.3969687500000023,1.6340987129076896,0.5156529756784173,0.7809946462730695,300.9507500000001,91.80116412898865,-0.28937965029770807,0.6095000512838615,1.0,1.0002022981643677,0.005328597035259008,1.0446386337280273,0.06703225523233414
176,2.0929059410637287,0.96875,0.9334701251599097,0.66162499461245,0.0,0.015625,0.0,62,0.04251115912826339,0.4362545907497406,1.5,1.0,63,0.984375,53,0.8412698412698413,0.8905438256362438,36.700476190476195,26.73510405182915,-0.5821310138963631,0.4573681284549122,2.6507936507936507,1.4601449173428735,-0.5602134529285251,0.45645125384134816,3.173696349206351,1.4983622839962807,0.40894305154531674,0.7161213167448894,282.88139682539685,84.63580736880533,-0.40934840876696094,0.5619267404850739,0.984375,0.9990457892417908,0.0014443909749388695,1.0446385145187378,0.06342314183712006
177,2.0210037672549577,0.9375,0.9229204932848613,0.6655391633357796,0.0,0.0625,0.0,60,0.030168397963275598,0.3144547939300537,1.5,1.0,64,1.0,47,0.734375,0.8728413643847472,31.831875,19.887254781250604,-0.6654201236138586,0.34021922943607474,2.5625,1.3905372163304368,-0.5878146499962325,0.4346914120429333,3.204991875000002,1.3635432855167229,0.4239003108002678,0.6516864602721889,277.20582812500004,86.85611628912406,-0.4470304953371963,0.5766681483271227,1.0,0.9982712864875793,0.011068334802985191,1.0837910175323486,0.055421579629182816
178,2.0985237933868035,0.96875,0.9312933938157174,0.6937428393302372,0.0,0.03125,0.0,62,0.031943943444096345,0.3537251353263855,1.5,1.0,64,1.0,54,0.84375,0.88657119408643,31.860625000000002,21.636225473367002,-0.6649282858537516,0.3701395712692325,2.515625,1.145537367079311,-0.6024680945068974,0.35810278919231703,3.199142343750002,1.226988211980793,0.4211046090759038,0.5864218709847906,275.80509374999997,66.03612710330397,-0.456330460991205,0.4384369548897874,1.0,0.9984228014945984,0.009082217700779438,1.0446385145187378,0.0540519542992115
179,2.132853450500712,1.0,0.9289538767188787,0.6579900933023619,0.0,0.0,0.0,64,0.023962602279336984,0.37118202447891235,1.5,1.0,64,1.0,58,0.90625,0.8921035522525739,33.814062500000006,23.34362471310087,-0.6315100484795261,0.39934873362328704,2.625,1.3287682265918312,-0.5682767239820126,0.4153820048191576,3.0132017187500013,1.2614940141028659,0.3322368855396254,0.6029134369531307,275.03390625000003,73.57441252796362,-0.4614506446540068,0.4884862695854774,1.0,1.0003193616867065,0.008870215155184269,0.9999998807907104,0.056603386998176575
180,2.0926160902258046,0.953125,0.9364060065785392,0.685790864909014,0.0,0.046875,0.0,61,0.046928424613135004,0.3751922845840454,1.5,1.0,64,1.0,52,0.8125,0.8772178178321605,34.1759375,27.207510837930283,-0.62531930797731,0.46544978047353197,2.5625,1.4017288432503627,-0.5878146499962325,0.43818999090277755,3.076882968750002,1.4766685109157889,0.3626724491473344,0.7057530810321403,272.569890625,77.95912502898503,-0.47781010658513823,0.5175979101577306,1.0,0.997661828994751,0.0009596928721293807,1.0648607015609741,0.06015506014227867
181,2.123209201136027,0.984375,0.9247226360298338,0.6791054060245476,0.0,0.015625,0.0,63,0.03614137886884007,0.3532015085220337,1.5,1.0,64,1.0,50,0.78125,0.8841296830338577,30.74515625,23.236819179926197,-0.6840110563396414,0.3975215686075075,2.375,1.231107225224513,-0.6464284280388921,0.38485251011212895,3.627293593750002,1.451667286611081,0.6257335163774249,0.6938040952223998,283.2623593750001,71.3192661648501,-0.40681906509552185,0.47351356377056,1.0,0.9994599223136902,0.0,1.023047924041748,0.05767744407057762
182,2.07352874372964,0.953125,0.9179260085840695,0.7097665816560815,0.0,0.046875,0.0,61,0.02933345528054155,0.2947097420692444,1.5,1.0,64,1.0,52,0.8125,0.8734413641042014,27.03515625,22.736183991065563,-0.7474795116438815,0.38895700200159616,2.140625,1.2974396361199236,-0.7196956505922166,0.4055884738948388,3.3041254687500023,1.283305762015296,0.47127982672118474,0.6133380570883207,262.32809375,69.12298222658991,-0.545808979799647,0.45893166619110654,1.0,0.9988721609115601,0.0,1.0648607015609741,0.06370318681001663
183,2.123836492482142,0.96875,0.9484397124859595,0.6924060844321563,0.0,0.03125,0.0,62,0.01975111427103581,0.3433074951171875,1.5,1.0,64,1.0,53,0.828125,0.8850685070530737,26.319375,20.016158072526682,-0.7597246680517623,0.3424244296465667,2.140625,1.0878187392093408,-0.7196956505922166,0.3400595526968647,3.6843596875000024,1.3876815963077256,0.6530074584902384,0.6632230286257027,272.840796875,60.33277769100201,-0.47601146519714765,0.4005704224523177,1.0,0.9985082745552063,0.0009694619220681489,1.0446386337280273,0.07176411151885986
184,2.077077187760898,0.953125,0.9453151450782525,0.6963278564349433,0.0,0.046875,0.0,61,0.03481868052769891,0.33779433369636536,1.5,1.0,64,1.0,59,0.921875,0.8797738840797499,23.8634375,17.545218830456168,-0.8017393741026402,0.30015308278811786,2.3125,1.1575161985907585,-0.665966354053112,0.3618474535732365,3.7870003125000027,1.3291127215763745,0.7020631109927017,0.6352308533414871,279.25365625000006,73.2496373240209,-0.4334342478489369,0.4863299733626901,1.0,0.9986337423324585,0.0,1.0648608207702637,0.06081605330109596
185,2.013499360179582,0.9375,0.9177286297082901,0.7036494983055182,0.0,0.03125,0.0,60,0.01954285946683652,0.2570510506629944,1.5,1.0,62,0.96875,52,0.8387096774193549,0.8892916013887794,26.20629032258065,21.213114190463603,-0.7616592529020008,0.3629012371593473,2.1774193548387095,1.198442450855479,-0.7081934844709421,0.374641278993835,3.532591774193551,1.3239700763691942,0.580472105006321,0.6327729979238403,264.5429516129032,59.051736755871616,-0.5311037634351882,0.3920651434281692,0.96875,0.9992404580116272,0.003015075344592333,1.0837911367416382,0.059188537299633026
186,2.0431402262626785,0.953125,0.9412045048885658,0.6834396975561408,0.0,0.046875,0.0,61,0.015861169575403615,0.27608951926231384,1.5,1.0,64,1.0,54,0.84375,0.8925990729712525,31.456249999999997,22.370521374400287,-0.6718460908709085,0.382701465224709,2.40625,1.283534548619553,-0.6366594650317822,0.4012416487619829,3.179476093750002,1.540693560805712,0.41170539968852377,0.7363529589932588,271.63951562500006,87.28859266965968,-0.4839871917625814,0.5795395103475992,1.0,0.9980586767196655,0.0009280742378905416,1.0648608207702637,0.05790141224861145
187,2.0495917381973,0.9375,0.9393001645803452,0.7104489536430222,0.0,0.046875,0.0,60,0.041840736017205796,0.423307865858078,1.5,1.0,63,0.984375,56,0.8888888888888888,0.8850764277521977,29.729841269841266,22.710956484024383,-0.70138045618814,0.38852542493877124,2.4603174603174605,1.2061403327944682,-0.6197576084004331,0.3770476893584777,3.5417734920634945,1.4918368645580775,0.5848603787644319,0.7130025837052835,287.29028571428574,78.7330222864766,-0.3800762526959676,0.5227360848487049,0.984375,0.9978451728820801,0.0017977528041228652,1.0837910175323486,0.054742347449064255
188,2.060913081900212,0.953125,0.9242735226623348,0.7114305834357312,0.0,0.046875,0.0,61,0.026958228744743264,0.3492255210876465,1.5,1.0,64,1.0,53,0.828125,0.8914875992509398,27.41703125,23.411833992107994,-0.7409466231346343,0.4005156170669523,2.359375,1.2914041231833666,-0.651312909542447,0.4037017314114417,3.4874553125000025,1.459056482799726,0.5588997638399509,0.6973356582901686,274.423859375,70.55088552152166,-0.4655009593218647,0.4684120158113623,1.0,0.9990494847297668,0.0009610764100216329,1.0648608207702637,0.05680491402745247
189,2.131286395885156,0.96875,0.9462637680192147,0.6918352406302745,0.0,0.03125,0.0,62,0.02962493756580227,0.35466164350509644,1.5,1.0,64,1.0,46,0.71875,0.8823701866611433,30.631874999999997,22.585265791205003,-0.6859490040357152,0.38637518393624676,2.25,1.3228756555322954,-0.6855042800673319,0.4135399469408417,3.449313437500002,1.305415570678333,0.5406703876471188,0.6239051311944059,272.710109375,66.44248913372313,-0.476879145239203,0.4411349346020303,1.0,0.9988231658935547,0.0033702454529702663,1.0446385145187378,0.061071764677762985
190,2.1088445159111133,0.96875,0.9330781352135443,0.6957947100569053,0.0,0.03125,0.0,62,0.03773350176830882,0.30561742186546326,1.5,1.0,64,1.0,52,0.8125,0.8885835109544017,31.485625000000002,20.072767923467232,-0.6713435609855818,0.34339287703044813,2.375,1.2562344526401112,-0.6464284280388921,0.39270745267514395,3.2456654687500017,1.3311240270220537,0.44333968659349143,0.6361921286749094,266.7395,72.9306846081007,-0.5165201100873738,0.48421233467526203,1.0,0.9992837309837341,0.0039331368170678616,1.0446385145187378,0.0637059137225151
191,2.0211303643044434,0.953125,0.8970526476375392,0.6968467770645187,0.0,0.03125,0.0,61,0.02584108330443109,0.35013502836227417,1.5,1.0,63,0.984375,56,0.8888888888888888,0.8776461515853453,34.339523809523804,21.620205381208194,-0.6225207714882541,0.3698655091390031,2.4761904761904763,1.1799534946060826,-0.6147955954444408,0.36886150524534134,2.956572063492065,1.3398121607128959,0.30517153310565875,0.6403445007715611,262.6877142857143,72.61376414156796,-0.5434213332263135,0.4821081888026323,0.984375,0.9980990886688232,0.008321096189320087,1.0648608207702637,0.05859582498669624
192,2.0973214940114464,0.96875,0.9334561507548055,0.6729552709203678,0.0,0.03125,0.0,62,0.04681549874643065,0.31362026929855347,1.5,1.0,64,1.0,50,0.78125,0.8966982808502684,33.48125,27.738723356302824,-0.6372036051590254,0.47453744569708467,2.5,1.5103807466993215,-0.6073525760104523,0.47215531651701625,2.9897164062500017,1.46350652556878,0.3210124085948315,0.6994624940503738,258.49879687500004,70.1139169887521,-0.5712330216823207,0.46551082882033173,1.0,0.9995120763778687,0.007865757681429386,1.0446383953094482,0.060180436819791794
193,1.9662290651617305,0.921875,0.9146868697667526,0.674537280966666,0.0,0.078125,0.0,59,0.03077197506500344,0.28094789385795593,1.5,1.0,64,1.0,48,0.75,0.8963059908315789,30.41734375,20.43105473615682,-0.689619076017383,0.3495222329758087,2.28125,1.1520192869479227,-0.6757353170602219,0.3601290815254856,2.6466121875000015,1.5025570708040825,0.15703054150147464,0.7181261564851525,241.37817187500002,77.15423076490096,-0.6849028418258829,0.5122539354936619,1.0,0.998602032661438,0.009926854632794857,1.1014961004257202,0.07056748867034912
194,1.9894509240080775,0.9375,0.8930155292153359,0.7034313468711428,0.0,0.0625,0.0,60,0.045128248969007294,0.3177866041660309,1.5,1.0,64,1.0,51,0.796875,0.892365672594512,31.29890625,22.810347166718245,-0.6745378333949722,0.3902257411388287,2.390625,1.3064406260427606,-0.6415439465353372,0.40840224469751285,2.705643125000001,1.2100645184166265,0.1852435532294779,0.5783334281236727,248.81671875,69.51866651426006,-0.6355157262614275,0.4615587526329332,1.0,0.9996724128723145,0.006673511117696762,1.0837910175323486,0.07209181785583496
195,2.1061029684116677,0.96875,0.9260532356077625,0.7240000110939057,0.0,0.03125,0.0,62,0.036955702610182814,0.41522714495658875,1.5,1.0,64,1.0,53,0.828125,0.8830061211843656,32.29390625,22.104411650815567,-0.6575159700451828,0.37814901964590564,2.5625,1.248436522214886,-0.5878146499962325,0.3902697664717506,2.9253789062500015,1.1298265850315787,0.2902631994695244,0.5399848290416555,267.77534375,72.54362296043391,-0.5096427809735518,0.4816424969576112,1.0,0.9993869066238403,0.015617374330759048,1.0446385145187378,0.07100643217563629
196,2.0299050164600514,0.953125,0.9182801246643066,0.6680860310605884,0.0,0.046875,0.0,61,0.0385672267080141,0.3871573507785797,1.5,1.0,64,1.0,51,0.796875,0.8879501022110114,34.28453125,23.757929395367633,-0.6234615512203842,0.4064364096903451,2.6875,1.2975337182516684,-0.5487387979677927,0.40561788461050746,3.108059218750002,1.5847271485192909,0.3775727022033726,0.7573981969515629,283.5495156250001,81.29149137632588,-0.4049125342714076,0.5397226563836829,1.0,0.9984737634658813,0.0072393822483718395,1.0648609399795532,0.0662696361541748
197,2.112110421685916,0.984375,0.9285654250591521,0.7126444710502505,0.0,0.015625,0.0,63,0.03003355741723253,0.3857026696205139,1.5,1.0,64,1.0,59,0.921875,0.8914726873931008,30.169531250000002,25.753758975007386,-0.6938585036670007,0.4405798653427025,2.328125,1.2876175613803191,-0.661081872549557,0.40251802638174233,3.001255156250002,1.47737175495349,0.3265271929242606,0.7060891866934016,268.267140625,63.479970128593344,-0.5063775694331775,0.42146573429625955,1.0,0.9997632503509521,0.009139008820056915,1.0230478048324585,0.06988915055990219
198,2.1868171937768732,1.0,0.9358304273337126,0.7266345263705956,0.0,0.0,0.0,64,0.014147959583990628,0.25739729404449463,1.5,1.0,64,1.0,56,0.875,0.8624025114753121,24.396406250000002,16.13942981946577,-0.7926216643215266,0.2761036873672996,2.21875,0.7997802432543579,-0.6952732430744418,0.25001675552541475,3.416253125000002,1.1390064028845988,0.5248696732455568,0.5443721947132271,271.403296875,53.39851344304909,-0.48555553070038543,0.3545314157050325,1.0,0.9979090094566345,0.004431314766407013,0.9999999403953552,0.06257374584674835
199,2.0534268476359565,0.953125,0.9369134003998804,0.6796628583922646,0.0,0.046875,0.0,61,0.030413735622350675,0.35468536615371704,1.5,1.0,64,1.0,55,0.859375,0.8814956818821078,29.120937500000004,22.284038340168365,-0.7117972167543809,0.38122196533448693,2.28125,1.1520192869479227,-0.6757353170602219,0.3601290815254856,3.3773934375000025,1.6290744667891766,0.5062972285984758,0.7785933780454392,274.84509375000005,73.6772058739843,-0.4627042369098885,0.4891687505786729,1.0,0.9989199638366699,0.0019417476141825318,1.0648607015609741,0.06547703593969345
