step,reward_mean,valid_frac,c_mean,qed_mean,tox_mean,undersized_frac,alerts_mean,n_rankable,d_var,d_loss,w_C,unique,n_valid,unique_smiles_frac,n_scaffolds,scaffold_frac,tanimoto_dist,tpsa_mean,tpsa_sd,tpsa_drift_sd,tpsa_spread_ratio,hba_mean,hba_sd,hba_drift_sd,hba_spread_ratio,logp_mean,logp_sd,logp_drift_sd,logp_spread_ratio,mw_mean,mw_sd,mw_drift_sd,mw_spread_ratio,rdkit_valid_frac,ratio_mean,clip_frac,adv_std,kl
0,0.749358439806705,0.71875,0.8301202739062516,0.5074400216588271,0.0,0.203125,0.0,46,0.017251903344619977,0.7466388940811157,0.0,1.0,59,0.921875,50,0.847457627118644,0.9214878872059139,56.590508474576275,36.21754698914526,-0.24186426860706484,0.6195880760942798,3.7796610169491527,2.365484840187797,-0.20732181965150978,0.7394666847255664,1.9012279661016958,1.8068659180749833,-0.19921543172534736,0.8635663178749182,269.90435593220343,138.5319238914869,-0.49550752412197546,0.9197619171547152,0.921875,0.9849976301193237,0.05401529744267464,1.2392394542694092,0.005116176791489124
1,0.9289930067205836,0.84375,0.8490308197560134,0.5809193849351973,0.0,0.15625,0.0,54,1.2266637964058677e-06,0.726579487323761,0.0,1.0,64,1.0,47,0.734375,0.9197537890429156,47.9553125,36.75804240098137,-0.38959002325820974,0.6288345474927345,3.015625,2.027099124210506,-0.4461646863931384,0.6336850033970364,2.421124687500001,1.9323256598591,0.049261941654687336,0.9235280483886439,270.90668750000003,124.97691864086288,-0.48885269411222676,0.8297654941921497,1.0,0.9959676265716553,0.015077820979058743,1.1734495162963867,0.010514559224247932
2,0.8541154850103088,0.75,0.8780685588717461,0.6332886003418826,0.0,0.25,0.0,48,9.730055161296866e-07,0.6750563383102417,0.0,1.0,64,1.0,44,0.6875,0.9275524312121954,40.10078125,29.68097345652848,-0.523960633925698,0.5077642957444776,2.609375,1.6261264124830517,-0.5731612054855676,0.5083382005898025,2.111610781250001,1.6760916211376486,-0.09866590494289472,0.8010645699869664,222.328359375,101.54115897466275,-0.81138121283416,0.6741672852374699,1.0,0.9946800470352173,0.0075934580527246,1.2279804944992065,0.01515430398285389
3,0.9547226516436201,0.828125,0.8878837874475515,0.6256659186296069,0.0,0.15625,0.0,53,0.0037454385295862765,0.6856792569160461,0.0,1.0,63,0.984375,45,0.7142857142857143,0.9141230613486173,34.707936507936516,24.83449688285511,-0.6162181879619141,0.4248536807042526,2.2063492063492065,1.4492332965731212,-0.6991498156963107,0.4530402068126338,2.771454126984129,1.94637744588414,0.21669700203858533,0.9302439031711273,232.65350793650796,93.12659248398663,-0.7428289386068949,0.618300033920348,0.984375,0.9988119006156921,0.007799442857503891,1.1848077774047852,0.018832480534911156
4,0.9059206868524101,0.828125,0.8088569196889985,0.5811743299938197,0.0,0.140625,0.0,53,0.0074034254032503905,0.6687458753585815,0.0,1.0,62,0.96875,46,0.7419354838709677,0.925942743525389,47.77967741935484,26.327593764799865,-0.39259468289858274,0.4503966868273283,3.064516129032258,1.7493866919943546,-0.4308809862045954,0.5468702041351449,2.2883025806451633,1.5245728474590754,-0.014218528368911446,0.7286482893069195,242.98791935483868,99.20837376423987,-0.6742151650319683,0.6586791079482454,0.96875,0.9992080926895142,0.0005330490530468524,1.1848078966140747,0.025615079328417778
5,1.0384694220203716,0.90625,0.8638174744515583,0.6408891226718649,0.0,0.09375,0.0,58,4.958110027750151e-06,0.6782165765762329,0.0,1.0,64,1.0,55,0.859375,0.9143509511497505,38.77703125,27.7508858349427,-0.5466065551410585,0.4747455140884442,2.71875,1.575880210390371,-0.5389698349606828,0.49263089532608517,2.7428870312500013,1.5958218864621152,0.2030437578057296,0.7627007719225267,256.028375,103.62572080335863,-0.5876350169488473,0.6880074206382509,1.0,0.9974392652511597,0.0015731515595689416,1.1180340051651,0.02009434625506401
6,0.8061685402059707,0.734375,0.8635293524316017,0.5934984554225587,0.0,0.234375,0.0,47,0.00739823488162728,0.657447338104248,0.0,1.0,62,0.96875,42,0.6774193548387096,0.9311572955342253,42.78370967741935,28.042507839273448,-0.47806270320328825,0.47973440846785087,2.903225806451613,1.9403165473319441,-0.48130144043484024,0.6065561783350093,1.990589193548388,1.57181029998934,-0.1565064817280291,0.7512247696861675,224.66579032258065,107.1837313725358,-0.7958621908703304,0.7116302978093391,0.96875,0.997693657875061,0.0005461496184580028,1.2340248823165894,0.026210805401206017
7,0.9443215211360891,0.859375,0.9146546320481734,0.6042635887393148,0.0,0.09375,0.0,55,0.010818734365904359,0.6523131132125854,0.0,1.0,61,0.953125,51,0.8360655737704918,0.9164460668088791,34.67655737704918,27.877940505655573,-0.6167550033166874,0.47691908920686327,2.6885245901639343,1.5422039116579327,-0.5484185040987072,0.4821034547970108,2.7222198360655754,1.6719877167733508,0.19316616065384382,0.7991031662406589,253.53918032786888,105.93121306424548,-0.6041616513844159,0.7033143904852852,0.953125,0.99766606092453,0.0010167767759412527,1.1611263751983643,0.030689077451825142
8,1.0126611779103363,0.890625,0.8754587591740123,0.6667675650847285,0.0,0.109375,0.0,57,2.8496541229438253e-05,0.6459905505180359,0.0,1.0,64,1.0,52,0.8125,0.9169925432150877,39.72578125,29.642207123283658,-0.5303759090575282,0.5071011045614969,2.84375,1.9543121392193212,-0.499893982932243,0.6109312957561419,2.6350670312500015,1.467412744335972,0.1515126953943739,0.7013294167278415,250.28312499999998,96.79964114239723,-0.6257797420497008,0.642686689219444,1.0,0.9979895353317261,0.0035989717580378056,1.1334558725357056,0.034151673316955566
9,0.9423787531686417,0.828125,0.9071732973152736,0.6730532338235363,0.0,0.171875,0.0,53,5.1048633846028984e-05,0.6485899090766907,0.0,1.0,64,1.0,54,0.84375,0.9193376641093812,38.572812500000005,26.669071240668355,-0.550100207056601,0.45623847871804635,2.734375,1.4709923043221538,-0.5340853534571278,0.45984222094932875,2.379627187500001,1.4732243644686196,0.029428791381869237,0.704106999363406,234.48796875,92.73749873617888,-0.730649311360223,0.6157167043787986,1.0,1.0003069639205933,0.013997760601341724,1.1848080158233643,0.03902600705623627
10,0.9826984833413261,0.890625,0.9161352933498851,0.6415653450117202,0.0,0.109375,0.0,57,7.017935619050403e-05,0.6455720663070679,0.0,1.0,64,1.0,52,0.8125,0.9145967703809103,36.81921875,22.046041899900047,-0.580099637391822,0.37715046494857374,2.8125,1.4456291882775472,-0.509662945939353,0.4519135379930152,3.1258343750000015,1.7631864491904958,0.3860680897575399,0.842690326062811,270.898640625,88.25882797441699,-0.4889061201310767,0.5859812420360567,1.0,0.9986150860786438,0.004835589788854122,1.133455753326416,0.04692643880844116
11,1.0078697075141498,0.921875,0.8582962059368522,0.614185755688977,0.0,0.078125,0.0,59,0.00010487455564146732,0.6219679713249207,0.0,1.0,64,1.0,55,0.859375,0.910027610309861,45.200625,28.905697960944917,-0.43671556516411225,0.4945013474587854,3.0,1.6393596310755,-0.45104916789669336,0.5124749949224305,2.7752925000000013,1.8428625463663875,0.21853149878723108,0.8807704033793026,261.663640625,96.34527588077546,-0.5502205165988336,0.6396699992581822,1.0,0.9987486004829407,0.00656897434964776,1.1014958620071411,0.04516979679465294
12,0.9563373498807897,0.859375,0.90089412169023,0.6742702609720802,0.0,0.078125,0.0,55,0.01245319104887485,0.5746777057647705,0.0,1.0,60,0.9375,51,0.85,0.9041252542004609,38.75583333333334,26.114678075217046,-0.5469691963880938,0.4467542528845093,2.7,1.563116545025781,-0.5448312127649487,0.4886408865330672,3.0432065000000015,1.7142179839067788,0.3465772514757489,0.8192865323258093,264.7758333333333,93.635348297739,-0.5295575802043767,0.6216778417892912,0.9375,0.9967535734176636,0.015306122601032257,1.161125898361206,0.041265182197093964
13,0.9697075270080855,0.875,0.8433377705514431,0.6568426763343298,0.0,0.109375,0.0,56,0.0034280662430279016,0.6171010136604309,0.0,1.0,63,0.984375,49,0.7777777777777778,0.9047851209531458,36.949841269841265,23.315091065732002,-0.5778650256499696,0.398860597094258,2.5238095238095237,1.38995423993585,-0.5999095565764638,0.43450916964828573,2.8240744444444457,1.6013577152655707,0.24184614749539243,0.7653465439459866,249.25753968253966,82.1060207596166,-0.6325889618403097,0.54513060197564,0.984375,0.9983731508255005,0.0005122950533404946,1.1478067636489868,0.046773988753557205
14,1.017507156399999,0.921875,0.8774373016114962,0.6535461345231113,0.0,0.0625,0.0,59,0.0032343047121003916,0.6016209721565247,0.0,1.0,63,0.984375,49,0.7777777777777778,0.8940860012447716,34.798412698412704,24.56850126937602,-0.6146703755491552,0.4203031872527105,2.5238095238095237,1.2953781436890897,-0.5999095565764638,0.4049440373093587,2.9116960317460334,1.702492957286826,0.283723660793669,0.8136827196887512,253.29522222222224,71.01139580141279,-0.6057813746124766,0.47146950469915033,0.984375,0.9989548325538635,0.0,1.1014959812164307,0.04294746741652489
15,0.9929661061112882,0.921875,0.895982493788509,0.6549178263588903,0.0,0.0625,0.0,59,0.003145790173920407,0.5567866563796997,0.0,1.0,63,0.984375,52,0.8253968253968254,0.8894750937527491,34.82000000000001,28.725040953456922,-0.6143010729383915,0.49141077570537584,2.5396825396825395,1.4455777866701551,-0.5949475436204715,0.4518974695001794,3.0696365079365098,1.7984690424765564,0.3592091044576524,0.8595531485137335,262.83709523809523,76.395746436423,-0.5424295408127765,0.5072180926316285,0.984375,0.9976916313171387,0.0005194804980419576,1.1014961004257202,0.04868055880069733
16,0.9632984114026718,0.921875,0.8649034191996364,0.6228401404525531,0.0,0.0625,0.0,59,0.0033379957491628492,0.5689043998718262,0.0,1.0,63,0.984375,54,0.8571428571428571,0.9071738722995613,37.68492063492063,21.293251622902524,-0.5652897286613957,0.364272180299225,2.5714285714285716,1.3997084244475304,-0.5850235177084867,0.43755839421337794,3.0125034920634937,1.7290352229074106,0.33190317785125867,0.8263682246621618,266.62538095238097,91.50137870995792,-0.517277786376517,0.6075096709874129,0.984375,0.9991756677627563,0.0,1.1014961004257202,0.05064849182963371
17,0.9658887162119625,0.90625,0.8634171789062435,0.6749475059252916,0.0,0.046875,0.0,58,0.009268831540989673,0.59220951795578,0.0,1.0,61,0.953125,48,0.7868852459016393,0.9074473150872837,33.435409836065574,20.72160293294713,-0.6379878111956322,0.3544927572997206,2.4262295081967213,1.3605569784423888,-0.6304137345846135,0.425319385327007,3.2656198360655755,1.5299639853572184,0.4528765976259339,0.7312249083339779,266.0873770491803,84.22920729365116,-0.5208497825456612,0.5592271803105396,0.953125,0.9980470538139343,0.00756429648026824,1.118033766746521,0.048567239195108414
18,0.8222124296219725,0.796875,0.8741528310027777,0.6211012322363791,0.0,0.1875,0.0,51,0.0037114774702670075,0.5440397262573242,0.0,1.0,63,0.984375,44,0.6984126984126984,0.9186652217731833,33.84603174603174,25.317835205464462,-0.630963137788724,0.43312234289437607,2.3968253968253967,1.5175134479640788,-0.6396056602244027,0.474385047550494,2.970182857142859,1.6119696783447737,0.3116766217449385,0.7704183834167844,241.3920793650794,102.30245921485175,-0.6848105051328023,0.6792218239226835,0.984375,0.9970929026603699,0.010758777149021626,1.2047359943389893,0.05361330136656761
19,0.9648856626290104,0.921875,0.9007915632199432,0.6685743117836286,0.0,0.046875,0.0,59,0.006157187032274865,0.5289182662963867,0.0,1.0,62,0.96875,53,0.8548387096774194,0.8981950534530156,37.598387096774196,24.21266971686307,-0.5667700925423027,0.4142158344261588,2.6129032258064515,1.4068362895068725,-0.572058258049281,0.4397866134160782,2.858151290322582,1.625565718342372,0.2581326998208273,0.7769164207536747,252.47472580645166,77.06659921806417,-0.6112289374210236,0.5116721189905938,0.96875,0.9989433288574219,0.0016094420570880175,1.1014959812164307,0.04293498769402504
20,0.9526944972440796,0.9375,0.8918373013536135,0.6645833339896511,0.0,0.0625,0.0,60,0.0024171126911612627,0.5865768194198608,0.0,1.0,64,1.0,59,0.921875,0.9052342607511421,40.375625,25.97406776930358,-0.5192587718603274,0.44434877608769413,2.734375,1.3374671432880136,-0.5340853534571278,0.4181013454721796,2.6708153125000016,1.6162948892470574,0.16859808690051797,0.7724855575305652,259.1359375,87.58736471961781,-0.5670028221276956,0.5815231625321815,1.0,0.9987096190452576,0.00148148147854954,1.0837910175323486,0.049201589077711105
21,0.9272631824268779,0.90625,0.8378995348667276,0.6588673413412324,0.0,0.078125,0.0,58,0.005705747976179427,0.5013329386711121,0.0,1.0,63,0.984375,50,0.7936507936507936,0.900342422243756,41.65238095238095,22.187770027100747,-0.49741679663172556,0.3795750647616711,2.7777777777777777,1.2779502989124027,-0.5205173492805862,0.3994959742400112,2.6291096825396836,1.4739199749388407,0.1486654638214041,0.7044394566677555,249.93955555555556,83.20729484346644,-0.6280608198115711,0.552442345970966,0.984375,0.9988343119621277,0.0015641292557120323,1.1180338859558105,0.043199341744184494
22,0.9696217376408425,0.953125,0.890982840881973,0.6450885695290697,0.0,0.046875,0.0,61,0.005485948787729382,0.5162152647972107,0.0,1.0,64,1.0,50,0.78125,0.9022446178143672,44.636250000000004,25.279366926161345,-0.4463705542375167,0.4324642506395025,2.859375,1.5798258161503123,-0.49500950142868805,0.49386431858078933,2.378020000000001,1.4842070372971903,0.028660658573770134,0.7093560143789187,246.72170312500003,75.65645633629028,-0.6494252680738145,0.5023096869679333,1.0,0.9978572726249695,0.0071038249880075455,1.0648608207702637,0.04560885950922966
23,0.9593637684428793,0.90625,0.8567164977049005,0.6766242053185954,0.0,0.09375,0.0,58,0.006472064974413397,0.5628193020820618,0.0,1.0,64,1.0,48,0.75,0.9004875328682868,36.456875,25.14310223966754,-0.5862983969879529,0.43013311609387495,2.5,1.3693063937629153,-0.6073525760104523,0.4280545121942091,2.1886121875000004,1.2980039171135394,-0.061864158780486185,0.620362834937508,229.337015625,71.26997441671448,-0.7648482915543847,0.4731862986067509,1.0,0.9961347579956055,0.00345224398188293,1.1180340051651,0.04389600828289986
24,0.9388569012243286,0.90625,0.8926254618784477,0.6961378899786623,0.0,0.09375,0.0,58,0.011911097093196038,0.5158368349075317,0.0,1.0,64,1.0,53,0.828125,0.8979777484296114,35.41359375,23.939006177626943,-0.6041462270109655,0.4095341626988251,2.625,1.4415703243338496,-0.5682767239820126,0.4506447094580752,2.7407417187500016,1.3986635823802436,0.20201843567319996,0.6684717154157562,256.254953125,75.99172952150572,-0.5861306854938206,0.5045356829617944,1.0,0.9976391792297363,0.013882002793252468,1.1180338859558105,0.04181245341897011
25,0.9530589206279249,0.9375,0.8647445778052012,0.7015392630484295,0.0,0.0625,0.0,60,0.00798155287594836,0.5124631524085999,0.0,1.0,64,1.0,54,0.84375,0.8993364855590537,36.31453125,20.96413402469259,-0.5887335285067434,0.358641833783908,2.546875,1.0887160944778027,-0.5926991314997875,0.3403400720703636,2.753066250000001,1.5376969727520902,0.20790877317120063,0.7349207816049049,253.16285937499998,73.31868809495029,-0.60666017787097,0.4867884255928113,1.0,0.9979434609413147,0.007780082989484072,1.0837910175323486,0.04621543735265732
26,0.9166533786942765,0.921875,0.8993007571010266,0.6429351083835919,0.0,0.078125,0.0,59,0.01287342387596042,0.4814760088920593,0.0,1.0,64,1.0,50,0.78125,0.8982160911269267,39.9996875,27.789635712390037,-0.5256900851799872,0.4754084237555091,2.65625,1.6318964236433635,-0.5585077609749026,0.5101419454082248,2.883038281250002,1.5911566012009906,0.2700270893840969,0.7604710640208592,266.72390625,89.37266287586193,-0.5166236424501154,0.5933763816946188,1.0,0.9990771412849426,0.0014464802807196975,1.1014959812164307,0.047324635088443756
27,0.923944363585782,0.921875,0.9101457479646651,0.6706511557769911,0.0,0.078125,0.0,59,0.01491578257272638,0.4859897494316101,0.0,1.0,64,1.0,51,0.796875,0.8957129451808002,40.47703125,22.99003926158073,-0.5175239745434282,0.39329980574564943,2.65625,1.301666599978658,-0.5585077609749026,0.40690985160902654,2.7428837500000016,1.7219950305427911,0.20304218957814177,0.8230034630953916,256.87084375000006,84.77846550978816,-0.5820415721248949,0.5628738978013245,1.0,0.998691737651825,0.008016032166779041,1.1014961004257202,0.04175111651420593
28,0.8466751644085382,0.859375,0.8649055502631448,0.6547079220567745,0.0,0.125,0.0,55,0.016042784054509446,0.4713030457496643,0.0,1.0,63,0.984375,47,0.746031746031746,0.9006520638135062,41.91825396825396,27.19847507044692,-0.4928684005065128,0.46529520198171065,2.6984126984126986,1.4868195590281263,-0.545327414060548,0.46478992865258484,2.5261298412698423,1.7383471721226933,0.09944768764270158,0.8308187406720311,249.17453968253966,87.25531854873996,-0.6331400278832793,0.5793185918156893,0.984375,0.998816967010498,0.018172377720475197,1.1611262559890747,0.05060697719454765
29,0.8598438092983393,0.875,0.877798317266362,0.6736622160990713,0.0,0.09375,0.0,56,0.01776734561613994,0.4678165912628174,0.0,1.0,62,0.96875,46,0.7419354838709677,0.9024236628167903,47.79870967741936,33.53127723743575,-0.392269090440279,0.573632983999534,2.9193548387096775,1.6194223093513855,-0.47625939501181574,0.5062424522541514,2.151398225806452,1.5989289315174802,-0.07965005177440235,0.7641857406914276,240.96761290322584,80.40521917186699,-0.6876286865003557,0.5338383850980796,0.96875,1.0000132322311401,0.006259780842810869,1.1478067636489868,0.0556068979203701
30,0.8865173821814869,0.953125,0.887634627154616,0.6150163445566278,0.0,0.03125,0.0,61,0.027881199791933972,0.48434942960739136,0.0,1.0,63,0.984375,51,0.8095238095238095,0.9034560085450635,50.37238095238095,33.419421722993945,-0.3482402655662343,0.5717194269324498,3.1587301587301586,2.1022010325261338,-0.4014290383367699,0.6571623718481957,2.2902401587301595,1.6464289914597066,-0.013292489997321638,0.7868877306137613,262.65830158730154,90.63765447003628,-0.543616614423029,0.6017751035282503,0.984375,0.998702883720398,0.0029325513169169426,1.0648607015609741,0.05718798562884331
31,0.9248050992785297,0.9375,0.8773811747630437,0.6648922817984501,0.0,0.0625,0.0,60,0.023364670358190672,0.48773446679115295,0.0,1.0,64,1.0,56,0.875,0.8971124457959614,41.01109375,28.72896714974646,-0.5083875535431802,0.4914779427171597,2.859375,1.4127454156269628,-0.49500950142868805,0.4416338465191665,2.396777656250001,1.463101285754791,0.037625618274284976,0.699268815343768,254.114921875,73.29829732574473,-0.6003391017922386,0.4866530441410135,1.0,0.999373733997345,0.0025497195310890675,1.0837911367416382,0.04820149764418602
32,0.8478827443542409,0.875,0.9125550815037319,0.6807709037142826,0.0,0.109375,0.0,56,0.027302805333884,0.45237481594085693,0.0,1.0,63,0.984375,51,0.8095238095238095,0.9093480355275493,36.790476190476184,29.87863054534639,-0.5805913478647241,0.5111456946952069,2.5714285714285716,1.5297503242103823,-0.5850235177084867,0.47821037847442105,2.264463650793652,1.3190400920201462,-0.02561201178570022,0.6304167807917888,239.2811111111111,74.64060944499978,-0.698825962030979,0.4955651239962902,0.984375,0.9966458082199097,0.0033112582750618458,1.1478066444396973,0.04916118085384369
33,0.9285144707119588,0.953125,0.8755419391100524,0.676541205181326,0.0,0.046875,0.0,61,0.03267899595974503,0.5291752219200134,0.0,1.0,64,1.0,49,0.765625,0.8982822289969358,46.40296875000001,28.676551815011223,-0.41614658927268167,0.49058125260128366,3.078125,1.5841469263849866,-0.4266267603789185,0.495215127093819,2.3713407812500016,1.658763771452164,0.02546841930215703,0.7927829663550121,268.5375,86.79606908923792,-0.5045825589396719,0.5762694739556448,1.0,1.0003321170806885,0.0,1.0648608207702637,0.047449689358472824
34,0.9149097800953467,0.9375,0.8922501231233279,0.6601362334216315,0.0,0.0625,0.0,60,0.03478159859733948,0.5562907457351685,0.0,1.0,64,1.0,53,0.828125,0.8998931753815902,46.92828125,32.09773695073219,-0.4071598580255097,0.5491088363948246,3.0,1.6677080080157918,-0.45104916789669336,0.5213368907829528,2.4138389062500014,1.5470310452990659,0.04577980431180823,0.7393818711520236,268.46945312500003,94.49079222468089,-0.5050343459534392,0.6273574333531732,1.0,0.9999062418937683,0.00048426148714497685,1.0837910175323486,0.04732702672481537
35,0.8522545149404092,0.9375,0.9255741884311041,0.6641474055662372,0.0,0.046875,0.0,60,0.03827498252291814,0.44159865379333496,0.0,1.0,63,0.984375,54,0.8571428571428571,0.8986470330893577,38.950476190476195,23.62777598899103,-0.543639363105382,0.40420982326034294,2.5873015873015874,1.316982127789939,-0.5800615047524944,0.4116975899969551,2.6772287301587325,1.586487851315917,0.17166329025464666,0.7582397002505871,257.9397301587302,68.47269584530767,-0.5749448612376317,0.4546141873606222,0.984375,0.999693751335144,0.0,1.0837910175323486,0.047281667590141296
36,0.9387823161805162,0.953125,0.8786808472187793,0.6921264168719161,0.0,0.03125,0.0,61,0.034169312237892734,0.4294280707836151,0.0,1.0,63,0.984375,53,0.8412698412698413,0.892358407107502,38.80412698412698,28.145405367225788,-0.5461430175695292,0.4814947176737161,2.6984126984126986,1.4974573225486674,-0.545327414060548,0.46811536603852244,2.807642380952381,1.500687082362784,0.23399267235759852,0.7172324216393255,271.055634920635,80.74229582635839,-0.4878637800676505,0.5360763549555253,0.984375,0.9983948469161987,0.00048709206748753786,1.0648607015609741,0.04098166897892952
37,0.8637903271004088,0.921875,0.8666596382351245,0.671242337240237,0.0,0.0625,0.0,59,0.03753871126043504,0.45196208357810974,0.0,1.0,63,0.984375,54,0.8571428571428571,0.8965947505006537,45.11539682539682,26.405979951963193,-0.43817359766828046,0.4517376707131627,2.9523809523809526,1.4738845276706822,-0.4659352067646704,0.46074634968213113,2.685705714285716,1.984467646862388,0.1757147463676837,0.9484485824873133,270.16919047619047,87.37471321493595,-0.49374919491478775,0.5801112947825845,0.984375,0.998828113079071,0.0014347202377393842,1.1014961004257202,0.041196659207344055
38,0.8693600644041168,0.921875,0.8725453731367143,0.6644885597842024,0.0,0.0625,0.0,59,0.03898779871574037,0.47061124444007874,0.0,1.0,63,0.984375,48,0.7619047619047619,0.8974570495958875,45.42825396825397,31.874958402197947,-0.43282142527258205,0.5452976745753126,2.9365079365079363,1.6510988728820117,-0.47089721972066284,0.5161447619284891,2.4592514285714295,1.6517413801109964,0.06748408479782753,0.7894267125386638,264.76260317460327,81.7134319425311,-0.5296454198576204,0.5425240674461773,0.984375,1.000093698501587,0.0020682523027062416,1.1014961004257202,0.0453069731593132
39,0.8734082573162283,0.9375,0.8673961321512859,0.6804899931036804,0.0,0.0625,0.0,60,0.03104995524596919,0.5376078486442566,0.0,1.0,64,1.0,52,0.8125,0.8972457429906375,40.926718750000006,27.504376529852454,-0.5098309904478419,0.47052838071588365,2.53125,1.5407866294526313,-0.5975836130033424,0.4816604027191156,2.7323789062500015,1.654700856819669,0.19802154629393848,0.7908411530782629,260.08751562500004,82.48473415881125,-0.5606849619840792,0.5476450127505045,1.0,0.9988186359405518,0.0030379747040569782,1.0837910175323486,0.04220465570688248
40,0.8518901383025811,0.90625,0.8758497325510815,0.6817291576061089,0.0,0.09375,0.0,58,0.034167226471910894,0.46628043055534363,0.0,1.0,64,1.0,43,0.671875,0.9033541848737693,38.08828125,26.388163691007346,-0.5583892771331866,0.45143288080422334,2.40625,1.3195495206698382,-0.6366594650317822,0.41250017451114557,2.4603371875000013,1.776605814318477,0.06800300810622967,0.8491039241144783,238.8513125,79.6651033863548,-0.7016795454032537,0.5289244974202302,1.0,0.9987229108810425,0.0,1.1180340051651,0.04058883711695671
41,0.8714740483651657,0.953125,0.8460676850842648,0.6657104778153927,0.0,0.046875,0.0,61,0.02883084892775041,0.4524836242198944,0.0,1.0,64,1.0,52,0.8125,0.8989132082634523,40.71890625,32.47276720178326,-0.5133861220833978,0.5555246290434964,2.6875,1.7218721642444887,-0.5487387979677927,0.5382689752152556,2.928330625000002,1.6374012328810061,0.2916739322011793,0.7825730395475986,267.8504375,78.16575951780997,-0.50914420729085,0.5189698288336076,1.0,0.9980953335762024,0.0,1.0648608207702637,0.047835152596235275
42,0.7797346464294856,0.859375,0.8584553696892478,0.6258801342244527,0.0,0.109375,0.0,55,0.029662053918520042,0.4487438201904297,0.0,1.0,62,0.96875,35,0.5645161290322581,0.8994183521650663,39.39145161290323,27.947339180101903,-0.53609542000873,0.4781063201144833,2.596774193548387,1.5498145302079553,-0.5771003034723055,0.48448258603145544,2.5116532258064534,1.7485895127094124,0.0925287915663791,0.8357139242373491,243.4661290322581,91.5266872622907,-0.6710401636507001,0.6076777033221998,0.96875,0.9984551072120667,0.0015416238456964493,1.1611262559890747,0.048792701214551926
43,0.9090735972649934,0.921875,0.8809783645605637,0.6757681649051466,0.0,0.0625,0.0,59,0.04239161903093979,0.5488050580024719,0.0,1.0,63,0.984375,49,0.7777777777777778,0.883515032013529,37.38555555555557,30.380444042951602,-0.5704110869253665,0.5197304191005494,2.8412698412698414,1.7201545630659132,-0.5006692974566168,0.5377320413792724,2.9149323809523824,1.3732506668840578,0.28527042867474217,0.6563259675536856,263.503126984127,84.43470379135042,-0.5380075229961762,0.5605915434651328,0.984375,0.999161958694458,0.004935834091156721,1.1014959812164307,0.04433741420507431
44,0.8877930575364135,0.9375,0.8471722637613615,0.6759869910890992,0.0,0.0625,0.0,60,0.034351721688651346,0.5499183535575867,0.0,1.0,64,1.0,48,0.75,0.8890179541921641,47.25359375000001,30.145851101726436,-0.40159460684864684,0.5157171437353635,3.0625,1.8360538526960477,-0.4315112418824735,0.5739629493135798,2.408187187500001,1.5739763999367076,0.04307864430774875,0.7522600268886999,265.468828125,89.5258502418008,-0.5249565452930238,0.5943934462196894,1.0,0.9994402527809143,0.0033637674059718847,1.0837910175323486,0.04773252084851265
45,0.8956088660243733,0.953125,0.8528082092277339,0.6819955941174393,0.0,0.046875,0.0,61,0.04065569508664309,0.466935932636261,0.0,1.0,64,1.0,50,0.78125,0.8872716930449237,43.63296875,26.034970993339392,-0.46353408824646736,0.44539067192397475,2.875,1.3975424859373686,-0.4901250199251331,0.4368813070715717,2.7230351562500013,1.4111569613718045,0.19355583154337164,0.6744427513324956,267.27223437500004,70.75121698263004,-0.5129831001598422,0.4697420864807033,1.0,0.9993191957473755,0.002477700589224696,1.0648608207702637,0.04647263139486313
46,0.8939782010804262,0.96875,0.8823997517747264,0.6636293178913157,0.0,0.03125,0.0,62,0.03569426778539089,0.4899672269821167,0.0,1.0,64,1.0,50,0.78125,0.8912250805434155,42.678593750000005,24.538114094912856,-0.4798609634569752,0.4197833416936168,2.828125,1.29367074032576,-0.504778464435798,0.404410291379932,2.478058593750001,1.471324427719024,0.07647270659895576,0.7031989511421016,254.1849375,69.30769021158365,-0.5998742435583255,0.46015800713562915,1.0,0.9995585680007935,0.011505752801895142,1.0446386337280273,0.049253080040216446
47,0.8239487307768179,0.890625,0.8962275093061882,0.7024119808825788,0.0,0.09375,0.0,57,0.02315096088017231,0.44615599513053894,0.0,1.0,63,0.984375,48,0.7619047619047619,0.8978831429249373,35.41079365079364,22.030406066017267,-0.6041941294291127,0.3768829764785107,2.6031746031746033,1.4202579973503198,-0.5750994917965021,0.4439823307733542,2.410949523809525,1.5504043170964166,0.044398864348253596,0.7409940792722216,239.51390476190483,78.47237602539063,-0.6972803635253003,0.5210055631172417,0.984375,0.9975258708000183,0.0021265284158289433,1.133455753326416,0.05159948766231537
48,0.7982907735123319,0.875,0.8764575208936419,0.6911318300340239,0.0,0.125,0.0,56,0.026023380196730683,0.4261306822299957,0.0,0.984375,64,0.984375,50,0.78125,0.8933539943479286,44.1265625,30.879754604491172,-0.45508998235419595,0.5282723247765626,2.75,1.5512092057488571,-0.5292008719535729,0.4849185711119672,2.058382656250001,1.4115879986818511,-0.1241055435202871,0.674648759591869,235.063203125,80.86227210166135,-0.7268301290612914,0.5368729194287956,1.0,0.9980455040931702,0.004301075357943773,1.1478066444396973,0.06317749619483948
49,0.8329932726376206,0.9375,0.868391611178716,0.6440502352803609,0.0,0.046875,0.0,60,0.03558030173879359,0.5771408677101135,0.0,1.0,63,0.984375,53,0.8412698412698413,0.9021158667644446,44.94730158730159,27.93210437155301,-0.44104927020356427,0.4778456921453582,2.873015873015873,1.4959422734391634,-0.49074527154463216,0.46764175135997205,2.428578412698414,1.8530642201021752,0.05282434546099883,0.8856461507914632,262.9470952380952,91.90611268765544,-0.5416992123220942,0.6101968414879563,0.984375,1.0000357627868652,0.0004723665479104966,1.0837910175323486,0.05420515686273575
50,0.810207539506864,0.90625,0.8602434216902174,0.675267653305277,0.0,0.0625,0.0,58,0.02910329737423999,0.4787026643753052,0.0,1.0,62,0.96875,50,0.8064516129032258,0.8867340384375945,50.48145161290322,27.99196519779838,-0.3463743501100721,0.47886975526531217,2.9516129032258065,1.3491624564992368,-0.4661753041657668,0.4217573800999237,2.148063225806453,1.6959158895119988,-0.08124396842383491,0.8105393020483473,253.8886129032258,74.4165787428154,-0.6018416462448183,0.49407770577271864,0.96875,0.9983164072036743,0.0054753609001636505,1.1180340051651,0.053408484905958176
51,0.7936046011197478,0.890625,0.8752959903917814,0.675197205170575,0.0,0.109375,0.0,57,0.026777697772351262,0.5274967551231384,0.0,1.0,64,1.0,53,0.828125,0.8977017555700151,36.689687500000005,21.81731293382262,-0.5823155803436082,0.37323750695389174,2.5625,1.248436522214886,-0.5878146499962325,0.3902697664717506,2.481738437500001,1.4129301362231477,0.07823143650013636,0.6752902154757976,244.29504687500003,79.43037731766061,-0.6655366880417043,0.5273660689159276,1.0,0.9987276196479797,0.0005216483841650188,1.133455753326416,0.047502823173999786
52,0.8006004274615102,0.90625,0.8878802965427267,0.6454130302382954,0.0,0.09375,0.0,58,0.029663733518508168,0.4466150104999542,0.0,1.0,64,1.0,48,0.75,0.9036304463997507,39.35734375,27.626028218544842,-0.5366789168745514,0.4726095248577861,2.65625,1.5229366163764007,-0.5585077609749026,0.47608036696173556,2.559153437500001,1.5275159190549579,0.11523085401613617,0.730054889252092,250.75345312500002,89.23070360271353,-0.6226570690528206,0.5924338644064655,1.0,0.9986991286277771,0.002952755894511938,1.1180338859558105,0.049777887761592865
53,0.7960007809959342,0.890625,0.8654782165560806,0.6957197833002315,0.0,0.109375,0.0,57,0.018066453216662032,0.4071715176105499,0.0,1.0,64,1.0,49,0.765625,0.8894997389173607,33.69796875,23.451431471480017,-0.6334961107390885,0.4011930269994816,2.515625,1.380581710502859,-0.6024680945068974,0.4315792530622397,2.654188125000002,1.7115441771356985,0.16065135496963504,0.818008623741164,245.253578125,85.94261082344516,-0.6591726636682086,0.5706030658909451,1.0,0.9974784255027771,0.007606490980833769,1.133455753326416,0.04962684214115143
54,0.8396611260956569,0.921875,0.9141247282593937,0.6574156039543467,0.0,0.078125,0.0,59,0.03765107733865188,0.5203255414962769,0.0,1.0,64,1.0,46,0.71875,0.895349943641521,34.853125000000006,22.401680871295685,-0.6137343903017466,0.38323452321285134,2.84375,1.3718002542279981,-0.499893982932243,0.4288341099743143,2.8901446875000016,1.5426954497910976,0.2734234969521658,0.7373097338610618,265.8309375,82.28425153505137,-0.5225523744447899,0.546313938459426,1.0,0.9991084933280945,0.0005053057102486491,1.1014959812164307,0.05588698387145996
55,0.8374339040780897,0.921875,0.8822290276066732,0.6727464972965255,0.0,0.0625,0.0,59,0.03111778692124288,0.5407058596611023,0.0,1.0,63,0.984375,47,0.746031746031746,0.8876103634222761,38.01349206349206,26.04507546657258,-0.5596687256887445,0.44556353319291636,2.6825396825396823,1.445577786670155,-0.5502894270165404,0.45189746950017934,2.7711263492063503,1.5700438944134936,0.21654034522979507,0.7503805408235009,261.4194444444445,89.32401485936539,-0.5518418204895207,0.5930533904904132,0.984375,0.9982203841209412,0.0005293806316331029,1.1014959812164307,0.042099568992853165
56,0.8219320857302881,0.953125,0.871680097501786,0.6441957252143528,0.0,0.046875,0.0,61,0.032250648007370965,0.45429491996765137,0.0,1.0,64,1.0,51,0.796875,0.895471834735147,37.474375,28.105724721297886,-0.5688916171302536,0.48081588497761946,2.75,1.3919410907075054,-0.5292008719535729,0.4351302727423321,2.6945362500000014,1.8308636655888506,0.17993517752163057,0.8750357059742416,263.022421875,77.60910229332093,-0.5411990924217406,0.5152739867373476,1.0,0.9997645020484924,0.01305220928043127,1.0648607015609741,0.04657047614455223
57,0.8135257123234823,0.921875,0.8758139590085563,0.668177190252316,0.0,0.0625,0.0,59,0.026138493455248272,0.5284870862960815,0.0,1.0,63,0.984375,47,0.746031746031746,0.8973247977477732,38.1047619047619,26.338211233397317,-0.5581073359741192,0.4505783241133449,2.5555555555555554,1.3066105160162969,-0.5899855306644792,0.408455353461249,3.078431428571431,1.6897501241287731,0.3634125138820732,0.8075924606388057,264.63574603174595,99.38832662778874,-0.5304876688183048,0.6598738779776058,0.984375,0.998075008392334,0.011898859404027462,1.1014961004257202,0.05019703134894371
58,0.8433026361534677,0.953125,0.8351700535563172,0.6739376590052123,0.0,0.046875,0.0,61,0.020667731334507628,0.4439297616481781,0.0,1.0,64,1.0,49,0.765625,0.8932700946168526,39.237500000000004,29.26376102579776,-0.5387291318854319,0.5006268756603249,2.5,1.3806701271484076,-0.6073525760104523,0.4316068927083062,2.455030156250001,1.5743946348492703,0.06546658667641359,0.752459916421086,240.135203125,81.59861539327355,-0.6931553462909109,0.5417617601995897,1.0,1.0001405477523804,0.01297968439757824,1.0648608207702637,0.051571935415267944
59,0.7766930211869179,0.90625,0.8237293848189814,0.6370149477453428,0.0,0.09375,0.0,58,0.017617692126093317,0.45576363801956177,0.0,1.0,64,1.0,47,0.734375,0.9034670187063202,38.607343750000005,28.05148398715897,-0.5495094671382116,0.4798879670233432,2.65625,1.641443248333612,-0.5585077609749026,0.5131263478797257,2.4347787500000013,1.537539538227901,0.05578771003584166,0.7348455379739303,248.1111875,79.8681865912273,-0.6401999951063536,0.5302728378792984,1.0,0.9985783100128174,0.0038314175326377153,1.1180338859558105,0.062398411333560944
60,0.8776705216734857,0.953125,0.8208513027820431,0.6916379128099115,0.0,0.046875,0.0,61,0.0402119670067741,0.6173761487007141,0.0,1.0,64,1.0,48,0.75,0.8954254491271593,42.3171875,30.38748989452475,-0.48604368486527655,0.5198509553042289,2.796875,1.631522367108401,-0.5145474274429079,0.5100250127857411,2.4754031250000015,1.4446095184002967,0.07520356241524558,0.6904309335255459,251.217515625,80.94924318091098,-0.6195759957327537,0.5374503508564448,1.0,0.9984707236289978,0.0005138746346347034,1.0648607015609741,0.0637972354888916
61,0.765819588797981,0.875,0.9006215333938599,0.6546376583570728,0.0,0.109375,0.0,56,0.03233638468704829,0.48590216040611267,0.0,1.0,63,0.984375,44,0.6984126984126984,0.9153438905565652,35.41936507936508,25.480915290493787,-0.6040474945689565,0.4359122191983371,2.492063492063492,1.510524095666072,-0.6098335824884485,0.4722001283811216,2.2910058730158744,1.3848018411902565,-0.012926527553930407,0.6618466899066551,225.70326984126984,79.48130992505962,-0.7889740013158001,0.527704228318548,0.984375,0.9974785447120667,0.004705882165580988,1.1478066444396973,0.055576495826244354
62,0.7724191730200511,0.875,0.8529603422752449,0.6549314024010338,0.0,0.125,0.0,56,0.035707840171825114,0.49135154485702515,0.0,1.0,64,1.0,44,0.6875,0.9065443027445232,39.30140625,29.929291299828016,-0.537635862081716,0.5120123685042355,2.59375,1.4654217609616693,-0.5780456869891225,0.45810083112475036,1.9241806250000009,1.553212469981445,-0.18824552912661688,0.7423361967047853,220.5424375,82.40482311997035,-0.8232385730836661,0.5471144554015449,1.0,0.9943350553512573,0.01725129410624504,1.1478066444396973,0.059796981513500214
63,0.8465774915643774,0.953125,0.8743923384635175,0.6844927497283205,0.0,0.046875,0.0,61,0.0385336812178991,0.47274017333984375,0.0,1.0,64,1.0,52,0.8125,0.888440189484398,47.34046875000001,30.575717767008733,-0.40010840144310617,0.5230710448761323,2.921875,1.6798873427629009,-0.4754715754144682,0.5251442338420157,2.260257031250001,1.5214499970029425,-0.02762250681672144,0.7271557665675732,254.39098437500002,84.18813753108503,-0.598506226256247,0.558954503785925,1.0,1.0001813173294067,0.006253006402403116,1.0648607015609741,0.0520210862159729
64,0.8141954810850758,0.921875,0.8529558747501697,0.6493478858683902,0.0,0.0625,0.0,59,0.044062147507310176,0.5569342970848083,0.0,1.0,63,0.984375,46,0.7301587301587301,0.90388632902576,51.586666666666666,27.283557057581145,-0.32746699371078414,0.466750733598321,3.4126984126984126,1.5699046643273742,-0.3220368310408923,0.4907628988961108,2.0534769841269847,1.612503230745267,-0.126450140963626,0.7706733873311745,261.9883968253968,83.60909799691903,-0.5480643465472373,0.5551100577038071,0.984375,0.9965873956680298,0.030548926442861557,1.1014959812164307,0.05487314239144325
65,0.7798918684063796,0.875,0.8546977240060057,0.6782044898654228,0.0,0.125,0.0,56,0.03282153026924743,0.4806504249572754,0.0,1.0,64,1.0,54,0.84375,0.8881389906782626,47.067343750000006,35.4644269498583,-0.4047808601641225,0.6067041500694248,3.375,2.042516829796024,-0.3338216118113741,0.6385046832536583,2.4260032812500016,1.6950929985817296,0.05159359736801439,0.8101460128266312,272.067296875,96.13566970086468,-0.48114700235662905,0.6382783504853461,1.0,0.9995054006576538,0.006344558205455542,1.1478066444396973,0.05131293088197708
66,0.8699923371286211,0.953125,0.8959409868130919,0.6934856226772743,0.0,0.046875,0.0,61,0.03198539305479503,0.5238134860992432,0.0,1.0,64,1.0,52,0.8125,0.8800106894988363,38.110625,24.297349062899332,-0.5580070336565818,0.41566447790030836,2.640625,1.229420436374392,-0.5633922424784576,0.38432520842004453,2.7445685937500013,1.507104432540746,0.20384743710582323,0.7202995044860709,253.891109375,73.53590099424169,-0.6018250712951556,0.4882305780373228,1.0,0.9996188879013062,0.0015345268184319139,1.0648607015609741,0.05053456500172615
67,0.8330979404502824,0.96875,0.8464985475424798,0.6685351984649756,0.0,0.03125,0.0,62,0.03789826251948042,0.45574918389320374,0.0,1.0,64,1.0,56,0.875,0.8872246482694619,47.101875,36.71880695208349,-0.40419012024573325,0.6281633309604658,3.21875,1.7272517006794348,-0.3826664268469238,0.539950654972964,3.0313485937500024,1.6939915419910128,0.3409099308762617,0.8096195870399532,297.63862500000005,86.00589935752598,-0.3113700071359076,0.5710232606143338,1.0,0.9987422227859497,0.0008928571478463709,1.0446385145187378,0.0581069253385067
68,0.8124347636140216,0.890625,0.9044434213847444,0.7040359755192115,0.0,0.109375,0.0,57,0.034357662159962665,0.5308947563171387,0.0,1.0,64,1.0,54,0.84375,0.8929232849215908,38.19890625,24.169611932987483,-0.5564967709692967,0.41347922767914874,2.6875,1.3331705629813464,-0.5487387979677927,0.4167582051818465,3.0250646875000013,1.7160268552713294,0.3379066256902488,0.8201510571188046,258.83556250000004,86.96416095813466,-0.5689971168585024,0.5773854946911663,1.0,0.9981255531311035,0.0076608783565461636,1.1334558725357056,0.058399226516485214
69,0.8374130013508608,0.984375,0.8861570935400706,0.6473033513917399,0.0,0.015625,0.0,63,0.029576548271528558,0.4529573619365692,0.0,1.0,64,1.0,52,0.8125,0.8860517586552143,44.9825,28.792657375622696,-0.4404471168657935,0.49256751690970496,3.015625,1.494700926397987,-0.4461646863931384,0.46725369781359644,3.038282187500002,1.5047349646101202,0.3442237451246962,0.7191670503976385,276.663828125,66.33826709575206,-0.4506290229912868,0.44044296802305516,1.0,1.0001633167266846,0.0018518518190830946,1.0230478048324585,0.055752746760845184
70,0.7726646574073434,0.921875,0.8320557904445519,0.6471460250809603,0.0,0.046875,0.0,59,0.03358981797709276,0.4527791440486908,0.0,1.0,62,0.96875,48,0.7741935483870968,0.8863016295277276,51.13290322580645,32.702214553949865,-0.3352297065584754,0.559449876756613,3.403225806451613,1.8180073939605739,-0.3249980323210812,0.568321503304102,2.6677530645161305,1.566436496636698,0.16713452826597974,0.7486564354629125,279.27998387096767,87.88355450996617,-0.4332594495608957,0.5834896701916424,0.96875,0.9982019662857056,0.004988661967217922,1.1014961004257202,0.057764992117881775
71,0.8079468326956154,0.90625,0.872616576737371,0.6816175418903394,0.0,0.078125,0.0,58,0.03196402173499533,0.4887332320213318,0.0,1.0,63,0.984375,46,0.7301587301587301,0.8848134714817028,40.339999999999996,25.32937594403553,-0.5198682229978513,0.4333197749294639,2.746031746031746,1.5115245532847508,-0.530441375192571,0.47251287825206734,2.621358253968256,1.615800357324104,0.14496077684782407,0.772249202908175,248.74558730158728,81.53069482310096,-0.6359879928374214,0.5413108117677674,0.984375,0.9993896484375,0.005738132633268833,1.1180338859558105,0.05630701780319214
72,0.7014721874793175,0.84375,0.9006069255647836,0.6930029972443201,0.0,0.140625,0.0,54,0.030653857694030888,0.4006410539150238,0.0,1.0,63,0.984375,48,0.7619047619047619,0.9036632065385168,41.3368253968254,19.875519665794574,-0.5028151318537694,0.3400184721177968,2.8095238095238093,1.1527350892295434,-0.5105933233686016,0.36035284619779145,2.3566376190476204,1.6042545335586689,0.01844124837751231,0.7667310377713993,233.48036507936513,82.59182540477065,-0.7373391447055044,0.5483560290052939,0.984375,0.9977383017539978,0.00479233218356967,1.1734496355056763,0.06366798281669617
73,0.743059615848931,0.875,0.8599658068269491,0.6727799462445277,0.0,0.109375,0.0,56,0.03928471423918121,0.4897873103618622,0.0,1.0,63,0.984375,49,0.7777777777777778,0.9106681373147885,45.79539682539683,27.78143692361758,-0.42654056542922825,0.47526816379358094,3.0793650793650795,1.5254620668868526,-0.4262391031167316,0.4768698400053481,2.268858730158732,1.7153306378205952,-0.02351144501641067,0.8198183097166005,246.57196825396824,83.12624535674703,-0.6504194102771164,0.5519042300681808,0.984375,0.9969702959060669,0.004819277208298445,1.1478065252304077,0.052603643387556076
74,0.8319530598398297,0.953125,0.855381821022659,0.72044870628115,0.0,0.046875,0.0,61,0.03786165289514385,0.5009521245956421,0.0,1.0,64,1.0,56,0.875,0.8970078389451667,42.966562499999995,25.516863432514466,-0.47493456676199075,0.43652719845577914,2.953125,1.4940474337767862,-0.4657026124073583,0.46704941156585467,2.6329982812500012,1.4189491286793412,0.1505239652388971,0.6781669088157493,267.7281875,73.31627643169422,-0.509955867817995,0.4867724137165764,1.0,0.9984076023101807,0.004422604572027922,1.0648607015609741,0.053507719188928604
75,0.7514159884063871,0.921875,0.8213991103535991,0.6467180677088782,0.0,0.078125,0.0,59,0.02880812612289054,0.4724484980106354,0.0,1.0,64,1.0,56,0.875,0.9041505112599452,47.57328125,22.805973727751653,-0.3961255847987617,0.3901509229675142,3.03125,1.2986621721987592,-0.4412802048895834,0.40597064700616686,2.0789943750000006,1.3088640845880875,-0.11425446055505295,0.6255533002308554,247.247125,73.90208922188452,-0.6459368083925389,0.4906618298155056,1.0,0.9980670809745789,0.004298764280974865,1.1014961004257202,0.05521727725863457
76,0.7918945335990232,0.90625,0.8494922318335237,0.6874916976443516,0.0,0.078125,0.0,58,0.03326704917405082,0.5689905285835266,0.0,1.0,63,0.984375,50,0.7936507936507936,0.8924952676621365,43.268730158730165,26.010086718154472,-0.46976526365080407,0.4449649666659282,2.9365079365079363,1.4570356498238628,-0.47089721972066284,0.4554792756214306,2.627727936507938,1.5039890001615228,0.14800507761292214,0.7188105271129295,263.6056507936508,80.30113649063496,-0.5373268315500985,0.533147343757258,0.984375,0.9985200762748718,0.004071246832609177,1.1180338859558105,0.05065673962235451
77,0.7459087973005858,0.90625,0.8616640834972776,0.6838762344104455,0.0,0.09375,0.0,58,0.03262349430223345,0.4266624450683594,0.0,1.0,64,1.0,54,0.84375,0.9009026742478383,44.291875,23.610441802502873,-0.45226191523358084,0.40391328039232166,3.171875,1.4529569795334616,-0.39731987135758867,0.4542042554875065,2.703964687500002,1.6576390479779237,0.18444136747946854,0.7922454204864665,270.5239375,85.51787680542941,-0.49139390529230653,0.567783108124409,1.0,0.9976361989974976,0.00048309177509509027,1.1180338859558105,0.04992762207984924
78,0.785495354900573,0.953125,0.8704731811265476,0.6666946041521439,0.0,0.046875,0.0,61,0.02233648847891772,0.4678875207901001,0.0,1.0,64,1.0,53,0.828125,0.8915889922403315,40.71171875,25.759088114360697,-0.5135090815234246,0.44067103306314875,2.75,1.346291201783626,-0.5292008719535729,0.4208598063046983,2.9218076562500013,1.5733311274418118,0.2885563704337558,0.7519516279162753,272.6638750000001,86.62938543453735,-0.47718611143294254,0.5751628028469274,1.0,0.9993099570274353,0.0024402146227657795,1.0648607015609741,0.04296744987368584
79,0.7487288204701417,0.921875,0.8753012529874252,0.6365450674714438,0.0,0.078125,0.0,59,0.028677035345928865,0.43360432982444763,0.0,1.0,64,1.0,52,0.8125,0.8870353132680077,40.8146875,26.629945606916735,-0.5117475538934763,0.45556914083744937,2.859375,1.3563184026529316,-0.49500950142868805,0.42399437764412573,3.239248906250002,1.858001998230491,0.4402729802064218,0.888006092851412,286.50462500000003,87.46321809704142,-0.38529252909281175,0.5806989096640947,1.0,0.9986761808395386,0.0,1.1014959812164307,0.04960157349705696
80,0.8103285341537781,0.953125,0.8826103909093825,0.6812042159274585,0.0,0.046875,0.0,61,0.031825964344936966,0.4778398871421814,0.0,1.0,64,1.0,52,0.8125,0.8856060201505701,35.360625000000006,24.969447573171802,-0.6050523846233363,0.42716233619121796,2.5,1.3228756555322954,-0.6073525760104523,0.4135399469408417,3.333673125000002,1.6907413629306562,0.4854017161510495,0.8080662093734041,275.06446875000006,86.1172665972773,-0.4612477295222204,0.5717626666881435,1.0,0.9995808601379395,0.002421307610347867,1.0648607015609741,0.04855908453464508
81,0.8210559620114392,0.953125,0.8808550849312642,0.7066773510885161,0.0,0.046875,0.0,61,0.026738810338988086,0.4322316646575928,0.0,1.0,64,1.0,52,0.8125,0.8855514624737055,44.180625000000006,23.796756073241895,-0.45416511352269034,0.40710063321306067,2.890625,1.2389156990590602,-0.48524053842157816,0.38729349225714266,2.5098053125000015,1.4069441247289391,0.0916456072227921,0.6724292849257776,260.80462500000004,79.9509318702533,-0.555923821915915,0.5308222127405908,1.0,0.9994879364967346,0.0014925373252481222,1.0648607015609741,0.04694994166493416
82,0.7959893221695591,0.890625,0.8564908760681487,0.7361663738627648,0.0,0.109375,0.0,57,0.032118026721697654,0.5093947649002075,0.0,1.0,64,1.0,51,0.796875,0.8916670290053891,35.967343750000005,27.173573803547374,-0.5946730040662961,0.46486920603959936,2.578125,1.6658770916172057,-0.5829301684926775,0.520764533836812,2.6353817187500015,1.4144248705498152,0.1516630958878127,0.6760046028610313,252.73014062500002,74.16819618143853,-0.6095331490671292,0.4924286070348802,1.0,0.999005138874054,0.0005361930234357715,1.1334558725357056,0.049530915915966034
83,0.7448053326746334,0.90625,0.8458774418666445,0.6796899996160726,0.0,0.078125,0.0,58,0.02753034944649608,0.43815547227859497,0.0,0.984375,63,0.96875,45,0.7142857142857143,0.8987284649280065,40.20920634920636,26.17459845216394,-0.5221057623454185,0.4477793347621554,2.5238095238095237,1.5415632434512998,-0.5999095565764638,0.48190317754867706,3.0088344444444464,1.5713366283081391,0.3301496078100106,0.7509983849248388,261.29519047619056,89.42966547451893,-0.5526667860631226,0.5937548418931837,0.984375,0.9993630647659302,0.0009905893821269274,1.1180338859558105,0.057379502803087234
84,0.7734083239238002,0.9375,0.8674636299411456,0.6554401520085059,0.0,0.0625,0.0,60,0.02642736514056987,0.46740567684173584,0.0,1.0,64,1.0,43,0.671875,0.8897864693964171,41.5440625,24.688107316501476,-0.49926984376206646,0.4223493357853516,2.78125,1.4627537173085563,-0.519431908946463,0.4572667824927947,2.9529090625000016,1.7243355630138024,0.3034208529652871,0.8241220878852218,267.13242187500003,87.43998146993546,-0.5139113642698745,0.580544633565887,1.0,0.9983923435211182,0.001476377947255969,1.0837910175323486,0.05736766755580902
85,0.7486201371136068,0.90625,0.859927563831724,0.6902582441163296,0.0,0.09375,0.0,58,0.030327191322592442,0.4161425530910492,0.0,1.0,64,1.0,50,0.78125,0.8944719138373496,39.18609375,25.478316431403215,-0.5396085591847538,0.4358677594754174,2.84375,1.5832990676116752,-0.499893982932243,0.49495008066208357,3.098701406250002,1.6350135361470146,0.3731002664774286,0.7814318732573119,278.13031250000006,97.29254499059066,-0.44089252008034757,0.645959250342196,1.0,0.9973695874214172,0.0028598664794117212,1.1180338859558105,0.05360021814703941
86,0.8023604786020992,0.953125,0.8907987279970138,0.6829256269497329,0.0,0.046875,0.0,61,0.019334244451667155,0.38678693771362305,0.0,1.0,64,1.0,44,0.6875,0.8766008845280592,38.575625,21.787117098973308,-0.5500520924931123,0.37272093471817536,2.734375,1.4387732133227251,-0.5340853534571278,0.4497703134902527,3.142423750000002,1.4073098872910657,0.3939967497324093,0.6726040960314785,274.02614062500004,73.86982148048251,-0.46814155327098855,0.4904475929893614,1.0,0.9996289014816284,0.0014634146355092525,1.0648607015609741,0.05505628138780594
87,0.752656042774545,0.90625,0.8933695770543197,0.6997339957238339,0.0,0.078125,0.0,58,0.027341922178143158,0.40809279680252075,0.0,1.0,63,0.984375,51,0.8095238095238095,0.88456255816163,35.40682539682538,22.46617102925075,-0.6042620159384443,0.3843377821637231,2.619047619047619,1.2009066869446186,-0.5701374788405097,0.3754116159920939,3.029638571428573,1.675304691300896,0.34009264960219027,0.8006884678674054,266.0211111111111,73.99293741417578,-0.5212897452959678,0.4912650027532994,0.984375,0.9977869987487793,0.0020366599783301353,1.1180338859558105,0.05547933652997017
88,0.7254169056684032,0.90625,0.8819496888538887,0.6691009968027689,0.0,0.078125,0.0,58,0.02435596725450244,0.34612566232681274,0.0,1.0,63,0.984375,50,0.7936507936507936,0.892712718595393,36.890793650793654,27.156690268776234,-0.5788751769088226,0.46458037265092017,2.5555555555555554,1.6787918726499376,-0.5899855306644792,0.5248017824177299,2.703171269841272,1.4541776731912492,0.18406216459604924,0.695003899410299,255.99776190476194,83.17807341103716,-0.587838268000123,0.5522483346560418,0.984375,0.99958336353302,0.000499251123983413,1.1180338859558105,0.06418970227241516
89,0.7731098125927333,0.9375,0.8846456681688627,0.6927654231541809,0.0,0.046875,0.0,60,0.027618921366400324,0.42554551362991333,0.0,1.0,63,0.984375,41,0.6507936507936508,0.8889025516608684,38.19666666666666,23.944821357472467,-0.5565350844180008,0.40963364530855867,2.5555555555555554,1.2443877538107706,-0.5899855306644792,0.3890040938712975,2.9425852380952393,1.6862844490141184,0.2984867253477237,0.8059360896442709,261.73900000000003,90.42509897936843,-0.5497201793388106,0.600363873249289,0.984375,0.9982730746269226,0.00802809838205576,1.0837911367416382,0.06607089191675186
90,0.7458097062186521,0.90625,0.8649604443846077,0.7031381125356604,0.0,0.078125,0.0,58,0.022839088852507808,0.42135947942733765,0.0,1.0,63,0.984375,42,0.6666666666666666,0.8927046275260009,36.67444444444445,28.079283318409058,-0.5825763493975781,0.4803635413125437,2.4603174603174605,1.4122524710816018,-0.6197576084004331,0.4414797486942645,2.531892857142858,1.6685060765974553,0.10220204055153119,0.7974391649681867,254.3051111111111,75.3244467470526,-0.5990763689035741,0.5001053591297507,0.984375,0.9976900815963745,0.0015881418948993087,1.1180338859558105,0.057950083166360855
91,0.7896862334862269,0.9375,0.8651334931453069,0.6941095187136699,0.0,0.0625,0.0,60,0.02546400620001181,0.3804813623428345,0.0,1.0,64,1.0,40,0.625,0.8828665610434868,39.487031249999994,26.605064289981026,-0.5344603008914601,0.4551434861873565,2.71875,1.5955871764024678,-0.5389698349606828,0.4987914272286306,2.7101687500000016,1.6536170003666406,0.1874065124608397,0.790323139031463,260.20976562500005,85.80583751881018,-0.5598733014569343,0.5696949800624022,1.0,0.9974874258041382,0.0016059956979006529,1.0837911367416382,0.0538945347070694
92,0.7382881944354818,0.921875,0.892147570848465,0.6945167031209978,0.0,0.0625,0.0,59,0.027846581897304046,0.41597771644592285,0.0,1.0,63,0.984375,54,0.8571428571428571,0.8922318661949671,39.66444444444445,27.705246926007366,-0.531425222346452,0.47396475100167956,2.492063492063492,1.3198486670468192,-0.6098335824884485,0.41259368970763965,2.7371900000000022,1.4669134917060414,0.20032094132545558,0.7010908059095149,263.51471428571426,73.00033516109812,-0.5379305908463642,0.48467476906840573,0.984375,0.9991835355758667,0.0005081300623714924,1.1014959812164307,0.06123825162649155
93,0.7541659406255131,0.9375,0.874788211286068,0.6778736076105515,0.0,0.0625,0.0,60,0.04315992781167338,0.4656403064727783,0.0,1.0,64,1.0,45,0.703125,0.8930185204521044,38.424375,25.544566011861992,-0.5526395867962839,0.4370011175714478,2.578125,1.234968211888468,-0.5829301684926775,0.38605948086064484,2.7430837500000016,1.647893817364401,0.20313777678350506,0.7875878236866289,257.56853125000004,73.65993763296831,-0.5774093806808671,0.489054100684146,1.0,0.9996111989021301,0.0005146680632606149,1.0837910175323486,0.05402020737528801
94,0.7762530265328298,0.921875,0.8941799038547581,0.7029366314611597,0.0,0.078125,0.0,59,0.044679411831024016,0.45509424805641174,0.0,1.0,64,1.0,47,0.734375,0.8781768222642276,35.58296874999999,27.18021917910199,-0.6012486610764223,0.46498289113969854,2.484375,1.4141272429930059,-0.6122370575140074,0.44206581517264126,2.9666023437500018,1.4540001250975099,0.30996536539999314,0.6949190427798083,264.22512500000005,85.96314971662643,-0.5332139255306456,0.5707394307896485,1.0,0.9985548257827759,0.004125838167965412,1.1014959812164307,0.06198964640498161
95,0.7581798070185829,0.953125,0.8897174801982817,0.6715359969018281,0.0,0.03125,0.0,61,0.029474488476128793,0.4353930354118347,0.0,1.0,63,0.984375,44,0.6984126984126984,0.8882089543684848,38.44206349206348,23.69529985935059,-0.5523369826809387,0.40536498114386993,2.5873015873015874,1.229723425285496,-0.5800615047524944,0.38441992481889703,2.7232934920634935,1.5652658246953577,0.19367929953565652,0.7480969291665628,266.9507142857143,81.29401461312126,-0.5151177845374074,0.5397394090356865,0.984375,0.9989524483680725,0.0014204545877873898,1.0648608207702637,0.05629920959472656
96,0.8426606531078327,0.984375,0.880621168821577,0.6970431895017227,0.0,0.015625,0.0,63,0.0577521452846659,0.47123318910598755,0.0,1.0,64,1.0,50,0.78125,0.8841678479165442,35.345468749999995,23.356151754522266,-0.6053116686599147,0.39956303873610327,2.625,1.231107225224513,-0.5682767239820126,0.38485251011212895,2.864963906250001,1.2177975956576004,0.26138869440940493,0.582029344335289,268.038359375,65.82914849687774,-0.5078965282059863,0.43706275149674334,1.0,0.9999497532844543,0.0009770395699888468,1.0230478048324585,0.06316450238227844
97,0.7413781427421914,0.90625,0.9036950838976893,0.6916944437346051,0.0,0.09375,0.0,58,0.033317447025414046,0.4738682210445404,0.0,1.0,64,1.0,47,0.734375,0.8884995178500267,41.23125,25.92844266558445,-0.5046212524345348,0.44356824917229004,2.734375,1.5835303468437225,-0.5340853534571278,0.4950223801264734,2.5184271875000013,1.615113753452708,0.09576631190400056,0.7719210501818832,270.54631250000006,102.12457683386553,-0.4912453498379513,0.67804080055155,1.0,0.9997566938400269,0.001906577730551362,1.1180338859558105,0.06565159559249878
98,0.7066809434180104,0.921875,0.8787008554248487,0.6425312592277881,0.0,0.0625,0.0,59,0.050723652359410835,0.5206831693649292,0.0,1.0,63,0.984375,49,0.7777777777777778,0.8960397811647184,37.25222222222222,26.980479330490002,-0.5726920736389064,0.46156586158333585,2.7777777777777777,1.4079642451769323,-0.5205173492805862,0.4401392200469414,2.923715396825399,1.7374587328239248,0.289468148384558,0.83039412352351,279.55150793650796,92.60352021127376,-0.43145670627934996,0.6148271740708183,0.984375,0.9980741739273071,0.010848126374185085,1.1014961004257202,0.07240444421768188
99,0.7368972328303209,0.921875,0.8439304457377579,0.683676987537692,0.0,0.078125,0.0,59,0.023226761762912294,0.37327301502227783,0.0,1.0,64,1.0,43,0.671875,0.8896087594413905,41.7546875,27.403776768035893,-0.49566659756302184,0.46880738031521746,2.8125,1.539835624344365,-0.509662945939353,0.48136311204000437,2.2021087500000007,1.5353174205218336,-0.05541366532355537,0.7337835078663738,245.73671875000002,78.21139590308054,-0.6559649240005386,0.5192728247642883,1.0,0.997480034828186,0.0110526317730546,1.1014959812164307,0.06698448210954666
100,0.8072351038524093,1.0,0.8796550421975553,0.6976745490118514,0.0,0.0,0.0,64,0.03285204711651256,0.41076040267944336,0.0,0.984375,64,0.984375,52,0.8125,0.8831969152285672,40.21984375,17.25132653343174,-0.5219237840713419,0.2951253496026852,2.609375,1.0550057390246748,-0.5731612054855676,0.3298019851782633,2.552666406250001,1.573305779746074,0.11213046807467672,0.7519395133392855,257.996765625,87.18081749690957,-0.5745661828194841,0.5788239532635298,1.0,0.9988820552825928,0.004110997077077627,0.9999998807907104,0.06224188208580017
101,0.7660356092176227,0.9375,0.8795932531356812,0.7113261360853257,0.0,0.046875,0.0,60,0.046016530781663886,0.4960238039493561,0.0,1.0,63,0.984375,45,0.7142857142857143,0.8859479945095273,36.7852380952381,20.43754457164348,-0.5806809580570415,0.3496332571896946,2.365079365079365,1.1992270963507368,-0.6495296861363873,0.3748865645239748,2.4714087301587306,1.2846223481402026,0.07329449721527224,0.6139673010298203,238.6861111111111,81.21980515587987,-0.70277637523058,0.5392467064820368,0.984375,0.9983015656471252,0.0005411255406215787,1.0837910175323486,0.07166318595409393
102,0.7898903563713743,0.96875,0.9013737305518119,0.6827628723524722,0.0,0.03125,0.0,62,0.04904838213651643,0.45167237520217896,0.0,1.0,64,1.0,51,0.796875,0.8837143592667848,32.876562500000006,24.050079470941334,-0.6475482363091015,0.41143433799591916,2.546875,1.2738927483799412,-0.5926991314997875,0.3982275562863761,2.9099293750000017,1.486802101533561,0.28287931188772203,0.7105962890693833,255.66893750000003,72.88340729138801,-0.5900214482840261,0.4838984440265502,1.0,1.0002813339233398,0.0,1.0446385145187378,0.06633802503347397
103,0.7693199454899797,0.953125,0.8673822913990646,0.6967458979391216,0.0,0.03125,0.0,61,0.017735505823603014,0.4321463704109192,0.0,1.0,63,0.984375,50,0.7936507936507936,0.8817499439169234,31.733174603174604,21.740248302885156,-0.6671086308172072,0.3719191314595003,2.253968253968254,1.1264250793149315,-0.6842637768283337,0.3521281577634702,2.877176825396826,1.317212844044921,0.26722568846226963,0.6295434731545011,242.6524126984127,61.46259297409704,-0.6764427111228914,0.4080716614564347,0.984375,0.998934268951416,0.0016769145149737597,1.0648607015609741,0.06589721143245697
104,0.7682674325262007,0.921875,0.8897811745182943,0.7187977285438819,0.0,0.078125,0.0,59,0.035092093005618594,0.4150942862033844,0.0,1.0,64,1.0,49,0.765625,0.8989484401071546,36.297031249999996,20.439883399227686,-0.5890329080128955,0.3496732684495309,2.34375,1.0638777831593251,-0.656197391046002,0.3325754466486264,2.4895681250000012,1.4917392622234587,0.08197352623510129,0.7129559360332677,232.6183125,70.07749767687446,-0.7430626134252928,0.4652690282651018,1.0,0.9980362057685852,0.0011527377646416426,1.1014961004257202,0.07355301827192307
105,0.6873631573326064,0.890625,0.9093177559082968,0.6539030338003239,0.0,0.109375,0.0,57,0.028380335886306902,0.3555379807949066,0.0,1.0,64,1.0,50,0.78125,0.8974227016775492,32.4971875,23.653705343240492,-0.6540383563174698,0.4046534071043456,2.296875,1.1947762277409941,-0.6708508355566669,0.37349519265843617,2.6330406250000014,1.706158021142529,0.15054420284253267,0.8154343857459746,233.265265625,82.82773504600571,-0.7387672652496237,0.5499223156618455,1.0,0.9986892938613892,0.009259259328246117,1.1334558725357056,0.06741555780172348
106,0.7695989801454741,0.984375,0.9150857755116054,0.6736233029091844,0.0,0.015625,0.0,63,0.028637715679633954,0.4031383991241455,0.0,1.0,64,1.0,53,0.828125,0.8904807825613658,34.00578125,22.018461700119936,-0.6282302390683779,0.3766786394291597,2.21875,1.1920144451725407,-0.6952732430744418,0.3726318406025993,2.7221478125000016,1.4984016798580646,0.19313173799707634,0.7161401454465435,237.58628125,64.54717350402265,-0.7100785305257878,0.42855127093651957,1.0,0.9985528588294983,0.010242587886750698,1.0230478048324585,0.06661685556173325
107,0.7067785616895197,0.90625,0.8866183793750303,0.6880011615171105,0.0,0.09375,0.0,58,0.014285677851351538,0.3475702106952667,0.0,1.0,64,1.0,49,0.765625,0.8989947162986447,30.993593750000002,16.463180829428467,-0.679760936564804,0.2816422255089492,2.265625,0.9880882346101486,-0.6806197985637769,0.30888311717334743,2.7218320312500017,1.5718389544546831,0.19298081476110826,0.7512384646874841,237.18798437499998,82.21814531714021,-0.7127229628490819,0.5458750361471371,1.0,1.0000438690185547,0.004296455532312393,1.1180340051651,0.06346459686756134
108,0.7938780636041209,0.984375,0.8624309850117516,0.7173612583183312,0.0,0.015625,0.0,63,0.028693799060263668,0.4289500117301941,0.0,1.0,64,1.0,58,0.90625,0.874890484140725,33.85578125,23.84834662800859,-0.63079634912111,0.4079832134878129,2.734375,1.4709923043221538,-0.5340853534571278,0.45984222094932875,3.064464687500002,1.4253184879242453,0.35673730514681945,0.6812110550666257,271.19715625000003,73.56295744700994,-0.48692417044151814,0.4884102152947179,1.0,0.9997578859329224,0.001009591156616807,1.0230478048324585,0.05320960655808449
109,0.6986440674225921,0.890625,0.9111817327507755,0.686013262943035,0.0,0.09375,0.0,57,0.03103241781004116,0.4723421335220337,0.0,1.0,63,0.984375,56,0.8888888888888888,0.8945706832281595,32.000634920634916,22.354136428631993,-0.6625330800882617,0.3824211613977124,2.4285714285714284,1.243577605447676,-0.629681634312418,0.38875083597083854,2.9334234920634943,1.6392789706125594,0.29410799685060957,0.7834704780584206,253.20595238095243,78.8179875704051,-0.6063740683255499,0.5233001990993587,0.984375,0.9975279569625854,0.004171011503785849,1.1334558725357056,0.059443093836307526
110,0.7222900525913653,0.96875,0.8815634106436083,0.6645150783656845,0.0,0.03125,0.0,62,0.016546691215373208,0.33544105291366577,0.0,1.0,64,1.0,57,0.890625,0.8904633155421875,37.91078125,20.867340309132558,-0.5614258406955863,0.3569859449403088,2.71875,1.340111352649473,-0.5389698349606828,0.41892794334210437,2.8324440625000014,1.4664793907910028,0.24584628949483642,0.700883333442944,262.7696875,66.83671606419706,-0.5428770843729895,0.44375234513947975,1.0,0.9974309802055359,0.002529084449633956,1.0446385145187378,0.052523113787174225
111,0.7335910844742113,0.9375,0.8812246719996134,0.6900717633344013,0.0,0.0625,0.0,60,0.022841055010338323,0.4948212802410126,0.0,1.0,64,1.0,55,0.859375,0.8890994569131886,41.62515625,21.382412895311557,-0.4978825405148082,0.3657974978821797,2.953125,1.2677451377840105,-0.4657026124073583,0.3963057713105757,2.964798593750001,1.2738662714558044,0.3091032882916226,0.6088265844751455,270.57745312500003,76.58948306636368,-0.4910385963319955,0.5085043779092149,1.0,1.0001296997070312,0.0014917951775714755,1.0837910175323486,0.060922134667634964
112,0.7405925636152868,0.9375,0.8533473049600919,0.6819360927509163,0.0,0.0625,0.0,60,0.024833091054213025,0.40450605750083923,0.0,1.0,64,1.0,48,0.75,0.8966420440530415,40.30500000000001,24.78368887746536,-0.5204669820101553,0.4239844878149866,2.640625,1.2792476731950697,-0.5633922424784576,0.3999015422839712,2.5707354687500015,1.5052809602175716,0.12076632401422606,0.719428001368923,243.24803125,67.36477233061265,-0.6724881911428616,0.44725829546717755,1.0,0.9990245699882507,0.001119194203056395,1.0837910175323486,0.057538952678442
113,0.7264729240656297,0.921875,0.8377637459059893,0.6732606980079379,0.0,0.078125,0.0,59,0.02372166585020353,0.43938788771629333,0.0,1.0,64,1.0,53,0.828125,0.8931190488625087,41.3734375,24.492886034695744,-0.5021887939470492,0.41900960716035873,2.953125,1.255359603609659,-0.4657026124073583,0.39243396890505455,2.7173765625000015,1.7856264256760328,0.19085138572912802,0.8534151992661644,261.47996875,89.13189683517642,-0.5514399784465572,0.5917778517027873,1.0,0.9969790577888489,0.004166666883975267,1.1014961004257202,0.060882702469825745
114,0.7310537612407446,0.96875,0.8565232912378926,0.6717052566750429,0.0,0.015625,0.0,62,0.02325274758470125,0.4566391408443451,0.0,1.0,63,0.984375,50,0.7936507936507936,0.8928825402872526,41.608095238095245,25.53419169619887,-0.4981744100758654,0.43682364000002544,3.0476190476190474,1.3964645998681124,-0.43616312902871635,0.4365443525392055,2.9332230158730175,1.4203145538902626,0.2940121820566618,0.6788194947159721,274.08379365079367,76.32367578274236,-0.4677587746590691,0.5067395903432187,0.984375,0.9984803199768066,0.005464480724185705,1.0446385145187378,0.05774831399321556
115,0.7378882357921788,0.9375,0.8024210798243682,0.6787756308143253,0.0,0.0625,0.0,60,0.028056172541627948,0.45250561833381653,0.0,1.0,64,1.0,45,0.703125,0.8890515154156925,42.946875,26.72364162093885,-0.4752713687064118,0.45717203606066986,2.71875,1.3632308819492023,-0.5389698349606828,0.42615526578917157,2.8603998437500016,1.6261665172264548,0.2592073645120129,0.777203564185249,260.158796875,77.05676796629788,-0.5602117008229298,0.511606845870012,1.0,0.9983843564987183,0.0005344735691323876,1.0837910175323486,0.05332796275615692
116,0.7789452561962089,0.96875,0.7942046049621797,0.7021377442087138,0.0,0.03125,0.0,62,0.028685737703194148,0.41363492608070374,0.0,1.0,64,1.0,42,0.65625,0.8943670007830457,40.261250000000004,23.204598581154123,-0.5212154307755356,0.396970357924747,2.65625,1.1621471238616907,-0.5585077609749026,0.36329511237837014,2.574332968750001,1.4101011254712383,0.12248569887069831,0.6739381293172089,244.3799375,61.685217263203306,-0.6649730694778012,0.40954974201145516,1.0,0.9986697435379028,0.0028768698684871197,1.0446386337280273,0.05582414194941521
117,0.6954140421053454,0.90625,0.8565653531715788,0.6591852202542305,0.0,0.09375,0.0,58,0.038954627803852795,0.46774134039878845,0.0,1.0,64,1.0,46,0.71875,0.9070007802521598,38.75484374999999,32.49030254322951,-0.5469861255863586,0.5558246131499185,2.75,2.165063509461097,-0.5292008719535729,0.6768136106230103,2.401810468750001,1.4851701001299802,0.040030980684247264,0.709816296802797,242.896796875,90.09644736131735,-0.6748201590607668,0.5981818401568196,1.0,0.9984654784202576,0.007170435972511768,1.1180338859558105,0.0660068541765213
118,0.7716805662256018,1.0,0.8345653710421175,0.6571885623309912,0.0,0.0,0.0,64,0.04958176658809241,0.4752732813358307,0.0,1.0,64,1.0,50,0.78125,0.8915010290642312,55.03046875,32.38075592798558,-0.2685524927397086,0.5539505553457836,3.578125,2.060071960970053,-0.2703233522651595,0.6439925369184281,2.3831328125000013,1.595038910063668,0.03110425586587799,0.7623265592935617,281.9470625,82.30506536505578,-0.4155517812911424,0.5464521287599028,1.0,0.9989321827888489,0.006445672363042831,0.9999999403953552,0.06311345845460892
119,0.7258699629927108,0.921875,0.8352957105232497,0.666020463261224,0.0,0.078125,0.0,59,0.03665813349182557,0.43826425075531006,0.0,1.0,64,1.0,45,0.703125,0.8969506987059125,42.542500000000004,25.20730325719116,-0.48218917372356856,0.43123142860362823,2.953125,1.504469253383066,-0.4657026124073583,0.4703073434122713,2.3888496875000014,1.4141940003905158,0.03383655638918465,0.6758942616943853,250.508828125,87.13440863106888,-0.6242812200258498,0.5785158285640415,1.0,0.9988619089126587,0.0005162622546777129,1.1014958620071411,0.06208162382245064
120,0.7459118610806638,0.96875,0.8756156486849631,0.6649070340941549,0.0,0.03125,0.0,62,0.029386618209311117,0.4339400827884674,0.0,1.0,64,1.0,51,0.796875,0.8972920881743144,43.596875,25.573827006030502,-0.4641515584779061,0.4375016971133727,2.875,1.5461646096066226,-0.4901250199251331,0.4833415959727896,2.6947503125000014,1.3954942667630907,0.180037485702371,0.6669569853019667,262.89265625,72.07677309023062,-0.5420606518130927,0.4785429173114211,1.0,0.9996019601821899,0.0024679170455783606,1.0446386337280273,0.05312526598572731
121,0.7624327006605314,0.984375,0.8515427883655305,0.6820378485055532,0.0,0.015625,0.0,63,0.03228038084879786,0.4089621901512146,0.0,1.0,64,1.0,53,0.828125,0.8932224820321394,45.078593749999996,31.759511708462412,-0.4388032026132621,0.5433226817663164,3.015625,1.8749348947030133,-0.4461646863931384,0.5861174280669857,2.6948546875000012,1.660814564919849,0.18008737027516988,0.7937631144367787,275.283234375,72.15221120068463,-0.45979526798840736,0.47904377732367404,1.0,0.9988427758216858,0.0009596928721293807,1.0230478048324585,0.06376595795154572
122,0.7033461007976985,0.890625,0.8704589066798227,0.6887129733999661,0.0,0.109375,0.0,57,0.029082900659346878,0.4567680358886719,0.0,1.0,64,1.0,48,0.75,0.9038736914744838,39.066874999999996,27.024473680987295,-0.5416480820704148,0.46231849055049934,2.484375,1.5410242890282424,-0.6122370575140074,0.4817346967223934,2.6119270312500014,1.5590553761930663,0.14045325573383985,0.7451287320846292,246.75901562500002,81.56081026170988,-0.6491775373301002,0.5415107587025446,1.0,0.9964152574539185,0.008310249075293541,1.1334558725357056,0.06897664815187454
123,0.7629538753026288,0.921875,0.8545981645584106,0.707553191600108,0.0,0.03125,0.0,59,0.03786720229227701,0.43094396591186523,0.0,1.0,61,0.953125,42,0.6885245901639344,0.8816692870744747,38.05934426229508,20.583241063660555,-0.5588843137668226,0.35212574540844677,2.3114754098360657,1.124116900848116,-0.6662866479221975,0.35140660544167407,2.723036229508198,1.3813672300121211,0.19355634449212983,0.6602051654865174,246.32954098360656,62.18575041366485,-0.6520289697540576,0.4128729567415748,0.953125,0.9997239112854004,0.00542005430907011,1.1014961004257202,0.0672917440533638
124,0.7954236650483251,1.0,0.8643960366025567,0.6955641517694442,0.0,0.0,0.0,64,0.02130167660473916,0.4332851469516754,0.0,0.984375,64,0.984375,49,0.765625,0.881246604815837,39.9215625,27.540062875447358,-0.5270266008324518,0.47113888131705933,2.578125,1.5083588712156666,-0.5829301684926775,0.4715232644592624,2.7702570312500012,1.3746523334961833,0.21612486685969737,0.6569958745252061,252.25453125,66.26775565956098,-0.6126908861307494,0.4399748179251525,1.0,0.9997239112854004,0.0005405405536293983,0.9999998807907104,0.06524614244699478
125,0.775180168351669,0.9375,0.8928062881032626,0.7106204951643342,0.0,0.0625,0.0,60,0.0346387075519633,0.4245877265930176,0.0,1.0,64,1.0,48,0.75,0.8800680035903763,36.3046875,25.28401236260463,-0.5889019294789539,0.43254372198054547,2.546875,1.3220449063382833,-0.5926991314997875,0.413280249080218,3.114371718750002,1.3825386915331204,0.38058967337265176,0.6607650491514323,263.270953125,74.26798467930804,-0.5395490064881048,0.4930911377897576,1.0,0.9976123571395874,0.005917159840464592,1.0837911367416382,0.05979036167263985
126,0.7306173661634552,0.90625,0.872576330756319,0.6661326695859352,0.0,0.09375,0.0,58,0.044271828064973054,0.43701332807540894,0.0,1.0,64,1.0,48,0.75,0.9017916818120756,36.87984375,24.88774274694445,-0.5790625012455094,0.42576457901829307,2.453125,1.3101727879844705,-0.6220060205211173,0.4095689439597563,2.7048700000000014,1.671468570788688,0.18487404893874568,0.7988550476714115,240.930546875,71.87706591812025,-0.6878747808317173,0.47721699151518615,1.0,1.0003825426101685,0.0005621135351248085,1.1180338859558105,0.061001066118478775
127,0.8232945327471941,0.96875,0.8462238037778486,0.7228401655193992,0.0,0.03125,0.0,62,0.036985588016912596,0.47018709778785706,0.0,1.0,64,1.0,47,0.734375,0.8762880182410624,37.935781250000005,21.993991211002346,-0.5609981556867975,0.3762600129750269,2.46875,1.237042213305593,-0.6171215390175623,0.3867078278405036,2.7857200000000013,1.3458223806306142,0.22351517670686022,0.6432170013993289,253.32509375000004,72.15557694288061,-0.6055830470870553,0.47906612366383783,1.0,0.9981753826141357,0.0021656739991158247,1.0446385145187378,0.058239396661520004
128,0.7959036300281993,1.0,0.8985096123069525,0.6844369040276279,0.0,0.0,0.0,64,0.022522753679781703,0.3771323561668396,0.0,1.0,64,1.0,53,0.828125,0.8865351998712623,32.78203125,20.06938014268312,-0.6491654202485838,0.343334920908271,2.40625,1.0565088440235604,-0.6366594650317822,0.3302718660464206,3.157852812500002,1.4131224103530786,0.40137085456116284,0.6753821102095163,261.14790625,70.61987783498861,-0.5536446575778052,0.4688700799219352,1.0,0.9991103410720825,0.006048386916518211,0.9999999403953552,0.05647526681423187
129,0.7506212258332992,0.9375,0.8544489026069642,0.6612426687864266,0.0,0.0625,0.0,60,0.03898770308713519,0.43356138467788696,0.0,1.0,64,1.0,44,0.6875,0.8993015738215129,44.41984375,34.67478899954671,-0.4500727025948438,0.5931954975206695,2.828125,1.8162004251665067,-0.504778464435798,0.5677566325423662,2.461310468750001,1.796661862295281,0.0684681742798296,0.8586894319981533,254.85157812500003,90.9223822603662,-0.5954481831811986,0.6036655109588596,1.0,0.9987224340438843,0.003567788051441312,1.0837910175323486,0.061930201947689056
130,0.7467225264367774,0.921875,0.8733302554336645,0.710714005902676,0.0,0.078125,0.0,59,0.026785262626522317,0.39061492681503296,0.0,1.0,64,1.0,52,0.8125,0.8932732993014809,38.2034375,25.69545194550183,-0.5564192530614538,0.43958238364564145,2.546875,1.4353754680831772,-0.5926991314997875,0.44870815516856544,2.783525625000001,1.5805372515964276,0.22246640583801466,0.7553956942634789,255.77068750000004,79.2997075238686,-0.5893458944301447,0.526498506431583,1.0,0.9991310834884644,0.001570680644363165,1.1014962196350098,0.06903759390115738
131,0.7784354561057274,0.953125,0.8756552397227678,0.7131481631174685,0.0,0.046875,0.0,61,0.02615240952656456,0.41962310671806335,0.0,1.0,64,1.0,48,0.75,0.887512184954974,37.2503125,22.866373576222003,-0.5727247440215222,0.39118420735646925,2.46875,1.3459284667098768,-0.6171215390175623,0.42074641284815956,2.7092757812500015,1.2281898876329211,0.18697973052439334,0.5869961950714908,253.52351562500002,71.64705865887666,-0.6042656548280814,0.4756898928380098,1.0,0.9988802075386047,0.000501504517160356,1.0648608207702637,0.057299040257930756
132,0.7177546979128236,0.90625,0.8741264523103319,0.6769613392978874,0.0,0.09375,0.0,58,0.026422875536242105,0.3692297637462616,0.0,1.0,64,1.0,47,0.734375,0.8914057641553268,36.64421875000001,25.25411487539503,-0.5830934324533426,0.43203225369734555,2.5,1.4469796128487782,-0.6073525760104523,0.45233568991878315,2.6124065625000017,1.5531566319869554,0.14068244099419935,0.7423095097155537,246.219078125,83.26438232020806,-0.6527623713249903,0.552821369704835,1.0,0.9973018169403076,0.004317323211580515,1.1180338859558105,0.05630645528435707
133,0.8007736708301458,0.96875,0.8948382033455756,0.7198651365696687,0.0,0.03125,0.0,62,0.025238235370523363,0.4761773645877838,0.0,1.0,64,1.0,46,0.71875,0.8780390941993877,33.907343749999995,22.956616981969187,-0.6299142487904835,0.3927280374276734,2.328125,1.2631147946148837,-0.661081872549557,0.3948582944744341,3.2953570312500013,1.48506790619011,0.46708907454104537,0.7097674546372107,261.4966875,70.440328259074,-0.5513289768151609,0.46767798746029504,1.0,0.9993599057197571,0.0004847309610340744,1.0446386337280273,0.05540677532553673
134,0.7554648640609436,0.953125,0.8793029345449854,0.6881676121252883,0.0,0.046875,0.0,61,0.034633918250402546,0.40082478523254395,0.0,1.0,64,1.0,51,0.796875,0.8879772295899178,37.95453125,24.65453177978186,-0.560677391930206,0.42177494563667106,2.328125,1.1865744748539806,-0.661081872549557,0.370931268800942,2.981796718750002,1.456560779721207,0.31722730461745324,0.6961428718767075,261.679203125,79.65331191269998,-0.5501171917157769,0.5288462097006188,1.0,0.9979733824729919,0.004734848625957966,1.0648608207702637,0.06418188661336899
135,0.7588987973291105,0.90625,0.8924997895956039,0.7252681596849638,0.0,0.09375,0.0,58,0.018587590733498728,0.37831202149391174,0.0,1.0,64,1.0,48,0.75,0.8774878500168881,34.232656250000005,22.162597662093585,-0.6243489976136206,0.3791444310356983,2.1875,1.1709371246996996,-0.7050422060815518,0.36604292655497733,3.009963906250002,1.565503422409844,0.33068941829779896,0.7482104856742051,255.55814062500002,91.26170518244965,-0.5907570675066726,0.6059183945728522,1.0,0.9973756074905396,0.012506513856351376,1.1180338859558105,0.066851407289505
136,0.7336984490277133,0.921875,0.8971171242705847,0.6800716124423896,0.0,0.078125,0.0,59,0.03002631843104807,0.3678821623325348,0.0,0.984375,64,0.984375,41,0.640625,0.8908467859309988,47.57609375,29.28406305149118,-0.396077470235273,0.5009741905418097,2.515625,1.6007048008221254,-0.6024680945068974,0.500391231505108,2.3552409375000014,1.3817272123875421,0.017773723947915373,0.6603772140327502,247.52448437500004,85.22424289191288,-0.6440953224496259,0.565833569825575,1.0,0.9994748830795288,0.0015274948673322797,1.1014959812164307,0.08493660390377045
137,0.7759459961366757,0.9375,0.8580016727248828,0.7051683789579687,0.0,0.0625,0.0,60,0.027573222741666653,0.34929317235946655,0.0,1.0,64,1.0,45,0.703125,0.8831227963416952,42.985625,25.65392092808378,-0.4746084569427893,0.4388718959036638,2.578125,1.260018446045533,-0.5829301684926775,0.39389035480623874,2.5093090625000016,1.5773642480720806,0.09140843146948446,0.7538792015659778,250.798984375,75.2204306421077,-0.6223547711519899,0.4994147598121954,1.0,1.0003225803375244,0.01078028790652752,1.0837910175323486,0.08169175684452057
138,0.746840014788239,0.9375,0.8360605957607429,0.681460429260473,0.0,0.0625,0.0,60,0.029147293007117978,0.39301300048828125,0.0,1.0,64,1.0,40,0.625,0.8894599308736286,40.71484375,21.811983947490564,-0.513455620897326,0.37314634185124135,2.5,1.1858541225631423,-0.6073525760104523,0.37070608176474085,2.1321376562500003,1.3874335525899326,-0.08885537186243592,0.663104479596744,229.249765625,59.66050182484175,-0.7654275748344942,0.3961069477372712,1.0,0.9976368546485901,0.0029052875470370054,1.0837911367416382,0.07371792942285538
139,0.815869087990964,1.0,0.8508325982838869,0.6774516873407415,0.0,0.0,0.0,64,0.04199820358543079,0.5064245462417603,0.0,1.0,64,1.0,41,0.640625,0.8861503977162434,47.377968749999994,31.58666323484523,-0.39946687392992336,0.5403656937279934,2.765625,1.5180393141730553,-0.5243163904500179,0.47454943691184376,2.463379218750001,1.3747614141805498,0.06945690443530618,0.6570480081140947,256.48784375,70.88971616933829,-0.5845844431424535,0.47066163104424324,1.0,0.9979522228240967,0.008060453459620476,0.9999999403953552,0.06830514967441559
140,0.803849609606007,0.953125,0.8515670621981386,0.7178444233413758,0.0,0.03125,0.0,61,0.03659944763153544,0.4291136860847473,0.0,1.0,63,0.984375,45,0.7142857142857143,0.8649838557087687,43.514920634920635,21.963347236227406,-0.4655535846118756,0.37573577423018933,2.6031746031746033,1.2023744040892461,-0.5750994917965021,0.3758704343757984,2.5817093650793663,1.248339635650534,0.12601114442457895,0.5966264855803826,252.70834920634923,61.90135574538053,-0.6096778299207025,0.4109847610247907,0.984375,0.9988592267036438,0.0015259409556165338,1.0648607015609741,0.0588756799697876
141,0.7947208626406796,0.984375,0.8738299977211725,0.6908812096109825,0.0,0.015625,0.0,63,0.040726508750307214,0.4115523397922516,0.0,1.0,64,1.0,48,0.75,0.8851266231892778,47.63578125,30.22347668848917,-0.39505637227679,0.5170451157256374,2.71875,1.3284007066770176,-0.5389698349606828,0.4152671155886875,2.6799842187500014,1.49286111142728,0.1729802375238959,0.7134921081844293,266.25823437500003,70.76730709222798,-0.5197154009739523,0.4698489143484995,1.0,0.999756932258606,0.011477045714855194,1.0230478048324585,0.05727843567728996
142,0.7863464044903624,0.953125,0.8589278620774629,0.6899077956561256,0.0,0.046875,0.0,61,0.04518691882474839,0.4413400888442993,0.0,1.0,64,1.0,47,0.734375,0.8906828287253231,40.71015625,30.589841271868114,-0.5135358118364739,0.5233126613281287,2.703125,1.5173958726630965,-0.5438543164642378,0.4743482927099869,2.8343859375000013,1.271278741631482,0.2467743815169107,0.6075899107516395,271.83173437500005,76.54938182723996,-0.4827109842210507,0.5082381317506356,1.0,0.9983316659927368,0.009410599246621132,1.0648607015609741,0.06624268740415573
143,0.7845680893884854,0.96875,0.909677783327718,0.6918550313531997,0.0,0.03125,0.0,62,0.036767950792787545,0.4568805694580078,0.0,1.0,64,1.0,48,0.75,0.885485032848281,37.86015625,23.247773582390334,-0.5622919028383833,0.3977089699560734,2.34375,1.0034121473751452,-0.656197391046002,0.3136734767549612,2.7452506250000015,1.3065447016090717,0.20417340441161302,0.6244447835451987,248.35990625,59.45807536032187,-0.6385486642946087,0.39476296760720747,1.0,0.9997212290763855,0.0010718113044276834,1.0446386337280273,0.05854538828134537
144,0.8118158668905631,0.984375,0.8702363669872284,0.7084677169294641,0.0,0.015625,0.0,63,0.03446987662425628,0.44280314445495605,0.0,1.0,64,1.0,48,0.75,0.8778886662552187,38.73015624999999,25.043780134258608,-0.5474084645325374,0.4284339730728858,2.46875,1.3342688775130747,-0.6171215390175623,0.4171015457908265,3.140013437500002,1.3552124981117124,0.39284477455277317,0.6477048768395851,279.150390625,77.39098209005392,-0.43411986446753403,0.5138258103842624,1.0,0.9995563626289368,0.007470119744539261,1.0230478048324585,0.05385436490178108
145,0.794887770006214,0.984375,0.8864084605186705,0.6821169477639031,0.0,0.015625,0.0,63,0.03591393301166472,0.4450715184211731,0.0,1.0,64,1.0,50,0.78125,0.8792348909997149,40.024687500000006,26.049399103479217,-0.5252624001711984,0.44563749938045294,2.59375,1.4111027381094545,-0.5780456869891225,0.4411203343303297,3.032550781250002,1.7971691462341428,0.3414844995935,0.8589318812683607,271.477796875,80.55721771786266,-0.48506089913169587,0.534847556631561,1.0,0.9981645345687866,0.0025150906294584274,1.0230478048324585,0.06427086144685745
146,0.725317420625283,0.921875,0.8598825648679571,0.6731420232238506,0.0,0.0625,0.0,59,0.044977498674124795,0.42732739448547363,0.0,1.0,63,0.984375,43,0.6825396825396826,0.8958201507409432,41.644285714285715,26.569463777844238,-0.4975552851107619,0.45453445397351233,2.5714285714285716,1.3299276232160897,-0.5850235177084867,0.415744440106612,2.7170871428571446,1.677988368664335,0.19071306165493834,0.8019710939637449,260.59706349206346,77.48440218846572,-0.5573018953960526,0.5144460591067397,0.984375,0.9967973232269287,0.003636363660916686,1.1014961004257202,0.06513869017362595
147,0.7297691697498008,0.90625,0.8791014526424736,0.7174190736408773,0.0,0.09375,0.0,58,0.028743490347984686,0.36716189980506897,0.0,0.984375,64,0.984375,44,0.6875,0.8838248733244123,29.840625,23.71456210557924,-0.6994852345638768,0.4056945081017735,2.09375,1.1554050967085094,-0.7343490951028816,0.3611875087350947,2.8382156250000015,1.499371645939221,0.2486047271446096,0.7166037271815181,238.50884374999998,74.21408333543803,-0.7039533152695578,0.4927332679068999,1.0,0.9970650672912598,0.010089686140418053,1.1180338859558105,0.06805571913719177
148,0.7847658592661595,0.9375,0.8482168853282929,0.7381405002280297,0.0,0.046875,0.0,60,0.032223873710876545,0.40042445063591003,0.0,1.0,63,0.984375,44,0.6984126984126984,0.885781484110349,33.46873015873016,20.654437049120332,-0.6374177870959664,0.35334372363513006,2.1904761904761907,0.9735737285838509,-0.7041118286523032,0.30434578365535137,2.8642960317460333,1.453640670864775,0.2610694931225665,0.6947472466519927,234.40688888888894,60.74416639679587,-0.7311876289292228,0.40330177602128386,0.984375,0.998846709728241,0.0017835909966379404,1.083790898323059,0.07751081883907318
149,0.7481201730475999,0.9375,0.8571707715590795,0.6577239741977556,0.0,0.046875,0.0,60,0.03852234961273263,0.4152223467826843,0.0,0.984375,63,0.96875,46,0.7301587301587301,0.8808619508130573,37.94365079365079,22.79332325669963,-0.5608635282529796,0.38993450629459153,2.4126984126984126,1.0021393090580697,-0.6346436472684103,0.31327557882108786,2.8549715873015895,1.6803958867908233,0.2566130051925178,0.8031217336116074,254.58039682539686,70.97281583874654,-0.5972486507197488,0.47121335882729004,0.984375,0.9995465278625488,0.0063965884037315845,1.0837911367416382,0.07199689745903015
150,0.7768993592926414,0.9375,0.8557830259203911,0.6958535254820717,0.0,0.0625,0.0,60,0.035539548127923565,0.45023098587989807,0.0,1.0,64,1.0,45,0.703125,0.881960586252336,36.64859375,25.006113181779387,-0.5830185875768047,0.427789589436801,2.34375,1.0784646204210873,-0.656197391046002,0.3371353914038548,2.952652812500002,1.556844027583799,0.3032983818584155,0.7440718489164097,254.42234375000004,74.09669928656128,-0.5982980203924969,0.49195391413193296,1.0,0.9994126558303833,0.006469002924859524,1.0837910175323486,0.06876756250858307
151,0.7832859868719948,0.953125,0.8502819894767198,0.7180100485117105,0.0,0.046875,0.0,61,0.034808282006321065,0.474276602268219,0.0,1.0,64,1.0,38,0.59375,0.8804021875793797,41.2140625,23.05616638767368,-0.5049152858780771,0.3944310689658188,2.71875,1.1920144451725407,-0.5389698349606828,0.3726318406025993,2.3464906250000013,1.298716375725561,0.013591634358262489,0.6207033445758089,248.029875,55.59395262624683,-0.6407398572463411,0.3691077046600336,1.0,0.9990326762199402,0.008524240925908089,1.0648608207702637,0.055664971470832825
152,0.7687232231746084,0.96875,0.8667489134015576,0.6725654831766771,0.0,0.03125,0.0,62,0.03197177875595391,0.4381730556488037,0.0,1.0,64,1.0,44,0.6875,0.8867180479686086,39.340625,25.17261401770534,-0.5369649312241787,0.43063798589585356,2.53125,1.510057428543696,-0.5975836130033424,0.4720542450577576,2.6502328125000014,1.6266939129022842,0.15876096862856715,0.7774556255791152,253.52751562500004,78.60626625089132,-0.6042390974284201,0.5218945071745786,1.0,0.998035192489624,0.0041841003112494946,1.0446386337280273,0.06020192429423332
153,0.7876824722227822,0.96875,0.8737072358208318,0.7295861666209655,0.0,0.03125,0.0,62,0.02446161701255866,0.39302685856819153,0.0,1.0,64,1.0,55,0.859375,0.8838660316399131,43.1921875,26.80167295785552,-0.4710747095576728,0.4585069493812698,2.75,1.224744871391589,-0.5292008719535729,0.38286359493670563,2.8562129687500013,1.767553709992536,0.25720630610973544,0.8447775973386096,271.095046875,70.93295652397538,-0.4876021103117757,0.47094871888914036,1.0,0.9985008835792542,0.0009857072727754712,1.0446386337280273,0.06393087655305862
154,0.7233334004301626,0.90625,0.8933894140967007,0.6947977678080147,0.0,0.09375,0.0,58,0.014115101861212922,0.4080178141593933,0.0,1.0,64,1.0,37,0.578125,0.8867933101408101,40.73015625,24.159355233285634,-0.513193663829443,0.41330376221106363,2.671875,1.2381272084785957,-0.5536232794713477,0.38704700472715825,2.8463867187500016,1.5248684903511516,0.25250998722622986,0.7287895876961149,267.13403125,82.50900917512904,-0.5139006790661047,0.5478061830780377,1.0,0.9968039989471436,0.012012012302875519,1.1180338859558105,0.05611494183540344
155,0.7554528077820354,0.9375,0.8912679726878802,0.6894995276062278,0.0,0.0625,0.0,60,0.01994510761519314,0.43443939089775085,0.0,1.0,64,1.0,46,0.71875,0.8893012830965935,38.475624999999994,30.198060930867314,-0.5517628325282672,0.5166103181847623,2.53125,1.5808299837427173,-0.5975836130033424,0.49417822821480994,2.7835235937500014,1.3682439548895422,0.2224654350304603,0.6539330795156122,257.6371875,88.04933581944894,-0.5769535478132454,0.5845903503147145,1.0,0.999817967414856,0.0015731515595689416,1.0837910175323486,0.07040764391422272
156,0.7587208719369862,0.953125,0.8637509697773418,0.7150293000726851,0.0,0.015625,0.0,61,0.02269643602216944,0.3960563540458679,0.0,1.0,62,0.96875,43,0.6935483870967742,0.8808053582738464,44.637741935483874,22.111203073391497,-0.44634503109989543,0.3782652032308686,2.693548387096774,1.1300686487486038,-0.5468480309341586,0.3532671624038344,2.4873841935483885,1.4219530983401638,0.08092974671427787,0.6796026141401201,253.65351612903228,65.53155848994217,-0.6034025359926464,0.43508694730940284,0.96875,0.9998383522033691,0.0010626992443576455,1.0648608207702637,0.07656847685575485
157,0.7380394343708846,0.9375,0.8438405826687813,0.6552017971263346,0.0,0.0625,0.0,60,0.015493645859897575,0.40211132168769836,0.0,1.0,64,1.0,41,0.640625,0.8837163638801577,43.3571875,29.166251659063832,-0.46825198849966754,0.49895874388558187,2.265625,1.3490990917553092,-0.6806197985637769,0.4217375718490634,2.5951309375000013,1.7569453031448863,0.13242579742092728,0.8397074575189908,243.981578125,81.76645252654141,-0.6676179167604648,0.5428760896561352,1.0,0.9992642998695374,0.0,1.0837910175323486,0.052413202822208405
158,0.7458578316387334,0.9375,0.8699510927001636,0.6750039684073068,0.0,0.0625,0.0,60,0.021513436973137533,0.38253170251846313,0.0,1.0,64,1.0,48,0.75,0.8862847148488742,42.065937500000004,23.129002269793087,-0.49034191920360276,0.39567710156119357,2.34375,1.2401959270615268,-0.656197391046002,0.38769370025703903,2.899867812500002,1.5960366293753163,0.27807052868290616,0.762803405297249,261.63365625,79.5558766738862,-0.5504195933564503,0.5281993030560538,1.0,0.9982396960258484,0.007739937864243984,1.0837910175323486,0.0725952684879303
159,0.7361811523114701,0.953125,0.8658957671923716,0.6650724371706546,0.0,0.046875,0.0,61,0.02977145402928663,0.4423084557056427,0.0,1.0,64,1.0,52,0.8125,0.8996157726779871,41.57515625,26.140166888824293,-0.4987379105323856,0.4471903002233744,2.546875,1.286099815090182,-0.5926991314997875,0.40204356854614137,2.7630373437500015,1.795632895113381,0.21267431810109072,0.8581976515115115,258.97653125,81.53904406248598,-0.5680611760001308,0.5413662452895712,1.0,0.9987092614173889,0.0042803636752069,1.0648607015609741,0.057460833340883255
160,0.7480367817249893,0.921875,0.863354243464389,0.7110965417662148,0.0,0.078125,0.0,59,0.038794836842357794,0.4668670892715454,0.0,1.0,64,1.0,52,0.8125,0.8914943464090953,40.7253125,25.500362372961366,-0.5132765277998957,0.43624490822377954,2.53125,1.3225064980936767,-0.5975836130033424,0.4134245458092684,2.6809575000000017,1.543047260457778,0.17344540369749606,0.7374778768532867,255.621125,74.90148639035397,-0.5903388922018514,0.4972971773213301,1.0,0.9983418583869934,0.003206841181963682,1.1014961004257202,0.052908021956682205
161,0.7823019428359467,0.984375,0.888986976846816,0.6828147176349316,0.0,0.015625,0.0,63,0.029287843117341603,0.4192735552787781,0.0,1.0,64,1.0,55,0.859375,0.8911904966162645,39.4534375,24.33184816364334,-0.5350350026220199,0.41625466782850445,2.671875,1.1326777937149646,-0.5536232794713477,0.3540827989048445,2.625012656250001,1.4781396440831076,0.14670734735475038,0.7064561885730466,254.39403125,63.608590683808394,-0.5984859969869739,0.4223196911686319,1.0,0.9997730851173401,0.005638134200125933,1.0230478048324585,0.05632198229432106
162,0.7260724145409052,0.921875,0.8792702631425049,0.6680030862571011,0.0,0.0625,0.0,59,0.03923228319790613,0.38324788212776184,0.0,1.0,63,0.96875,50,0.7936507936507936,0.8971016463265146,44.37761904761905,25.215508941055756,-0.4507950574831996,0.43137180652265805,2.873015873015873,1.548087027331633,-0.49074527154463216,0.48394255685726445,2.67375523809524,1.7375915580589263,0.1700031832586423,0.8304576054885876,261.5670952380953,91.9915047001994,-0.5508615152052017,0.610763788939207,0.984375,0.9988352060317993,0.0010476689785718918,1.1014959812164307,0.06984266638755798
163,0.7513983213728813,0.953125,0.8797442971682939,0.6881848633112592,0.0,0.03125,0.0,61,0.038368128777187885,0.424944132566452,0.0,1.0,63,0.984375,55,0.873015873015873,0.891412524668467,41.80222222222223,24.250098245223633,-0.4948534020393667,0.4148561392453922,2.619047619047619,1.1605769149479943,-0.5701374788405097,0.36280425436904745,2.44230015873016,1.4548699934418328,0.059382462240396706,0.6953347842001475,241.68074603174608,61.87270774820052,-0.6828939461239202,0.41079455694714023,0.984375,0.9988381266593933,0.012700165621936321,1.0648607015609741,0.06911821663379669
164,0.7811529120810703,0.96875,0.8477234484687928,0.6864084926203001,0.0,0.03125,0.0,62,0.04718572882575835,0.5096126794815063,0.0,1.0,64,1.0,52,0.8125,0.8905491283292375,43.0975,28.181590844024402,-0.47269456652846004,0.4821137571122216,2.6875,1.4986973510352248,-0.5487387979677927,0.4685030073957366,2.605838437500002,1.527124693750706,0.1375432974280653,0.7298679085845878,255.157984375,67.25313205171479,-0.5934138448712152,0.4465170765909334,1.0,0.9980997443199158,0.020907700061798096,1.0446385145187378,0.06243877857923508
165,0.709581552485341,0.9375,0.8738734518488248,0.6644942342182745,0.0,0.0625,0.0,60,0.04290764152014982,0.45093560218811035,0.0,1.0,64,1.0,55,0.859375,0.8983096241600754,40.650625000000005,27.24207699468554,-0.5145542367636519,0.4660411175557585,2.765625,1.400247606452159,-0.5243163904500179,0.437726946183212,2.8929551562500015,1.6598985591473219,0.2747667212200327,0.7933253222773162,276.17873437500003,75.53947613422119,-0.4538497301392597,0.5015330144732346,1.0,0.9988295435905457,0.004227336961776018,1.0837910175323486,0.056246474385261536
166,0.7126021076234174,0.90625,0.906245789651213,0.7198063562264925,0.0,0.0625,0.0,58,0.026309724233112567,0.4468757212162018,0.0,1.0,62,0.96875,52,0.8387096774193549,0.8898822056354858,39.22709677419356,26.98785702969302,-0.5389071040342504,0.4616920748372752,2.7096774193548385,1.6302295185152618,-0.5418059855111341,0.5096208595031756,3.1053754838709695,1.4895837761263926,0.3762900486182589,0.7119257515721777,274.3903709677419,85.19393832106081,-0.4657233005757573,0.5656323671756552,0.96875,0.9994380474090576,0.0047755492851138115,1.1180338859558105,0.05931263044476509
167,0.6802904292472274,0.90625,0.8767726210684612,0.6549699854369464,0.0,0.09375,0.0,58,0.03492269133679991,0.4525159001350403,0.0,1.0,64,1.0,47,0.734375,0.9025486772813499,44.440312500000005,35.42118980783034,-0.44972253549389796,0.6059644749706958,2.890625,2.1148078185440395,-0.48524053842157816,0.6611033390881148,2.773837812500002,1.7798478750860554,0.2178362512232217,0.8506534217564324,276.371984375,99.56053253964592,-0.4525666757681289,0.6610172132839082,1.0,0.9985803365707397,0.003215434029698372,1.1180338859558105,0.061181385070085526
168,0.7439157294627432,0.9375,0.8645300855239232,0.703039606783626,0.0,0.046875,0.0,60,0.022896711223052722,0.3804222345352173,0.0,1.0,63,0.984375,47,0.746031746031746,0.8924691719527178,38.823174603174614,29.58381511749324,-0.5458171623247375,0.5061021691411104,2.5238095238095237,1.6316039713344586,-0.5999095565764638,0.5100505228230396,2.638645555555557,1.457031086838977,0.1532230010828374,0.6963676485919581,256.6774126984127,73.7764954284405,-0.583325828560867,0.48982796867364137,0.984375,0.998018741607666,0.003033366985619068,1.0837910175323486,0.06783924251794815
169,0.7841224470352288,0.984375,0.8895295725928413,0.7268765288126332,0.0,0.015625,0.0,63,0.02300200907904339,0.30340906977653503,0.0,1.0,64,1.0,54,0.84375,0.8782228615491091,35.397499999999994,19.51021038776876,-0.6044215492353733,0.33376898004647454,2.609375,1.206974361523475,-0.5731612054855676,0.3773084124240948,3.0034143750000015,1.3630948175577287,0.3275591613546631,0.6514721212777127,267.759375,58.7565112510148,-0.5097488030925117,0.39010503799750496,1.0,0.999882161617279,0.006605691276490688,1.0230478048324585,0.05602392926812172
170,0.7170333920578584,0.90625,0.8632599377426607,0.6824008074288787,0.0,0.046875,0.0,58,0.0216307382535676,0.43488457798957825,0.0,1.0,61,0.953125,43,0.7049180327868853,0.886456383366321,37.67868852459017,22.388847741633896,-0.5653963438678539,0.38301498172596377,2.5737704918032787,1.2073411566899652,-0.5842914174362912,0.377423075093299,2.4631183606557387,1.594097870622098,0.06933223095417156,0.7618768026417801,245.48813114754105,74.60471776658622,-0.6576153840778681,0.49532682658425525,0.953125,0.998410165309906,0.0005434782360680401,1.1180340051651,0.06709332764148712
171,0.7534452377525898,0.953125,0.8513013461574179,0.7141150591324037,0.0,0.046875,0.0,61,0.01455901188636954,0.35866132378578186,0.0,0.984375,64,0.984375,45,0.703125,0.8823000132523358,36.199375,21.458441074769972,-0.5907035525784762,0.36709814238617405,2.46875,1.1452176376130434,-0.6171215390175623,0.358002839581813,2.9248318750000015,1.534892752067588,0.2900017535273549,0.7335805435126374,261.40121875,71.83486507010124,-0.5519628272523869,0.4769368053184658,1.0,0.9996452927589417,0.0005333333392627537,1.0648608207702637,0.0619630441069603
172,0.7727429781043513,0.953125,0.8411357822965403,0.6818793704628936,0.0,0.046875,0.0,61,0.03344222421902851,0.455980509519577,0.0,0.984375,64,0.984375,41,0.640625,0.8794594899208277,36.0428125,23.139842633212606,-0.5933819299460155,0.39586255199816756,2.265625,0.9880882346101486,-0.6806197985637769,0.30888311717334743,2.7253998437500013,1.3931503735660293,0.19468600089178434,0.6658367543000809,244.52339062500005,71.07932908259468,-0.6640206339844833,0.4719205375238111,1.0,0.9979135394096375,0.0016778523568063974,1.0648608207702637,0.06300457566976547
173,0.7696320688590202,0.96875,0.8503072199321562,0.7119054929107851,0.0,0.03125,0.0,62,0.010367080311017515,0.3513447642326355,0.0,1.0,64,1.0,45,0.703125,0.8782116304131059,37.44828125,26.2769368074629,-0.5693380133581768,0.4495300779775736,2.4375,1.3448396744593758,-0.6268905020246722,0.42040604896919725,2.8704339062500015,1.5503138692370677,0.2640030044760914,0.7409508509816903,258.83271875,58.59269464742086,-0.5690159975098241,0.38901740224430953,1.0,0.998106062412262,0.0035989717580378056,1.0446386337280273,0.0654948428273201
174,0.7676829111296164,0.953125,0.8815065671185978,0.7259013208926187,0.0,0.03125,0.0,61,0.014369809220582598,0.32046374678611755,0.0,1.0,63,0.984375,45,0.7142857142857143,0.8792576629047223,35.4784126984127,21.212827221997422,-0.6030373433101032,0.3628963278749081,2.492063492063492,1.0521786297889872,-0.6098335824884485,0.3289182115609676,3.305955873015875,1.3571743554733122,0.47215464286348396,0.6486425191521689,269.9651111111111,66.80811504080263,-0.49510414923004087,0.4435624529372286,0.984375,0.9993792176246643,0.0010167767759412527,1.0648607015609741,0.070289246737957
175,0.7450472167385889,0.9375,0.8792447586854298,0.708333111850674,0.0,0.0625,0.0,60,0.018961287148529037,0.432904452085495,0.0,1.0,64,1.0,46,0.71875,0.8822076151427861,39.7553125,24.554987144210518,-0.5298707061408965,0.4200719957031033,2.375,1.2054563451241194,-0.6464284280388921,0.3768338701505111,2.9767642187500014,1.5366203121814999,0.31482209156249896,0.734406206729567,261.465765625,74.10699385321671,-0.5515342779633229,0.4920222633621847,1.0,0.9999640583992004,0.0030565462075173855,1.0837910175323486,0.0636838749051094
176,0.7051247657812747,0.890625,0.864199004152365,0.683863263350189,0.0,0.09375,0.0,57,0.030290355206673537,0.4409990906715393,0.0,1.0,63,0.984375,44,0.6984126984126984,0.8934967526627212,41.11603174603175,24.853616742947928,-0.5065923372329759,0.42518077180552605,2.5555555555555554,1.4004282539754147,-0.5899855306644792,0.4377834178303164,2.606915238095239,1.506517662518072,0.13805793922622653,0.7200190659527791,256.5806349206349,81.07360781086466,-0.5839683700915586,0.5382760511517936,0.984375,0.9981347322463989,0.003121748100966215,1.133455753326416,0.06823522597551346
177,0.7200466237183705,0.90625,0.899376953984129,0.7013577871336575,0.0,0.078125,0.0,58,0.025030013159594997,0.40487533807754517,0.0,1.0,63,0.984375,44,0.6984126984126984,0.8860991909486957,38.462857142857146,22.82797861637667,-0.5519812573720412,0.3905273694069135,2.1587301587301586,1.101317381504867,-0.7140358545642879,0.34427932028826325,2.8596439682539696,1.4664424602034107,0.25884610438067146,0.7008656829846421,251.69858730158734,79.38353556468948,-0.6163819925375523,0.5270550701273065,0.984375,0.9992480874061584,0.0,1.1180338859558105,0.06237662956118584
178,0.7721469914791389,0.953125,0.9152366137895428,0.7082981551735399,0.0,0.046875,0.0,61,0.019559126100828543,0.4420403242111206,0.0,1.0,64,1.0,46,0.71875,0.8823101039245932,35.843125,24.43074407093192,-0.5967980639537149,0.41794651970761965,2.25,1.2374368670764582,-0.6855042800673319,0.38683119929932597,2.9007360937500017,1.2487906969377145,0.27848551157369034,0.5968420640198283,259.964,74.80886041501873,-0.5615050254384609,0.4966822010598339,1.0,0.9978958964347839,0.004990019835531712,1.0648608207702637,0.064823679625988
179,0.7519749182736073,0.921875,0.8425513344295954,0.7111225490305759,0.0,0.078125,0.0,59,0.03629813508758935,0.48852425813674927,0.0,1.0,64,1.0,52,0.8125,0.8924799320963752,35.84921875,25.444228797060216,-0.5966938157328228,0.4352846086676746,2.34375,1.1755151796127516,-0.656197391046002,0.3674740577258613,3.318771406250002,1.799274145213554,0.47827964789893745,0.8599379361170334,260.74265625000004,84.10201764379285,-0.5563352541309786,0.5583827237195265,1.0,0.9990265369415283,0.0010432967683300376,1.1014961004257202,0.06407108902931213
180,0.7754241598670737,0.9375,0.8784009963274002,0.7298862994645655,0.0,0.0625,0.0,60,0.029706405943790724,0.3656415343284607,0.0,1.0,64,1.0,40,0.625,0.8738336596657639,40.18875,29.07186314226352,-0.5224557173010228,0.4973440017400902,2.4375,1.5599979967935855,-0.6268905020246722,0.48766600709894864,2.7791143750000016,1.3529998176469713,0.22035811053972057,0.6466473571296523,253.27353125,73.80881139216393,-0.6059253885670631,0.49004252566465123,1.0,0.9984666109085083,0.0005359056522138417,1.0837911367416382,0.06241922825574875
181,0.776372421240748,0.96875,0.8443125219595048,0.7102259684674525,0.0,0.015625,0.0,62,0.016068702522713852,0.3387167751789093,0.0,1.0,63,0.984375,45,0.7142857142857143,0.8718948314748133,43.05904761904761,23.593609957761917,-0.4733523868038827,0.40362533128568306,2.5873015873015874,1.2036310228653253,-0.5800615047524944,0.3762632619706003,2.715677301587303,1.3987085620333568,0.19003924771998834,0.6684932128124527,254.22423809523812,60.250701034639725,-0.5996133131546602,0.40002548681085104,0.984375,0.99696284532547,0.011299435049295425,1.0446385145187378,0.07832971215248108
182,0.741317873853897,0.9375,0.8886851986249288,0.6980105291083665,0.0,0.0625,0.0,60,0.03046000505963843,0.3470742404460907,0.0,1.0,64,1.0,47,0.734375,0.882313111886007,37.21859375,20.976609359235372,-0.5732673693764229,0.3588552543264509,2.578125,1.1153010734214326,-0.5829301684926775,0.34865071769740735,2.5822782812500007,1.2849516125867295,0.1262830499587636,0.6141246683711654,242.55607812500003,68.65906350523416,-0.6770823100647189,0.455851547467769,1.0,0.9985284209251404,0.010989011265337467,1.0837911367416382,0.08258222043514252
183,0.7311977017274011,0.921875,0.8753094223596282,0.6904483463562624,0.0,0.078125,0.0,59,0.030610127415724588,0.34943586587905884,0.0,1.0,64,1.0,46,0.71875,0.8780876401688491,35.58453125,21.611389714807178,-0.6012219307633729,0.36971469600451523,2.296875,1.113548487662302,-0.6708508355566669,0.3481028474430799,2.7754954687500017,1.3955135958222638,0.2186285048651742,0.6669662233557099,243.868203125,72.48601521051746,-0.6683706530571114,0.48126001894808307,1.0,1.0006310939788818,0.008561643771827221,1.1014961004257202,0.06705091148614883
184,0.779500551068987,0.953125,0.857478031858069,0.6829116753984082,0.0,0.046875,0.0,61,0.046631744498073,0.4311465919017792,0.0,1.0,64,1.0,39,0.609375,0.8800153376475501,43.401875000000004,28.46026176284004,-0.46748750154645774,0.48688109208673425,2.515625,1.2118192354369524,-0.6024680945068974,0.37882295303321073,2.3214801562500007,1.621452456325321,0.0016382302950688004,0.7749505446479902,234.73167187500002,63.69165689232156,-0.7290312810378968,0.4228711967930877,1.0,0.996859610080719,0.02654867246747017,1.0648607015609741,0.07263427972793579
185,0.7511359378690557,0.9375,0.8442444324493408,0.6961136350302409,0.0,0.0625,0.0,60,0.02402944768484019,0.323131263256073,0.0,1.0,64,1.0,44,0.6875,0.8792554451613059,39.99484375,26.83166447922279,-0.5257729491504399,0.4590200263444517,2.640625,1.4616684334605436,-0.5633922424784576,0.4569275153643643,3.0268789062500017,1.40107436070962,0.33877370619139996,0.6696239132320337,271.87490625000004,80.7314871196717,-0.48242435103642634,0.5360045921697005,1.0,0.9972560405731201,0.011610297486186028,1.0837911367416382,0.05862240120768547
186,0.7092533105450793,0.90625,0.8822188325997057,0.6853234048554196,0.0,0.09375,0.0,58,0.023745956732032152,0.33873167634010315,0.0,1.0,64,1.0,51,0.796875,0.8894346007457348,37.1778125,21.96287687985897,-0.5739650305470093,0.3757277276554866,2.515625,1.2623414194959302,-0.6024680945068974,0.39461653214074843,2.7581223437500015,1.6127450175862268,0.2103252625292876,0.7707889459732793,250.07635937500004,74.28290752680914,-0.6271525313845303,0.49319021579605,1.0,0.9992057085037231,0.014778325334191322,1.118033766746521,0.0689324215054512
187,0.7989208686685596,0.953125,0.8898584104952265,0.7168719646036834,0.0,0.046875,0.0,61,0.04497113289051753,0.464018851518631,0.0,1.0,64,1.0,49,0.765625,0.8797684327994854,34.84375,23.128885923504832,-0.6138947721800424,0.395675111178661,2.5,1.0897247358851685,-0.6073525760104523,0.3406553802494355,3.0901771875000015,1.6472006899846312,0.3690262352363387,0.7872565531406639,260.493546875,75.29651870291919,-0.5579891784387846,0.49991993507229915,1.0,0.9976390600204468,0.005257623735815287,1.0648607015609741,0.054597120732069016
188,0.7268832025640656,0.921875,0.8505328994686321,0.6921578007455527,0.0,0.078125,0.0,59,0.05034783836456108,0.40373730659484863,0.0,1.0,64,1.0,52,0.8125,0.8994682146816095,38.06765625,24.86567116165047,-0.5587421172654373,0.4253869915722756,2.515625,1.3462005271782507,-0.6024680945068974,0.4208314608049993,2.942529843750002,1.670402630397547,0.2984602503944528,0.7983455963560463,260.257484375,79.5824839349072,-0.5595564799781642,0.5283759579722598,1.0,0.9979225993156433,0.002010050229728222,1.1014959812164307,0.06264442205429077
189,0.721379016227027,0.921875,0.8820911337763576,0.7005001942777984,0.0,0.078125,0.0,59,0.04841888830934703,0.4587652087211609,0.0,1.0,64,1.0,57,0.890625,0.8930680983240171,38.892812500000005,29.258167047250993,-0.5446258389441059,0.5005311772297675,2.484375,1.5410242890282424,-0.6122370575140074,0.4817346967223934,2.644783906250001,1.5920540536359964,0.15615674002494637,0.7608999888719027,260.740078125,81.08628757404536,-0.556352371204979,0.5383602365363933,1.0,0.9992337226867676,0.003105590119957924,1.1014959812164307,0.060597412288188934
190,0.7285593141484678,0.953125,0.8713774475894991,0.6866222969198661,0.0,0.046875,0.0,61,0.025205024095170343,0.2897205650806427,0.0,0.984375,64,0.984375,46,0.71875,0.8802770432206176,45.68375,28.18092132210194,-0.42845055236927104,0.4821023033326499,2.71875,1.6998965961198933,-0.5389698349606828,0.5313992628290349,3.0825921875000017,1.4919016999406645,0.3654010904729356,0.7130335708704342,282.778,90.97130906826482,-0.41003489647090124,0.6039903531567369,1.0,0.9974383115768433,0.005576208233833313,1.0648607015609741,0.06269300729036331
191,0.7447394076907852,0.96875,0.8817718726012015,0.659795432408204,0.0,0.03125,0.0,62,0.03781383665822546,0.4006718099117279,0.0,1.0,64,1.0,44,0.6875,0.8941764839661541,44.58046875,28.48413546551437,-0.44732482641337645,0.4872895090762578,2.8125,1.4670868242881878,-0.509662945939353,0.45862134127007054,2.6710512500000014,1.3052515659819914,0.16871084993184493,0.6238267474414572,257.110734375,67.37378903671534,-0.5804488543241213,0.4473181605340767,1.0,0.9977124929428101,0.023898035287857056,1.0446385145187378,0.07280326634645462
192,0.7562342541557127,0.96875,0.8824535185290922,0.6895937259884903,0.0,0.03125,0.0,62,0.01386331886404358,0.300724059343338,0.0,1.0,64,1.0,46,0.71875,0.8802378761418098,36.969218749999996,23.872661031023508,-0.5775335273390899,0.408399169714498,2.484375,1.2623414194959302,-0.6122370575140074,0.39461653214074843,2.6987960937500013,1.5882505592707368,0.18197111031836466,0.7590821618869514,250.31176562500002,64.8185834895032,-0.6255895869185328,0.43035325680063025,1.0,0.9987647533416748,0.004769475199282169,1.0446385145187378,0.08802692592144012
193,0.7741372476600543,0.96875,0.8652687240992823,0.7178181570512636,0.0,0.03125,0.0,62,0.024183675421660146,0.32168591022491455,0.0,1.0,64,1.0,46,0.71875,0.8850505075411783,35.779531250000005,27.972417856127016,-0.597885987694821,0.4785353510655317,2.375,1.375,-0.6464284280388921,0.4298343723128373,2.721968750000001,1.299855064072651,0.1930461575772743,0.6212475647601993,248.14504687500002,62.79757740834579,-0.6399751908678153,0.4169350902468854,1.0,0.9991310238838196,0.0032275416888296604,1.0446385145187378,0.07160219550132751
194,0.7131682208886547,0.90625,0.8940609821985508,0.706607765605125,0.0,0.078125,0.0,58,0.025619529719138112,0.358234167098999,0.0,1.0,63,0.984375,51,0.8095238095238095,0.8821908769924918,35.57285714285713,21.869762007151177,-0.6014216443880128,0.374134774249391,2.2698412698412698,1.1575336287939386,-0.6793017638723414,0.3618529023735588,2.8265626984126997,1.3356562196237873,0.24303537371069014,0.6383582267997491,243.68258730158732,66.36828400928881,-0.669603021458564,0.4406422608154028,0.984375,0.9978377223014832,0.013997760601341724,1.1180338859558105,0.0755230113863945
195,0.7936173372987396,0.96875,0.890098106957251,0.7226127926692899,0.0,0.03125,0.0,62,0.03535904386464487,0.4435535967350006,0.0,1.0,64,1.0,44,0.6875,0.8707821325245123,32.208906250000005,19.79962784665942,-0.6589700990750642,0.3387201603844445,2.125,1.1110243021644486,-0.7245801320957717,0.34731376985102824,3.1151342187500015,1.207257911541955,0.3809540995930991,0.5769920495851564,249.69606249999998,67.44411317594626,-0.6296774554093492,0.44778506710192273,1.0,0.9983175992965698,0.02023429237306118,1.0446385145187378,0.05235884338617325
196,0.7672460014055885,0.96875,0.862646413906928,0.7072209265264493,0.0,0.03125,0.0,62,0.016301152990504983,0.34849658608436584,0.0,1.0,64,1.0,52,0.8125,0.8861370077080573,34.620000000000005,22.03681819705377,-0.617722553008701,0.37699267137125875,2.46875,1.117597171390479,-0.6171215390175623,0.34936849357325744,2.9271007812500014,1.4784276826658898,0.291086145565699,0.7065938525888713,259.0018125,79.36313723733677,-0.5678933249350845,0.5269196384943251,1.0,0.9980739951133728,0.012124407105147839,1.0446385145187378,0.0654056966304779
197,0.7087682047847722,0.921875,0.8635949401532189,0.6757095169996581,0.0,0.078125,0.0,59,0.027415294070487213,0.4562932848930359,0.0,1.0,64,1.0,50,0.78125,0.8889315043392537,40.000625,28.80748269086306,-0.5256740469921576,0.4928211395128598,2.546875,1.4569841228973637,-0.5926991314997875,0.4554631679529877,2.7624875000000015,1.578562341673589,0.21241152796384583,0.7544518136616369,260.880859375,75.88141356128229,-0.5554176752247165,0.5038032567006292,1.0,0.9984349012374878,0.006009013392031193,1.1014959812164307,0.054697759449481964
198,0.7768373676176132,0.96875,0.8427597144919057,0.7019312914940181,0.0,0.03125,0.0,62,0.03215890285100093,0.4298914074897766,0.0,1.0,64,1.0,45,0.703125,0.8858471192268019,43.23921875,27.043864617545854,-0.47027012713488914,0.46265021906539805,2.765625,1.2715908773559992,-0.5243163904500179,0.39750797571421526,2.539141250000001,1.5513374904432278,0.10566630863447925,0.7414400764339276,253.87814062500001,63.30529113669807,-0.6019111753643696,0.42030597934621566,1.0,0.9991434216499329,0.0005128204938955605,1.0446385145187378,0.05285324528813362
199,0.7102531797200069,0.90625,0.8787857355742619,0.6788293333520492,0.0,0.09375,0.0,58,0.029981203596402512,0.45863136649131775,0.0,1.0,64,1.0,48,0.75,0.8872685659081403,43.0140625,23.82117379551423,-0.47412196524529215,0.4075183569636464,2.703125,1.1947762277409941,-0.5438543164642378,0.37349519265843617,2.433133593750001,1.4760305367441253,0.055001430594224125,0.7054481701913239,254.69703125,75.72144845046567,-0.5964742739626393,0.5027411923556786,1.0,0.998085618019104,0.0031380753498524427,1.1180338859558105,0.06357836723327637
