step,reward_mean,valid_frac,c_mean,qed_mean,tox_mean,undersized_frac,alerts_mean,n_rankable,d_var,d_loss,w_C,unique,n_valid,unique_smiles_frac,n_scaffolds,scaffold_frac,tanimoto_dist,tpsa_mean,tpsa_sd,tpsa_drift_sd,tpsa_spread_ratio,hba_mean,hba_sd,hba_drift_sd,hba_spread_ratio,logp_mean,logp_sd,logp_drift_sd,logp_spread_ratio,mw_mean,mw_sd,mw_drift_sd,mw_spread_ratio,rdkit_valid_frac,ratio_mean,clip_frac,adv_std,kl
0,0.9742056716837126,0.859375,0.6875347126613963,0.579305231588364,0.0,0.09375,0.0,55,0.00767645928475635,0.7384631633758545,0.2,1.0,61,0.953125,52,0.8524590163934426,0.9177970980581669,60.99459016393443,39.97796026311557,-0.16652187996629664,0.6839189714593621,4.049180327868853,2.5442073680060524,-0.12306824595306781,0.7953365651349653,2.2843888524590175,1.7506871521852656,-0.016089040068237782,0.8367164617141318,300.7862950819673,117.04088517915226,-0.29047152404381904,0.7770753911003563,0.953125,0.9884097576141357,0.041228778660297394,1.1611261367797852,0.003963736817240715
1,0.9922214165344725,0.875,0.7201469976987157,0.47046969752409246,0.0,0.109375,0.0,56,0.0032011791069532433,0.6878690719604492,0.21300000000000002,1.0,63,0.984375,48,0.7619047619047619,0.9208599258842558,60.0188888888889,34.48111547154844,-0.18321359230201556,0.5898822469397064,3.6825396825396823,1.8672226793126685,-0.2376826107890224,0.5837065369677492,2.1445630158730173,1.6309979113147663,-0.0829168448524449,0.7795126614798015,289.1359365079366,113.01371761826414,-0.36782233125547603,0.7503376164960915,0.984375,0.9946033358573914,0.007419620640575886,1.1478065252304077,0.006414196453988552
2,1.0991922846491862,0.90625,0.7090327385170706,0.5364896923445082,0.0,0.078125,0.0,58,0.0036072991955159173,0.6879521012306213,0.226,1.0,63,0.984375,49,0.7777777777777778,0.9071907590840969,64.444126984127,38.28368709063582,-0.10750927255585947,0.6549343619928651,3.8253968253968256,2.066664228413942,-0.19302449418509113,0.6460533246557825,2.395240952380955,2.0226976054918815,0.036891172132719405,0.9667200570200529,302.68074603174597,106.04906280315532,-0.27789360129087387,0.7040968361393339,0.984375,0.9959933161735535,0.020281456410884857,1.1180338859558105,0.015667377039790154
3,1.2213480830228671,0.953125,0.6917266787075605,0.595420910292153,0.0,0.03125,0.0,61,0.004124038603145667,0.690499484539032,0.23900000000000002,1.0,63,0.984375,53,0.8412698412698413,0.9182834262997408,54.726349206349205,30.231625577934178,-0.2737551875276725,0.5171845220397936,3.4603174603174605,1.6697628082236362,-0.3071507921729152,0.5219792353339107,2.064997301587303,1.7548912961018386,-0.12094416620897658,0.8387257735537835,272.9314761904762,90.30740590697016,-0.47540941349162186,0.5995824677590306,0.984375,0.9978017807006836,0.024880383163690567,1.0648605823516846,0.027962541207671165
4,1.160446337748909,0.875,0.7691566486443792,0.5953716864706298,0.0,0.09375,0.0,56,0.00847313718917844,0.6927566528320312,0.252,1.0,62,0.96875,52,0.8387096774193549,0.9144129734812152,47.08145161290323,30.895938131963405,-0.40453951130533233,0.5285491828601304,2.9516129032258065,1.8353818215295825,-0.4661753041657668,0.5737528677902255,2.2470612903225815,1.7195424203478549,-0.03392922680647228,0.8218312723234942,251.4678870967742,97.48753764011288,-0.6179136919228372,0.6472538747732848,0.96875,0.9969815015792847,0.003874091897159815,1.1478066444396973,0.04044777527451515
5,1.2619282043244655,0.90625,0.7798871238683832,0.6392761514510323,0.0,0.0625,0.0,58,0.009179954976326616,0.7229974269866943,0.265,1.0,62,0.96875,54,0.8709677419354839,0.9043487418986057,40.651129032258076,25.36072974583766,-0.5145456140820229,0.43385615696943597,2.870967741935484,1.486323359162358,-0.4913855312808892,0.46463481319233446,2.5707903225806463,1.4395263886251917,0.12079254063610013,0.6880015226770394,252.1851451612903,69.5500154914866,-0.6131515646529468,0.4617668894622269,0.96875,0.9978914856910706,0.006224066484719515,1.118033766746521,0.03776004910469055
6,1.3111013141849692,0.9375,0.7665995304783185,0.6398332486574917,0.0,0.046875,0.0,60,0.004814739615857973,0.6916368007659912,0.278,1.0,63,0.984375,53,0.8412698412698413,0.9055608035340238,48.67825396825396,29.480578893095164,-0.3772223741300539,0.5043360657195503,3.142857142857143,1.753519299002092,-0.4063910512927622,0.5481620852545532,2.4227220634920648,1.7931968603065327,0.05002538518966627,0.8570333827147396,267.78965079365076,93.73443495545138,-0.5095477915045008,0.6223357127817808,0.984375,0.9971156716346741,0.007002801168709993,1.0837910175323486,0.042859263718128204
7,1.2527434633994483,0.90625,0.7550068096867923,0.5985669514548111,0.0,0.09375,0.0,58,0.0001970097680423777,0.7034047842025757,0.29100000000000004,1.0,64,1.0,53,0.828125,0.9085821841122398,50.241093750000005,30.28468600821562,-0.3504862482983997,0.5180922480634436,3.0625,1.6189792308735773,-0.4315112418824735,0.5061039429018649,2.8617078125000015,1.851509851251026,0.259832489899588,0.8849032619185377,286.22346875000005,94.15384750933727,-0.387159223817434,0.6251203394858971,1.0,0.99774169921875,0.0,1.1180341243743896,0.041767969727516174
8,1.3845936723621648,0.953125,0.8205243368617824,0.6857057809555246,0.0,0.015625,0.0,61,0.009020483419968606,0.6926485896110535,0.30400000000000005,1.0,62,0.96875,53,0.8548387096774194,0.9024168413864612,39.88887096774193,24.108479575347832,-0.5275858679628961,0.41243341196257327,2.7419354838709675,1.424842762926308,-0.5317218946650851,0.4454155597432134,2.672893870967743,1.475709606923281,0.16959150487609612,0.7052947862678626,259.30229032258063,67.16528533290989,-0.5658983475291857,0.4459338314858771,0.96875,0.9982032179832458,0.0019129603169858456,1.0648608207702637,0.03804285079240799
9,1.3391729619367896,0.9375,0.8043159733215968,0.6597218343680539,0.0,0.015625,0.0,60,0.013053031443614721,0.683889627456665,0.317,1.0,61,0.953125,55,0.9016393442622951,0.8981372482861667,44.56229508196722,27.819607744547145,-0.44763573062826933,0.4759211673089702,2.8688524590163933,1.3964288156752036,-0.49204678313964656,0.436533166156589,2.728334918032788,1.825102959346448,0.1960887786329106,0.8722824569210907,276.61529508196725,78.75441993390623,-0.45095125084643545,0.5228781513173544,0.953125,0.9973191618919373,0.008771929889917374,1.0837910175323486,0.043213870376348495
10,1.2735323436728527,0.890625,0.8242033228539584,0.6437862615339792,0.0,0.109375,0.0,57,0.00025299522034929675,0.669588565826416,0.33,1.0,64,1.0,49,0.765625,0.903196275248671,41.47890625,21.959502151488113,-0.500384497816222,0.3756699948261686,2.78125,1.3284007066770176,-0.519431908946463,0.4152671155886875,2.388978906250001,1.6055790056463264,0.0338983146851497,0.7673640506986037,247.87025,90.36548209095804,-0.6417996634765702,0.5999680558662712,1.0,0.9963569045066833,0.0021356113720685244,1.133455753326416,0.044490035623311996
11,1.2460982251879114,0.875,0.7949310221842357,0.6188305985629088,0.0,0.09375,0.0,56,0.008226359787335425,0.6989803910255432,0.343,1.0,62,0.96875,46,0.7419354838709677,0.9018362155567284,41.095000000000006,24.34672951144005,-0.506952135732433,0.4165092490030334,2.629032258064516,1.3226789892626392,-0.5670162126262566,0.4134784677244251,2.115322580645162,1.3643551822155786,-0.09689190228763146,0.6520744949546254,233.03862903225803,78.55154259306104,-0.740271984892448,0.5215311776615985,0.96875,0.9957399368286133,0.004115226212888956,1.1478064060211182,0.043411362916231155
12,1.3540218173042033,0.953125,0.804514429364048,0.6398929279223344,0.0,0.046875,0.0,61,0.0002370059673528135,0.69873046875,0.356,1.0,64,1.0,56,0.875,0.9021159284182144,41.59343750000001,24.08718235511563,-0.49842516586970875,0.41206907188968595,2.703125,1.507063447362121,-0.5438543164642378,0.4711183061327403,2.146576406250001,1.4291789918301523,-0.08195457305523884,0.6830561289649245,242.32123437500002,76.47476728976166,-0.6786415198963892,0.5077427397275491,1.0,0.9971891045570374,0.0010863661300390959,1.0648607015609741,0.04737453535199165
13,1.288902838517048,0.90625,0.8096302521639857,0.6377959100395457,0.0,0.09375,0.0,58,0.00019331466897446064,0.6886821389198303,0.369,1.0,64,1.0,52,0.8125,0.9009046190800984,43.34343749999999,28.49449832965293,-0.46848721525450143,0.48746679074186483,2.984375,1.7364852027515236,-0.45593364940024833,0.5428371106583499,2.374395156250001,1.4908704137736464,0.026928215154064516,0.7125406820572587,254.17834375,77.58025553926778,-0.5999180217718293,0.5150824630432682,1.0,0.997524619102478,0.002053388161584735,1.1180338859558105,0.04489477723836899
14,1.3281658028867869,0.9375,0.8028048172593116,0.6413256063254984,0.0,0.0625,0.0,60,0.00022409461490478788,0.6896628737449646,0.382,1.0,64,1.0,52,0.8125,0.9053665095048756,41.10906250000001,28.967072563017023,-0.5067115629149894,0.49555130734784986,2.75,1.6583123951777,-0.5292008719535729,0.5183997581671305,2.518138281250001,1.270038393986029,0.09562823319875301,0.6069971039261005,267.01670312500005,85.86196343144323,-0.5146796615428851,0.5700676196356883,1.0,0.9987070560455322,0.005480817053467035,1.0837910175323486,0.04910988733172417
15,1.292831147418621,0.875,0.8436454364231655,0.6428785670061571,0.0,0.078125,0.0,56,0.011517190345329581,0.6873114109039307,0.395,1.0,61,0.953125,48,0.7868852459016393,0.8984963967547029,36.810327868852454,24.2493021679018,-0.580251737255091,0.4148425204319368,2.4754098360655736,1.3007760278608111,-0.6150396288685062,0.40663145269464546,2.8486273770491812,1.8309056012328735,0.2535808785511932,0.875055748529328,252.9082295081967,81.31787500073926,-0.6083507546555621,0.5398978264981971,0.953125,0.9969911575317383,0.01159725897014141,1.1478066444396973,0.051192108541727066
16,1.317937750426557,0.890625,0.8580565123181594,0.6501045597512608,0.0,0.109375,0.0,57,0.0003489697561259994,0.6855169534683228,0.40800000000000003,1.0,64,1.0,50,0.78125,0.8962387406079914,30.806562500000005,21.238139720997076,-0.6829605550368042,0.3633293589291933,2.203125,1.1749958444075452,-0.7001577245779967,0.3673117100008068,3.122023125000002,1.7518906928202571,0.3842465560753357,0.8372916771433319,259.37996875000005,83.70933440183973,-0.5653826132686783,0.5557755622703269,1.0,0.9981078505516052,0.00047303689643740654,1.1334558725357056,0.04992883652448654
17,1.4235478185001862,0.96875,0.8203732683773963,0.6371472894670515,0.0,0.03125,0.0,62,0.00038540169953124506,0.6940062046051025,0.42100000000000004,1.0,64,1.0,56,0.875,0.8921574632921754,37.930156249999996,27.348170956447635,-0.561094384813775,0.4678561094345044,2.6875,1.5090870584562046,-0.5487387979677927,0.4717509007541445,2.9918640625000017,1.7323051620724557,0.3220388508899242,0.8279310463946351,275.409734375,72.98171451985472,-0.4589553902241223,0.48455114011554357,1.0,0.9992241859436035,0.0004933399031870067,1.0446386337280273,0.06333444267511368
18,1.4335841602202803,0.953125,0.8241588656531006,0.683575575156988,0.0,0.046875,0.0,61,0.00024084451157986206,0.709863543510437,0.434,1.0,64,1.0,54,0.84375,0.8863352503175794,35.82390625,23.621450700130822,-0.5971268468042212,0.4041016140114722,2.53125,1.4680849558182931,-0.5975836130033424,0.45893336398987306,3.0827670312500017,1.671619733088877,0.3654846546001243,0.7989272935805681,273.39740625,71.44025434185349,-0.4723159407903886,0.4743168466132992,1.0,0.9992674589157104,0.0014932802878320217,1.0648607015609741,0.06472064554691315
19,1.4483026736784748,0.953125,0.8397210152422796,0.6759389725266561,0.0,0.03125,0.0,61,0.004263797425844819,0.6861802935600281,0.44700000000000006,1.0,63,0.984375,52,0.8253968253968254,0.8876923411864378,34.03253968253968,19.90555581439944,-0.6277724718501418,0.34053231253699884,2.6666666666666665,1.3333333333333333,-0.5552514399725328,0.41680908830335733,3.1477749206349226,1.4086778543522498,0.3965542669644804,0.6732578967735168,271.3083174603175,75.92220486261455,-0.4861861322692128,0.5040740844236743,0.984375,0.9991926550865173,0.0,1.0648608207702637,0.05979326367378235
20,1.459437425518109,0.953125,0.8435340298980963,0.6722778014907096,0.0,0.046875,0.0,61,0.0004548001161588239,0.6846820712089539,0.46,1.0,64,1.0,57,0.890625,0.8913594162335742,31.153437499999995,24.41967548276581,-0.6770264255398614,0.41775716493853565,2.46875,1.530612112032307,-0.6171215390175623,0.4784797792216966,3.220625312500002,1.4990285545041018,0.431372093804502,0.7164397514241825,268.99446875,77.3282311683387,-0.5015485835080665,0.5134091850574878,1.0,0.9975576400756836,0.0014333492144942284,1.0648607015609741,0.061430033296346664
21,1.4256821342732278,0.921875,0.8388599803892233,0.6904434609510023,0.0,0.046875,0.0,59,0.00786464106217071,0.6769127249717712,0.47300000000000003,1.0,62,0.96875,52,0.8387096774193549,0.8847777220950934,33.086290322580645,22.11536644535846,-0.6439603384833563,0.37833642770191983,2.435483870967742,1.213113399772501,-0.6275207577025502,0.3792275176258218,2.814735806451614,1.4108291938494546,0.23738287595722085,0.6742860994251443,254.38106451612904,74.06955977733867,-0.5985720876704018,0.49177372543367465,0.96875,0.9952078461647034,0.021008403971791267,1.1014961004257202,0.06954040378332138
22,1.4420223971059571,0.953125,0.819464738251733,0.671346790456684,0.0,0.03125,0.0,61,0.004211554730796637,0.6698579788208008,0.48600000000000004,1.0,63,0.984375,56,0.8888888888888888,0.8918321937404297,36.54492063492064,19.28859823364824,-0.5847921650621593,0.32997777220316604,2.4444444444444446,0.9558139185602917,-0.6247196213564256,0.298793945987081,2.6957468253968275,1.5714456057935011,0.18051375511695147,0.7510504691912052,257.06515873015877,72.70616403426868,-0.5807514469778374,0.4827216640224082,0.984375,0.9987277984619141,0.007085020188242197,1.0648607015609741,0.07185850292444229
23,1.4018415133264586,0.90625,0.8333746508277696,0.6985409903287011,0.0,0.078125,0.0,58,0.004176191684840248,0.678386926651001,0.49900000000000005,1.0,63,0.984375,57,0.9047619047619048,0.902432718958998,30.983015873015873,19.252660227229505,-0.6799418965412408,0.3293629663395243,2.4126984126984126,1.2678555903311655,-0.6346436472684103,0.396340299529686,2.7109693650793667,1.4124963773032617,0.18778915525088086,0.6750829064610311,243.80457142857142,70.36110110644637,-0.6687931261554046,0.4671519706712077,0.984375,0.9967978596687317,0.004301075357943773,1.118033766746521,0.06380456686019897
24,1.465937429922661,0.9375,0.8264896526932717,0.674238125172998,0.0,0.0625,0.0,60,0.0005449537223463812,0.6831017732620239,0.512,1.0,64,1.0,50,0.78125,0.8904786451188739,34.15296875,21.82883032537528,-0.6257122435791346,0.3734345395821886,2.21875,0.9264979425233496,-0.6952732430744418,0.2896295720535703,2.579844062500001,1.541370795240717,0.1251196491209866,0.7366766337283485,240.415703125,60.61863620586283,-0.6912930086396705,0.4024683371587455,1.0,0.9987845420837402,0.007688083685934544,1.0837910175323486,0.05986993387341499
25,1.5112227706489918,0.96875,0.8105456963662179,0.7119211188939805,0.0,0.015625,0.0,62,0.004452912219762339,0.6936609148979187,0.525,1.0,63,0.984375,56,0.8888888888888888,0.8842123376350222,38.7779365079365,22.559830726507396,-0.5465910685311174,0.3859400561014973,2.8095238095238093,1.307574306451998,-0.5105933233686016,0.40875664092086406,2.9637660317460335,1.3123044600674143,0.3086097897100046,0.6271975796182018,273.94792063492076,71.9555214255906,-0.46866088315549587,0.47773788508206394,0.984375,0.9995276927947998,0.0018331805476918817,1.0446385145187378,0.0632808730006218
26,1.5307604913992485,0.984375,0.8292446481803107,0.6840310739200972,0.0,0.015625,0.0,63,0.00048582047720991447,0.6991668343544006,0.538,1.0,64,1.0,62,0.96875,0.8888530679698577,37.930625,26.839568264213472,-0.5610863657198603,0.45915523955857984,2.734375,1.277719984728657,-0.5340853534571278,0.39942397645629846,2.7777160937500014,1.241244510463211,0.21968982155472344,0.5932354696385876,267.837390625,68.86200682379612,-0.5092308300592759,0.4571989591726733,1.0,0.9986620545387268,0.0004725898033939302,1.0230478048324585,0.05591879040002823
27,1.565128250275325,1.0,0.8287310665473342,0.6814404798652063,0.0,0.0,0.0,64,0.0004215981965442067,0.675050675868988,0.551,1.0,64,1.0,56,0.875,0.8850209276327503,41.720312500000006,26.942747224946157,-0.49625466445010624,0.46092036334769043,2.828125,1.29367074032576,-0.504778464435798,0.404410291379932,2.9344735937500017,1.6662785539548612,0.29460987827841223,0.7963745516467415,291.449890625,71.83686372001961,-0.35245918018435257,0.47695007505463194,1.0,0.9991374015808105,0.004028648138046265,0.9999999403953552,0.05603138729929924
28,1.4889897917510462,0.953125,0.8456210728551521,0.6608237470777312,0.0,0.046875,0.0,61,0.0005672566486742683,0.6876903772354126,0.5640000000000001,1.0,64,1.0,56,0.875,0.8915085283115761,31.5534375,22.134344511044226,-0.6701834653992425,0.3786610930695042,2.484375,1.2373382154346482,-0.6122370575140074,0.38680036012366414,2.7114842187500017,1.7423546510701102,0.18803522236861603,0.8327340592377104,257.34560937500004,76.7063737132583,-0.578889437012766,0.5092804558157736,1.0,0.9994532465934753,0.0025125627871602774,1.0648607015609741,0.05613960698246956
29,1.5552396886759643,0.96875,0.8453382953040062,0.6911367580274644,0.0,0.03125,0.0,62,0.0004757477877418787,0.6790131330490112,0.577,1.0,64,1.0,49,0.765625,0.8810185097382683,36.201875,24.78448423882117,-0.5906607840775974,0.42399809438012465,2.546875,1.368503830602969,-0.5926991314997875,0.4278036254799568,2.6642237500000014,1.4597266486374056,0.16544774170875523,0.6976559546879374,259.4355625,69.75099395659961,-0.5650135069093251,0.46310125581755124,1.0,0.997308611869812,0.005099439062178135,1.0446385145187378,0.05874580889940262
30,1.5711558806354946,0.96875,0.8659405939040645,0.6958860762799433,0.0,0.015625,0.0,62,0.0041608001985756725,0.6784486770629883,0.5900000000000001,1.0,63,0.96875,55,0.873015873015873,0.8815786644835583,31.993333333333332,20.80017513662531,-0.6626579912654317,0.35583692344454654,2.3015873015873014,1.2552735822074632,-0.6693777379603568,0.39240707802838665,2.8742409523809536,1.3220922989448414,0.26582252897782577,0.6318755404423995,253.0488571428572,64.66315743739432,-0.6074170785812907,0.4293213288547264,0.984375,0.9999801516532898,0.001523616025224328,1.0446383953094482,0.059215620160102844
31,1.5107306649396235,0.953125,0.8416190201141796,0.6624812524723516,0.0,0.046875,0.0,61,0.000528440843646164,0.688978910446167,0.603,1.0,64,1.0,53,0.828125,0.8886671171554728,40.4021875,28.62785135737301,-0.5188043565384896,0.4897481143751632,2.71875,1.4733969042657855,-0.5389698349606828,0.4605939152820084,2.4907478125000013,1.5919931459538283,0.08253734139173642,0.7608708788962847,267.85546875,72.16035673566049,-0.5091108030615886,0.479097858380626,1.0,0.9982834458351135,0.0028666984289884567,1.0648607015609741,0.06611833721399307
32,1.4759797266710237,0.90625,0.8561045280818281,0.6908309183949825,0.0,0.09375,0.0,58,0.0006610554098374875,0.6594648957252502,0.6160000000000001,1.0,64,1.0,48,0.75,0.897407917158208,35.700312499999995,20.317433090878968,-0.5992412145664203,0.347578462001439,2.5625,1.0879309490955758,-0.5878146499962325,0.3400946302721499,2.7167382812500014,1.5402215659702545,0.1905463281245115,0.7361273756569223,254.86221875000004,75.07168336652245,-0.5953775363485062,0.49842717460063796,1.0,0.9981640577316284,0.00561797758564353,1.1180340051651,0.07159697264432907
33,1.4938521369146458,0.9375,0.8163979644576709,0.6757834226510038,0.0,0.0625,0.0,60,0.0006279292588650667,0.6561834812164307,0.629,1.0,64,1.0,52,0.8125,0.8952482447324328,38.88250000000001,28.025060046768857,-0.5448022590102312,0.4794359220962241,2.53125,1.1587810136086973,-0.5975836130033424,0.3622428433691111,2.5265146875000015,1.4212963811033241,0.09963161952087919,0.679288745313203,252.6790625,67.89309298859936,-0.6098722746120216,0.4507660011830307,1.0,0.9991595149040222,0.0005189413786865771,1.083790898323059,0.07400049269199371
34,1.5221528549393792,0.921875,0.8441434669292579,0.6945288416953237,0.0,0.078125,0.0,59,0.0008097993381688292,0.6845970153808594,0.6420000000000001,1.0,64,1.0,53,0.828125,0.8898671063036487,30.8521875,21.002626879508284,-0.682180029895765,0.35930034646191406,2.40625,1.2082884330738253,-0.6366594650317822,0.377719200147745,2.9525379687500015,1.5008153278407759,0.3032434938928356,0.7172937147735342,262.66898437500004,82.5561990575383,-0.5435456876574278,0.5481194932198145,1.0,1.0003544092178345,0.007960199378430843,1.1014959812164307,0.07371687889099121
35,1.6094572134660332,1.0,0.8224038747139275,0.6565281150556768,0.0,0.0,0.0,64,0.000646435541888004,0.6698246002197266,0.655,0.984375,64,0.984375,50,0.78125,0.8848795227375494,37.71484375,28.00994839964162,-0.5647778219519676,0.47917740109884716,2.765625,1.5384873608109362,-0.5243163904500179,0.4809416356693835,3.1034623437500017,1.4375415536121725,0.3753756900301003,0.6870528985170308,285.06629687500003,75.74398110858381,-0.3948420928076981,0.5028907945574467,1.0,0.999075174331665,0.003233256284147501,0.9999998807907104,0.0652424767613411
36,1.6021220236385405,0.984375,0.8495247042368329,0.6750566001033904,0.0,0.0,0.0,63,0.00424914490313499,0.6867724657058716,0.6679999999999999,1.0,63,0.984375,55,0.873015873015873,0.8894065764267216,29.86793650793651,21.23014950778616,-0.6990180056634026,0.36319266715289994,2.634920634920635,1.2123908859637023,-0.5651754658845174,0.3790016548843728,3.1350177777777795,1.6268420024048784,0.3904571687938068,0.7775264028875983,279.2851428571429,65.56712817782652,-0.43322519724647024,0.43532310691364484,0.984375,0.9995557069778442,0.009186954237520695,1.0230478048324585,0.0700756162405014
37,1.5992181191811703,0.96875,0.8535328675662318,0.686593196699185,0.0,0.03125,0.0,62,0.0007045056590314412,0.6702621579170227,0.681,1.0,64,1.0,56,0.875,0.8910171723792364,32.52671875,25.661059266345543,-0.6535331534008382,0.4389940143141525,2.359375,1.24206465587545,-0.651312909542447,0.3882778776219522,2.8933684375000013,1.491156479235601,0.2749642432186153,0.7126774030475547,260.017828125,71.56307972113545,-0.5611476416813017,0.47513232728483107,1.0,0.9986920356750488,0.0014641288435086608,1.0446383953094482,0.07096721231937408
38,1.6221124252963173,0.984375,0.8241143605065724,0.673849490998991,0.0,0.015625,0.0,63,0.0007347667056075945,0.6618481278419495,0.6940000000000001,1.0,64,1.0,48,0.75,0.8763758935549848,33.83859375,26.727102166339712,-0.6310903825646522,0.45723123699627716,2.4375,1.5194057226429023,-0.6268905020246722,0.47497658551326893,3.042608750000002,1.4315718997382971,0.34629156521571963,0.6841997858630811,265.02071875,68.8965859074465,-0.5279317002339734,0.45742854180877834,1.0,0.9988235235214233,0.0014374700840562582,1.0230478048324585,0.06480764597654343
39,1.6052860777021694,0.984375,0.8248987093804374,0.6910805442770777,0.0,0.015625,0.0,63,0.0006806083517965555,0.6568756699562073,0.7070000000000001,1.0,64,1.0,54,0.84375,0.8945081704163564,31.9746875,25.588975712742855,-0.6629769730011532,0.43776085210390914,2.453125,1.3570382214127206,-0.6220060205211173,0.4242193978948842,2.7012403125000013,1.6056499906852073,0.18313929051641006,0.7673979770060498,256.494265625,67.66931818507243,-0.5845418060672162,0.44928028196018877,1.0,0.9992194175720215,0.0014992504147812724,1.0230478048324585,0.06238514557480812
40,1.5778364688402031,0.9375,0.8807367950677871,0.6673100287874296,0.0,0.0625,0.0,60,0.000731166513306649,0.6486024856567383,0.72,0.984375,64,0.984375,54,0.84375,0.8879957015712535,26.605937500000003,19.722791837645442,-0.754822328638522,0.3374056960168273,2.0625,0.982264602843857,-0.7441180581099914,0.30706261018800557,2.978724218750002,1.5070909846059874,0.3157588461750595,0.7202930772335635,244.00971875000002,76.94305471590437,-0.6674310813042545,0.5108518638106438,1.0,0.9989516139030457,0.015455950982868671,1.0837911367416382,0.07163485884666443
41,1.5137729863664395,0.921875,0.8156946617162834,0.6727357914081423,0.0,0.0625,0.0,59,0.004655213337246472,0.6690347790718079,0.7330000000000001,1.0,63,0.984375,56,0.8888888888888888,0.8855973435070453,32.21333333333333,29.088490605637926,-0.6588943631880914,0.49762845441286685,2.507936507936508,1.6796921096648472,-0.6048715695324562,0.5250832026448109,2.9806452380952395,1.3297633485888927,0.31667697052836,0.6355418114307895,260.6600952380952,88.18330571458999,-0.5568834055783757,0.5854798233266714,0.984375,0.9973819851875305,0.0,1.1014961004257202,0.0769265741109848
42,1.6022129829741871,0.953125,0.8558607238237975,0.6899309046077261,0.0,0.015625,0.0,61,0.007825968544210105,0.6710385680198669,0.746,1.0,62,0.96875,61,0.9838709677419355,0.8842563004631171,31.7791935483871,24.256040903605392,-0.6663213662977011,0.4149578026814814,2.2903225806451615,1.5175010950114936,-0.6728991665097706,0.4743811859333153,2.836341935483872,1.3473652157569387,0.247709223421783,0.6439543778896373,257.42648387096773,76.14694830047722,-0.5783524829348132,0.5055662347488111,0.96875,0.9996750950813293,0.01577909290790558,1.0648608207702637,0.07447674125432968
43,1.6745392852084113,0.984375,0.8624358002155547,0.6764358574136512,0.0,0.015625,0.0,63,0.0011701263508213343,0.6756519079208374,0.7590000000000001,1.0,64,1.0,53,0.828125,0.8776969056309865,26.98703125,19.621213781237476,-0.7483028052857996,0.3356679595389242,2.125,1.2562344526401112,-0.7245801320957717,0.39270745267514395,3.4002309375000026,1.4773903918149904,0.5172120926108978,0.7060980939209395,274.76540625,75.38490836237527,-0.46323331010626384,0.500506784950322,1.0,0.9986897110939026,0.0028735632076859474,1.0230478048324585,0.06942987442016602
44,1.6124338925074453,0.96875,0.8264813966328098,0.6770385378050672,0.0,0.015625,0.0,62,0.004624253941081175,0.6526530385017395,0.772,1.0,63,0.984375,58,0.9206349206349206,0.8883523258143362,34.89158730158729,23.471984192328485,-0.6130764003100508,0.40154463062334994,2.507936507936508,1.245601988369108,-0.6048715695324562,0.3893836718707328,3.1688771428571445,1.627479796786245,0.4066397792103681,0.7778312278001546,276.8257142857143,71.84257132608613,-0.4495542041238609,0.47698796984848624,0.984375,0.9988005757331848,0.0026978417299687862,1.0446385145187378,0.06769821047782898
45,1.6620429769540839,0.96875,0.8581302476025396,0.6795862773279959,0.0,0.03125,0.0,62,0.0008961775427150019,0.6612088680267334,0.7850000000000001,0.984375,64,0.984375,53,0.828125,0.8807932086779647,29.47140625,23.566293253500028,-0.7058016075374246,0.40315801348959013,2.515625,1.274659114969567,-0.6024680945068974,0.39846712770602216,3.1249445312500015,1.5343208697711865,0.3856428013711774,0.7333072203600886,266.82056250000005,70.19723190074768,-0.5159819077848649,0.4660639856742325,1.0,0.9981723427772522,0.0014381591463461518,1.0446385145187378,0.06715051829814911
46,1.7187945307708796,0.96875,0.8895965862658716,0.7434000262185488,0.0,0.015625,0.0,62,0.004571480523109328,0.6540374159812927,0.798,1.0,63,0.984375,57,0.9047619047619048,0.8754466085681256,25.579841269841275,15.880647151267443,-0.7723761676470607,0.27167658865838923,2.253968253968254,0.8722940739069261,-0.6842637768283337,0.2726850732581755,3.2761547619047633,1.1802534742458468,0.4579116182243219,0.5640856561174389,271.154746031746,69.13710175750478,-0.48720574672049066,0.45902541069749014,0.984375,0.9980162978172302,0.007529411930590868,1.0446385145187378,0.06563013792037964
47,1.7222300263671535,0.984375,0.8705561123197041,0.7062153704562718,0.0,0.015625,0.0,63,0.0010832788714467932,0.6490705013275146,0.8109999999999999,1.0,64,1.0,58,0.90625,0.8912285879011944,28.1140625,20.9707178822303,-0.729022230483345,0.35875446647066317,2.328125,1.2631147946148837,-0.661081872549557,0.3948582944744341,3.103212031250002,1.366822347664672,0.3752560566683878,0.653253642206864,259.28403125000006,72.11165365748994,-0.5660195759011769,0.47877450160269974,1.0,0.9983850121498108,0.012540641240775585,1.0230478048324585,0.08169402927160263
48,1.5945209473717705,0.921875,0.8434111571918099,0.6926706017089548,0.0,0.03125,0.0,59,0.011053644830523669,0.6659834980964661,0.8240000000000001,1.0,61,0.953125,47,0.7704918032786885,0.8833154448294072,33.45459016393442,19.871112946940524,-0.637659685647906,0.33994308461412387,2.3934426229508197,0.9963653376408357,-0.6406631383953518,0.31147059599935767,2.686068524590165,1.4051143003607054,0.1758881464830803,0.6715547459374519,258.66744262295083,66.99237303555708,-0.5701133235499486,0.44478580623909414,0.953125,1.000819444656372,0.005440158303827047,1.1014959812164307,0.07853377610445023
49,1.7402139102740133,0.984375,0.8774078213979327,0.6975320042321914,0.0,0.015625,0.0,63,0.0012717886404685764,0.6519637703895569,0.837,1.0,64,1.0,49,0.765625,0.8801741269476969,29.24515625,19.434451368011036,-0.7096721568669622,0.3324729401652384,2.4375,1.0734727523323542,-0.6268905020246722,0.3355748994136082,2.849135468750001,1.2462106032676254,0.25382371387994146,0.5956089443023315,261.14084375000004,63.26003740593734,-0.5536915479865817,0.4200055239927226,1.0,1.000651240348816,0.009950248524546623,1.0230478048324585,0.07692920416593552
50,1.7171173300608564,0.984375,0.8499111400710212,0.7077558254202246,0.0,0.015625,0.0,63,0.0011891411758600651,0.6670917868614197,0.8500000000000001,1.0,64,1.0,54,0.84375,0.8896242906701188,33.470625,20.254116547244784,-0.6373853712877606,0.3464952805406128,2.625,1.1524430571616109,-0.5682767239820126,0.3602615549827987,2.9298465625000016,1.399917393304222,0.2923984533468314,0.6690709568271416,271.060046875,67.53510488429099,-0.4878344875588108,0.44838919289301393,1.0,0.9995336532592773,0.0049067712388932705,1.0230478048324585,0.06801328808069229
51,1.6760418450245862,0.9375,0.8705766965945562,0.7089713128232892,0.0,0.0625,0.0,60,0.0011274352454526092,0.632744312286377,0.863,1.0,64,1.0,50,0.78125,0.8856701205460704,29.522656249999997,25.211591657050057,-0.7049248532694079,0.4313047919768819,2.453125,1.298192102261834,-0.6220060205211173,0.4058236999397804,2.7506507812500014,1.5511184546705983,0.2067543336339263,0.7413353913470263,254.7050625,65.37575539928656,-0.5964209516836322,0.43405251607265566,1.0,0.9972397089004517,0.007257646415382624,1.0837910175323486,0.06853090971708298
52,1.7105012437365401,0.96875,0.8310535381878575,0.7327669775219284,0.0,0.03125,0.0,62,0.0011076305863964566,0.6548101902008057,0.8760000000000001,1.0,64,1.0,53,0.828125,0.875534576566912,36.779687499999994,23.199766968707763,-0.5807759143119692,0.3968877015962836,2.53125,1.1854422961494162,-0.5975836130033424,0.3705773420207075,2.9835512500000014,1.3142740217184796,0.31806585831200346,0.6281389040882821,272.171375,60.002087079195654,-0.4804559912662262,0.39837485176683207,1.0,0.9987038373947144,0.0004911591531708837,1.0446385145187378,0.07140618562698364
53,1.6826368262081655,0.953125,0.836776647411409,0.7014348224811136,0.0,0.046875,0.0,61,0.00105986666203782,0.6671191453933716,0.889,1.0,64,1.0,45,0.703125,0.8842472636762906,33.03953125,20.363933377242557,-0.6447602646580604,0.34837396101672247,2.328125,1.0008541274206746,-0.661081872549557,0.31287382228114774,2.7391070312500014,1.2295648919392692,0.20123715962436328,0.5876533591665224,259.404703125,65.23376516557582,-0.5652183930981173,0.4331097932264954,1.0,0.999034583568573,0.0015455950051546097,1.0648608207702637,0.08348474651575089
54,1.73323007107035,0.96875,0.8577900918260697,0.722695003689031,0.0,0.03125,0.0,62,0.001132765680890795,0.6384792327880859,0.9020000000000001,1.0,64,1.0,57,0.890625,0.8851527911426887,30.24125,21.726834322733257,-0.6926315822980382,0.37168965313073404,2.375,0.9921567416492215,-0.6464284280388921,0.31015496020563127,3.0833935937500017,1.2922467000458064,0.36578411139192646,0.6176112534866356,268.65026562500003,66.7448603216107,-0.5038338684968797,0.4431424827227196,1.0,0.9994692206382751,0.0005107252509333193,1.0446385145187378,0.07489228993654251
55,1.6138981754232533,0.921875,0.8368060406991991,0.6709572437148844,0.0,0.078125,0.0,59,0.0018275323880992803,0.6380162239074707,0.915,1.0,64,1.0,52,0.8125,0.8842879724799845,31.944062499999998,25.309800209031554,-0.6635008871369193,0.43298488499357507,2.34375,1.438518660810488,-0.656197391046002,0.44969073863983955,2.9254514062500014,1.329537021653201,0.29029784983146856,0.6354336416343834,263.79715625,79.91708902516936,-0.5360553598147076,0.5305975182499494,1.0,0.9984985589981079,0.002892960561439395,1.1014959812164307,0.075353242456913
56,1.7666164957476238,0.96875,0.8778904676437378,0.7024014709382793,0.0,0.015625,0.0,62,0.004592427606588066,0.6537827849388123,0.9280000000000002,1.0,63,0.984375,53,0.8412698412698413,0.8820937085613815,33.481904761904765,20.726552241037428,-0.6371924038849857,0.3545774270946845,2.5555555555555554,1.0043994933051665,-0.5899855306644792,0.3139821278226604,2.9392312698412715,1.4258656145225455,0.2968837430863536,0.6814725465791829,269.56987301587304,68.73040106199447,-0.49772827324418156,0.456325182469203,0.984375,0.9996868968009949,0.000499251123983413,1.0446385145187378,0.07416269928216934
57,1.7712949167905485,0.96875,0.8702817722674339,0.725261016108942,0.0,0.03125,0.0,62,0.0011939082014225332,0.6171342730522156,0.9410000000000001,1.0,64,1.0,54,0.84375,0.8806711907793708,29.682500000000005,20.593577578944366,-0.7021903422444652,0.3523025763136468,2.265625,1.0788041339256167,-0.6806197985637769,0.337241525639572,2.9361185937500016,1.3434472186690434,0.29539608304252535,0.64208182592837,263.55675,59.156778596423365,-0.5376515010302816,0.392762552963339,1.0,1.0002766847610474,0.0005159958964213729,1.0446386337280273,0.07488857209682465
58,1.7764861131209648,0.96875,0.8631912642909635,0.7111201679963769,0.0,0.0,0.0,62,0.007361194939363354,0.6662507057189941,0.954,1.0,62,0.96875,53,0.8548387096774194,0.8793429650917687,34.64338709677419,24.199526651165694,-0.6173224605811246,0.41399099073942713,2.4516129032258065,1.2138637240146308,-0.6224787122795258,0.37946207409829236,3.2154641935483896,1.2093462099849648,0.428905409118841,0.5779901226458155,280.9724032258065,58.16009235457122,-0.42202288526070153,0.3861452042479214,0.96875,0.9983468651771545,0.002895752899348736,1.0446385145187378,0.07192463427782059
59,1.7722739987501215,0.984375,0.8498877859304822,0.6650889724516758,0.0,0.015625,0.0,63,0.0018936452898248267,0.6450336575508118,0.9670000000000001,1.0,64,1.0,51,0.796875,0.8881494211210353,36.39812500000001,32.90702128132194,-0.5873034567586062,0.5629535874364572,2.53125,1.5808299837427173,-0.5975836130033424,0.49417822821480994,2.990233125000002,1.617067547042984,0.3212593671011882,0.7728548385276393,268.377484375,71.45050074548823,-0.5056449586659617,0.4743848760724036,1.0,0.9978576898574829,0.0005068423924967647,1.023047924041748,0.08107686787843704
60,1.7350085646754878,0.953125,0.8511584674725767,0.7182032832505602,0.0,0.046875,0.0,61,0.0019121829703331837,0.6396600008010864,0.98,1.0,64,1.0,57,0.890625,0.8855878872958871,36.95890625,17.99845107200092,-0.5777099474052153,0.30790670819645305,2.578125,1.012495177457651,-0.5829301684926775,0.3165128938707521,2.7818010937500013,1.3674123223402186,0.22164219022426884,0.6535356123592172,258.509,71.52950611111477,-0.5711652795652163,0.47490942033998407,1.0,0.9977118372917175,0.002061855746433139,1.0648607015609741,0.07036061584949493
61,1.7658050783610342,0.96875,0.8523140616955296,0.7019681042562272,0.0,0.03125,0.0,62,0.0018252433687253248,0.6563495397567749,0.9930000000000001,1.0,64,1.0,54,0.84375,0.883642844509918,35.19796875,23.45034242685005,-0.6078350102117678,0.4011743962769961,2.671875,1.4037303816527589,-0.5536232794713477,0.4388156854503077,3.004430625000002,1.444422715068502,0.32804486384191567,0.6903416534833519,270.3724375,72.23893876289885,-0.49239976680447384,0.4796195919565149,1.0,0.9979652166366577,0.0009775171056389809,1.0446385145187378,0.0749201774597168
62,1.8039113051287514,0.96875,0.8618639875804225,0.7169614729487273,0.0,0.03125,0.0,62,0.0018316160416500487,0.6394537091255188,1.006,1.0,64,1.0,52,0.8125,0.8816764248236703,33.12953125,24.826330492398057,-0.6432205986264212,0.4247139749932768,2.25,1.1989578808281798,-0.6855042800673319,0.37480240591658925,3.105932656250002,1.3956211501662568,0.3765563413713456,0.6670176274515448,265.455046875,66.22705744926641,-0.5250480438340442,0.43970460826608054,1.0,0.9987676739692688,0.0015197568573057652,1.0446385145187378,0.06977470219135284
63,1.8281594003565091,0.984375,0.8720455368359884,0.7013508909262473,0.0,0.0,0.0,63,0.005467626384932741,0.6370828151702881,1.0190000000000001,1.0,63,0.984375,58,0.9206349206349206,0.8849636963015518,30.634126984126983,21.003170330223558,-0.6859104784416696,0.3593096434908716,2.5555555555555554,1.257078722109418,-0.5899855306644792,0.392971377065982,3.1811384126984144,1.300046978849815,0.4124998818020297,0.6213392877462844,277.7386984126984,52.46176950753215,-0.4434925830377025,0.3483120449361042,0.984375,0.9989888668060303,0.001967535587027669,1.023047924041748,0.06379863619804382
64,1.8117240001204054,0.984375,0.8534904349417913,0.6789136980559094,0.0,0.015625,0.0,63,0.0024109771465769068,0.6233890652656555,1.032,1.0,64,1.0,58,0.90625,0.888805851172561,30.306562500000002,23.136558342450027,-0.6915142552125779,0.39580636632122124,2.421875,1.3323462329195817,-0.6317749835282273,0.4165005139857176,3.1459662500000016,1.452648539064187,0.39568983810740654,0.6942730711211413,271.42204687500004,65.26895455163528,-0.4854310428894736,0.43334342787384855,1.0,0.9994341135025024,0.002498750574886799,1.0230478048324585,0.07721859216690063
65,1.8451078503547143,0.96875,0.8758395136364044,0.7234698880470835,0.0,0.03125,0.0,62,0.0017112923374993612,0.6402521729469299,1.0450000000000002,1.0,64,1.0,59,0.921875,0.8811628443986781,30.762500000000003,19.083259024600594,-0.6837143498647943,0.3264649521461179,2.171875,1.1257592923778155,-0.7099266875851067,0.3519200282287725,3.0345704687500015,1.3981831983298798,0.3424497810126607,0.6682421225713793,255.66362500000002,58.69737711918548,-0.5900567198304512,0.3897124258043529,1.0,0.999129593372345,0.004208311438560486,1.0446386337280273,0.07522427290678024
66,1.7585568028817335,0.9375,0.8692197576165199,0.6765995832451911,0.0,0.046875,0.0,60,0.006351381272179322,0.6368337273597717,1.058,1.0,63,0.984375,52,0.8253968253968254,0.887464726220387,30.592698412698415,31.654712039534818,-0.6866192135990908,0.5415298318732624,2.4285714285714284,1.3768411709334247,-0.629681634312418,0.43040993489646584,3.160876349206351,1.6921615272351904,0.40281591168152914,0.8087449570585399,268.4602698412699,84.24896224243473,-0.5050953169874949,0.5593583403280725,0.984375,0.9982720017433167,0.0,1.0837910175323486,0.07506126910448074
67,1.7868474975191833,0.9375,0.8734810814261437,0.7207967127750758,0.0,0.0625,0.0,60,0.0026806844194823126,0.6209867596626282,1.0710000000000002,1.0,64,1.0,57,0.890625,0.8783831933717615,26.42046875,19.872312352058415,-0.7579952167974732,0.33996360331765935,2.21875,1.1383753500054365,-0.6952732430744418,0.355863893837086,3.133755468750002,1.5435284166256984,0.38985386583245635,0.7377078387204608,257.74539062499997,71.60159159993785,-0.576235149404442,0.4753880211240956,1.0,0.9989637136459351,0.010405827313661575,1.0837910175323486,0.06835221499204636
68,1.7935173703722587,0.96875,0.8354184142043514,0.7043604118790643,0.0,0.03125,0.0,62,0.004247520846981649,0.6330751180648804,1.084,1.0,64,1.0,62,0.96875,0.8929322963602084,30.213281249999998,25.426346145207308,-0.6931100549016207,0.43497868298307957,2.578125,1.5186824830671486,-0.5829301684926775,0.47475049589212287,3.098762500000002,1.3248496789235196,0.37312946538156705,0.6331933916738323,276.826765625,76.76164383473494,-0.44954722391446333,0.509647413492118,1.0,0.9983927607536316,0.008007536642253399,1.0446385145187378,0.07129392772912979
69,1.7604526307437691,0.9375,0.8618296638131142,0.6786072385658564,0.0,0.0625,0.0,60,0.0022352462199984164,0.6288813948631287,1.097,1.0,64,1.0,51,0.796875,0.888914491631204,30.52140625,20.804374154488784,-0.6878388371683002,0.3559087577242203,2.4375,1.2854352375751958,-0.6268905020246722,0.4018358170850452,3.2406034375000017,1.3650630136465085,0.4409203594902454,0.6524127930963799,271.06476562500006,70.64369143161828,-0.4878031581263977,0.46902818672270125,1.0,0.9987612962722778,0.008695651777088642,1.0837910175323486,0.07128430902957916
70,1.8514773899626018,1.0,0.8354574451223016,0.6856991339655509,0.0,0.0,0.0,64,0.0025440701681976796,0.6258065700531006,1.1099999999999999,1.0,64,1.0,56,0.875,0.886286525792667,28.26140625,22.133213367244284,-0.7265015619627967,0.3786417421396634,2.5625,1.4128318194321643,-0.5878146499962325,0.44166085693762047,3.672021250000002,1.3620402721795957,0.6471104746943644,0.65096811604959,291.63017187500003,76.01718558954181,-0.35126222988243555,0.5047046947049536,1.0,0.9971737265586853,0.01080107968300581,0.9999999403953552,0.06773504614830017
71,1.8192383907703111,0.96875,0.8406373445064791,0.7088165517043814,0.0,0.03125,0.0,62,0.0035268539556661573,0.6669861078262329,1.123,1.0,64,1.0,58,0.90625,0.8940701797818392,32.71890625,21.420674892874196,-0.6502453248957751,0.36645206119273366,2.65625,1.1755151796127516,-0.5585077609749026,0.3674740577258613,3.0893817187500017,1.4871536772867027,0.36864605206250706,0.710764319787965,269.8893437500001,67.91672019379203,-0.4956071952526157,0.4509228704658253,1.0,0.9984164237976074,0.004241281654685736,1.0446386337280273,0.07120556384325027
72,1.8474292750179238,0.984375,0.8397483825683594,0.6646213819191623,0.0,0.015625,0.0,63,0.003108435629299105,0.6225384473800659,1.136,1.0,64,1.0,51,0.796875,0.8910674407177751,33.9484375,27.852976457797,-0.629211241557287,0.47649201924575146,2.515625,1.2118192354369524,-0.6024680945068974,0.37882295303321073,2.8669695312500014,1.4756670083838688,0.26234725485318894,0.7052744268911877,261.990796875,62.93296957457489,-0.5480484117781078,0.4178340062142703,1.0,0.9988533854484558,0.0,1.023047924041748,0.06607659161090851
73,1.7480299186922579,0.921875,0.8550148904323578,0.6998945278720397,0.0,0.0625,0.0,59,0.005915404980114194,0.6214784383773804,1.149,1.0,63,0.984375,55,0.873015873015873,0.9054470810865151,31.666190476190472,22.078497578612502,-0.6682545550947236,0.37770569723798886,2.3492063492063493,1.3112302494008499,-0.6544916990923797,0.4098995136064141,2.6102150793650805,1.3478662239680488,0.1396350522518597,0.6441938277634577,250.52347619047615,70.86981263452454,-0.6241839663935717,0.4705294845120635,0.984375,0.9971926808357239,0.010183298960328102,1.1014959812164307,0.07525647431612015
74,1.7920608408262522,0.9375,0.8588071405887604,0.6848104390923582,0.0,0.0625,0.0,60,0.004389277606521507,0.6112248301506042,1.162,1.0,64,1.0,57,0.890625,0.8973820241972569,30.716250000000002,19.361365323434708,-0.6845055671310534,0.3312226279405601,2.359375,1.1231538671860593,-0.651312909542447,0.3511055545546586,2.9326159375000014,1.4906628708310024,0.2937220374310962,0.7124414898078576,258.6735,76.89220886714567,-0.5700731065041503,0.5105142804289947,1.0,0.9982523322105408,0.0,1.0837911367416382,0.06703554093837738
75,1.9156341836565727,0.96875,0.8739692136164634,0.7143525001286075,0.0,0.03125,0.0,62,0.0038899142349291256,0.6202722787857056,1.175,1.0,64,1.0,55,0.859375,0.8796675859957801,29.88375,19.03962960019181,-0.6987474779237164,0.32571856611564926,2.328125,1.250683406931986,-0.661081872549557,0.3909721579495935,3.4144532812500024,1.34224216613594,0.5240094630747913,0.6415058879085934,278.127515625,70.35640189709825,-0.4409110895121423,0.4671207709760203,1.0,0.9998140931129456,0.0004945598193444312,1.0446385145187378,0.062204644083976746
76,1.9583211811633134,1.0,0.8739394266158342,0.6974650307602059,0.0,0.0,0.0,64,0.005613647505715627,0.6284140944480896,1.1880000000000002,1.0,64,1.0,54,0.84375,0.8845321214904647,32.11515625,24.245263776675763,-0.6605739178580219,0.41477343405645684,2.546875,1.1980412072942233,-0.5926991314997875,0.37451584752161904,3.1033375000000016,1.376717124650614,0.37531602270425235,0.6579827126057606,273.4746875,60.93241044896467,-0.4718028435297471,0.40455159415310576,1.0,0.998401939868927,0.000480769231216982,0.9999999403953552,0.0661613941192627
77,1.7789157984982849,0.9375,0.8274384086330732,0.6963071676180933,0.0,0.046875,0.0,60,0.00775397580552032,0.6212327480316162,1.201,1.0,63,0.984375,53,0.8412698412698413,0.8899727150401429,35.3120634920635,28.067417938069305,-0.605883145781281,0.4801605555007482,2.4444444444444446,1.5713484026367723,-0.6247196213564256,0.49121422133247744,3.20681904761905,1.4493623187038023,0.4247735824221235,0.6927024680188556,276.7920000000001,82.83502881392135,-0.44977804506386176,0.5499707415392383,0.984375,0.9954565167427063,0.0038040895015001297,1.0837911367416382,0.07182227075099945
78,1.8850331851530981,0.96875,0.8467962708204023,0.715509612819557,0.0,0.03125,0.0,62,0.005080856334872305,0.6278143525123596,1.214,1.0,64,1.0,58,0.90625,0.8886014722924364,35.959218750000005,24.81729911427004,-0.5948120016941525,0.42455947159191454,2.5625,1.1575161985907585,-0.5878146499962325,0.3618474535732365,3.009165000000002,1.3462775056115395,0.33030759221887507,0.6434345220244172,276.51306250000005,63.442518497277106,-0.45163000873085984,0.4212170798110524,1.0,0.9987191557884216,0.0027985074557363987,1.0446385145187378,0.0805780217051506
79,1.9959302245528197,1.0,0.8722455995157361,0.7299363505896078,0.0,0.0,0.0,64,0.00465657961289985,0.6429428458213806,1.227,1.0,64,1.0,60,0.9375,0.88063769442036,30.74375,18.426761152261673,-0.6840351136213858,0.3152339802140771,2.34375,1.0340870067358936,-0.656197391046002,0.32326264687795164,3.443131875000002,1.157470553884196,0.5377159962263508,0.5531968776805146,282.92417187500007,55.56106053044107,-0.409064410245001,0.36888932252653167,1.0,0.9996316432952881,0.0004599815874826163,1.0,0.07599043846130371
80,1.8926635126118692,0.953125,0.8603204371499233,0.7078790511396982,0.0,0.046875,0.0,61,0.003426048395842356,0.5969437956809998,1.24,1.0,64,1.0,56,0.875,0.882921910225952,29.1728125,18.134283611156075,-0.7109097703611444,0.31023044982454756,2.515625,1.286858911992686,-0.6024680945068974,0.4022808674120414,3.0916985937500017,1.4052351235634783,0.3697533700946376,0.6716124916989324,266.50825000000003,73.57561838934829,-0.5180554597552859,0.4884942757211596,1.0,0.9989559054374695,0.0004950495203956962,1.0648607015609741,0.07797767221927643
81,1.9631980904685318,0.984375,0.8617481863687909,0.7156678244080266,0.0,0.015625,0.0,63,0.0031711145826958088,0.6065742373466492,1.2530000000000001,1.0,64,1.0,54,0.84375,0.8815570031945567,31.045,21.352196974199163,-0.6788815092654822,0.3652805820227192,2.40625,1.085684547877513,-0.6366594650317822,0.3393923899394017,3.102052187500002,1.3946207583912709,0.37470172555478487,0.6665395041813481,270.78346875,61.006250389040275,-0.48967078650960233,0.4050418433529922,1.0,0.997601330280304,0.004373177886009216,1.0230478048324585,0.0650942474603653
82,1.8219586664503973,0.9375,0.8457272907098135,0.6459759234726996,0.0,0.0625,0.0,60,0.006321951715918782,0.6248266696929932,1.266,0.984375,64,0.984375,51,0.796875,0.8974768979167697,33.643437500000005,22.47229893521341,-0.6344289986645089,0.384442614704343,2.59375,1.1821425199611086,-0.5780456869891225,0.3695458094922173,3.085455937500002,1.7769177757405872,0.3667697797697316,0.8492530217170817,275.67184375,84.31286531837439,-0.457215154367418,0.5597826152098997,1.0,0.999796450138092,0.007870370522141457,1.0837911367416382,0.07380025088787079
83,1.9292417827022694,0.96875,0.8384406931938664,0.7333389417408969,0.0,0.03125,0.0,62,0.004106457401483571,0.6441569924354553,1.279,1.0,64,1.0,59,0.921875,0.8843086505772441,33.536249999999995,19.401133383452112,-0.6362626981396904,0.3319029560644822,2.5625,0.9499177595981665,-0.5878146499962325,0.29695076650595964,3.3071996875000025,1.3736598247803318,0.4727491066161246,0.6565215188529713,285.10157812500006,64.88081497224469,-0.3946078482434989,0.43076643339029874,1.0,0.9978424906730652,0.0013914656592532992,1.0446385145187378,0.06601469963788986
84,2.0111509227466935,0.984375,0.8866866666173178,0.7167687828328646,0.0,0.015625,0.0,63,0.0046497397105604715,0.5985517501831055,1.292,1.0,64,1.0,56,0.875,0.8801677591075797,32.6125,23.62422716989913,-0.652065659214432,0.40414911219136257,2.46875,1.211516998436258,-0.6171215390175623,0.3787284716866775,3.1171275000000023,1.4986980973665127,0.3819067605140523,0.71628181405281,278.49604687500005,69.36004994804057,-0.4384642815886706,0.4605056417474393,1.0,0.9999050498008728,0.011926605366170406,1.0230478048324585,0.06643981486558914
85,1.9416147671931405,0.96875,0.8635045958142127,0.6771095645695313,0.0,0.03125,0.0,62,0.004732373737624763,0.593206524848938,1.305,1.0,64,1.0,55,0.859375,0.895788560515532,28.3625,16.94341677097627,-0.7247721107085076,0.2898578140242097,2.3125,0.9662265521087692,-0.665966354053112,0.3020490062092144,3.224013593750002,1.4840445427365554,0.4329914754828638,0.7092783523742295,268.186703125,61.96629329363257,-0.5069116221419893,0.4114159041302774,1.0,1.0003700256347656,0.011809163726866245,1.0446385145187378,0.07015836238861084
86,2.0026452112966444,0.984375,0.8712408571016221,0.693089386600395,0.0,0.015625,0.0,63,0.005206472861747132,0.634226381778717,1.318,1.0,64,1.0,58,0.90625,0.8717512310085824,29.6409375,21.02076716597408,-0.7029013685715765,0.35961067960497617,2.40625,1.0565088440235604,-0.6366594650317822,0.3302718660464206,3.037097031250002,1.3743921709928733,0.34365731625541446,0.6568715334920475,269.05384375000006,70.73501005783373,-0.5011543721068455,0.46963448303592975,1.0,0.9999439716339111,0.0,1.0230478048324585,0.05867902562022209
87,1.9953620414545519,0.984375,0.8610757712333922,0.7016463112039523,0.0,0.015625,0.0,63,0.004359487438304967,0.5813645124435425,1.331,1.0,64,1.0,54,0.84375,0.8836343022533288,27.323749999999997,16.6011992695558,-0.7425424228236772,0.28400336222010353,2.421875,0.8254674338670182,-0.6317749835282273,0.2580467464006678,3.186902656250002,1.5062466023885372,0.41525482146267806,0.7198895165514408,268.097125,61.17971938388268,-0.5075063626586204,0.40619356470920553,1.0,0.999190092086792,0.0,1.0230478048324585,0.06441045552492142
88,1.9672066140425133,0.96875,0.8553514321965556,0.705964195516118,0.0,0.03125,0.0,62,0.007888457506731587,0.6282447576522827,1.344,1.0,64,1.0,55,0.859375,0.8799647643287148,30.173125000000002,21.409832282373795,-0.6937970239469874,0.3662665723140474,2.5,1.1989578808281798,-0.6073525760104523,0.37480240591658925,3.284687031250002,1.1556668870270868,0.4619894971349136,0.5523348403091272,273.93696875,57.257167243490386,-0.4687335965517168,0.3801503684881484,1.0,0.9993181228637695,0.0052231717854738235,1.0446385145187378,0.06782460957765579
89,1.9515342866418424,0.953125,0.8620764906289148,0.7076049592873491,0.0,0.046875,0.0,61,0.004756489214034358,0.6048086881637573,1.357,1.0,64,1.0,57,0.890625,0.8920262804836376,28.642031250000002,20.59213071628391,-0.719990057703989,0.3522778242548607,2.453125,1.5302132970194058,-0.6220060205211173,0.4783551069302498,2.976304218750002,1.4712804905249692,0.3146022409901636,0.7031779519741457,261.56625,69.83748751677895,-0.5508671270366781,0.46367551682900154,1.0,0.9976586699485779,0.006941001396626234,1.0648608207702637,0.07017271220684052
90,2.0443689179526072,0.984375,0.8689756951634846,0.710482515900366,0.0,0.015625,0.0,63,0.007359703785480116,0.5745661854743958,1.37,1.0,64,1.0,54,0.84375,0.8776441398340649,27.39234375,16.49627938564742,-0.7413689620808133,0.282208455761245,2.234375,1.0419661027955756,-0.6903887615708868,0.32572570601191964,3.234885937500002,1.1868674421345984,0.43818776025692213,0.5672467096516808,253.74753125,57.18763627141382,-0.6027783367072127,0.3796887280345814,1.0,0.9983373284339905,0.0036231884732842445,1.0230478048324585,0.07374171167612076
91,2.009233968229036,0.96875,0.8694321200732262,0.6984173545353227,0.0,0.03125,0.0,62,0.004692981593090423,0.588402509689331,1.383,1.0,64,1.0,58,0.90625,0.8868726427664558,25.12453125,17.934852847327,-0.7801653384405562,0.3068187079053087,2.171875,1.0833208132289345,-0.7099266875851067,0.3386534703765029,3.342586250000002,1.2201656184132612,0.48966161970006833,0.5831611077225406,258.26071875,57.21554914790123,-0.5728137056613734,0.37987405138872377,1.0,0.9968985915184021,0.010967099107801914,1.0446385145187378,0.0764237567782402
92,1.9655559039763002,0.953125,0.8543057265828867,0.7022799710406513,0.0,0.046875,0.0,61,0.007586458430180141,0.6128186583518982,1.3960000000000001,1.0,64,1.0,56,0.875,0.8867044049577202,29.7040625,20.757474084557924,-0.701821463924385,0.35510641945139754,2.453125,1.0887160944778027,-0.6220060205211173,0.3403400720703636,2.9939090625000015,1.263440255737435,0.3230162300647638,0.6038436159471815,264.747828125,67.73370554226373,-0.5297435165819522,0.44970777215470303,1.0,1.0018765926361084,0.01692456565797329,1.0648608207702637,0.07116799056529999
93,1.9905567212815058,0.96875,0.8601588827948417,0.6613445316878601,0.0,0.015625,0.0,62,0.010233534733492365,0.5838887691497803,1.409,1.0,63,0.984375,55,0.873015873015873,0.8832599264761161,34.64603174603175,22.492335805052488,-0.6172772175074861,0.38478539345847196,2.8412698412698414,1.4822371466576194,-0.5006692974566168,0.4633574353107991,3.016002857142859,1.5573180966153994,0.33357565049367105,0.7442984235858096,277.5520634920635,83.71644466981805,-0.4447317175822111,0.5558227698274264,0.984375,0.9981305003166199,0.0014018691144883633,1.0446386337280273,0.07691287994384766
94,1.9498669647660993,0.9375,0.8706370115280151,0.6785589899813455,0.0,0.046875,0.0,60,0.009335113417408041,0.5857468843460083,1.422,1.0,63,0.984375,54,0.8571428571428571,0.8893989934288098,30.753492063492068,20.564788380599154,-0.6838684522409768,0.3518100679717551,2.3174603174603177,1.152297867484542,-0.6644157250043643,0.3602161677001012,3.0168631746031758,1.3681818042852447,0.33398682720245565,0.65390337550273,261.17720634920636,68.53599452382757,-0.5534501239666213,0.45503444943649163,0.984375,0.9990985989570618,0.0,1.0837910175323486,0.07242709398269653
95,2.0501102233488537,0.96875,0.8782262119554705,0.6935750817642143,0.0,0.03125,0.0,62,0.0073463475757089055,0.6036689281463623,1.4349999999999998,1.0,64,1.0,56,0.875,0.8908294388536406,30.664375000000003,19.61179044884416,-0.6853930135242897,0.33550675081902603,2.578125,1.2475562048961963,-0.5829301684926775,0.38999457327748505,2.8693765625000016,1.547541691011728,0.2634976618052372,0.7396259271350442,264.80943750000006,67.74298916790099,-0.5293344703832642,0.44976940939379134,1.0,0.9989984631538391,0.004552352242171764,1.0446385145187378,0.07531501352787018
96,2.089515021090595,1.0,0.8706647166982293,0.6703872585881803,0.0,0.0,0.0,64,0.007864380817146185,0.6129570007324219,1.448,1.0,64,1.0,60,0.9375,0.8736605884250039,36.39234375,22.144384216304953,-0.5874023589168886,0.37883284632681097,2.75,1.1989578808281798,-0.5292008719535729,0.37480240591658925,2.9243610937500017,1.6051474308952889,0.2897767502072303,0.7671577855768185,286.78903125,70.00206391286999,-0.3834042564809649,0.46476819711044826,1.0,0.9999422430992126,0.01005025114864111,0.9999998211860657,0.063665010035038
97,1.9811438844852316,0.984375,0.8196094788256145,0.6547208065213942,0.0,0.015625,0.0,63,0.009012108322233153,0.5642145872116089,1.4609999999999999,1.0,64,1.0,55,0.859375,0.8966474674848127,37.463125000000005,24.943597492330074,-0.5690840753842085,0.42672010850913866,2.796875,1.2646601260318917,-0.5145474274429079,0.39534137560872135,2.823216718750002,1.7422387296172417,0.24143620948489164,0.8326786561991035,272.83134375,73.1488058902064,-0.476074227801816,0.4856605181911347,1.0,0.9995464086532593,0.001952171791344881,1.0230478048324585,0.07800576090812683
98,1.9508777553640362,0.9375,0.8408923546473185,0.6813083005759086,0.0,0.0625,0.0,60,0.007703352380987561,0.5647861957550049,1.474,1.0,64,1.0,53,0.828125,0.8926615739453176,37.953593749999996,22.973214182988436,-0.5606934301180357,0.39301197239022484,2.609375,1.206974361523475,-0.5731612054855676,0.3773084124240948,2.558103281250001,1.568330195019387,0.11472894651047473,0.7495615021439238,252.2344375,70.14086855123122,-0.6128242955681099,0.4656897696743946,1.0,0.9978954792022705,0.0025601638481020927,1.0837911367416382,0.06356767565011978
99,2.0883428790987866,0.984375,0.8624584485614111,0.7027184456675337,0.0,0.015625,0.0,63,0.009607224921022117,0.6251669526100159,1.4869999999999999,1.0,64,1.0,52,0.8125,0.8794200018152969,35.2446875,29.739907687774412,-0.607035773851594,0.5087725072328124,2.390625,1.3649311738600596,-0.6415439465353372,0.4266867886300821,2.978106718750002,1.662235460204924,0.3154637206785004,0.7944422114838499,269.7824843750001,70.0296854095623,-0.4963166720349705,0.4649515858921728,1.0,0.9968494176864624,0.0019455252913758159,1.0230478048324585,0.06960693001747131
100,2.0248099275064027,0.953125,0.8595429072614575,0.719119815053515,0.0,0.03125,0.0,61,0.011227790219939752,0.5804387927055359,1.5,1.0,63,0.984375,59,0.9365079365079365,0.8794107344413253,30.36412698412699,20.312894617210684,-0.6905294765365871,0.3475008205154107,2.3968253968253967,1.1203695895251615,-0.6396056602244027,0.35023517037959195,3.2548952380952394,1.5326313634440116,0.4477509258827871,0.7324997444187972,277.80971428571434,68.51438841758593,-0.4430210838072095,0.45489099893684637,0.984375,0.9995525479316711,0.0,1.0648608207702637,0.07229796051979065
101,1.945507090306196,0.9375,0.8353514671325684,0.680138612843452,0.0,0.0625,0.0,60,0.010633566944581122,0.5754119753837585,1.5,1.0,64,1.0,58,0.90625,0.8860553723831045,34.36796875,25.766182365389785,-0.6220341525035519,0.44079239725569774,2.484375,1.4683343826850204,-0.6122370575140074,0.45901133652856224,2.9716762500000016,1.8286798272229594,0.31239036799355746,0.8739919709424382,271.4828125,73.96246648509364,-0.485027598642277,0.49106269559287885,1.0,0.9989989995956421,0.0004837929445784539,1.0837911367416382,0.0748911127448082
102,2.088853907708918,0.984375,0.8590285120502351,0.6850686393284026,0.0,0.015625,0.0,63,0.009852238097629326,0.5671351552009583,1.5,1.0,64,1.0,60,0.9375,0.8864536583496311,30.65046875,20.58627822950942,-0.6856309133104286,0.3521777034205573,2.453125,1.2238475127134916,-0.6220060205211173,0.3825830744973315,2.999187187500002,1.4420389930694382,0.32553883615630486,0.6892023868620841,267.37103125,65.78503813723741,-0.5123271531361798,0.4367698873842017,1.0,1.0000298023223877,0.002417794894427061,1.023047924041748,0.06959088146686554
103,2.127764080372402,0.984375,0.8853238300671653,0.7042227465386407,0.0,0.015625,0.0,63,0.010359921274935062,0.5620409250259399,1.5,1.0,64,1.0,63,0.984375,0.8751052679691268,28.596562499999997,22.004790048046214,-0.7207679098137235,0.3764447530036675,2.421875,1.3205667284825102,-0.6317749835282273,0.41281816060690674,3.227871406250002,1.48308391301587,0.434835263061317,0.7088192328222833,272.382296875,73.92178621685218,-0.4790556071333109,0.4907926050573757,1.0,0.998364269733429,0.00048332527512684464,1.0230478048324585,0.07660887390375137
104,2.1103216181163598,1.0,0.8603656608611345,0.6752287362209225,0.0,0.0,0.0,64,0.014249558933973552,0.6242113709449768,1.5,1.0,64,1.0,62,0.96875,0.8777632061195646,28.848750000000003,23.929969278866615,-0.7164536372875676,0.40937956485379573,2.625,1.4947825928876748,-0.5682767239820126,0.4672792273149302,3.9006098437500025,1.3841251332413167,0.7563611989668124,0.6615232667982236,306.346859375,68.07071063282913,-0.25355299197587516,0.45194526687420267,1.0,0.9981908202171326,0.0008676789584569633,1.0,0.06401529163122177
105,2.0885162127112897,0.984375,0.8760123092030722,0.668007262973535,0.0,0.015625,0.0,63,0.011968364266266013,0.5735989212989807,1.5,1.0,64,1.0,59,0.921875,0.8828393334026151,32.73640625,24.97926567470431,-0.6499459453896231,0.42733029838482667,2.40625,1.3430230591840187,-0.6366594650317822,0.4198381626516576,3.3311139062500024,1.6192778887541772,0.48417857330992037,0.7739112404629936,288.497734375,74.81702489600094,-0.37205957853273036,0.49673640790595164,1.0,0.9969130158424377,0.004440497141331434,1.0230478048324585,0.07230301201343536
106,2.0326421075478396,0.96875,0.8444309696074455,0.7047724753216876,0.0,0.015625,0.0,62,0.013208037326982672,0.575036883354187,1.5,1.0,63,0.984375,58,0.9206349206349206,0.8850284148301005,28.64206349206349,21.781839469214614,-0.7199895061261009,0.37263064819298614,2.492063492063492,1.1935410283877754,-0.6098335824884485,0.37310906092122015,3.248491428571431,1.4614709639664456,0.4446903146024883,0.6984896258258139,275.1362857142857,54.74232318910658,-0.46077091156647376,0.363453438828693,0.984375,0.9982918500900269,0.00583373848348856,1.0446386337280273,0.07403054088354111
107,2.07705309344796,0.96875,0.8731836767927292,0.7066179979834639,0.0,0.03125,0.0,62,0.011364772715783445,0.57537841796875,1.5,1.0,64,1.0,58,0.90625,0.8827506891677126,31.95140625,20.877788950460268,-0.6633752546655876,0.3571646940306316,2.578125,1.0724488259935763,-0.5829301684926775,0.33525481306079136,2.9504365625000015,1.5911867224832346,0.3022391561389832,0.7604854600668175,271.43893750000007,69.22737393475467,-0.4853189001198103,0.4596247592698678,1.0,0.999126672744751,0.0018248175038024783,1.0446385145187378,0.07241713255643845
108,2.0443178844979757,0.953125,0.8678847766313397,0.729533961267408,0.0,0.046875,0.0,61,0.010560279176313395,0.5202284455299377,1.5,1.0,64,1.0,58,0.90625,0.8817978418103846,31.47203125,21.339455986775377,-0.6715761147091106,0.3650626168499865,2.5,1.1989578808281798,-0.6073525760104523,0.37480240591658925,3.030649843750002,1.3142479312786808,0.3405759730775234,0.6281264345271468,275.61104687500006,71.20998975991489,-0.4576188060942991,0.4727880394807095,1.0,0.9992873072624207,0.0004568296135403216,1.0648608207702637,0.07219003885984421
109,2.073563686236265,0.96875,0.8676632710041539,0.7073866837119458,0.0,0.015625,0.0,62,0.015737257694570447,0.5740916132926941,1.5,1.0,63,0.984375,55,0.873015873015873,0.8772939900878816,27.730476190476192,19.725666337836483,-0.7355843950497413,0.33745487124240603,2.4444444444444446,1.3890476099783606,-0.6247196213564256,0.4342257509437785,3.21470396825397,1.3751378751544359,0.4285420700621407,0.6572279323762052,273.6593492063492,66.14291236961978,-0.47057680984533934,0.4391459396386561,0.984375,0.9987428188323975,0.0038797284942120314,1.044638752937317,0.0747171938419342
110,2.0282869924166143,0.953125,0.8593865066278176,0.704065896544067,0.0,0.046875,0.0,61,0.010822902108784232,0.6095215678215027,1.5,1.0,64,1.0,57,0.890625,0.8824704626095874,31.48421875,19.957700801060437,-0.6713676182673262,0.34142437770013456,2.453125,1.1170509094821954,-0.6220060205211173,0.3491977283772825,3.128016875000002,1.230837363058017,0.3871111851360671,0.5882615189572554,268.171140625,69.56067854193635,-0.5070149470250459,0.46183768518532725,1.0,0.9987441301345825,0.0,1.0648608207702637,0.06902831792831421
111,2.063675733013395,0.96875,0.8653762177113564,0.7091338948393806,0.0,0.03125,0.0,62,0.016374954521851802,0.5870667099952698,1.5,1.0,64,1.0,62,0.96875,0.8886507265824501,30.86296875,20.328031729585224,-0.6819955907357248,0.3477597771569683,2.625,1.2183492931011204,-0.5682767239820126,0.38086429356938845,3.153270625000002,1.3965545068834544,0.39918086207328457,0.6674637122525647,276.49125000000004,83.55067268299672,-0.4517748295508873,0.5547221516007659,1.0,0.9999074935913086,0.002354048890992999,1.0446385145187378,0.06594089418649673
112,2.00339071681645,0.953125,0.846932098513744,0.6952815144653944,0.0,0.046875,0.0,61,0.01706002415894738,0.610480010509491,1.5,1.0,64,1.0,56,0.875,0.8869549950229423,30.46578125,18.331868153972973,-0.688790436312855,0.3136106077017936,2.53125,1.1985505569228192,-0.5975836130033424,0.3746750736873611,3.277360000000002,1.445184682020564,0.4584876449309282,0.6907058249409858,283.209671875,80.2494357476376,-0.4071688758441843,0.5328040844336178,1.0,0.9981945753097534,0.010222222656011581,1.0648608207702637,0.0686538890004158
113,2.111149146247531,1.0,0.8592053162865341,0.6838289374759033,0.0,0.0,0.0,64,0.018812744694364877,0.5552434921264648,1.5,1.0,64,1.0,55,0.859375,0.8825763222687865,32.31546875000001,22.20126065745532,-0.6571470917251024,0.37980585437614156,2.8125,1.3213984069916234,-0.509662945939353,0.41307814897776546,3.373849843750002,1.4722922769374525,0.5046036174809488,0.7036615211521148,298.79965625000006,64.86320009937717,-0.30366151440456424,0.43064948208561776,1.0,0.9998002052307129,0.0013227512827143073,1.0,0.07194393873214722
114,2.0928229411638464,0.984375,0.8617520166767968,0.7004690958102442,0.0,0.015625,0.0,63,0.014267978461501903,0.6052417755126953,1.5,1.0,64,1.0,61,0.953125,0.871477857802545,30.33046875,21.411168480906724,-0.6911052814229236,0.3662894311972994,2.765625,1.1824522651570337,-0.5243163904500179,0.3696426379517572,3.214228906250002,1.4225276621971172,0.42831502081547274,0.6798772189070648,283.99278125000006,75.29308427726549,-0.40196953868161045,0.4998971327186262,1.0,0.9994031190872192,0.0018518518190830946,1.0230478048324585,0.07025212794542313
115,2.061318326169067,0.984375,0.856198615498013,0.6682077062557874,0.0,0.015625,0.0,63,0.014364120570180626,0.5777021050453186,1.5,1.0,64,1.0,55,0.859375,0.8830272817318966,38.485625,26.3856098846393,-0.5515917585247516,0.4513891918162649,2.875,1.6441183047457382,-0.4901250199251331,0.5139625887479494,2.8566340625000013,1.6201239699293852,0.2574075619835277,0.7743156131382368,286.69356250000004,85.6613351542127,-0.38403810691819046,0.5687355783002518,1.0,0.9965617060661316,0.0058165546506643295,1.0230478048324585,0.06808130443096161
116,1.9714776167510146,0.9375,0.8619402110576629,0.6690651290769788,0.0,0.046875,0.0,60,0.014739802640908368,0.4986259639263153,1.5,1.0,63,0.984375,54,0.8571428571428571,0.8850971624598664,29.853809523809524,19.388346805149084,-0.6992596816366228,0.3316842109503259,2.4444444444444446,1.2055134949871444,-0.6247196213564256,0.3768517355872392,2.8742663492063514,1.7204578094505474,0.2658346670356502,0.8222687697542261,260.39749206349205,81.75098485982619,-0.5586269199434336,0.5427733944044396,0.984375,0.9987772107124329,0.0,1.0837911367416382,0.07153187692165375
117,2.0852701525450263,0.96875,0.8737015887614219,0.7387761754594525,0.0,0.03125,0.0,62,0.010023041336573515,0.5135182738304138,1.5,1.0,64,1.0,56,0.875,0.8825943792870011,30.989687500000002,19.363149034373095,-0.6798277623474271,0.33125314259769456,2.484375,1.0896127107256963,-0.6122370575140074,0.34062036042099547,2.9606287500000015,1.1723495893070635,0.30711036973730205,0.5603081047533819,265.65507812500005,59.721156171123944,-0.5237199663712998,0.3965096531661222,1.0,0.9998376965522766,0.000994035741314292,1.0446385145187378,0.07570427656173706
118,2.0762742168675627,0.984375,0.8560722692618294,0.7016147694257168,0.0,0.015625,0.0,63,0.010215883309606929,0.5265889763832092,1.5,1.0,64,1.0,56,0.875,0.876069971374939,29.399531250000003,18.71942310389862,-0.7070312019376921,0.32024066538839546,2.515625,0.9012523838387336,-0.6024680945068974,0.2817376383292875,3.040693906250002,1.4350008021683498,0.34537639240187007,0.6858385818668419,268.231296875,62.95156666008197,-0.506615548631704,0.4179574787723565,1.0,0.9989280700683594,0.0010010009864345193,1.0230478048324585,0.07469123601913452
119,2.0749285330109024,0.96875,0.8602116468452639,0.7144401185391237,0.0,0.015625,0.0,62,0.014359223098099396,0.5201449990272522,1.5,1.0,63,0.984375,47,0.746031746031746,0.8763757004897131,27.84333333333333,17.918183191632153,-0.7336537027243524,0.3065335334316145,2.4126984126984126,1.107477050318248,-0.6346436472684103,0.3462048747450303,3.1463549206349226,1.0692540331180809,0.3958755978064009,0.5110350242459817,271.4669682539683,61.375274959968145,-0.4851327941358258,0.40749192660672423,0.984375,0.9984166026115417,0.002919707912951708,1.0446386337280273,0.06770708411931992
120,2.059058381443859,0.953125,0.8847821921598716,0.7037676621415544,0.0,0.046875,0.0,61,0.010997556529165382,0.5017465353012085,1.5,1.0,64,1.0,54,0.84375,0.880244280587076,24.5603125,16.66408816219309,-0.7898176544826558,0.2850792276841151,2.484375,1.172499833422163,-0.6122370575140074,0.3665314399533976,3.063521562500002,1.382376199789492,0.3562865517315281,0.660687388493092,262.68159375000005,72.59688221110096,-0.5434619696045896,0.48199610375901625,1.0,0.9997843503952026,0.00100351229775697,1.0648607015609741,0.08167039602994919
121,1.8974823806844148,0.90625,0.8535189104491266,0.6748868917178524,0.0,0.09375,0.0,58,0.01345090314819457,0.5663872957229614,1.5,1.0,64,1.0,58,0.90625,0.897665614781472,31.19359375,21.02255933865953,-0.6763394564944945,0.3596413390206053,2.59375,1.2082884330738253,-0.5780456869891225,0.377719200147745,2.891178281250002,1.5733967670006153,0.2739174886423833,0.7519829994262118,263.971796875,84.64827865371434,-0.5348958595959068,0.5620095417094781,1.0,0.997184157371521,0.006262042559683323,1.1180340051651,0.09287814795970917
122,2.0719399972562558,0.96875,0.8690010376514927,0.713627664295767,0.0,0.03125,0.0,62,0.012290825421700827,0.5336214303970337,1.5,1.0,64,1.0,54,0.84375,0.8854853907468658,28.5775,19.736577321688785,-0.7210940196329249,0.3376415298113966,2.28125,1.1655035124357198,-0.6757353170602219,0.36434434232451984,2.8264443750000012,1.4845869247305339,0.2429788226889457,0.7095375762694485,244.2901875,64.66107111626242,-0.665568951132699,0.42930747703869604,1.0,0.9990768432617188,0.0016483516665175557,1.0446385145187378,0.08005114644765854
123,2.184065373702335,1.0,0.8946177959442139,0.6990490407823119,0.0,0.0,0.0,64,0.017529894366926712,0.5379343628883362,1.5,1.0,64,1.0,53,0.828125,0.8749440032125302,23.44734375,14.319064569022515,-0.8088576564676667,0.24496197024192243,2.390625,0.9940005580355576,-0.6415439465353372,0.3107313497758719,2.9639829687500017,1.1105133444488642,0.3087134717197506,0.5307543355726015,248.6489375,62.79892913718631,-0.6366296846894033,0.41694406484764823,1.0,0.9977021217346191,0.00491534685716033,0.9999999403953552,0.07821828126907349
124,2.1135538399363623,1.0,0.8649218627251685,0.6850430902631495,0.0,0.0,0.0,64,0.011551268757472366,0.5015518665313721,1.5,1.0,64,1.0,55,0.859375,0.8841336421403758,30.487812499999997,20.1509770598064,-0.68841353889886,0.344730832036951,2.453125,1.1309521361998482,-0.6220060205211173,0.3535433466031449,3.004768125000002,1.5965630107925166,0.3282061672509661,0.7630549819403758,257.005765625,62.81720425213501,-0.5811457785855426,0.41706539973053486,1.0,1.000157356262207,0.010558069683611393,0.9999999403953552,0.07534199953079224
125,2.0028097698848413,0.9375,0.8738577678799629,0.6864341177984119,0.0,0.0625,0.0,60,0.017135620749706464,0.535688042640686,1.5,1.0,64,1.0,52,0.8125,0.8871648474880404,27.83515625,21.595916931229986,-0.7337935913626438,0.36944999690130736,2.421875,1.3323462329195817,-0.6317749835282273,0.4165005139857176,2.625915937500001,1.446244964969325,0.14713905800647337,0.6912125723608179,245.61293750000002,75.34729471335449,-0.6567867510322414,0.5002570547728818,1.0,0.9980398416519165,0.0,1.0837910175323486,0.08077455312013626
126,2.135206716760716,0.984375,0.8882363698785267,0.7283972029132894,0.0,0.015625,0.0,63,0.010487139004496396,0.4503006637096405,1.5,1.0,64,1.0,59,0.921875,0.8736960388852508,27.8109375,17.98252074226786,-0.7342079112149077,0.30763418166797746,2.4375,1.1301963325015703,-0.6268905020246722,0.3533070772153332,2.7186728125000013,1.2357659606943554,0.1914709103038888,0.5906170733293443,243.74179687499998,57.988677495099154,-0.669209908382342,0.3850071210152051,1.0,0.9995822906494141,0.013054830022156239,1.0230478048324585,0.08175157755613327
127,2.1131594186026392,1.0,0.8497228855267167,0.7201218251422568,0.0,0.0,0.0,64,0.014057744843552534,0.5210123062133789,1.5,1.0,64,1.0,58,0.90625,0.8733634711425343,27.20015625,19.137250283493863,-0.7446567905858762,0.3273886022274891,2.25,1.1726039399558574,-0.6855042800673319,0.3665639843654443,3.0399293750000016,1.1025398643032085,0.3450109953738679,0.5269435221518866,255.2429375,61.8196988833442,-0.5928498113479423,0.4104426125447465,1.0,0.9999392032623291,0.008184143342077732,0.9999999403953552,0.06927035003900528
128,2.0542506034895087,0.984375,0.8446691807300325,0.6972930963894567,0.0,0.015625,0.0,63,0.018466758062140213,0.5201941728591919,1.5,1.0,64,1.0,58,0.90625,0.8796360465808539,28.3496875,21.404015465032344,-0.7249912992755116,0.3661670616910154,2.46875,1.1587810136086973,-0.6171215390175623,0.3622428433691111,3.389703906250002,1.191844600376107,0.5121808451210994,0.5696254728864644,281.22760937500004,69.36849277423646,-0.42032848233567033,0.4605616966248279,1.0,0.9991590976715088,0.015102975070476532,1.023047924041748,0.07975418120622635
129,2.1001222730413316,0.96875,0.885545120123894,0.6924220204233469,0.0,0.0,0.0,62,0.025412984802844124,0.5283833146095276,1.5,1.0,62,0.96875,51,0.8225806451612904,0.8652895624593452,31.110806451612905,20.05235577009048,-0.6777557319520257,0.3430436781505948,2.5,1.0887992794669465,-0.6073525760104523,0.3403660762649778,3.190741612903228,1.4922997527957234,0.4170895971526419,0.7132238146704439,283.9621612903227,68.26764146055504,-0.40217283530830084,0.4532527595485838,0.96875,0.9998542666435242,0.0,1.0446385145187378,0.07245751470327377
130,2.113995113606019,0.984375,0.8799855898297022,0.7246912420592805,0.0,0.015625,0.0,63,0.014169116753425541,0.5062260627746582,1.5,1.0,64,1.0,58,0.90625,0.8734193629708547,29.294375000000002,17.400292730565628,-0.7088301520059095,0.2976737739759021,2.390625,0.962048392428884,-0.6415439465353372,0.30074288501399526,2.972313593750002,1.3860611639883633,0.3126949775331489,0.6624485656412616,265.151671875,59.34445478308577,-0.5270622566145972,0.3940086008373591,1.0,0.9992465376853943,0.013840830884873867,1.0230478048324585,0.08166638016700745
131,2.0558499334137545,0.984375,0.8554887298553709,0.7010980235377221,0.0,0.015625,0.0,63,0.013836317264776113,0.48749876022338867,1.5,1.0,64,1.0,60,0.9375,0.885397022979466,31.94546875,21.191772204213443,-0.663476829855175,0.3625361312562686,2.5625,1.197327753791751,-0.5878146499962325,0.37429281709368484,2.757001250000002,1.224412936744459,0.20978945143672392,0.5851910541703781,255.110984375,51.593074608387454,-0.5937258943172342,0.3425444755310499,1.0,0.9997318983078003,0.011752682738006115,1.0230478048324585,0.08189297467470169
132,1.9718116589434147,0.9375,0.8663688153028488,0.6893112350919429,0.0,0.0625,0.0,60,0.027170508576426583,0.5112438797950745,1.5,1.0,64,1.0,56,0.875,0.8920941620414993,30.3815625,22.473729192294584,-0.6902312001862118,0.3844670826848363,2.40625,1.3660933121496497,-0.6366594650317822,0.42705008098080693,2.7375059375000013,1.368956965838545,0.20047193923892745,0.6542738531356552,247.82162499999998,84.9446919616119,-0.6421225018662016,0.5639775333801603,1.0,0.9985291361808777,0.001489573041908443,1.0837910175323486,0.08868444710969925
133,2.046977760894022,0.96875,0.8690041678567086,0.6974842276213774,0.0,0.03125,0.0,62,0.009877471902816251,0.49383145570755005,1.5,1.0,64,1.0,52,0.8125,0.8841869119125855,26.918593750000003,17.70573078723273,-0.7494735929973587,0.3028990250939048,1.96875,0.9514585842273956,-0.7734249471313213,0.2974324387876679,2.7630176562500015,1.2397565735152194,0.21266490873556276,0.592524330965511,240.0593125,58.040685059834075,-0.6936592107055763,0.3853524174357227,1.0,0.9996813535690308,0.015005359426140785,1.0446385145187378,0.08023131638765335
134,1.9931355099246653,0.9375,0.8601530154546102,0.7188991203152336,0.0,0.0625,0.0,60,0.024746084631744422,0.561723530292511,1.5,1.0,64,1.0,58,0.90625,0.8854384744703907,25.325156250000003,22.187939220454567,-0.776733166245027,0.3795779592201117,2.078125,1.2029220608065179,-0.7392335766064365,0.3760416355985704,3.0922460937500014,1.4226226708515097,0.37001504006931946,0.6799226269658584,253.63190625000004,62.50491351553865,-0.6035460115411686,0.41499199225496614,1.0,0.9973582029342651,0.011698881164193153,1.0837910175323486,0.06557594239711761
135,2.030709645388522,0.96875,0.8549413955019366,0.7023905659078655,0.0,0.03125,0.0,62,0.02651093430371134,0.5033345222473145,1.5,1.0,64,1.0,57,0.890625,0.8887538028219156,30.64390625,21.543173194859456,-0.6857431806252356,0.36854768868718024,2.328125,1.199670364881537,-0.661081872549557,0.3750251332881221,3.088101875000002,1.6415397175830806,0.3680343686256864,0.7845509704831489,275.06339062500007,71.42873985956594,-0.46125488757134775,0.47424039793629863,1.0,0.9976688027381897,0.00885368138551712,1.0446386337280273,0.06395290791988373
136,2.0272466379043923,0.96875,0.8627559451326248,0.6752015732557267,0.0,0.03125,0.0,62,0.028783822861127066,0.5304852724075317,1.5,1.0,64,1.0,56,0.875,0.8927933405489985,32.116875,19.791172975202226,-0.6605445145136676,0.33857551951350545,2.5625,1.1709371246996996,-0.5878146499962325,0.36604292655497733,3.284982343750002,1.3369221900796335,0.46213063761783285,0.6389632796894833,284.90384375,74.92448184051287,-0.3959206759494065,0.4974498521613948,1.0,0.9998321533203125,0.0004708097840193659,1.0446385145187378,0.06477450579404831
137,1.999433261484914,0.96875,0.8443591825423702,0.6780341021436672,0.0,0.03125,0.0,62,0.027987800569263276,0.6177374124526978,1.5,1.0,64,1.0,56,0.875,0.8876684154268238,32.53265625,22.8953689532804,-0.6534315782112509,0.3916802428801513,2.609375,1.3763310319014825,-0.5731612054855676,0.430250461957857,3.3689971875000015,1.6208655088403672,0.5022843582333173,0.7746700212990814,290.438984375,82.48855756699918,-0.35917094050966214,0.5476703976953331,1.0,0.9974287152290344,0.006593406666070223,1.0446385145187378,0.06474824994802475
138,2.058834288199911,0.96875,0.8832207769155502,0.6947570679691057,0.0,0.03125,0.0,62,0.022548266571756334,0.4974653422832489,1.5,1.0,64,1.0,54,0.84375,0.8879351599898789,30.66859375,23.633978377750136,-0.6853208416790568,0.40431593000798094,2.453125,1.298192102261834,-0.6220060205211173,0.4058236999397804,3.0117807812500015,1.366835862070344,0.3315577683165209,0.6532601012282158,266.32809375,66.37945028600694,-0.5192515801384636,0.4407163976337855,1.0,0.999049961566925,0.003827751148492098,1.0446383953094482,0.06914713978767395
139,1.9349321288987378,0.9375,0.8389754012227059,0.6963941805911061,0.0,0.0625,0.0,60,0.014879983949631267,0.4803730845451355,1.5,1.0,64,1.0,55,0.859375,0.8925455769922165,33.23109375,18.78089222763953,-0.6414831282782172,0.32129224229749004,2.359375,0.9741532781728962,-0.651312909542447,0.3045269548072288,2.902314843750002,1.412850115637264,0.279240053076027,0.6752519707549167,261.20779687500004,71.81786729119447,-0.5532470227617842,0.47682395111652087,1.0,0.9999217391014099,0.001505268388427794,1.0837910175323486,0.08438165485858917
140,2.0513346454201873,0.984375,0.8520197603437636,0.6776770746599569,0.0,0.015625,0.0,63,0.019730596741685907,0.5169727206230164,1.5,1.0,64,1.0,56,0.875,0.8729576757266084,30.90796875,19.162815895935637,-0.6812257577199052,0.32782596339476305,2.578125,1.3205667284825102,-0.5829301684926775,0.41281816060690674,3.131735312500002,1.5769659730356922,0.3888883603807826,0.753688851577506,274.92568750000004,73.58757412831224,-0.4621691468026527,0.48857365405563724,1.0,0.999000072479248,0.014023210853338242,1.0230478048324585,0.07135859876871109
141,2.049053319748924,0.953125,0.8762298705147915,0.7274167002820061,0.0,0.046875,0.0,61,0.015085276517800658,0.4754026532173157,1.5,1.0,64,1.0,55,0.859375,0.8819330126544161,30.2825,18.635879456709308,-0.691925902033537,0.3188114507690995,2.34375,1.018865024181319,-0.656197391046002,0.3185041513748953,2.8696512500000013,1.3280670950794677,0.2636289448576032,0.6347311107680214,254.26528125000002,66.4419953127512,-0.5993408132885683,0.4411316559518022,1.0,0.9982646703720093,0.005162622779607773,1.0648609399795532,0.07656506448984146
142,2.026365220478688,0.953125,0.8645419805753426,0.6922506114753855,0.0,0.03125,0.0,61,0.028732331486293457,0.5037699341773987,1.5,1.0,63,0.984375,58,0.9206349206349206,0.8840650641754182,33.745555555555555,23.01078475775106,-0.6326820242049984,0.39365470725412677,2.4285714285714284,1.1644780248226176,-0.629681634312418,0.3640237679067072,3.108880952380954,1.4648987746021376,0.37796543831005136,0.7001279000217159,270.1643174603175,72.1776628751683,-0.4937815485723113,0.4792127598965013,0.984375,0.998961865901947,0.011813045479357243,1.0648609399795532,0.0823836624622345
143,2.038798908387603,0.953125,0.8759487877126599,0.7204586057106874,0.0,0.046875,0.0,61,0.016502965892667996,0.5128993391990662,1.5,1.0,64,1.0,54,0.84375,0.8821077579721082,26.865781249999998,21.606647183555538,-0.7503770775784248,0.3696335636237137,2.171875,1.0391506071667378,-0.7099266875851067,0.32484556288728617,3.152862812500002,1.3490746872700263,0.3989859537873486,0.6447713959125584,259.232828125,74.7803470065738,-0.5663595313648088,0.49649289056389034,1.0,0.9975613951683044,0.014270612969994545,1.0648608207702637,0.08143739402294159
144,2.111038241179278,0.984375,0.8822541288913243,0.6941560910014702,0.0,0.015625,0.0,63,0.013776514630937486,0.500665009021759,1.5,1.0,64,1.0,54,0.84375,0.8797419412513007,26.7325,15.64343082974448,-0.7526571732815294,0.2676184340761746,2.03125,0.7699178121721825,-0.7538870211171014,0.24068155602000219,3.0509625000000016,1.1498400261612496,0.3502841232997378,0.5495499735780964,253.20264062500002,57.98698320403664,-0.606396056232152,0.3849958720239827,1.0,0.9986305832862854,0.0,1.0230478048324585,0.07298581302165985
145,2.0383804638709404,0.953125,0.8671203480392206,0.7135280679372935,0.0,0.046875,0.0,61,0.02531129000220582,0.4997897744178772,1.5,1.0,64,1.0,48,0.75,0.8680517015877037,31.77234375,20.549809134012314,-0.6664385485410366,0.3515538120034295,2.4375,1.2103072956898178,-0.6268905020246722,0.37835031036253114,2.955530156250002,1.505701946687256,0.3046735680980758,0.7196292059695876,263.40453125,66.8223326831515,-0.5386621345752007,0.44365684883975326,1.0,0.9987454414367676,0.003948667552322149,1.0648605823516846,0.07508490979671478
146,2.0448686215660183,0.96875,0.8608626482948181,0.7080749244020554,0.0,0.015625,0.0,62,0.018342097110361753,0.5002589821815491,1.5,1.0,63,0.984375,56,0.8888888888888888,0.8763689056272469,32.073650793650785,18.99727501775655,-0.6612839683165616,0.3249939893172067,2.3015873015873014,0.9699438804731548,-0.6693777379603568,0.3032110683940772,2.8855095238095254,1.3457524398079252,0.2712081852342954,0.6431835741604206,257.60853968253963,50.82743047408195,-0.5771437506976742,0.3374610962128019,0.984375,0.9977470636367798,0.0020212228409945965,1.0446385145187378,0.07620566338300705
147,2.1174145955119084,1.0,0.8756529781967402,0.6855958696737611,0.0,0.0,0.0,64,0.015346334228007,0.4757247865200043,1.5,1.0,64,1.0,53,0.828125,0.8767700062577057,29.06109375,18.647230869923046,-0.7128209877441689,0.31900564393950276,2.34375,1.1755151796127516,-0.656197391046002,0.3674740577258613,3.148457812500002,1.2816953867990997,0.39688064558922176,0.6125684007558081,268.09332812499997,62.831519507045286,-0.5075315714403302,0.4171604437170109,1.0,0.9998952746391296,0.008547008968889713,0.9999999403953552,0.07643799483776093
148,2.159006810160292,1.0,0.889184882864356,0.7087270241965142,0.0,0.0,0.0,64,0.017614122637466447,0.446628600358963,1.5,1.0,64,1.0,57,0.890625,0.8664836417658888,30.69265625,20.218862267245303,-0.6849091948580978,0.3458921714585561,2.40625,0.9137619698258403,-0.6366594650317822,0.28564822017704133,3.4052376562500024,1.6700119223683179,0.5196049838776605,0.7981588629129112,282.28071875000006,58.90553100342873,-0.41333652069596666,0.3910944322780718,1.0,0.9998840689659119,0.008260446600615978,0.9999998807907104,0.06338571757078171
149,2.035559173027664,0.953125,0.8911115800748106,0.6539784136711211,0.0,0.046875,0.0,61,0.016424793201051134,0.4925600290298462,1.5,1.0,64,1.0,50,0.78125,0.874058449175848,30.94421875,20.03028744213743,-0.6806056144571615,0.3426661464292127,2.609375,1.257691182037546,-0.5731612054855676,0.3931628362141811,3.2119395312500023,1.6364658359837438,0.42722084602407984,0.7821259796710246,276.24935937500004,89.00031305499148,-0.45338082605149194,0.5909042209429621,1.0,0.9986468553543091,0.000980873010121286,1.0648607015609741,0.0657343864440918
150,2.042995431794349,0.96875,0.8642156143342296,0.6743589141028071,0.0,0.015625,0.0,62,0.03387244604689169,0.5185975432395935,1.5,1.0,63,0.984375,50,0.7936507936507936,0.8825469502745514,30.156031746031747,20.884323317824705,-0.6940894450859331,0.35727648006917917,2.5555555555555554,1.0200805722577542,-0.5899855306644792,0.31888413998904114,3.2770434920634943,1.5147171228320189,0.4583363743852978,0.7239378834372665,286.06139682539686,67.1195169698882,-0.3882352760363201,0.4456299593087258,0.984375,0.9992548823356628,0.0,1.0446385145187378,0.06685607880353928
151,2.024356091067397,0.96875,0.8541223099154811,0.6778717812465624,0.0,0.03125,0.0,62,0.032530704765921986,0.5100126266479492,1.5,1.0,64,1.0,48,0.75,0.8801121835012854,28.559843750000002,22.96604215277604,-0.7213960721703819,0.392889277598048,2.5625,1.3792547806696194,-0.5878146499962325,0.43116444575171337,3.413855000000002,1.5430287258991666,0.5237235229112474,0.7374690185199851,288.6393125,82.64879143321518,-0.37111959182050375,0.5487342464014219,1.0,0.9984005689620972,0.0043821209110319614,1.0446385145187378,0.06779307126998901
152,1.9800932949006438,0.96875,0.8290481096313845,0.6905019144170009,0.0,0.015625,0.0,62,0.02595191174083498,0.5358904004096985,1.5,1.0,63,0.984375,55,0.873015873015873,0.8888965289167188,40.04619047619048,23.411521341409543,-0.5248945401487581,0.40051026842628373,3.015873015873016,1.1054276410463586,-0.446087154940701,0.3455642154373978,2.9291488888888915,1.58828374345923,0.2920650099931227,0.7590980218061532,287.73255555555556,67.98765585314477,-0.3771398684627949,0.4513938371297404,0.984375,0.998111367225647,0.0049239033833146095,1.0446386337280273,0.06906547397375107
153,2.142990006784342,1.0,0.880091343075037,0.7231008302582387,0.0,0.0,0.0,64,0.022290009283301285,0.47194570302963257,1.5,1.0,64,1.0,58,0.90625,0.8756261872325453,33.739218750000006,24.545456701845016,-0.6327904304745872,0.4199089546100293,2.765625,1.2715908773559992,-0.5243163904500179,0.39750797571421526,3.1029614062500017,1.1684360314244158,0.3751362739516669,0.5584376744482329,286.65309375000004,72.15686964063067,-0.3843067931100751,0.4790747063365352,1.0,0.9991985559463501,0.000916170421987772,0.9999999403953552,0.06852445006370544
154,2.0254570337352487,0.953125,0.8674645951536836,0.6892602878988788,0.0,0.046875,0.0,61,0.022704414402840052,0.5030034184455872,1.5,1.0,64,1.0,52,0.8125,0.8804403430098604,36.440468749999994,26.580003258422927,-0.5865790652749706,0.45471475708726933,2.640625,1.5649200009505277,-0.5633922424784576,0.48920465914790895,2.597434062500001,1.436227206860826,0.13352654383268886,0.686424724852833,257.5015,71.28670950398998,-0.5778544246048769,0.473297408707036,1.0,0.9990112781524658,0.008629441261291504,1.0648608207702637,0.07505062222480774
155,2.0188162228275166,0.953125,0.8792943407277591,0.7035178739089278,0.0,0.03125,0.0,61,0.017633199495320273,0.4724048972129822,1.5,1.0,63,0.984375,54,0.8571428571428571,0.8885583296945205,27.875079365079362,18.605173360851868,-0.7331106106497003,0.3182861492940333,2.4126984126984126,1.0178552090083426,-0.6346436472684103,0.3181884762686929,3.0956838095238117,1.3872688513176836,0.3716580482875788,0.6630257629250736,260.3784285714286,69.49060997197138,-0.5587534891378502,0.46137247543126536,0.984375,0.9982268810272217,0.0031088083051145077,1.0648607015609741,0.08281044661998749
156,2.1199707208170215,0.984375,0.8866582219562833,0.6838718956170283,0.0,0.015625,0.0,63,0.02864523301587185,0.42271098494529724,1.5,1.0,64,1.0,48,0.75,0.8706113045042025,29.696562500000002,21.83288411567729,-0.7019497694270217,0.37350388939582635,2.5625,1.27322179921646,-0.5878146499962325,0.39801781300452976,3.074229218750002,1.3566704825812368,0.3614041264161701,0.6484017001441098,272.15617187500004,63.45927831800752,-0.48055693013290696,0.4213283541253992,1.0,0.9992028474807739,0.005015044938772917,1.0230478048324585,0.07251860946416855
157,2.0898125495440163,0.984375,0.8649307489395142,0.7132755986752991,0.0,0.015625,0.0,63,0.025959179568443097,0.47401076555252075,1.5,1.0,64,1.0,51,0.796875,0.8836397699785719,33.5090625,23.461713074093584,-0.636727805586748,0.40136891849164746,2.6875,1.2103072956898178,-0.5487387979677927,0.37835031036253114,3.0502967187500016,1.3759948367579544,0.3499659224543839,0.6576375052001252,276.34465625,71.46685110359272,-0.45274811675253285,0.47449343182109965,1.0,0.9978790879249573,0.0009606147650629282,1.0230478048324585,0.07914498448371887
158,2.102165361670708,0.96875,0.8737745698421232,0.7387225965237262,0.0,0.015625,0.0,62,0.027878344388514536,0.5011864900588989,1.5,1.0,63,0.984375,49,0.7777777777777778,0.8722173271617202,32.735079365079365,18.550813859099854,-0.6499686449411809,0.317356199534651,2.619047619047619,1.2140522651411392,-0.5701374788405097,0.37952101333957805,2.9693723809523833,1.3434893788330415,0.3112892659746333,0.6421019757896412,266.98285714285726,64.17109063187533,-0.514904376861558,0.426054325151184,0.984375,0.9988366365432739,0.0009685229742899537,1.0446385145187378,0.06484989821910858
159,2.0379811017083864,0.96875,0.8561853165588071,0.6941954918934612,0.0,0.03125,0.0,62,0.020051143785310418,0.3931507170200348,1.5,1.0,64,1.0,51,0.796875,0.882491527380711,36.13984375,22.19044645873728,-0.5917219775056544,0.37962085154919084,2.71875,1.3517205471176355,-0.5389698349606828,0.42255705666376275,2.803122968750001,1.4156498284783838,0.23183268244604702,0.6765900543864287,267.3855,75.3578762646945,-0.5122310900420929,0.5003273093948748,1.0,0.9985901117324829,0.0005020080134272575,1.0446386337280273,0.07403455674648285
160,2.0419254016725947,0.96875,0.8691730888620499,0.6885616599397244,0.0,0.015625,0.0,62,0.028056734248171296,0.44712698459625244,1.5,1.0,63,0.984375,55,0.873015873015873,0.8763312375958419,34.72539682539683,23.7517938387149,-0.6159194873208554,0.4063314462663072,2.8412698412698414,1.1711661425839184,-0.5006692974566168,0.3661145191066221,3.1364787301587325,1.5093800436755518,0.3911554105701276,0.7213871010304194,282.95187301587316,61.71904781782879,-0.40888049267769166,0.4097743549014423,0.984375,0.9978720545768738,0.004868549294769764,1.0446385145187378,0.07538686692714691
161,2.034069388416604,0.96875,0.8650876966214949,0.7165892533156187,0.0,0.015625,0.0,62,0.020023559914891218,0.4594113528728485,1.5,0.984375,63,0.96875,53,0.8412698412698413,0.8850120209736518,29.20936507936508,21.495603527825107,-0.7102844507520643,0.3677338953486338,2.4444444444444446,1.282083841670392,-0.6247196213564256,0.4007881478813265,3.075301746031748,1.2123528285332246,0.3619167258438601,0.5794270939689237,272.2975714285714,63.47957724494772,-0.47961812901887996,0.4214631258042602,0.984375,0.9981528520584106,0.012382367625832558,1.0446385145187378,0.07395408302545547
162,2.0615299596922085,0.96875,0.8823752605145977,0.7081422421508811,0.0,0.03125,0.0,62,0.013611802907741687,0.4052383303642273,1.5,1.0,64,1.0,58,0.90625,0.8721516083498296,30.74734375,18.20387409335815,-0.6839736339013724,0.31142096206423564,2.4375,1.0588171466310885,-0.6268905020246722,0.3309934571754497,2.788378906250001,1.2923610196592688,0.22478596379566268,0.6176658909484809,252.70364062500002,60.53962787256772,-0.6097090918398845,0.40194377318777497,1.0,0.9995570182800293,0.0026968715246766806,1.0446385145187378,0.07661482691764832
163,2.0670315712187177,0.984375,0.8656054110754103,0.6949071010510244,0.0,0.015625,0.0,63,0.02875696525117087,0.4998381733894348,1.5,1.0,64,1.0,54,0.84375,0.8822524875618409,31.49515625,17.843458447021582,-0.6711805060759811,0.3052551873093944,2.796875,1.2270351398289292,-0.5145474274429079,0.38357954846120895,2.9476985937500015,1.322672706098891,0.30093058223306046,0.6321529379315418,272.35995312500006,65.52625090336646,-0.4792039551079804,0.43505170838492097,1.0,0.9996544718742371,0.001505268388427794,1.0230478048324585,0.08383557200431824
164,1.997087846956281,0.953125,0.8591385322516082,0.6992289602799127,0.0,0.046875,0.0,61,0.03568922240313896,0.48472869396209717,1.5,1.0,64,1.0,56,0.875,0.8828754434729871,35.7484375,22.97993181688305,-0.5984179209245021,0.3931268936426751,2.953125,1.5454538926719878,-0.4657026124073583,0.48311942101461447,2.6528475000000014,1.5617404284323317,0.16001062198368388,0.7464120152836584,275.2564375,68.9389675722925,-0.4599731818181688,0.4577099285116838,1.0,0.9979743361473083,0.0014742014463990927,1.0648608207702637,0.07278133183717728
165,2.0856531818416184,0.96875,0.8898149824911549,0.7085543108543001,0.0,0.03125,0.0,62,0.040992221463415156,0.5124796032905579,1.5,1.0,64,1.0,58,0.90625,0.8848729181363431,31.879687500000003,18.22167381931045,-0.6646021760345502,0.31172546910224946,2.5625,1.2103072956898178,-0.5878146499962325,0.37835031036253114,2.876940000000001,1.3678990041186354,0.26711250107306195,0.6537682151147177,264.80946875,66.19781512679653,-0.5293342629035797,0.43951045825486706,1.0,0.9985531568527222,0.006906758528202772,1.0446385145187378,0.05966102331876755
166,2.078470500266268,1.0,0.8463730486109853,0.6994211966918886,0.0,0.0,0.0,64,0.02983309327774883,0.4687669277191162,1.5,1.0,64,1.0,57,0.890625,0.8811742803890804,36.682500000000005,23.27144367298686,-0.582438539783635,0.39811390367226557,2.703125,1.283058936438619,-0.5438543164642378,0.40109296915234205,3.0927815625000017,1.3567744757986908,0.37027095987617903,0.6484514022492757,280.06884375000004,58.87344714836937,-0.42802193278986184,0.3908814163377011,1.0,0.9978018999099731,0.0,1.0,0.059438470751047134
167,1.935274744678821,0.96875,0.8014393830972333,0.6721312057773854,0.0,0.015625,0.0,62,0.03552221336003589,0.5156760215759277,1.5,1.0,63,0.984375,54,0.8571428571428571,0.8923495811506199,44.81523809523809,28.792993518162735,-0.44330853323411795,0.4925732674347126,2.9365079365079363,1.5823733016611556,-0.47089721972066284,0.4946606799157198,2.582116984126985,1.2993600744708926,0.1262059602526525,0.6210109913966194,281.099253968254,73.25686558192267,-0.4211806787945774,0.48637796429617797,0.984375,0.9971559643745422,0.0013959981733933091,1.0446386337280273,0.06363263726234436
168,1.9506911817214778,0.953125,0.84128743507823,0.697789415183642,0.0,0.03125,0.0,61,0.04093788136605171,0.49219515919685364,1.5,1.0,63,0.984375,54,0.8571428571428571,0.8877888222408636,37.132539682539694,22.713858085001064,-0.5747395307603453,0.3885750637883398,2.619047619047619,1.361938061530961,-0.5701374788405097,0.4257511213142713,2.7917988888888905,1.347183846391477,0.22642049670987494,0.6438676949357223,269.53857142857146,66.01485933321821,-0.49793609543518097,0.43829575072227,0.984375,0.9978364706039429,0.0013947001425549388,1.0648607015609741,0.060095906257629395
169,2.015393613667582,0.984375,0.8392434266824571,0.6737052948958887,0.0,0.015625,0.0,63,0.03523034691468474,0.5302409529685974,1.5,1.0,64,1.0,56,0.875,0.8976405557712245,38.045156250000005,27.229338095161,-0.559127033773347,0.4658231881015541,2.640625,1.3960568073595716,-0.5633922424784576,0.43641687382142913,2.9480279687500017,1.622439138769138,0.30108800241189326,0.7754221157349176,276.40796875,74.68387926055583,-0.4523277629110207,0.49585240744253706,1.0,0.9971219897270203,0.0026121027767658234,1.0230478048324585,0.06775150448083878
170,2.04083313978287,0.96875,0.8637620600000504,0.7158890016956059,0.0,0.03125,0.0,62,0.022122043988819305,0.4449697732925415,1.5,1.0,64,1.0,62,0.96875,0.8824236240634031,32.30765625,18.635653726642808,-0.657280743290349,0.31880758911448054,2.5,1.224744871391589,-0.6073525760104523,0.38286359493670563,3.139965312500002,1.2404140610635954,0.39282177388148254,0.5928385679520632,271.370375,61.151764200966674,-0.48577411054837805,0.40600796046788007,1.0,1.0002307891845703,0.0037932670675218105,1.0446386337280273,0.07439235597848892
171,2.046615472235412,1.0,0.8481099805794656,0.6724990232161665,0.0,0.0,0.0,64,0.026382159182528397,0.5041472911834717,1.5,1.0,64,1.0,60,0.9375,0.8877491234681217,29.016875,22.78081572802816,-0.7135774556034639,0.38972053499420023,2.46875,1.4138682532329523,-0.6171215390175623,0.44198485320831543,3.2593101562500015,1.3621974927948381,0.4498609743243942,0.6510432574457727,275.839,66.4691987655279,-0.4561053455331393,0.44131226919369093,1.0,0.9995205998420715,0.002938295714557171,0.9999999403953552,0.07954733073711395
172,2.063368958741746,0.984375,0.8708973981085277,0.6729209472080409,0.0,0.0,0.0,63,0.032727219562115925,0.49877315759658813,1.5,1.0,63,0.984375,57,0.9047619047619048,0.8863135125612192,34.766507936507935,25.316550215019813,-0.6152161830841808,0.43310036004839153,2.6031746031746033,1.6187363535215187,-0.5750994917965021,0.5060280177861041,2.838308412698415,1.5896233360820209,0.24864907372852685,0.7597382613818424,266.1234285714286,70.69546961680177,-0.5206104238744758,0.4693719602121134,0.984375,0.9996572136878967,0.0019753086380660534,1.0230478048324585,0.08495613187551498
173,2.072112040669824,0.984375,0.8569196713349175,0.6861990347891784,0.0,0.015625,0.0,63,0.02927736023082384,0.40526655316352844,1.5,1.0,64,1.0,53,0.828125,0.8851811236384262,28.12703125,18.346668181825915,-0.7288003688850359,0.31386379770348793,2.484375,1.0605450765408324,-0.6122370575140074,0.331533619843199,3.213913906250002,1.5392045049296355,0.42816447096702553,0.735641285544139,268.793265625,71.09759179603114,-0.5028844414589926,0.4720417900687185,1.0,0.9993850588798523,0.0,1.0230478048324585,0.07642911374568939
174,2.08785453861951,1.0,0.8536173584870994,0.715123926690868,0.0,0.0,0.0,64,0.03671508808862743,0.4919511675834656,1.5,1.0,64,1.0,59,0.921875,0.8915628912080118,31.125625,20.68951582890173,-0.6775022251121388,0.3539438303646942,2.71875,1.178833507116251,-0.5389698349606828,0.3685113895219304,3.080432187500002,1.5228804130110543,0.36436874865501195,0.7278394139111849,281.23528125,57.63004977642657,-0.4202775460730391,0.38262606610161354,1.0,0.9998781681060791,0.0004516711924225092,0.9999999403953552,0.07683771103620529
175,2.0197999631200645,0.953125,0.8747373995233755,0.7007208171381701,0.0,0.046875,0.0,61,0.02327225693613101,0.4413899779319763,1.5,1.0,64,1.0,56,0.875,0.8871968488704676,31.87359375,20.203054484964916,-0.6647064242554425,0.34562174139841545,2.53125,1.1452176376130434,-0.5975836130033424,0.358002839581813,2.8251487500000017,1.3810905195040861,0.24235959682420175,0.6600729155657288,263.54056249999996,74.01871192937364,-0.5377589755070359,0.49143612877859505,1.0,0.9978963136672974,0.0037896730937063694,1.0648607015609741,0.07352328300476074
176,2.0364231156212305,0.953125,0.889483172385419,0.6967241392972572,0.0,0.046875,0.0,61,0.03968841115275212,0.48642200231552124,1.5,1.0,64,1.0,57,0.890625,0.8884363965948074,27.408125,19.177093177392006,-0.7410989859190154,0.32807021056456886,2.46875,1.1721874583444407,-0.6171215390175623,0.366433789374882,3.2099240625000016,1.4948642317382457,0.4262575808975317,0.7144494715470877,270.13357812500004,70.44811060693998,-0.49398563777564736,0.46772965719093984,1.0,0.9980071187019348,0.0009638554183766246,1.0648608207702637,0.07615233212709427
177,2.0321142524204725,0.96875,0.8715090544954422,0.6853850448577377,0.0,0.03125,0.0,62,0.027238357834589277,0.4248630702495575,1.5,1.0,64,1.0,57,0.890625,0.8855200840405395,33.5153125,20.745366197113608,-0.6366208843345509,0.3548992849734761,2.84375,1.4918397827850014,-0.499893982932243,0.46635928481797134,3.2099731250000016,1.442726842851407,0.4262810296338474,0.6895311350539249,284.82645312500006,84.14302388937428,-0.3964344993889447,0.5586549785326541,1.0,0.9992652535438538,0.0026121027767658234,1.0446386337280273,0.0754222646355629
178,2.0160630017052297,0.953125,0.8659147121867196,0.7216916109911619,0.0,0.046875,0.0,61,0.034184822262971884,0.4925082325935364,1.5,1.0,64,1.0,58,0.90625,0.8899755556247237,29.58109375,19.4669205093207,-0.7039251395613644,0.3330284027646938,2.625,1.231107225224513,-0.5682767239820126,0.38485251011212895,3.280057500000002,1.4559227023856314,0.4597768773632657,0.6958379117301409,285.095015625,70.76103903201526,-0.3946514189773186,0.4698072985034571,1.0,0.9988638162612915,0.001323334756307304,1.0648605823516846,0.0675610825419426
179,2.1290835454557016,1.0,0.8808837989345193,0.7291259701237861,0.0,0.0,0.0,64,0.0252842403155173,0.45592355728149414,1.5,1.0,64,1.0,57,0.890625,0.8749768762681094,30.16453125,19.14479122451518,-0.6939440406687586,0.3275176081245682,2.609375,1.1807993518693174,-0.5731612054855676,0.36912592599138405,3.3816967187500024,1.1857945388009572,0.5083539217413747,0.5667339304952421,286.41134375,54.125023947806156,-0.38591185595209804,0.3593549731632528,1.0,0.9991106390953064,0.0026560425758361816,0.9999999403953552,0.07990775257349014
180,2.0238120497646714,0.96875,0.8644915376940081,0.6814521999416963,0.0,0.03125,0.0,62,0.031103876903790295,0.46303585171699524,1.5,1.0,64,1.0,56,0.875,0.8823891960127711,35.175000000000004,18.805224756035223,-0.6082279458135923,0.32170850860232053,2.734375,1.0344410855022146,-0.5340853534571278,0.32337333431378507,2.956051093750001,1.5385143666802794,0.3049225428970451,0.7353114436112876,274.32192187500004,74.62541610673456,-0.4661777580538549,0.49546425010716594,1.0,0.999729335308075,0.006554306950420141,1.0446386337280273,0.07714901864528656
181,2.05914841707808,0.984375,0.8713882660108899,0.6958407017924052,0.0,0.015625,0.0,63,0.015918716953429297,0.393219918012619,1.5,1.0,64,1.0,56,0.875,0.8894883179318459,29.080937499999997,20.024868345287413,-0.7124815127684428,0.3425734397698557,2.609375,1.1126711595862455,-0.5731612054855676,0.3478285887064368,2.9618701562500016,1.3897149546360368,0.3077036825080923,0.6641948438262301,266.10146875,58.34470283259678,-0.5207562228130176,0.3873708978095632,1.0,1.0000262260437012,0.007374631240963936,1.0230478048324585,0.0811220034956932
182,2.037061361743491,0.953125,0.8709312628527157,0.7379238445266741,0.0,0.046875,0.0,61,0.023871389402125572,0.4096619784832001,1.5,1.0,64,1.0,53,0.828125,0.886766941466554,29.5384375,17.901458147553058,-0.70465487710761,0.3062474114066561,2.46875,0.9995115994824673,-0.6171215390175623,0.3124541388966882,2.8997198437500016,1.3270547301796436,0.277999809086438,0.634247265110111,256.368140625,62.744753119998826,-0.5853791940752828,0.41658437131252346,1.0,0.9989590048789978,0.0,1.0648607015609741,0.07077349722385406
183,1.9062922244987863,0.90625,0.8633167219573054,0.7153704058574017,0.0,0.078125,0.0,58,0.027480366190488735,0.47843462228775024,1.5,1.0,63,0.984375,55,0.873015873015873,0.8875275461843968,32.028571428571425,21.176632888607816,-0.6620551590625677,0.3622771369231547,2.6507936507936507,1.1840035681886676,-0.5602134529285251,0.3701275858534804,2.6066763492063507,1.4645344049807738,0.13794376561982066,0.6999537546525886,253.55757142857146,78.71507642601156,-0.6040395464315239,0.5226169360015465,0.984375,0.9958214163780212,0.021210553124547005,1.1180338859558105,0.07491327822208405
184,1.9953262300646484,0.984375,0.8226367180782651,0.6946963925768133,0.0,0.015625,0.0,63,0.03755517792591105,0.41696059703826904,1.5,1.0,64,1.0,56,0.875,0.8803405126033772,37.258906249999995,25.426949662045796,-0.5725777272997512,0.43498900758725445,2.765625,1.4223900166181567,-0.5243163904500179,0.4446488145288084,3.1647476562500017,1.4332305186434853,0.4046661487885583,0.6849924995926294,290.06973437500005,70.03447881964159,-0.3616225204658849,0.46498341101897667,1.0,0.9986342191696167,0.004570384044200182,1.023047924041748,0.0696863979101181
185,2.0324925683116906,0.96875,0.8678900320683757,0.714190956572751,0.0,0.03125,0.0,62,0.04106389967933788,0.4960770308971405,1.5,1.0,64,1.0,55,0.859375,0.8872993192068332,33.76953125,21.889609009591137,-0.632271862401431,0.37447430486590955,2.75,1.403121520040228,-0.5292008719535729,0.4386253511600913,2.8541731250000018,1.3555978705225376,0.25623139129253414,0.6478890601984596,276.78587500000003,73.94864375182539,-0.4498187110820933,0.4909709216299251,1.0,0.9995430111885071,0.0037296037189662457,1.0446385145187378,0.06064915657043457
186,1.9810582907711731,0.96875,0.8474109812128928,0.6835964732077892,0.0,0.03125,0.0,62,0.030462624993073194,0.4539634585380554,1.5,1.0,64,1.0,57,0.890625,0.886381852018028,35.513906250000005,23.37984519417763,-0.6024301409132008,0.3999683718939928,2.734375,1.265432084062594,-0.5340853534571278,0.3955826949509605,3.1338506250000018,1.4891253543721528,0.3898993444325079,0.71170665530035,287.649953125,61.759964104848564,-0.37768829490310707,0.41004601244820127,1.0,0.9981850385665894,0.002801120514050126,1.0446386337280273,0.07262558490037918
187,2.05852870244563,0.984375,0.8601835521440657,0.7001933951132147,0.0,0.015625,0.0,63,0.03305160108684907,0.47470346093177795,1.5,1.0,64,1.0,53,0.828125,0.8727730285379262,33.503125000000004,19.176043964002975,-0.6368293807763352,0.3280522612510685,2.578125,1.1012022903967282,-0.5829301684926775,0.3442433420233719,3.0274656250000014,1.637948852184185,0.33905412021963355,0.7828347665415679,275.5347187500001,63.41975544794505,-0.4581255752245524,0.42106594796139774,1.0,0.9980974793434143,0.015580736100673676,1.0230478048324585,0.06745302677154541
188,1.9725513639340564,0.96875,0.8487236384422548,0.652937972381369,0.0,0.03125,0.0,62,0.033733070952902025,0.47580379247665405,1.5,1.0,64,1.0,58,0.90625,0.8913310949343423,33.7184375,24.362630401058787,-0.6331459436381428,0.4167812718876869,2.6875,1.2975337182516684,-0.5487387979677927,0.40561788461050746,2.8611217187500015,1.532573430576163,0.2595523745813711,0.7324720562141155,273.46359375,72.0856998070957,-0.4718764988178702,0.4786021849082831,1.0,0.9985520839691162,0.013468013145029545,1.0446386337280273,0.06478390097618103
189,2.023883890574269,0.953125,0.8900524802872392,0.6848741323929364,0.0,0.046875,0.0,61,0.04309693743575289,0.41568928956985474,1.5,1.0,64,1.0,51,0.796875,0.8813403427986182,29.040625,20.39745226699587,-0.7131711548451146,0.3489473820830718,2.359375,1.2037336122975881,-0.651312909542447,0.37629533212639854,3.0082234375000017,1.2843566986618487,0.32985758557862543,0.61384033757361,259.79334375,71.86437226866552,-0.5626380719974431,0.4771327139347541,1.0,0.9967368841171265,0.019657257944345474,1.0648607015609741,0.06307514756917953
190,2.022679371582824,0.984375,0.8579951046951233,0.6549726084813546,0.0,0.015625,0.0,63,0.03666029446109775,0.4283410310745239,1.5,1.0,64,1.0,51,0.796875,0.896529230978732,32.19734375,18.54260998704972,-0.659167903391629,0.31721585261105645,2.515625,1.0306579740025301,-0.6024680945068974,0.322190707872435,2.6822310937500013,1.357675158345276,0.17405410003414923,0.6488818708870135,254.87540625000003,78.24756164106628,-0.5952899799214983,0.5195129417537205,1.0,0.9997420907020569,0.0031168831046670675,1.0230478048324585,0.07584524899721146
191,2.097863110144469,0.984375,0.8712988377563538,0.7072775822859338,0.0,0.015625,0.0,63,0.04126576729007769,0.4605041444301605,1.5,0.984375,64,0.984375,47,0.734375,0.8870866601642902,31.18046875,20.88953928028987,-0.6765639911241085,0.35736571162728936,2.296875,1.2333856794916178,-0.6708508355566669,0.3855647704464886,2.675955312500001,1.219831856135777,0.17105467807835456,0.5830015907057385,250.354359375,55.64945611913227,-0.6253067921080783,0.36947621177082113,1.0,0.9999589920043945,0.004685059655457735,1.0230478048324585,0.070363350212574
192,2.019930177886617,0.953125,0.8556647867452903,0.7207589510846524,0.0,0.03125,0.0,61,0.04237521436537524,0.46222975850105286,1.5,1.0,63,0.984375,52,0.8253968253968254,0.887078028385552,31.34015873015873,18.515082611260176,-0.6738321107014025,0.31674493077279725,2.4444444444444446,1.0805315825471435,-0.6247196213564256,0.3377815378533441,2.9692296825396842,1.4634839102222024,0.31122106526223486,0.6994516853614854,260.9465714285714,66.57564038726974,-0.5549813899074032,0.4420189723659866,0.984375,0.9989910125732422,0.004018081352114677,1.0648607015609741,0.06726644933223724
193,2.001346909253954,0.96875,0.8535845637802155,0.6827683484059041,0.0,0.015625,0.0,62,0.027990925109589886,0.4124675989151001,1.5,1.0,63,0.984375,54,0.8571428571428571,0.8903731946587082,31.231269841269835,24.84975535583089,-0.67569491651746,0.4251147135102026,2.4761904761904763,1.2953781436890899,-0.6147955954444408,0.40494403730935874,2.7892088888888904,1.565563204276494,0.22518264240042013,0.7482390575820275,257.77058730158734,61.4956463625188,-0.5760678598518759,0.40829111446805294,0.984375,0.998676598072052,0.002615062752738595,1.044638752937317,0.06378553062677383
194,2.126503130987166,1.0,0.8673315704800189,0.6904213515067583,0.0,0.0,0.0,64,0.03849333637589408,0.42012864351272583,1.5,1.0,64,1.0,49,0.765625,0.8780336449069401,31.73703125,21.645505933657994,-0.6670426536159506,0.3702983358188771,2.6875,1.248436522214886,-0.5487387979677927,0.3902697664717506,3.304463281250002,1.4472121914596872,0.47144127948524356,0.6916748447466533,280.21554687500003,64.96270216846787,-0.4270479194093195,0.43131011113960693,1.0,0.9982888102531433,0.001899335184134543,1.0,0.06841122359037399
195,2.0558918338217453,0.984375,0.8624209697757449,0.6915951069180436,0.0,0.015625,0.0,63,0.03781477464265288,0.42103898525238037,1.5,1.0,64,1.0,51,0.796875,0.8840139786421306,32.32828125,21.20744691985338,-0.6569279031580982,0.36280428489211763,2.5,1.3806701271484076,-0.6073525760104523,0.4316068927083062,3.2320670312500015,1.5057942540594245,0.43684050340382874,0.7196733229882876,271.97709375,64.02181829065162,-0.48174589246695737,0.4250632538451244,1.0,0.9989364743232727,0.0004901961074210703,1.0230478048324585,0.07724513858556747
196,1.9515670107209455,0.921875,0.8803872678239467,0.7205078117841703,0.0,0.0625,0.0,59,0.030394348649413674,0.4344225525856018,1.5,1.0,63,0.984375,53,0.8412698412698413,0.8904990791673446,26.738888888888884,16.824438584572945,-0.7525478760015057,0.287822406556307,2.2698412698412698,1.072104431159891,-0.6793017638723414,0.3351471528883078,3.1844131746031765,1.4306142674798512,0.41406500849556177,0.6837420989063281,262.22538095238104,69.04000508272817,-0.5464909260038182,0.45838075189803656,0.984375,0.9988729357719421,0.0010277492692694068,1.1014961004257202,0.082268126308918
197,1.991490190085214,0.953125,0.8628929523659534,0.6998644091627468,0.0,0.046875,0.0,61,0.027371151776550185,0.39956527948379517,1.5,1.0,64,1.0,57,0.890625,0.8834449231746426,29.16296875,21.54394554449169,-0.7110781713333549,0.36856090158155025,2.21875,1.1105847277448038,-0.6952732430744418,0.347176355891208,3.0220535937500017,1.618630835602625,0.33646751550700194,0.7736019904506017,259.53848437500005,74.21829705756365,-0.5643301725672614,0.4927612442825377,1.0,0.9973666071891785,0.001600853749550879,1.0648608207702637,0.08235660940408707
198,2.0524926108708126,0.96875,0.8854919830637593,0.6611009215163751,0.0,0.03125,0.0,62,0.036642949101272165,0.3689073324203491,1.5,1.0,64,1.0,55,0.859375,0.8902683748646597,35.005624999999995,23.96938528330201,-0.6111255117481358,0.4100538702219304,2.875,1.505199322349037,-0.4901250199251331,0.47053556794735,2.8102473437500013,1.3679588842462558,0.2352376779270979,0.6537968339849979,268.3511875,70.93589054030478,-0.5058195528207656,0.4709681988502085,1.0,0.9981164336204529,0.00100351229775697,1.0446385145187378,0.08095452934503555
199,2.135133216355147,1.0,0.8852776200510561,0.7132091972149682,0.0,0.0,0.0,64,0.02713806572562283,0.3623855412006378,1.5,1.0,64,1.0,55,0.859375,0.8742801117608371,27.2171875,16.170781469670654,-0.7443654301736389,0.27664003259903625,2.328125,1.09050858977589,-0.661081872549557,0.34090041831860146,3.316243437500002,1.205937329996386,0.4770714405586462,0.5763608960881799,278.7950000000001,64.57436335463368,-0.4364794271835243,0.4287317938688708,1.0,0.9979116916656494,0.0,1.0,0.08443307131528854
200,2.101388012517752,1.0,0.875813776627183,0.6837728209678282,0.0,0.0,0.0,64,0.036474278907574084,0.3703163266181946,1.5,1.0,64,1.0,55,0.859375,0.8901046120252893,32.61703125,20.351705140455024,-0.6519881413065891,0.34816476767440463,2.421875,1.260018446045533,-0.6317749835282273,0.39389035480623874,2.9118689062500014,1.3769378042123475,0.2838062837472333,0.6580881833186951,262.545890625,60.31482309207801,-0.5443629501360638,0.4004512155874725,1.0,0.9990664720535278,0.005159958731383085,0.9999999403953552,0.0891152024269104
201,1.8616424704548757,0.90625,0.8536860223474174,0.6562737140660828,0.0,0.09375,0.0,58,0.026842867894667898,0.3304428160190582,1.5,1.0,64,1.0,47,0.734375,0.8997500174395212,28.622187499999995,23.12983580983323,-0.7203295326797152,0.3956913612643694,2.421875,1.3205667284825102,-0.6317749835282273,0.41281816060690674,2.8857382812500014,1.4691271005191695,0.2713175166565012,0.7021487693105873,254.73893750000002,83.9103894325062,-0.5961960437052514,0.557110436971152,1.0,0.9976593852043152,0.0,1.1180340051651,0.07980651408433914
202,2.0254515753213385,0.96875,0.8711202990624213,0.6991144153753172,0.0,0.03125,0.0,62,0.024407766372170472,0.4466693699359894,1.5,1.0,64,1.0,55,0.859375,0.890513639714696,28.51375,20.056583434436185,-0.7221846164053359,0.3431160024971088,2.171875,1.1257592923778155,-0.7099266875851067,0.3519200282287725,3.235458750000002,1.482010669931965,0.43846152798728305,0.7083062912869535,254.094234375,65.81559516314843,-0.6004764533436111,0.4369727661715957,1.0,0.9993746280670166,0.0056526209227740765,1.0446385145187378,0.07218022644519806
203,2.060652571684022,0.984375,0.8622507121827867,0.6982864117351695,0.0,0.015625,0.0,63,0.023125868113309755,0.45981767773628235,1.5,1.0,64,1.0,52,0.8125,0.8719617840789209,29.057187499999998,20.565410847825135,-0.7128878135267921,0.3518207167677957,2.25,1.0307764064044151,-0.6855042800673319,0.32222773064852644,3.2074007812500023,1.3649554319845327,0.4250516138823664,0.6523613759442969,269.28504687500003,67.9885379224023,-0.4996193336584608,0.45139969349619063,1.0,1.0000226497650146,0.0019277108367532492,1.0230478048324585,0.07128316909074783
204,2.072090936958701,0.984375,0.860541872561924,0.7083876198405407,0.0,0.015625,0.0,63,0.03597664144329464,0.42883914709091187,1.5,1.0,64,1.0,54,0.84375,0.873887540760893,32.563593749999995,22.005769369019138,-0.652902318012875,0.37646150663962397,2.40625,1.1418016191528193,-0.6366594650317822,0.3569349689267879,3.261622656250002,1.3959643901688579,0.45096620138640753,0.6671816742146325,274.28840625,65.94706101812812,-0.4664002800158602,0.43784561398471944,1.0,0.9995189309120178,0.00048239267198368907,1.0230478048324585,0.07170289009809494
205,2.0191657502660156,0.9375,0.8765566935141881,0.7415979792341868,0.0,0.046875,0.0,60,0.0406638552964714,0.41669943928718567,1.5,1.0,63,0.984375,50,0.7936507936507936,0.881525472572138,28.465714285714284,19.17611400412815,-0.7230063826007943,0.3280534594555305,2.1904761904761907,0.9571310115353229,-0.7041118286523032,0.2992056782286811,2.879028412698415,1.3142833305032648,0.26811062874049496,0.6281433530918968,248.4302857142857,62.516501794460495,-0.6380813904043647,0.4150689308936444,0.984375,0.9978544116020203,0.0005246589425951242,1.0837910175323486,0.08638143539428711
206,2.0650891311183677,0.984375,0.8697691469911545,0.6865280791981448,0.0,0.0,0.0,63,0.022463707395181484,0.4085538685321808,1.5,1.0,63,0.984375,53,0.8412698412698413,0.8707197258038948,27.512698412698416,18.48263743001422,-0.7393100066818561,0.3161898780677441,2.253968253968254,0.9915236626502485,-0.6842637768283337,0.3099570553953418,3.675476190476193,1.5233939219298451,0.6487617152184426,0.7280848383235666,285.09801587301587,60.95970987190161,-0.3946314992809084,0.40473284457446973,0.984375,0.9988269805908203,0.002364066196605563,1.0230478048324585,0.07610850036144257
207,2.1132180879727747,0.96875,0.9044716271661943,0.743879432903218,0.0,0.03125,0.0,62,0.01944227748758942,0.37873372435569763,1.5,1.0,64,1.0,58,0.90625,0.870181344739789,31.1859375,17.335949346548453,-0.6764704350284361,0.29657302594554696,2.328125,1.1326777937149646,-0.661081872549557,0.3540827989048445,3.1189054687500013,1.243964248550439,0.38275651583423076,0.5945353304539789,262.213234375,67.34850610994981,-0.5465715713813241,0.4471502983363975,1.0,0.9976598024368286,0.0009980039903894067,1.0446385145187378,0.06888379901647568
208,2.0905489835473374,0.96875,0.8925767906250492,0.7301719562081795,0.0,0.03125,0.0,62,0.032014393961538434,0.40853428840637207,1.5,1.0,64,1.0,59,0.921875,0.8763122383436951,28.554374999999997,16.899106936000347,-0.7214896282660546,0.2890997879377656,2.40625,0.9307045382397144,-0.6366594650317822,0.2909445825476194,3.3746082812500022,1.2434366133203119,0.5049661020862876,0.5942831545684836,277.76740625,68.30844894317588,-0.44330198166054563,0.45352369470486587,1.0,0.9990584850311279,0.0014170996146276593,1.0446385145187378,0.0686824843287468
209,2.093002604213398,1.0,0.8632918712683022,0.6882846651759781,0.0,0.0,0.0,64,0.031960662025912204,0.4387803077697754,1.5,1.0,64,1.0,53,0.828125,0.8802754059012127,32.9209375,22.69854219704635,-0.6467890954185017,0.388313048761359,2.546875,1.0887160944778027,-0.5926991314997875,0.3403400720703636,2.7743204687500014,1.5857994846788157,0.21806693003366465,0.7579107050350579,259.767125,60.26312976867057,-0.5628121474530347,0.40010800552508596,1.0,0.998798131942749,0.0020294266287237406,0.9999999403953552,0.0779794380068779
210,1.973182710986839,0.953125,0.8607548108843507,0.6902660156767432,0.0,0.046875,0.0,61,0.033018216382196805,0.5084109902381897,1.5,0.984375,64,0.984375,52,0.8125,0.887022611486218,32.4975,26.627174441724,-0.6540330102548599,0.455521733405057,2.5625,1.4670868242881878,-0.5878146499962325,0.45862134127007054,3.088407968750002,1.429281212864509,0.3681806618563947,0.6831049840799419,266.2845,83.52071230744957,-0.5195410142988337,0.5545232341839147,1.0,0.997218906879425,0.0,1.0648608207702637,0.08995889127254486
211,2.0627768819286243,0.96875,0.8834632865844234,0.7088910495436876,0.0,0.015625,0.0,62,0.04232722339369391,0.439324289560318,1.5,1.0,63,0.984375,56,0.8888888888888888,0.8721811101661971,29.224444444444444,20.237240681615756,-0.7100264820166045,0.3462065783510181,2.5238095238095237,1.2453996981544782,-0.5999095565764638,0.38932043457078336,2.9434495238095257,1.335989220126206,0.298899798628044,0.638517379736803,261.6916031746032,66.24828970335999,-0.5500348634474944,0.4398455766304983,0.984375,0.9988301396369934,0.0005120327696204185,1.0446385145187378,0.08633898198604584
212,2.100489976958473,0.984375,0.8919839262962341,0.7027993290078514,0.0,0.0,0.0,63,0.03033854801914348,0.41620591282844543,1.5,1.0,63,0.984375,55,0.873015873015873,0.8695864440004983,28.31015873015873,18.23082140719814,-0.7256675337665904,0.3118819605504951,2.365079365079365,1.0586242540020996,-0.6495296861363873,0.33093315762482767,3.0421519047619068,1.4002089551170662,0.3460732224177543,0.6692103047215437,265.94807936507937,53.205496734561954,-0.5217746286127977,0.3532499102378877,0.984375,0.9987540245056152,0.0024485797621309757,1.0230478048324585,0.07626192271709442
213,2.1148884078626553,0.984375,0.8822913009022909,0.7344854340075933,0.0,0.015625,0.0,63,0.04984065566003548,0.42472460865974426,1.5,1.0,64,1.0,59,0.921875,0.8822439862140531,25.49375,15.818138767329739,-0.7738489654670085,0.2706072327090387,2.40625,1.0416145820311848,-0.6366594650317822,0.3256158182249256,3.354910781250002,1.4720063004082495,0.4955519571980692,0.7035248426659848,274.401609375,62.32106655147231,-0.46564868485747996,0.41377136792966496,1.0,0.9996830224990845,0.0019890600815415382,1.0230478048324585,0.07368418574333191
214,1.9855248546803872,0.9375,0.8881584624449412,0.698352689106285,0.0,0.03125,0.0,60,0.02547297074322237,0.4191492199897766,1.5,1.0,62,0.96875,53,0.8548387096774194,0.8910670461234409,24.895483870967745,15.52335489984411,-0.7840837436531336,0.26556424707078463,2.467741935483871,1.0582661098273711,-0.6174366668565013,0.3308211993146154,3.291550161290325,1.237820792124003,0.46526963423791057,0.5915991512986077,270.49864516129026,69.85723937479666,-0.49156182997917663,0.4638066563258584,0.96875,0.9987886548042297,0.0050530568696558475,1.0837911367416382,0.08471961319446564
215,2.0442075234391637,0.96875,0.8772797084623768,0.6898795984586882,0.0,0.03125,0.0,62,0.04957471498829482,0.48803094029426575,1.5,1.0,64,1.0,56,0.875,0.88578185775091,27.787187499999998,19.97052628787844,-0.7346142119732569,0.3416437884378336,2.390625,1.0697135641726714,-0.6415439465353372,0.33439975157140955,3.069205000000002,1.6591864935959597,0.3590028712689381,0.7929850004968653,258.25874999999996,65.86102910579976,-0.5728267768815195,0.43727441801488937,1.0,0.9997661709785461,0.0010005002841353416,1.0446385145187378,0.0801229253411293
216,1.9886823230087864,0.9375,0.8753283341725667,0.7288259264742974,0.0,0.046875,0.0,60,0.048046199245269025,0.4613518714904785,1.5,1.0,63,0.984375,52,0.8253968253968254,0.8889822529209409,24.158095238095235,15.271465232260331,-0.7966985462103637,0.26125506968301077,2.3333333333333335,0.890870806374748,-0.659453712048372,0.2784922864508516,3.251565555555557,1.3319780035039415,0.446159550639211,0.6366002748016576,261.48750793650794,67.77107149666071,-0.5513899231492544,0.4499558578008635,0.984375,0.9993577599525452,0.0009685229742899537,1.0837912559509277,0.07828666269779205
217,2.095541698980897,1.0,0.8796712728217244,0.6849991818043542,0.0,0.0,0.0,64,0.03475632502785857,0.44038325548171997,1.5,1.0,64,1.0,50,0.78125,0.8808497122736283,30.3115625,15.616275986405778,-0.6914287182108201,0.26715388529969586,2.640625,1.0363274624244019,-0.5633922424784576,0.3239630285976351,2.9403090625000017,1.2262816608740421,0.2973988590273991,0.5860841847560873,266.60535937500003,58.68822391762446,-0.5174107166346051,0.38965165449634404,1.0,1.0000534057617188,0.001478560850955546,0.9999999403953552,0.06785687804222107
218,2.0251532395481306,0.96875,0.8545358080056406,0.7381728382299642,0.0,0.03125,0.0,62,0.0295733865408286,0.42938509583473206,1.5,1.0,64,1.0,59,0.921875,0.880718173402898,31.68609375,20.143224094685316,-0.6679140618213576,0.344598198958713,2.546875,1.2238475127134916,-0.5926991314997875,0.3825830744973315,3.237786093750002,1.3708787394514723,0.43957384941219413,0.6551923379806586,275.53179687500005,64.99957897512199,-0.4581449745750863,0.43155494916274234,1.0,0.9984458088874817,0.004866180010139942,1.0446385145187378,0.08297919481992722
219,1.9702586517661222,0.96875,0.8298232055479481,0.702490494630747,0.0,0.03125,0.0,62,0.04452935567447862,0.4108075797557831,1.5,1.0,64,1.0,58,0.90625,0.8974920812203868,35.06234375,22.83991303221919,-0.6101552013844465,0.3907315362366934,2.78125,1.268226492981439,-0.519431908946463,0.39645624622631837,2.818172031250002,1.474087874121423,0.2390251715846106,0.7045197017359845,264.51021875000004,72.78853504597859,-0.5313210883657318,0.4832685539920272,1.0,0.9988735914230347,0.003309692721813917,1.0446386337280273,0.07357320934534073
220,1.927193173785503,0.921875,0.854500249280768,0.7403259368454054,0.0,0.078125,0.0,59,0.02819920506542678,0.3581385612487793,1.5,1.0,64,1.0,56,0.875,0.8878458908885002,35.87640625,23.37892676690829,-0.596228708285765,0.39995265999100243,2.734375,1.1758266706343243,-0.5340853534571278,0.36757143194239855,2.680004375000001,1.3736985301605436,0.1729898709219363,0.6565400175486061,256.692765625,68.812433331426,-0.5832238951090302,0.4568698234103048,1.0,0.9982230067253113,0.02708025649189949,1.1014959812164307,0.07010392844676971
221,1.9997181453527155,1.0,0.8306992291472852,0.6797867386907149,0.0,0.0,0.0,64,0.0297606038261764,0.3705926835536957,1.5,1.0,64,1.0,56,0.875,0.8766701242047029,36.750468749999996,25.49822245211955,-0.5812757711659909,0.43620829974121794,2.75,1.4142135623730951,-0.5292008719535729,0.4420927991992297,3.0210529687500016,1.450923866717859,0.33598928077016865,0.6934487880723771,286.07778125000004,73.28981677057637,-0.3881264941082187,0.4865967387677748,1.0,0.9991064667701721,0.0031277926173061132,1.0,0.0708749070763588
222,2.0691667810946903,1.0,0.8545664139091969,0.6875923326103555,0.0,0.0,0.0,64,0.04672223108334654,0.39197248220443726,1.5,1.0,64,1.0,59,0.921875,0.8885242667851473,36.408125,24.61846574950143,-0.5871323827550908,0.42115794961757275,2.75,1.334634781503914,-0.5292008719535729,0.41721592987244766,2.9203325000000016,1.64648257851207,0.28785134011669744,0.7869133417966567,282.71074999999996,73.75269381012473,-0.41048139275270523,0.4896699414010926,1.0,0.9995825290679932,0.0035906643606722355,0.9999999403953552,0.060935523360967636
223,1.9586804324488476,0.953125,0.8428552793186219,0.6889730505724682,0.0,0.046875,0.0,61,0.03518551335790042,0.4266008138656616,1.5,1.0,64,1.0,53,0.828125,0.8801237736022476,37.26328125,24.263220111331027,-0.5725028824232131,0.4150806202622508,2.8125,1.3678792892649556,-0.509662945939353,0.42760838960067793,2.7870437500000014,1.4580669006743798,0.2241478445223586,0.6968627013409721,273.4381718750001,72.52487478133685,-0.4720452835414974,0.48151802123631116,1.0,0.9992045164108276,0.0036264732480049133,1.0648609399795532,0.07485394924879074
224,1.9912642685697162,0.96875,0.8463412811679225,0.7052388766505776,0.0,0.03125,0.0,62,0.04177441442138771,0.48255759477615356,1.5,0.984375,64,0.984375,53,0.828125,0.8848202566166431,33.60921875,24.261253593995274,-0.6350143925202885,0.41504697826288983,2.65625,1.325456878778031,-0.5585077609749026,0.41434685492166357,3.002970312500002,1.535552567250803,0.32734692788775505,0.7338958929597363,273.43384375000005,71.50604222529445,-0.4720740194778497,0.47475363539165044,1.0,0.9990546703338623,0.0,1.0446386337280273,0.07317250967025757
225,2.005841598400309,0.96875,0.8553346688708952,0.7160408328760144,0.0,0.03125,0.0,62,0.04466418819236484,0.42733797430992126,1.5,1.0,64,1.0,57,0.890625,0.8800735072846888,34.69546875,25.205875922694563,-0.6164314788884202,0.43120701062095934,2.78125,1.1920144451725407,-0.519431908946463,0.3726318406025993,2.686274843750001,1.2993647877893466,0.17598675384258833,0.6210132440613144,267.80009375000003,73.79829096486563,-0.5094784570631479,0.4899726768665594,1.0,0.9994440078735352,0.0028341992292553186,1.0446386337280273,0.07368823140859604
226,1.9604217461908746,0.953125,0.837704809962726,0.6916617082406048,0.0,0.03125,0.0,61,0.04061051208245384,0.43491706252098083,1.5,1.0,63,0.984375,54,0.8571428571428571,0.8909488715535075,33.907777777777774,22.812619832740758,-0.6299068237035254,0.3902646205463412,2.492063492063492,1.2198492734502127,-0.6098335824884485,0.381333197650722,2.978344444444446,1.558169169483679,0.31557733835237517,0.7447051819710064,263.75334920634924,71.68737818752942,-0.5363462101062597,0.47595758829715523,0.984375,0.9984984993934631,0.002960039535537362,1.0648608207702637,0.0725150927901268
227,1.9956977091541537,0.96875,0.8444698611574788,0.6955915604027683,0.0,0.03125,0.0,62,0.05669795022796413,0.47997450828552246,1.5,1.0,64,1.0,56,0.875,0.8899832353229679,38.21453125000001,24.521430801041635,-0.5562294678388037,0.4194979339061793,2.875,1.4842927608797396,-0.4901250199251331,0.4640000343281681,3.215246875000002,1.688624006060368,0.42880154475527105,0.8070542482434659,291.36512500000003,79.3821685450951,-0.3530219688295162,0.5270459940058783,1.0,0.9973918795585632,0.002665481995791197,1.0446383953094482,0.07485731691122055
228,2.0512509490535114,0.96875,0.8750162903339632,0.7298069255081081,0.0,0.03125,0.0,62,0.0402603713209285,0.41458314657211304,1.5,1.0,64,1.0,60,0.9375,0.8820393358821453,30.3746875,34.705268150561,-0.6903488135636286,0.593716916559446,2.65625,1.9301776958352823,-0.5585077609749026,0.6033867042484342,2.996203437500002,1.4346396400165917,0.32411279453629116,0.6856659694629941,268.19498437500005,76.64859820156782,-0.5068566400255029,0.5088968639771252,1.0,0.9986996650695801,0.0009737098589539528,1.0446385145187378,0.07885546237230301
229,2.0959617014099843,1.0,0.8652527257800102,0.6948408436844398,0.0,0.0,0.0,64,0.04049506524380913,0.4180822968482971,1.5,1.0,64,1.0,53,0.828125,0.8858805771164927,26.197187500000002,18.02073306541229,-0.761814978532217,0.30828789517837196,2.4375,0.9499177595981665,-0.6268905020246722,0.29695076650595964,3.231051875000002,1.4352117401873108,0.43635532365910606,0.6859393967455286,271.27409375,66.0267535259664,-0.48641335545741016,0.4383747204298852,1.0,0.9977508783340454,0.00141643057577312,0.9999999403953552,0.07524432241916656
230,2.0361746915278127,0.984375,0.8555780459964086,0.692280399691371,0.0,0.015625,0.0,63,0.031929544018198114,0.4490719437599182,1.5,1.0,64,1.0,54,0.84375,0.8842301708137096,32.140625,23.790432483130168,-0.6601382137553183,0.40699245302536025,2.53125,1.2865743031399313,-0.5975836130033424,0.40219189674471156,3.1058240625000018,1.4610970047864724,0.37650444050593335,0.6983108972611459,271.589578125,63.29382624657321,-0.48431874429897687,0.4202298599289363,1.0,0.9973258972167969,0.008888889104127884,1.0230478048324585,0.0734519511461258
231,2.0969908543670934,0.984375,0.8857902780411735,0.7345612800611119,0.0,0.015625,0.0,63,0.019463130581810643,0.4187453091144562,1.5,1.0,64,1.0,57,0.890625,0.8821217219671247,31.383906249999995,18.25964305315717,-0.6730837043650908,0.3123750239867068,2.59375,1.19528696868158,-0.5780456869891225,0.37365485375778973,3.275652343750002,1.2587613744219743,0.4576714944876347,0.6016074100013242,276.30334375000007,58.14624455097543,-0.45302240489590817,0.3860532638342907,1.0,0.998481810092926,0.0,1.0230478048324585,0.08371070772409439
232,2.006916591856369,0.953125,0.8705601689756893,0.6937560863454982,0.0,0.046875,0.0,61,0.035924480117058386,0.3566371202468872,1.5,1.0,64,1.0,47,0.734375,0.8830085764189918,24.62765625,15.081884595246574,-0.7886655779902313,0.2580118378267151,2.15625,1.018865024181319,-0.7148111690886617,0.3185041513748953,2.8971262500000017,1.2989184503011788,0.2767602371943869,0.6207999232956002,245.59775000000002,71.85882501713866,-0.6568875861590799,0.4770958837907991,1.0,0.9982035756111145,0.004195070825517178,1.0648607015609741,0.0648016557097435
233,2.1088499988722322,0.984375,0.8826349481703744,0.7138172786437681,0.0,0.015625,0.0,63,0.04638514330586261,0.4155784845352173,1.5,1.0,64,1.0,54,0.84375,0.8737487411827564,28.753437499999997,21.32011910868684,-0.7180841863835746,0.36473181313497677,2.390625,1.1540308095432288,-0.6415439465353372,0.36075789719977397,3.3979498437500024,1.4223572081973355,0.5161218757272268,0.6797957527996541,281.42106250000006,72.53222510242327,-0.4190440793465877,0.4815668225899937,1.0,0.99773770570755,0.008442776277661324,1.0230478048324585,0.07186250388622284
234,2.00421553749388,0.96875,0.8596328045091322,0.6767349596448465,0.0,0.03125,0.0,62,0.04914865333373312,0.3771625757217407,1.5,1.0,64,1.0,58,0.90625,0.8911713055874599,32.88859375,24.98063524182204,-0.647342412898622,0.427353728117818,2.671875,1.4475700274511765,-0.5536232794713477,0.4525202575478931,2.9826795312500014,1.5416251788427602,0.317649232516127,0.7367982128163962,272.84039062500005,78.4789571705804,-0.4760141624330505,0.5210492576429999,1.0,0.9977809190750122,0.0,1.0446385145187378,0.07452237606048584
235,1.974765450300027,0.953125,0.8485786284579605,0.7114249895855264,0.0,0.046875,0.0,61,0.04324998257913691,0.38238292932510376,1.5,1.0,64,1.0,51,0.796875,0.8900109372493203,35.787968750000005,22.886446738441585,-0.5977416440043549,0.39152760697888117,2.78125,1.3971930566317599,-0.519431908946463,0.43677207308884874,2.742490468750001,1.4360179842987593,0.20285422630009511,0.6863247298527985,263.56035937499996,62.8185955090547,-0.5376275371266815,0.4170746367720468,1.0,0.9987930059432983,0.0,1.0648607015609741,0.08369053900241852
236,2.018403924864686,0.953125,0.870607638945345,0.7321414742406145,0.0,0.046875,0.0,61,0.041380973380848035,0.47090625762939453,1.5,1.0,64,1.0,49,0.765625,0.8932791885469518,31.14875,21.683085033327245,-0.6771066164790093,0.3709412165217697,2.5,1.2119199643540823,-0.6073525760104523,0.3788544415792968,2.7480812500000016,1.4912455916568341,0.20552626207752053,0.712719993084099,257.38045312500003,73.72294742796547,-0.5786580971641548,0.48947244476122315,1.0,0.9998075366020203,0.009457441978156567,1.0648607015609741,0.07819118350744247
237,2.041655242709142,0.984375,0.8660738212721688,0.7065316634697087,0.0,0.015625,0.0,63,0.04864416618102629,0.5070902109146118,1.5,1.0,64,1.0,55,0.859375,0.8882047563101988,30.021718749999998,19.435307075227765,-0.6963871912814639,0.3324875790911787,2.75,1.2624381172952597,-0.5292008719535729,0.3946467605319331,3.1291339062500017,1.2278265161615594,0.3876450546135219,0.5868225267542097,277.59284375,62.47334291525339,-0.4444609631801347,0.4147823839926364,1.0,0.9990737438201904,0.005870841443538666,1.0230478048324585,0.08590171486139297
238,2.0423356966097366,0.953125,0.8902688114369501,0.7428326324093472,0.0,0.046875,0.0,61,0.03056916727486215,0.4464329779148102,1.5,1.0,64,1.0,53,0.828125,0.8804286636121708,31.682187500000005,20.67281332668207,-0.6679808876039807,0.35365809397234993,2.453125,1.1716666481448552,-0.6220060205211173,0.36627098055653073,2.9641853125000015,1.1261166915124872,0.30881017908767666,0.5382117372732285,266.80048437500005,60.758514476623034,-0.516115213482383,0.40339703794386905,1.0,1.0003584623336792,0.0019512195140123367,1.0648608207702637,0.07837382704019547
239,2.0396105723677955,0.984375,0.8607009393828255,0.6991800253833849,0.0,0.015625,0.0,63,0.018404025006948814,0.3030935823917389,1.5,1.0,64,1.0,57,0.890625,0.8804546210440698,27.788593750000004,17.487396342365006,-0.7345901546915126,0.29916389033501983,2.421875,0.981145496027475,-0.6317749835282273,0.3067127697691179,3.479978593750002,1.446540957093711,0.5553263705869512,0.691354037660716,276.667375,56.2899511454143,-0.45060547404705614,0.37372868236931417,1.0,0.999351978302002,0.0014563106233254075,1.0230478048324585,0.0681835487484932
240,2.0750673185181134,0.96875,0.8876431622812825,0.7403168698002884,0.0,0.03125,0.0,62,0.020994065729995227,0.32975876331329346,1.5,1.0,64,1.0,54,0.84375,0.867859300666086,22.62171875,13.531731406527342,-0.822981953882913,0.23149274662106775,2.15625,0.9051717723725149,-0.7148111690886617,0.28296286590039155,3.4751554687500024,1.2386693491088165,0.553021225387612,0.5920047072524569,263.3074375,56.79928076840936,-0.539306773956039,0.37711029995860407,1.0,0.9990131258964539,0.006292606238275766,1.0446385145187378,0.06875458359718323
241,1.9886600786768671,0.953125,0.8550376252072757,0.7010180083826231,0.0,0.046875,0.0,61,0.04107334996574852,0.38250732421875,1.5,1.0,64,1.0,55,0.859375,0.8836529270608393,33.457812499999996,28.048664822765517,-0.6376045598547649,0.4798397384494076,2.484375,1.3692172433091105,-0.6122370575140074,0.4280266431546799,2.615743281250001,1.408538443554896,0.14227717909617826,0.6731912673309342,256.68742187500004,65.69138536197231,-0.5832593741351397,0.43614809383867814,1.0,0.9991496205329895,0.0031023784540593624,1.0648608207702637,0.08037330210208893
242,2.128056311931916,0.984375,0.8981972535451254,0.7313100922205783,0.0,0.0,0.0,63,0.033902786551007466,0.37612229585647583,1.5,1.0,63,0.984375,50,0.7936507936507936,0.8737510433706231,25.98555555555555,14.430945010556558,-0.7654354509330046,0.24687595374675314,2.4444444444444446,0.9722789099119717,-0.6247196213564256,0.3039410145127433,3.2816073015873037,1.0194159581094837,0.4605175833762546,0.48721561269218966,270.30487301587306,56.3249267366469,-0.492848351056439,0.37396089755800177,0.984375,0.9993655681610107,0.005442850291728973,1.0230478048324585,0.07611415535211563
243,2.0576510824963776,0.96875,0.8753737581353034,0.7330076672250847,0.0,0.03125,0.0,62,0.04285189270892475,0.47318530082702637,1.5,1.0,64,1.0,54,0.84375,0.8847663762335287,27.64265625,19.617986504910128,-0.7370867659303165,0.3356127492307472,2.40625,1.1280341029862528,-0.6366594650317822,0.35263114953059665,3.0907746875000015,1.0453562573068236,0.3693118020123616,0.49961341622499766,266.41126562500006,61.18918762464349,-0.518699372957227,0.4062564276726988,1.0,0.9975366592407227,0.000998502247966826,1.0446386337280273,0.0878036692738533
244,1.9788006969463356,0.96875,0.8396256710252454,0.6918794217098739,0.0,0.03125,0.0,62,0.040140977524081356,0.3828534185886383,1.5,1.0,64,1.0,55,0.859375,0.8842698120213655,28.877187500000005,22.488328880551435,-0.7159671455900705,0.384716845396854,2.390625,1.0985386244347533,-0.6415439465353372,0.34341066188750535,2.590416093750001,1.3264983547313796,0.13017240373199143,0.6339813532389493,245.833765625,58.18485660637523,-0.6553205958392276,0.38630962278103875,1.0,0.9981890916824341,0.0,1.0446386337280273,0.09139791131019592
245,1.973566640588871,0.953125,0.8595472930884752,0.6857724322697669,0.0,0.03125,0.0,61,0.02922630840331407,0.39374497532844543,1.5,1.0,63,0.984375,52,0.8253968253968254,0.8853035786356681,27.18507936507936,18.753045794776984,-0.7449147168922677,0.320815862222148,2.3333333333333335,1.0540925533894596,-0.659453712048372,0.32951651712421404,2.9280844444444454,1.281992635732481,0.2915562736445772,0.6127104667300038,251.53753968253966,59.507079080766665,-0.6174512440334351,0.3950883204543918,0.984375,0.9981172680854797,0.01628825254738331,1.0648607015609741,0.0741388350725174
246,2.09215762760952,0.984375,0.8830433908909087,0.7204802751119541,0.0,0.0,0.0,63,0.02937794686297502,0.39253175258636475,1.5,1.0,63,0.984375,52,0.8253968253968254,0.8794507142542913,26.473015873015864,17.6515313994503,-0.7570962721267187,0.30197181446830196,2.4761904761904763,0.9404008408634046,-0.6147955954444408,0.29397571283998974,3.1016573015873035,1.1995060229550416,0.374512995350624,0.5732871427536027,266.7327619047619,61.22200069373195,-0.5165648466594223,0.4064742851201719,0.984375,0.9992291331291199,0.007976071909070015,1.0230478048324585,0.07663623988628387
247,1.9828369215682475,0.9375,0.888089985648791,0.7241050705209112,0.0,0.0625,0.0,60,0.014912742461838307,0.2917422950267792,1.5,1.0,64,1.0,56,0.875,0.8874883599682704,29.04125,18.12842041002194,-0.7131604627198947,0.3101301456954042,2.65625,1.2401959270615268,-0.5585077609749026,0.38769370025703903,3.0852357812500015,1.63910217333092,0.36666455916632745,0.7833859802680818,269.929578125,73.40153774887929,-0.49534006515836815,0.48733849343560715,1.0,0.99713534116745,0.0182355847209692,1.0837910175323486,0.08020536601543427
248,1.9967797734799044,0.953125,0.8658983003897746,0.6827655601500715,0.0,0.03125,0.0,61,0.041707213789276776,0.3761621117591858,1.5,1.0,63,0.984375,50,0.7936507936507936,0.8777657079682413,35.34825396825398,25.36557450497122,-0.6052640208161774,0.43393903820354063,2.6984126984126986,1.2036310228653255,-0.545327414060548,0.37626326197060034,2.86250634920635,1.4344734769868488,0.2602141393602873,0.685586554164755,265.70482539682536,70.54718767313526,-0.5233896768263202,0.46838746450199126,0.984375,0.9994338750839233,0.000496771011967212,1.0648608207702637,0.07352596521377563
249,2.071834542404688,0.96875,0.8871501424620228,0.7316196677001832,0.0,0.03125,0.0,62,0.051324682117689695,0.3959656357765198,1.5,1.0,64,1.0,59,0.921875,0.8742651483879704,28.32421875,19.98815225676572,-0.7254270033782152,0.34194532294417224,2.5625,1.197327753791751,-0.5878146499962325,0.37429281709368484,3.0191228125000014,1.4023415728417306,0.33506678956090846,0.6702295595635883,262.50628125000003,63.994168904154094,-0.544625930636615,0.424879679893224,1.0,0.9964637756347656,0.0035105315037071705,1.0446386337280273,0.08189066499471664
