step,reward_mean,valid_frac,c_mean,qed_mean,tox_mean,undersized_frac,alerts_mean,n_rankable,d_var,d_loss,w_C,unique,n_valid,unique_smiles_frac,n_scaffolds,scaffold_frac,tanimoto_dist,tpsa_mean,tpsa_sd,tpsa_drift_sd,tpsa_spread_ratio,hba_mean,hba_sd,hba_drift_sd,hba_spread_ratio,logp_mean,logp_sd,logp_drift_sd,logp_spread_ratio,mw_mean,mw_sd,mw_drift_sd,mw_spread_ratio,rdkit_valid_frac,ratio_mean,clip_frac,adv_std,kl
0,1.4916053170484824,0.9375,0.8457940623164177,0.598763785758006,0.36503831769029305,0.046875,0.0,60,0.0036817102108793742,0.7548405528068542,0.2,1.0,63,0.984375,53,0.8412698412698413,0.9142338835373118,56.14952380952381,38.949135753745786,-0.24940836982101033,0.6663184586860892,3.634920634920635,2.0416425639128293,-0.2525686496569994,0.6382313817793765,2.262351904761906,1.7792576882151065,-0.026621291293758384,0.8503713501882518,284.42446031746033,104.88014413239794,-0.3991034703016331,0.6963359760616532,0.984375,0.9935668110847473,0.04098031297326088,1.0837910175323486,0.0037149388808757067
1,1.5128703996802357,0.953125,0.8224983063877606,0.5772495438590654,0.380977736633332,0.03125,0.0,61,0.0037354571932577407,0.7138934135437012,0.21300000000000002,1.0,63,0.984375,55,0.873015873015873,0.9082547822317205,55.01777777777778,39.79185999731422,-0.2687696022823644,0.6807352797067691,3.6984126984126986,2.3680071363773356,-0.23272059783302992,0.740255171706961,2.479461746031747,1.8607725168468365,0.07714332362551203,0.8893302235111293,285.38000000000005,108.56092615567444,-0.3927593079913012,0.7207739758761165,0.984375,0.9975642561912537,0.007723761722445488,1.0648609399795532,0.00810468290001154
2,1.5117975419459597,0.9375,0.8963495194911957,0.5972381380350775,0.39771218250195184,0.0625,0.0,60,8.849542437094817e-07,0.6742929220199585,0.226,1.0,64,1.0,52,0.8125,0.9170105649220442,40.934375,30.743355576601832,-0.5097000119139004,0.5259388919988979,2.90625,1.7916363854030204,-0.4803560569180232,0.5600777462782166,3.0852457812500016,1.8786152942267134,0.36666933852659567,0.8978579296394391,283.49856250000005,93.59231879371087,-0.40525082989756067,0.6213921538553668,1.0,0.9992731809616089,0.020137298852205276,1.0837911367416382,0.013438748195767403
3,1.4579958440658434,0.90625,0.8224570782020174,0.6050547218332152,0.38048545900603825,0.09375,0.0,58,1.1069185470982592e-06,0.682305097579956,0.23900000000000002,1.0,64,1.0,52,0.8125,0.9091046744546343,45.408125,29.52308063590883,-0.4331657795911663,0.5050631600495021,3.359375,1.9069542756382494,-0.33870609331492907,0.596126904798726,2.709989843750002,1.8147033541889617,0.1873210067185423,0.8673121109516613,280.06548437500004,107.58647254984486,-0.42804423685598353,0.7143042374107921,1.0,0.996343731880188,0.005494505632668734,1.1180340051651,0.022192616015672684
4,1.569952994662064,0.953125,0.8744454867527133,0.6194862562322372,0.3917451300581948,0.046875,0.0,61,4.051597115006236e-06,0.6526762247085571,0.252,1.0,64,1.0,58,0.90625,0.9018034915648455,38.780781250000004,24.465528383363164,-0.5465424023897402,0.4185415888663343,2.984375,1.6152804274722703,-0.45593364940024833,0.5049476717467307,3.1421123437500023,1.6478794763979479,0.39384791746655856,0.7875809696221016,282.28376562500006,88.9731692727052,-0.4133162914266935,0.590724003874339,1.0,0.997265636920929,0.0033317466732114553,1.0648608207702637,0.02965926192700863
5,1.4984755255935922,0.875,0.8957373063479152,0.6277762046586862,0.33458657868738684,0.09375,0.0,56,0.007421500778695271,0.6320885419845581,0.265,1.0,62,0.96875,49,0.7903225806451613,0.9033973709617023,37.099838709677414,23.85290071573331,-0.5752989593949854,0.40806112208975576,2.5806451612903225,1.385971036060699,-0.58214234889533,0.43326399296648965,3.015321451612905,1.8244259984911635,0.33324998224203395,0.8719589129396057,262.81859677419357,98.07869830880875,-0.542552358587515,0.6511787973089169,0.96875,0.9974763989448547,0.011270491406321526,1.1478066444396973,0.03091866336762905
6,1.5400873780779836,0.921875,0.8657603859901428,0.641739445853277,0.4096084692973202,0.078125,0.0,59,6.122313340759487e-06,0.6524680256843567,0.278,1.0,64,1.0,52,0.8125,0.9065384349320763,46.044375,29.722902463578063,-0.4222811961174944,0.5084815920544176,3.015625,1.700112013772916,-0.4461646863931384,0.5314666038557055,2.725840625000002,1.5540709816839493,0.19489666613110476,0.7427465103768558,269.719421875,94.880082560963,-0.49673536603900426,0.6299420681143933,1.0,0.9975972771644592,0.010633155703544617,1.1014958620071411,0.03742913156747818
7,1.586342613653478,0.9375,0.8658777058124543,0.5840347577651367,0.35221351056049266,0.0625,0.0,60,1.9082210956953205e-05,0.6308489441871643,0.29100000000000004,1.0,64,1.0,50,0.78125,0.9097610925436608,36.42703125,23.211135169871024,-0.5868089459671944,0.39708218196486045,2.71875,1.340111352649473,-0.5389698349606828,0.41892794334210437,2.5320025000000013,1.594920431786882,0.10225444282304302,0.7622699342566905,245.08650000000003,82.70945322615039,-0.6602819538032748,0.5491370012712079,1.0,0.9981215000152588,0.020270269364118576,1.083790898323059,0.03762229532003403
8,1.543501506193897,0.90625,0.8735799984685306,0.6175895106104788,0.36254078740703644,0.09375,0.0,58,2.2132827768713828e-05,0.6213653683662415,0.30400000000000005,1.0,64,1.0,51,0.796875,0.9145678833730982,41.65984374999999,25.239832822605738,-0.49728912756511406,0.4317879249024372,3.0,1.541103500742244,-0.45104916789669336,0.48175945884411536,2.822672187500002,1.9681840649889613,0.24117595838278919,0.9406660720643865,273.39084375000004,98.15117236997528,-0.4723595115242075,0.6516599779607841,1.0,0.9967001676559448,0.011406844481825829,1.1180338859558105,0.03921886160969734
9,1.6073694796244349,0.90625,0.8885414307487423,0.6637718790201014,0.29675218154644145,0.046875,0.0,58,0.01065381209559161,0.6314149498939514,0.317,1.0,61,0.953125,53,0.8688524590163934,0.8943750332216583,30.413442622950818,24.207827001784928,-0.6896858141596356,0.41413298816052857,2.3114754098360657,1.3494502050660115,-0.6662866479221975,0.42184733226325716,3.0657462295081985,1.5918329302320127,0.35734980024241536,0.7607943060307665,260.29834426229513,87.3855914847739,-0.5592851968889121,0.5801835194225117,0.953125,0.9983365535736084,0.006516290828585625,1.1180340051651,0.0465581938624382
10,1.5671295192744348,0.890625,0.9028958291338202,0.6422321717189245,0.33640017661086297,0.09375,0.0,57,0.0036106905130481154,0.6064015626907349,0.33,1.0,63,0.984375,48,0.7619047619047619,0.9060320607689489,37.043333333333344,25.90199998406693,-0.5762656194901182,0.4431158836332014,2.6031746031746033,1.3863241625967015,-0.5750994917965021,0.4333743827286349,2.433789523809526,1.720676047390925,0.05531492320074303,0.8223730735283509,239.12126984126985,82.08633650125358,-0.6998872041523603,0.5449999112965449,0.984375,0.9967209696769714,0.009154550731182098,1.1334558725357056,0.049106091260910034
11,1.655900419692769,0.9375,0.8904636037846406,0.6550535031233051,0.34012958457072573,0.046875,0.0,60,0.0035732467733679725,0.5893274545669556,0.343,1.0,63,0.984375,50,0.7936507936507936,0.9036747523605274,34.991904761904756,25.568342458094968,-0.6113602293541496,0.43740787075609233,2.492063492063492,1.2582807100067563,-0.6098335824884485,0.393347126675713,2.396770793650795,1.4326808690595456,0.03762233839088671,0.6847298022543399,236.63409523809523,57.95462124847702,-0.7164004266432737,0.3847810096770792,0.984375,0.9979942440986633,0.015783540904521942,1.0837910175323486,0.044822853058576584
12,1.6245480648404056,0.921875,0.8823065656726643,0.6511910208411243,0.314469701784142,0.078125,0.0,59,0.0001263200632178607,0.5940911173820496,0.356,1.0,64,1.0,45,0.703125,0.90644156076325,35.3625,31.164111270016992,-0.6050203082476774,0.5331369280963438,2.5625,1.4456291882775472,-0.5878146499962325,0.4519135379930152,2.556519375000001,1.526247232987742,0.11397194065049987,0.7294485384738494,249.533546875,70.72362580671192,-0.630756453510427,0.46955889900920844,1.0,0.9993271231651306,0.010593220591545105,1.1014962196350098,0.042809005826711655
13,1.6648540915506214,0.921875,0.915382687318123,0.6728915907905626,0.312403665129411,0.046875,0.0,59,0.006620278888363606,0.6027637124061584,0.369,1.0,62,0.96875,54,0.8709677419354839,0.8870767675876423,30.759032258064515,22.403997966209673,-0.6837736739144005,0.3832741626831975,2.435483870967742,1.186224258593348,-0.6275207577025502,0.37082178881071454,3.0495967741935504,1.4583893599566475,0.3496313937340817,0.6970168162491491,264.2985483870968,69.99230925785822,-0.5327264419717441,0.46470343254252217,0.96875,0.9975197911262512,0.008638211525976658,1.1014959812164307,0.040172167122364044
14,1.582180141877601,0.921875,0.8780655759876057,0.6301034777111464,0.3634132617863558,0.046875,0.0,59,0.006467479805769395,0.5704907178878784,0.382,1.0,62,0.96875,49,0.7903225806451613,0.8975476284722406,40.49887096774193,23.426500509991694,-0.5171503537484523,0.40076652306015187,3.161290322580645,1.3818354832647675,-0.40062871366644853,0.4319711909736127,2.7960346774193567,1.4990476287239725,0.2284449326505609,0.7164488676810421,281.07017741935493,81.19211117139724,-0.42137372817704755,0.5390628364285078,0.96875,1.0006741285324097,0.013401108793914318,1.1014959812164307,0.03565582260489464
15,1.4932338929102738,0.859375,0.8966285217892039,0.6431847956215301,0.3519421271302483,0.125,0.0,55,0.0033723044640349147,0.5219030976295471,0.395,1.0,63,0.984375,46,0.7301587301587301,0.9025206564952862,36.810952380952386,21.374266140881293,-0.5802410534765732,0.3656581280925754,2.7777777777777777,1.2528626832172136,-0.5205173492805862,0.3916534145707986,2.8020547619047638,2.0372963212184776,0.23132214791061603,0.9736973092110459,263.16293650793654,100.74432114175686,-0.5402661666054557,0.6688768000390617,0.984375,0.9958841800689697,0.01434034388512373,1.1611261367797852,0.039039984345436096
16,1.7038044752044843,0.96875,0.9037338543322778,0.6378058682242344,0.32044485259440636,0.015625,0.0,62,0.0035700512139234795,0.5453432202339172,0.40800000000000003,1.0,63,0.984375,53,0.8412698412698413,0.9002894933466793,37.33698412698412,25.922766523614783,-0.5712420177995848,0.44347114513916275,2.7777777777777777,1.4303340096595314,-0.5205173492805862,0.4471321609016061,2.6632020634920646,1.5132249390057906,0.16495944091849984,0.7232247150280791,267.2533174603175,77.57097956839795,-0.5131086961757375,0.5150208766268592,0.984375,0.999508261680603,0.0014612762024626136,1.0446385145187378,0.045399729162454605
17,1.6015716112923946,0.921875,0.9049456564046569,0.6110808836765463,0.31339208049289247,0.078125,0.0,59,0.0011282189539895682,0.5220797061920166,0.42100000000000004,0.984375,64,0.984375,50,0.78125,0.9136591083798433,34.008750000000006,22.237409113080147,-0.6281794514735842,0.38042426047860556,2.65625,1.325456878778031,-0.5585077609749026,0.41434685492166357,2.6975851562500015,1.5763165425773804,0.18139235966089165,0.7533784653645669,260.980578125,104.30586852060463,-0.5547556075503505,0.6925231593271368,1.0,0.9956315755844116,0.00048638132284395397,1.1014958620071411,0.05390440672636032
18,1.6470773365122902,0.921875,0.8829759581614349,0.6713655369044892,0.3133945907071486,0.078125,0.0,59,0.0019696476735735625,0.5260567665100098,0.434,1.0,64,1.0,50,0.78125,0.8908450317909347,33.65328125,26.47608343242819,-0.6342605976922984,0.45293695901951425,2.671875,1.4901204596860618,-0.5536232794713477,0.46582181269794537,2.8748429687500012,1.4340156022367323,0.26611025428932694,0.6853677193259047,264.67028125,77.34286046043394,-0.5302583774199149,0.5135063140467211,1.0,0.9980157613754272,0.0,1.1014959812164307,0.045622702687978745
19,1.600422716722608,0.890625,0.884605558294999,0.667351396091041,0.25919670278304496,0.109375,0.0,57,0.0021330164458645256,0.5110265612602234,0.44700000000000006,1.0,64,1.0,56,0.875,0.9041643417349802,38.37609375,31.59377156859736,-0.5534655534695069,0.5404872988393236,2.671875,1.649381394455206,-0.5536232794713477,0.515607866465546,2.3752059375000014,1.4673656891174487,0.027315716723306946,0.7013069273436596,250.793734375,85.4236202486325,-0.622389627739045,0.5671573058620234,1.0,0.9989107251167297,0.010335917584598064,1.1334556341171265,0.0498296283185482
20,1.7004019784618039,0.921875,0.8851391322026818,0.7117917966597598,0.2615453810509989,0.0625,0.0,59,0.004856573959205893,0.5756790041923523,0.46,1.0,63,0.984375,53,0.8412698412698413,0.8840132482373332,30.787936507936507,22.954355893210316,-0.6832791973399792,0.392689356077045,2.5396825396825395,1.4565167932640588,-0.5949475436204715,0.4553170775241915,2.764370793650795,1.3205958106137112,0.21331162184863475,0.6311603147552418,259.8723968253969,86.70047922800859,-0.5621132109680029,0.5756348194185887,0.984375,0.9962908029556274,0.008717948570847511,1.1014959812164307,0.04666904732584953
21,1.6997902061509542,0.9375,0.8910842756430308,0.6619125968552946,0.2845828548073769,0.046875,0.0,60,0.005766149449691612,0.5026925802230835,0.47300000000000003,1.0,63,0.984375,45,0.7142857142857143,0.8938478755778743,28.392857142857142,22.2628044432413,-0.7242527789121214,0.38085870855873216,2.1587301587301586,1.1575336287939386,-0.7140358545642879,0.3618529023735588,2.870939365079366,1.6304003579604915,0.2642445814607173,0.7792270692038485,246.79199999999997,70.31954346827989,-0.6489585425227381,0.46687605496976714,0.984375,0.9971967935562134,0.006878307089209557,1.0837911367416382,0.05385323986411095
22,1.6969908719692826,0.9375,0.8943732023239136,0.6717224009641642,0.2788869116455317,0.046875,0.0,60,0.0064872601309635255,0.45567086338996887,0.48600000000000004,1.0,63,0.984375,51,0.8095238095238095,0.8864929035921413,28.236825396825402,28.36774531133694,-0.7269220764590372,0.4852983761117662,2.3968253968253967,1.8732848878643718,-0.6396056602244027,0.5856016246824044,3.2577215873015897,1.509929842738111,0.4491017399928661,0.7216498698099264,274.0407777777778,89.96314531005245,-0.46804437209193334,0.5972968011940453,0.984375,0.9977679252624512,0.004362578969448805,1.0837911367416382,0.04822572320699692
23,1.7492235770664395,0.953125,0.9138483434426979,0.6691865426550369,0.32988545225291954,0.015625,0.0,61,0.011767779531190724,0.5491703748703003,0.49900000000000005,1.0,62,0.96875,53,0.8548387096774194,0.876235016529988,28.455000000000005,25.298927093787476,-0.7231896761759893,0.4327988742580261,2.3225806451612905,1.423015806458889,-0.6628150756637217,0.4448444406985472,3.607892741935486,1.7849165543639538,0.6164611503443393,0.8530759261917183,281.86285483870967,91.98394141683488,-0.41611086541999776,0.6107135736544415,0.96875,0.9976775050163269,0.009456264786422253,1.0648608207702637,0.05404507741332054
24,1.799206676834326,1.0,0.8958536363206804,0.6649309050702218,0.31424159032758325,0.0,0.0,64,0.007769447255591684,0.47447359561920166,0.512,1.0,64,1.0,55,0.859375,0.89444153939199,30.32078125,17.92545085770923,-0.6912710093638293,0.3066578643048164,2.390625,1.0842218912081605,-0.6415439465353372,0.33893515349476144,3.0958582812500017,1.4119716301467384,0.3717414346111859,0.674832110889959,264.47375,71.15428607522534,-0.5315632171579555,0.4724182032264843,1.0,0.999059796333313,0.006972111761569977,1.0,0.07110666483640671
25,1.807673360006639,0.984375,0.9042316675186157,0.6928420071478958,0.3143009751562088,0.015625,0.0,63,0.005768238808415578,0.5019167065620422,0.525,1.0,64,1.0,48,0.75,0.8800732190957292,25.1190625,19.231227918312804,-0.7802588945362289,0.3289963152504282,1.96875,1.045358042729858,-0.7734249471313213,0.3267860495556107,2.9360589062500013,1.3370629136388816,0.2953675562359246,0.6390305365482698,237.358296875,60.22759866712888,-0.7115921985666329,0.3998721021090748,1.0,0.9993453025817871,0.002718868898227811,1.0230478048324585,0.05775834619998932
26,1.8295502603987472,0.96875,0.9160721273191513,0.6901503625705762,0.2869448595710339,0.03125,0.0,62,0.011853193617600257,0.5125349164009094,0.538,1.0,64,1.0,51,0.796875,0.8895316136281817,33.02578125,26.689767046841165,-0.6449954914128941,0.45659253015984264,2.34375,1.5126420387851185,-0.656197391046002,0.4728622118365177,2.541826562500001,1.5719397701985716,0.10694971622149002,0.7512866481635587,235.903359375,57.3504806377983,-0.7212520377340186,0.3807699087647426,1.0,0.9976584315299988,0.0005476451478898525,1.0446386337280273,0.05291195586323738
27,1.6894000124645578,0.921875,0.9001629569772946,0.6598317662415338,0.2812460691241895,0.078125,0.0,59,0.010454432888292859,0.4756021797657013,0.551,1.0,64,1.0,56,0.875,0.8939779051171358,40.59859375,31.92564632603326,-0.5154443561881934,0.546164813181352,2.78125,1.5659337270459437,-0.519431908946463,0.48952155683512366,2.1781039062500014,1.6532720408023625,-0.06688644496978112,0.7901582704278995,254.866390625,92.34576006452217,-0.5953498378105785,0.6131158142623164,1.0,0.9993751049041748,0.004603580571711063,1.1014959812164307,0.05940118432044983
28,1.7745671937657206,0.96875,0.9089444683444116,0.6482922650687989,0.2959107129323867,0.03125,0.0,62,0.01452274926321043,0.4956679046154022,0.5640000000000001,1.0,64,1.0,54,0.84375,0.8908004005167877,39.2675,28.7144131382656,-0.5382159098748857,0.4912289614160356,2.6875,1.4128318194321643,-0.5487387979677927,0.44166085693762047,2.536089531250002,1.547740037709651,0.10420778230014319,0.7397207241677818,260.39121875,85.62657628338678,-0.5586685706668356,0.568504801994178,1.0,0.9996061325073242,0.0034584980458021164,1.0446385145187378,0.05342106521129608
29,1.6142760108650016,0.875,0.9243022980434554,0.6509781273788209,0.30733923920031103,0.09375,0.0,56,0.019745301007947778,0.47051572799682617,0.577,1.0,62,0.96875,44,0.7096774193548387,0.9011955359643913,35.98741935483871,29.62871884569167,-0.594329562657021,0.5068703551966779,2.596774193548387,1.539372279056491,-0.5771003034723055,0.481218267144748,2.5315509677419366,1.6946874456425356,0.10203863928964409,0.8099521844662091,245.4532419354839,86.83487028888013,-0.6578470257649845,0.5765270886972027,0.96875,0.9996944069862366,0.011176157742738724,1.1478067636489868,0.0579935647547245
30,1.7490522459148332,0.953125,0.8907229890588855,0.6269441153339534,0.32955221514232824,0.046875,0.0,61,0.018220301795315093,0.503917932510376,0.5900000000000001,1.0,64,1.0,48,0.75,0.8866004131451556,36.2675,31.246348436657364,-0.5895381109295271,0.5345437922298376,2.59375,1.4760457098274429,-0.5780456869891225,0.46142194995544383,2.5596160937500017,1.5624547167754361,0.11545197410604335,0.7467533994163631,258.30403125,87.15616516883088,-0.5725261388181674,0.5786602778311887,1.0,0.9984711408615112,0.0,1.0648607015609741,0.05927157774567604
31,1.827466725245939,0.96875,0.8939406501670037,0.6807443593602917,0.27162135764956474,0.015625,0.0,62,0.026700632016613653,0.5208294987678528,0.603,1.0,63,0.984375,50,0.7936507936507936,0.8995956528369828,39.89285714285715,28.722277589564044,-0.5275176748693287,0.49136350173294335,2.7777777777777777,1.4740554623801776,-0.5205173492805862,0.4607997850374493,2.409024761904763,1.5133261122597363,0.04347895129092377,0.72327306937109,262.3393650793651,72.69776907720917,-0.5457341454999814,0.48266592696496624,0.984375,0.9997461438179016,0.004672897048294544,1.0446385145187378,0.05934624746441841
32,1.7843148730989262,0.953125,0.9029317234383255,0.6674426686577818,0.31056706069922835,0.046875,0.0,61,0.02927194343492638,0.5056045651435852,0.6160000000000001,1.0,64,1.0,42,0.65625,0.894203322102961,38.218593750000004,24.228496578615044,-0.5561599690248756,0.41448659088645845,2.65625,1.2896068926227093,-0.5585077609749026,0.40313990488784784,2.4904775000000017,1.546333294961424,0.08240814930948775,0.7390483911279411,262.263515625,72.28618296547765,-0.5462377365683956,0.4799332627489046,1.0,1.0001035928726196,0.004383828490972519,1.0648607015609741,0.053638383746147156
33,1.8751177701863093,1.0,0.8914953251369298,0.6750123463532638,0.2799871077295393,0.0,0.0,64,0.023571888665130873,0.5039525032043457,0.629,1.0,64,1.0,53,0.828125,0.8860457827547656,36.34078125,28.39477974165583,-0.5882844592475154,0.4857608649345075,2.578125,1.3897469137850245,-0.5829301684926775,0.4344443580803555,2.8835201562500017,1.5107053359373785,0.270257394807019,0.7220205059484075,279.452890625,83.8828460697041,-0.432111461118157,0.556927566947665,1.0,0.9989440441131592,0.0018214936135336757,0.9999999403953552,0.05187217891216278
34,1.7171966420799771,0.90625,0.8733009400552717,0.6436792446750847,0.2778153222953451,0.09375,0.0,58,0.02640645382916388,0.525205135345459,0.6420000000000001,1.0,64,1.0,41,0.640625,0.9089720396920404,39.91734375,36.152368622357734,-0.5270987726776849,0.6184730436793856,2.703125,1.8681515555155048,-0.5438543164642378,0.5839969100001873,2.668876875000002,1.7531542841020125,0.16767163778353597,0.837895592940054,266.728625,105.06152514546245,-0.5165923130177026,0.6975402280753793,1.0,0.9970592856407166,0.0008865247946232557,1.1180338859558105,0.05153468996286392
35,1.6678720684996375,0.921875,0.9073141298051608,0.5823764978689252,0.3148654424032923,0.078125,0.0,59,0.025578387190381503,0.42494872212409973,0.655,1.0,64,1.0,48,0.75,0.8980134008287258,37.368125,26.502824842068723,-0.5707092784176055,0.45339443502019955,2.71875,1.4944559001522928,-0.5389698349606828,0.4671771009390378,2.5172204687500015,1.7159663487261991,0.09518957753914069,0.8201221388610287,259.6028125,93.21119833338751,-0.5639030756359917,0.6188617617594014,1.0,0.9985606074333191,0.0028943559154868126,1.1014961004257202,0.05118909478187561
36,1.845153829619342,0.96875,0.8969901655950854,0.6412084218918059,0.2844887395659762,0.03125,0.0,62,0.030397053372354835,0.41231465339660645,0.6679999999999999,1.0,64,1.0,53,0.828125,0.892872301545044,38.61828125,30.96090269167549,-0.5493223549468665,0.529660557591787,2.875,1.7633419974582356,-0.4901250199251331,0.5512327277456912,2.865333906250002,1.7571762346994564,0.26156553073932737,0.8398178280286486,283.19575,74.45929188741327,-0.4072613080437867,0.49436129328568656,1.0,0.9987434148788452,0.0008884940179996192,1.0446385145187378,0.05016099661588669
37,1.8962134695422703,1.0,0.8882378847338259,0.6719632801236675,0.31111305905506015,0.0,0.0,64,0.03501009285886679,0.4815690815448761,0.681,1.0,64,1.0,56,0.875,0.8779850334343566,31.7096875,19.488576539279205,-0.6675104340943132,0.333398881139219,2.65625,1.2275324588376473,-0.5585077609749026,0.3837350137731737,3.0684162500000016,1.4166050474544563,0.3586258992277864,0.6770465879485925,270.692703125,61.89884080792624,-0.490273411254258,0.41096806347501663,1.0,0.9997719526290894,0.0023562677670270205,0.9999999403953552,0.061327703297138214
38,1.8303094782596767,0.953125,0.9157399066158982,0.6657695324083219,0.33512744179270304,0.03125,0.0,61,0.037854507811950766,0.4215277433395386,0.6940000000000001,1.0,63,0.984375,46,0.7301587301587301,0.8928219997956588,34.492380952380955,25.192103494111997,-0.6199057831488033,0.4309714001713843,2.7777777777777777,1.4632475779671763,-0.5205173492805862,0.4574211667009459,2.844997777777779,1.3376355842323384,0.25184616229648304,0.6393042364563812,274.6174285714286,91.76092239259665,-0.4642157856939526,0.609232872314756,0.984375,0.9985253214836121,0.006877579260617495,1.0648608207702637,0.05721407011151314
39,1.8961943915142725,0.96875,0.8925222980399286,0.6950572032072374,0.28866464824926463,0.015625,0.0,62,0.03844909718675971,0.5580649375915527,0.7070000000000001,1.0,63,0.984375,53,0.8412698412698413,0.8817286578640389,38.23873015873016,27.771554734219638,-0.5558154874190865,0.47509910522320054,2.634920634920635,1.3487394149998733,-0.5651754658845174,0.42162513444367555,2.568217142857144,1.3999208275214523,0.11956272534276467,0.6690725981632798,265.69107936507936,76.8461414591028,-0.5234809415410286,0.5102084227873073,0.984375,0.9984084963798523,0.004933399148285389,1.0446385145187378,0.05648690089583397
40,1.9092965277822942,0.96875,0.8855648954068461,0.7049846731969626,0.29787245597089496,0.015625,0.0,62,0.03503280563135701,0.5110848546028137,0.72,1.0,63,0.984375,54,0.8571428571428571,0.8772598769117528,33.155714285714275,26.308364576917704,-0.6427726749520382,0.4500677254117931,2.380952380952381,1.6274292848223866,-0.644567673180395,0.5087454873637529,2.780246507936509,1.5178843248062648,0.22089919765722296,0.725451603364963,254.80503174603177,71.62966201165379,-0.595757220878459,0.4755743904097442,0.984375,1.0013295412063599,0.006896551698446274,1.0446386337280273,0.06320131570100784
41,1.8800119011887446,0.984375,0.8985371712654356,0.6849346695115409,0.31430183528434663,0.015625,0.0,63,0.018583692567221637,0.41231632232666016,0.7330000000000001,1.0,64,1.0,59,0.921875,0.8825815189025684,33.7190625,21.97357281477215,-0.6331352515129232,0.3759107072961805,2.6875,1.1575161985907585,-0.5487387979677927,0.3618474535732365,2.6152650000000013,1.4749161264257125,0.14204859125585248,0.7049155533514984,251.911578125,64.0541703533045,-0.6149678719321686,0.4252780505095584,1.0,0.999728798866272,0.006872852332890034,1.0230478048324585,0.05954133719205856
42,1.917365338127945,0.984375,0.928926600350274,0.6827762044421662,0.3154361883089656,0.015625,0.0,63,0.019455232636558142,0.4024108350276947,0.746,1.0,64,1.0,55,0.859375,0.8858545996437693,24.06015625,21.337152933043477,-0.7983740276897343,0.36502321758776374,1.921875,1.1082741016440834,-0.7880783916419862,0.3464540384223696,3.1488301562500016,1.4158220493094875,0.3970586020817065,0.6766723649261814,249.1548125,65.8008486492754,-0.633271003551003,0.43687485890596184,1.0,0.9978048205375671,0.008217770606279373,1.0230478048324585,0.050062552094459534
43,1.8846404919146362,0.96875,0.8910155988508656,0.6815881011593373,0.31282514802390526,0.03125,0.0,62,0.027369946154980642,0.49980413913726807,0.7590000000000001,1.0,64,1.0,49,0.765625,0.8974971339816261,41.55437500000001,30.123419972828035,-0.49909342369594106,0.5153334054329614,2.828125,1.3869333020643062,-0.504778464435798,0.4335648038782413,2.6239310937500013,1.2727688805196016,0.14619042967074686,0.6083021018112322,272.1470625,79.09671719757783,-0.48061741046104184,0.5251507826259184,1.0,0.9981189966201782,0.0027573530096560717,1.0446385145187378,0.05238809436559677
44,1.8553905534145376,0.953125,0.8786085931981196,0.6846651197470435,0.31792107432103545,0.046875,0.0,61,0.0192494200773402,0.5292596220970154,0.772,1.0,64,1.0,55,0.859375,0.8878551496007051,32.37671875,27.398335718997576,-0.6560992634535703,0.4687142981109865,2.40625,1.4330774359747627,-0.6366594650317822,0.44798977466756534,2.974550000000002,1.5579135862378182,0.31376383665062163,0.7445830295299588,261.40500000000003,82.47151597635094,-0.5519377222105194,0.5475572526119062,1.0,0.9987971782684326,0.0036883356515318155,1.0648607015609741,0.04897036403417587
45,1.9493841522019237,0.984375,0.9017736609019931,0.700467832959006,0.25572707113765536,0.0,0.0,63,0.01595660656213458,0.3900453746318817,0.7850000000000001,1.0,63,0.984375,56,0.8888888888888888,0.8731721161009471,31.763333333333335,25.37538977728631,-0.6665926933462875,0.43410695199659427,2.5714285714285716,1.2936264483053455,-0.5850235177084867,0.40439644539244596,2.9362922222222236,1.3885274296819607,0.29547906634468135,0.6636272828679335,269.4517936507937,69.7320086260314,-0.49851224346671913,0.4629752055646513,0.984375,0.9975532293319702,0.004281636327505112,1.0230478048324585,0.04466365650296211
46,1.859176288768091,0.96875,0.8994197268639842,0.6466658223920229,0.29734140730673264,0.03125,0.0,62,0.022102897223154873,0.4384039640426636,0.798,1.0,64,1.0,52,0.8125,0.8949886168136507,36.735625,29.55093404165721,-0.5815297091399592,0.5055396594127938,2.90625,1.7385226307126405,-0.4803560569180232,0.5434740245265676,2.960567187500002,1.6266505774351847,0.3070809468006514,0.7774349139981495,289.46375,88.28363887387351,-0.36564586277471206,0.5861459702792619,1.0,0.9994664192199707,0.0,1.0446386337280273,0.04870331659913063
47,1.8884924795159,0.96875,0.8918065995939316,0.6678063214035541,0.3007083019662288,0.015625,0.0,62,0.022352868779396618,0.4716534912586212,0.8109999999999999,1.0,63,0.984375,47,0.746031746031746,0.8957685082291396,34.82841269841269,24.254554879467666,-0.6141571535386089,0.4149323806716253,2.7777777777777777,1.314684396244359,-0.5205173492805862,0.41097930345394584,2.8750955555555566,1.2832474848203332,0.26623097462360035,0.6133102043173063,274.3483968253969,79.45204232494243,-0.46600198159418016,0.527509910480189,0.984375,0.9994033575057983,0.013772749342024326,1.0446385145187378,0.04606661945581436
48,1.7886995826437513,0.921875,0.868883990130182,0.6548070253937919,0.28621911169108694,0.078125,0.0,59,0.03207689503771002,0.4699438810348511,0.8240000000000001,1.0,64,1.0,50,0.78125,0.8928614602976058,40.84375,27.999075626482743,-0.5112503700707594,0.4789913962154867,3.0,1.5,-0.45104916789669336,0.468910224341277,2.6137973437500013,1.5226495337755868,0.14134714545899504,0.7277290684067111,274.09229687500005,94.26322480421518,-0.4677023187781547,0.62584653361938,1.0,0.9988719820976257,0.009341428987681866,1.1014961004257202,0.057002682238817215
49,1.8368047703583557,0.921875,0.885491253965992,0.6815207562007146,0.2892804135710506,0.078125,0.0,59,0.026789565944601544,0.5335343480110168,0.837,0.984375,64,0.984375,50,0.78125,0.897452287760589,35.72828125,23.788630067395612,-0.598762741962838,0.40696161837778927,2.65625,1.2401959270615268,-0.5585077609749026,0.38769370025703903,2.4770157812500013,1.6653766505356662,0.07597430893599132,0.7959434995099992,254.083859375,73.5139801429946,-0.6005453365989823,0.48808503783545226,1.0,0.99846351146698,0.0014292519772425294,1.1014959812164307,0.0588897280395031
50,1.8892086486379696,0.9375,0.8999493425091107,0.6897931764380499,0.27357879007856056,0.0625,0.0,60,0.02088024752768851,0.4586297273635864,0.8500000000000001,1.0,64,1.0,51,0.796875,0.8902917920197819,30.48109375,22.9691570451815,-0.6885284792449718,0.3929425653094802,2.53125,1.117597171390479,-0.5975836130033424,0.34936849357325744,2.6575915625000017,1.6585523775242415,0.16227798036590324,0.7926819335810077,252.44176562500002,74.33099134398417,-0.6114477715989527,0.4935094610835381,1.0,1.000773549079895,0.009885535575449467,1.083790898323059,0.05173251032829285
51,1.9630740546421421,0.984375,0.8701149660443502,0.684471454690662,0.2950291457393813,0.015625,0.0,63,0.02323345545301737,0.4493383467197418,0.863,1.0,64,1.0,48,0.75,0.8845819281725122,38.85546875,22.79510288209451,-0.545264693425984,0.38996495105869755,2.875,1.0532687216470449,-0.4901250199251331,0.32925898170611057,2.5441079687500014,1.4150609151885705,0.10804008246016951,0.6763085915085559,264.64998437500003,66.15895671234081,-0.5303931354752268,0.439252463644142,1.0,0.9982147216796875,0.010047846473753452,1.0230478048324585,0.05440748110413551
52,1.739781800761538,0.875,0.9038560965231487,0.6489190080638954,0.3169426158336657,0.109375,0.0,56,0.029443031733807266,0.4089862108230591,0.8760000000000001,1.0,63,0.984375,47,0.746031746031746,0.9004587068035453,34.19015873015872,26.181568246532148,-0.6250760196994932,0.4478985698247803,2.5396825396825395,1.354889989388781,-0.5949475436204715,0.42354784592136246,2.7787180952380965,1.5574666660845846,0.22016871416480788,0.7443694302876182,257.1934126984127,88.55024801658062,-0.5798999240045742,0.5879160816683114,0.984375,0.996942937374115,0.0014836795162409544,1.1478067636489868,0.05317866802215576
53,1.926963835297661,0.9375,0.9059673870603243,0.6717085069728649,0.2744541904578607,0.0625,0.0,60,0.016624038379525845,0.3752557337284088,0.889,1.0,64,1.0,46,0.71875,0.8778037274010004,33.232187499999995,23.557140071321133,-0.6414644170590827,0.4030014263375651,2.671875,1.4148176505737409,-0.5536232794713477,0.4422816412883542,2.8109651562500018,1.4339147792047666,0.23558074638134735,0.6853195323665954,269.476015625,76.54390275470436,-0.49835142530432436,0.5082017542708605,1.0,0.9987860321998596,0.011671335436403751,1.0837910175323486,0.051251139491796494
54,1.9710629254493943,0.953125,0.9076516398640929,0.672100485556301,0.29501218360955594,0.03125,0.0,61,0.040033287586037705,0.3726362884044647,0.9020000000000001,1.0,63,0.96875,50,0.7936507936507936,0.8873025200682645,36.801587301587304,24.08212432004677,-0.5804012656385956,0.4119825420587708,2.8253968253968256,1.4424371190903276,-0.5056313104126091,0.45091567540722055,2.5770658730158744,1.4674409210201822,0.12379185227719965,0.7013428833803419,256.3311904761905,84.17185187891276,-0.5856245190426516,0.5588463776425545,0.984375,0.9988696575164795,0.0054972511716187,1.0648609399795532,0.062256187200546265
55,1.957442756782211,0.921875,0.8928706090329057,0.669620086438475,0.27688280669814447,0.078125,0.0,59,0.030424581973341233,0.5460027456283569,0.915,1.0,64,1.0,44,0.6875,0.8951957880828842,35.337031249999995,27.866118298016026,-0.6054560123503808,0.4767168419677344,2.421875,1.3784580096524521,-0.6317749835282273,0.4309153697007744,2.2416151562500013,1.5262611435260611,-0.036532130486631266,0.7294551868212645,230.71435937500002,70.27885814146192,-0.7557036244444888,0.4666059308486045,1.0,0.9981451630592346,0.0,1.1014961004257202,0.05795130133628845
56,2.0202240581303403,0.96875,0.8764713199869278,0.6761206037402462,0.27770783956493106,0.03125,0.0,62,0.03275160399656603,0.5253470540046692,0.9280000000000002,1.0,64,1.0,52,0.8125,0.8860124119255892,38.9465625,31.117304883032425,-0.5437063161752103,0.5323361924951894,2.90625,1.729511762752714,-0.4803560569180232,0.5406571657821684,2.4719034375000013,1.4586000199358753,0.0735309356763961,0.6971174982426305,260.596,78.64404501732797,-0.557308956291994,0.5221453336243197,1.0,0.9994140267372131,0.007124681957066059,1.0446385145187378,0.0639217421412468
57,1.997841354472612,0.953125,0.8971416764572019,0.6662828143694969,0.3093060891403526,0.03125,0.0,61,0.0323525583343937,0.46579742431640625,0.9410000000000001,1.0,63,0.984375,51,0.8095238095238095,0.8851464383149759,37.158730158730165,25.06171471426585,-0.5742914797987573,0.4287407871132065,2.746031746031746,1.368213456476822,-0.530441375192571,0.4277128525488671,2.9506611111111134,1.752685638748874,0.3023464760100052,0.837671610441989,279.23242857142856,79.24857432891487,-0.4335751858348626,0.5261590152579981,0.984375,0.999513566493988,0.0028235292993485928,1.0648608207702637,0.05044575408101082
58,2.060524710516763,0.953125,0.9018552728363725,0.6675017306656985,0.3038587126819814,0.015625,0.0,61,0.04622559508117345,0.5264273285865784,0.954,1.0,62,0.96875,50,0.8064516129032258,0.8748559881183495,29.478548387096776,25.456814782304598,-0.7056794241387444,0.43549992215606886,2.3548387096774195,1.3210061438350498,-0.6527309848176727,0.41295552484126563,3.180249677419357,1.643529858596027,0.41207512319386536,0.7855021305716811,268.94258064516134,76.36620570361005,-0.501893086792532,0.5070219613697291,0.96875,0.9971930980682373,0.002946954919025302,1.0648608207702637,0.05893245339393616
59,2.040359777189422,0.953125,0.9192200664614067,0.6983558202235172,0.2937746294697777,0.046875,0.0,61,0.03306248909115873,0.4041615426540375,0.9670000000000001,1.0,64,1.0,53,0.828125,0.8745927797609119,33.11078125,25.841101243022685,-0.6435413623830126,0.4420740644892523,2.5,1.25,-0.6073525760104523,0.3907585202843975,2.7836773437500013,1.125903795250791,0.2225389176945833,0.5381099864797894,262.38034374999995,74.19752881797575,-0.5454620737665731,0.49262335667278895,1.0,0.9958541393280029,0.01411290280520916,1.0648608207702637,0.05868095904588699
60,2.096331756098081,0.96875,0.8722033063250203,0.7068247396947567,0.2584413046678228,0.03125,0.0,62,0.033646242377754626,0.533668041229248,0.98,1.0,64,1.0,54,0.84375,0.8799211773537028,28.219375,19.698467094151642,-0.7272206073838228,0.33698956289143017,2.5,1.1319231422671772,-0.6073525760104523,0.3538468897183902,2.869822343750002,1.4194360469519922,0.2637107167246916,0.6783996246003644,255.22546875,62.99048013017742,-0.5929657924917752,0.4182158389167386,1.0,0.9981487393379211,0.00206611561588943,1.0446385145187378,0.06627766042947769
61,2.0534632279673373,0.9375,0.9212473183870316,0.6819334595441042,0.28131111972033973,0.0625,0.0,60,0.03539292958700728,0.4728388786315918,0.9930000000000001,1.0,64,1.0,49,0.765625,0.8761553418263893,28.42828125,21.08347987426171,-0.7236467645291323,0.36068353101278244,2.40625,1.3546073001058276,-0.6366594650317822,0.4234594753246368,2.7000781250000014,1.4623449621422226,0.18258383924024432,0.6989073410413896,239.2393125,74.2177423268173,-0.6991034776361189,0.49275756123100395,1.0,0.997564971446991,0.004682622384279966,1.0837910175323486,0.06501883268356323
62,2.007440077680445,0.9375,0.9206022093693416,0.665551321587023,0.31296523747344807,0.046875,0.0,60,0.03376965184311262,0.42199426889419556,1.006,0.984375,63,0.984375,50,0.7936507936507936,0.8958685425657096,27.98825396825397,22.796992668533075,-0.7311744874035646,0.38999728039188103,2.2857142857142856,1.118794297568641,-0.6743397509163491,0.34974272337643525,2.9076684126984147,1.5768405805131478,0.2817987165485196,0.7536289219734886,248.6216031746032,82.09068250485177,-0.6368111668404112,0.5450287659351664,0.984375,0.9976728558540344,0.0005208333604969084,1.0837910175323486,0.06500031054019928
63,2.0293932869311337,0.953125,0.9081110192126916,0.7009624376070483,0.34041212682352695,0.046875,0.0,61,0.030134706058125474,0.45486998558044434,1.0190000000000001,1.0,64,1.0,48,0.75,0.8889075370349,34.73828125,27.0678430957917,-0.6156990683108696,0.4630604284925706,2.65625,1.4813291118114165,-0.5585077609749026,0.46307357742850397,2.7194689062500013,1.3458706818068538,0.19185139218773728,0.6432400862715913,262.378375,73.19178975974273,-0.5454751449867185,0.48594590314169983,1.0,0.9990075826644897,0.001997004495933652,1.0648607015609741,0.06262024492025375
64,2.0192631292226624,0.953125,0.9029896254422235,0.6603147215345893,0.31916006849926026,0.03125,0.0,61,0.025074746018161034,0.4591100811958313,1.032,1.0,63,0.984375,52,0.8253968253968254,0.8898629095557326,32.03825396825397,26.415463817571048,-0.6618895159797986,0.4518999149989965,2.5714285714285716,1.687623347301843,-0.5850235177084867,0.527562561591256,3.007878095238097,1.3924479824587772,0.3296925340700788,0.6655010562850096,263.4007936507937,80.48590577319753,-0.5386869498041746,0.534374091677789,0.984375,0.9991318583488464,0.012189175933599472,1.0648607015609741,0.06717575341463089
65,1.9420949034177348,0.890625,0.8994805330508634,0.7024869985905966,0.30232116279372,0.09375,0.0,57,0.03788577767732915,0.4983818531036377,1.0450000000000002,1.0,63,0.984375,49,0.7777777777777778,0.8965572463345848,28.946031746031743,21.98961151115887,-0.7147893995113052,0.376185087696385,2.253968253968254,1.2594815507858648,-0.6842637768283337,0.3937225176884662,2.7515700000000023,1.4498956836849528,0.20719366139107698,0.6929573823587897,247.83039682539683,86.47577352353278,-0.642064262647996,0.5741429196186107,0.984375,0.9987877011299133,0.006774361710995436,1.1334558725357056,0.06349222362041473
66,2.094214200766076,0.984375,0.9037592543496026,0.7050155561093219,0.3239962712876381,0.015625,0.0,63,0.01774666371062871,0.4570278525352478,1.058,1.0,64,1.0,56,0.875,0.8879108110600274,34.6515625,24.0344358563623,-0.6171826006851054,0.4111667164183703,2.796875,1.416197455997927,-0.5145474274429079,0.4427129778690225,3.0150582812500013,1.2550570751259131,0.3331242036444119,0.5998369919136256,280.25192187500005,78.962496810255,-0.42680641305615047,0.5242596465087157,1.0,0.9978652000427246,0.0018365472787991166,1.0230478048324585,0.06072947755455971
67,2.1543375110164007,1.0,0.9112879177555442,0.6745403324550949,0.3055598031496629,0.0,0.0,64,0.019731023708280462,0.4115027189254761,1.0710000000000002,1.0,64,1.0,51,0.796875,0.8860404693922743,30.93625,23.868451687059636,-0.6807419390537129,0.4083271587820907,2.65625,1.3136155973114814,-0.5585077609749026,0.4106451896223516,3.2640804687500022,1.632511197950139,0.45214087852731766,0.780235915681746,289.908859375,67.30643217819794,-0.3626906258835083,0.4468709547811846,1.0,0.9980083703994751,0.0062583815306425095,0.9999999403953552,0.05433327332139015
68,2.053010998181808,0.953125,0.9330185984001785,0.6438937480143524,0.3274422184121414,0.046875,0.0,61,0.01841825721337396,0.46787029504776,1.084,1.0,64,1.0,47,0.734375,0.8960303858244971,34.23859375,26.762552946420506,-0.6242474224240334,0.4578377076838939,2.515625,1.446895248238448,-0.6024680945068974,0.4523093169665456,2.8059954687500017,1.6838598553397448,0.2332055536830777,0.8047772889768963,260.7874375,81.30053564281481,-0.5560379357425844,0.53978270443363,1.0,0.9977184534072876,0.0024425990413874388,1.0648608207702637,0.06334113329648972
69,2.0322976918399664,0.9375,0.9005009740591049,0.6616981044414353,0.2893104006846746,0.0625,0.0,60,0.01856759301799652,0.49918806552886963,1.097,1.0,64,1.0,46,0.71875,0.896281323438793,39.36390625,28.816297885115485,-0.5365666495597443,0.4929719445701127,2.859375,1.4670036160061093,-0.49500950142868805,0.4585953297939262,2.402149531250001,1.3387201082393851,0.04019303086833981,0.6398225695512962,260.68771875000004,85.97599205291793,-0.5567000034169501,0.5708246955540176,1.0,0.9972763657569885,0.0,1.083790898323059,0.06331778317689896
70,2.1637364135637025,0.984375,0.9091206174048166,0.6836297414106157,0.2627188207374679,0.015625,0.0,63,0.011185236012370203,0.38305792212486267,1.1099999999999999,1.0,64,1.0,50,0.78125,0.8835212605441495,29.524531250000003,21.147442733230736,-0.7048927768937486,0.3617777692487952,2.328125,1.2254423627306998,-0.661081872549557,0.3830816354835713,2.8857787500000014,1.446299314196517,0.27133685813008646,0.6912385478145227,254.2781875,83.77189068179345,-0.5992551241787241,0.5561908953023389,1.0,0.9980323314666748,0.0033931168727576733,1.0230478048324585,0.060871802270412445
71,2.158015930952648,1.0,0.9070506421849132,0.657218637990197,0.3141831996617839,0.0,0.0,64,0.026501449442195964,0.46123868227005005,1.123,1.0,64,1.0,59,0.921875,0.8799855563035599,35.90796875,26.40185576927356,-0.5956887559621693,0.4516671166687682,3.0,1.7320508075688772,-0.45104916789669336,0.5414508884984082,2.8633000000000015,1.38679925573017,0.260593453667285,0.6628013262757668,286.718984375,67.11879750312418,-0.3838693221945629,0.44562518251712707,1.0,0.998515784740448,0.004966139793395996,1.0,0.06503787636756897
72,2.2046993017162464,0.984375,0.9071433915505334,0.6902459903787938,0.26384138516963473,0.0,0.0,63,0.0241681132925999,0.38515520095825195,1.136,1.0,63,0.984375,56,0.8888888888888888,0.8721155717783904,34.59031746031745,27.164635914064146,-0.6182303440985012,0.46471630198591185,2.6031746031746033,1.3515386004703493,-0.5750994917965021,0.4225001789016314,2.7766419047619064,1.4108128283941337,0.2191764279377033,0.6742782777844512,270.1985555555556,79.2245541743211,-0.49355422987759234,0.5259995370466305,0.984375,0.9985390901565552,0.00236854562535882,1.0230478048324585,0.05750656872987747
73,2.182796966799816,0.96875,0.9301649264750942,0.6657660960202771,0.28677821159362793,0.03125,0.0,62,0.025332632246419386,0.45977723598480225,1.149,1.0,64,1.0,44,0.6875,0.8818286809268759,32.405156250000005,26.476640647476145,-0.6556127717560731,0.45294649152042155,2.546875,1.2738927483799412,-0.5926991314997875,0.3982275562863761,2.728034375000001,1.2837176667445662,0.19594513828993304,0.6135349211980551,260.80303125,75.25190445284613,-0.5559344033798429,0.4996237254548556,1.0,0.9978371858596802,0.0020439447835087776,1.0446385145187378,0.05607430264353752
74,2.0830169414440896,0.921875,0.912833379991984,0.6743701792697795,0.2602395848450014,0.078125,0.0,59,0.017341840944992165,0.46383312344551086,1.162,1.0,64,1.0,49,0.765625,0.8795857711818744,34.61828125,24.41776623656223,-0.6177519563530552,0.41772450269936134,2.484375,1.380581710502859,-0.6122370575140074,0.4315792530622397,2.4534185937500017,1.6387907529761738,0.06469636289819734,0.7832371412610647,244.1530625,75.32773221290982,-0.666479371989834,0.5001271724872116,1.0,0.9982149004936218,0.0004960317746736109,1.1014961004257202,0.06773287802934647
75,2.0526524143314813,0.921875,0.916554746991497,0.6296129590825527,0.3166435934224371,0.03125,0.0,59,0.023243513197456565,0.3974735140800476,1.175,1.0,61,0.953125,41,0.6721311475409836,0.885347111952513,37.515573770491805,30.47577837059684,-0.5681868132694589,0.521361341610822,2.6065573770491803,1.4403857466550032,-0.5740420136255528,0.4502744024013169,2.7937227868852474,1.5066927184683945,0.22733999687425402,0.7201027314981467,276.01418032786887,94.88924921925415,-0.4549422620381416,0.6300029287663422,0.953125,0.9955130219459534,0.001461988314986229,1.1014961004257202,0.06668262928724289
76,2.1072425048525965,0.921875,0.914486713328604,0.6871366348137732,0.3386455031774812,0.078125,0.0,59,0.039920026305309934,0.4938047528266907,1.1880000000000002,1.0,64,1.0,49,0.765625,0.8863782368060318,34.50703125,23.75349636630413,-0.619655154642165,0.40636057208738574,2.53125,1.2865743031399313,-0.5975836130033424,0.40219189674471156,2.5749035937500016,1.5101953193175548,0.12275842111600066,0.7217767506315186,250.04907812500002,78.76193441260682,-0.627333661149407,0.5229280425708787,1.0,0.9983725547790527,0.000521920679602772,1.1014962196350098,0.06107008457183838
77,2.1121964105805144,0.9375,0.8989104551573595,0.6464521127368231,0.32732864854236443,0.046875,0.0,60,0.026544425415361856,0.4126564562320709,1.201,1.0,63,0.984375,46,0.7301587301587301,0.8885442572659789,39.58238095238095,31.786383163998483,-0.5328291153594282,0.5437823825142007,2.6666666666666665,1.7182493859684493,-0.5552514399725328,0.5371364700324847,2.817039047619049,1.6140655681718226,0.23848367788958486,0.7714200846733692,259.0050952380953,77.1524163644913,-0.5678715296881898,0.5122418890544558,0.984375,0.9980123043060303,0.00296150054782629,1.0837910175323486,0.06292786449193954
78,2.132051823009087,0.9375,0.9239004969596862,0.6459302047823119,0.31642969412108257,0.0625,0.0,60,0.024708640711806423,0.4079419672489166,1.214,1.0,64,1.0,47,0.734375,0.889397595871284,40.141875,27.094888521349837,-0.5232576266925015,0.4635231054152716,3.03125,1.4996744438377283,-0.4412802048895834,0.468808453265886,2.542864218750001,1.637357249312904,0.10744564952681626,0.7825520182158147,268.578125,91.22488163401822,-0.5043128353493631,0.6056739101496931,1.0,0.9983757138252258,0.0,1.083790898323059,0.05810685083270073
79,2.1403568500835677,0.953125,0.9002437479183322,0.665743406040617,0.32575889444742046,0.046875,0.0,61,0.029462981082431068,0.36384832859039307,1.227,1.0,64,1.0,50,0.78125,0.8908944982319655,37.6921875,27.640422644468444,-0.5651654114911823,0.4728557760648918,2.71875,1.5659337270459437,-0.5389698349606828,0.48952155683512366,2.6210450000000014,1.3837814093815555,0.14481106149085193,0.6613589887823673,261.7855,86.53142048827559,-0.5494114495677495,0.5745123792892624,1.0,0.9993032217025757,0.003429691307246685,1.0648608207702637,0.06233064457774162
80,2.3291063230500626,1.0,0.9265837068669498,0.7002721128629567,0.30047594581265,0.0,0.0,64,0.01766179772241623,0.38626232743263245,1.24,1.0,64,1.0,45,0.703125,0.8784044609388779,30.3896875,27.784753798663463,-0.6900922025583555,0.4753249069029069,2.40625,1.2338804388999771,-0.6366594650317822,0.38571943560993444,3.074167812500002,1.5254290602487777,0.3613747781570234,0.7290575042457392,269.83228125000005,57.45375084319694,-0.49598605315715744,0.3814555557942087,1.0,0.9994723796844482,0.0,0.9999999403953552,0.06139921396970749
81,2.256167503302361,0.953125,0.9305940162940104,0.7178172533097333,0.28606486882342663,0.046875,0.0,61,0.034298025900623606,0.4028709828853607,1.2530000000000001,1.0,64,1.0,51,0.796875,0.8879503878310394,35.59625,24.272616032527274,-0.6010214534155032,0.4152413600478266,2.390625,1.294425397377153,-0.6415439465353372,0.4046462023181116,2.536105625000001,1.2351622202517014,0.10421547408307445,0.5903285240209538,260.47428125,73.07753215538213,-0.5581170896644965,0.48518730692586637,1.0,0.997681736946106,0.0,1.0648607015609741,0.06921590864658356
82,2.2015391145574705,0.921875,0.9277664816985696,0.6883816648878948,0.26276456488896227,0.0625,0.0,59,0.03167425684368076,0.41609904170036316,1.266,1.0,63,0.984375,42,0.6666666666666666,0.8825011568082223,36.09301587301587,29.621232498227247,-0.5925230807448348,0.5067422832534333,2.857142857142857,1.5312319229346216,-0.49570728450062446,0.4786735363345323,2.3231682539682548,1.6208228070546096,0.0024450330114091606,0.7746496125772584,254.05482539682535,69.87331267180213,-0.6007381033395169,0.46391337256897014,0.984375,0.9982661604881287,0.004044489469379187,1.1014961004257202,0.0680227130651474
83,2.358213506727786,1.0,0.9181663356721401,0.6746300904411899,0.29306336014997214,0.0,0.0,64,0.03978416163208919,0.5194190740585327,1.279,1.0,64,1.0,55,0.859375,0.884471841516025,41.6165625,35.04126180388762,-0.4980295572365793,0.5994648945024835,3.078125,1.6798873427629009,-0.4266267603789185,0.5251442338420157,2.455219062500001,1.5352026818028777,0.0655568717789794,0.733728670098914,273.656546875,63.31368353309622,-0.4705954155037452,0.4203616994025308,1.0,1.0009269714355469,0.001459853956475854,0.9999999403953552,0.07565087825059891
84,2.2808155730693676,0.96875,0.9183610115320452,0.6734320781476174,0.2573872577519186,0.03125,0.0,62,0.03146921190472093,0.3833121657371521,1.292,1.0,64,1.0,52,0.8125,0.8773393403305098,30.885937500000004,27.311501453070896,-0.6816026551339002,0.4672287895595461,2.609375,1.7195310725238437,-0.5731612054855676,0.5375371339859681,2.719342031250002,1.5704240219674563,0.1917907540543352,0.7505622174763253,272.508578125,84.04857228632088,-0.4782171817268201,0.558027881289922,1.0,0.9984055161476135,0.0009610764100216329,1.0446385145187378,0.08819616585969925
85,2.2117633218039705,0.9375,0.9044836858908335,0.689582027834184,0.26046103357026973,0.0625,0.0,60,0.03235650784167118,0.40014949440956116,1.305,1.0,64,1.0,49,0.765625,0.8884390744016941,35.1190625,24.724116435094174,-0.6091848910207571,0.4229653581934233,2.734375,1.2404911766614868,-0.5340853534571278,0.387785997294475,2.450654687500001,1.3934824963703456,0.06337539252657871,0.665995487753591,270.67453125,71.31836589370953,-0.49039406069100006,0.473507586555439,1.0,0.9983808398246765,0.0009407337638549507,1.0837910175323486,0.07649146020412445
86,2.2760738417395445,0.96875,0.9103997763126127,0.7207597467754896,0.3329293779548137,0.03125,0.0,62,0.032345666156736425,0.46005406975746155,1.318,1.0,64,1.0,58,0.90625,0.8869301492492545,32.107968750000005,19.695406601198247,-0.6606968772980485,0.33693720581320336,2.625,1.3287682265918312,-0.5682767239820126,0.4153820048191576,2.6363834375000015,1.4213511793714761,0.15214185336717528,0.6793149353797601,264.2138125,62.23995012396458,-0.5332890331765626,0.4132328075835624,1.0,1.0000766515731812,0.0030030030757188797,1.0446386337280273,0.09040659666061401
87,2.1798939842329785,0.921875,0.9076554290318893,0.6974167060873455,0.263978095756749,0.078125,0.0,59,0.02857441419777433,0.4885976016521454,1.331,1.0,64,1.0,52,0.8125,0.8893397779918396,36.94171875,28.34106928087574,-0.5780039808487575,0.4848420185788764,3.109375,1.6594161953455198,-0.41685779737180856,0.518744813623344,2.5129060937500016,1.5652051129949973,0.09312758229344428,0.7480679128577113,272.08028125,91.22251650762223,-0.48106079454757283,0.6056582072479563,1.0,0.9969479441642761,0.0014012143947184086,1.1014961004257202,0.0817495584487915
88,2.2061474736901303,0.9375,0.8892273262143136,0.6946787459554591,0.2851327877491713,0.046875,0.0,60,0.025076619675406066,0.39707523584365845,1.344,1.0,63,0.984375,55,0.873015873015873,0.8832705499768897,32.37746031746032,20.009198913726166,-0.6560865771621389,0.3423053765308563,2.634920634920635,1.2123908859637023,-0.5651754658845174,0.3790016548843728,2.78492761904762,1.3773839705331397,0.22313646930275402,0.6583014222773539,264.6286031746032,77.57856548646524,-0.5305350927462704,0.5150712421913368,0.984375,0.9985758662223816,0.0009823183063417673,1.0837910175323486,0.08003146201372147
89,2.3693519921894683,1.0,0.9193733329884708,0.6771092235755561,0.28808957780711353,0.0,0.0,64,0.014174972775537363,0.3855396807193756,1.357,1.0,64,1.0,55,0.859375,0.8795170965237008,35.19515625,30.18757246327677,-0.6078831247752566,0.5164308877706167,2.609375,1.567414147369801,-0.5731612054855676,0.4899843463192432,3.052731093750002,1.6395334529801444,0.3511293979696655,0.783592104350079,285.9719375,72.54985114041312,-0.38882922780081597,0.4816838480238287,1.0,0.9989440441131592,0.00802854634821415,0.9999998807907104,0.06589750945568085
90,2.267166860028376,0.953125,0.914887366724796,0.6754818532332443,0.29292029618728355,0.046875,0.0,61,0.01698475400449022,0.4159091114997864,1.37,1.0,64,1.0,56,0.875,0.8853633892744874,33.76796875,21.907877591440105,-0.6322985927144803,0.37478683280945485,2.53125,1.237042213305593,-0.5975836130033424,0.3867078278405036,2.7581257812500013,1.367495755006901,0.21032690543437965,0.653575487836438,255.58410937500003,72.75716335418402,-0.5905846518885597,0.4830602663527682,1.0,0.9984790086746216,0.016607951372861862,1.0648607015609741,0.06840679049491882
91,2.25708622635569,0.9375,0.9266710579395294,0.6686386718516338,0.31510503155489766,0.046875,0.0,60,0.009145723389087609,0.34722793102264404,1.383,1.0,63,0.984375,51,0.8095238095238095,0.8849044448747971,30.2084126984127,24.387209059965066,-0.6931933431627567,0.4172017488457007,2.238095238095238,1.136889179648888,-0.6892257897843261,0.35539930685355364,2.9152142857142875,1.677289764552361,0.28540516111658776,0.8016372058901503,256.64115873015874,85.03826387829852,-0.5835665313419232,0.5645987900772877,0.984375,0.9993358254432678,0.006181645207107067,1.0837910175323486,0.060261018574237823
92,2.34544995360075,0.984375,0.9177943799230788,0.6629497668890959,0.30861604710419976,0.0,0.0,63,0.020031563917906052,0.36733007431030273,1.3960000000000001,1.0,63,0.984375,53,0.8412698412698413,0.8811935954764197,31.273968253968253,22.93828480182827,-0.6749644576770527,0.39241442148268607,2.634920634920635,1.312958458724458,-0.5651754658845174,0.41043976362084195,2.962624444444446,1.3556661405291042,0.3080641840108197,0.6479216888941488,267.8553015873016,67.27140268042277,-0.5091119129132361,0.44663838168809816,0.984375,0.9985312819480896,0.0034313725773245096,1.0230478048324585,0.06743303686380386
93,2.3786989590034193,0.96875,0.9353920798147878,0.6893770533081373,0.3354754246050312,0.03125,0.0,62,0.028312598061355585,0.44138219952583313,1.409,1.0,64,1.0,45,0.703125,0.8808919067525074,28.965,28.26370928416863,-0.7144649019967003,0.48351859014401344,2.203125,1.4703282743574646,-0.7001577245779967,0.45963464065618764,3.219452031250002,1.6230240497430457,0.43081134042553876,0.7757016657618285,262.99265625000004,73.74822825800186,-0.541396716821563,0.4896402930379839,1.0,0.9977663159370422,0.000965250947047025,1.0446385145187378,0.060493405908346176
94,2.4047079250640198,0.984375,0.9110780452925061,0.6766266970982263,0.2838925680234319,0.015625,0.0,63,0.020044801160126528,0.3443578779697418,1.422,1.0,64,1.0,47,0.734375,0.8763958676263888,29.79828125,26.17764835901801,-0.7002096260475127,0.4478315107397429,2.390625,1.4319696607732302,-0.6415439465353372,0.44764347658871845,3.1961839062500026,1.5791980123078087,0.41969066521156917,0.7547556235589198,273.8080625,78.84693155706728,-0.46958945025173543,0.5234923683547525,1.0,0.9991315603256226,0.0064773294143378735,1.023047924041748,0.08124154061079025
95,2.460227000503663,0.984375,0.9211138467940073,0.7083012146275224,0.261735425700271,0.015625,0.0,63,0.013740859443155612,0.33568018674850464,1.4349999999999998,1.0,64,1.0,47,0.734375,0.8655657355028992,25.2365625,19.279572351548513,-0.778248774994922,0.32982336282456015,2.296875,1.010564314813758,-0.6708508355566669,0.3159092930470721,2.7532025000000013,1.1269297350836154,0.20797389195485447,0.5386003200872422,242.5353125,53.074257509783855,-0.6772201803153038,0.35237856710197374,1.0,1.0008749961853027,0.005605380982160568,1.0230478048324585,0.06941971182823181
96,2.4698983202469336,0.984375,0.9347458046580118,0.6800871780953635,0.27216814056275385,0.015625,0.0,63,0.01600875938274221,0.2966671884059906,1.448,1.0,64,1.0,54,0.84375,0.8846710221073194,29.21609375,23.838417694526434,-0.7101693406896791,0.4078133552476698,2.390625,1.4319696607732302,-0.6415439465353372,0.44764347658871845,2.7971428125000015,1.2782418014851367,0.22897455032818026,0.6109178079125808,246.86221875,70.10619614878668,-0.6484923356708732,0.4654595674621613,1.0,0.9993532299995422,0.004331347998231649,1.0230478048324585,0.07493363320827484
97,2.427024799413166,0.96875,0.9302395226493958,0.7136423298710174,0.2891030799477331,0.03125,0.0,62,0.013878542764736095,0.3555966317653656,1.4609999999999999,1.0,64,1.0,54,0.84375,0.8781347936354522,30.2725,21.522018376537087,-0.6920969760370524,0.36818578474077523,2.5,1.224744871391589,-0.6073525760104523,0.38286359493670563,2.8747545312500016,1.386187404802886,0.2660679868219555,0.6625089006745767,263.94159375000004,73.65169050137253,-0.5350963887113169,0.48899934509168413,1.0,1.00099778175354,0.004488777834922075,1.0446385145187378,0.07415973395109177
98,2.403079963385093,0.96875,0.9051303748161562,0.6743316493696708,0.2634238094812439,0.03125,0.0,62,0.015450363916859687,0.32817012071609497,1.474,1.0,64,1.0,48,0.75,0.8838423744717875,30.994375000000005,24.625159763123875,-0.6797475714082792,0.4212724667885706,2.46875,1.4138682532329523,-0.6171215390175623,0.44198485320831543,2.8098187500000016,1.3826900117880512,0.23503283753310467,0.6608373705528507,262.48884375,73.96876392252065,-0.5447417043007632,0.4911045064835265,1.0,0.9989355206489563,0.00501253129914403,1.0446386337280273,0.07055596262216568
99,2.3859279822984827,0.953125,0.9068757119725962,0.6913397167346045,0.27400085769715854,0.046875,0.0,61,0.03719941690170615,0.37349188327789307,1.4869999999999999,1.0,64,1.0,54,0.84375,0.876199189097001,33.90625,29.91402547823512,-0.6299329600096178,0.5117512099825505,2.5,1.3110110602126894,-0.6073525760104523,0.40983099357215175,2.5733092187500017,1.5856244965226889,0.12199641186324517,0.7578270718909786,256.34803125,74.19466289282727,-0.5855127072524858,0.4926043287928971,1.0,0.9988154172897339,0.01456554513424635,1.0648609399795532,0.0734856128692627
100,2.3513389343084174,0.921875,0.9235928114187919,0.6862137526097021,0.2738271319007469,0.0625,0.0,59,0.034248181547650386,0.3868085741996765,1.5,1.0,63,0.984375,52,0.8253968253968254,0.8859182177964292,27.58142857142857,18.771979528528714,-0.7381342123402338,0.3211397691855884,2.380952380952381,1.118794297568641,-0.644567673180395,0.34974272337643525,2.790935714285716,1.6523813148136022,0.22600795446958483,0.7897325603878492,254.91482539682536,75.88150325626026,-0.5950282624123625,0.5038038522169735,0.984375,0.9990829229354858,0.005505505483597517,1.1014961004257202,0.0705547109246254
101,2.3826041267577205,0.953125,0.9374236181134084,0.6581833084598829,0.3073744613860474,0.046875,0.0,61,0.01498493286379754,0.3484352231025696,1.5,1.0,64,1.0,56,0.875,0.8863703484324271,25.762499999999996,19.579991541111553,-0.7692513516225302,0.3349627541737024,2.375,1.352081728298996,-0.6464284280388921,0.42266996436294924,3.2072093750000024,1.4627298362862895,0.4249601339397336,0.6990912862606293,266.28256250000004,86.20258694473647,-0.5195538780392941,0.5723291383298195,1.0,0.9978973865509033,0.003409644355997443,1.0648608207702637,0.07452064752578735
102,2.522811008296859,0.984375,0.9437647405124846,0.681289747145697,0.30126224056122797,0.015625,0.0,63,0.028906500961834482,0.3867730498313904,1.5,1.0,64,1.0,47,0.734375,0.8735309268846464,30.660625,23.718063651136763,-0.6854571662756083,0.4057544104434752,2.65625,1.277433339748106,-0.5585077609749026,0.3993343692815407,3.1503906250000018,1.4715784508435539,0.3978044063160529,0.703320357944959,275.68264062500003,76.12178117299267,-0.457143470136301,0.5053991413830784,1.0,0.9992688298225403,0.007129277568310499,1.0230478048324585,0.060191333293914795
103,2.4509150979209866,0.96875,0.9284980191338447,0.6708087083238611,0.27099499406833805,0.03125,0.0,62,0.04342103046493022,0.45661506056785583,1.5,1.0,64,1.0,54,0.84375,0.8887968414974629,32.47921875,23.308908054693347,-0.6543457549175367,0.39875482184904165,2.765625,1.50771129841724,-0.5243163904500179,0.4713208287884707,2.8596873437500014,1.34249864820491,0.2588668350929061,0.6416284699295866,269.017953125,78.89387609639572,-0.5013926625248994,0.5238040495779664,1.0,0.9995322227478027,0.007163323927670717,1.0446385145187378,0.07316871732473373
104,2.395420412881322,0.953125,0.9274608766446348,0.6552859300793428,0.2848358967753707,0.046875,0.0,61,0.03556105572635089,0.4123480021953583,1.5,1.0,64,1.0,50,0.78125,0.878644776388336,31.268437500000005,26.595700851990983,-0.6750590744994334,0.45498330210499394,2.609375,1.567414147369801,-0.5731612054855676,0.4899843463192432,3.1087453125000017,1.2838398500311599,0.3779006111242711,0.6135933169925931,277.60925000000003,100.46292386933106,-0.4443520363455866,0.667008505082217,1.0,0.9960832595825195,0.0013717421097680926,1.0648607015609741,0.07430477440357208
105,2.294823168349365,0.90625,0.9337554841205992,0.6873407652721075,0.27504168502215687,0.09375,0.0,58,0.01570025244074954,0.2765869200229645,1.5,1.0,64,1.0,53,0.828125,0.889054305479819,27.68171875,21.92850546055062,-0.7364185081040843,0.37513972202472773,2.25,1.015504800579495,-0.6855042800673319,0.31745372257291654,2.6413942187500012,1.5213542417066346,0.15453668624904685,0.7271100016617091,240.53139062499997,72.43400012136422,-0.6905249188463448,0.4809146725703194,1.0,0.9979021549224854,0.0030895983800292015,1.1180338859558105,0.06819699704647064
106,2.391086950866283,0.953125,0.9158052113212523,0.6853662423989688,0.29634073419404816,0.046875,0.0,61,0.020136153483328485,0.3075438141822815,1.5,1.0,64,1.0,50,0.78125,0.8812913122094016,29.1703125,19.942959359817785,-0.7109525388620233,0.3411721899630377,2.421875,1.234968211888468,-0.6317749835282273,0.38605948086064484,2.606068906250001,1.3909585184292863,0.13765344674674515,0.6647891877646686,240.43006249999996,71.66766190982581,-0.6911976717244807,0.47582668503045383,1.0,0.9989152550697327,0.0010793308028951287,1.0648607015609741,0.07660441100597382
107,2.423682821051925,0.96875,0.918430907111014,0.6791127481753597,0.30644744947072,0.03125,0.0,62,0.017242153703647588,0.3110837936401367,1.5,1.0,64,1.0,51,0.796875,0.8859434804773432,26.044062500000003,20.10923269908859,-0.7644345492110476,0.344016694545732,2.25,1.1726039399558574,-0.6855042800673319,0.3665639843654443,2.8254839062500015,1.3178724297098836,0.24251978007068936,0.6298587129065585,245.296234375,63.16922818453181,-0.658889453898384,0.4194026097962757,1.0,0.9990736842155457,0.004362049978226423,1.0446385145187378,0.07958024740219116
108,2.3988253175402825,0.96875,0.9174772347173383,0.664902364335358,0.341815680145256,0.03125,0.0,62,0.041431387367570134,0.39835989475250244,1.5,1.0,64,1.0,56,0.875,0.8810931558471896,32.048125,21.622062146899285,-0.6617206482878365,0.3698972735730396,2.515625,1.1988560628261427,-0.6024680945068974,0.37477057691513777,2.9808517187500017,1.3698218766647134,0.31677565507211153,0.6546872251794648,269.92521875000006,77.1657737847286,-0.49536900857440463,0.5123305736413768,1.0,0.9993013143539429,0.015693968161940575,1.0446385145187378,0.07564997673034668
109,2.4987181003229866,0.984375,0.9233846233950721,0.6954464565314046,0.25208196883636813,0.015625,0.0,63,0.01684251598584798,0.37014931440353394,1.5,1.0,64,1.0,53,0.828125,0.8661192115870338,30.884687500000002,21.02700019979892,-0.6816240393843397,0.3597173106100225,2.4375,1.1709371246996996,-0.6268905020246722,0.36604292655497733,2.5956043750000015,1.3341645570799592,0.1326520702586233,0.6376453075302009,255.01532812500005,77.2468062264662,-0.5943609896325688,0.5128685763765636,1.0,0.9980484247207642,0.0039024390280246735,1.0230478048324585,0.08242180198431015
110,2.4870464570102926,0.984375,0.9251627959902324,0.7003278496751825,0.2983371085590787,0.015625,0.0,63,0.04178519981313131,0.3868895173072815,1.5,1.0,64,1.0,56,0.875,0.8891851071124671,30.375937500000003,26.16483068445301,-0.6903274293131891,0.4476122336493836,2.265625,1.1489422785218586,-0.6806197985637769,0.35916718771790845,2.5842204687500017,1.559756606085176,0.12721129133584674,0.745463875113149,245.341796875,65.63645342699718,-0.6585869485178685,0.43578338150085394,1.0,0.9984254240989685,0.0020120723638683558,1.0230478048324585,0.07286336272954941
111,2.3617328130553403,0.953125,0.8951758849816244,0.7049590454291409,0.2903942550059224,0.046875,0.0,61,0.03254452797644694,0.44731080532073975,1.5,1.0,64,1.0,57,0.890625,0.881028326926402,30.12125,17.90150932009645,-0.6946844703402238,0.306248286835843,2.234375,1.0268609250404848,-0.6903887615708868,0.32100372448535,2.7565590625000014,1.515879555081719,0.20957811409986576,0.7244934516881315,254.663984375,65.72851035759052,-0.5966936837293714,0.43639457967519124,1.0,0.9976650476455688,0.02147389017045498,1.0648607015609741,0.07238134741783142
112,2.454128997563892,0.96875,0.9296156946689852,0.7026993570034088,0.2846771488266606,0.015625,0.0,62,0.012034569045453464,0.34495842456817627,1.5,1.0,63,0.984375,53,0.8412698412698413,0.8760777921624738,33.481587301587304,22.43920302508778,-0.6371978348057322,0.38387642971982505,2.3333333333333335,1.126872339638022,-0.659453712048372,0.3522679743890964,2.5725646031746043,1.3729308804551617,0.12164053325363405,0.656173130098429,247.28169841269835,58.86650368893878,-0.6457072634078687,0.3908353162809187,0.984375,0.9973874092102051,0.031154239550232887,1.0446385145187378,0.07347534596920013
113,2.4406244150294873,0.984375,0.9271620947217184,0.6649001623042898,0.3176899742749002,0.015625,0.0,63,0.024761490422791473,0.3313327133655548,1.5,1.0,64,1.0,54,0.84375,0.8729982606099799,30.95859375,28.79384780573727,-0.6803596955771082,0.49258788207426546,2.375,1.5461646096066226,-0.6464284280388921,0.4833415959727896,3.049697968750002,1.649855174657557,0.3496797582583277,0.7885252269984874,262.09201562500004,78.07357685752517,-0.5473763850788687,0.5183577958958541,1.0,0.999504029750824,0.0020283975172787905,1.023047685623169,0.06448955088853836
114,2.424194734730237,0.96875,0.9201612078374432,0.684726906581996,0.3035563812140496,0.03125,0.0,62,0.015197273128121237,0.374451220035553,1.5,1.0,64,1.0,50,0.78125,0.8848903850691145,26.58171875,19.30268509128713,-0.7552366484907861,0.3302187617164898,2.09375,0.9307045382397144,-0.7343490951028816,0.2909445825476194,3.275319062500002,1.705123255400765,0.4575122073711974,0.8149398339186701,258.40532812500004,69.62645162289591,-0.571853593419716,0.4622743756848248,1.0,0.9989798665046692,0.0036175709683448076,1.0446386337280273,0.06912077963352203
115,2.364311068471575,0.9375,0.9310121675332387,0.7120361217554507,0.30327281132340433,0.0625,0.0,60,0.012675110676762498,0.317626953125,1.5,1.0,64,1.0,54,0.84375,0.8776811571090877,30.156093750000004,22.0688605291191,-0.6940883843592246,0.3775408323740976,2.234375,1.2959333931089978,-0.6903887615708868,0.40511761206272834,2.707912031250001,1.6197826420051522,0.18632794526782218,0.7741524802262874,249.58353125000002,64.26616690495301,-0.6304245897545045,0.42668556979678895,1.0,0.998500645160675,0.008606777526438236,1.0837910175323486,0.05739172175526619
116,2.4061506271866344,0.96875,0.9202076667739499,0.6789584138871113,0.34238380740486807,0.03125,0.0,62,0.026740285003843935,0.33948537707328796,1.5,1.0,64,1.0,55,0.859375,0.8846589720491596,30.7746875,22.470963414534403,-0.6835058534230098,0.38441976741740946,2.375,1.243734296383275,-0.6464284280388921,0.38879981862534785,3.3786396875000024,1.5924480717808849,0.5068928563718959,0.7610883043385642,279.88548437500003,83.84087528001193,-0.4292393198407368,0.5566489081886774,1.0,0.9995234608650208,0.011052378453314304,1.0446386337280273,0.06365982443094254
117,2.419132824017175,0.953125,0.9402185961848399,0.7220842468915645,0.30208432588909495,0.046875,0.0,61,0.01779753398565837,0.32032448053359985,1.5,1.0,64,1.0,54,0.84375,0.886919129594659,31.176562500000003,20.261374060230807,-0.6766308169067318,0.3466194377208212,2.4375,1.2231491119238078,-0.6268905020246722,0.38236474965001765,2.694677812500001,1.216245331474172,0.18000283534042663,0.5812874613588915,252.37564062500002,71.51530996956339,-0.6118867986121016,0.4748151671887774,1.0,0.9991511702537537,0.0040241447277367115,1.0648608207702637,0.067511647939682
118,2.511721145431191,0.984375,0.9453569527656313,0.696011626076808,0.2911616750652828,0.015625,0.0,63,0.023008757012579893,0.4147414565086365,1.5,1.0,64,1.0,53,0.828125,0.8672434035353559,26.402656250000003,25.96758660102698,-0.7582999423662349,0.44423790014724057,2.328125,1.2631147946148837,-0.661081872549557,0.3948582944744341,3.010423750000002,1.4318421982542515,0.33090919419263026,0.6843289712618507,262.74384375,70.95142129108896,-0.5430486700723628,0.4710713129391119,1.0,0.999210000038147,0.0020397757180035114,1.0230478048324585,0.062671959400177
119,2.361387898677907,0.9375,0.9031998127698898,0.7227187033014076,0.3101801127195358,0.046875,0.0,60,0.030767904844418083,0.3290848135948181,1.5,1.0,63,0.984375,48,0.7619047619047619,0.8776271865820677,24.372222222222224,18.49505892354869,-0.793035390166834,0.3164023775306025,2.111111111111111,1.1284363547413474,-0.7289218934322649,0.3527568961710787,3.007250952380953,1.419911057473532,0.3293927999046892,0.6786266492417252,250.75336507936507,72.0634238758331,-0.6226576536185995,0.47845428720594163,0.984375,0.99845951795578,0.0036307054106146097,1.0837910175323486,0.06735602766275406
120,2.459971330827166,0.984375,0.902492796617841,0.6833513595100955,0.29814309201070244,0.015625,0.0,63,0.02195289647422704,0.3118361532688141,1.5,1.0,64,1.0,43,0.671875,0.8681144835732346,27.040312500000002,21.012090490413936,-0.7473913016108188,0.3594622442424483,2.234375,1.114425125064488,-0.6903887615708868,0.3483768902703632,3.159847500000002,1.5201219783314281,0.4023241875796533,0.7265210586001715,267.726828125,63.0530804153222,-0.509964893184286,0.4186314641146121,1.0,0.9995478391647339,0.004582484718412161,1.0230478048324585,0.06455427408218384
121,2.319990147824433,0.921875,0.9131865935810541,0.7082072278577971,0.3005487569055315,0.078125,0.0,59,0.037258047495469473,0.3769526481628418,1.5,1.0,64,1.0,46,0.71875,0.877535622305231,28.451562499999998,23.386109941236356,-0.7232484828646979,0.4000755454300276,2.15625,0.9717694878416383,-0.7148111690886617,0.30378176570122034,2.9523748437500017,1.577279785961611,0.30316553057846124,0.7538388340804834,255.73473437500002,78.89924595830318,-0.5895845998075683,0.5238397019701669,1.0,0.9955964684486389,0.01484413631260395,1.1014959812164307,0.0698934942483902
122,2.410944189786398,0.953125,0.920232399076712,0.6888541642172179,0.29405039377876974,0.03125,0.0,61,0.035487282371160375,0.5053805708885193,1.5,0.984375,63,0.96875,52,0.8253968253968254,0.8715334925421748,28.12079365079365,21.458892654871384,-0.7289070779918914,0.3671058677477597,2.2698412698412698,1.0267277224632527,-0.6793017638723414,0.32096208445176816,3.1341566666666685,1.3919943432618616,0.39004561277071487,0.6652842457696274,268.3392222222222,71.87388890745223,-0.5058989944867661,0.4771958982296765,0.984375,0.9993420839309692,0.006432459224015474,1.0648607015609741,0.07093043625354767
123,2.475975799750488,0.96875,0.9312284680143479,0.6979192274275227,0.2644193291423782,0.015625,0.0,62,0.023632718874220592,0.3779766857624054,1.5,1.0,63,0.984375,47,0.746031746031746,0.8694324217705913,27.287460317460315,20.755538176076865,-0.7431632449515141,0.3550733010899681,2.253968253968254,1.3329553508074294,-0.6842637768283337,0.4166909283893449,3.037588253968256,1.292384321131481,0.3438920892896589,0.617677027561529,258.3684920634921,77.83159052517505,-0.5720981609215685,0.5167511639606625,0.984375,0.9987463355064392,0.0020757655147463083,1.0446383953094482,0.080113984644413
124,2.5114818999966753,0.984375,0.9210012829492963,0.6886274798716298,0.24972715607238194,0.015625,0.0,63,0.018447354335577128,0.3141200840473175,1.5,1.0,64,1.0,48,0.75,0.8616062708360082,24.44453125,16.37419711101199,-0.7917983706796085,0.2801199454132292,2.125,1.0825317547305484,-0.7245801320957717,0.33840680531150513,2.9546882812500015,1.2640982088065735,0.3042712057054994,0.6041580754228774,251.32298437500003,63.03433932277815,-0.6188757517963747,0.4185070354434172,1.0,0.9993782639503479,0.0037234043702483177,1.0230478048324585,0.08062686771154404
125,2.364588238039362,0.9375,0.9112691094477972,0.6802035504695023,0.2512549132108688,0.0625,0.0,60,0.017734434501168145,0.30906105041503906,1.5,1.0,64,1.0,45,0.703125,0.8680741994380112,29.31859375,21.407247156861644,-0.7084158321536453,0.36622234753695204,2.25,1.2624381172952597,-0.6855042800673319,0.3946467605319331,2.7379548437500016,1.463995014136184,0.20068648770846573,0.6996959603354241,249.84284375,69.80472935070797,-0.6287029233295947,0.46345802390187296,1.0,0.9969229698181152,0.012445887550711632,1.083790898323059,0.07441708445549011
126,2.4817910908709697,0.96875,0.9249447170765169,0.698638783204058,0.24959193855043382,0.03125,0.0,62,0.0253059803965624,0.3253968358039856,1.5,1.0,64,1.0,45,0.703125,0.8599668481528,26.3971875,23.344656807604682,-0.7583934984619075,0.3993663900771644,2.171875,1.1666550408646936,-0.7099266875851067,0.3647043179604968,2.8776068750000015,1.2148953099082709,0.2674312246609453,0.5806422374155682,251.75773437499998,64.09463019586799,-0.6159892944207,0.4255466775618552,1.0,0.9978862404823303,0.0021108179353177547,1.0446385145187378,0.07613037526607513
127,2.4250366163763526,0.953125,0.9210932714040162,0.6817885266338147,0.2538590797635375,0.046875,0.0,61,0.028639376182790204,0.2671157121658325,1.5,1.0,64,1.0,49,0.765625,0.8832397244342637,33.206562500000004,22.28466528655061,-0.641902794193091,0.3812326907572469,2.359375,1.1231538671860593,-0.651312909542447,0.3511055545546586,2.2942170312500014,1.2491550049992302,-0.011391799346032643,0.5970161799672863,238.3444375,66.13137757828994,-0.7050448658915693,0.43906935612281744,1.0,1.0004972219467163,0.016025641933083534,1.0648607015609741,0.0733046755194664
128,2.4327684993241157,0.953125,0.9397217650882533,0.6745971362473288,0.29422450004542455,0.046875,0.0,61,0.033855728327674944,0.34615176916122437,1.5,1.0,64,1.0,52,0.8125,0.8806606841233238,35.51203125,26.990394771779894,-0.6024622172888601,0.4617354890071443,2.6875,1.4563975247163805,-0.5487387979677927,0.45527979336322566,2.8562643750000016,1.487964898597742,0.25723087500861413,0.7111520316782319,272.31604687500004,75.02228468541655,-0.47949546406519905,0.4980991994714218,1.0,1.0006520748138428,0.019323671236634254,1.0648608207702637,0.06432150304317474
129,2.380211748678957,0.96875,0.8971615037129771,0.6798111318871386,0.336146445163796,0.03125,0.0,62,0.051050278615979265,0.34303969144821167,1.5,1.0,64,1.0,52,0.8125,0.8864059238881401,34.665000000000006,28.819595330260974,-0.6169527199928814,0.4930283552843538,2.6875,1.6476782908080085,-0.5487387979677927,0.5150754646566901,3.2164942187500016,1.5336296496310702,0.42939769527122035,0.7329768613526658,288.24865625000007,84.61117736616183,-0.3737132953608507,0.5617632132791089,1.0,0.9971673488616943,0.0027309968136250973,1.0446386337280273,0.07271625846624374
130,2.544001839968209,1.0,0.9225257821381092,0.722473455017509,0.32407395052723587,0.0,0.0,64,0.064027754595839,0.4407127797603607,1.5,1.0,64,1.0,57,0.890625,0.8746431697701484,37.31234375,27.049584836358132,-0.5716635505934653,0.46274807713871813,2.734375,1.4495924804492468,-0.5340853534571278,0.45315249014058967,2.9111653125000014,1.1811923893689082,0.28347001094586544,0.5645343974808728,287.783703125,65.71018799877038,-0.3768002818519365,0.43627293112371074,1.0,0.9976749420166016,0.000453103770269081,0.9999998807907104,0.07273571938276291
131,2.435940724138927,0.96875,0.9174252335102328,0.7018958355780257,0.29935112174960876,0.03125,0.0,62,0.03839873537467903,0.4024738669395447,1.5,1.0,64,1.0,52,0.8125,0.8793777895018603,31.219375000000003,24.34521852919737,-0.6758984063291812,0.4164834000248838,2.4375,1.3448396744593758,-0.6268905020246722,0.42040604896919725,2.9626735937500017,1.293639811323761,0.30808767423463773,0.6182770715557344,266.425328125,74.40947023650092,-0.5186060070990434,0.4940305099119217,1.0,0.9978969693183899,0.0009070294909179211,1.0446385145187378,0.07205742597579956
132,2.4369488346279526,0.96875,0.9220049438938018,0.6861857571793124,0.2955984355461213,0.03125,0.0,62,0.04686898284081342,0.35641756653785706,1.5,1.0,64,1.0,63,0.984375,0.8841782425011039,31.416875000000005,20.717231043490706,-0.6725196947597506,0.35441796563649686,2.40625,1.1554050967085094,-0.6366594650317822,0.3611875087350947,2.913661406250002,1.4541281960453023,0.28466298407530216,0.6949802524997469,263.905546875,68.57364362355487,-0.5353357165277949,0.4552844149835771,1.0,0.9986097812652588,0.002973240800201893,1.0446385145187378,0.07565287500619888
133,2.4652991864367535,0.96875,0.9461102956725705,0.7044820665198763,0.3011352425861743,0.03125,0.0,62,0.014592096099572842,0.3740939199924469,1.5,1.0,64,1.0,53,0.828125,0.8715829751225956,31.964375,25.023405161156123,-0.6631533930672785,0.42808541025086955,2.359375,1.266974589080223,-0.651312909542447,0.39606489253353644,2.7502614062500017,1.4362126270005564,0.20656823729348478,0.6864177566123443,263.805453125,67.80857138664557,-0.5360002739583793,0.4502048326922581,1.0,0.9993561506271362,0.004987531341612339,1.0446385145187378,0.06478895992040634
134,2.3962546703046406,0.953125,0.9295051928426399,0.7192580360150548,0.3299743393894101,0.046875,0.0,61,0.034791984612292055,0.3913666605949402,1.5,1.0,64,1.0,56,0.875,0.8805516319713566,28.836093750000003,20.40465783353671,-0.716670152823267,0.34907065059464565,2.3125,1.1439378261076953,-0.665966354053112,0.35760276178175476,2.997012500000001,1.3477622940788294,0.324499474652987,0.6441441559251367,261.344578125,62.57059976708431,-0.5523388841811829,0.415428106263602,1.0,0.9987679719924927,0.006413418799638748,1.0648607015609741,0.07599595934152603
135,2.4968701626703216,0.984375,0.9342496404572139,0.726924809043308,0.2866372043887774,0.015625,0.0,63,0.011880341744914308,0.2798018157482147,1.5,1.0,64,1.0,54,0.84375,0.8732818574731858,37.53968750000001,23.443354466721345,-0.5677742900447931,0.4010548504454337,2.703125,1.2077831901359615,-0.5438543164642378,0.37756125776151794,2.324076250000001,1.381367664232061,0.0028789970271870867,0.6602053730158702,251.75346875000002,63.63525524546342,-0.6160176153976823,0.42249672652379755,1.0,0.9990800619125366,0.0005186722264625132,1.0230478048324585,0.07826511561870575
136,2.4585038703226236,0.984375,0.9171417743440659,0.6786328719162397,0.27766433098013443,0.015625,0.0,63,0.02358314916219237,0.38310128450393677,1.5,1.0,64,1.0,53,0.828125,0.8798758302320234,32.48625,20.3780057215494,-0.6542254685088149,0.34861470224466445,2.53125,1.249609313945763,-0.5975836130033424,0.390636389160838,2.7430896875000013,1.4804164491030578,0.2031406145286641,0.7075443557181175,260.015109375,69.39210515233285,-0.5611656924138838,0.46071846746534206,1.0,0.9992064237594604,0.015625,1.023047685623169,0.07660587877035141
137,2.477145541388037,0.96875,0.9414073430722759,0.712305571306919,0.2604379939936823,0.03125,0.0,62,0.02247709499013867,0.370831161737442,1.5,1.0,64,1.0,57,0.890625,0.8749107924212223,28.28125,21.086209022427433,-0.7261620869870707,0.36073021964307217,2.40625,1.1821425199611086,-0.6366594650317822,0.3695458094922173,2.8284842187500012,1.2302785066599322,0.24395373750614716,0.5879944213507938,258.493359375,68.12352368339977,-0.5712691231474852,0.4522959111970353,1.0,0.9996576309204102,0.009113923646509647,1.0446383953094482,0.06901270896196365
138,2.487591254347977,0.984375,0.9401946077271114,0.6957661883076948,0.2928954132256054,0.015625,0.0,63,0.016064085330915915,0.30802130699157715,1.5,1.0,64,1.0,54,0.84375,0.8800028824531266,25.967031249999998,18.309764529453222,-0.7657523536443778,0.313232472147914,2.140625,0.9979226469897353,-0.7196956505922166,0.3119574215167985,3.0055276562500017,1.3768889805767108,0.32856917459883406,0.6580648487442642,255.423953125,63.62366736728896,-0.5916479852734314,0.4224197905458215,1.0,1.0000501871109009,0.009123162366449833,1.0230478048324585,0.08217409253120422
139,2.4139644183715,0.953125,0.9245161282234504,0.6841879373646084,0.28673125217195417,0.046875,0.0,61,0.04005935227243283,0.461789608001709,1.5,0.984375,64,0.984375,49,0.765625,0.8794948343686305,29.8334375,22.855899280789497,-0.6996081940039036,0.391005019391105,2.25,1.1319231422671772,-0.6855042800673319,0.3538468897183902,2.920305625000002,1.4303414638304865,0.2878384955859769,0.6836117162140497,251.64642187500002,72.51534214991268,-0.6167283370581462,0.48145473076067263,1.0,0.9975796937942505,0.0005086470046080649,1.0648607015609741,0.06612994521856308
140,2.403465642891815,0.96875,0.9254005892622855,0.6526545408534287,0.2993422538763092,0.015625,0.0,62,0.012281325690954917,0.34038272500038147,1.5,1.0,63,0.984375,48,0.7619047619047619,0.8909537636949565,32.675555555555555,24.100375863352212,-0.650986942581154,0.4122947785171306,2.5396825396825395,0.9892340603735165,-0.5949475436204715,0.3092413101171853,2.7608073015873034,1.464238363348757,0.21160850061021746,0.6998122656912102,253.99404761904762,58.33245062500263,-0.6011416282732575,0.38728955111611074,0.984375,0.9991849064826965,0.002139037474989891,1.0446385145187378,0.06823959946632385
141,2.50233350711202,1.0,0.9274762501008809,0.6654457704808945,0.28209133143536747,0.0,0.0,64,0.014258455476500979,0.3061720132827759,1.5,1.0,64,1.0,53,0.828125,0.8787118467841731,31.715156250000003,23.7425998992441,-0.6674168779986406,0.4061741618629724,2.6875,1.3678792892649556,-0.5487387979677927,0.42760838960067793,2.9729565625000016,1.5419832496093098,0.313002275462891,0.7369693477358801,276.4083125,83.97082499108608,-0.45232548063448724,0.5575116897918903,1.0,0.9990587830543518,0.0041782730259001255,1.0,0.0696156695485115
142,2.486162118366336,0.984375,0.9249112473593818,0.7018944228136971,0.2771325006134926,0.015625,0.0,63,0.024715808502285885,0.3398854434490204,1.5,1.0,64,1.0,57,0.890625,0.875347569600947,30.986718750000005,24.868901391515035,-0.6798785499422207,0.4254422524077962,2.5,1.1726039399558574,-0.6073525760104523,0.3665639843654443,2.9985401562500016,1.4068733993021696,0.3252295966114536,0.6723954826963124,272.0585625,70.50850217413394,-0.48120499292854557,0.4681306179374737,1.0,0.9993935227394104,0.001962708542123437,1.0230478048324585,0.06247527152299881
143,2.425403909250858,0.953125,0.9341398702293146,0.6892932747374212,0.2681691558634649,0.046875,0.0,61,0.014746349377822977,0.3503935635089874,1.5,1.0,64,1.0,48,0.75,0.8725490600002666,28.996718750000003,20.331429107318023,-0.7139222766417997,0.34781789745798875,2.546875,1.1170509094821954,-0.5926991314997875,0.3491977283772825,2.7988026562500012,1.3629076526965744,0.22976784945519133,0.651382668447613,253.28684375,62.02526205588003,-0.6058370022213156,0.41180741837691015,1.0,0.9976741075515747,0.0,1.0648605823516846,0.0788656622171402
144,2.5394092420441114,1.0,0.9206749061122537,0.6911971010251963,0.2780201476998627,0.0,0.0,64,0.02839969567188549,0.34522169828414917,1.5,1.0,64,1.0,51,0.796875,0.8641450432208322,35.309687499999995,24.2535657796404,-0.6059237928287435,0.41491545974489263,2.59375,1.1554050967085094,-0.5780456869891225,0.3611875087350947,2.8096457812500013,1.5171004463684232,0.23495016953596612,0.7250769596188739,266.11468750000006,58.5431201415021,-0.5206684589063243,0.38868825975263693,1.0,0.9992921948432922,0.000992555869743228,0.9999999403953552,0.06792335957288742
145,2.404049272310602,0.9375,0.9359777460495631,0.7099659629480403,0.26761992517858746,0.0625,0.0,60,0.03142089215239504,0.3509026765823364,1.5,1.0,64,1.0,52,0.8125,0.886349400313951,29.20015625,23.275387784913185,-0.7104419898827818,0.3981813771740206,2.46875,1.39159025488827,-0.6171215390175623,0.43502059907386237,2.680214375000001,1.439177716638346,0.1730902374875678,0.6878348797729842,252.502328125,71.38459324870432,-0.6110456759697077,0.47394729313921397,1.0,0.997692346572876,0.004262120462954044,1.083790898323059,0.06905888766050339
146,2.412955754583003,0.953125,0.931751754440245,0.6776415176013594,0.2919817698783562,0.046875,0.0,61,0.03580804282421615,0.28853553533554077,1.5,1.0,64,1.0,43,0.671875,0.8774480641850652,32.89953125,24.495089650127298,-0.647155300707277,0.4190473052917672,2.421875,1.3323462329195817,-0.6317749835282273,0.4165005139857176,2.734799218750002,1.552729004573788,0.199178300833843,0.7421051311687465,258.130921875,72.29220233112648,-0.5736754725324104,0.4799732274237153,1.0,0.9986786842346191,0.006605691276490688,1.0648607015609741,0.06727047264575958
147,2.482831300498604,0.96875,0.9295522320655084,0.6782541930659901,0.28116453174621825,0.015625,0.0,62,0.0468688321163378,0.3491908013820648,1.5,1.0,63,0.984375,48,0.7619047619047619,0.8830750181193462,31.1815873015873,21.9269975800906,-0.6765448556142908,0.37511392611001587,2.365079365079365,1.2123908859637023,-0.6495296861363873,0.3790016548843728,2.9309774603174614,1.4532059099971681,0.29293895015644356,0.6945394587703134,257.7592698412699,72.27881086068813,-0.576143000431076,0.47988431676559473,0.984375,0.9992404580116272,0.009240246377885342,1.0446385145187378,0.08065149188041687
148,2.466250780479424,0.96875,0.9282198923249398,0.7022424849813189,0.280041961059455,0.03125,0.0,62,0.046787548524440295,0.4003793001174927,1.5,1.0,64,1.0,51,0.796875,0.8880928174653777,36.31375,23.76271452428152,-0.588746893663268,0.40651827080640873,2.765625,1.41136223535101,-0.5243163904500179,0.4412014549368322,2.534402656250001,1.3264685668018148,0.10340156396490673,0.6339671165142461,261.51915625000004,66.31016624432932,-0.5511797989217514,0.44025639663754185,1.0,0.9986814260482788,0.004800768103450537,1.0446385145187378,0.07542838156223297
149,2.424925792383517,0.953125,0.9236394567567794,0.6721138335897847,0.2556408362799003,0.046875,0.0,61,0.039875922405626485,0.35208234190940857,1.5,1.0,64,1.0,46,0.71875,0.8796195713347322,30.915625000000002,23.026058259814576,-0.6810947791859635,0.3939159971686975,2.453125,1.3454749103476438,-0.6220060205211173,0.42060462803778215,2.8397271875000016,1.4824894667147621,0.24932715732014452,0.7085351255189761,256.691546875,75.16548590982639,-0.5832319868167396,0.49904996250857747,1.0,0.9990116953849792,0.00897755566984415,1.0648608207702637,0.07820609956979752
150,2.5043768957619776,0.984375,0.9258191595001827,0.684845944051264,0.23498280015256667,0.015625,0.0,63,0.03521137970783997,0.3358694612979889,1.5,1.0,64,1.0,57,0.890625,0.8809803933127629,31.840312500000003,20.55081134109658,-0.6652757799233924,0.3515709571612552,2.890625,1.3360060289441062,-0.48524053842157816,0.41764459116898633,2.5967335937500016,1.305439247123081,0.13319176458140503,0.6239164470203379,267.8231875,71.78665034058285,-0.5093251295760416,0.4766166908581218,1.0,0.9996054768562317,0.0,1.023047924041748,0.07502920180559158
151,2.4554362745259715,0.96875,0.9241122925473798,0.6932156950337739,0.2642464725480925,0.03125,0.0,62,0.026389707348024913,0.30436140298843384,1.5,1.0,64,1.0,52,0.8125,0.8752162106006557,30.7409375,20.956443275186125,-0.6840832281848745,0.35851026505309747,2.625,1.2686114456365274,-0.5682767239820126,0.39657658505022386,2.9604214062500014,1.3022206869635573,0.3070112726892418,0.6223781811656253,265.943234375,63.39749782689138,-0.5218067961972708,0.42091817182694036,1.0,0.9996781945228577,0.0014326648088172078,1.0446385145187378,0.07958047091960907
152,2.452210426405398,0.96875,0.933314910338771,0.6904612988453676,0.25328369979416165,0.03125,0.0,62,0.01840194489062396,0.28171873092651367,1.5,1.0,64,1.0,55,0.859375,0.8777023983338599,25.681250000000002,24.17643141444783,-0.7706413279010933,0.41359589127868085,2.203125,1.1205423840154374,-0.7001577245779967,0.35028918711505874,2.9744862500000018,1.5181560592052346,0.31373336822891196,0.725581475023956,256.600515625,77.22862129498857,-0.583836375138716,0.5127478402532979,1.0,0.9994606375694275,0.004028197377920151,1.0446385145187378,0.07782081514596939
153,2.461464864031316,0.96875,0.9388601587664697,0.7004683001669111,0.2685568719621627,0.03125,0.0,62,0.008808095304498397,0.31949692964553833,1.5,1.0,64,1.0,51,0.796875,0.8645086194848904,28.233125000000005,19.546872182253992,-0.7269853806289889,0.33439616804233957,2.3125,1.1439378261076953,-0.665966354053112,0.35760276178175476,3.0567684375000015,1.237012843107616,0.3530589900004327,0.5912130033558454,263.885,68.07262777931565,-0.5354721344205859,0.45195799548056553,1.0,0.997803270816803,0.008399209938943386,1.0446385145187378,0.07750958204269409
154,2.5821075303763634,1.0,0.9486118154600263,0.7006530873723591,0.2621067283907905,0.0,0.0,64,0.019214442905417628,0.3433307707309723,1.5,1.0,64,1.0,51,0.796875,0.8628195839977683,20.739843750000002,18.11009374045551,-0.8551759429194806,0.3098166240220208,1.875,0.875,-0.8027318361526511,0.27353096419907824,3.1821853125000024,1.2301468982350874,0.41300023293367566,0.587931520943128,246.24292187500004,56.91628901957265,-0.6526040643254473,0.377887158681054,1.0,0.9999346137046814,0.0026288118679076433,0.9999998807907104,0.08204252272844315
155,2.520077319972728,0.984375,0.9412762276710026,0.7027411851011305,0.29539776203178225,0.015625,0.0,63,0.025477336344408436,0.3604602813720703,1.5,1.0,64,1.0,47,0.734375,0.8716613008400123,22.775937499999998,18.52650632529225,-0.8203436719849478,0.3169403608222455,2.03125,0.9677414104501264,-0.7538870211171014,0.3025225612523417,3.101632500000002,1.262255579302882,0.3745011417785303,0.6032774163989881,250.16751562500002,63.31146892496856,-0.6265473131438142,0.42034699584424606,1.0,0.9993837475776672,0.007886434905230999,1.0230478048324585,0.07888680696487427
156,2.300647870806869,0.90625,0.9108600133451922,0.7155489296638717,0.25905036797811243,0.078125,0.0,58,0.01741620868613273,0.349841833114624,1.5,1.0,63,0.984375,47,0.746031746031746,0.8668882099371067,26.772539682539684,19.220886867226262,-0.7519721984023742,0.32881940674943494,1.8888888888888888,1.0406211684497626,-0.7983900748161579,0.32530527036804,2.7604720634920654,1.2728450976194396,0.2114482782469419,0.6083385287091043,234.2776666666667,69.24775937581974,-0.7320455804793884,0.4597601053462764,0.984375,0.9976820349693298,0.015319598838686943,1.1180340051651,0.08048439770936966
157,2.40519630316422,0.953125,0.9365458224640518,0.6889667674233526,0.3055142257057253,0.03125,0.0,61,0.0186017884014256,0.3203802704811096,1.5,1.0,63,0.984375,43,0.6825396825396826,0.8762755869680416,29.500317460317465,22.418576124606457,-0.705307011887876,0.3835235570752795,2.2857142857142856,1.2140522651411392,-0.6743397509163491,0.37952101333957805,2.890679047619049,1.6409298323155754,0.27367888690435255,0.7842594843415837,257.40792063492063,71.55845385113582,-0.5784757307544902,0.47510161451524086,0.984375,0.9980031251907349,0.009077155962586403,1.0648608207702637,0.08257640898227692
158,2.5299671616031425,1.0,0.9413380343466997,0.6749679889869982,0.2901506299385801,0.0,0.0,64,0.016825013675340138,0.32010310888290405,1.5,1.0,64,1.0,51,0.796875,0.8639212570808417,27.711875,25.422279345278522,-0.7359026130622329,0.43490911060854814,2.28125,1.2926323674966522,-0.6757353170602219,0.40408568895576746,3.061520156250002,1.3544415724818724,0.3553300075803575,0.6473364237070884,261.110015625,64.49939229764406,-0.5538962266956894,0.42823403478799715,1.0,0.999538779258728,0.0015060240402817726,0.9999999403953552,0.07260762155056
159,2.42483919198063,0.953125,0.9457491606962486,0.6916649348904726,0.3029150714884039,0.046875,0.0,61,0.02026344700122373,0.3046363592147827,1.5,1.0,64,1.0,47,0.734375,0.8723290095634066,31.340625000000003,23.816062389370227,-0.673824134036556,0.4074309140923816,2.375,1.4086784586980805,-0.6464284280388921,0.44036248806189415,2.783450781250002,1.2372098375153284,0.22243063531350793,0.5913071540803726,251.92315625000003,63.748576267488836,-0.6148910007089304,0.42324910444178326,1.0,0.9993013143539429,0.002568053314462304,1.0648609399795532,0.07603468745946884
160,2.5180347952242617,0.984375,0.9396626883082919,0.7082455081988673,0.2812495806387493,0.015625,0.0,63,0.008021236087842491,0.30077481269836426,1.5,0.984375,64,0.984375,48,0.75,0.8538397431013018,27.532656250000002,22.362247150763626,-0.7389685799689867,0.3825599147683584,2.140625,1.1438311105119496,-0.7196956505922166,0.3575694017591269,3.1122918750000013,1.2327241019066222,0.37959564111437727,0.5891632594261982,260.254046875,63.380520886603485,-0.5595793027434981,0.4208054559798779,1.0,0.9980903267860413,0.0010531859006732702,1.0230478048324585,0.07931254059076309
161,2.43164785741559,0.953125,0.9376402047813915,0.6885236101706588,0.2983576434313274,0.046875,0.0,61,0.030958735326976905,0.40192487835884094,1.5,1.0,64,1.0,45,0.703125,0.8617683340698414,29.001718750000002,23.93563978115894,-0.7138367396400419,0.40947657240670493,2.28125,1.2558457060881325,-0.6757353170602219,0.39258592785321045,3.104315937500002,1.2711499730407996,0.37578365323549073,0.6075283676030301,264.38248437500005,64.54047125641212,-0.5321691615775683,0.42850677236941426,1.0,0.9964672923088074,0.011044176295399666,1.0648605823516846,0.06960509717464447
162,2.3984027160545773,0.953125,0.9398689729268433,0.6711416853814587,0.28545561335125913,0.046875,0.0,61,0.028825087147308776,0.2780221700668335,1.5,1.0,64,1.0,47,0.734375,0.8909696293847063,29.45625,24.908838949507466,-0.7060608915740029,0.42612548020143587,2.25,1.3693063937629153,-0.6855042800673319,0.4280545121942091,2.723328125000002,1.4096477499016336,0.19369585186372834,0.6737214447988162,249.4561875,67.98556174932365,-0.6312700694702806,0.45137993364171297,1.0,0.9988861083984375,0.006191950291395187,1.0648608207702637,0.08459751307964325
163,2.3792662794933954,0.9375,0.9285595387220382,0.700693562362826,0.2758309319615364,0.0625,0.0,60,0.020026230092501835,0.265413761138916,1.5,1.0,64,1.0,50,0.78125,0.8774896364796607,27.372656250000002,21.497875930120074,-0.7417057640252342,0.3677727702444536,2.140625,1.0587018510303077,-0.7196956505922166,0.33095741498476455,2.8847653125000017,1.5748357264320563,0.27085249983790977,0.7526707299796249,254.8074375,71.98777011558873,-0.5957412482360538,0.4779519954192714,1.0,0.9974643588066101,0.015197568573057652,1.0837910175323486,0.07550814747810364
164,2.4091645009772478,0.953125,0.9203767512665421,0.6922320285813868,0.27343397477611164,0.046875,0.0,61,0.0320065297468448,0.36082300543785095,1.5,1.0,64,1.0,50,0.78125,0.8851212399056597,27.792500000000004,20.49268932143851,-0.7345233289088894,0.35057664050172416,2.3125,1.1301963325015703,-0.665966354053112,0.3533070772153332,3.1276120312500018,1.5683624418862232,0.38691769572271056,0.7495769140833368,270.24267187500004,76.29042058252114,-0.4932613261958256,0.5065187974324468,1.0,0.9994123578071594,0.0024166263174265623,1.0648608207702637,0.08126530051231384
165,2.471105122773394,0.96875,0.9419039718566402,0.7036738415632842,0.2863398993447903,0.03125,0.0,62,0.03828309837225019,0.3222716152667999,1.5,1.0,64,1.0,57,0.890625,0.8800844926811795,28.18625,26.296391179447042,-0.7277872900204677,0.4498628917076942,2.265625,1.2150384188884729,-0.6806197985637769,0.3798292917228429,3.0139650000000016,1.2746349907718695,0.33260168514759403,0.6091939831308026,262.235828125,68.63680634337047,-0.5464215635691754,0.4557037743820346,1.0,0.9989655017852783,0.0004914004821330309,1.0446383953094482,0.08401315659284592
166,2.494234759472272,0.984375,0.919349749883016,0.7109908570288114,0.29724605890020495,0.015625,0.0,63,0.04406457391451671,0.40929555892944336,1.5,1.0,64,1.0,52,0.8125,0.8718201058407417,30.7928125,25.852660493454902,-0.6831957817916381,0.44227181321416004,2.359375,1.315380024698186,-0.651312909542447,0.41119676165017394,3.2603700000000018,1.2356232707259032,0.4503675118353156,0.5905488766527557,277.501734375,64.5916874898684,-0.44506587020132343,0.428846814864674,1.0,0.9980650544166565,0.004705882165580988,1.0230478048324585,0.0670628622174263
167,2.464288480265923,0.96875,0.9348285121302451,0.6817726346467178,0.2861482295538148,0.015625,0.0,62,0.03486967035570257,0.3103416860103607,1.5,1.0,63,0.984375,51,0.8095238095238095,0.8832844203537528,28.132380952380952,22.29061484580633,-0.7287088493846433,0.3813344722493498,1.9841269841269842,0.9998740157475317,-0.7686179970802037,0.3125674326914591,3.126387460317462,1.595313230729184,0.3863324291566576,0.762457667022512,263.06895238095234,58.720202066882514,-0.5408901601109873,0.3898639686189118,0.984375,0.9988964200019836,0.006806028075516224,1.0446386337280273,0.07346495240926743
168,2.4444925547964607,0.953125,0.944065230791686,0.6730929933195939,0.2822334249732924,0.046875,0.0,61,0.035382615432803244,0.2845640778541565,1.5,1.0,64,1.0,45,0.703125,0.8851991205028938,29.1240625,23.06039087366244,-0.7117437561282823,0.394503338938908,2.171875,0.9771560696096606,-0.7099266875851067,0.30546564787807096,2.726185625000002,1.6542241065128884,0.19506155406035658,0.7906132969308566,243.42698437500002,81.22695145306844,-0.6713000587275508,0.5392941532496703,1.0,0.9981598854064941,0.008937960490584373,1.0648608207702637,0.07921139895915985
169,2.397790573287367,0.9375,0.9379892031351725,0.7150772242809608,0.3110359784215688,0.0625,0.0,60,0.040143318290575825,0.25090885162353516,1.5,1.0,64,1.0,52,0.8125,0.885725098066229,34.286718750000006,20.9268605097826,-0.6234241287821151,0.35800418084183344,2.375,1.125,-0.6464284280388921,0.3516826682559578,2.8538748437500017,1.3206364692190011,0.25608883193703524,0.63117974696751,261.25,71.40257487216414,-0.5529668214473905,0.4740666794294088,1.0,0.9993941187858582,0.003931203857064247,1.0837911367416382,0.0813899040222168
170,2.4411186665457514,0.96875,0.9156795898752828,0.6620617905565553,0.2768901474773884,0.03125,0.0,62,0.05287746892379998,0.4534319341182709,1.5,1.0,64,1.0,53,0.828125,0.8743869292499749,33.011562500000004,25.611348755163085,-0.6452387372616427,0.43814359669767416,2.453125,1.286099815090182,-0.6220060205211173,0.40204356854614137,2.769850468750002,1.6083118595561148,0.21593055599379507,0.7686701800381179,268.86809375,83.71255184310756,-0.502387631353612,0.5557969239887359,1.0,0.9982123970985413,0.000971345289144665,1.0446386337280273,0.07283183187246323
171,2.460005145144969,0.96875,0.9085337279304382,0.70953630677054,0.2562687546014786,0.03125,0.0,62,0.013284217708905668,0.33749303221702576,1.5,1.0,64,1.0,49,0.765625,0.8558982904757646,29.70640625,26.041021327368497,-0.7017813684548111,0.4454941774104712,2.265625,1.360631603107542,-0.6806197985637769,0.4253427135059926,2.8103601562500016,1.4544959279372072,0.2352915950851233,0.6951560048190977,253.39687500000002,61.05065564387395,-0.6051064662509481,0.40533666537791085,1.0,0.9996378421783447,0.0010672358330339193,1.0446385145187378,0.06642398238182068
172,2.363186864065497,0.9375,0.9275494088729223,0.6832344235105812,0.2712070718407631,0.046875,0.0,60,0.012140222714210738,0.2968367636203766,1.5,1.0,63,0.984375,47,0.746031746031746,0.868085992810191,36.25396825396825,26.5896081586536,-0.5897696039263477,0.45487907196085214,2.6507936507936507,1.404739485069053,-0.5602134529285251,0.43913113805651977,2.7377760317460327,1.5604913690820263,0.2006010270097417,0.7458150448205154,270.31246031746036,78.51257325226882,-0.492797976306288,0.5212724465721105,0.984375,0.9980496764183044,0.00048053820501081645,1.0837911367416382,0.07193318754434586
173,2.49820217314193,0.984375,0.9243712439423516,0.7019650597801498,0.2602313432901625,0.015625,0.0,63,0.01730360866420445,0.33165112137794495,1.5,1.0,64,1.0,49,0.765625,0.8726840985874624,26.673593750000002,21.179999953315885,-0.7536649060834877,0.36233473864712523,2.109375,1.1335396373197542,-0.7294646135993266,0.3543522170902238,2.945900937500002,1.3991071128744934,0.30007141754735384,0.66868369461795,252.83484375,66.88712103242928,-0.6088379883830294,0.44408700136104284,1.0,0.9978808164596558,0.006201550364494324,1.0230478048324585,0.07434894144535065
174,2.460656354897269,0.984375,0.933960169080704,0.6792909410994393,0.3247410427956354,0.015625,0.0,63,0.014164592763356361,0.2694360613822937,1.5,1.0,64,1.0,49,0.765625,0.8733722614916224,35.0,24.149718101356793,-0.6112217408751132,0.4131388959369163,2.359375,1.266974589080223,-0.651312909542447,0.39606489253353644,2.9840893750000017,1.4220114535303465,0.3183230476364342,0.6796305041878602,270.57078125,67.20640156671017,-0.49108289324471194,0.4462068165492763,1.0,0.9989309310913086,0.002288329415023327,1.0230478048324585,0.0755695104598999
175,2.4751850121899306,1.0,0.9222793513908982,0.676914185654551,0.3285277378745377,0.0,0.0,64,0.016170245777504123,0.3535335659980774,1.5,0.984375,64,0.984375,48,0.75,0.8709647619881842,33.24453125,30.82943428819727,-0.6412532475859932,0.5274114749799064,2.453125,1.570526260326455,-0.6220060205211173,0.4909572140423632,2.902835156250002,1.2870003230610916,0.2794887291649799,0.6151038209153794,266.4039375,82.26912666533755,-0.5187480269433254,0.5462135191569727,1.0,0.9991227984428406,0.0014851485611870885,1.0,0.07961220294237137
176,2.365034944830649,0.9375,0.9312168429295222,0.6692507679127075,0.2753802951425314,0.0625,0.0,60,0.01874139295632321,0.3795381486415863,1.5,1.0,64,1.0,53,0.828125,0.8757191034732134,31.26859375,28.771054728840944,-0.6750564014681285,0.4921979517825565,2.34375,1.277433339748106,-0.656197391046002,0.3993343692815407,2.6702510937500015,1.6147836327567608,0.16832842643288753,0.7717632736080923,253.717796875,86.27489704484944,-0.6029757536273503,0.5728092303868796,1.0,0.9969547390937805,0.0020283975172787905,1.0837910175323486,0.07951982319355011
177,2.431709225152547,0.96875,0.932434085876711,0.6553634029447121,0.294644970446825,0.03125,0.0,62,0.013601389023286054,0.32138994336128235,1.5,1.0,64,1.0,49,0.765625,0.8671017251670939,36.784687500000004,26.026916774319307,-0.5806903773102112,0.4452528851746791,2.4375,1.1439378261076953,-0.6268905020246722,0.35760276178175476,2.5185526562500016,1.5582362417472235,0.09582627793986534,0.7447372382221545,250.120203125,79.78559291316711,-0.6268614373866819,0.5297244695498655,1.0,0.9981256723403931,0.005741127301007509,1.0446386337280273,0.07011506706476212
178,2.4922838515994385,0.984375,0.9392039028425065,0.6880859295889087,0.2867642551187485,0.0,0.0,63,0.01462212201871094,0.30673253536224365,1.5,1.0,63,0.984375,45,0.7142857142857143,0.8688909861420007,32.80492063492064,25.247918843858834,-0.6487738423769457,0.43192625570526505,2.3968253968253967,1.1203695895251617,-0.6396056602244027,0.350235170379592,2.7398320634920648,1.3307397732066772,0.2015836786534489,0.6360084799330993,262.5323492063492,56.570788520353574,-0.5444528563528364,0.37559325997082915,0.984375,1.000964641571045,0.006724303588271141,1.0230478048324585,0.08093216270208359
179,2.4729533041956597,1.0,0.9309745635837317,0.684001393865872,0.3272763629211113,0.0,0.0,64,0.01819384841342845,0.38080310821533203,1.5,1.0,64,1.0,55,0.859375,0.8757821329901041,39.830312500000005,29.718106221668027,-0.5285876511145304,0.5083995408238797,2.84375,1.5126420387851185,-0.499893982932243,0.4728622118365177,2.971000156250002,1.4688381018283783,0.31206723843292716,0.7020106464245554,287.88700000000006,76.8447700263737,-0.3761144577536545,0.5101993173655335,1.0,0.9982267618179321,0.0032558138482272625,0.9999999403953552,0.07387901097536087
180,2.3688856273721703,0.953125,0.9349142957906253,0.6625138322977959,0.29676080067626764,0.046875,0.0,61,0.022488953188254644,0.2962906062602997,1.5,1.0,64,1.0,54,0.84375,0.8819360880078235,39.8228125,32.27968093808927,-0.5287159566171671,0.5522214250280989,2.953125,1.624323777568684,-0.4657026124073583,0.5077746846284015,2.738874687500002,1.5045589674645627,0.2011261141756328,0.7190829350211597,287.4802031250001,94.53257527933495,-0.37881532455122796,0.6276348456735514,1.0,0.9985088109970093,0.0017985611921176314,1.0648608207702637,0.07475113123655319
181,2.3161740357917755,0.921875,0.9178731608188758,0.685714395650209,0.26829175032296426,0.0625,0.0,59,0.008072967816015662,0.3173651099205017,1.5,1.0,63,0.984375,51,0.8095238095238095,0.8760237490805268,32.661428571428566,25.837518546212028,-0.6512286185543743,0.4420127738605742,2.4285714285714284,1.3768411709334247,-0.629681634312418,0.43040993489646584,2.6160206349206354,1.5181252352923151,0.14240973640754415,0.7255667431654843,252.294634920635,74.04700377941022,-0.612424623828516,0.49162396827073895,0.984375,0.9986374378204346,0.0,1.1014961004257202,0.07890915870666504
182,2.4156402008835394,0.96875,0.9064453614334906,0.6950434362485755,0.2602562510198162,0.015625,0.0,62,0.016587278868291457,0.2682039141654968,1.5,1.0,63,0.984375,51,0.8095238095238095,0.869053191423544,35.43793650793651,24.559415558343353,-0.6037297857052847,0.4201477543565961,2.6507936507936507,1.3232803175026244,-0.5602134529285251,0.4136664470310346,2.6416034920634934,1.27551884080733,0.15463670550501601,0.6096164069050523,264.4050476190476,70.41558924561565,-0.5320193563051124,0.46751373649338585,0.984375,0.9972885847091675,0.007801072672009468,1.0446386337280273,0.0723569393157959
183,2.440109907919439,0.953125,0.9460477223161792,0.7121681186752495,0.27501556839122143,0.046875,0.0,61,0.0179526923499218,0.3370155394077301,1.5,1.0,64,1.0,51,0.796875,0.8812252052292272,33.406718749999996,21.940217641830685,-0.6384786410914768,0.3753400869988757,2.3125,1.0734727523323542,-0.665966354053112,0.3355748994136082,2.5621789062500016,1.3932520053335633,0.11667683452976899,0.6658853277832544,250.28746875000002,69.54695488255777,-0.6257509023735061,0.46174656900859445,1.0,0.9975392818450928,0.0025693729985505342,1.0648608207702637,0.074549600481987
184,2.3980367447413675,0.953125,0.92595217853296,0.6731123277991862,0.2810794444846325,0.046875,0.0,61,0.03155449561520954,0.3694314658641815,1.5,1.0,64,1.0,43,0.671875,0.8797325375051739,30.549687500000005,23.10034239253487,-0.6873550185021079,0.39518680556691105,2.171875,1.2444211442976207,-0.7099266875851067,0.389014531965084,2.8148476562500013,1.3901224955542855,0.23743633300546224,0.664389622313463,252.597984375,81.38007887577825,-0.6104105806543726,0.5403108197906682,1.0,0.9992907047271729,0.0030565462075173855,1.0648608207702637,0.08022454380989075
185,2.5049072364997684,0.984375,0.9363883747940972,0.6995354567230124,0.2692447489216214,0.015625,0.0,63,0.02097076113126902,0.22834567725658417,1.5,1.0,64,1.0,47,0.734375,0.8720942180153038,23.425937500000003,16.92349658377647,-0.809223861756442,0.2895170314067049,2.1875,0.9499177595981665,-0.7050422060815518,0.29695076650595964,2.937115312500002,1.4059978519520069,0.29587245084175395,0.6719770270744859,251.82809375000002,64.1998712205968,-0.6155221539102533,0.4262454095504741,1.0,0.9998010993003845,0.0021367522422224283,1.0230478048324585,0.07840798795223236
186,2.529905534545735,0.984375,0.9424385541961307,0.7038480040713918,0.27351472408525523,0.015625,0.0,63,0.02804589954250751,0.29850199818611145,1.5,1.0,64,1.0,46,0.71875,0.8581352789378969,28.010624999999997,19.713840860785474,-0.7307917772072082,0.33725256807214643,2.296875,1.1816260975346644,-0.6708508355566669,0.3693843723216581,3.0397729687500017,1.2857788207258385,0.3449362431921737,0.6145200209425214,259.259203125,53.66184817015594,-0.566184418510793,0.3562797871031438,1.0,0.9997005462646484,0.013967925682663918,1.0230478048324585,0.07914175093173981
187,2.5043634582450256,0.984375,0.9219669184041401,0.7073932904400101,0.25508799368426915,0.015625,0.0,63,0.008383493474577848,0.27702897787094116,1.5,1.0,64,1.0,45,0.703125,0.844971752634943,25.50640625,21.00506526465607,-0.7736324499313092,0.35934206089284854,2.28125,1.268226492981439,-0.6757353170602219,0.39645624622631837,3.291389843750002,1.2458353635958153,0.46519301270965957,0.5954296037444826,270.66650000000004,72.70444961795673,-0.4904473829700068,0.48271028141261263,1.0,0.9989525079727173,0.0,1.0230478048324585,0.07043594121932983
188,2.440829767942856,0.96875,0.9394544862931774,0.6803508839842759,0.2950860142948166,0.03125,0.0,62,0.024207280964149955,0.27252888679504395,1.5,1.0,64,1.0,49,0.765625,0.8769772439828759,29.543437500000003,20.151531829084206,-0.7045693401058523,0.34474032269708915,2.484375,1.145537367079311,-0.6122370575140074,0.35810278919231703,2.8489568750000016,1.337126862442468,0.2537383574926525,0.6390610999853755,257.9353125,59.08213204405454,-0.5749741916197476,0.39226694838219195,1.0,0.9987765550613403,0.02767811343073845,1.0446386337280273,0.08582004904747009
189,2.4696756459604003,0.96875,0.9364733474869882,0.6993557349595477,0.27308517946831645,0.015625,0.0,62,0.01936053866666097,0.3315095603466034,1.5,1.0,63,0.984375,49,0.7777777777777778,0.8680041386733139,31.783333333333335,26.202656475044787,-0.6662505453392567,0.44825933459265094,2.3015873015873014,1.24256417719244,-0.6693777379603568,0.38843403139049426,2.832164285714287,1.4143950137204215,0.2457125740894766,0.6759903332066175,256.02326984126984,58.195453891396035,-0.5876689118840299,0.386379981864444,0.984375,0.9987608194351196,0.010741688311100006,1.0446385145187378,0.0754646584391594
190,2.4144695303657553,0.953125,0.921111563190085,0.7071264020337903,0.2649612357137633,0.046875,0.0,61,0.031034126666806383,0.30288711190223694,1.5,1.0,64,1.0,48,0.75,0.8756058158235865,28.265,21.860283406785925,-0.7264400822427833,0.37397262003817033,2.515625,1.4141272429930059,-0.6024680945068974,0.44206581517264126,2.646294687500001,1.349454498433962,0.15687879681296021,0.6449529213511904,249.53164062500002,73.7651799869795,-0.6307691097712029,0.48975284149833576,1.0,0.9976050853729248,0.0036157025024294853,1.0648605823516846,0.07095415145158768
191,2.534337899795857,1.0,0.9306410420686007,0.7052444751513085,0.2655770363053307,0.0,0.0,64,0.010101236584243393,0.2663941979408264,1.5,1.0,64,1.0,48,0.75,0.8749789751733362,29.42640625,23.762675786250608,-0.7065714405532443,0.40651760809940507,2.390625,1.0842218912081605,-0.6415439465353372,0.33893515349476144,2.807146406250001,1.4708179554984961,0.23375562817894152,0.7029568898213296,246.89503125000002,47.883067292549015,-0.6482744820017775,0.31791243877289094,1.0,0.9997637867927551,0.00533617939800024,1.0,0.0694945678114891
192,2.458875804529458,0.953125,0.9324323183200398,0.7248283017064628,0.26379043254695955,0.046875,0.0,61,0.02711872863043985,0.2555529773235321,1.5,1.0,64,1.0,48,0.75,0.870462575024126,26.864843750000006,22.155172646034288,-0.7503931157662542,0.37901740831335523,2.0625,1.0439558180306292,-0.7441180581099914,0.32634770455674916,2.681123125000001,1.230440475388636,0.17352456185193718,0.5880718320414591,239.842609375,65.55077426354734,-0.6950979785801895,0.43521452755426066,1.0,0.9976474046707153,0.005396653898060322,1.0648607015609741,0.06964556872844696
193,2.374870548395325,0.9375,0.9243397732575734,0.6877720278481364,0.2867199944953124,0.0625,0.0,60,0.04407068866064021,0.3229275345802307,1.5,1.0,64,1.0,57,0.890625,0.8772799855471791,30.732656249999998,21.01505132058535,-0.6842248988440358,0.3595128963495636,2.3125,1.2975337182516684,-0.665966354053112,0.40561788461050746,2.988746718750002,1.7759076344885034,0.3205489600038281,0.8487702388205374,261.92871875000003,81.13535872222052,-0.5484605701720681,0.5386860370598735,1.0,0.9987154006958008,0.0004716981202363968,1.0837910175323486,0.07443229109048843
194,2.5509870766625875,1.0,0.9429314280860126,0.7169594252328091,0.2874568053521216,0.0,0.0,64,0.011856150623409965,0.2440337985754013,1.5,1.0,64,1.0,54,0.84375,0.8660541246878153,25.015781250000003,19.057812358443677,-0.782025768228787,0.3260296258405594,2.28125,1.1245658884654113,-0.6757353170602219,0.35154696203124236,3.0792346875000014,1.2186462129141113,0.363796420262899,0.5824349290951537,262.596265625,56.595310395452124,-0.5440284928840811,0.3757560692801876,1.0,1.0000159740447998,0.0005157297709956765,0.9999999403953552,0.07126191258430481
195,2.4184935935114034,0.953125,0.9438235310257458,0.7016495672774696,0.3027455302291229,0.046875,0.0,61,0.03000854468118583,0.40562573075294495,1.5,1.0,64,1.0,55,0.859375,0.8774528981686177,26.586718749999996,17.991822973809477,-0.7551511114890285,0.30779331866712273,2.265625,1.107392594961245,-0.6806197985637769,0.3461784734247642,3.1292121875000016,1.444857977836263,0.3876824680431211,0.6905496812411965,257.5304375,78.39883565359787,-0.5776622984167031,0.5205173028560086,1.0,0.9990533590316772,0.013574660755693913,1.0648605823516846,0.07620812207460403
196,2.4676902262130658,0.984375,0.9273835359111665,0.7005305603178372,0.3235113284890614,0.015625,0.0,63,0.041857376945520844,0.3635447919368744,1.5,1.0,64,1.0,57,0.890625,0.8916476023942969,29.06046875,15.594387354679037,-0.7128316798693886,0.2667794277135989,2.390625,0.962048392428884,-0.6415439465353372,0.30074288501399526,3.0976581250000015,1.466297693953504,0.3726016447819513,0.7007964939783446,265.02587500000004,68.14174135659714,-0.5278974660859724,0.45241686470403514,1.0,1.0001354217529297,0.006549118552356958,1.0230478048324585,0.07770946621894836
197,2.3668480361099693,0.9375,0.9249666045109431,0.6935679711236461,0.26021289899945255,0.0625,0.0,60,0.013679619401175555,0.39270395040512085,1.5,1.0,64,1.0,51,0.796875,0.8679775668036885,26.9928125,20.57686469897306,-0.7482039031275173,0.35201666238495033,2.140625,1.3677900457946752,-0.7196956505922166,0.4275804914835645,2.9100501562500014,1.3105511323848804,0.2829370375984608,0.6263596011519041,243.55478125,77.37690732917125,-0.6704515705563446,0.5137323631217882,1.0,0.9977059364318848,0.010144153609871864,1.0837910175323486,0.0774591714143753
198,2.411172768400195,0.96875,0.9238900119258512,0.6766971220776083,0.28959530141324763,0.03125,0.0,62,0.018190333960455263,0.2809658646583557,1.5,1.0,64,1.0,54,0.84375,0.8864758209330529,34.42937500000001,27.44621808390684,-0.6209836512007146,0.4695334408972682,2.6875,1.539835624344365,-0.5487387979677927,0.48136311204000437,2.8455396875000014,1.3017909682901403,0.25210516047601533,0.6221728031302034,267.2171875,77.75694766805313,-0.5133485756247108,0.5162555839135526,1.0,0.9977895617485046,0.008491508662700653,1.0446385145187378,0.08349063992500305
199,2.497784348380784,0.984375,0.9292068547672696,0.7020910465981162,0.2424193741901527,0.015625,0.0,63,0.017869344443208122,0.3192058205604553,1.5,1.0,64,1.0,57,0.890625,0.8728352651709099,28.065625000000004,19.947905268708666,-0.729850870187873,0.3412568016065363,2.28125,1.268226492981439,-0.6757353170602219,0.39645624622631837,2.6891118750000014,1.1356463756475814,0.17734267328616776,0.5427663166455717,249.63450000000003,67.23311812222832,-0.6300861903885093,0.4463841971098927,1.0,0.9974045753479004,0.004262120462954044,1.023047924041748,0.09458723664283752
