step,reward_mean,valid_frac,c_mean,qed_mean,tox_mean,undersized_frac,alerts_mean,n_rankable,d_var,d_loss,w_C,unique,n_valid,unique_smiles_frac,n_scaffolds,scaffold_frac,tanimoto_dist,tpsa_mean,tpsa_sd,tpsa_drift_sd,tpsa_spread_ratio,hba_mean,hba_sd,hba_drift_sd,hba_spread_ratio,logp_mean,logp_sd,logp_drift_sd,logp_spread_ratio,mw_mean,mw_sd,mw_drift_sd,mw_spread_ratio,rdkit_valid_frac,ratio_mean,clip_frac,adv_std,kl
0,1.3467551794766803,0.890625,0.850285613223126,0.5160267917218188,0.4366495269432402,0.09375,0.0,57,0.0037065850642907937,0.6776534914970398,0.2,1.0,63,0.984375,46,0.7301587301587301,0.9161169388642781,54.269047619047626,37.66246089938537,-0.28157842886303863,0.6443067968302769,3.6666666666666665,2.5572803013519145,-0.24264462374501472,0.7994232532069698,2.4440544444444456,1.8163406158063722,0.06022089858458332,0.8680946172639455,296.0024920634921,121.70427777757473,-0.32223286620932423,0.8080372863536838,0.984375,0.9915494918823242,0.020570948719978333,1.1334556341171265,0.002599898027256131
1,1.3443490782216774,0.875,0.8363687816475119,0.538908344146857,0.429973143818123,0.125,0.0,56,7.884979982683213e-07,0.6586766242980957,0.21300000000000002,0.984375,64,0.984375,50,0.78125,0.9202051538080444,62.2378125,42.22888334972693,-0.1452535777372373,0.7224264138625629,3.9375,2.423033996872516,-0.1579802776833952,0.757456943373355,1.933377187500001,1.7773247420310794,-0.18385016058499715,0.8494475255690078,276.58642187500004,117.74359291337326,-0.45114295017066747,0.7817409136360343,1.0,0.9969096183776855,0.005219660699367523,1.1478066444396973,0.005683030001819134
2,1.4435110461195784,0.921875,0.8664843182442552,0.49933852361800246,0.3693676744982347,0.078125,0.0,59,9.282760449064176e-07,0.6628008484840393,0.226,1.0,64,1.0,49,0.765625,0.9238580461289357,56.710781250000004,37.090919133962544,-0.2398067140864994,0.6345292030315585,3.703125,2.2822664687487744,-0.23124750023671975,0.7134520545783746,2.392762187500001,1.7846861448615678,0.03570648109410411,0.8529658051896072,282.78196875000003,119.5920689888351,-0.41000854655092484,0.7940135931110781,1.0,0.9964084029197693,0.0017993702786043286,1.1014959812164307,0.009397776797413826
3,1.4104184513387799,0.859375,0.8602297176014293,0.5762475887068778,0.3635958582162857,0.140625,0.0,55,2.0120212256694633e-06,0.6213257312774658,0.23900000000000002,1.0,64,1.0,50,0.78125,0.9154223749828599,49.99265625,34.02120282091502,-0.3547363680732372,0.5820143370985792,3.28125,1.9077862661996494,-0.3631285008327039,0.5963869907192566,2.1639789062500014,1.837171770564676,-0.07363729134856425,0.878050576603129,254.06839062500003,97.39497546181116,-0.6006480390429845,0.6466393220826177,1.0,0.9948234558105469,0.0034636319614946842,1.1611263751983643,0.016273202374577522
4,1.360279826174806,0.859375,0.8631891835819591,0.5487319754663523,0.4196616954424165,0.140625,0.0,55,8.319336480048156e-06,0.6410794854164124,0.252,1.0,64,1.0,52,0.8125,0.9182533292845083,50.663125,33.170724756317505,-0.3432663907437859,0.5674648683573005,3.25,1.8624580532189174,-0.37289746383981387,0.5822170823740671,2.471304375000001,1.9454339523635829,0.0732446221253313,0.929792973626585,278.581875,117.70645973186599,-0.437894438634222,0.7814943734505393,1.0,0.9972617030143738,0.008260869421064854,1.1611262559890747,0.024481039494276047
5,1.440531184747822,0.859375,0.8542321183464744,0.6463848049232461,0.4096271612427451,0.140625,0.0,55,1.2951815522185134e-05,0.5950104594230652,0.265,1.0,64,1.0,48,0.75,0.9117732163133541,40.55546875,24.689288411784442,-0.5161821128283538,0.42236954125521065,2.703125,1.3883408206830914,-0.5438543164642378,0.43400480379244066,2.4998570312500012,1.6954404108553933,0.08689096520851382,0.8103120536683733,244.35890625,78.87857844155134,-0.6651127033057074,0.5237024830945712,1.0,0.9977977275848389,0.016957862302660942,1.1611262559890747,0.030416714027523994
6,1.5259171499129436,0.90625,0.8531109140864734,0.6233822088817885,0.3551094426677145,0.078125,0.0,58,0.003837650985578742,0.6008825898170471,0.278,1.0,63,0.984375,55,0.873015873015873,0.908370170352708,42.131428571428565,26.244753299220804,-0.4892215372252226,0.44897950181735874,2.873015873015873,1.7502114474711787,-0.49074527154463216,0.547128028318921,2.7109096825396843,1.5076078389889254,0.18776063081499475,0.7205401005637876,272.37695238095245,93.7878515037857,-0.4790910910994129,0.6226903639374397,0.984375,0.9951192140579224,0.008886810392141342,1.118033766746521,0.03865661472082138
7,1.6245339523716997,0.953125,0.888607556214098,0.6590056271959153,0.3777822416092529,0.03125,0.0,61,0.0038102481612606004,0.6097769737243652,0.29100000000000004,1.0,63,0.984375,59,0.9365079365079365,0.9038389243034435,44.41301587301588,27.62426346845018,-0.4501895098199622,0.4725793345713963,3.015873015873016,1.741118628673281,-0.446087154940701,0.5442855511839765,2.6161457142857154,1.5446754678148218,0.1424695163423272,0.7382560558083455,277.55285714285714,82.10259159373821,-0.44472644825688157,0.5451078345434558,0.984375,0.9981021881103516,0.003539822995662689,1.0648607015609741,0.037258654832839966
8,1.6098739373251998,0.9375,0.8748199125130971,0.6468888391210267,0.34445645871261754,0.0625,0.0,60,6.376779740201177e-05,0.5702990293502808,0.30400000000000005,1.0,64,1.0,56,0.875,0.8986140806262379,42.16765625,25.275585536132212,-0.4886017758240939,0.4323995608863888,3.015625,1.4522847032779076,-0.4461646863931384,0.4539940973476324,2.471293906250001,1.3394160444441565,0.07323961873255046,0.6401551825359224,263.56717187500004,79.81319759533721,-0.5375823065553831,0.5299077466940934,1.0,0.9979052543640137,0.005174035672098398,1.0837910175323486,0.041258327662944794
9,1.5703753017400865,0.90625,0.8423131056900682,0.6541171299984332,0.3263373024247843,0.09375,0.0,58,9.750317124848445e-05,0.6025985479354858,0.317,1.0,64,1.0,50,0.78125,0.8940880423038293,45.250937500000006,27.819398005188642,-0.43585484908392497,0.47591757921379485,3.0625,1.7842628029525247,-0.4315112418824735,0.5577727141441761,2.164400468750001,1.6602896951025887,-0.07343581144225957,0.7935122602417215,252.401703125,85.77977230834348,-0.6117137605549342,0.5695219240094979,1.0,0.9996152520179749,0.02286803163588047,1.1180340051651,0.034030865877866745
10,1.586764207776076,0.9375,0.8644083706041177,0.61805071709261,0.3513343741496404,0.03125,0.0,60,0.006828935123867698,0.5393154621124268,0.33,1.0,62,0.96875,52,0.8387096774193549,0.909814197617871,44.65016129032259,33.77254733063219,-0.44613256822456154,0.5777604880767007,2.870967741935484,1.755028452740057,-0.4913855312808892,0.5486338569997763,2.770688548387098,1.5776190094097888,0.21633110444570475,0.7540009611875085,280.3761774193549,88.72668342898454,-0.42598143701826297,0.5890874981087105,0.96875,0.9974687099456787,0.009677419438958168,1.0837910175323486,0.03746062517166138
11,1.5798358848868546,0.90625,0.8891384455150572,0.6216357740395928,0.3365588090543089,0.0625,0.0,58,0.006769505958956099,0.5900481939315796,0.343,1.0,62,0.96875,44,0.7096774193548387,0.9010601976435143,43.20774193548387,32.118753361265284,-0.470808613602608,0.5494683725437666,2.661290322580645,1.7315250446438617,-0.5569321217802076,0.5412865314243286,2.28658806451613,1.7969019355078175,-0.015037957395534537,0.858804171635498,245.8964677419355,81.20949845540234,-0.6549042945444631,0.5391782766910943,0.96875,0.9975618124008179,0.0010471204295754433,1.1180340051651,0.04150458425283432
12,1.6533690335008662,0.9375,0.8955266843239467,0.6496302358488815,0.32254047058522706,0.03125,0.0,60,0.006485232225704981,0.551207959651947,0.356,1.0,62,0.96875,45,0.7258064516129032,0.8928610301344615,43.789193548387104,26.392042073956812,-0.4608614880756195,0.4514992298540565,2.9193548387096775,1.579080858588457,-0.47625939501181574,0.49363143976915314,2.2538738709677433,1.5411835583631464,-0.030673249080556624,0.7365871464790088,255.21393548387098,75.60996920590847,-0.593042365881272,0.5020010426427705,0.96875,0.9973294734954834,0.006934125907719135,1.0837910175323486,0.042341891676187515
13,1.5796061245477,0.9375,0.8953337599833806,0.6015964041055882,0.37744923296074073,0.0625,0.0,60,0.001030372406956997,0.5062757134437561,0.369,1.0,64,1.0,46,0.71875,0.9129484318651105,43.359375,33.1470398789149,-0.46821456606139855,0.5670596816772969,2.875,2.011684617428885,-0.4901250199251331,0.6288663235083164,2.362463281250001,1.4263527095095287,0.021225542224093234,0.681705346821944,244.86653125,89.1341784006297,-0.6617424033049552,0.5917929998141862,1.0,0.9980302453041077,0.01199400331825018,1.0837911367416382,0.0457523837685585
14,1.6877155381898543,0.953125,0.8530564513362822,0.6564820997866474,0.2969904533419453,0.046875,0.0,61,0.0009697963360978212,0.499677836894989,0.382,1.0,64,1.0,49,0.765625,0.8900796044740771,37.61328125,23.608535271610954,-0.5665152923001715,0.403880664605071,2.5625,1.3792547806696194,-0.5878146499962325,0.43116444575171337,2.0922425000000007,1.4540582095262307,-0.10792270432978449,0.6949468034208911,227.316453125,65.05888782526416,-0.7782635130176095,0.4319487213719101,1.0,0.9979602694511414,0.006593406666070223,1.0648607015609741,0.049947742372751236
15,1.4138825704636238,0.84375,0.8773209058024265,0.5730613762053153,0.377119481149647,0.140625,0.0,54,0.004560043420493994,0.5091636776924133,0.395,1.0,63,0.96875,40,0.6349206349206349,0.9039448848888267,41.413333333333334,28.367357162431478,-0.5015062799538573,0.4852917358930444,2.746031746031746,1.542706897119722,-0.530441375192571,0.48226069148082945,2.1509500000000012,1.888038912826226,-0.07986427503545411,0.9023618164711243,241.28312698412697,98.40641392609228,-0.6855338781140502,0.6533546159647695,0.984375,0.9995356798171997,0.01174068357795477,1.1734496355056763,0.050907667726278305
16,1.606438830624195,0.921875,0.8925177121566514,0.6498409243056958,0.3608394867535365,0.0625,0.0,59,0.005300321758085235,0.5128169059753418,0.40800000000000003,1.0,63,0.984375,52,0.8253968253968254,0.8997810997549245,33.83746031746032,25.593457867461066,-0.63110977264888,0.43783753011911114,2.492063492063492,1.4678892725964308,-0.6098335824884485,0.4588721920808975,2.738117777777779,1.4122966966919979,0.20076435975033483,0.6749874719030513,248.05100000000002,74.77313563250819,-0.6405996009793804,0.4964450117280986,0.984375,0.9996035695075989,0.0058293589390814304,1.1014959812164307,0.0455365888774395
17,1.5953230500876794,0.921875,0.8933119071742236,0.6611410196934104,0.3477569389141212,0.046875,0.0,59,0.010174539055517124,0.5016714930534363,0.42100000000000004,1.0,62,0.96875,48,0.7741935483870968,0.9004412084681004,36.308064516129036,27.75967804723535,-0.5888441575120409,0.47489592598411035,2.5806451612903225,1.6416787935483192,-0.58214234889533,0.5131999809193729,2.5525356451612913,1.6483756389995483,0.11206797263947657,0.7878181036045654,254.21351612903226,66.04794294951697,-0.5996845000400808,0.4385154044273408,0.96875,0.9994306564331055,0.028154851868748665,1.1014959812164307,0.045142658054828644
18,1.6812985374537568,0.953125,0.9090981620257018,0.6720560485598273,0.3499964749226805,0.046875,0.0,61,0.005608839926302645,0.4452258050441742,0.434,1.0,64,1.0,49,0.765625,0.8917267121724529,32.73171875,22.9845377070847,-0.650026136328771,0.39320568845033005,2.546875,1.298192102261834,-0.5926991314997875,0.4058236999397804,2.940182968750001,1.576416414298861,0.2973385942815175,0.7534261976583226,263.999234375,76.08811064970632,-0.5347136924326057,0.5051755909971491,1.0,0.9978091716766357,0.0035952748730778694,1.0648608207702637,0.05465342104434967
19,1.6159196165484433,0.9375,0.9022542044520379,0.6278522808220439,0.3597663220018148,0.0625,0.0,60,0.008425991822087102,0.43736815452575684,0.44700000000000006,1.0,64,1.0,49,0.765625,0.8926160006341831,36.472187500000004,28.91375788815497,-0.5860364399200697,0.4946392318603721,2.78125,1.6342883581241103,-0.519431908946463,0.5108896804308759,2.8656737500000014,1.5324059191385755,0.26172795431094054,0.7323919964631886,270.09803125,90.00133402864947,-0.4942216459171678,0.5975503494596277,1.0,0.9978392124176025,0.0,1.0837910175323486,0.051490601152181625
20,1.6723875587241976,0.96875,0.8902432485934226,0.6616767147023702,0.3750032222559375,0.03125,0.0,62,0.0068283273352164105,0.44024381041526794,0.46,1.0,64,1.0,50,0.78125,0.8915694730165954,38.951875,28.34640618066733,-0.5436154331108427,0.48493331906024717,2.609375,1.4099776981835563,-0.5731612054855676,0.44076863918096587,2.7410398437500016,1.3145199905294487,0.20216092035119465,0.6282564614445174,264.00715625000004,79.88567714205308,-0.5346610963324954,0.5303889637664421,1.0,0.9975537657737732,0.011315417475998402,1.0446385145187378,0.050198934972286224
21,1.688630154536158,0.953125,0.8897287359491723,0.6592293969619548,0.32959866022965945,0.03125,0.0,61,0.013208020645212898,0.49553996324539185,0.47300000000000003,1.0,63,0.984375,54,0.8571428571428571,0.8952590299395528,37.20666666666667,28.484125960717694,-0.5734714107660324,0.48728934647389577,2.6031746031746033,1.6670445527766504,-0.5750994917965021,0.5211294901529353,2.6564460317460337,1.612100604424502,0.16173048994875563,0.7704809577071364,248.55777777777777,74.83702910853619,-0.6372349259834178,0.49686922287275304,0.984375,0.9988448023796082,0.010835913009941578,1.0648607015609741,0.054560642689466476
22,1.7214850518792941,0.96875,0.9120345086820664,0.6794538199680041,0.31230582645343197,0.015625,0.0,62,0.013187807078023767,0.494951069355011,0.48600000000000004,1.0,63,0.984375,49,0.7777777777777778,0.8850919472646556,34.36904761904762,24.412692230684296,-0.6220156958588274,0.41763769964942143,2.4285714285714284,1.122840583100152,-0.629681634312418,0.35100761981398837,2.597476666666668,1.4880324429781633,0.13354690589883153,0.7111843135710443,249.6705714285714,63.6511440764807,-0.6298466995522793,0.4226022180326663,0.984375,0.9983580112457275,0.001606855890713632,1.0446385145187378,0.051493089646101
23,1.660148863246506,0.9375,0.8833418548107147,0.6490208221196005,0.30034385025501253,0.046875,0.0,60,0.014987884004310429,0.4548649191856384,0.49900000000000005,1.0,63,0.984375,51,0.8095238095238095,0.8915403760077694,35.940634920634906,26.291566870115687,-0.595129922703166,0.44978036031654306,2.7142857142857144,1.4952684255340554,-0.5403654011045556,0.46743110191173465,2.618954603174605,1.690533296197336,0.14381198553765212,0.8079667667855684,254.73909523809525,81.82164799854185,-0.5961949964268421,0.543242551708486,0.984375,0.9973196387290955,0.013807754032313824,1.0837911367416382,0.04098905250430107
24,1.5975576856321272,0.890625,0.8950515964574981,0.6828920385603389,0.3035154790993322,0.109375,0.0,57,0.014622942955785909,0.47591787576675415,0.512,1.0,64,1.0,46,0.71875,0.8958682457426631,38.92984375,31.71021451619471,-0.5439923305248376,0.5424793349619856,2.5625,1.8529958850466992,-0.5878146499962325,0.5792591441071406,2.5066692187500017,1.524547643018153,0.09014675503619311,0.728636243196567,247.219609375,87.89669149430082,-0.646119494255052,0.5835768912274719,1.0,0.9958773255348206,0.005271481350064278,1.1334558725357056,0.03818530589342117
25,1.5888708883829552,0.90625,0.8727926837986913,0.6367553915452088,0.36182166334113175,0.078125,0.0,58,0.023452334193387814,0.5198715925216675,0.525,1.0,63,0.984375,40,0.6349206349206349,0.8924861617537944,42.99190476190476,29.164337912863576,-0.4745010265417721,0.49892600466316284,2.9365079365079363,1.6510988728820117,-0.47089721972066284,0.5161447619284891,2.2889084126984147,1.7005913739490346,-0.013928979404462397,0.8127738845036268,255.80360317460318,87.24323876464081,-0.5891273557487564,0.5792383899021538,0.984375,0.9960415959358215,0.00487329438328743,1.1180341243743896,0.040657684206962585
26,1.5965922443812515,0.9375,0.8739897976318995,0.6272881998203892,0.3522309430564443,0.0625,0.0,60,0.027538668572097198,0.49859631061553955,0.538,1.0,64,1.0,48,0.75,0.9088024356160269,46.4328125,31.54935827738567,-0.4156360402934403,0.5397275028856353,3.046875,1.7627188472286215,-0.43639572338602844,0.5510379267363801,2.493307500000001,1.708966199988499,0.08376070826537821,0.8167765155862078,264.07871875,83.24741655628664,-0.5341859678541822,0.5527087280615803,1.0,0.9978845715522766,0.0034146341495215893,1.0837911367416382,0.04579409584403038
27,1.7154946949233385,1.0,0.8874965752474964,0.6393198244895884,0.3881068053888157,0.0,0.0,64,0.03159266382816173,0.47276240587234497,0.551,1.0,64,1.0,52,0.8125,0.8894808903939746,42.994375000000005,33.921376320609035,-0.4744587671897132,0.5803065651921508,3.015625,1.6152804274722703,-0.4461646863931384,0.5049476717467307,2.886586093750002,1.4790054677421947,0.2717227167942368,0.7068699968925944,287.403671875,72.64940251970738,-0.37932344229943377,0.48234480446551353,1.0,1.0005402565002441,0.0091116176918149,1.0000001192092896,0.04746725782752037
28,1.693067196857235,0.96875,0.893814942048442,0.6562831735325727,0.3771575703736274,0.03125,0.0,62,0.0265829241373629,0.5495262742042542,0.5640000000000001,1.0,64,1.0,49,0.765625,0.8914155473362206,40.148906249999996,29.31773440029449,-0.5231373402837798,0.5015502197861645,3.0625,1.8946882989030147,-0.4315112418824735,0.5922924768636034,2.924329687500002,1.6419628448064556,0.28976174002888827,0.7847531982271267,282.94440625000004,95.51345615453862,-0.4089300671490589,0.6341472570292501,1.0,0.9982990622520447,0.011327593587338924,1.0446386337280273,0.054454173892736435
29,1.7541203690233151,0.953125,0.8678448944062483,0.675386000554478,0.30901474395736317,0.015625,0.0,61,0.032077642053331926,0.4734388291835785,0.577,0.984375,62,0.9375,50,0.8064516129032258,0.8755296082875268,37.64548387096774,33.76713231480975,-0.5659643891709073,0.5776678512331161,2.725806451612903,1.8679759171507406,-0.5367639400881097,0.583942004250171,2.6596804838709693,1.5751679038095285,0.1632763511462756,0.7528294895156123,253.49914516129027,71.3129669686098,-0.6044274588642484,0.4734717412025355,0.96875,0.9972997307777405,0.005144033115357161,1.0648608207702637,0.053121764212846756
30,1.5552905113367048,0.875,0.8595440898622785,0.631058854630472,0.3248778411320278,0.09375,0.0,56,0.035136491692044323,0.46171972155570984,0.5900000000000001,1.0,62,0.96875,50,0.8064516129032258,0.8992648423969969,37.69548387096774,28.552438496925397,-0.5651090191533299,0.4884579963798305,2.870967741935484,1.8878548243096172,-0.4913855312808892,0.5901562861271898,2.4518938709677434,1.5655288093941562,0.06396764294964818,0.7482226190286201,252.5987419354839,92.21062949380125,-0.6104055509452381,0.6122186351190466,0.96875,0.9990689158439636,0.0019656019285321236,1.1478066444396973,0.055925846099853516
31,1.6424269636719493,0.890625,0.8867075997486449,0.6497157757487824,0.300736488480317,0.109375,0.0,57,0.027156650020080445,0.5069425106048584,0.603,0.984375,64,0.984375,49,0.765625,0.8984836994310603,32.6940625,23.90798165092766,-0.6506703368732589,0.40900341369986315,2.609375,1.4428399458619796,-0.5731612054855676,0.4510416018017979,2.5320989062500017,1.6784018105245972,0.1023005188431285,0.8021686927237582,242.482765625,85.26707581892731,-0.6775690574053841,0.5661179526159201,1.0,0.9972965121269226,0.009040683507919312,1.1334558725357056,0.05857785418629646
32,1.8580084615439851,1.0,0.8754386000800878,0.6591773722367037,0.30886979412753135,0.0,0.0,64,0.027891672128021662,0.45978885889053345,0.6160000000000001,0.984375,64,0.984375,40,0.625,0.8715719455841364,41.829375,30.899155777049558,-0.4943888885992657,0.5286042284028084,3.0,1.8957188610128877,-0.45104916789669336,0.5926146376036955,2.435454687500001,1.212654481009494,0.05611076491896776,0.5795712645549111,267.63717187500004,97.56629878679854,-0.510560152400129,0.6477767975858608,1.0,0.9985056519508362,0.008771929889917374,1.0,0.05695376917719841
33,1.78654407030289,0.953125,0.8851772892426272,0.6132132260328927,0.2667333714541842,0.03125,0.0,61,0.03506753725246839,0.49259427189826965,0.629,1.0,63,0.984375,45,0.7142857142857143,0.8939870576746203,43.41634920634921,31.154339314135317,-0.46723988550367096,0.5329697553348584,3.238095238095238,1.857753257441063,-0.3766189735568081,0.5807463311449513,2.3371520634920646,1.574994384965713,0.009128399374977671,0.7527465586088214,267.097253968254,86.09961499185135,-0.51414485630855,0.5716454715031539,0.984375,0.9982402920722961,0.00341796875,1.0648607015609741,0.05696000158786774
34,1.7536425118680499,0.9375,0.9015971486767133,0.647132968373376,0.293802072480321,0.046875,0.0,60,0.03499955654044967,0.41678959131240845,0.6420000000000001,0.984375,63,0.953125,43,0.6825396825396826,0.8806747736876962,34.44253968253967,28.82454680150093,-0.6207584377060077,0.4931130620851849,2.6507936507936507,1.7104601641935486,-0.5602134529285251,0.534701506212543,2.6032087301587308,1.4643283706467385,0.13628646554968796,0.699855283421592,254.03900000000002,85.06042842722007,-0.6008431736865888,0.5647459482732926,0.984375,0.9962211847305298,0.023029683157801628,1.0837910175323486,0.05825279280543327
35,1.779045406531922,0.921875,0.8983791207863112,0.6450761628080719,0.2911838906169948,0.078125,0.0,59,0.045396039100504694,0.5375643968582153,0.655,1.0,64,1.0,44,0.6875,0.8956793988235054,41.977031249999996,31.385512814418426,-0.4918628740161076,0.53692453295487,3.0,1.6677080080157918,-0.45104916789669336,0.5213368907829528,2.4972659375000017,1.7533015173984268,0.08565258815652996,0.8379659610367574,272.220390625,88.9170618189743,-0.48013055938053434,0.5903514868561632,1.0,0.996386706829071,0.020792080089449883,1.1014961004257202,0.07039958983659744
36,1.741934419455309,0.921875,0.9006312671354262,0.6206319857596744,0.3295638183668509,0.046875,0.0,59,0.0519963413432719,0.4756922721862793,0.6679999999999999,1.0,62,0.96875,43,0.6935483870967742,0.9015437820891611,43.833548387096776,32.71915119850887,-0.4601026920922848,0.5597396187156957,3.0483870967741935,1.870202846983654,-0.4359230316276199,0.5846381576952001,2.279777258064517,1.532248275017498,-0.018293087170434597,0.7323166526583099,254.93914516129036,78.91737702482855,-0.5948667949862217,0.5239600804651664,0.96875,0.9979583621025085,0.004293892998248339,1.1014961004257202,0.07047964632511139
37,1.7408770396366806,0.875,0.8765603782875198,0.6439933431773303,0.2207582515797445,0.109375,0.0,56,0.038353086256626874,0.579170823097229,0.681,1.0,63,0.984375,43,0.6825396825396826,0.8871454476725132,43.312539682539686,33.39412256852156,-0.4690157965877839,0.5712866241683351,2.8095238095238093,1.7982102465237335,-0.5105933233686016,0.5621327800734847,1.7306458730158736,1.5226236563380042,-0.28074275954082883,0.7277167006470087,232.74649206349204,81.39346912295231,-0.7422115844512793,0.5403997223271091,0.984375,0.9970406889915466,0.012079832144081593,1.1478067636489868,0.07713044434785843
38,1.8573104703689833,0.953125,0.8870685349722378,0.657890359664493,0.3285598845266905,0.046875,0.0,61,0.03934356236421386,0.4741773009300232,0.6940000000000001,0.984375,64,0.984375,45,0.703125,0.8764286108909337,38.64953125,28.432322739142744,-0.5487877486858808,0.4864031280229132,2.671875,1.3352748722173273,-0.5536232794713477,0.41741602659246463,2.4228656250000014,1.5431255550726788,0.05009399840637327,0.7375152966704535,254.53526562500002,87.85803085184546,-0.5975482925512807,0.5833202096942606,1.0,1.0018378496170044,0.021897809579968452,1.0648608207702637,0.0655813068151474
39,1.7926658227019123,0.9375,0.9045913631717364,0.6239111842218938,0.33991850515206656,0.0625,0.0,60,0.04709718657077658,0.4345588684082031,0.7070000000000001,1.0,64,1.0,48,0.75,0.897862109136886,43.6396875,30.42481013543624,-0.4634191479003555,0.5204894076067178,3.0625,1.3448396744593758,-0.4315112418824735,0.42040604896919725,2.6347573437500023,1.9493962755533798,0.15136468458106953,0.9316867106288795,276.545453125,86.84328756262806,-0.4514149560375101,0.5765829739229481,1.0,0.9994686245918274,0.011731581762433052,1.0837911367416382,0.06407872587442398
40,1.6867329075307744,0.84375,0.9153807350882778,0.6827242569194908,0.2872572633679267,0.140625,0.0,54,0.03809826639811185,0.43641403317451477,0.72,0.953125,63,0.9375,41,0.6507936507936508,0.8932863480506976,31.554444444444446,26.40280545325571,-0.6701662391974996,0.4516833632928583,2.3333333333333335,1.3801311186847083,-0.659453712048372,0.43143839498854947,2.621645079365081,1.6879270408261084,0.14509786103837274,0.8067211434485747,242.52473015873016,95.53712574421988,-0.6772904401819174,0.6343044077174955,0.984375,0.9964257478713989,0.008188825100660324,1.1734496355056763,0.06520373374223709
41,1.9089935107931,0.96875,0.8698976833012796,0.6775032087559981,0.28724232700563246,0.03125,0.0,62,0.045210331545443655,0.42584142088890076,0.7330000000000001,1.0,64,1.0,48,0.75,0.8831947537759678,27.614843750000002,27.655905449389756,-0.7375625655025939,0.4731206466072456,2.109375,1.3242590794006284,-0.7294646135993266,0.4139724146718144,2.8261106250000014,1.364522104188262,0.24281931153999578,0.652154272979038,243.81714062499998,69.16689136787814,-0.6687096748621614,0.4592231943445992,1.0,1.0004304647445679,0.015576324425637722,1.0446386337280273,0.07590833306312561
42,1.8482623225633252,0.9375,0.8877074231704076,0.6570194171169771,0.3021229284505049,0.0625,0.0,60,0.038697457864802644,0.4518585205078125,0.746,0.984375,64,0.984375,47,0.734375,0.8858027009108354,35.6734375,32.2264732604825,-0.5997009759508681,0.5513111799855038,2.546875,1.758281187516661,-0.5926991314997875,0.549650684062323,2.594733906250001,1.462007773188786,0.1322360418827801,0.6987461862926977,248.87067187500003,93.66975308965388,-0.6351575125855287,0.621906267241577,1.0,0.9972532987594604,0.01975308731198311,1.0837911367416382,0.0637301504611969
43,1.8899861823605635,0.953125,0.9152037344995092,0.6512943851981572,0.33990706711030394,0.046875,0.0,61,0.0473578193910368,0.45826464891433716,0.7590000000000001,0.984375,64,0.984375,45,0.703125,0.8870040429981261,30.860781250000002,24.912324529279648,-0.6820330131739938,0.42618510941005583,2.375,1.4415703243338496,-0.6464284280388921,0.4506447094580752,2.8114814062500013,1.4770925986078494,0.23582748085519117,0.7059557678187055,249.719484375,66.02835718935283,-0.6295219493855517,0.43838536771225406,1.0,0.9981148838996887,0.0035175879020243883,1.0648608207702637,0.07307593524456024
44,1.877519518925645,0.9375,0.9169151852528254,0.6741788379769733,0.3325968143840631,0.0625,0.0,60,0.03828854268870924,0.5496740937232971,0.772,1.0,64,1.0,49,0.765625,0.8934914328633298,39.0040625,28.182082612381464,-0.5427226406549963,0.4821221699903861,2.671875,1.5416578687812026,-0.5536232794713477,0.4819327580717925,2.6187107812500012,1.42624189792649,0.14369545425575625,0.6816523859742211,262.145421875,76.10922397158181,-0.5470218022974551,0.5053157697289549,1.0,0.9992837309837341,0.0004789271915797144,1.0837910175323486,0.06226864084601402
45,1.9406595854901676,0.96875,0.9095219988976756,0.6939850301070077,0.3168144515685497,0.03125,0.0,62,0.037854992732744064,0.4464050233364105,0.7850000000000001,1.0,64,1.0,49,0.765625,0.8843949669248117,34.3790625,25.710194519802723,-0.621844367280902,0.43983459076641923,2.609375,1.421016224177261,-0.5731612054855676,0.4442193576477026,2.917095937500002,1.517889284835319,0.28630447029490425,0.725453973941542,267.765984375,68.88842953702665,-0.509704921139165,0.45737438881152226,1.0,0.9995629787445068,0.0014157621189951897,1.0446385145187378,0.06868592649698257
46,1.8566701337589047,0.96875,0.8648657414220995,0.6756450965208456,0.3330583372904409,0.03125,0.0,62,0.030458492184653248,0.41967344284057617,0.798,1.0,64,1.0,51,0.796875,0.8964056570684787,33.533593749999994,27.26587326489766,-0.6363081396718743,0.46644820987715085,2.546875,1.3101727879844705,-0.5926991314997875,0.4095689439597563,2.8589031250000017,1.5373795382076652,0.2584920286993762,0.7347690681999682,264.589625,69.35163786897452,-0.5307938824865205,0.4604497910110047,1.0,0.997808575630188,0.0014347202377393842,1.0446385145187378,0.06093348190188408
47,2.0077537292606995,1.0,0.9063826119527221,0.654898466831299,0.27165429946035147,0.0,0.0,64,0.02883465171529107,0.5154784321784973,0.8109999999999999,1.0,64,1.0,51,0.796875,0.895971743844595,36.20125,26.344356695267773,-0.5906714762028171,0.45068345698990797,2.75,1.7320508075688772,-0.5292008719535729,0.5414508884984082,2.8390917187500015,1.5442591334667535,0.2490234439106034,0.7380570746242026,265.3330625,81.54224846722005,-0.5258579407838679,0.5413875204538708,1.0,0.9993535876274109,0.009469697251915932,0.9999999403953552,0.05812123417854309
48,1.7969352070093223,0.953125,0.8656995687328402,0.6288223307222008,0.3348958262654601,0.03125,0.0,61,0.025647309301438232,0.5219045877456665,0.8240000000000001,1.0,63,0.984375,54,0.8571428571428571,0.8958954992938561,47.74777777777777,37.955038666046605,-0.3931404028381125,0.6493120418185121,3.3015873015873014,2.10543454501222,-0.35677092173283875,0.658173189891703,2.7296158730158755,1.7841855798384898,0.19670099316805834,0.852726567131314,299.34261904761917,95.40620595774529,-0.30005659440018295,0.6334351854442549,0.984375,0.9982659220695496,0.0047536734491586685,1.0648607015609741,0.05724947154521942
49,1.842617967585461,0.9375,0.9016363516449928,0.617934716691975,0.3028745415930947,0.046875,0.0,60,0.02320911476251726,0.4908863306045532,0.837,1.0,63,0.984375,45,0.7142857142857143,0.9060896392974045,39.2211111111111,29.517895734735255,-0.5390095031689714,0.5049744598693426,2.6666666666666665,1.8257418583505538,-0.5552514399725328,0.5707393495922788,2.7798431746031764,1.6708994626056828,0.2207064301264074,0.7985830503675971,263.8196349206349,87.78723086817152,-0.535906116054732,0.5828501438286521,0.984375,0.9979230761528015,0.014968614093959332,1.0837910175323486,0.05982622131705284
50,1.7957075292947158,0.921875,0.904170609884343,0.64500210673142,0.3319778300948062,0.078125,0.0,59,0.028401412855343294,0.5013464093208313,0.8500000000000001,1.0,64,1.0,46,0.71875,0.896863403090941,38.64875,27.563543546004748,-0.5488011138424055,0.4715405745488074,2.65625,1.4813291118114165,-0.5585077609749026,0.46307357742850397,2.640813437500001,1.6358315530929333,0.15425910996597228,0.7818228330263128,257.95245312500003,87.83036814150793,-0.5748603890126056,0.5831365472807243,1.0,0.9982656240463257,0.007389162667095661,1.1014961004257202,0.06543492525815964
51,1.9150063294691566,0.953125,0.8999835980720208,0.64269008264695,0.29730936420745535,0.046875,0.0,61,0.029172020587852746,0.42201128602027893,0.863,1.0,64,1.0,42,0.65625,0.8989951937755942,40.42234375,30.072104169717424,-0.5184595355001536,0.514455525444787,2.609375,1.6067940469689947,-0.5731612054855676,0.5022947713563065,2.220897031250001,1.5283700898697206,-0.04643406883221909,0.7304631282575224,239.68676562500002,67.90621527420703,-0.6961326797685512,0.45085312462886845,1.0,0.9984225630760193,0.0005271481350064278,1.0648608207702637,0.057875435799360275
52,1.9976882242161413,0.984375,0.9171583614652119,0.6708467595864618,0.33851572847555556,0.015625,0.0,63,0.0187113522539959,0.4605482816696167,0.8760000000000001,1.0,64,1.0,42,0.65625,0.8742021339845466,39.1575,28.63977795392276,-0.5400977239135558,0.48995214743717114,2.546875,1.478276947792598,-0.5926991314997875,0.462119450151977,2.7221010937500014,1.3721512656319528,0.1931094094233234,0.6558005240873773,255.74934375000004,62.928952996916216,-0.5894876030548993,0.4178073387497324,1.0,0.998572826385498,0.002942618913948536,1.023047685623169,0.05215514078736305
53,1.9389626289367086,0.96875,0.8789046844167094,0.6712309813270763,0.3101998447410522,0.03125,0.0,62,0.030438228925814475,0.3877233862876892,0.889,1.0,64,1.0,48,0.75,0.8963599866130136,40.205625000000005,34.835100692180795,-0.5221670299200903,0.5959380138275948,2.71875,1.780701669988547,-0.5389698349606828,0.5566594797061442,2.496046875000001,1.8015698670871712,0.08506995426883868,0.8610351443079857,250.44090625,66.59475904625464,-0.6247321771208778,0.4421459078328985,1.0,0.9989312291145325,0.002503755735233426,1.0446385145187378,0.061765532940626144
54,1.9940713424388146,0.96875,0.9066403493765862,0.6790358097363431,0.2712553360409313,0.03125,0.0,62,0.025288189200201806,0.404008686542511,0.9020000000000001,1.0,64,1.0,48,0.75,0.8929611368367103,36.109375,28.635889406641013,-0.5922432186101155,0.4898856245020364,2.28125,1.2558457060881325,-0.6757353170602219,0.39258592785321045,2.3327257812500015,1.4823779857713055,0.007012919626637574,0.7084818447597947,239.744890625,76.14692617116049,-0.6957467675547248,0.5055660878245339,1.0,0.9975995421409607,0.0035897435154765844,1.0446385145187378,0.06062924116849899
55,1.889864396269529,0.921875,0.8969850449238793,0.64581983634908,0.30478737402265355,0.078125,0.0,59,0.023903731791102847,0.49364832043647766,0.915,1.0,64,1.0,46,0.71875,0.8777780055769442,40.37359375,38.8871366652581,-0.5192935212672916,0.6652578154578993,2.828125,1.7098491115811945,-0.504778464435798,0.5345104870008474,2.4367215625000016,1.5746482144942922,0.056716250122941236,0.7525811112691093,264.0637031250001,83.03702811748352,-0.5342856618427536,0.5513118855982336,1.0,0.999330461025238,0.0010045203380286694,1.1014959812164307,0.062340375036001205
56,2.0445644843504516,0.984375,0.9055043089957464,0.6558470267900438,0.2845498247752114,0.015625,0.0,63,0.03230163283967168,0.4511232376098633,0.9280000000000002,1.0,64,1.0,44,0.6875,0.8820289758599289,45.550312500000004,34.46477767086774,-0.4307333211036806,0.5896027496425978,3.234375,1.8935927121149891,-0.37778194534336884,0.5919499889658978,2.3074265625000008,1.391710121937687,-0.005078488464299463,0.665148406159215,275.80415625,77.86525154999723,-0.4563366853817503,0.5169746512829644,1.0,0.9981085658073425,0.0,1.0230478048324585,0.06819166988134384
57,1.9020873262053557,0.921875,0.9033210646297972,0.6612101728506682,0.28359280703431466,0.078125,0.0,59,0.02899983114002291,0.40175750851631165,0.9410000000000001,0.984375,64,0.984375,47,0.734375,0.8932502137288745,38.944374999999994,30.81451590134713,-0.5437437386134794,0.5271562601634617,2.71875,1.6720940277089682,-0.5389698349606828,0.5227079904351478,2.3022532812500014,1.349438705853817,-0.007550985950528503,0.6449453735081828,256.3440625,90.66430388679635,-0.5855390571724622,0.6019520383311588,1.0,0.9974550008773804,0.0015259409556165338,1.1014961004257202,0.06657138466835022
58,1.864502007750595,0.90625,0.881241882412598,0.6794714467479014,0.3041710541423025,0.078125,0.0,58,0.043421074886494396,0.45734545588493347,0.954,1.0,63,0.984375,49,0.7777777777777778,0.9008759313302716,39.871428571428574,31.23211766995091,-0.527884262019719,0.5343003408064808,2.746031746031746,1.5009864900913112,-0.530441375192571,0.4692186078679618,2.2291842857142865,1.5112096616735895,-0.042473291360341184,0.7222615413869935,247.85673015873016,88.00783756732352,-0.64188942643356,0.5843148288979807,0.984375,0.9976537227630615,0.0005189413786865771,1.1180340051651,0.06832580268383026
59,2.0252829486568578,0.953125,0.9028804184960537,0.688195343458245,0.3039188403330866,0.046875,0.0,61,0.023701154117199606,0.3446149230003357,0.9670000000000001,1.0,64,1.0,48,0.75,0.8817177160717613,38.49546875,33.32216796526411,-0.551423357552541,0.5700556679632731,2.671875,1.5005695533280021,-0.5536232794713477,0.4690882705938155,2.4904600000000015,1.6026645313771621,0.08239978542901837,0.7659711184461404,257.497390625,72.27377239026129,-0.5778817081834353,0.47985086459739307,1.0,0.9984856843948364,0.006082108244299889,1.0648607015609741,0.07085882872343063
60,2.0734646257914795,0.96875,0.9235351056821884,0.6793495209546048,0.2822272603309923,0.03125,0.0,62,0.025692206619761702,0.4001070261001587,0.98,0.984375,64,0.984375,41,0.640625,0.8726724077648226,31.281562500000003,26.04044097761391,-0.6748345398698192,0.44548424913487555,2.203125,1.106510386022201,-0.7001577245779967,0.3459026888970822,2.5668218750000014,1.3375643737182288,0.1188958765667771,0.6392702023862001,239.59832812500002,64.53221382090277,-0.6967198472766852,0.4284519483656647,1.0,0.9977869987487793,0.010055866092443466,1.0446386337280273,0.06581363081932068
61,2.056747608020868,0.96875,0.9056382246555821,0.6520865420429305,0.29046254160423435,0.015625,0.0,62,0.028263274207881283,0.47015294432640076,0.9930000000000001,0.984375,63,0.96875,43,0.6825396825396826,0.8747756176008485,35.26793650793651,30.62183545859248,-0.6066380437650478,0.5238599986893446,2.6031746031746033,1.6859803096223769,-0.5750994917965021,0.5270489368133363,2.8165892063492084,1.727801504872321,0.23826868254037917,0.8257785863662592,260.7353174603175,87.75737429020951,-0.5563839789236358,0.5826519155602891,0.984375,0.9983823299407959,0.0,1.0446385145187378,0.06981684267520905
62,1.9648821176925,0.953125,0.8909652384578205,0.6597237012410035,0.3004819072905134,0.03125,0.0,61,0.014367831397239846,0.2844986617565155,1.006,1.0,63,0.984375,45,0.7142857142857143,0.8777338560025423,32.15031746031747,25.404078785636724,-0.659972400956276,0.4345977463481337,2.4761904761904763,1.2830660557435696,-0.6147955954444408,0.40109519469559646,2.6016607936507956,1.343697545405195,0.1355466509253212,0.6422014660940523,255.68004761904766,73.0977792059308,-0.5899476843160684,0.4853217341792117,0.984375,0.9992290735244751,0.0010582010727375746,1.0648608207702637,0.06855800002813339
63,1.871925238052424,0.890625,0.8682207878221545,0.6769495282993025,0.28828092468412303,0.09375,0.0,57,0.02913938074577683,0.44024229049682617,1.0190000000000001,1.0,63,0.984375,39,0.6190476190476191,0.8895418079993036,44.26714285714286,32.08862442102435,-0.4526850179029896,0.5489529447008971,2.984126984126984,1.6182693429756103,-0.45601118085268566,0.5058820271062029,2.295155238095239,1.426322926803932,-0.010943396494087789,0.6816911125939631,259.6342698412698,92.48731857973857,-0.5636942193398966,0.6140556707783279,0.984375,0.9973596334457397,0.000501504517160356,1.1334556341171265,0.07270222902297974
64,2.0667202221219867,0.96875,0.8880118201336553,0.6982841739198882,0.2659409407886767,0.03125,0.0,62,0.02185307582123567,0.3362419903278351,1.032,0.953125,64,0.953125,44,0.6875,0.8763264425650243,34.921875,26.92242605355942,-0.6125582565275778,0.46057272093316515,2.71875,1.575880210390371,-0.5389698349606828,0.49263089532608517,2.320122500000001,1.4166386238590905,0.0009893574611613317,0.6770626353220182,247.67823437500002,77.61224312502635,-0.6430745224001493,0.5152948398180649,1.0,0.9997106194496155,0.002658160636201501,1.0446386337280273,0.07676604390144348
65,2.135815694219799,0.984375,0.8964327961679489,0.6900073756247698,0.3010664828239925,0.015625,0.0,63,0.034028521053140096,0.45883578062057495,1.0450000000000002,0.96875,64,0.96875,48,0.75,0.8775652522706804,38.182500000000005,28.021903597899986,-0.5567774392563142,0.47938192346173514,2.8125,1.539835624344365,-0.509662945939353,0.48136311204000437,2.748573437500002,1.245407251844778,0.20576149621571946,0.5952249937151585,268.870203125,83.45457174175286,-0.5023736264748846,0.5540841038246586,1.0,0.998629629611969,0.0004856726445723325,1.0230478048324585,0.07723822444677353
66,2.060451041600169,0.9375,0.9115080257256826,0.7179091313719612,0.30199235714972017,0.0625,0.0,60,0.0315562258078633,0.36013132333755493,1.058,0.984375,64,0.984375,43,0.671875,0.8653171674809043,30.33484375,24.0059210789877,-0.6910304365463856,0.4106789027058878,2.265625,1.265432084062594,-0.6806197985637769,0.3955826949509605,2.723452343750002,1.3692666346428195,0.1937552204795594,0.6544218550135992,248.117375,72.8685894269824,-0.6401589141287526,0.4838000630397639,1.0,1.000675916671753,0.003076923079788685,1.0837910175323486,0.07923875004053116
67,1.9842650351617026,0.90625,0.899498875285017,0.6674225741595652,0.27612885498795015,0.078125,0.0,58,0.019305115693017315,0.40534812211990356,1.0710000000000002,0.984375,63,0.96875,38,0.6031746031746031,0.8673482614754274,27.983492063492065,20.696296360546924,-0.7312559512147625,0.3540598276341449,2.142857142857143,1.1388819755334665,-0.7189978675202803,0.356022268430423,2.5738522222222233,1.3379260048956434,0.12225593278530632,0.6394430389543067,232.6872222222222,80.715913571395,-0.7426050976668938,0.5359011939332688,0.984375,0.9994080066680908,0.0027808677405118942,1.1180338859558105,0.08377430588006973
68,2.010412656484891,0.90625,0.8875762964117115,0.6884219948538842,0.2647174440709681,0.078125,0.0,58,0.0429190524694541,0.43832677602767944,1.084,0.984375,63,0.96875,45,0.7142857142857143,0.8853023541438132,30.685396825396822,24.22969952616507,-0.6850333847411061,0.41450717019179867,2.3968253968253967,1.4533997640964569,-0.6396056602244027,0.4543426729600191,2.3670411111111123,1.529879098569051,0.02341345203935469,0.7311843378797118,238.7728253968254,91.59824886167354,-0.7022006487450679,0.6081528258210007,0.984375,0.9980122447013855,0.013143482618033886,1.1180338859558105,0.08919651806354523
69,2.1572554375826734,0.96875,0.9374178032721242,0.6722405349278419,0.29500058257291395,0.03125,0.0,62,0.035386493083014656,0.49981504678726196,1.097,0.984375,64,0.984375,47,0.734375,0.8801029196761265,32.562343750000004,25.24360022499437,-0.6529237022633143,0.43185237536338494,2.421875,1.260018446045533,-0.6317749835282273,0.39389035480623874,2.3976259375000013,1.6215024495025827,0.03803104244453298,0.7749744381884985,240.7360625,65.94322066650292,-0.6891660306503999,0.43782011654648195,1.0,0.9994613528251648,0.004846526775509119,1.0446386337280273,0.08397836983203888
70,2.1270361895909478,0.953125,0.9083359778904524,0.6860824086990356,0.29495076835155487,0.03125,0.0,61,0.03870321215426585,0.4194141924381256,1.1099999999999999,1.0,63,0.984375,53,0.8412698412698413,0.8785893235567349,29.91285714285714,23.04131833396027,-0.6982495303777697,0.3941770573665022,2.3333333333333335,1.414213562373095,-0.659453712048372,0.44209279919922967,2.6627777777777797,1.305572630014387,0.16475665948997953,0.6239801955094539,248.9150793650794,73.13087727900495,-0.6348626757200316,0.48554148386787294,0.984375,0.998927652835846,0.0036649215035140514,1.0648608207702637,0.08452659845352173
71,2.0979959781913653,0.9375,0.9296967734893163,0.6798370342495307,0.2744462641576926,0.0625,0.0,60,0.02843227825089452,0.3920515179634094,1.123,0.984375,64,0.984375,48,0.75,0.8901877068215653,32.03265625,29.292903963790202,-0.6619852783870245,0.5011254355679821,2.375,1.505199322349037,-0.6464284280388921,0.47053556794735,2.2740335937500014,1.3168936698491076,-0.021038191272281972,0.6293909283074918,234.85559374999997,66.20161016114875,-0.7282085203476125,0.4395356548158721,1.0,0.9972505569458008,0.005285412073135376,1.0837911367416382,0.09058474004268646
72,2.0641461157035237,0.9375,0.8860775865614414,0.6841246434458826,0.2951829710354408,0.0625,0.0,60,0.028780788493041425,0.43309637904167175,1.136,0.984375,64,0.984375,42,0.65625,0.8841312129860481,34.15046875,25.9557206742131,-0.6257550120800135,0.44403490498669335,2.390625,1.1126711595862455,-0.6415439465353372,0.3478285887064368,2.3707720312500014,1.7233459212406592,0.025196593186905036,0.8236491024281941,237.80229687500002,72.61507508531713,-0.7086443272042414,0.4821168926169023,1.0,0.9986850023269653,0.006739242933690548,1.0837911367416382,0.07648435980081558
73,2.0708628277675185,0.9375,0.9001184930404027,0.6601339218009789,0.295423315341274,0.0625,0.0,60,0.03608113217161449,0.4516677260398865,1.149,1.0,64,1.0,51,0.796875,0.8834503756447496,39.8765625,31.743070219082366,-0.5277964338482715,0.5430414106251162,2.75,1.590990257669732,-0.5292008719535729,0.4973543990991334,2.4777450000000014,1.5948671308411568,0.07632282884804646,0.7622444598144651,257.0619375,80.22117088981935,-0.5807728338520193,0.5326164241522563,1.0,0.9983406066894531,0.0010303966701030731,1.0837911367416382,0.08168855309486389
74,2.0897582784862614,0.953125,0.8956992181598163,0.6528395615768096,0.30671123916008436,0.03125,0.0,61,0.03185566483676904,0.43736472725868225,1.162,1.0,63,0.984375,49,0.7777777777777778,0.8886393288836107,35.990952380952386,29.96637362610498,-0.5942691217648418,0.5126467507058222,2.634920634920635,1.450797124097124,-0.5651754658845174,0.4535290699560413,2.5941966666666687,1.6912030562623503,0.13197927573087373,0.8082868692499617,259.1371111111111,72.27361446857864,-0.5669950301128646,0.47984981610008276,0.984375,0.998431384563446,0.0014873574255034328,1.0648608207702637,0.08513106405735016
75,2.147105133114257,0.953125,0.9007668123870599,0.7063153268850579,0.26645260609564236,0.015625,0.0,61,0.02145341166933265,0.3171237111091614,1.175,1.0,62,0.96875,45,0.7258064516129032,0.8773690570791064,32.13129032258065,22.04163497857217,-0.6602979058190838,0.37707507398109996,2.3225806451612905,1.0891576139441377,-0.6628150756637217,0.34047809406503704,2.4962137096774204,1.409662196363227,0.08514969057169966,0.6737283492832717,250.31595161290326,52.68247183359623,-0.625561794680102,0.34977736490596334,0.96875,0.9991469979286194,0.001015744055621326,1.0648607015609741,0.07220087945461273
76,2.2273965329882293,0.96875,0.9297568596178486,0.6931710210800218,0.2814987508520004,0.03125,0.0,62,0.020035201905051595,0.3483864963054657,1.1880000000000002,1.0,64,1.0,46,0.71875,0.8908508230262588,34.78234375,29.184510111433017,-0.6149452734828795,0.49927109854006113,2.375,1.4737282653189494,-0.6464284280388921,0.4606975010058597,2.7511096875000014,1.6625749342538767,0.20697366146373258,0.7946044583620135,254.90209375,66.08089919766878,-0.595112792270634,0.4387342124907161,1.0,0.9993094801902771,0.0062500000931322575,1.0446385145187378,0.07519187033176422
77,2.1291722126247583,0.9375,0.9090699245532353,0.6925846359869091,0.2929673371215661,0.0625,0.0,60,0.021707128430427915,0.38929644227027893,1.201,1.0,64,1.0,51,0.796875,0.8903936273372511,26.844375000000007,21.983214326148374,-0.7507432828671999,0.3760756484912875,2.296875,1.475632147377862,-0.6708508355566669,0.46129266751476905,2.946350937500002,1.5314423302026836,0.3002864887594212,0.7319314625956841,255.529078125,75.88758745039124,-0.5909500236135858,0.5038442473107617,1.0,0.9993327856063843,0.0020387358963489532,1.083790898323059,0.07906270027160645
78,2.2404771904908967,0.96875,0.9247425640783002,0.6835615879642696,0.27144904542834525,0.015625,0.0,62,0.02436355757605988,0.3168271481990814,1.214,1.0,63,0.984375,50,0.7936507936507936,0.8725634974904468,26.017460317460316,19.11685319527498,-0.7648896433979789,0.3270396610733229,2.0952380952380953,1.0033955955097846,-0.7338839063882572,0.3136683025290282,3.143560793650796,1.373466649166404,0.3945401838571867,0.6564291932675729,256.53939682539686,67.90409028742796,-0.5842421642356842,0.4508390160980768,0.984375,0.99838787317276,0.007326007355004549,1.0446385145187378,0.067676842212677
79,2.175420412238176,0.953125,0.9289882402928149,0.663777721860274,0.323775804555807,0.046875,0.0,61,0.028822669330595962,0.4284290671348572,1.227,1.0,64,1.0,52,0.8125,0.8964698516755184,29.20203125,21.46094207942707,-0.7104099135071226,0.36714092807412413,2.40625,1.221151480161245,-0.6366594650317822,0.38174027634472796,3.212504218750002,1.6140033897499704,0.4274907305242227,0.7713903673654754,256.9094375,69.61209419613161,-0.5817853347141017,0.46217905170465334,1.0,0.9989908933639526,0.009999999776482582,1.0648608207702637,0.07755738496780396
80,2.2737540877575872,0.984375,0.934570088273003,0.6927143620822768,0.3359089141327237,0.015625,0.0,63,0.030797256845024743,0.3921993374824524,1.24,1.0,64,1.0,53,0.828125,0.8882482747980383,28.99578125,28.752800450819542,-0.7139383148296293,0.4918856685403159,2.359375,1.4828939980237967,-0.651312909542447,0.4635627715251145,3.0278023437500012,1.2275536454173084,0.3392150502411631,0.5866921119948679,257.34195312500003,73.22035910084836,-0.5789137121358937,0.4861355849941495,1.0,0.9968537092208862,0.0020790020935237408,1.0230478048324585,0.07159694284200668
81,2.170603829131971,0.9375,0.9287704313794772,0.6588536813563242,0.3182874305794636,0.0625,0.0,60,0.032859276092925924,0.4532005786895752,1.2530000000000001,0.984375,64,0.984375,41,0.640625,0.8865380791386134,27.379687500000003,19.465110291296675,-0.7415854776165124,0.3329974346402332,2.125,1.1110243021644486,-0.7245801320957717,0.34731376985102824,2.8360303125000015,1.4820673502777402,0.24756028757100718,0.7083333808662119,244.12440625,77.87277281741332,-0.6666696308608442,0.5170245876091464,1.0,0.9969074130058289,0.004754357971251011,1.0837911367416382,0.06209482625126839
82,2.221793461075226,0.984375,0.9099975767589751,0.6381108224244681,0.3119391898314158,0.015625,0.0,63,0.02416031645450356,0.38043704628944397,1.266,1.0,64,1.0,43,0.671875,0.8935201764494587,34.67546875000001,29.007831858918266,-0.6167736268954511,0.4962485929408796,2.53125,1.489219069680482,-0.5975836130033424,0.4655400320381217,2.5978371875000015,1.320471105401958,0.1337192117934995,0.6311007136418132,256.431671875,80.47074214331235,-0.5849573878759768,0.5342734150329953,1.0,1.0001122951507568,0.006066733971238136,1.023047685623169,0.06528089195489883
83,2.1097177114853958,0.921875,0.9106803041393474,0.6581491318627026,0.3206447629352748,0.0625,0.0,59,0.020815798445227775,0.37093764543533325,1.279,1.0,63,0.96875,43,0.6825396825396826,0.885231291734653,37.76603174603175,27.94978124341133,-0.563902128410659,0.4781480974692015,2.6666666666666665,1.5836465855538941,-0.5552514399725328,0.49505871713958255,2.510992222222223,1.4467143284132964,0.09221287413962061,0.6914368980603625,256.37412698412703,75.6691496879132,-0.58533944854232,0.5023939625709558,0.984375,0.9968218803405762,0.008457711897790432,1.1014959812164307,0.06259871274232864
84,2.1754251660251858,0.9375,0.9221282770236333,0.6428166395051722,0.30230359050134814,0.0625,0.0,60,0.019453733617892724,0.31515923142433167,1.292,1.0,64,1.0,38,0.59375,0.8789479560850668,29.83578125,22.87133370924504,-0.6995680985343298,0.39126906233789127,2.5,1.3693063937629153,-0.6073525760104523,0.4280545121942091,2.8441451562500015,1.4322992775167418,0.25143866375111895,0.6845474259085055,255.84545312500003,81.43390313448423,-0.588849499284134,0.5406681778781486,1.0,0.9992449879646301,0.0,1.083790898323059,0.06486725062131882
85,2.275933697081636,0.96875,0.903698117502274,0.6867543459702689,0.3252742660622443,0.03125,0.0,62,0.029514394842194522,0.41610172390937805,1.305,1.0,64,1.0,45,0.703125,0.878464966712982,39.381874999999994,26.661351761198734,-0.5362592509596775,0.45610641849225403,2.53125,1.3689497571130944,-0.5975836130033424,0.4279430251465585,2.4949687500000013,1.760201250845963,0.08455467948992722,0.8412635922267658,255.185,73.86993974758953,-0.5932344786836599,0.49044837820606835,1.0,0.9983828067779541,0.0,1.0446385145187378,0.06173485890030861
86,2.3194596981543265,1.0,0.9105374496430159,0.6457772586790168,0.33795760781504214,0.0,0.0,64,0.03138172295250756,0.2871687412261963,1.318,1.0,64,1.0,45,0.703125,0.8858034679381843,36.25390625,27.392982656215278,-0.5897706646530559,0.4686227211228628,2.515625,1.380581710502859,-0.6024680945068974,0.4315792530622397,2.7170773437500015,1.3684736395139334,0.19070837830860404,0.6540428540724146,263.6605,73.32128519165671,-0.5369626684765697,0.4868056686266091,1.0,0.9979178309440613,0.01380368135869503,1.0,0.06849679350852966
87,2.359709760380844,0.984375,0.8959163895675114,0.6688258368719192,0.2795122158196237,0.015625,0.0,63,0.03934985771125496,0.38761547207832336,1.331,0.953125,64,0.953125,42,0.65625,0.8666797844556953,29.678281250000005,25.314495140796282,-0.7022625140896983,0.43306520307089746,2.328125,1.3116626793406145,-0.661081872549557,0.4100346941531254,2.574474843750001,1.1458765777138058,0.12255350604450277,0.547655698774633,240.437515625,68.7930787711399,-0.691148187819643,0.4567413217121087,1.0,0.9981450438499451,0.01711229979991913,1.0230478048324585,0.06426231563091278
88,2.2783377826503854,0.953125,0.9093771918875272,0.6547202992757516,0.29745092829231357,0.03125,0.0,61,0.043005767384560245,0.4092938303947449,1.344,1.0,63,0.984375,47,0.746031746031746,0.8831053190590886,35.7931746031746,28.09162225140345,-0.5976525853899257,0.48057462837918974,2.6031746031746033,1.7776360487722687,-0.5750994917965021,0.5557011456179638,2.5242492063492072,1.3482182055296525,0.09854886446084088,0.6443620524325233,246.61909523809518,80.29274203213237,-0.6501065177390449,0.5330916100099098,0.984375,0.996616542339325,0.006172839552164078,1.0648607015609741,0.07354490458965302
89,2.3240510322426084,0.953125,0.9399731188523964,0.6720801608586636,0.2840401074681126,0.046875,0.0,61,0.033377880727037124,0.32333219051361084,1.357,1.0,64,1.0,45,0.703125,0.8865806417537428,28.453125,25.593027973637177,-0.7232217525516486,0.4378301757533572,2.28125,1.4412315697000257,-0.6757353170602219,0.45053881245051325,2.5914290625000014,1.4772953360657526,0.1306565379916559,0.7060526633538227,241.33410937499997,80.69498173951816,-0.6851953881815259,0.5357622201770703,1.0,0.9969876408576965,0.009376723319292068,1.0648608207702637,0.0720740556716919
90,2.3340035859023773,0.96875,0.9073694088766652,0.6690585524760534,0.2741924316412018,0.03125,0.0,62,0.04740443630590942,0.3419192135334015,1.37,1.0,64,1.0,49,0.765625,0.8922766150714985,35.52015625,32.34405946674112,-0.6023232196610038,0.5533227742917897,2.625,1.5562374497485916,-0.5682767239820126,0.4864904344599393,2.4013432812500013,1.7914962819334639,0.03980769494671915,0.8562206150438251,249.453203125,74.62741898826044,-0.6312898837801842,0.49547754793845517,1.0,0.9989984631538391,0.008298755623400211,1.0446385145187378,0.08068986237049103
91,2.2740756893745866,0.953125,0.9015053561964973,0.6651629243339585,0.3085837210299539,0.046875,0.0,61,0.0413101063653885,0.35979345440864563,1.383,1.0,64,1.0,49,0.765625,0.8773113075871799,36.20328125,28.665386414557513,-0.590636726795853,0.4903902416256367,2.671875,1.571769380149327,-0.5536232794713477,0.49134582177238056,2.717505625000001,1.4010494223068963,0.19091306934758887,0.6696119942709208,271.32609375000004,74.52559337626886,-0.48606810926181465,0.4948014920701039,1.0,0.9985170960426331,0.00895077083259821,1.0648607015609741,0.07507800310850143
92,2.36749263058881,0.953125,0.9404501836808001,0.6926841688011887,0.310160150293444,0.03125,0.0,61,0.04221903445091403,0.4217910170555115,1.3960000000000001,0.984375,63,0.96875,50,0.7936507936507936,0.8708256384990909,31.14,22.212248801627375,-0.6772563062320852,0.37999383295761335,2.365079365079365,1.2761746820470974,-0.6495296861363873,0.3989409043049082,2.8857323809523825,1.5520484567900883,0.2713146966917002,0.7417798728649463,256.8157777777778,77.62471680769234,-0.5824071743829046,0.5153776569620168,0.984375,0.9992828369140625,0.0028625954873859882,1.0648608207702637,0.08740057796239853
93,2.494511855530997,1.0,0.9160958756692708,0.7188436988909326,0.2879820470698178,0.0,0.0,64,0.03742654650545488,0.39812105894088745,1.409,1.0,64,1.0,51,0.796875,0.8674073140149505,31.701093750000002,23.822979197955302,-0.6676574508160844,0.40754924270600146,2.359375,1.229420436374392,-0.651312909542447,0.38432520842004453,2.6848375000000013,1.4250438604390405,0.17529979548154392,0.6810798006974923,255.829359375,49.39698263474933,-0.5889563513218335,0.3279638524718937,1.0,0.999199628829956,0.0005205622292123735,0.9999998807907104,0.07416818290948868
94,2.4058754539253284,1.0,0.9213339686393738,0.6526417875783045,0.342287897830829,0.0,0.0,64,0.029580363189052744,0.4244648218154907,1.422,1.0,64,1.0,52,0.8125,0.8904109692765376,39.76828125,38.92832442269251,-0.5296488445425874,0.6659624309139122,2.640625,1.865536011277992,-0.5633922424784576,0.5831792730433962,2.773189375000002,1.7254563437128707,0.21752633958083298,0.8246577493594671,271.017578125,82.64227753070854,-0.4881164524505261,0.5486909983233662,1.0,0.9990492463111877,0.005080831237137318,0.9999998807907104,0.07773370295763016
95,2.325477188239641,0.953125,0.9271116452138932,0.6974724317771454,0.35124220418148355,0.046875,0.0,61,0.027783898255470653,0.33315929770469666,1.4349999999999998,1.0,64,1.0,53,0.828125,0.8788347435859946,30.124374999999997,24.590210823809038,-0.6946310097141254,0.42067458129184976,2.421875,1.344022501439243,-0.6317749835282273,0.4201505951130665,3.010802968750002,1.4708473274439475,0.3310904364952996,0.7029709277322386,261.60171875000003,74.28530129075607,-0.5506316375943698,0.49320610883250826,1.0,0.9998708963394165,0.008853910490870476,1.0648607015609741,0.07483701407909393
96,2.331858467312443,0.953125,0.9206579078416355,0.6853759015725109,0.3415622264146805,0.046875,0.0,61,0.025280422678044787,0.4289461374282837,1.448,1.0,64,1.0,47,0.734375,0.8887674943011606,30.39578125,20.489156492268012,-0.6899879543374633,0.3505162029787308,2.171875,1.2190504437368455,-0.7099266875851067,0.38108347803731835,3.1198925000000015,1.461179590339601,0.38322825362819957,0.6983503678722807,264.07201562499995,80.44054544069574,-0.5342304722465835,0.5340729285580356,1.0,0.9972640872001648,0.01194852963089943,1.0648608207702637,0.07175882905721664
97,2.1466788974946995,0.875,0.9248072143111911,0.7060470012742022,0.3542358171460884,0.125,0.0,56,0.029692003177667146,0.3980472683906555,1.4609999999999999,0.984375,64,0.984375,47,0.734375,0.8936017584517343,30.755000000000003,24.905844256419016,-0.6838426553674308,0.4260742487878418,2.359375,1.4933936551944367,-0.651312909542447,0.46684503592470866,2.8246381250000017,1.2920190266387286,0.24211555074050858,0.617502440163045,250.495515625,88.40015545093662,-0.6243696063715973,0.5869195646053164,1.0,0.9975668787956238,0.0026469030417501926,1.1478065252304077,0.07737425714731216
98,2.4025989690279292,0.984375,0.9118318307021308,0.684219126995454,0.34767481933037436,0.0,0.0,63,0.014912502798776709,0.3291778564453125,1.474,1.0,63,0.984375,49,0.7777777777777778,0.8785757311876676,30.606507936507942,23.624657092244274,-0.686382968546617,0.40415646704504105,2.4603174603174605,1.3312531013499527,-0.6197576084004331,0.41615879360601804,3.246307142857145,1.3431471895637914,0.4436463657667705,0.6419384312098766,273.90001587301595,74.2140410335104,-0.46897893963239085,0.4927329870496003,0.984375,0.9982824921607971,0.0,1.0230478048324585,0.07711802423000336
99,2.297161899614017,0.921875,0.9132397301116232,0.7058448728588453,0.3163219766091492,0.078125,0.0,59,0.026836484677390214,0.3114546835422516,1.4869999999999999,0.984375,64,0.984375,40,0.625,0.8814207613655122,29.368437500000002,21.277947079866372,-0.707563135167373,0.3640103593543081,2.203125,1.3713552546204064,-0.7001577245779967,0.42869500006376254,2.5146064062500013,1.3582315055999385,0.09394022289404058,0.6491477692834372,234.58187500000003,73.89430124456067,-0.7300258349072396,0.4906101227089201,1.0,0.9970489144325256,0.00863464642316103,1.1014961004257202,0.0784095972776413
100,2.288844146668103,0.921875,0.9109199986619464,0.6749906554422703,0.30327473372473557,0.0625,0.0,59,0.021996855209800964,0.3889709711074829,1.5,0.984375,63,0.96875,45,0.7142857142857143,0.8799271924406351,32.32698412698413,24.36255346919593,-0.656950093560836,0.4167799557835092,2.380952380952381,1.2140522651411394,-0.644567673180395,0.3795210133395781,2.4959533333333344,1.5668431644785066,0.08502524733633017,0.7488507966754606,249.6807142857142,81.13811877666862,-0.6297793575745674,0.5387043620271397,0.984375,0.9973485469818115,0.0041580041870474815,1.1014961004257202,0.07557050883769989
101,2.4011199702270383,0.953125,0.9046787243397509,0.7050993822086424,0.2735034394703928,0.03125,0.0,61,0.0157517748319202,0.37095963954925537,1.5,1.0,63,0.984375,34,0.5396825396825397,0.8684624898926121,31.871111111111112,24.180175804572542,-0.664748895752843,0.4136599480596167,2.3492063492063493,1.3112302494008496,-0.6544916990923797,0.409899513606414,2.5770785714285727,1.2455260788318898,0.12379792130611152,0.5952817854132572,245.75696825396827,74.52973921693962,-0.6558304804580822,0.4948290177570101,0.984375,0.9981393218040466,0.0,1.0648609399795532,0.08060979098081589
102,2.2436784843532562,0.90625,0.9087483435869217,0.6540184061592501,0.2904262553001272,0.09375,0.0,58,0.016142736598536395,0.25700804591178894,1.5,1.0,64,1.0,37,0.578125,0.8887973619504441,31.99046875,33.0925474724714,-0.6627069968393553,0.5661274582641487,2.34375,1.5634372189186236,-0.656197391046002,0.48874113137775604,2.502904687500002,1.956665711643607,0.0883475499277416,0.9351610360310392,246.628078125,84.94243496449246,-0.6500468772096343,0.5639625483865266,1.0,0.9982569217681885,0.0005405405536293983,1.1180338859558105,0.08737979084253311
103,2.442128427971726,0.96875,0.9156667417095553,0.6497023887773108,0.26809273804387734,0.03125,0.0,62,0.042144802908729226,0.44819265604019165,1.5,1.0,64,1.0,44,0.6875,0.8875278129058544,38.34421875,26.189488576328642,-0.5540108518557125,0.4480340660775252,2.8125,1.5699820858850588,-0.509662945939353,0.490787101402766,2.437008281250001,1.545638699674988,0.05685328334312981,0.7387164190164964,260.63353125000003,84.82377455587132,-0.5570597731904853,0.5631747204125989,1.0,0.9980308413505554,0.0014851485611870885,1.0446385145187378,0.0857187807559967
104,2.403440320238085,0.953125,0.9236227742961196,0.6590941839158492,0.2970350251578894,0.03125,0.0,61,0.026883908058181548,0.2511026859283447,1.5,0.96875,63,0.953125,40,0.6349206349206349,0.8755555044387033,25.936507936507937,24.706734263439653,-0.7662745281883423,0.42266799442395003,2.0793650793650795,1.1724562103250407,-0.7388459193442496,0.3665178030758922,2.8212733333333353,1.6603096095493484,0.24050739558027676,0.7935217780732821,244.60763492063492,72.67497157442108,-0.6634613066273957,0.48251456636676116,0.984375,0.9992133378982544,0.0005385029362514615,1.0648607015609741,0.08904672414064407
105,2.2928763251553574,0.921875,0.9150976548760624,0.6638278392605216,0.3096612249895677,0.078125,0.0,59,0.02881367419981233,0.2787362337112427,1.5,1.0,64,1.0,43,0.671875,0.897805634120344,37.32,33.32902165343291,-0.5715325720595237,0.5701729167506614,2.609375,1.8423591152039278,-0.5731612054855676,0.575934017351647,2.5566325000000014,1.6153346682083034,0.11402600716353367,0.7720266333024375,258.96198437500004,82.60262907334058,-0.5681577577934296,0.5484277583412985,1.0,0.9984644651412964,0.0005181347369216383,1.1014961004257202,0.09090409427881241
106,2.3885074966612896,0.953125,0.8986184049825199,0.670763433608209,0.27176606068845655,0.046875,0.0,61,0.04219371521994425,0.3498755097389221,1.5,1.0,64,1.0,47,0.734375,0.8820091135255403,35.804375,25.287750732506343,-0.5974609757173374,0.43260767577111625,2.5,1.2747548783981961,-0.6073525760104523,0.398497064006557,2.374795000000001,1.7016530608591325,0.027119314887286885,0.8132813029271619,247.42367187499997,67.69325708089738,-0.6447646519129622,0.4494392206661565,1.0,1.000103235244751,0.002062919083982706,1.0648607015609741,0.07217419892549515
107,2.3953389580855733,0.9375,0.924145570397377,0.6665147464768862,0.2707826008399328,0.046875,0.0,60,0.04292804832128628,0.2967170178890228,1.5,1.0,63,0.984375,42,0.6666666666666666,0.8861612032710848,35.034126984126985,26.474035776012492,-0.6106379168948619,0.4529019289414285,2.5555555555555554,1.4668590542410056,-0.5899855306644792,0.45855013880078893,2.4650777777777786,1.680968819131836,0.07026870698835551,0.8033955586183057,247.60366666666664,76.41876887610587,-0.6435696035081563,0.5073709466645869,0.984375,0.9992017149925232,0.0010587612632662058,1.0837910175323486,0.08567482978105545
108,2.4803164407038345,0.984375,0.9168023192693316,0.6782549129729297,0.28607213497161865,0.015625,0.0,63,0.04834888871362754,0.3270999789237976,1.5,1.0,64,1.0,51,0.796875,0.8887820002695234,34.82859375,26.37956956074077,-0.6141540562166206,0.4512858575770797,2.703125,1.4326514699587614,-0.5438543164642378,0.44785661478748207,2.7255979687500016,1.4992790887656444,0.19478069196709746,0.7165594907737256,273.33246875000003,72.64427885077413,-0.472747083575513,0.4823107866346156,1.0,0.9988440275192261,0.006889763753861189,1.023047685623169,0.07215910404920578
109,2.382916157867717,0.953125,0.8816390924277853,0.6752934782641176,0.281483312977142,0.046875,0.0,61,0.05910920284538818,0.36974793672561646,1.5,1.0,64,1.0,49,0.765625,0.8885755335422462,35.7628125,24.945245818889894,-0.5981720020444485,0.4267483070915076,2.53125,1.4786897705401225,-0.5975836130033424,0.46224850135674683,2.4555632812500012,1.409961791162326,0.06572138632071015,0.673871536431208,249.36246875,74.11608498686556,-0.6318923010451548,0.4920826225796061,1.0,1.0001296997070312,0.008025682531297207,1.0648608207702637,0.07205469161272049
110,2.4157119746635676,0.953125,0.9273257763659368,0.659448709965022,0.27428816527616784,0.046875,0.0,61,0.0626942453507105,0.31950220465660095,1.5,1.0,64,1.0,49,0.765625,0.8943128812340275,33.11890625,25.20037004423171,-0.6434023647551563,0.43111281935380835,2.484375,1.2989441325072453,-0.6122370575140074,0.40605878972050524,2.536914218750001,1.4765260249281147,0.10460193016725809,0.7056849818453143,248.16765625,73.67287931843944,-0.6398250793158243,0.48914002506248255,1.0,0.9996962547302246,0.0036900369450449944,1.0648608207702637,0.07899349182844162
111,2.3725272283498233,0.9375,0.9141262864073118,0.678494018323182,0.29306692418952784,0.046875,0.0,60,0.06432271479101755,0.35641196370124817,1.5,1.0,63,0.984375,47,0.746031746031746,0.8917654127915368,37.00095238095238,27.575488178803287,-0.5769906474097793,0.4717449161641442,2.746031746031746,1.7363367200348543,-0.530441375192571,0.5427906939490271,2.5017719047619056,1.6403777583845511,0.08780615224664955,0.7839956283204809,261.88090476190473,85.69542156163222,-0.5487780239698785,0.5689618898864653,0.984375,1.0000152587890625,0.0033540967851877213,1.0837911367416382,0.08012419193983078
112,2.408870860892208,0.96875,0.9005016924873475,0.6731255365229247,0.31040551243049486,0.015625,0.0,62,0.039127813251686655,0.37431997060775757,1.5,0.984375,63,0.96875,50,0.7936507936507936,0.8851578457715229,34.05984126984127,27.721825193127103,-0.6273054126659408,0.4742483620544318,2.4285714285714284,1.191428190780648,-0.629681634312418,0.37244857348365035,2.795991587301588,1.4809476795836347,0.22842433833087952,0.7077982499033282,259.1319365079366,74.3345811989798,-0.567029386114013,0.4935332953869993,0.984375,0.9970769882202148,0.003352490486577153,1.0446386337280273,0.08379761874675751
113,2.523797333282843,1.0,0.9335507117211819,0.668685992363143,0.3222155791008845,0.0,0.0,64,0.04436685026676587,0.3957511782646179,1.5,1.0,64,1.0,50,0.78125,0.8786050541225756,33.38609375,24.417142519216103,-0.6388314812237273,0.41771383251701494,2.390625,1.3418409404154428,-0.6415439465353372,0.41946862426701026,2.9519589062500016,1.3748281818570987,0.3029667390623072,0.6570799187921442,268.589515625,67.10738878934838,-0.5042372090042342,0.44554943607428604,1.0,1.00042724609375,0.0004642525454983115,0.9999998807907104,0.07675440609455109
114,2.4581363047945355,0.96875,0.9398259732031053,0.662916373198462,0.3175785737412591,0.03125,0.0,62,0.04186263926133424,0.4542806148529053,1.5,1.0,64,1.0,45,0.703125,0.8893318021607979,36.465625,25.966995149793036,-0.5861487072348768,0.44422778195419305,2.453125,1.3101727879844705,-0.6220060205211173,0.4095689439597563,2.501477031250001,1.4957563496968274,0.08766522157195654,0.7148758468596639,249.549171875,77.78757672010414,-0.6306527136680005,0.5164589409076932,1.0,0.9984790682792664,0.002019182313233614,1.0446386337280273,0.069581538438797
115,2.4241711267109554,0.96875,0.9275265211059202,0.6566520433157873,0.3236510616637045,0.03125,0.0,62,0.022500958535099834,0.33852770924568176,1.5,1.0,64,1.0,43,0.671875,0.8836472075644909,35.57484375,25.855303191039667,-0.6013876587042785,0.44231702289975067,2.46875,1.357487914310842,-0.6171215390175623,0.4243599749600461,2.717044531250002,1.304389015428932,0.19069269603272423,0.6234145034571995,256.75425,73.28220110704751,-0.5828156788290817,0.4865461757127696,1.0,0.9955978393554688,0.01921229623258114,1.0446386337280273,0.061059944331645966
116,2.401183533769413,0.984375,0.8772544174913376,0.6735944332058339,0.2973643187729139,0.015625,0.0,63,0.03777953959804001,0.3903510272502899,1.5,1.0,64,1.0,56,0.875,0.8895966929376294,40.7871875,26.260860400315217,-0.5122180074031437,0.4492550524442837,2.90625,1.3660933121496497,-0.4803560569180232,0.42705008098080693,2.4691393750000015,1.443445560266385,0.07220989062727368,0.6898746359996433,269.852921875,72.02728323444198,-0.49584901282531246,0.4782143368415828,1.0,0.9967013597488403,0.00949525274336338,1.023047924041748,0.07621464133262634
117,2.3921637169187617,0.953125,0.9308440196709554,0.6640546984585346,0.2939898498722764,0.03125,0.0,61,0.023600784691242823,0.3782423436641693,1.5,1.0,63,0.984375,41,0.6507936507936508,0.8838276363837795,35.631904761904764,23.132923137377574,-0.6004114931291593,0.3957441774126868,2.3333333333333335,1.2724180205607034,-0.659453712048372,0.39776654631800207,2.6011179365079378,1.5025396716207395,0.13528719993933477,0.7181178407885958,252.4015555555556,86.0901292005694,-0.6117147403201124,0.5715824920156095,0.984375,0.9980108737945557,0.006605691276490688,1.0648607015609741,0.07857892662286758
118,2.364123539946681,0.953125,0.8964686440151246,0.6677161313889441,0.2760246355758339,0.046875,0.0,61,0.03589704190153757,0.4179016351699829,1.5,1.0,64,1.0,48,0.75,0.8894454034864979,37.9303125,31.95866192094631,-0.5610917117824701,0.546729624181374,2.421875,1.6183004926079088,-0.6317749835282273,0.5058917646935824,2.5874682812500014,1.5973813075825811,0.1287635379379416,0.763446075456976,256.05509375,77.68627753195842,-0.5874576218182977,0.5157863801514583,1.0,0.99840247631073,0.0004933399031870067,1.0648608207702637,0.06669767946004868
119,2.366747931614519,0.9375,0.9198170890410741,0.6891616076668133,0.28660664024452365,0.046875,0.0,60,0.03205613360427489,0.3999161124229431,1.5,1.0,63,0.984375,49,0.7777777777777778,0.8795521130389855,37.35238095238095,24.771824029724517,-0.5709786181433785,0.42378151111457385,2.3968253968253967,1.3037148697384806,-0.6396056602244027,0.4075501546974198,2.5193803174603184,1.4810348024591256,0.09622184705027433,0.7078398890642852,242.75287301587304,70.4101301359517,-0.6757757199226705,0.46747749155410095,0.984375,0.9993972182273865,0.0010582010727375746,1.0837910175323486,0.06817729026079178
120,2.3788286483015373,0.953125,0.9275878306295051,0.6403576679114837,0.3263347220958256,0.046875,0.0,61,0.034240856780618625,0.35783159732818604,1.5,1.0,64,1.0,43,0.671875,0.8689102374613771,32.998281250000005,25.01678833520399,-0.6454659449225616,0.4279722135602499,2.375,1.3863170633011772,-0.6464284280388921,0.43337216344046353,2.7128843750000016,1.373254019527929,0.1887044074836633,0.6563275699029767,250.318984375,83.5740178437452,-0.6255416591113317,0.5548771482918038,1.0,0.99908047914505,0.006195147056132555,1.0648607015609741,0.08011113107204437
121,2.3327343439165817,0.9375,0.9161729872226715,0.6280507707846467,0.30565790496766565,0.0625,0.0,60,0.02484738349047175,0.3381081819534302,1.5,1.0,64,1.0,42,0.65625,0.8807525043609127,42.09109375,32.14301893088468,-0.48991156116350926,0.5498834933580039,2.5625,1.5194057226429023,-0.5878146499962325,0.47497658551326893,2.2303275000000014,1.6384023684455933,-0.04192690806682676,0.7830515183016421,244.48817187499998,84.00532372760576,-0.6642544635893131,0.55774073897528,1.0,0.9976072907447815,0.0010245901066809893,1.083790898323059,0.06553363054990768
122,2.2986453925429045,0.921875,0.905356218754235,0.6703280712307224,0.31338223676055166,0.078125,0.0,59,0.02580976013020777,0.36374491453170776,1.5,1.0,64,1.0,40,0.625,0.8727125829235232,40.33625000000001,26.347438116684135,-0.5199323757491695,0.4507361720997295,2.546875,1.2615675702771532,-0.5926991314997875,0.3943746216002264,2.2744934375000008,1.5839689716127452,-0.02081841537745085,0.7570358368932244,246.64351562500002,79.83958780012277,-0.6499443822453168,0.530082960498001,1.0,0.9974405765533447,0.0025786487385630608,1.1014959812164307,0.07521669566631317
123,2.3499489791681225,0.921875,0.9307661743487342,0.6713644710405237,0.2755376202827793,0.078125,0.0,59,0.03490614197075184,0.31773677468299866,1.5,1.0,64,1.0,41,0.640625,0.870971054577808,27.84859375,20.605135802997296,-0.7335637106704198,0.35250030747987315,2.015625,1.2436361442861814,-0.7587715026206564,0.38876913561076937,2.5749675000000014,1.7142071035211892,0.12278896421521433,0.8192813321975503,229.6460625,72.79394061447421,-0.762796421211031,0.48330444345276075,1.0,0.9963830709457397,0.0032034169416874647,1.1014961004257202,0.06303607672452927
124,2.3308629096309663,0.9375,0.9210566058754921,0.6618781299807693,0.32866652359565096,0.046875,0.0,60,0.027296238510626132,0.3686986565589905,1.5,1.0,63,0.984375,41,0.6507936507936508,0.8826392580362116,36.31349206349207,26.021522115401282,-0.5887513062863745,0.4451605965848084,2.3492063492063493,1.449233296573121,-0.6544916990923797,0.45304020681263374,2.7648812698412715,1.4964625006046268,0.21355559681089556,0.7152133418188704,261.3931587301588,83.1789155474953,-0.5520163405444368,0.5522539258946638,0.984375,0.9970667362213135,0.006054490339010954,1.083790898323059,0.06974969804286957
125,2.3921131357325875,0.953125,0.917130675472197,0.66932795230301,0.3029853010275325,0.03125,0.0,61,0.04441628010091592,0.45904645323753357,1.5,1.0,63,0.984375,48,0.7619047619047619,0.8930532613268384,38.109841269841276,23.429204235012246,-0.5580204412421746,0.400812776766519,2.4444444444444446,1.218609378899634,-0.6247196213564256,0.3809455981628077,2.3174720634920636,1.136586269765544,-0.0002773816327716838,0.543215525905939,242.04444444444445,67.65227178761032,-0.680479225098378,0.4491671049626426,0.984375,0.9993323087692261,0.006575619801878929,1.0648607015609741,0.0670657753944397
126,2.3323388440629316,0.953125,0.8919289781421912,0.6710701053243469,0.32480604665689783,0.046875,0.0,61,0.034434227084962965,0.34164342284202576,1.5,1.0,64,1.0,41,0.640625,0.8842139325812525,42.66765625000001,27.81696013351092,-0.4800480756483202,0.4758758735669984,3.015625,1.5761125782681262,-0.4461646863931384,0.49270353510854376,2.336888750000001,1.4469236996744823,0.009002552370773536,0.6915369641290633,263.0851875,81.16737009354405,-0.5407823694747134,0.5388985717553589,1.0,0.9991892576217651,0.002449779538437724,1.0648608207702637,0.06813689321279526
127,2.2237907597520157,0.90625,0.8844710023238741,0.6961336209730021,0.32475149580116924,0.09375,0.0,58,0.05636846028506013,0.3772989809513092,1.5,1.0,64,1.0,49,0.765625,0.8946188580115161,36.88125000000001,24.61431008453213,-0.5790384439637649,0.421086856993216,2.46875,1.2986621721987592,-0.6171215390175623,0.40597064700616686,2.372634843750001,1.5332699975807358,0.026086898391859042,0.7328049706806925,242.34285937500002,75.81802888966848,-0.6784979439544709,0.503382423686519,1.0,0.9984636902809143,0.003753351280465722,1.1180341243743896,0.07455475628376007
128,2.264335423750257,0.90625,0.9175434842191893,0.6806580473136824,0.3128380822981226,0.09375,0.0,58,0.036054093404363614,0.40045055747032166,1.5,1.0,64,1.0,45,0.703125,0.8908934765042292,32.35796875,21.488110315626255,-0.6564200272101618,0.367605705967629,2.34375,1.1621471238616907,-0.656197391046002,0.36329511237837014,2.7793300000000016,1.5510200549628235,0.2204611654955029,0.7412883625816525,254.75281250000006,87.49396672893997,-0.5961039227251763,0.5809030605906857,1.0,0.9989572167396545,0.0004965243279002607,1.1180336475372314,0.057348206639289856
129,2.4870754727181925,0.984375,0.9181541071997749,0.703746146470939,0.3068364908297857,0.015625,0.0,63,0.05575504425768857,0.3812049925327301,1.5,1.0,64,1.0,51,0.796875,0.8870594188413151,36.7284375,26.106190370936808,-0.5816526685799859,0.44660905032932174,2.6875,1.4238482187368147,-0.5487387979677927,0.4451046584505383,2.6740728125000013,1.2890266805380592,0.1701549635078726,0.6160722901568312,259.961328125,63.90993905246049,-0.5615227649515158,0.4243204484345167,1.0,0.9990596771240234,0.000454132619779557,1.0230478048324585,0.06615994870662689
130,2.4523383890914907,0.984375,0.9106261739655147,0.673534815532055,0.3039064628500787,0.015625,0.0,63,0.03502146722750908,0.40632522106170654,1.5,1.0,64,1.0,44,0.6875,0.8815147736682588,38.602500000000006,25.658170908601416,-0.5495923311086643,0.43894460202186525,2.78125,1.3284007066770176,-0.519431908946463,0.4152671155886875,2.305285468750001,1.2783880579756612,-0.006101794304215981,0.6109877091585583,252.98460937500002,67.49907508547278,-0.6078436419933713,0.4481499784512822,1.0,0.99872225522995,0.0005012531182728708,1.0230478048324585,0.06935103982686996
131,2.3335505719879674,0.953125,0.9207963479346917,0.6405463710995893,0.3502062571341874,0.03125,0.0,61,0.05589615192476296,0.380809485912323,1.5,1.0,63,0.96875,50,0.7936507936507936,0.8981077835949269,45.250793650793646,39.06446061955934,-0.4358573099698884,0.6682913673360501,3.126984126984127,1.898136625889111,-0.41135306424875456,0.5933704473840384,2.435934603174605,1.797914192954719,0.05634013390969497,0.8592879659377857,280.89860317460324,89.17257504066049,-0.42251286962440665,0.5920479285429223,0.984375,0.9982348680496216,0.0026098303496837616,1.0648608207702637,0.07619373500347137
132,2.2761537115547794,0.921875,0.9112966181868214,0.6739256367798361,0.314867638682915,0.078125,0.0,59,0.02374175237729172,0.36874109506607056,1.5,1.0,64,1.0,50,0.78125,0.891767452863222,41.08671875,28.32683092354135,-0.5070938063915944,0.4845984372996086,3.03125,1.7938153298207706,-0.4412802048895834,0.5607588991553862,2.203811093750001,1.5748895703946575,-0.0546000539154043,0.7526964639491786,253.66587500000003,79.50402217822462,-0.6033204811237335,0.5278550229146752,1.0,0.9980639815330505,0.0010251153726130724,1.1014959812164307,0.0812540277838707
133,2.481162413609625,1.0,0.9007023680023849,0.6884792013079848,0.30466839601285756,0.0,0.0,64,0.03124384909452647,0.44274309277534485,1.5,1.0,64,1.0,49,0.765625,0.8628421221371452,35.69609375,30.691252602389998,-0.5993133864116533,0.5250475455595497,2.53125,1.722722681542215,-0.5975836130033424,0.5385348527198442,2.7747962500000014,1.4567803632878027,0.21829432303392346,0.6962478187740805,269.457703125,83.30470223704363,-0.4984730083996481,0.5530890677412619,1.0,0.9981749653816223,0.0037243948318064213,1.0,0.07263767719268799
134,2.392210491078691,0.953125,0.927832510627684,0.6862210721707706,0.3156848868629971,0.046875,0.0,61,0.02205718712071326,0.33878299593925476,1.5,1.0,64,1.0,48,0.75,0.8855419787820851,32.04890625,27.377117561774305,-0.6617072831313118,0.468351310600646,2.515625,1.3577576585587725,-0.6024680945068974,0.4244442988505873,2.8072035937500015,1.4168208555009347,0.23378296014547525,0.6771497303888815,250.00896875,60.60126761230145,-0.627599961324916,0.40235302098855497,1.0,0.9985498785972595,0.006195147056132555,1.0648605823516846,0.08908922225236893
135,2.3732145837017002,0.953125,0.9273492058769601,0.6850753516434003,0.3132496676484092,0.046875,0.0,61,0.013462610697508072,0.29710593819618225,1.5,0.96875,64,0.96875,49,0.765625,0.8840014087157694,31.16421875,22.78765200200864,-0.6768419863798212,0.38983748587009726,2.28125,1.2050512177911776,-0.6757353170602219,0.37670722458479344,2.6436504687500015,1.427131665472775,0.15561502940955171,0.6820776379400829,247.975765625,77.52387251230714,-0.641099108320664,0.514708116397993,1.0,0.9993330240249634,0.0,1.0648608207702637,0.08791258931159973
136,2.5051080320045966,1.0,0.9402605497743934,0.6508870397198407,0.28067844395991415,0.0,0.0,64,0.013968013515836306,0.2826293408870697,1.5,1.0,64,1.0,52,0.8125,0.8782585588319408,28.262187500000003,29.997014094570208,-0.7264881968062721,0.5131709294668159,2.34375,1.394394469832694,-0.656197391046002,0.4358972157796564,3.0409134375000013,1.516677770094084,0.3454813142952569,0.7248749473996866,257.545625,70.64992520973135,-0.5775614632898648,0.4690695749568882,1.0,0.9987283945083618,0.0005060728872194886,0.9999999403953552,0.07489556819200516
137,2.4705855485272745,0.984375,0.9229795194807506,0.6886499513694609,0.27097194653654855,0.015625,0.0,63,0.007733107211160662,0.3189924359321594,1.5,1.0,64,1.0,48,0.75,0.8747628804039229,28.665156249999995,23.03656556652024,-0.7195944490708597,0.3940957498711278,2.140625,1.2607932460855744,-0.7196956505922166,0.39413256257996904,2.9179173437500014,1.3652976224564137,0.2866970499344313,0.6525249210988422,246.072984375,62.52497044568781,-0.653732338851678,0.41512515723245313,1.0,0.9992807507514954,0.0035823951475322247,1.0230478048324585,0.08315881341695786
138,2.404530124647156,0.96875,0.9256341255480244,0.6535892300981815,0.2964384377964081,0.03125,0.0,62,0.017534625926824143,0.31786322593688965,1.5,0.953125,64,0.953125,45,0.703125,0.887214485255889,26.26421875,23.714162356377855,-0.7606682481024024,0.4056876694321452,2.03125,1.1985505569228192,-0.7538870211171014,0.3746750736873611,2.9574098437500016,1.1541628744753343,0.3055719384734823,0.5516160185258605,240.65715625,61.824331220659715,-0.6896899168546536,0.41047336825310987,1.0,0.9988725781440735,0.002144772093743086,1.0446386337280273,0.08643095195293427
139,2.296489595475674,0.921875,0.9211649990687936,0.6750386214707841,0.30583093908883763,0.078125,0.0,59,0.025889067355463105,0.3790333867073059,1.5,0.96875,64,0.96875,41,0.640625,0.8847889428962877,29.852187500000003,28.23278604238066,-0.6992874302473121,0.482989573866579,2.21875,1.4733969042657855,-0.6952732430744418,0.4605939152820084,2.864212343750002,1.6369058989444691,0.26102949561425104,0.7823363016140227,242.98034375,76.81924866798094,-0.6742654621233123,0.5100298721368504,1.0,0.9977089166641235,0.016034206375479698,1.1014962196350098,0.07918231934309006
140,2.401168664817704,0.953125,0.931134467242194,0.6639034540722591,0.2776446297276215,0.046875,0.0,61,0.025575486771625747,0.4558916687965393,1.5,0.96875,64,0.96875,45,0.703125,0.8824737348834971,30.120312500000004,26.061238696622688,-0.6947005085280534,0.4458400440403577,2.421875,1.4120539948511175,-0.6317749835282273,0.4414177036717559,2.6998453125000013,1.3697144528445175,0.18247256975900103,0.6546358834656549,245.42603125,66.80196494583095,-0.6580276870273473,0.44352162030469927,1.0,0.9969983100891113,0.009365244768559933,1.0648608207702637,0.07935118675231934
141,2.4743179374124304,1.0,0.9237608620896935,0.6680861532547521,0.30388096475508064,0.0,0.0,64,0.020627079089024305,0.379688024520874,1.5,1.0,64,1.0,53,0.828125,0.884096014266247,33.100468750000005,24.106527865243752,-0.6437177824491379,0.41240002327645264,2.515625,1.2989441325072453,-0.6024680945068974,0.40605878972050524,2.6779628125000015,1.3184570724020912,0.1720141346521889,0.6301381347119795,253.25806250000002,59.639689125058304,-0.6060280910110651,0.39596876494072686,1.0,0.9987244606018066,0.003628823207691312,0.9999999403953552,0.08047152310609818
142,2.398334194815294,0.96875,0.8951710192186217,0.6732433921185336,0.24872722116208845,0.03125,0.0,62,0.016629072879207344,0.369107186794281,1.5,1.0,64,1.0,46,0.71875,0.8834644288501459,35.56484375,36.21701395719402,-0.6015587327077939,0.6195789573032897,2.765625,2.1632021078426766,-0.5243163904500179,0.6762317237893553,2.3849648437500015,1.3317233700183773,0.031979849602506764,0.6364785762852726,257.31415625,85.23682036248684,-0.5790982653155707,0.5659170760537648,1.0,0.9957305192947388,0.003496503457427025,1.0446385145187378,0.08899223804473877
143,2.1788161281259955,0.875,0.9187375030347279,0.665772676398962,0.2875541899619358,0.109375,0.0,56,0.033535416565003175,0.3587307929992676,1.5,1.0,63,0.984375,51,0.8095238095238095,0.8954042687532321,31.551269841269843,27.71868795378971,-0.6702205484049648,0.47419469204508846,2.5238095238095237,1.4126092356372693,-0.5999095565764638,0.44159127572615453,2.445039206349207,1.6279853915663196,0.06069155177670523,0.7780728697605226,248.66944444444437,72.96936338830521,-0.6364935319095436,0.48446913663133656,0.984375,0.9984296560287476,0.018924303352832794,1.1478066444396973,0.09326831251382828
144,2.381804323992751,0.953125,0.9099319108196946,0.6709318223140083,0.2947152568424334,0.046875,0.0,61,0.03716378392357624,0.43420496582984924,1.5,0.984375,64,0.984375,45,0.703125,0.8806644085379254,32.54109375,23.982571153156428,-0.6532872345207846,0.4102794461765133,2.4375,1.2103072956898178,-0.6268905020246722,0.37835031036253114,2.5807484375000014,1.5044725665029797,0.12555188251523886,0.7190416408888676,249.56481250000002,67.98901373886518,-0.6305488700857316,0.4514028526081832,1.0,0.998979389667511,0.013255567289888859,1.0648607015609741,0.07752549648284912
145,2.3491486660138228,0.9375,0.8971436480681102,0.6554263235345438,0.2583813120921453,0.0625,0.0,60,0.037135674137350055,0.4092991352081299,1.5,0.96875,64,0.96875,40,0.625,0.8805928833173357,34.448750000000004,27.657301448939304,-0.6206521953189035,0.4731445285304303,2.515625,1.4789374088767246,-0.6024680945068974,0.4623259147887279,2.239008750000001,1.470376734031007,-0.03777782593402618,0.7027460141862117,236.852734375,88.76474341117269,-0.7149488049081846,0.5893401916482276,1.0,0.9991196393966675,0.0032858706545084715,1.0837911367416382,0.08678502589464188
146,2.4662101455645145,0.984375,0.9154083170588054,0.6689413729177657,0.3254357751399751,0.015625,0.0,63,0.0485882822666424,0.38340285420417786,1.5,1.0,64,1.0,44,0.6875,0.8712047515675988,35.1525,23.824701598341164,-0.6086128623215021,0.4075787084989681,2.59375,1.1418016191528193,-0.5780456869891225,0.3569349689267879,2.8140690625000016,1.35941048225844,0.2370642150020832,0.6497112447033109,265.02835937500004,67.05825786847753,-0.5278809714510267,0.44522323869896374,1.0,0.9984441995620728,0.0014423077227547765,1.0230478048324585,0.08275056630373001
147,2.491485642841579,0.984375,0.9266101571302565,0.6492545793008344,0.2724606211459826,0.015625,0.0,63,0.04607066303357717,0.3427288234233856,1.5,1.0,64,1.0,45,0.703125,0.8754095725595638,25.299375,18.711938190881643,-0.7771742164103405,0.32011261798481755,2.203125,1.0182657975081948,-0.7001577245779967,0.3183168290324113,2.7668393750000018,1.4750473054997641,0.21449144581054802,0.704978248556952,240.33020312499997,75.50647800730822,-0.6918606730574284,0.5013139283621101,1.0,0.9996593594551086,0.003680336521938443,1.0230478048324585,0.0855715349316597
148,2.294124751348421,0.90625,0.9277482973090534,0.6692892398822857,0.29941622797271306,0.09375,0.0,58,0.05544484560437497,0.36243826150894165,1.5,1.0,64,1.0,44,0.6875,0.8850838569219828,31.638281250000002,22.610138251089896,-0.6687320094006658,0.3868006870652254,2.4375,1.3678792892649556,-0.6268905020246722,0.42760838960067793,2.446271875000001,1.3025958675190619,0.06128068853404707,0.6225574934696618,233.28946875,84.50163690166913,-0.7386065722337051,0.5610359358054579,1.0,0.9995124936103821,0.0054824561811983585,1.1180338859558105,0.08636737614870071
149,2.4837812286937546,0.96875,0.9135936551517055,0.7103846894108506,0.2638767061214293,0.03125,0.0,62,0.047781359949676236,0.375108003616333,1.5,0.984375,64,0.984375,47,0.734375,0.8755262868607914,26.568125000000002,21.600885100138257,-0.7554692022143149,0.36953498935583523,2.234375,1.195593308518829,-0.6903887615708868,0.3737506176789958,2.641764843750001,1.2624545651849135,0.15471382128898567,0.6033725189208389,233.13095312500002,59.5272228657375,-0.7396590129351217,0.3952220620914317,1.0,0.9970707297325134,0.018794914707541466,1.0446385145187378,0.07552430778741837
150,2.3920599334164834,0.9375,0.9413983871539434,0.6660255651246009,0.27497112701336546,0.0625,0.0,60,0.025019444001849345,0.28643566370010376,1.5,1.0,64,1.0,40,0.625,0.8781041979351137,33.536249999999995,30.900908941930815,-0.6362626981396904,0.5286342204963144,2.34375,1.4813291118114165,-0.656197391046002,0.46307357742850397,2.402508125000001,1.6486663064607674,0.04036441574045611,0.7879570240561052,237.75656250000003,82.052608958726,-0.7089479737230238,0.5447759823399212,1.0,0.9971665143966675,0.00870010256767273,1.0837910175323486,0.07855422794818878
151,2.4792203596493314,0.984375,0.9203710153935447,0.6800183814642582,0.3041087949559802,0.015625,0.0,63,0.05535630756626437,0.38409537076950073,1.5,1.0,64,1.0,52,0.8125,0.8767013537932519,26.556874999999998,18.90346189152598,-0.7556616604682699,0.3233890906085501,1.984375,1.0076610835866393,-0.7685404656277663,0.3150017231763902,2.911717812500002,1.4149836793366095,0.28373407060068173,0.6762716777123419,238.20840625,64.27194404265727,-0.7059480249597345,0.42672392623551636,1.0,0.998228132724762,0.0015847861068323255,1.023047924041748,0.0769992396235466
152,2.458338104099912,0.984375,0.910618575792464,0.6761999162719851,0.3011135888241586,0.015625,0.0,63,0.05974016118187954,0.40454337000846863,1.5,1.0,64,1.0,52,0.8125,0.8736364939988102,27.22984375,23.579626964565957,-0.7441489146379396,0.4033861186229668,2.125,1.3169567191065923,-0.7245801320957717,0.4116896470693496,3.447501875000002,1.5187312199382879,0.5398045766635391,0.7258563650594924,274.11342187500003,71.87788312474082,-0.4675620625111942,0.4772224172358932,1.0,0.9998511075973511,0.004193848930299282,1.023047924041748,0.08600538969039917
153,2.4230857195778386,0.96875,0.937698838210875,0.6802016419570417,0.3375285165684838,0.03125,0.0,62,0.04155100665722168,0.38422268629074097,1.5,1.0,64,1.0,51,0.796875,0.8871058271189763,28.98234375,21.396296024530415,-0.7141681955218533,0.36603500213185897,2.21875,1.430349061418226,-0.6952732430744418,0.44713686618397025,3.222085468750002,1.274102867519597,0.4320699550811582,0.6089396622578348,266.890609375,73.52367062480147,-0.5155168420712672,0.48814937633501587,1.0,0.9989389777183533,0.0042372881434857845,1.0446385145187378,0.07999508082866669
154,2.3506188734117455,0.9375,0.9200765401124954,0.6533175953940256,0.276765213534236,0.0625,0.0,60,0.04164044290690008,0.3836243450641632,1.5,1.0,64,1.0,49,0.765625,0.887156828678721,31.92265625,28.060951919559603,-0.6638670924256946,0.4800499387334222,2.3125,1.589762167747113,-0.665966354053112,0.49697048981838243,2.6865253125000015,1.6599980994181238,0.17610646188180526,0.7933728961588515,246.32570312500002,87.77972572718599,-0.6520544506402718,0.5828003145714855,1.0,0.9974797368049622,0.013677012175321579,1.0837911367416382,0.08022017031908035
155,2.5083773533948373,1.0,0.9228239804506302,0.642871112965113,0.2762852805899456,0.0,0.0,64,0.03523180671858957,0.3637181520462036,1.5,0.984375,64,0.984375,46,0.71875,0.8872730304962982,31.92875,26.807442967159325,-0.6637628442048024,0.45860565924046215,2.453125,1.3454749103476438,-0.6220060205211173,0.42060462803778215,2.9628584375000018,1.4927675004534577,0.30817601772209463,0.7134473681275343,265.39871875000006,67.25671120636144,-0.5254220259659913,0.44654083985103354,1.0,0.99934321641922,0.0004960317746736109,0.9999998807907104,0.07137040793895721
156,2.4487389632416323,0.984375,0.9089953989263565,0.6595818118862021,0.29889148213560623,0.015625,0.0,63,0.03701834996427483,0.39161092042922974,1.5,1.0,64,1.0,46,0.71875,0.8778333538749808,39.771406250000005,29.815552981371333,-0.5295953839164887,0.5100666015550852,2.875,1.4947825928876748,-0.4901250199251331,0.4672792273149302,2.5454081250000007,1.4630652751456834,0.10866147397253478,0.699251604576328,258.47987500000005,69.08123683852678,-0.571358650631499,0.45865450395240553,1.0,0.9979889392852783,0.0,1.0230478048324585,0.07654353231191635
157,2.462151258523002,0.96875,0.9407712245179761,0.6790667886150445,0.3026853316733914,0.03125,0.0,62,0.03751123982713138,0.35167086124420166,1.5,1.0,64,1.0,47,0.734375,0.8854310487841393,27.56875,23.875193618324857,-0.738351109737548,0.40844249569938745,2.15625,1.2275324588376473,-0.7148111690886617,0.3837350137731737,3.010792812500002,1.2152237926477136,0.33108558245752717,0.5807992311509353,255.45471874999998,73.15448741393723,-0.5914437215236937,0.48569823981523574,1.0,0.9991975426673889,0.0026511135511100292,1.0446385145187378,0.07440520823001862
158,2.3999281777152315,0.953125,0.9275911421072288,0.6772150509015288,0.29809451225351113,0.03125,0.0,61,0.029340412819891793,0.3483288884162903,1.5,1.0,63,0.984375,47,0.746031746031746,0.8827281419891775,31.563968253968252,26.05074276366558,-0.6700033115751038,0.44566048591319746,2.5714285714285716,1.4553054085653456,-0.5850235177084867,0.45493839041030004,2.6847298412698426,1.56921913380205,0.17524834149579976,0.7499863580137929,258.2288571428572,74.30912363643188,-0.5730252460200583,0.4933642737212531,0.984375,0.9988008737564087,0.0020263425540179014,1.0648607015609741,0.07510123401880264
159,2.393899367858122,0.96875,0.9182899882716518,0.6540366661389491,0.3275837341864263,0.03125,0.0,62,0.03771260689875863,0.3832639753818512,1.5,1.0,64,1.0,50,0.78125,0.8871331887420288,43.28515625,27.61868089447043,-0.46948425593123994,0.47248383124333254,3.0625,1.3448396744593758,-0.4315112418824735,0.42040604896919725,2.737648281250002,1.6851246939317617,0.200539970445245,0.805381800908129,290.514921875,81.99368738817356,-0.3586667648754693,0.5443847814154648,1.0,1.0003069639205933,0.003109728917479515,1.0446385145187378,0.0771622285246849
160,2.3506673728020506,0.921875,0.9257594215667854,0.7017995038522442,0.2983986597697613,0.0625,0.0,59,0.02205225288879496,0.38926270604133606,1.5,1.0,63,0.984375,42,0.6666666666666666,0.8795173413903732,29.541111111111114,24.31441385243852,-0.7046091385719478,0.4159564120868701,2.238095238095238,1.1644780248226176,-0.6892257897843261,0.3640237679067072,2.693862063492065,1.267717303251167,0.17961295950069422,0.6058877710424,243.24184126984125,71.25031807051398,-0.6725292885871043,0.4730557932462696,0.984375,0.9979122281074524,0.0015982951736077666,1.1014962196350098,0.07796133309602737
161,2.377762009563256,0.953125,0.9074898660182953,0.6699789434816532,0.2697045133739221,0.046875,0.0,61,0.028852384898589017,0.34305286407470703,1.5,0.984375,64,0.984375,40,0.625,0.8784611685355695,37.8840625,27.238669073049323,-0.5618829290487292,0.46598281687596105,2.609375,1.5773512954871531,-0.5731612054855676,0.49309076655458994,2.3507098437500007,1.1107783521244983,0.015608151003906922,0.53088099228817,250.86340625000003,83.6392329774354,-0.6219270517816653,0.5553101343841459,1.0,0.9984074234962463,0.0035070141311734915,1.0648608207702637,0.08564000576734543
162,2.4180935278223457,0.96875,0.9049689077561901,0.6623511933119064,0.2867707930985959,0.03125,0.0,62,0.03112981486298377,0.31516727805137634,1.5,1.0,64,1.0,44,0.6875,0.8752358685037324,37.65984375000001,27.547681078233897,-0.5657187289713025,0.4712692089620879,2.625,1.3863170633011772,-0.5682767239820126,0.43337216344046353,2.310561562500001,1.446850629436462,-0.003580159020229554,0.6915020412298253,253.092109375,71.65654797825468,-0.607129911877477,0.47575289574981844,1.0,0.9992293119430542,0.0015665796818211675,1.0446385145187378,0.08447322994470596
163,2.3259701214438007,0.9375,0.9206275860468547,0.6526684021799547,0.30445518965522445,0.0625,0.0,60,0.0212741865037476,0.2964106798171997,1.5,1.0,64,1.0,46,0.71875,0.8889498310682395,32.35359375,23.26038775789133,-0.6564948720866998,0.39792476570647367,2.46875,1.4680849558182931,-0.6171215390175623,0.45893336398987306,2.868525781250001,1.3961278846160607,0.26309104279492196,0.6672598141011351,254.2385625,76.89489335671031,-0.5995182084191176,0.5105321036945583,1.0,0.9988060593605042,0.0015822785208001733,1.0837911367416382,0.08255693316459656
164,2.477029530739275,0.984375,0.9280742473072476,0.6652481742502857,0.2883854898668471,0.015625,0.0,63,0.022660508700589308,0.34177836775779724,1.5,1.0,64,1.0,45,0.703125,0.8814609530829867,39.598124999999996,34.46735715114193,-0.5325597756336554,0.5896468778443474,2.609375,1.859243692842603,-0.5731612054855676,0.5812122514106196,2.4078223437500013,1.4136587700479817,0.04290427233546496,0.6756384558310429,244.342484375,80.25638097489359,-0.6652217338800975,0.5328501962276115,1.0,0.9997372627258301,0.0010758471908047795,1.023047924041748,0.08279186487197876
165,2.4575474198383103,0.96875,0.9238399978606932,0.6855678468838386,0.27664621414676793,0.03125,0.0,62,0.019023968415410087,0.29478558897972107,1.5,1.0,64,1.0,41,0.640625,0.871210958754054,30.860937500000002,23.327049730325818,-0.6820303401426888,0.39906517875713426,2.359375,0.9415278059489268,-0.651312909542447,0.2943280098073744,2.3414350000000006,1.2535797351696973,0.011175369032687963,0.5991309179246945,233.09132812500002,56.26475111722225,-0.7399220971755154,0.3735613705642718,1.0,0.9999287128448486,0.0005437738145701587,1.044638752937317,0.07843968272209167
166,2.434404948703806,0.984375,0.8850890114193871,0.6925984138746035,0.27329576949751566,0.015625,0.0,63,0.035271140451946584,0.28615447878837585,1.5,1.0,64,1.0,47,0.734375,0.8768780010600793,35.0084375,27.022205117895055,-0.611077397184647,0.46227968133345765,2.5625,1.7036266463048764,-0.5878146499962325,0.5325653019417314,2.540027031250001,1.2445720846887502,0.10608965540573283,0.5948258372428789,259.33715625,74.35117231595507,-0.565666860436927,0.4936434496180837,1.0,0.9974091649055481,0.0040241447277367115,1.023047924041748,0.07538570463657379
167,2.4694465970866952,0.984375,0.9205956250902206,0.6812706711915397,0.3090066586931547,0.015625,0.0,63,0.03864041422047826,0.2543865144252777,1.5,1.0,64,1.0,47,0.734375,0.8880158282792264,33.757031250000004,28.87468120385095,-0.6324857049058252,0.49397073137757225,2.484375,1.3918533900432903,-0.6122370575140074,0.4351028569169108,2.7760359375000014,1.404273100033341,0.21888681435216756,0.6711527059952347,255.05482812500003,60.155734474558514,-0.5940987353109148,0.39939497058821993,1.0,0.9983854293823242,0.009950248524546623,1.023047685623169,0.07683981955051422
168,2.300551332181383,0.921875,0.9055875782239236,0.6698869788553903,0.301258079770763,0.0625,0.0,59,0.051752348301706476,0.3282880485057831,1.5,1.0,63,0.984375,48,0.7619047619047619,0.8833125944187312,34.61253968253968,30.38169807099328,-0.6178501796462443,0.5197518722603105,2.619047619047619,1.4952684255340551,-0.5701374788405097,0.4674311019117346,2.6308149206349216,1.7107615937417533,0.1494804585414183,0.8176345989432093,252.77403174603177,81.46868851613289,-0.6092417405564248,0.5408991301988512,0.984375,0.9987630248069763,0.014292755164206028,1.1014959812164307,0.071384496986866
169,2.403533263677045,0.953125,0.915852595059598,0.7082700092675455,0.31030957388584735,0.03125,0.0,61,0.03652287144902028,0.3783321678638458,1.5,1.0,63,0.984375,45,0.7142857142857143,0.8737294238066977,30.25253968253968,26.62643327795836,-0.6924384451789901,0.45550905401979214,2.3492063492063493,1.6345353221404446,-0.6544916990923797,0.5109668830657449,3.1234607936507954,1.5115680354889995,0.3849336697181746,0.7224328211444456,269.65492063492064,75.15535257227889,-0.49716361234186174,0.4989826837347898,0.984375,0.9976397752761841,0.0047236657701432705,1.0648608207702637,0.0752548947930336
170,2.3680226570683156,0.953125,0.9090911399145596,0.6828434247388049,0.3345071508503351,0.046875,0.0,61,0.04804406892736006,0.4027193486690521,1.5,1.0,64,1.0,45,0.703125,0.8901423458553527,31.04828125,26.115504108831566,-0.6788253756080787,0.4467683841722567,2.359375,1.3389266631802506,-0.651312909542447,0.4185576013389125,2.9751126562500017,1.4616557405443957,0.31403275034320993,0.698577937209328,258.03459375,67.48971085323831,-0.5743150286609697,0.4480878060367894,1.0,0.9986810684204102,0.0010000000474974513,1.0648608207702637,0.0807797908782959
171,2.478083372287463,0.984375,0.9366672332324679,0.6900257924111406,0.3084433609767566,0.015625,0.0,63,0.037366509187428114,0.3583628833293915,1.5,1.0,64,1.0,54,0.84375,0.8884736622403356,31.407656250000002,21.478992697967378,-0.6726774036067414,0.36744972723208624,2.53125,1.2865743031399313,-0.5975836130033424,0.40219189674471156,3.0267004687500014,1.5343981240604074,0.3386884244816148,0.7333441429681333,268.7281250000001,73.6003455531758,-0.5033169328620681,0.4886584480142233,1.0,0.9994139075279236,0.023138832300901413,1.0230478048324585,0.08407271653413773
172,2.378340467114296,0.953125,0.9132494989965783,0.6941927948810396,0.29788902157642805,0.03125,0.0,61,0.027972465788675016,0.34284698963165283,1.5,1.0,63,0.984375,50,0.7936507936507936,0.8830047859016487,27.288095238095238,25.454886570954034,-0.743152383110021,0.4354669354725324,2.253968253968254,1.5833283605761905,-0.6842637768283337,0.49495923784245854,3.0706482539682565,1.2369701595886733,0.35969265433621284,0.5911926033643914,258.8257142857143,67.6503567438426,-0.5690625025991862,0.4491543903169656,0.984375,0.9995952844619751,0.017377566546201706,1.0648605823516846,0.08048194646835327
173,2.4657774564367454,0.984375,0.9197424934023902,0.6685067274720743,0.2822121978988723,0.015625,0.0,63,0.03345871695486918,0.33752962946891785,1.5,1.0,64,1.0,48,0.75,0.8816016229963531,27.901562499999997,19.739615404272538,-0.7326575530580488,0.33769350350645794,2.140625,1.1574107349489204,-0.7196956505922166,0.36181448491993373,2.9400756250000017,1.5054857417010763,0.2972872908361392,0.7195258738175149,254.63912500000004,72.18289550239297,-0.5968587338186717,0.47924750113962217,1.0,0.9994125962257385,0.002964426763355732,1.0230478048324585,0.08677838742733002
174,2.321334137734146,0.9375,0.9176147351662318,0.6525009664878479,0.26920685817797974,0.0625,0.0,60,0.02488661336655311,0.37056681513786316,1.5,1.0,64,1.0,52,0.8125,0.8918664791437421,32.780468750000004,26.427122693225108,-0.649192150561633,0.4520993680524594,2.484375,1.4251336286029461,-0.6122370575140074,0.4455064863363371,2.611892812500001,1.3767323231767292,0.1404369013604221,0.6579899765289455,236.92459374999999,62.88546658527282,-0.7144717053728653,0.4175186172462713,1.0,1.0001115798950195,0.008034279569983482,1.083790898323059,0.08846797794103622
175,2.343372550165352,0.953125,0.8891214967751112,0.7066523496510942,0.2899274546347681,0.046875,0.0,61,0.014818007970827975,0.3248932659626007,1.5,1.0,64,1.0,47,0.734375,0.8822658485823734,37.4315625,22.50895059600944,-0.5696240277078043,0.3850696293391298,2.578125,1.2966867333226635,-0.5829301684926775,0.40535311134845853,2.481144843750001,1.28166363093051,0.07794773666171818,0.6125532234821464,250.16803125,66.35787200757741,-0.6265438897290142,0.4405731318927222,1.0,0.9966832995414734,0.018817204982042313,1.0648608207702637,0.08309289067983627
176,2.4274831567374466,0.96875,0.9325029090527566,0.6825087824104757,0.29828509700394445,0.03125,0.0,62,0.010457497126049653,0.2737995386123657,1.5,1.0,64,1.0,46,0.71875,0.8764911496352753,34.3625,25.97798827854074,-0.6221277085992245,0.4444158458087961,2.4375,1.3905372163304368,-0.6268905020246722,0.4346914120429333,2.743158750000002,1.547164955905742,0.20317362198551642,0.7394458718553271,256.8410625,69.0547256155569,-0.5822393002645601,0.45847848666642615,1.0,0.9994213581085205,0.003593429224565625,1.0446385145187378,0.0896994024515152
177,2.416044142965881,0.96875,0.9262695629750529,0.6960195400690297,0.3401035773417642,0.03125,0.0,62,0.03518618926876699,0.3565790355205536,1.5,0.984375,64,0.984375,51,0.796875,0.8819242589545674,30.536406250000002,25.626697710053495,-0.687582226163027,0.43840617741396226,2.5,1.6105123408406408,-0.6073525760104523,0.50345713536532,2.8999573437500015,1.2420399129962612,0.2781133188928069,0.5936156211649534,261.49371874999997,72.6293522451213,-0.5513486873852221,0.4822116836766388,1.0,0.9988248944282532,0.0029411765281111,1.0446386337280273,0.08370041847229004
178,2.3960220759514184,0.96875,0.8963671744831146,0.6794194541972445,0.2875263324427989,0.03125,0.0,62,0.020736593166414907,0.2491174340248108,1.5,0.96875,64,0.96875,44,0.6875,0.8627089359163376,32.97171875000001,29.932466046224764,-0.6459203602443996,0.5120666801618593,2.4375,1.6851835953390955,-0.6268905020246722,0.5267998784977966,2.8706404687500013,1.4240186924164118,0.26410172813663063,0.6805898359659378,259.94290625,89.40358430152547,-0.5616450742257366,0.5935816798594789,1.0,0.9980235695838928,0.0015715033514425159,1.0446386337280273,0.08474588394165039
179,2.4058100302712306,0.953125,0.9249480005170478,0.7121375222267482,0.3273395843437461,0.046875,0.0,61,0.03729575194468857,0.3062060475349426,1.5,1.0,64,1.0,44,0.6875,0.881005441610365,31.650000000000006,27.20453994740584,-0.6685315320527961,0.4653989562599297,2.15625,1.5433197781082182,-0.7148111690886617,0.4824522822553696,2.590497968750001,1.7199596647988404,0.13021153474418715,0.8220306884786094,236.774171875,70.1799941243841,-0.7154704088359051,0.465949538045193,1.0,0.997115433216095,0.004880694206804037,1.0648608207702637,0.08860007673501968
180,2.2902924074323474,0.921875,0.9322982612302748,0.6797428106321634,0.34111093161469797,0.078125,0.0,59,0.024852747219754265,0.3187866806983948,1.5,1.0,64,1.0,39,0.609375,0.8963626771734864,33.5246875,21.547171868422634,-0.6364605024562552,0.36861609559670067,2.296875,1.1548767182582738,-0.6708508355566669,0.3610223340300033,2.5990779687500014,1.5549827464257653,0.13431222585427288,0.7431822755949506,237.778203125,71.11283142548444,-0.7088042940412632,0.47214297130123845,1.0,0.9992451667785645,0.01741424761712551,1.1014959812164307,0.09507428854703903
181,2.3801666014613003,0.96875,0.9182656777481879,0.6606672190608561,0.3762451529262527,0.03125,0.0,62,0.04154120874564272,0.3708980977535248,1.5,1.0,64,1.0,50,0.78125,0.8831251577408044,43.9490625,33.01631678611492,-0.45812654591659563,0.5648233493935751,2.6875,1.7488835724541527,-0.5487387979677927,0.5467129255375005,3.118934062500002,1.522886958069607,0.38277018181749783,0.7278425420304648,288.47234375,86.7634108377163,-0.37222815577667345,0.576052644396171,1.0,0.9991274476051331,0.0,1.0446386337280273,0.08370453119277954
182,2.3914420731323336,0.96875,0.9187150280321797,0.6531769039869245,0.33782836061812216,0.015625,0.0,62,0.0340315386621696,0.3742685616016388,1.5,0.96875,63,0.953125,46,0.7301587301587301,0.8793690223364896,37.22761904761906,28.539671287318793,-0.5731129699967618,0.4882395826137182,2.5714285714285716,1.4443572274383905,-0.5850235177084867,0.4515159143647204,2.769584761904763,1.4999469568207209,0.21580356511988363,0.7168786889784065,262.1547142857143,71.69593244919577,-0.5469601067311662,0.47601438303362514,0.984375,0.9980902075767517,0.0009675858891569078,1.0446385145187378,0.09014365822076797
183,2.3694645738968347,0.953125,0.9084837119110295,0.6764730485695252,0.3174362313307699,0.046875,0.0,61,0.028791937636061422,0.29225486516952515,1.5,1.0,64,1.0,43,0.671875,0.8755606452122043,37.223593750000006,32.94131478701876,-0.573181832374665,0.5635402601678707,2.453125,1.6000946016954747,-0.6220060205211173,0.5002004790988609,2.7380970312500015,1.7424102715802554,0.20075444423727862,0.8327606422833387,258.64945312500004,83.76028133700399,-0.5702327621216444,0.5561138167999943,1.0,0.9995754957199097,0.015105740167200565,1.0648607015609741,0.08608938753604889
184,2.423805254315858,0.96875,0.9292824268341064,0.6796327685078353,0.33759226986477453,0.03125,0.0,62,0.03941164709555098,0.37269327044487,1.5,1.0,64,1.0,48,0.75,0.8748640040214866,37.77140625,29.138313527209515,-0.5638101846195832,0.49848079507887577,2.53125,1.510057428543696,-0.5975836130033424,0.4720542450577576,2.8223415625000015,1.324884441344343,0.2410179407839227,0.6332100058871232,270.5854375,74.59528743867537,-0.4909855852725157,0.49526421533743914,1.0,0.996982753276825,0.012927054427564144,1.0446385145187378,0.09073510020971298
185,2.5447011868505127,1.0,0.9311420023441315,0.66922101319592,0.2744652357650921,0.0,0.0,64,0.03172008584776353,0.27421581745147705,1.5,1.0,64,1.0,45,0.703125,0.8790274008120338,36.79859375,32.89290989651054,-0.5804524775240726,0.5627121783269738,2.296875,1.5378524748411337,-0.6708508355566669,0.48074316598769606,2.520387500000002,1.4715876680890876,0.09670321587156953,0.7033247631986675,250.57021875000004,72.22567299173062,-0.623873626184956,0.47953151585983267,1.0,0.9996267557144165,0.0036997885908931494,0.9999998807907104,0.08380955457687378
186,2.467499199264491,0.984375,0.9130099907753959,0.6755723824729793,0.3055923985583442,0.015625,0.0,63,0.04252059879448303,0.3852848410606384,1.5,1.0,64,1.0,48,0.75,0.8774559446528768,35.032187500000006,25.7858089283591,-0.6106710964262977,0.44112815672593864,2.515625,1.4251336286029461,-0.6024680945068974,0.4455064863363371,3.0615284375000016,1.611793178203647,0.35533396548807933,0.7703340276406017,267.806109375,79.84640023881741,-0.5094385172238138,0.5301281906622712,1.0,0.9996132850646973,0.001505268388427794,1.023047924041748,0.09356582164764404
187,2.4489574872970046,0.96875,0.9366403270152307,0.6799845270875298,0.32488671558037885,0.03125,0.0,62,0.034399926145363316,0.29125136137008667,1.5,1.0,64,1.0,45,0.703125,0.8779711261919932,32.337812500000005,23.819919872133152,-0.6567648482484976,0.40749690559435614,2.25,1.118033988749895,-0.6855042800673319,0.3495050456572573,2.458783750000001,1.5280945552187095,0.06726056435957184,0.7303314403211679,245.52984375,63.327510365317046,-0.6573384395142656,0.420453500579865,1.0,0.9982318878173828,0.002699784003198147,1.0446386337280273,0.08476582914590836
188,2.525830927335315,0.984375,0.9283308263808961,0.6894466700378803,0.2683750826214987,0.015625,0.0,63,0.048113231167122295,0.39348161220550537,1.5,1.0,64,1.0,47,0.734375,0.8748336736593085,35.391718749999995,26.796864820971102,-0.6045204513936556,0.45842469465864305,2.453125,1.298192102261834,-0.6220060205211173,0.4058236999397804,2.673553281250001,1.2321495277043486,0.1699066608064405,0.5888886497148523,251.5815625,64.35499960033096,-0.6171589611440588,0.427275361145322,1.0,1.000872015953064,0.0059523810632526875,1.0230478048324585,0.0869218111038208
189,2.420601003506941,0.96875,0.9062155023697884,0.6868121602841022,0.3288307795601506,0.03125,0.0,62,0.05755841206135977,0.4760841429233551,1.5,1.0,64,1.0,54,0.84375,0.8895095038961901,35.74875,24.721233629968793,-0.5984125748618923,0.4229160408920079,2.53125,1.3459284667098768,-0.5975836130033424,0.42074641284815956,2.9473503125000016,1.4289181633275598,0.3007641260762208,0.6829314696267149,265.94532812500006,67.28987011803274,-0.5217928950583851,0.4467609934684296,1.0,0.9999019503593445,0.0096993213519454,1.0446383953094482,0.08823888003826141
190,2.5203142056940884,1.0,0.9332720153033733,0.6769369791513618,0.31607230147346854,0.0,0.0,64,0.06362249684604718,0.32794615626335144,1.5,1.0,64,1.0,53,0.828125,0.8860747817721281,40.36140625,28.004468441839084,-0.5195020177090759,0.4790836532668096,2.8125,1.4347800354061246,-0.509662945939353,0.44852201885511417,2.896766406250001,1.1897115641017366,0.27658825490223693,0.5686060180044363,279.286375,68.08579490647725,-0.4332170166188961,0.45204541664517056,1.0,0.9995129108428955,0.003336510853841901,0.9999998807907104,0.07436627149581909
191,2.4683650976358136,0.96875,0.9235888633035845,0.6931360855421098,0.27836295085087903,0.03125,0.0,62,0.045429268713747556,0.28961536288261414,1.5,1.0,64,1.0,48,0.75,0.885341795969998,35.228750000000005,29.278490585026752,-0.6073084230446967,0.5008788601270572,2.5,1.4577379737113252,-0.6073525760104523,0.4556988268558507,2.8498006250000016,1.6630617020234437,0.2541416160152789,0.7948371022157827,267.27409375,71.25957750008921,-0.5129707551185936,0.4731172698392356,1.0,0.9989850521087646,0.0023980815894901752,1.0446386337280273,0.07181388884782791
192,2.392463672087366,0.953125,0.934989655604128,0.6652797772019339,0.3133851309291652,0.03125,0.0,61,0.04409228709668401,0.42139527201652527,1.5,1.0,63,0.984375,49,0.7777777777777778,0.8893507098580642,36.08698412698413,28.377015997744653,-0.5926262682390188,0.48545697345567657,2.507936507936508,1.3077669793045068,-0.6048715695324562,0.4088168717678603,3.0800838095238112,1.4173452550403844,0.3642022462692411,0.6774003598212305,278.5614444444444,78.29963985600608,-0.43803008424151957,0.5198587072456698,0.984375,0.998070240020752,0.0018315018387511373,1.0648607015609741,0.06513803452253342
193,2.2719615436811313,0.921875,0.9175643925949678,0.6715595226420527,0.33319261960558977,0.078125,0.0,59,0.022674150976931668,0.36576759815216064,1.5,1.0,64,1.0,50,0.78125,0.8968298459872867,32.22953125,25.007829800739877,-0.6586172589428136,0.4278189563246092,2.453125,1.3570382214127206,-0.6220060205211173,0.4242193978948842,2.940557031250002,1.5498396424637386,0.29751737222654884,0.7407242009218354,260.16478125000003,76.43497057537476,-0.5601719684632802,0.5074785154152555,1.0,1.0010193586349487,0.003913894295692444,1.1014959812164307,0.0685882419347763
194,2.2870843156056604,0.9375,0.9052682215968768,0.6334307085331311,0.3304333455860615,0.0625,0.0,60,0.04768221219336498,0.42729300260543823,1.5,1.0,64,1.0,46,0.71875,0.8995757121480307,39.45453125,34.036081954012765,-0.5350162914028853,0.5822688803853663,2.6875,1.9675095298371492,-0.5487387979677927,0.6150568900196921,2.7955484375000017,1.6526331793035816,0.22821254107542477,0.7898529355014862,268.69709375,92.23029430753064,-0.5035229601891276,0.6123491966984153,1.0,0.9977841973304749,0.0023741689510643482,1.0837910175323486,0.07854554802179337
195,2.4371061763916027,1.0,0.9062336827628314,0.6692944791167564,0.34145275031914935,0.0,0.0,64,0.034165596525324936,0.30025818943977356,1.5,1.0,64,1.0,54,0.84375,0.8895905244018985,36.97921875,26.173277540311005,-0.5773624533355745,0.44775673739425814,2.9375,1.4776988021921111,-0.47058709391091325,0.46193871789649277,2.851260937500001,1.226079266881734,0.25483955196943914,0.5859874533755519,274.01034375000006,64.69950081705106,-0.4682464342516816,0.42956262526937194,1.0,0.9982345104217529,0.007038949057459831,0.9999998807907104,0.07450515031814575
196,2.3473940669751983,0.9375,0.9415548066298167,0.6431406891373725,0.3169391715278228,0.0625,0.0,60,0.025407915129072273,0.262560099363327,1.5,1.0,64,1.0,49,0.765625,0.8891648253581304,29.86734375,28.989391553322328,-0.699028146210734,0.49593312725044497,2.296875,1.6363038331480495,-0.6708508355566669,0.5115197316612956,2.9252523437500018,1.6199464465161957,0.29020271069113057,0.7742307683034702,248.2986875,85.43782149864076,-0.6389551169972356,0.5672515929300628,1.0,0.9980669617652893,0.001038421643897891,1.0837911367416382,0.07079706341028214
197,2.3540383444381585,0.953125,0.9217937564263579,0.6684949776647694,0.3548072383540576,0.046875,0.0,61,0.0340898298235173,0.2954540550708771,1.5,1.0,64,1.0,45,0.703125,0.8874952026826547,34.91765625000001,25.199704781392498,-0.6126304283728108,0.43110143843607895,2.484375,1.3577576585587725,-0.6122370575140074,0.4244442988505873,2.8665632812500017,1.5257614504302188,0.26215309334229486,0.7292163654884101,255.81720312500002,72.4469586853418,-0.5890370609192412,0.48100070901096625,1.0,0.9982729554176331,0.0005002501420676708,1.0648605823516846,0.07858555763959885
198,2.334899433994365,0.921875,0.9290838514344167,0.7210124037674993,0.31528488369816443,0.078125,0.0,59,0.028357596332126055,0.375618040561676,1.5,1.0,64,1.0,46,0.71875,0.8772593221815456,29.96578125,21.549009243806278,-0.6973441364886286,0.36864752831298475,2.328125,1.3812888851992549,-0.661081872549557,0.43180032069259666,2.908495000000001,1.2672899822024275,0.28219377239925686,0.6056835389181904,246.17184375000002,60.451384549699014,-0.6530759768686455,0.4013578948895612,1.0,0.9987126588821411,0.0005241089966148138,1.1014959812164307,0.0795704647898674
199,2.3076264929716923,0.921875,0.918693361646038,0.7188627831621484,0.28092692741903214,0.078125,0.0,59,0.027514490898147927,0.35844600200653076,1.5,1.0,64,1.0,50,0.78125,0.8994197731237532,27.281875,18.5748785220624,-0.7432587952133982,0.31776788335827627,2.0,0.9185586535436918,-0.7636559841242113,0.2871476962025293,2.8003518750000014,1.19159688059091,0.23050827690923603,0.5695070786765636,234.7023125,68.45245214879884,-0.7292262082018163,0.45447978237592107,1.0,0.9970866441726685,0.002208724385127425,1.1014959812164307,0.0788857489824295
