step,reward_mean,valid_frac,c_mean,qed_mean,tox_mean,undersized_frac,alerts_mean,n_rankable,d_var,d_loss,w_C,unique,n_valid,unique_smiles_frac,n_scaffolds,scaffold_frac,tanimoto_dist,tpsa_mean,tpsa_sd,tpsa_drift_sd,tpsa_spread_ratio,hba_mean,hba_sd,hba_drift_sd,hba_spread_ratio,logp_mean,logp_sd,logp_drift_sd,logp_spread_ratio,mw_mean,mw_sd,mw_drift_sd,mw_spread_ratio,rdkit_valid_frac,ratio_mean,clip_frac,adv_std,kl
0,0.9054969670103568,0.796875,0.8654764481619293,0.5901888372919677,0.0,0.203125,0.0,51,1.38461994664274e-06,0.6911113858222961,0.0,1.0,64,1.0,43,0.671875,0.9260665348068878,42.441250000000004,37.77079706516001,-0.4839212980091627,0.6461601469907352,2.671875,2.2503797422601814,-0.5536232794713477,0.7034840465308579,2.164020156250001,1.7249041714881344,-0.07361757648745819,0.8243938463602583,225.127890625,100.46733084302787,-0.7927941452666043,0.6670377645226575,1.0,0.989159882068634,0.03781268000602722,1.2047357559204102,0.004163000732660294
1,0.8793273591056177,0.796875,0.8787075701881858,0.5645727675758888,0.0,0.1875,0.0,51,0.0038186509670642093,0.6656057238578796,0.0,1.0,63,0.984375,41,0.6507936507936508,0.9233372751954033,51.481587301587304,34.44763853524761,-0.3292646284778831,0.5893095435878649,3.0,1.927248223318863,-0.45104916789669336,0.6024709311718504,2.3628568253968267,2.067318655969632,0.021413631150003994,0.9880460645977679,251.94506349206347,111.84352313152591,-0.6147455508631922,0.7425682858296864,0.984375,0.9942973852157593,0.006176016293466091,1.2047357559204102,0.007658394519239664
2,0.8572953578966735,0.75,0.85682446261247,0.607737994900574,0.0,0.234375,0.0,48,0.003879767894287147,0.6413207054138184,0.0,0.984375,63,0.96875,46,0.7301587301587301,0.9220766745671212,43.530952380952385,33.41294244604168,-0.4652793231141762,0.5716085833476389,2.9365079365079363,1.753662977096397,-0.47089721972066284,0.5482070000061755,2.1646169841269853,1.8744761043975933,-0.07333233094323907,0.8958796616982702,231.14198412698414,109.31358616420523,-0.7528644740836246,0.725771149040002,0.984375,0.9968178868293762,0.007270693313330412,1.227980375289917,0.011208140291273594
3,1.0262721366652356,0.875,0.8919026537665299,0.6711119364320349,0.0,0.109375,0.0,56,0.0038950691076598716,0.6430833339691162,0.0,1.0,63,0.984375,47,0.746031746031746,0.9105343443235506,36.1247619047619,27.400373120918136,-0.5919799886701826,0.46874915276131857,2.3492063492063493,1.5239748587553592,-0.6544916990923797,0.4764049286062943,2.6579741269841284,1.4243882750067212,0.16246082171544785,0.6807664728007308,248.07980952380953,84.03399495968496,-0.6404083244699159,0.5579310973175565,0.984375,0.9972110390663147,0.003816793905571103,1.147807002067566,0.01774141564965248
4,0.93121764422392,0.8125,0.8899358631326602,0.6120507012164766,0.0,0.171875,0.0,52,0.0038702568794868183,0.6221816539764404,0.0,1.0,63,0.984375,43,0.6825396825396826,0.9031075914130038,37.81428571428571,29.0518690333525,-0.5630766284571876,0.4970019545142769,2.619047619047619,1.587936381003149,-0.5701374788405097,0.49639973643724145,2.625597619047621,1.6588731905683447,0.14698692215008047,0.7928352616926574,242.994126984127,90.1861895883182,-0.6741739504089787,0.5987776702040563,0.984375,0.9975490570068359,0.0048205675557255745,1.1952288150787354,0.02615579590201378
5,0.9426630834072265,0.8125,0.8994567090502152,0.6362595088283576,0.0,0.1875,0.0,52,8.194944654474866e-06,0.6074234247207642,0.0,0.984375,64,0.984375,54,0.84375,0.9066934371057959,30.98921875,23.64377714806051,-0.679835781441342,0.4044835614946334,2.296875,1.4543005997299872,-0.6708508355566669,0.4546242803193613,3.002142031250002,1.582931566904802,0.32695106243804345,0.7565400238089093,253.690875,94.31194252262347,-0.6031544973758513,0.6261699875989675,1.0,0.9986141920089722,0.0025813113898038864,1.1952285766601562,0.02850513532757759
6,1.0368486018249365,0.90625,0.89376477537484,0.6263998160322556,0.0,0.078125,0.0,58,0.0037862026907419387,0.5725880861282349,0.0,1.0,63,0.984375,50,0.7936507936507936,0.9125365280853854,33.562539682539686,23.592462003599426,-0.6358129500153689,0.4036056927742401,2.507936507936508,1.3436861863535432,-0.6048715695324562,0.4200454607248766,2.984239682539684,1.692186847353288,0.3183948850247505,0.8087570584551819,256.55698412698416,78.32082309251253,-0.5841253959863802,0.5199993501651745,0.984375,0.9977155923843384,0.022082019597291946,1.118033766746521,0.03772096335887909
7,0.9951216199198791,0.859375,0.9037236679684032,0.668914947245966,0.0,0.125,0.0,55,0.0037360313998315363,0.5788787007331848,0.0,1.0,63,0.984375,54,0.8571428571428571,0.8888423321096115,33.59460317460317,23.50182565184062,-0.6352644270199701,0.40205514041829854,2.4285714285714284,1.3058389715049608,-0.629681634312418,0.4082141633879824,3.224782222222224,1.7796111524181177,0.4333588307209757,0.8505402834650609,258.6987619047619,95.2944363251634,-0.5699053838789091,0.6326931077436397,0.984375,0.9989545941352844,0.0005175983533263206,1.1611262559890747,0.04619225114583969
8,1.0198169879645955,0.875,0.8954075766461236,0.6813680171393729,0.0,0.125,0.0,56,3.58232298823943e-05,0.5374265909194946,0.0,1.0,64,1.0,46,0.71875,0.9028090708117176,29.554375,21.766770178057538,-0.7043822279145072,0.372372851796148,2.15625,1.277433339748106,-0.7148111690886617,0.3993343692815407,2.835090625000001,1.431101959813089,0.2471111770608079,0.6839751846423846,231.11320312499998,80.81979741301397,-0.7530555612267101,0.5365909151083224,1.0,1.0003201961517334,0.005319148767739534,1.1478064060211182,0.036121729761362076
9,1.087473285322761,0.9375,0.8892113626003265,0.6805724944804065,0.0,0.0625,0.0,60,5.892083287100877e-05,0.5927184820175171,0.0,1.0,64,1.0,53,0.828125,0.8936819119807979,31.959375,24.244800529894547,-0.6632389300690362,0.414765509108309,2.515625,1.4030345182407309,-0.6024680945068974,0.4385981538045444,3.2280646875000016,1.7699961710763414,0.4349276391339999,0.8459449374846575,264.025,80.76375350404726,-0.5345426254324447,0.5362188199860713,1.0,0.9963405132293701,0.02320675179362297,1.0837911367416382,0.04022226110100746
10,0.9770958414408238,0.84375,0.8666700061272692,0.6519519604349276,0.0,0.140625,0.0,54,0.0035141625606095045,0.5502408146858215,0.0,1.0,63,0.984375,37,0.5873015873015873,0.881199225897648,29.024761904761903,22.849447692754975,-0.7134425311661674,0.39089464949169517,2.142857142857143,1.3552618543578767,-0.7189978675202803,0.42366409344541806,2.8477119047619066,1.4894002878807409,0.25314334136355254,0.7118380559290833,225.39396825396827,81.61644867712428,-0.7910275627832517,0.5418801616112134,0.984375,0.9998599886894226,0.004984423518180847,1.1734495162963867,0.04632442817091942
11,0.9668898377404774,0.859375,0.8870331932197918,0.6514689644196889,0.0,0.125,0.0,55,0.0033735402341286374,0.5372889637947083,0.0,0.984375,63,0.96875,42,0.6666666666666666,0.9024545829994259,35.54126984126984,28.496235590546828,-0.6019620210022917,0.4874965107594918,2.4285714285714284,1.7248352644071268,-0.629681634312418,0.5391952605232612,2.792130952380954,1.4526693692961106,0.22657920181592253,0.6942830266394245,236.88511111111112,83.2460868744489,-0.7147338444280278,0.5526998998385836,0.984375,0.9972654581069946,0.003389830468222499,1.1611261367797852,0.06528784334659576
12,1.0409079990592351,0.9375,0.8650135368108749,0.6596331493078735,0.0,0.0625,0.0,60,0.00034504091531106004,0.5171792507171631,0.0,1.0,64,1.0,46,0.71875,0.8944324579464159,37.8834375,22.697047455199847,-0.5618936211739489,0.3882874776141687,2.546875,1.2615675702771532,-0.5926991314997875,0.3943746216002264,2.8350870312500014,1.3015034622765134,0.2471094594782116,0.6220353936483647,243.89265625000002,69.9973488449337,-0.6682083002037139,0.46473689212454483,1.0,1.0001740455627441,0.004471771884709597,1.0837910175323486,0.06133774667978287
13,1.0813200195719568,0.96875,0.8999108201073062,0.6746187914587917,0.0,0.03125,0.0,62,0.00033760548144487625,0.5118376016616821,0.0,1.0,64,1.0,51,0.796875,0.8716927184715536,32.89640625,25.72169702843226,-0.6472087613333757,0.4400313687865919,2.375,1.2562344526401112,-0.6464284280388921,0.39270745267514395,2.9509626562500015,1.5483515586112497,0.30249059529559125,0.740012992037807,249.51284375,68.67248234992375,-0.6308939088016422,0.4559406398731223,1.0,0.998494565486908,0.001618996262550354,1.0446385145187378,0.05588376149535179
14,1.0586105358251343,0.96875,0.8780077984256129,0.6713019610128784,0.0,0.03125,0.0,62,0.0008933076649888932,0.4815419912338257,0.0,1.0,64,1.0,52,0.8125,0.8834653059254347,34.283125000000005,22.07410175656928,-0.6234856085021284,0.3776304961504213,2.4375,1.5090870584562046,-0.6268905020246722,0.4717509007541445,3.1997696875000017,1.5863082822261514,0.42140443925522686,0.7581538777132855,259.04089062500003,78.20433585228776,-0.5676338715891758,0.5192259506166552,1.0,0.9976840615272522,0.0010632642079144716,1.0446385145187378,0.04473942145705223
15,0.9408047438087698,0.875,0.8985794144017356,0.6613557093383575,0.0,0.09375,0.0,56,0.00636235965874064,0.47058019042015076,0.0,1.0,62,0.96875,47,0.7580645161290323,0.9013124160929562,34.90629032258065,22.85731048679845,-0.6128248698435403,0.3910291614572787,2.274193548387097,1.1524077856707258,-0.6779412119327951,0.3602505288743295,2.5703648387096787,1.413835324778922,0.12058918656533535,0.6757228376976641,235.53816129032256,72.31097354642691,-0.7236767156065881,0.4800978560904302,0.96875,0.9977717995643616,0.008993816561996937,1.1478066444396973,0.04708102345466614
16,1.046471774953609,0.953125,0.8786049582919137,0.6973942764316358,0.0,0.046875,0.0,61,0.002154553925533011,0.4830089211463928,0.0,1.0,64,1.0,43,0.671875,0.8844036362351264,34.57625,21.925723584126022,-0.6184710017740812,0.3750921313510036,2.3125,1.1301963325015703,-0.665966354053112,0.3533070772153332,2.507882031250001,1.2885501870054632,0.09072640182371627,0.6158445567310585,233.00484375,67.91402195589353,-0.7404962972033462,0.4509049559202625,1.0,0.999098539352417,0.01643192395567894,1.0648607015609741,0.042207080870866776
17,0.8497656800495161,0.796875,0.8831655850597456,0.6776777471564843,0.0,0.1875,0.0,51,0.006268869201864771,0.5579900145530701,0.0,1.0,63,0.984375,45,0.7142857142857143,0.9040159699231494,37.101428571428585,29.446717436761155,-0.5752717609935045,0.5037567842295579,2.4761904761904763,1.5518257844571735,-0.6147955954444408,0.4851113178189276,2.364877777777779,1.4148753597429573,0.022379517101341666,0.6762199078761254,229.67007936507935,94.49727980670514,-0.7626369648399007,0.6274005066803363,0.984375,0.9985941052436829,0.004716981202363968,1.2047358751296997,0.0455932654440403
18,0.8941877260300577,0.859375,0.8478914390910756,0.656200592829697,0.0,0.125,0.0,55,0.009496465037364506,0.5122750997543335,0.0,1.0,63,0.984375,49,0.7777777777777778,0.9062663292140652,42.16587301587301,26.709263932077928,-0.48863228232422484,0.4569260711811961,2.6666666666666665,1.5430334996209192,-0.5552514399725328,0.48236278964890067,1.9495536507936515,1.2697761823391867,-0.17611884599048674,0.6068717835334237,228.85736507936502,82.91593541640735,-0.7680328593639179,0.5505079087836006,0.984375,0.997010350227356,0.0,1.1611262559890747,0.0417805016040802
19,0.9937092291761025,0.96875,0.8567214204419044,0.6358336391081721,0.0,0.015625,0.0,62,0.007778657945371634,0.43519797921180725,0.0,1.0,63,0.984375,42,0.6666666666666666,0.8796455755986184,43.21206349206349,28.87241838435167,-0.4707346830040585,0.4939320204184747,2.8253968253968256,1.409037525153787,-0.5056313104126091,0.4404747346834267,2.1450234920634923,1.4462687603416555,-0.08269676669152569,0.6912239450265262,238.2669365079365,65.59381407024361,-0.7055594220966616,0.4355002838912039,0.984375,0.9989535212516785,0.008605851791799068,1.0446385145187378,0.042186375707387924
20,0.9223359889091602,0.90625,0.889865112715754,0.6907055546524333,0.0,0.078125,0.0,58,0.007064787652071771,0.42408525943756104,0.0,1.0,63,0.984375,45,0.7142857142857143,0.8934874138219294,34.60190476190476,23.336694033975213,-0.6180321154912529,0.39923016772077635,2.5238095238095237,1.307574306451998,-0.5999095565764638,0.40875664092086406,2.5963176190476203,1.420134431891411,0.13299295528489272,0.6787334079234988,243.80846031746032,73.11908441557675,-0.6687673064612896,0.4854631869210699,0.984375,0.9973075985908508,0.006849315017461777,1.1180340051651,0.047556549310684204
21,0.9028575998698598,0.90625,0.8542317470599865,0.6626709270863682,0.0,0.09375,0.0,58,0.01305268697184765,0.4532921612262726,0.0,1.0,64,1.0,42,0.65625,0.8948415929142999,35.709999999999994,20.94172987124034,-0.5990754866255148,0.3582585569612629,2.53125,1.1854422961494162,-0.5975836130033424,0.3705773420207075,2.7670817187500014,1.5403137203287478,0.21460727061954668,0.7361714195448744,246.974640625,76.52938472601703,-0.6477459275046146,0.508105363998325,1.0,0.9991072416305542,0.003189792623743415,1.1180338859558105,0.05129515752196312
22,0.9572541230875802,0.96875,0.8756333916418014,0.6401733571432765,0.0,0.015625,0.0,62,0.014091518461753404,0.47921833395957947,0.0,1.0,63,0.984375,50,0.7936507936507936,0.8821995249408622,45.602857142857154,29.50031554464393,-0.42983441886199425,0.504673708519194,3.015873015873016,1.6760882604716567,-0.446087154940701,0.5239566148223636,2.6863514285714305,1.4804523511455034,0.1760233564878568,0.7075615145976385,272.1591587301588,80.97266033260789,-0.4805370993563615,0.5376058255205801,0.984375,0.9973753094673157,0.004468719009310007,1.0446385145187378,0.044360194355249405
23,0.962822818957092,0.953125,0.8907945180525545,0.6528401163868307,0.0,0.046875,0.0,61,0.015120160754493295,0.48178428411483765,0.0,1.0,64,1.0,50,0.78125,0.887072100042203,40.711875,24.67264887956652,-0.5135064084921197,0.4220848821158962,2.71875,1.430349061418226,-0.5389698349606828,0.44713686618397025,2.1612384375000007,1.4579086419671712,-0.07494706009455443,0.6967870638032396,246.334171875,80.7507925190511,-0.6519982236456767,0.536132767471435,1.0,0.9991115927696228,0.003636363660916686,1.0648607015609741,0.05137002468109131
24,0.9612836123784022,0.953125,0.8546205470796491,0.6591756121275981,0.0,0.046875,0.0,61,0.012986207826760354,0.4696411192417145,0.0,1.0,64,1.0,43,0.671875,0.89577433906979,43.4478125,31.764773062542787,-0.46670163034280865,0.5434126898569606,2.9375,1.6476782908080085,-0.47058709391091325,0.5150754646566901,2.3648203125000014,1.5997516290398117,0.022352052374800726,0.7645789374765226,257.37734375,69.55189282925261,-0.5786787413927978,0.4617793537645646,1.0,0.9980852007865906,0.0015822785208001733,1.0648607015609741,0.04072612524032593
25,0.9834940665644264,0.953125,0.8898309659762461,0.6814269248641756,0.0,0.03125,0.0,61,0.025150340715421778,0.5318244099617004,0.0,1.0,63,0.984375,42,0.6666666666666666,0.883162137992305,40.683809523809536,23.43146862651731,-0.5139865358293667,0.4008515146185488,2.888888888888889,1.3698697784375502,-0.4857832585886398,0.4282306300836581,2.5206125396825407,1.4464397201700518,0.09681077044331826,0.6913056528876551,256.20687301587304,68.80692998009334,-0.58644990616228,0.4568332847351005,0.984375,0.9992352724075317,0.002598752500489354,1.0648607015609741,0.04662169888615608
26,0.9217636790629737,0.90625,0.8659346062561561,0.6467776687094513,0.0,0.09375,0.0,58,0.024799372217412966,0.5268965363502502,0.0,0.984375,64,0.984375,45,0.703125,0.9011886196374642,40.468125,32.575316329766856,-0.5176763373278093,0.5572789780316139,2.765625,1.6464183427595187,-0.5243163904500179,0.5146815963086396,2.4536879687500015,1.5356137325422825,0.06482510691542094,0.7339251260561251,253.17900000000003,88.9901686314983,-0.6065530146137431,0.590836868565702,1.0,0.999226450920105,0.004575495608150959,1.1180338859558105,0.04688297584652901
27,0.9495676206955447,0.921875,0.86950740521237,0.655282709368413,0.0,0.0625,0.0,59,0.028508289218655142,0.5572945475578308,0.0,1.0,63,0.984375,43,0.6825396825396826,0.8869449305379296,41.467460317460315,25.6202393312647,-0.5005803079665752,0.4382956913424004,2.5555555555555554,1.488343894569021,-0.5899855306644792,0.4652664463328864,2.8424214285714298,1.8905682725445103,0.2506148321931087,0.9035706886052709,261.9089523809524,86.65239005660233,-0.5485918060127299,0.575315538582486,0.984375,0.9983455538749695,0.003935071174055338,1.1014961004257202,0.04226270318031311
28,0.9060779212641021,0.90625,0.8938025092256481,0.6618247630483658,0.0,0.09375,0.0,58,0.028119142111150467,0.5668302774429321,0.0,1.0,64,1.0,41,0.640625,0.9019122897496221,41.67750000000001,31.11891265773918,-0.49698707502765677,0.5323636973407729,2.765625,1.7387332628597751,-0.5243163904500179,0.5435398695714785,2.463785625000001,1.471399040238656,0.06965114062370467,0.7032346111532853,249.853859375,94.06094759248312,-0.6286297867406838,0.6245035444308005,1.0,0.9982699155807495,0.004977600648999214,1.1180338859558105,0.038782548159360886
29,0.945847212626795,0.953125,0.8833572840104338,0.643836269007092,0.0,0.03125,0.0,61,0.03585668580654297,0.5095908045768738,0.0,1.0,63,0.984375,42,0.6666666666666666,0.8927339743868851,46.00031746031746,29.794598262327764,-0.42303490608734773,0.5097081207871527,3.0317460317460316,1.9433913572016723,-0.4411251419847087,0.60751738485889,2.2751447619047633,1.5544734544306986,-0.020507123979270004,0.742938866602339,253.7247619047619,91.15409779306209,-0.6029295103575908,0.6052039514612367,0.984375,0.9988911747932434,0.005552751012146473,1.0648607015609741,0.04905993118882179
30,0.8627012422221911,0.875,0.8524717550192561,0.6466696137884181,0.0,0.09375,0.0,56,0.04177400306582711,0.5812984108924866,0.0,0.984375,62,0.953125,51,0.8225806451612904,0.9088781064569332,48.406612903225806,34.302327201383896,-0.3818694465814112,0.5868236444238409,2.967741935483871,1.866234279241384,-0.4611332587427423,0.5833975563683058,1.9837409677419366,1.6577161470536181,-0.1597794955607067,0.7922822689123751,247.02641935483868,84.42683788853168,-0.647402150399046,0.5605393189839195,0.96875,0.9992508888244629,0.0036515388637781143,1.1478066444396973,0.05898237228393555
31,0.8969497721217923,0.890625,0.8620184001169706,0.681695597593659,0.0,0.109375,0.0,57,0.030715881440505736,0.5117357969284058,0.0,1.0,64,1.0,47,0.734375,0.9041752543972809,45.81515625,30.23692697845775,-0.4262025330418256,0.5172752152209742,2.953125,1.6146757366031732,-0.4657026124073583,0.5047586412593404,2.152714531250001,1.521514759283831,-0.07902094198063571,0.7271867187947886,251.02475,84.49808171694643,-0.6208558341687693,0.5610123316900704,1.0,0.998707115650177,0.0057651991955935955,1.133455753326416,0.04906604811549187
32,0.8781512647385148,0.890625,0.8794521289436441,0.656461980834648,0.0,0.09375,0.0,57,0.03313036275825385,0.549162745475769,0.0,1.0,63,0.984375,50,0.7936507936507936,0.898538849190879,44.26476190476191,32.19189067052928,-0.45272574980858843,0.5507195617739807,2.873015873015873,1.7319780735815031,-0.49074527154463216,0.5414281513581836,2.0686292063492075,1.572520224771448,-0.11920834807729601,0.7515640683158668,242.79844444444444,76.9325009606242,-0.675473155262245,0.5107817937364184,0.984375,0.9976617097854614,0.012124407105147839,1.1334558725357056,0.045173268765211105
33,0.8986664141523876,0.953125,0.8632100923139541,0.6779386062939017,0.0,0.046875,0.0,61,0.03291654116972337,0.5123673677444458,0.0,1.0,64,1.0,54,0.84375,0.889547878837639,42.1184375,27.521220461374778,-0.48944378068514666,0.4708165365959301,2.828125,1.4203288296641028,-0.504778464435798,0.4440044734374519,2.5317751562500015,1.5923663756389745,0.10214578705444657,0.7610492588090934,263.169671875,71.32949475323456,-0.5402214481467134,0.47358147494798386,1.0,0.9973512887954712,0.007964161224663258,1.0648607015609741,0.0427151694893837
34,0.8852661528209467,0.90625,0.8791039318873964,0.6908492360755858,0.0,0.078125,0.0,58,0.02619705590788768,0.4831453263759613,0.0,1.0,63,0.984375,47,0.746031746031746,0.8825813606267248,38.66349206349205,27.06838864794077,-0.548548915460239,0.46306976147159734,2.6507936507936507,1.4601449173428738,-0.5602134529285251,0.4564512538413482,2.8675844444444465,1.5743882952363046,0.26264114402217903,0.7524568864916537,259.23025396825403,75.32691615187348,-0.5663766220921822,0.500121754372439,0.984375,1.0004215240478516,0.0005035246722400188,1.1180338859558105,0.04742741957306862
35,0.7995972661397399,0.859375,0.8954962892965836,0.6661921047618787,0.0,0.140625,0.0,55,0.0272358645496634,0.4506014287471771,0.0,1.0,64,1.0,47,0.734375,0.8939221580087985,34.55203125,28.552308968567207,-0.6188853216263454,0.4884557804863501,2.46875,1.402773480466465,-0.6171215390175623,0.4385165516170161,2.6944662500000014,1.692031056523215,0.1799017219997534,0.8086826004048424,247.10345312500002,76.79274945916318,-0.6468906962436505,0.5098539346170308,1.0,0.9999656081199646,0.0005385029362514615,1.1611262559890747,0.06211819872260094
36,0.9432873750660489,0.96875,0.801942226146498,0.6716787071772138,0.0,0.03125,0.0,62,0.034419520818762185,0.49547141790390015,0.0,1.0,64,1.0,40,0.625,0.882422116155923,47.908125,30.92115254335412,-0.3903972787122984,0.5289805358904199,3.046875,1.4729825981236166,-0.43639572338602844,0.46046440035796143,2.634981875000001,1.4059527244217667,0.15147199615459012,0.671955459001983,263.61912500000005,70.12114242252923,-0.5372373715793148,0.4655588010034679,1.0,0.9984995126724243,0.0010357327992096543,1.0446385145187378,0.04495013877749443
37,0.8695936964740583,0.921875,0.8681553085097822,0.6428464919838839,0.0,0.0625,0.0,59,0.044164953413309734,0.5845277905464172,0.0,1.0,63,0.984375,49,0.7777777777777778,0.8964077503932479,43.81873015873016,32.43101339973106,-0.46035619345745316,0.5548103300355901,2.9206349206349205,1.4616970708852492,-0.47585923267665514,0.45693646761852647,2.5775522222222245,1.856051604430586,0.12402429608452795,0.8870739293879578,270.52131746031745,75.95495995504335,-0.4914113006525509,0.504291556943817,0.984375,1.000028133392334,0.0010010009864345193,1.1014961004257202,0.04410189390182495
38,0.8573970049262525,0.921875,0.8812537607500108,0.6746725615666445,0.0,0.0625,0.0,59,0.028222983181814466,0.5592969655990601,0.0,1.0,63,0.984375,49,0.7777777777777778,0.8899722448046389,35.93777777777777,27.116486020672877,-0.5951788009898846,0.46389258248278314,2.9523809523809526,1.5267828135125143,-0.4659352067646704,0.4772827144030395,2.99270142857143,1.7335654306246118,0.3224390583030936,0.8285333741391744,280.88325396825417,91.12308553626681,-0.4226147783762802,0.6049980502367098,0.984375,0.9979815483093262,0.0014749262481927872,1.1014961004257202,0.040804505348205566
39,0.8255347013853558,0.921875,0.8598691184641951,0.6593178764742503,0.0,0.078125,0.0,59,0.021869641516964335,0.41734087467193604,0.0,1.0,64,1.0,43,0.671875,0.8970279272942174,46.7728125,31.390269166412764,-0.40981952417391426,0.5370059017726501,3.03125,1.6390617552429194,-0.4412802048895834,0.5123818769067764,2.5829503125000013,1.4496484607924887,0.12660423790428543,0.6928392256318273,259.378640625,81.40945567495665,-0.5653914311552848,0.5405058626398049,1.0,0.9988223910331726,0.0,1.1014959812164307,0.048370979726314545
40,0.8273541234728921,0.9375,0.8400991603732109,0.6588410740688767,0.0,0.0625,0.0,60,0.020524470095078705,0.4593886733055115,0.0,1.0,64,1.0,51,0.796875,0.8988777444579985,42.33203125,24.771523102375507,-0.4857897468913083,0.4237763630299376,2.765625,1.4223900166181567,-0.5243163904500179,0.4446488145288084,2.5927314062500013,1.50414613543061,0.1312789749890802,0.7188856277191098,258.177796875,87.9346492866258,-0.5733642530051308,0.5838289062927295,1.0,0.9994173049926758,0.0010427528759464622,1.0837910175323486,0.04931604117155075
41,0.8704666187170782,0.953125,0.8474369845429405,0.6714819733910048,0.0,0.046875,0.0,61,0.015064791211980138,0.4884713888168335,0.0,1.0,64,1.0,48,0.75,0.8835373335879677,43.9703125,33.20957655409571,-0.4577630136591252,0.5681295216162696,3.0625,1.9354828209002528,-0.4315112418824735,0.6050451225046835,2.774387812500002,1.488123866235887,0.2180991160379708,0.7112280080395994,267.09309375000004,81.83894763377471,-0.514172477453262,0.5433574100402039,1.0,0.9989235401153564,0.0015030059730634093,1.0648607015609741,0.053929321467876434
42,0.9104748181177951,0.953125,0.8804200452859284,0.6773576999280139,0.0,0.046875,0.0,61,0.033011206023914504,0.539490282535553,0.0,1.0,64,1.0,51,0.796875,0.9018529842590687,35.72578125,20.672643895729653,-0.5988055104637169,0.3536551954492149,2.53125,1.249609313945763,-0.5975836130033424,0.390636389160838,2.9252921875000015,1.5826846123008744,0.2902217534546989,0.7564219953067041,260.10243750000006,86.71168328375568,-0.5605858904345618,0.5757092070651642,1.0,0.9991871118545532,0.0,1.0648607015609741,0.04930848628282547
43,0.8629953188693298,0.9375,0.8595119876166185,0.6595479847969756,0.0,0.0625,0.0,60,0.0364315011638932,0.5129701495170593,0.0,1.0,64,1.0,51,0.796875,0.8888026931844168,39.934687499999995,27.27119290391133,-0.5268020662028379,0.46653921507148344,2.828125,1.5467171636647083,-0.504778464435798,0.48351432813768136,2.5789859375000015,1.4726521401133315,0.12470952026797483,0.703833512728592,259.07203125,81.64034079748983,-0.56742711808322,0.5420387897585387,1.0,1.0001277923583984,0.004054739139974117,1.0837910175323486,0.049351051449775696
44,0.8052469771299211,0.90625,0.8713934216006048,0.6755828203596473,0.0,0.09375,0.0,58,0.030019303821337308,0.48428282141685486,0.0,1.0,64,1.0,48,0.75,0.8999875427558807,41.96265625,32.477645448551776,-0.49210879289616105,0.555608083163979,2.859375,1.618903829563387,-0.49500950142868805,0.5060803719383469,2.7545859375000017,1.458927953840079,0.2086350865769536,0.6972742296698641,263.739453125,72.1869926012319,-0.5364384710527886,0.47927470321245147,1.0,0.9986443519592285,0.008871365338563919,1.1180338859558105,0.050178952515125275
45,0.7369405833288105,0.875,0.8755233362317085,0.6582450496175342,0.0,0.109375,0.0,56,0.025228128034718793,0.4163501560688019,0.0,1.0,63,0.984375,53,0.8412698412698413,0.9092459613315199,43.03476190476191,26.427985519030855,-0.4737678522409915,0.452114128758952,2.857142857142857,1.6889664619969715,-0.49570728450062446,0.5279824283999286,2.65654396825397,1.7009960940182112,0.161777297334239,0.8129673148054618,259.89046031746034,96.67016203743363,-0.5619932811235016,0.6418270321348714,0.984375,0.9988352656364441,0.005802707746624947,1.1478066444396973,0.06804857403039932
46,0.8434259716387964,0.9375,0.8692583382129669,0.6970792696343664,0.0,0.0625,0.0,60,0.02310681283585674,0.44269615411758423,0.0,1.0,64,1.0,50,0.78125,0.8909591293283421,40.87046875,34.545216584105724,-0.5107932817176165,0.5909788503352034,2.6875,1.8614090764794289,-0.5487387979677927,0.5818891650952388,2.7710450000000018,1.482883968903587,0.2165014655133282,0.7087236723276735,262.429984375,80.56862607652647,-0.5451324922871837,0.5349233007166894,1.0,0.9980616569519043,0.004622496198862791,1.0837910175323486,0.042519696056842804
47,0.8325557196117837,0.90625,0.8482547849416733,0.6587223131266324,0.0,0.09375,0.0,58,0.023440862474726928,0.5098854899406433,0.0,1.0,64,1.0,41,0.640625,0.8937561393815219,44.126250000000006,28.291542546978594,-0.4550953284168057,0.48399474491399336,2.734375,1.5334009127997152,-0.5340853534571278,0.47935157735068895,2.2175698437500007,1.444344923699726,-0.04802425160644287,0.6903044741856383,237.293421875,76.0303503762652,-0.7120229263923877,0.5047921003305704,1.0,0.9992521405220032,0.02302459441125393,1.1180338859558105,0.04945947974920273
48,0.8243480134720872,0.90625,0.8725374788045883,0.6884845602536726,0.0,0.09375,0.0,58,0.034221415584531414,0.511942446231842,0.0,1.0,64,1.0,45,0.703125,0.8916331065770553,33.14359375,22.3014243776594,-0.6429800258089775,0.3815193952383731,2.375,1.231107225224513,-0.6464284280388921,0.38485251011212895,2.937673750000002,1.6075526755701717,0.2961393482417293,0.7683073386602536,248.25771875,75.99121329787677,-0.6392271228640778,0.5045322555724873,1.0,0.9991180896759033,0.0037433155812323093,1.1180338859558105,0.04831204190850258
49,0.8600603651508267,0.921875,0.8409191458407095,0.6701655766010599,0.0,0.078125,0.0,59,0.034263882527402645,0.5162625908851624,0.0,1.0,64,1.0,49,0.765625,0.9008514152261137,36.73078125000001,23.435243311669467,-0.5816125731104118,0.4009160896686477,2.578125,1.3784580096524521,-0.5829301684926775,0.4309153697007744,2.4566451562500013,1.5315990151717194,0.06623845335972231,0.732006347987247,241.61098437500002,75.99293697350521,-0.6833571181737281,0.504543699658125,1.0,1.0008294582366943,0.003118503140285611,1.1014959812164307,0.04982810467481613
50,0.8493969123082086,0.953125,0.8460876565487658,0.6335702461338824,0.0,0.046875,0.0,61,0.04081024143208701,0.5028051137924194,0.0,1.0,64,1.0,46,0.71875,0.9035076618611363,45.2078125,35.13249841976576,-0.43659260572408554,0.6010257158170312,2.796875,1.6787242877777757,-0.5145474274429079,0.5247806549260182,2.483267812500001,1.4988827302240721,0.07896237991114888,0.7163700567471718,252.966734375,76.62303036767945,-0.6079623203731074,0.5087271101813642,1.0,0.9988072514533997,0.0,1.0648607015609741,0.05281493067741394
51,0.8889750707176156,0.953125,0.8957934965852832,0.672504774073803,0.0,0.046875,0.0,61,0.03227360047023754,0.5236305594444275,0.0,1.0,64,1.0,47,0.734375,0.9056160035031335,40.799062500000005,27.4138952402991,-0.5120148570239691,0.4689804810711702,2.90625,1.60778137117582,-0.4803560569180232,0.5026034156331864,2.6287526562500014,1.5942481862221565,0.14849482809504438,0.7619486438824407,267.42745312500006,77.83248900863353,-0.5119525485651772,0.5167571293067365,1.0,0.999932050704956,0.001485884073190391,1.0648607015609741,0.050248995423316956
52,0.8917604247905955,0.921875,0.8575073955422741,0.6718985133922576,0.0,0.078125,0.0,59,0.03194941557967849,0.5553120374679565,0.0,1.0,64,1.0,47,0.734375,0.8867937703077055,41.79171875,24.704521635388907,-0.49503308914375366,0.4226301421100569,2.796875,1.4271878763410935,-0.5145474274429079,0.4461486581815019,2.5568001562500013,1.6849067978261936,0.1141061361255296,0.805277660509175,263.552828125,90.20072350346527,-0.5376775397307307,0.5988741659523569,1.0,0.9984669089317322,0.0015455950051546097,1.1014959812164307,0.04838113114237785
53,0.8239491300261992,0.921875,0.8602228510682866,0.6736293922463609,0.0,0.078125,0.0,59,0.0331767057684062,0.4230049252510071,0.0,1.0,64,1.0,53,0.828125,0.900211168289133,46.554218750000004,28.15807964669552,-0.4135590949695102,0.48171154164677216,2.953125,1.4729825981236166,-0.4657026124073583,0.46046440035796143,2.3400187500000014,1.6691975033656716,0.010498492134709452,0.7977696227306226,261.214015625,80.69969818397178,-0.5532057343044987,0.5357935343021539,1.0,0.9975124001502991,0.0004928536363877356,1.1014961004257202,0.0476638600230217
54,0.8471971531658908,0.9375,0.8320174562434356,0.6693374423855855,0.0,0.0625,0.0,60,0.029050538987756256,0.40129899978637695,0.0,1.0,64,1.0,45,0.703125,0.8891191297845651,48.79875,33.48882628485955,-0.3751610002742017,0.5729067585585084,3.203125,1.7336710283023709,-0.38755090835047873,0.5419573805434914,2.573931250000001,1.4529812622539018,0.12229370300742558,0.6944320915204634,277.77259375000006,88.93166618388088,-0.44326754003285984,0.5904484503450687,1.0,0.9972048997879028,0.004229323472827673,1.0837910175323486,0.04807363077998161
55,0.8352142091342795,0.9375,0.8525967662533124,0.6866164462050293,0.0,0.046875,0.0,60,0.02708745025888902,0.425491064786911,0.0,1.0,63,0.984375,50,0.7936507936507936,0.8939807481069604,39.95,23.600388952942254,-0.5265401091349546,0.40374130227021426,2.5396825396825395,1.2826732603705981,-0.5949475436204715,0.40097240418462293,2.3957765079365094,1.7194821768538249,0.03714713342708069,0.8218024797873159,250.33204761904761,77.04000803878972,-0.6254549276630709,0.5114955708467304,0.984375,0.9997632503509521,0.012732095085084438,1.0837910175323486,0.048851002007722855
56,0.8675720634503257,0.9375,0.8818583446244399,0.702556290078108,0.0,0.0625,0.0,60,0.034211921737113904,0.4773121178150177,0.0,1.0,64,1.0,50,0.78125,0.8981209320609345,34.952656250000004,25.683431505190967,-0.6120316693605067,0.43937674516084163,2.515625,1.3918533900432903,-0.6024680945068974,0.4351028569169108,2.7908382812500014,1.3252245561891525,0.22596138771161473,0.6333725590247127,244.20809375,70.30251822474935,-0.6661140002648079,0.46676301842057477,1.0,0.9983597993850708,0.0015552099794149399,1.0837910175323486,0.05233641713857651
57,0.9066495608456613,0.96875,0.8447398139584449,0.6915120243055463,0.0,0.03125,0.0,62,0.0313470184097949,0.44284799695014954,0.0,1.0,64,1.0,41,0.640625,0.881606945949404,44.42625,26.869918676607487,-0.4499631083113416,0.4596744562142388,2.84375,1.60291482540402,-0.499893982932243,0.5010821002534386,2.2365410937500005,1.18658482113864,-0.038957207757700264,0.5671116348957775,238.722671875,81.23321912363942,-0.7025336355259512,0.5393357665077448,1.0,0.9983702898025513,0.001147446921095252,1.0446385145187378,0.05037799850106239
58,0.8624336101049365,0.9375,0.8726815437277158,0.6644914057438677,0.0,0.0625,0.0,60,0.038935416181141796,0.4685250520706177,0.0,1.0,64,1.0,44,0.6875,0.8961040155273142,36.422812500000006,26.117782703358333,-0.5868811178124274,0.446807365001065,2.546875,1.2738927483799412,-0.5926991314997875,0.3982275562863761,2.352624531250001,1.2645148598831917,0.016523249140252265,0.604357207983005,224.968640625,61.849312200189246,-0.7938514617406152,0.4106392257174333,1.0,1.00106942653656,0.0011655011912807822,1.0837910175323486,0.05080508068203926
59,0.8718483904629777,0.9375,0.8578654093046983,0.7103227674504403,0.0,0.0625,0.0,60,0.03498957621661175,0.4315320551395416,0.0,1.0,64,1.0,45,0.703125,0.8870966836555175,36.508281249999996,27.195614223315467,-0.5854189696886313,0.46524626032448824,2.484375,1.4030345182407309,-0.6122370575140074,0.4385981538045444,2.540664062500001,1.392435754709306,0.10639411559031585,0.6654952122030104,233.0199375,64.07463933932712,-0.7403960845155622,0.4254139512701739,1.0,0.9977748990058899,0.003923766780644655,1.0837910175323486,0.05200904235243797
60,0.8695635165378062,0.96875,0.8286641514109027,0.6359415469077834,0.0,0.03125,0.0,62,0.04359276258484772,0.5493794679641724,0.0,1.0,64,1.0,48,0.75,0.8974128475469894,49.442343750000006,30.985160850709423,-0.364150784329198,0.5300755516301721,3.203125,1.6219171478145855,-0.38755090835047873,0.5070223557631343,2.269440781250001,1.781313815900979,-0.023233261830445318,0.8513540476850652,263.411578125,68.1391192510323,-0.5386153479062663,0.45239945562767536,1.0,1.0002318620681763,0.002487562131136656,1.0446385145187378,0.05063256248831749
61,0.8351100340414183,0.953125,0.8558530177249283,0.641982322232101,0.0,0.046875,0.0,61,0.032828542605533535,0.5480954051017761,0.0,0.984375,64,0.984375,44,0.6875,0.89429815522425,44.8996875,33.20384766713556,-0.44186382345740605,0.5680315152534736,2.921875,1.9549991008629646,-0.4754715754144682,0.6111460446484317,2.6463990625000013,1.5158547157675601,0.1569286813857593,0.7244815800850136,272.74771875000005,87.0332139224498,-0.4766294434384821,0.577843961483943,1.0,0.9982021450996399,0.0018805830040946603,1.0648608207702637,0.05190635472536087
62,0.7802956553218285,0.90625,0.8816163344629879,0.6551672275982819,0.0,0.078125,0.0,58,0.02211007779247022,0.42802467942237854,0.0,0.984375,63,0.96875,49,0.7777777777777778,0.8919583401387764,42.29793650793651,30.216434987619706,-0.48637301929367116,0.5169246505297076,2.8095238095238093,1.5922146187905222,-0.5105933233686016,0.49773714273101644,2.7409704761904776,1.4332206676046026,0.20212776709540578,0.6849877914262458,264.043253968254,83.63186579971692,-0.5344214309498634,0.5552612211133847,0.984375,0.9978991150856018,0.00535540422424674,1.1180338859558105,0.05080091580748558
63,0.8555612928535302,0.96875,0.890147128893483,0.6727557669125455,0.0,0.03125,0.0,62,0.042992745226952046,0.5109210014343262,0.0,1.0,64,1.0,60,0.9375,0.8887111682533768,34.77046875,21.877783139357913,-0.6151484238620543,0.37427199496932434,2.671875,1.2381272084785957,-0.5536232794713477,0.38704700472715825,3.187200468750002,1.4792964753055244,0.4153971567856645,0.7070090798911858,277.839421875,77.5932531334887,-0.44282384472680186,0.515168758619358,1.0,0.9985957145690918,0.0034808553755283356,1.0446385145187378,0.047805916517972946
64,0.7719323003669389,0.90625,0.8234060088108326,0.670989157486802,0.0,0.09375,0.0,58,0.02318186737206203,0.37704575061798096,0.0,1.0,64,1.0,50,0.78125,0.891339667590161,42.30984375,29.606541902307438,-0.4861693173366083,0.5064909653476303,2.953125,1.708706450615494,-0.4657026124073583,0.5341532833943323,2.8072876562500015,1.4075419652400063,0.23382313664272955,0.6727150144443069,267.74634375000005,81.22861706766646,-0.509835322121095,0.5393052118478107,1.0,0.9976428747177124,0.004468719009310007,1.1180338859558105,0.053766943514347076
65,0.8057802458443848,0.9375,0.8565429896116257,0.6545014512988128,0.0,0.0625,0.0,60,0.021984600852438953,0.4850625693798065,0.0,0.984375,64,0.984375,41,0.640625,0.8826703771727662,36.00546875,29.23101327837052,-0.5940207844278935,0.5000666468344759,2.34375,1.5022769177152393,-0.656197391046002,0.46962200433905,2.9665334375000016,1.6247042772986608,0.30993243262064524,0.7765047070439068,250.83643750000002,82.78200828208294,-0.6221061067496935,0.549618719675668,1.0,0.9989839792251587,0.03250688686966896,1.0837910175323486,0.05729226768016815
66,0.8187427340421141,0.9375,0.8861686105529467,0.6758866741045659,0.0,0.0625,0.0,60,0.026974448684209028,0.4500252902507782,0.0,1.0,64,1.0,47,0.734375,0.8936360656782666,39.245156249999994,23.659908798441847,-0.5385981533514906,0.40475953209603804,2.53125,1.2243461265099833,-0.5975836130033424,0.3827389445687799,2.6691717187500013,1.5144586655319658,0.16781255423394237,0.7238143573821774,242.679,72.73880003778936,-0.6762661887243497,0.4829383458696188,1.0,0.9979453682899475,0.004741833545267582,1.0837910175323486,0.053553178906440735
67,0.788536940715179,0.90625,0.8447182923555374,0.66343082248477,0.0,0.09375,0.0,58,0.027351499767163466,0.5155815482139587,0.0,1.0,64,1.0,45,0.703125,0.8863769855841508,37.9428125,25.70087404087347,-0.5608778692780757,0.43967514160190835,2.4375,1.3095204274848102,-0.6268905020246722,0.4093650116209249,2.3832192187500016,1.4937494232167354,0.03114555252569527,0.7139166643916559,231.24365625000002,73.59409574318337,-0.7521894372822912,0.48861695333877947,1.0,0.9960200190544128,0.004048583097755909,1.1180338859558105,0.05888554826378822
68,0.8073663319803656,0.96875,0.87071996494647,0.6631896561688593,0.0,0.03125,0.0,62,0.01907905147859481,0.37558504939079285,0.0,1.0,64,1.0,51,0.796875,0.8925058806483003,43.857812499999994,25.800514134215305,-0.45968759619867433,0.44137972456977265,2.84375,1.3371933059584167,-0.499893982932243,0.41801574205641,2.7967231250000015,1.6683768490950985,0.22877396655192572,0.7973774024891549,267.07528125,76.54175267571881,-0.5142907408736286,0.5081874791441299,1.0,1.0001866817474365,0.0,1.0446385145187378,0.06049847975373268
69,0.8156769482873332,0.90625,0.8642415337521454,0.6852073466675823,0.0,0.09375,0.0,58,0.02126821572503558,0.4917643070220947,0.0,1.0,64,1.0,39,0.609375,0.8799752355235895,34.18171875,24.413598897098286,-0.6252204058190276,0.41765321035475084,2.328125,1.3116626793406145,-0.661081872549557,0.4100346941531254,2.6458270312500014,1.449154643765074,0.15665528704291945,0.6926032126837705,236.873,72.27561388034869,-0.7148142543325576,0.47986309089444884,1.0,0.9971806406974792,0.0016769145149737597,1.1180338859558105,0.05722314491868019
70,0.8254937845561313,0.9375,0.8345965296030045,0.6868312279962189,0.0,0.0625,0.0,60,0.031777173407252175,0.48267918825149536,0.0,1.0,64,1.0,50,0.78125,0.8881630907883812,45.204062500000006,33.19723236387476,-0.43665675847540375,0.5679183446121442,2.875,1.709349291397168,-0.4901250199251331,0.5343542398044326,2.5926648437500015,1.5878250151159938,0.13124716237229533,0.7588787790043987,261.4955625,83.16125470675843,-0.5513364460838156,0.5521366693932135,1.0,0.9992026686668396,0.00699300691485405,1.0837911367416382,0.05250545218586922
71,0.7814906867176282,0.90625,0.8796588932645732,0.6601549612585204,0.0,0.078125,0.0,58,0.023175613088596926,0.40183165669441223,0.0,1.0,63,0.984375,41,0.6507936507936508,0.8952801071272108,40.8357142857143,26.69722402276203,-0.5113878402521554,0.45672009963233273,2.5873015873015874,1.528926593428448,-0.5800615047524944,0.477952874617252,2.58867523809524,1.685145187752646,0.12934038609709383,0.8053915956434567,244.21095238095234,84.1739013261121,-0.6660950208136366,0.5588599846396439,0.984375,0.999158501625061,0.0038953812327235937,1.1180338859558105,0.05919739603996277
72,0.799015796164421,0.921875,0.8710619923421892,0.6714899317672692,0.0,0.078125,0.0,59,0.02640657959062128,0.43989789485931396,0.0,1.0,64,1.0,46,0.71875,0.8812335701022721,38.635000000000005,23.830360624631766,-0.5490363405972392,0.4076755197273213,2.640625,1.229420436374392,-0.5633922424784576,0.38432520842004453,2.965883750000002,1.5106664277288988,0.30962192355822304,0.7220019103138362,263.8068125,74.51586711081974,-0.5359912485920882,0.49473691599041814,1.0,0.998609721660614,0.0026260504964739084,1.1014959812164307,0.048284564167261124
73,0.8051718394766053,0.9375,0.8350527624289195,0.6460609804399299,0.0,0.0625,0.0,60,0.028295150428476155,0.4272986054420471,0.0,1.0,64,1.0,43,0.671875,0.8872796888327102,40.913906250000004,24.496957567292124,-0.5100501790148461,0.4190792604985294,2.8125,1.4882351124738322,-0.509662945939353,0.46523244030844685,2.7952959375000015,1.604394962116483,0.22809186222865352,0.7667981536383726,258.03531250000003,87.12918859549077,-0.5743102566282179,0.5784811709212682,1.0,0.9996107220649719,0.008735868148505688,1.0837910175323486,0.06072250008583069
74,0.8168806100619281,0.9375,0.8607348379989465,0.683994076791819,0.0,0.0625,0.0,60,0.03967832883006192,0.4244655668735504,0.0,1.0,64,1.0,46,0.71875,0.8866155570105378,39.083906250000005,22.692365085612188,-0.5413567216581774,0.3882073744430387,2.828125,1.3869333020643062,-0.504778464435798,0.4335648038782413,2.816306562500001,1.3365257528058285,0.23813359686208496,0.638773808033959,261.17559375,81.03429661293865,-0.5534608305770253,0.5380150503531733,1.0,0.9991086721420288,0.005783386062830687,1.0837910175323486,0.05456280708312988
75,0.8111182786159592,0.921875,0.8068142707570124,0.6667704798368196,0.0,0.078125,0.0,59,0.026934397446198795,0.4013685882091522,0.0,1.0,64,1.0,44,0.6875,0.8751317675897247,40.713906249999994,27.07346305755344,-0.5134716590851557,0.46315657142838906,2.671875,1.3812888851992549,-0.5536232794713477,0.43180032069259666,2.7390553125000014,1.64775714726675,0.20121244137047636,0.7875225041231729,254.7011875,88.67702220626887,-0.5964466791645539,0.5887577798738798,1.0,0.9983550906181335,0.0010695187374949455,1.1014959812164307,0.055717263370752335
76,0.8169402710128623,0.953125,0.8514870871774486,0.6687860204212907,0.0,0.046875,0.0,61,0.02507739758557922,0.42736363410949707,0.0,1.0,64,1.0,43,0.671875,0.8704239974900676,40.873906250000005,31.60612038322184,-0.510734475028908,0.5406985549549715,2.65625,1.5832990676116752,-0.5585077609749026,0.49495008066208357,2.6876542187500014,1.4379340330388142,0.17664600684957854,0.6872404785748071,249.59064062500002,82.85903125836063,-0.6303773881262005,0.5501301021666931,1.0,0.9994924664497375,0.010026385076344013,1.0648608207702637,0.05811987817287445
77,0.798487712383982,0.90625,0.8405681720067715,0.683890690342182,0.0,0.09375,0.0,58,0.0255595729166307,0.43190836906433105,0.0,1.0,64,1.0,42,0.65625,0.8791862767637766,41.17546875,24.744362232239357,-0.5055755246103946,0.4233117111506221,2.703125,1.3995500113875887,-0.5438543164642378,0.4375088732110607,2.537730625000001,1.4640192908019476,0.10499212012665116,0.6997075630286036,244.100703125,82.29705349063231,-0.6668270042018052,0.5463989351221279,1.0,0.9985653162002563,0.005160550586879253,1.1180338859558105,0.05869603902101517
78,0.7902394493571361,0.921875,0.8553406358775446,0.674843482457938,0.0,0.078125,0.0,59,0.037498988740665234,0.3888862729072571,0.0,1.0,64,1.0,46,0.71875,0.8951619829790861,46.93296875,30.917317339947587,-0.4070796670863618,0.5289149255303148,2.953125,1.555531335066896,-0.4657026124073583,0.4862696981974029,2.2965542187500008,1.497400671983168,-0.010274773238357755,0.7156617277200034,246.84535937500002,68.63730549174937,-0.6486042709608514,0.45570708840278185,1.0,0.9978689551353455,0.0,1.1014959812164307,0.06138227880001068
79,0.8243647248714389,0.953125,0.8705225007944419,0.6750722403408644,0.0,0.046875,0.0,61,0.02892214089830776,0.43810105323791504,0.0,1.0,64,1.0,50,0.78125,0.8820135365411359,49.829687500000006,31.05052394730794,-0.3575243397242784,0.5311937442918997,2.921875,1.7166891053347428,-0.4754715754144682,0.5366487156711602,2.477464375000001,1.4931684386982644,0.07618870805052096,0.713638990959256,254.81996875,67.63876993447639,-0.5956580488824278,0.4490774614351815,1.0,0.9996590614318848,0.0015408321050927043,1.0648607015609741,0.07534219324588776
80,0.8478592121280166,0.96875,0.8879911466952293,0.6999177954997854,0.0,0.015625,0.0,62,0.03210771600092166,0.3905673921108246,0.0,1.0,63,0.984375,43,0.6825396825396826,0.8670868726421156,48.35174603174603,28.8765510152905,-0.38280807611785256,0.4940027189904505,2.888888888888889,1.5130239993387269,-0.4857832585886398,0.4729816153091057,2.781673174603176,1.3888831644838782,0.2215810530554814,0.6637973013457622,270.6026825396826,66.33179429533702,-0.49087108941976,0.4403999928361678,0.984375,0.9979077577590942,0.008244423195719719,1.0446385145187378,0.06935334950685501
81,0.7651023057656541,0.9375,0.8790750662485759,0.6503307230894769,0.0,0.0625,0.0,60,0.03317212738997353,0.4347194731235504,0.0,1.0,64,1.0,51,0.796875,0.8853026783862186,41.32890625,32.11971727562699,-0.5029506078689541,0.5494848626126569,2.75,1.6677080080157918,-0.5292008719535729,0.5213368907829528,2.7427590625000016,1.7979097488530953,0.20298259692979806,0.8592858419415128,258.35317187500004,81.99374544507094,-0.5721998770137356,0.5443851668755215,1.0,0.9976891875267029,0.009216589853167534,1.0837911367416382,0.07275531440973282
82,0.8427093215710674,0.953125,0.8666137430022974,0.7285084213596158,0.0,0.046875,0.0,61,0.06427128360877574,0.48706918954849243,0.0,1.0,64,1.0,54,0.84375,0.8803288578219886,37.873281250000005,24.844141604126683,-0.5620673682087692,0.4250186768123245,2.46875,1.1854422961494162,-0.6171215390175623,0.3705773420207075,2.4771371875000012,1.3758457646020295,0.07603233335674696,0.6575662582462135,246.23459375000002,64.10252245785624,-0.6526593576614607,0.42559907705081834,1.0,0.9987531900405884,0.0,1.0648607015609741,0.05496104061603546
83,0.8135822059961676,0.96875,0.8344521777283761,0.6892164384832702,0.0,0.03125,0.0,62,0.03992524092107901,0.401752233505249,0.0,1.0,64,1.0,46,0.71875,0.8935115341325439,46.34375,28.229255851642638,-0.41715966813725,0.4829291814803063,2.65625,1.2651426549998226,-0.5585077609749026,0.39549221745312374,2.528742031250001,1.3826370049973582,0.10069614734310856,0.6608120366979127,254.2281875,77.90395914399087,-0.5995870916744889,0.5172316445438675,1.0,0.9983195662498474,0.002098635770380497,1.0446385145187378,0.05225139483809471
84,0.7919578895300426,0.9375,0.8243929634491602,0.7099303232147357,0.0,0.0625,0.0,60,0.02690964778330242,0.38657206296920776,0.0,1.0,64,1.0,47,0.734375,0.8850251158347179,46.296093750000004,28.412596767168445,-0.4179749426852533,0.48606566792302547,2.875,1.3169567191065923,-0.4901250199251331,0.4116896470693496,2.335245468750001,1.559358242671415,0.00821716905920657,0.745273482885947,250.04887499999998,63.0924942677168,-0.6273350097673589,0.4188931464721697,1.0,0.9982976317405701,0.0026910656597465277,1.0837910175323486,0.0583157055079937
85,0.8197709241346842,0.96875,0.8525461367061061,0.6717915521762563,0.0,0.03125,0.0,62,0.03453545157152325,0.5134707689285278,0.0,1.0,64,1.0,45,0.703125,0.8799653996381835,35.27203125,23.618588758359877,-0.6065679933732314,0.40405265362781384,2.296875,1.113548487662302,-0.6708508355566669,0.3481028474430799,2.935899687500002,1.6467362279369178,0.29529145985915517,0.7870345699949727,250.28345312500005,70.71930598432128,-0.6257775635130094,0.46953021819678503,1.0,0.9987602233886719,0.0,1.0446386337280273,0.04538211226463318
86,0.7349852321214627,0.875,0.8813927327947957,0.6888600875704114,0.0,0.109375,0.0,56,0.035805021646450344,0.3832019865512848,0.0,1.0,63,0.984375,43,0.6825396825396826,0.898664310140021,35.371269841269836,23.409146326187045,-0.6048702790620547,0.40046963809003144,2.365079365079365,1.1588388729170782,-0.6495296861363873,0.3622609305832932,2.631952063492065,1.5176113083804819,0.1500239400804842,0.7253211189791686,239.06571428571428,81.64657931917019,-0.7002560569254324,0.5420802094869288,0.984375,0.997899055480957,0.0005691519472748041,1.1478066444396973,0.05085279047489166
87,0.8200817970561186,0.953125,0.8861519200880019,0.6972964767238805,0.0,0.046875,0.0,61,0.06056034085452887,0.5208472609519958,0.0,1.0,64,1.0,51,0.796875,0.897501791150281,28.646250000000002,21.157048950940677,-0.7199178858587559,0.3619421066610232,2.265625,1.2150384188884729,-0.6806197985637769,0.3798292917228429,2.8396909375000012,1.4210226842936922,0.24930983213917224,0.6791579357474552,242.102328125,69.89905782695118,-0.6800949150887845,0.46408430366262826,1.0,0.9987522959709167,0.0,1.0648607015609741,0.0486212782561779
88,0.7848103591629128,0.9375,0.8670751996338367,0.680545168706664,0.0,0.0625,0.0,60,0.016437516513424788,0.39346060156822205,0.0,1.0,64,1.0,38,0.59375,0.8920681351030524,38.7475,27.907198444129072,-0.5471117580576901,0.47741961647379033,2.390625,1.4960070552557565,-0.6415439465353372,0.46766200259740665,2.685498593750001,1.4086786864912058,0.17561575600177207,0.6732582944827031,244.60529687500002,82.23022604832572,-0.6634768297304837,0.5459552443487102,1.0,0.9989142417907715,0.0017321016639471054,1.0837911367416382,0.05321499705314636
89,0.7342968210368553,0.890625,0.7990447915436929,0.6834605817046792,0.0,0.09375,0.0,57,0.047562882037041045,0.40551209449768066,0.0,1.0,63,0.984375,44,0.6984126984126984,0.8974552526052779,41.73492063492064,25.13233981066587,-0.4960047572376295,0.42994899891218824,2.761904761904762,1.2177820811947069,-0.5254793622365787,0.38068697926119816,2.460679365079366,1.3906548087905564,0.06816654709897699,0.6646440339866281,247.48411111111113,73.24063939651184,-0.644363374675807,0.486270232973445,0.984375,0.9975956082344055,0.006117908749729395,1.133455753326416,0.0570557564496994
90,0.7995191943350783,0.953125,0.829541488016238,0.6821123814186739,0.0,0.046875,0.0,61,0.028135115038588697,0.4421548843383789,0.0,1.0,64,1.0,46,0.71875,0.8920599401074384,35.653281250000006,24.98924393956125,-0.6000457969892039,0.4275010005565481,2.390625,1.1939585877973322,-0.6415439465353372,0.37323959283882757,2.344701562500001,1.3732342816336225,0.012736576935285926,0.6563181364521941,229.954796875,63.008980500843045,-0.7607466256645258,0.4183386693511503,1.0,0.998490035533905,0.001196888042613864,1.0648607015609741,0.05632239207625389
91,0.7589792389548558,0.90625,0.8721215308740221,0.6897373874844835,0.0,0.078125,0.0,58,0.04556418957867166,0.3912372291088104,0.0,1.0,63,0.984375,44,0.6984126984126984,0.9025252774355824,37.64746031746032,24.902193118708265,-0.5659305773094853,0.4260117873132853,2.5714285714285716,1.3179383336283854,-0.5850235177084867,0.41199650645977,2.3337763492063504,1.6071658897854473,0.007515023901595674,0.7681224797990732,233.59628571428573,70.12918428326279,-0.7365695070478633,0.4656121937308481,0.984375,0.997538149356842,0.004736530594527721,1.118033766746521,0.05866885930299759
92,0.7742871930981159,0.921875,0.8347865913884115,0.6771494141051431,0.0,0.078125,0.0,59,0.030989904853417183,0.435912549495697,0.0,1.0,64,1.0,40,0.625,0.8827670661586433,38.108437499999994,25.331138275028103,-0.5580444560948509,0.43334992383130577,2.625,1.2930100540985752,-0.5682767239820126,0.4042037563619264,2.501240781250001,1.5609633588211498,0.08755230918562096,0.7460406257211303,243.26851562500002,75.89623213205982,-0.6723521882094403,0.5039016423772658,1.0,0.9981098175048828,0.007373794447630644,1.1014959812164307,0.0541238859295845
93,0.7373789934880848,0.90625,0.8791089808118755,0.6487168638808581,0.0,0.078125,0.0,58,0.04395237507384666,0.4838103652000427,0.0,1.0,63,0.984375,41,0.6507936507936508,0.8904270543881244,39.94396825396825,24.868735873290788,-0.5266432966291387,0.42543942082126857,2.7777777777777777,1.474055462380178,-0.5205173492805862,0.4607997850374494,2.396382857142858,1.453793104684006,0.037436929557626286,0.6948201002659085,240.0979523809524,77.39728201893381,-0.6934026670152481,0.5138676378165374,0.984375,0.9989463686943054,0.0,1.1180338859558105,0.06796655058860779
94,0.8463534674256444,0.984375,0.8406015526917245,0.725346569511242,0.0,0.015625,0.0,63,0.044531796449916936,0.5088334083557129,0.0,1.0,64,1.0,46,0.71875,0.8791150638372403,37.495000000000005,26.395896816550863,-0.5685387769980029,0.4515651744788651,2.59375,1.30765474705673,-0.5780456869891225,0.4087817872022047,2.9983704687500015,1.3179950939713685,0.3251484968419031,0.6299173385763249,260.53951562500004,65.21078530738617,-0.5576839758223655,0.4329572219069705,1.0,0.9993947744369507,0.0,1.023047685623169,0.06110458821058273
95,0.7899920554776909,0.9375,0.8666481887300809,0.6701632414954325,0.0,0.0625,0.0,60,0.03307226177553088,0.39637744426727295,0.0,1.0,64,1.0,39,0.609375,0.8880952806838447,34.398125,27.7426926119181,-0.6215182574617006,0.4746053493419928,2.375,1.3287682265918312,-0.6464284280388921,0.4153820048191576,2.7111468750000016,1.7712765942365525,0.18787399363706964,0.8465568978424926,237.0638125,71.06231906174746,-0.7135473833768451,0.4718076020433399,1.0,0.9966081976890564,0.0017857142956927419,1.0837911367416382,0.054221510887145996
96,0.8321483304411196,1.0,0.8471427648328245,0.6720071037807868,0.0,0.0,0.0,64,0.03268649903886657,0.4268285930156708,0.0,1.0,64,1.0,50,0.78125,0.8796059833012417,42.4828125,30.747958136920957,-0.4832102716820516,0.5260176298409193,2.828125,1.442162953474745,-0.504778464435798,0.45082996936701425,2.5824982812500012,1.7045728715351574,0.1263881958846635,0.8146767856407178,261.778046875,64.4883490183086,-0.5494609334725872,0.4281607145922766,1.0,0.9991132616996765,0.0020964359864592552,0.9999999403953552,0.05576980486512184
97,0.7972934975870625,0.953125,0.8296906420441924,0.7011516731785038,0.0,0.046875,0.0,61,0.024679241543680553,0.41644662618637085,0.0,1.0,64,1.0,38,0.59375,0.8800953976458077,38.585156250000004,28.355574076812236,-0.5498890375835116,0.4850901579299795,2.640625,1.5141745637062458,-0.5633922424784576,0.47334128957290067,2.5980032812500014,1.313185385319148,0.1337985939804535,0.6276186055329377,247.014390625,65.05337973412135,-0.6474820133454816,0.4319121512274476,1.0,0.9976212382316589,0.0005636978312395513,1.0648607015609741,0.07201413810253143
98,0.7830321174414954,0.953125,0.8853814269675583,0.7174139966112633,0.0,0.046875,0.0,61,0.040144610054567695,0.4244462549686432,0.0,1.0,64,1.0,51,0.796875,0.893213710945752,34.680781249999995,21.9916845296614,-0.6166827438310837,0.3762205516538439,2.515625,1.1179248004114588,-0.6024680945068974,0.3494709126384097,2.539088125000001,1.1707201459663565,0.10564091828305462,0.5595293350772018,238.778984375,61.392447460093834,-0.702159757133846,0.4076059408439791,1.0,0.9995858073234558,0.0022136138286441565,1.0648607015609741,0.06733688712120056
99,0.78640055355459,0.921875,0.87252726898355,0.7058501459826564,0.0,0.078125,0.0,59,0.03517790763139456,0.3771456778049469,0.0,1.0,64,1.0,45,0.703125,0.8765562941499554,33.75640625,21.32667984057671,-0.6324963970310451,0.36484405020201593,2.515625,1.2623414194959302,-0.6024680945068974,0.39461653214074843,2.6824154687500013,1.4175296234558148,0.17414221948909347,0.6774884761291717,240.637234375,76.74260338294467,-0.6898221851537476,0.5095209972701369,1.0,0.9968167543411255,0.010209869593381882,1.1014961004257202,0.06386024504899979
100,0.8042182943706951,0.984375,0.8650864779003082,0.6883713324402094,0.0,0.015625,0.0,63,0.027008654374745797,0.46482282876968384,0.0,1.0,64,1.0,43,0.671875,0.8896246118723328,36.40765625,28.317786412771323,-0.5871404018490055,0.4844437092328818,2.59375,1.5074683868990422,-0.5780456869891225,0.4712448929921419,2.6907434375000014,1.5042954635104726,0.1781224557849206,0.7189569969882914,253.14618750000002,67.77107912576794,-0.6067708682828388,0.44995590845317596,1.0,0.9984447360038757,0.004936917219310999,1.0230478048324585,0.06569115072488785
101,0.7909944992626345,0.953125,0.83746131424044,0.6879793203690101,0.0,0.046875,0.0,61,0.03087080871872335,0.4432182312011719,0.0,1.0,64,1.0,34,0.53125,0.8760196104747433,40.46921875,25.327346837502514,-0.5176576261086747,0.43328506219164764,2.5625,1.248436522214886,-0.5878146499962325,0.3902697664717506,2.358906406250001,1.4720976764259397,0.01952558351871021,0.7035685145568259,232.467515625,62.96070792342243,-0.744063806644551,0.4180181708183417,1.0,0.9981673955917358,0.0011627906933426857,1.0648608207702637,0.06561350077390671
102,0.817256130153823,1.0,0.8473486523143947,0.6650332166987544,0.0,0.0,0.0,64,0.021958417596699722,0.40443748235702515,0.0,1.0,64,1.0,35,0.546875,0.8735160598577196,41.8009375,25.289564900786527,-0.49487538029676276,0.4326387114741904,2.75,1.2374368670764582,-0.5292008719535729,0.38683119929932597,2.455974375000001,1.5394905085113344,0.0659178628342342,0.7357779769596315,246.39723437499998,58.47783329998382,-0.6515795296416436,0.3882547975669326,1.0,0.9990929961204529,0.0,0.9999999403953552,0.05185278132557869
103,0.7020368810288966,0.890625,0.8479683195289812,0.6692167223955764,0.0,0.109375,0.0,57,0.03302930777112986,0.41169503331184387,0.0,1.0,64,1.0,43,0.671875,0.8921473589277841,37.960625,26.259098713291266,-0.5605731437093139,0.4492249145590709,2.5,1.299038105676658,-0.6073525760104523,0.4060881663738061,2.5472706250000012,1.6393912149721124,0.10955162982248079,0.7835241236816579,238.62571874999998,81.0351417535297,-0.7031773412482077,0.5380206615372849,1.0,0.9985912442207336,0.005044843070209026,1.133455753326416,0.06765125691890717
104,0.7657633946705625,0.953125,0.8843960459115076,0.6874482852774867,0.0,0.046875,0.0,61,0.05057156821164991,0.4370914697647095,0.0,1.0,64,1.0,42,0.65625,0.8899802598605798,34.005,23.432038830413372,-0.6282436042249026,0.4008612693248807,2.578125,1.234968211888468,-0.5829301684926775,0.38605948086064484,2.8075023437500013,1.2730852120951872,0.2339257435334866,0.6084532880676242,253.057828125,71.5163490712864,-0.6073575170917609,0.47482206614871403,1.0,1.000887393951416,0.006475985050201416,1.0648607015609741,0.0569302961230278
105,0.7763374093759363,0.9375,0.8647130310535431,0.6941326137859981,0.0,0.0625,0.0,60,0.03263475000970881,0.4780882000923157,0.0,1.0,64,1.0,34,0.53125,0.872536859940036,35.81453125,27.35468875083892,-0.5972872286825169,0.4679676119525652,2.359375,1.3734899378499283,-0.651312909542447,0.4293623165917977,2.7551543750000014,1.4089278820579278,0.20890676333719696,0.6733773940217626,245.653953125,76.60926247777375,-0.656514433945872,0.508635700342685,1.0,0.9979996085166931,0.018151815980672836,1.0837910175323486,0.05420411378145218
106,0.802863270380608,0.984375,0.8678791868308234,0.7068705098802671,0.0,0.015625,0.0,63,0.04376883395208453,0.44699737429618835,0.0,1.0,64,1.0,50,0.78125,0.8954000658518999,33.74375,22.22260072116898,-0.6327129125667443,0.3801709273896186,2.453125,1.1980412072942233,-0.6220060205211173,0.37451584752161904,2.633125000000001,1.264011317081211,0.1505845286947952,0.6041165467368943,241.42056250000002,63.049409201949295,-0.6846213956333798,0.4186070896444157,1.0,0.9990610480308533,0.021227767691016197,1.0230478048324585,0.05076204612851143
107,0.7704783302613735,0.953125,0.8476407689149262,0.6564782970586552,0.0,0.03125,0.0,61,0.03469086967755122,0.42684465646743774,0.0,1.0,63,0.984375,42,0.6666666666666666,0.9035257716296803,35.300476190476196,27.58890387879809,-0.6060813743885292,0.47197442391495154,2.4285714285714284,1.3418097908195594,-0.629681634312418,0.4194588866910144,2.404813968253969,1.3410255447166801,0.0414664613037191,0.6409244207013325,232.00269841269838,56.451072113944925,-0.7471498907636738,0.37479842085808035,0.984375,0.9979205131530762,0.002352941082790494,1.0648608207702637,0.06389474868774414
108,0.7756488641595483,0.953125,0.8691875563293207,0.6877005971102429,0.0,0.03125,0.0,61,0.02797921029603507,0.4124102294445038,0.0,1.0,63,0.984375,43,0.6825396825396826,0.8876650546264621,35.16111111111112,29.290500876949423,-0.6084655485962527,0.5010843249993173,2.507936507936508,1.6220016623894546,-0.6048715695324562,0.5070487755953089,2.6477461904761914,1.4466185312865594,0.15757252237831296,0.6913911131622293,245.61673015873015,62.849790284961955,-0.6567615702438226,0.4172817498048243,0.984375,0.9993557333946228,0.002222222276031971,1.0648607015609741,0.05919652432203293
109,0.8185870728447887,0.984375,0.8688778621809823,0.6862386859733473,0.0,0.015625,0.0,63,0.04381588748158714,0.5343092083930969,0.0,1.0,64,1.0,47,0.734375,0.8875786266196136,29.77703125,20.75229766493396,-0.700573158304983,0.35501786436850274,2.3125,1.1709371246996996,-0.665966354053112,0.36604292655497733,2.7145050000000017,1.5242939835738312,0.18947896255712285,0.7285150102095832,236.068421875,62.04941040911589,-0.7201561300386251,0.41196774774392125,1.0,0.9990346431732178,0.007062978111207485,1.0230478048324585,0.051099713891744614
110,0.7722659078891753,0.9375,0.8804316371679306,0.7202175013136126,0.0,0.0625,0.0,60,0.028638329584877432,0.3917379677295685,0.0,1.0,64,1.0,49,0.765625,0.8936062826038849,35.538906250000004,24.518749784424386,-0.6020024559044121,0.4194520686815589,2.640625,1.407204537149806,-0.5633922424784576,0.439901730139319,2.512872656250001,1.2455573499971846,0.0931116013075472,0.5952967310297521,245.55543749999998,60.47851548635761,-0.6571685136523711,0.40153802667156735,1.0,0.9978228807449341,0.013865779154002666,1.0837910175323486,0.0632752925157547
111,0.7313686503191148,0.90625,0.8261470214046281,0.6612725206934973,0.0,0.09375,0.0,58,0.026439012650711274,0.37994036078453064,0.0,1.0,64,1.0,32,0.5,0.8973696533247079,42.99734375,28.603777954263943,-0.47440797959491965,0.4893362810303522,2.5625,1.3213984069916234,-0.5878146499962325,0.41307814897776546,1.9962793750000007,1.5517334554981121,-0.1537869390131803,0.7416293223990171,221.74289062499997,72.71705075412963,-0.815268344729881,0.4827939447649948,1.0,0.9983006715774536,0.008145363070070744,1.1180340051651,0.06446270644664764
112,0.7797883160109145,0.984375,0.8752282600081156,0.656578756691426,0.0,0.015625,0.0,63,0.038882822682610174,0.42537859082221985,0.0,1.0,64,1.0,42,0.65625,0.8958062317181648,40.945781249999996,26.93425808825349,-0.5095048806286406,0.46077513628765,2.515625,1.1318152938421533,-0.6024680945068974,0.3538131755656083,2.651981875000001,1.517903782902465,0.1595969086104707,0.7254609030901503,256.9721875,71.85500040965208,-0.5813687155069169,0.47707049088340703,1.0,1.0011396408081055,0.005687694065272808,1.0230478048324585,0.0651741772890091
113,0.7406253097370101,0.890625,0.8802342093304584,0.6915448125376059,0.0,0.109375,0.0,57,0.04443087723971111,0.4527350068092346,0.0,1.0,64,1.0,43,0.671875,0.8914925999095928,41.484375,24.602027220523414,-0.5002909417205494,0.4208767291211553,2.53125,1.380316426584861,-0.5975836130033424,0.431496323501238,2.4552425000000015,1.4283499088600904,0.06556807340460806,0.6826598803443118,240.8378125,77.29619584083585,-0.6884904767965185,0.5131964913085452,1.0,0.9964112639427185,0.005134055856615305,1.1334556341171265,0.0789027139544487
114,0.7752528182090406,0.953125,0.8606176063662669,0.6809734784704748,0.0,0.03125,0.0,61,0.031043739745750615,0.443474680185318,0.0,1.0,63,0.984375,42,0.6666666666666666,0.8810483203057174,42.82428571428571,27.03986162230288,-0.47736855269593637,0.4625817382231711,2.619047619047619,1.587936381003149,-0.5701374788405097,0.49639973643724145,2.604051904761907,1.4386816078076463,0.13668944906944253,0.687597771489571,250.65807936507937,66.75396267419626,-0.6232902888176711,0.4432029164265875,0.984375,0.9983435869216919,0.0005385029362514615,1.0648608207702637,0.07588429003953934
115,0.7270295611553645,0.921875,0.869197181220782,0.6355296771820703,0.0,0.078125,0.0,59,0.02675055642706286,0.4381031394004822,0.0,1.0,64,1.0,45,0.703125,0.8880589370069281,45.3990625,31.48683488374298,-0.4333208154068522,0.5386578901592524,2.75,1.4684175155588413,-0.5292008719535729,0.45903732443157125,2.4552014062500014,1.527436962526879,0.065548433221006,0.7300171530827708,236.36698437500002,85.2505145645197,-0.7181738691295395,0.5660079966528718,1.0,0.9976010322570801,0.006795017048716545,1.1014961004257202,0.06161527708172798
116,0.7484529452605886,0.90625,0.8678365303524609,0.6810094252193173,0.0,0.09375,0.0,58,0.027439597134195897,0.4349116384983063,0.0,1.0,64,1.0,43,0.671875,0.8811540511030214,44.8834375,31.30949477688188,-0.4421418187131187,0.5356240619527934,2.53125,1.310638560969423,-0.5975836130033424,0.4097145477696671,2.355044218750001,1.4720644361425363,0.017679704970139935,0.7035526278278459,242.720984375,73.89456735687092,-0.6759874397677498,0.4906118895216647,1.0,0.9985471963882446,0.0016085790703073144,1.1180338859558105,0.05568123236298561
117,0.8011473082668288,0.96875,0.8529835951424414,0.7125707308424286,0.0,0.03125,0.0,62,0.018838911793722032,0.44900214672088623,0.0,1.0,64,1.0,43,0.671875,0.8786863086019611,37.608906250000004,22.218106152217633,-0.5665901371767095,0.3800940369991603,2.328125,0.9691279504662942,-0.661081872549557,0.302956003112368,2.6006517187500013,1.32714788061014,0.13506437767647533,0.6342917850567587,239.82225,62.110050527018196,-0.6952331515948712,0.4123703587055794,1.0,0.9995948672294617,0.001088139251805842,1.0446385145187378,0.05163766071200371
118,0.7811697025348463,0.9375,0.8357264533638954,0.6951666539679885,0.0,0.0625,0.0,60,0.031047125924699846,0.4444189965724945,0.0,0.984375,64,0.984375,47,0.734375,0.8847378447617463,34.7828125,22.542647947054576,-0.6149372543889648,0.38564610341424554,2.265625,1.1214135541248822,-0.6806197985637769,0.35056152082936487,2.641905781250001,1.4839902346490588,0.1547811803977651,0.7092523965826675,236.555265625,70.5704549207834,-0.7169238040283004,0.46854194390069315,1.0,0.9992379546165466,0.000573723460547626,1.0837911367416382,0.06371790170669556
119,0.7519782136226019,0.953125,0.8552902956477931,0.6788277962390086,0.0,0.046875,0.0,61,0.031306890004454566,0.4013444185256958,0.0,1.0,64,1.0,40,0.625,0.8872404099866548,36.448281249999994,24.859229897734128,-0.5864454137097241,0.42527679829168874,2.421875,1.3323462329195817,-0.6317749835282273,0.4165005139857176,2.273047656250001,1.3628615196661384,-0.021509406323721524,0.6513606198103413,229.013984375,57.033063524451606,-0.76699300905671,0.3786624654801308,1.0,0.9983763098716736,0.0,1.0648608207702637,0.06049345061182976
120,0.7590119790949491,0.90625,0.8569788264817205,0.7000213702039256,0.0,0.078125,0.0,58,0.02508335739082925,0.35487037897109985,0.0,1.0,63,0.984375,41,0.6507936507936508,0.8734964457129282,36.63174603174603,20.760262831293563,-0.5833068082379854,0.35515412765828314,2.253968253968254,1.2844398935964385,-0.6842637768283337,0.40152466577279466,2.2010844444444446,1.2304108166848868,-0.05590321785102393,0.5880576570784286,219.8530476190476,63.63869110958042,-0.8278156737313733,0.4225195384279318,0.984375,0.9995618462562561,0.012071155942976475,1.1180338859558105,0.05948283150792122
121,0.7966239703416934,0.96875,0.8860636747652485,0.701735132818227,0.0,0.03125,0.0,62,0.03374393208159744,0.4278184771537781,0.0,1.0,64,0.984375,48,0.75,0.8809983842883081,28.550000000000004,19.21353933428196,-0.7215644731425923,0.32869370956176064,2.140625,1.0438388809461927,-0.7196956505922166,0.32631114922708454,2.952683125000001,1.2965489745593348,0.3033128692942279,0.6196674654739053,236.981484375,60.294327779700865,-0.7140939886065902,0.4003151400369774,1.0,0.9982044696807861,0.0011904762359336019,1.0446386337280273,0.054609306156635284
122,0.7412384428132701,0.875,0.8716734567923206,0.7084817038983383,0.0,0.125,0.0,56,0.02649664943978093,0.4298114776611328,0.0,1.0,64,1.0,44,0.6875,0.8838943843795863,32.694218750000005,19.357976618558265,-0.650667663841954,0.3311646560095656,2.234375,1.1421223049109057,-0.6903887615708868,0.35703521748063277,2.388104687500001,1.4926520056104944,0.03348049404920624,0.7133921689811705,222.67996875,82.41621159527887,-0.8090467551600364,0.5471900674741199,1.0,0.9975606799125671,0.0070108347572386265,1.1478066444396973,0.06235122308135033
123,0.7625854386203946,0.9375,0.8606062104304631,0.6584760167645813,0.0,0.046875,0.0,60,0.04527451499819944,0.4074288010597229,0.0,1.0,63,0.984375,43,0.6825396825396826,0.8851834934861936,41.80714285714286,24.35491504963279,-0.49476922276779567,0.4166492822819895,2.5714285714285716,1.136889179648888,-0.5850235177084867,0.35539930685355364,2.5373485714285726,1.382038890221713,0.10480952296069167,0.6605261760984605,242.02317460317465,68.51895693466125,-0.680620443017211,0.4549213309203034,0.984375,0.9979979991912842,0.003537735901772976,1.0837910175323486,0.062315404415130615
124,0.7018985635061374,0.875,0.8461903982928821,0.6532476191919162,0.0,0.109375,0.0,56,0.04332370296806508,0.4788006544113159,0.0,1.0,63,0.984375,39,0.6190476190476191,0.8932526643734132,34.41507936507936,27.600956842915696,-0.6212282123505818,0.47218061879753426,2.3174603174603177,1.7258574756343794,-0.6644157250043643,0.5395148107205245,2.5937249206349215,1.6610040192175166,0.13175381130679403,0.7938536614710694,233.30665079365082,92.10632415409731,-0.7384924946336474,0.6115261154707183,0.984375,0.9969703555107117,0.012614678591489792,1.1478067636489868,0.06358195841312408
125,0.7003379139584958,0.90625,0.8963201133341625,0.6417259227042124,0.0,0.09375,0.0,58,0.025290326358533146,0.4040863513946533,0.0,1.0,64,1.0,44,0.6875,0.8968302321702818,36.29203125000001,25.061829116936448,-0.5891184450146532,0.4287427442454937,2.3125,1.3905372163304368,-0.665966354053112,0.4346914120429333,2.668622812500001,1.365205041066943,0.16755021216172256,0.6524806731174013,242.08787500000003,87.6684452736738,-0.6801908744430288,0.5820614847018852,1.0,0.9971147179603577,0.0028669724706560373,1.1180338859558105,0.07088322192430496
126,0.7353596982008255,0.90625,0.8764278457082552,0.6941497982006114,0.0,0.09375,0.0,58,0.03213673659785072,0.34794700145721436,0.0,1.0,64,1.0,43,0.671875,0.887616884606119,38.3925,26.49475632082696,-0.5531848851824894,0.45325640359707176,2.59375,1.2338804388999771,-0.5780456869891225,0.38571943560993444,2.381166875000001,1.242342887371573,0.03016466350815817,0.5937604235341172,237.870328125,65.02100839273385,-0.7081926439303167,0.43169722656474846,1.0,0.997424304485321,0.010686163790524006,1.118033766746521,0.06082573160529137
127,0.7544033333379216,0.921875,0.8751448074639854,0.708651165046381,0.0,0.0625,0.0,59,0.048780989969307784,0.4103761315345764,0.0,1.0,63,0.984375,40,0.6349206349206349,0.8822592924125241,42.22079365079365,24.110571500905515,-0.48769273303507626,0.4124691993705942,2.5873015873015874,1.2425641771924398,-0.5800615047524944,0.38843403139049415,2.9908441269841277,1.488712645282575,0.3215513869618583,0.7115094067578462,273.07139682539696,84.1597852991822,-0.47448043143601254,0.5587662633974426,0.984375,0.9988148212432861,0.0024801588151603937,1.1014959812164307,0.05428175628185272
128,0.7872934242283832,0.96875,0.8844963696695143,0.7029126625616675,0.0,0.03125,0.0,62,0.046623578789478315,0.4098350405693054,0.0,1.0,64,1.0,51,0.796875,0.8942845544160932,35.50390625,25.903453233665797,-0.6026012149167164,0.44314074495589995,2.21875,1.1105847277448038,-0.6952732430744418,0.347176355891208,2.7149721875000012,1.5407595693616813,0.18970224829465096,0.7363845068602347,238.87903125000003,67.62067406888426,-0.7014955109227891,0.4489573166514952,1.0,0.9994903206825256,0.014236901886761189,1.0446386337280273,0.056184448301792145
129,0.7305963360835757,0.921875,0.8438542255405652,0.6559371553071416,0.0,0.078125,0.0,59,0.0407425100838705,0.3905535638332367,0.0,1.0,64,1.0,46,0.71875,0.8903331246402171,40.7259375,26.512521081954727,-0.513265835674676,0.45356031247783407,2.71875,1.6150536949278187,-0.5389698349606828,0.5048767936078745,2.823063125000002,1.853876223184881,0.24136280149827263,0.8860342363185745,265.840984375,91.37189890796101,-0.5224856697261097,0.6066500092749922,1.0,0.997262716293335,0.010438413359224796,1.1014959812164307,0.06000247225165367
130,0.7581287014463483,0.90625,0.8391126389133519,0.6976729539101967,0.0,0.078125,0.0,58,0.03306157959952311,0.4155946373939514,0.0,1.0,63,0.984375,47,0.746031746031746,0.8848346933408678,38.10142857142857,30.41320102146241,-0.5581643606419576,0.5202908058462408,2.4761904761904763,1.5415632434512998,-0.6147955954444408,0.48190317754867706,2.592479523809525,1.4959716803505634,0.13115859129625415,0.7149787611367623,236.23073015873015,71.18333453795952,-0.7190785085487895,0.472611066135078,0.984375,0.9974413514137268,0.005090497899800539,1.1180338859558105,0.058430206030607224
131,0.7642997824620288,0.9375,0.8526803081234297,0.6872862240145541,0.0,0.0625,0.0,60,0.032105702326491486,0.36284369230270386,0.0,1.0,64,1.0,40,0.625,0.8935010259301929,32.676249999999996,25.026722249677444,-0.650975062442021,0.4281421570122053,2.171875,1.2190504437368455,-0.7099266875851067,0.38108347803731835,2.6644235937500014,1.6058419354825297,0.16554325423661428,0.7674897143398502,234.50321875,66.91587032037619,-0.7305480612740147,0.44427787794353796,1.0,1.0000085830688477,0.0005824111867696047,1.083790898323059,0.07337576895952225
132,0.7520616710077179,0.9375,0.8926816542943319,0.6712256999763266,0.0,0.046875,0.0,60,0.03383037783611895,0.4566625654697418,0.0,1.0,63,0.984375,47,0.746031746031746,0.8977216640549834,34.19539682539683,27.802488230851864,-0.6249864095071754,0.47562829693436126,2.2698412698412698,1.393936406355565,-0.6793017638723414,0.43575402201444097,2.8416342857142873,1.5421266527431152,0.2502386282634291,0.7370378852598841,238.15758730158734,68.08350540740275,-0.7062854297405735,0.4520302158596843,0.984375,0.9978477954864502,0.0016987542621791363,1.0837910175323486,0.07743138819932938
133,0.7605039426095465,0.921875,0.8458740443496381,0.7144498389776458,0.0,0.078125,0.0,59,0.037224931092797016,0.4459801912307739,0.0,1.0,64,1.0,44,0.6875,0.8867153165161342,29.79625,22.293143319471575,-0.7002443754544767,0.38137772786061946,2.140625,1.2357587181060063,-0.7196956505922166,0.3863065984925176,2.962349531250002,1.5440751425362116,0.3079327930909476,0.7379691387298891,239.98179687500001,74.85127192852583,-0.6941738640638542,0.49696378593844487,1.0,0.9986841082572937,0.002750274958088994,1.1014961004257202,0.0695769265294075
134,0.7387595367023696,0.96875,0.8924182590938383,0.6620386921931933,0.0,0.03125,0.0,62,0.045238880411821045,0.40353479981422424,0.0,1.0,64,1.0,45,0.703125,0.8992951933259712,32.809375,22.856664500958466,-0.6486976397702211,0.3910181103188926,2.21875,1.2050512177911776,-0.6952732430744418,0.37670722458479344,2.9739654687500012,1.3287864717018716,0.3134844681074462,0.6350749267727177,241.486078125,65.09473685096995,-0.6841864144740856,0.4321867355976932,1.0,0.9989114999771118,0.0010828369995579123,1.0446385145187378,0.0947139710187912
135,0.7985095416199968,0.953125,0.9056314767384138,0.7111602976243285,0.0,0.046875,0.0,61,0.03432694564301796,0.42806604504585266,0.0,1.0,64,1.0,53,0.828125,0.8747647018018364,27.341250000000002,19.89687157413195,-0.742243043317525,0.3403837477619938,2.171875,1.1117931392012634,-0.7099266875851067,0.3475541135493047,3.0687496875000018,1.4328743769092365,0.3587852610217281,0.6848222866271789,242.686390625,69.5367622537751,-0.676217119778882,0.4616788965795496,1.0,0.9981498122215271,0.009279475547373295,1.0648608207702637,0.06323876231908798
136,0.7926261984358208,0.96875,0.8796914402515658,0.7101816113140145,0.0,0.03125,0.0,62,0.03165601284272407,0.4111030101776123,0.0,1.0,64,1.0,53,0.828125,0.8864899468115722,33.5696875,24.25849644768496,-0.6356906694404355,0.41499981065713143,2.453125,1.1582541752029216,-0.6220060205211173,0.3620781500924152,3.252208281250002,1.6026603438458544,0.4464667324039469,0.765969117074065,260.388796875,62.8548496965876,-0.5586846503424115,0.4173153410089725,1.0,0.9986110925674438,0.016905738040804863,1.0446385145187378,0.06698055565357208
137,0.717705773785013,0.890625,0.8583108061238339,0.6612257145597566,0.0,0.109375,0.0,57,0.025283181266744403,0.48385709524154663,0.0,1.0,64,1.0,44,0.6875,0.8917096612116393,31.470312500000002,21.55753377365657,-0.6716055180534647,0.3687933608579424,2.390625,1.294425397377153,-0.6415439465353372,0.4046462023181116,3.1727826562500017,1.533460608561608,0.4085063647640289,0.7328960705355583,256.598453125,80.15238539064391,-0.5838500687979165,0.5321597331541322,1.0,0.9981232285499573,0.004746835213154554,1.133455753326416,0.06428038328886032
138,0.7853101792193649,0.96875,0.8594365720787356,0.7158129614906749,0.0,0.03125,0.0,62,0.03069583680638639,0.4371100962162018,0.0,1.0,64,1.0,45,0.703125,0.8775901643740639,40.0928125,23.019852808822296,-0.5240969585222494,0.39380983803421066,2.671875,1.2381272084785957,-0.5536232794713477,0.38704700472715825,2.7241617187500013,1.4939679253329412,0.19409425634858216,0.7140210944249263,259.482328125,61.374802670776155,-0.5647030135609428,0.40748879091351736,1.0,0.9994043111801147,0.003441494656726718,1.0446386337280273,0.06408277899026871
139,0.749355908301796,0.96875,0.8450988334032797,0.6662735986347609,0.0,0.03125,0.0,62,0.02812867569306673,0.4619818329811096,0.0,1.0,64,1.0,46,0.71875,0.8946446326873067,40.76421875,22.869967807468566,-0.5126109430049685,0.3912456953093602,2.59375,1.2713028504254995,-0.5780456869891225,0.3974179365324839,2.7125235937500016,1.6483709732162168,0.18853197712648842,0.7878158736586179,255.932265625,79.74405199061918,-0.5882731207196125,0.5294486648292656,1.0,0.998072624206543,0.0005128204938955605,1.0446385145187378,0.060671668499708176
140,0.7545368106143501,0.9375,0.8444943452874819,0.6872392340463678,0.0,0.046875,0.0,60,0.03293413972768243,0.467483788728714,0.0,1.0,63,0.984375,47,0.746031746031746,0.8820513877787619,39.02555555555557,28.710580969600613,-0.5423549503488292,0.491163402972469,2.6507936507936507,1.68238993044268,-0.5602134529285251,0.5259265598089217,2.736701269841271,1.2883379190696347,0.20008735957520624,0.6157431062371881,259.9376984126984,76.22540094354567,-0.5616796508798839,0.5060871092979223,0.984375,1.0004295110702515,0.0020682523027062416,1.0837910175323486,0.05302233621478081
141,0.755413655757493,0.96875,0.8646264705927141,0.6717962141271491,0.0,0.03125,0.0,62,0.039670959162969546,0.46354082226753235,0.0,1.0,64,1.0,44,0.6875,0.8915985004251368,38.17359375,28.93848618012803,-0.5569298020406952,0.4950622686511652,2.6875,1.529654781315052,-0.5487387979677927,0.4781805111140987,2.7696137500000013,1.3807081976058306,0.21581741957494685,0.6598901901567117,256.33690625,70.89988286919956,-0.5855865700202934,0.47072913132210603,1.0,0.999001681804657,0.00359158543869853,1.0446385145187378,0.0555657260119915
142,0.7763117041760276,0.96875,0.8676538332816093,0.6724326678217034,0.0,0.03125,0.0,62,0.01724302671821097,0.4288277328014374,0.0,1.0,64,1.0,43,0.671875,0.888578190661022,36.863125,27.89843873739846,-0.5793485155951369,0.4772697606637876,2.4375,1.6189792308735773,-0.6268905020246722,0.5061039429018649,2.5463135937500017,1.803098769599825,0.10909423010931676,0.8617658619002733,245.95743750000003,85.47682330551571,-0.6544994949864219,0.5675105395732344,1.0,0.9985233545303345,0.012035011313855648,1.0446386337280273,0.06288224458694458
143,0.8061514420020133,0.96875,0.833306101301024,0.7218001903280608,0.0,0.03125,0.0,62,0.018672315500040712,0.4092996418476105,0.0,1.0,64,1.0,45,0.703125,0.8863101263131055,32.948125,24.470664061471133,-0.6463239879714441,0.41862944696780396,2.390625,1.398852068438618,-0.6415439465353372,0.4372906914878745,2.729746250000001,1.258951821144902,0.19676330502583966,0.6016984313514006,237.105234375,66.34861117959213,-0.7132723690545724,0.4405116460152225,1.0,0.9988865256309509,0.0011668611550703645,1.0446385145187378,0.06251805275678635
144,0.7634348336253799,0.953125,0.8552106594453093,0.673338069431058,0.0,0.046875,0.0,61,0.0355164912620828,0.4505690932273865,0.0,1.0,64,1.0,42,0.65625,0.8893532894050299,35.05890625,23.69519882257186,-0.6102140080731548,0.405363252667246,2.375,1.2054563451241194,-0.6464284280388921,0.3768338701505111,2.3277260937500013,1.4826658247136495,0.004623388847563303,0.7086194133602616,221.386859375,58.472008503767015,-0.8176321607794109,0.38821612470666395,1.0,0.9978733062744141,0.009950248524546623,1.0648607015609741,0.06920582801103592
145,0.7810769313570616,0.9375,0.8612782118221124,0.7049830339285794,0.0,0.0625,0.0,60,0.026743773940422468,0.4031839668750763,0.0,1.0,64,1.0,39,0.609375,0.8797124688230314,35.890625,23.893351773754453,-0.5959854624370164,0.40875313453396717,2.203125,1.148091997348209,-0.7001577245779967,0.3589013840273157,2.7448795312500014,1.345469181451482,0.20399604533916155,0.6430481947869796,231.464125,64.80042073322616,-0.7507256681056534,0.4302326679062808,1.0,0.9998440146446228,0.013285024091601372,1.0837911367416382,0.07001033425331116
146,0.7110360208548314,0.890625,0.8347347645383132,0.6720847350009675,0.0,0.078125,0.0,57,0.033418133337875404,0.3104398250579834,0.0,1.0,62,0.953125,41,0.6612903225806451,0.8943915347872988,41.95,29.77387163702538,-0.4923253084318603,0.5093535421101684,2.6129032258064515,1.569413684538083,-0.572058258049281,0.49060941526734847,2.6630637096774206,1.4327365265285679,0.164893316646034,0.684756402963947,245.8302258064516,86.81612031396229,-0.6553440979332072,0.5764026010528202,0.96875,0.9992098808288574,0.0,1.133455753326416,0.07014637440443039
147,0.7712127887505738,0.921875,0.844948266522359,0.7119250921436864,0.0,0.078125,0.0,59,0.03332455496769216,0.38086241483688354,0.0,1.0,64,1.0,35,0.546875,0.8807491320132577,36.24125,26.483607341381955,-0.5899871801887553,0.4530656735421949,2.375,1.2930100540985752,-0.6464284280388921,0.4042037563619264,2.6320554687500013,1.5046866673776833,0.1500733611786142,0.7191439674102613,240.52762500000003,65.06397475670101,-0.6905499201483692,0.43198249528971444,1.0,0.998715341091156,0.0,1.1014961004257202,0.06542278081178665
148,0.8136863266581067,0.953125,0.8626856945577215,0.7121121187040085,0.0,0.046875,0.0,61,0.026753049783225482,0.47530436515808105,0.0,1.0,64,1.0,46,0.71875,0.8684834025596324,35.8515625,25.581581094775864,-0.5966537202632488,0.43763434941390106,2.265625,1.2150384188884729,-0.6806197985637769,0.3798292917228429,2.744510937500001,1.413594322051636,0.20381988110677704,0.6756076538117332,237.725671875,62.75669087487175,-0.7091530673915012,0.41666363024432784,1.0,0.9991005659103394,0.0,1.0648608207702637,0.0684719830751419
149,0.7769239533457212,0.9375,0.8584357410669327,0.7089894665247779,0.0,0.0625,0.0,60,0.03223593885413628,0.39991822838783264,0.0,1.0,64,1.0,45,0.703125,0.8857194361075158,34.51984375,20.560308051269224,-0.6194359660751607,0.35173342118420126,2.3125,1.1021995055342748,-0.665966354053112,0.3445550782726143,2.732650156250001,1.5026140526195229,0.1981511864412122,0.7181533901476249,233.00815625,57.01309091510771,-0.7404743043567517,0.37852986033797514,1.0,1.0009976625442505,0.0017804154194891453,1.0837910175323486,0.07281062752008438
150,0.8195142975531604,0.953125,0.8320039202932452,0.728121464281416,0.0,0.046875,0.0,61,0.02412671337957568,0.3540325164794922,0.0,1.0,64,1.0,35,0.546875,0.8676394297920309,35.26953125,22.66383382931435,-0.6066107618741102,0.38771927881901896,2.109375,1.1196705360841643,-0.7294646135993266,0.35001664150902895,2.5577840625000015,1.3779195710798033,0.11457638036941457,0.658557405074587,223.050609375,57.52923341811134,-0.8065859423578375,0.3819567110215729,1.0,0.9986389875411987,0.007312614470720291,1.0648607015609741,0.05965681001543999
151,0.8193293816928726,0.96875,0.8592765432211661,0.7209592882588807,0.0,0.03125,0.0,62,0.016699084662460582,0.3469070494174957,0.0,1.0,64,1.0,34,0.53125,0.8592150476999515,44.20140625,27.975458824833613,-0.45380960035913487,0.47858737413465197,2.53125,1.3459284667098768,-0.5975836130033424,0.42074641284815956,2.5678532812500015,1.4078911758260737,0.11938882277193585,0.6728819147643342,246.13590625,63.85288529373567,-0.6533145785062265,0.42394164856635974,1.0,0.9986769556999207,0.005458515137434006,1.0446385145187378,0.0608343705534935
152,0.7415857925649707,0.90625,0.8569021975171978,0.6835528541801091,0.0,0.09375,0.0,58,0.03363654309100149,0.380632609128952,0.0,1.0,64,1.0,44,0.6875,0.8823608057837886,37.70390625,23.94926842679565,-0.5649649341433125,0.4097097231038615,2.359375,1.2166448164419228,-0.651312909542447,0.38033146254762257,2.795213750000001,1.3466197710581451,0.22805258186144936,0.6435981030120845,245.947484375,76.98609476189358,-0.6545655772660478,0.5111376217363367,1.0,0.9990882277488708,0.0022308980114758015,1.1180338859558105,0.06075260788202286
153,0.7556245521637914,0.90625,0.8385342390372835,0.7141920980820099,0.0,0.09375,0.0,58,0.032787582020006555,0.4535527229309082,0.0,1.0,64,1.0,38,0.59375,0.891346975083421,33.76875,23.868457709653132,-0.6322852275579557,0.40832726181300877,2.1875,1.2975337182516684,-0.7050422060815518,0.40561788461050746,2.9276045312500014,1.3299780473246199,0.29132690583920784,0.6356444236915054,246.971328125,76.28078409998132,-0.6477679203512089,0.5064548174529122,1.0,0.9981573820114136,0.002853881334885955,1.1180340051651,0.06941352039575577
154,0.7915152543743301,0.9375,0.8336110129952431,0.7323220175395192,0.0,0.0625,0.0,60,0.022417245723703794,0.35878345370292664,0.0,1.0,64,1.0,42,0.65625,0.8779694729917004,34.01875,22.533177379422106,-0.6280083774700689,0.3854840866222005,2.09375,1.2464794171986957,-0.7343490951028816,0.3896579621036164,3.0374356250000014,1.2680688157155502,0.3438191424069942,0.6060557715130038,242.9109375,63.00604400915515,-0.674726274503371,0.418319172955311,1.0,0.9969205856323242,0.0016987542621791363,1.0837911367416382,0.06152772158384323
155,0.8139548275341686,0.984375,0.8461580503554571,0.7090846292957249,0.0,0.015625,0.0,63,0.029520982607285588,0.38167649507522583,0.0,1.0,64,1.0,38,0.59375,0.8681144310365528,36.223593750000006,23.632418105696694,-0.5902892327262121,0.40428923780930537,2.453125,1.286099815090182,-0.6220060205211173,0.40204356854614137,2.630764375000001,1.2571197027429857,0.1494563009614914,0.6008227959617313,249.44215624999998,62.29112246947263,-0.6313632278487797,0.41357255869137677,1.0,1.00021231174469,0.0005630630766972899,1.0230478048324585,0.06976644694805145
156,0.7893896334262698,0.96875,0.8349574799499204,0.7039449953578355,0.0,0.03125,0.0,62,0.038321881888888826,0.4375801384449005,0.0,1.0,64,1.0,41,0.640625,0.879909150600086,38.23796875,23.313623778523226,-0.5558285131430644,0.39883549562454673,2.453125,1.2238475127134916,-0.6220060205211173,0.3825830744973315,2.665606406250001,1.4860992834056044,0.16610856294333307,0.7102603869657331,248.901265625,76.5001330391495,-0.6349543899740577,0.5079111518135988,1.0,0.9991454482078552,0.0,1.0446386337280273,0.0765163004398346
157,0.7764976362771776,0.9375,0.8242912232875824,0.7039325881261236,0.0,0.03125,0.0,60,0.041501651103102916,0.426476389169693,0.0,1.0,62,0.96875,42,0.6774193548387096,0.8808385313871776,40.0141935483871,28.71103966322335,-0.5254419244027102,0.4911712500279119,2.532258064516129,1.29163239971106,-0.5972684851644035,0.4037730922099834,2.809596290322583,1.4818350246909264,0.23492651603875225,0.7082223440983223,257.17885483870975,75.67475675842425,-0.57999657872916,0.5024311898740784,0.96875,0.9992045164108276,0.010354223661124706,1.0837910175323486,0.07916911691427231
158,0.7312504233693085,0.921875,0.8757131084547205,0.6579891977135371,0.0,0.0625,0.0,59,0.024137368862611468,0.34334126114845276,0.0,1.0,63,0.984375,38,0.6031746031746031,0.8764592752360124,34.311269841269834,24.65854148624312,-0.6230041234346948,0.42184354129039603,2.4761904761904763,1.4349065879351774,-0.6147955954444408,0.44856158003830693,2.9503009523809545,1.6725205253327733,0.30217434317748976,0.7993578146466032,257.3458888888889,80.94196138486474,-0.5788875812222515,0.5374020044644819,0.984375,0.9969910979270935,0.008314856328070164,1.1014961004257202,0.07923252880573273
159,0.7556186577778256,0.90625,0.8726760570345253,0.6753702766023532,0.0,0.078125,0.0,58,0.031099270230718304,0.3951590955257416,0.0,1.0,63,0.984375,40,0.6349206349206349,0.8721353132130243,33.105079365079355,24.65253925380442,-0.6436389068111086,0.4217408586970642,2.3015873015873014,1.2036310228653255,-0.6693777379603568,0.37626326197060034,2.773641269841271,1.632333309019607,0.217742316405808,0.780150896153073,243.07203174603177,70.25018916338277,-0.6736567134346252,0.4664155874714231,0.984375,0.9979763031005859,0.0005571030778810382,1.1180338859558105,0.06528179347515106
160,0.7728181792498785,0.9375,0.8501312380035718,0.7004758268007397,0.0,0.0625,0.0,60,0.028531561429845982,0.4027281105518341,0.0,1.0,64,1.0,41,0.640625,0.8698543873833239,34.39359375,22.91878182893805,-0.6215957753695436,0.39208077631740773,2.359375,1.2914041231833666,-0.651312909542447,0.4037017314114417,3.0550804687500017,1.4839034332288006,0.3522522489226674,0.7092109110567472,253.71992187499998,76.92346350803523,-0.6029616450087805,0.5107217909263374,1.0,0.996931791305542,0.008933556266129017,1.0837910175323486,0.07499200105667114
161,0.7134577027879606,0.875,0.8417365386017731,0.6995846940668431,0.0,0.125,0.0,56,0.04447343091183546,0.4075542390346527,0.0,1.0,64,1.0,46,0.71875,0.8824862014925162,35.325937499999995,23.681749019468427,-0.6056457975730308,0.40513316150090606,2.3125,1.260890062614501,-0.665966354053112,0.394162828086835,2.8676921875000017,1.738539323813304,0.26269263831006817,0.8309105768875876,247.43446875,84.41862871890469,-0.6446929676818451,0.5604848154342519,1.0,0.9975103735923767,0.029295774176716805,1.1478066444396973,0.0683554857969284
162,0.7812410890524868,0.9375,0.8533776481946309,0.7157928250677841,0.0,0.0625,0.0,60,0.03265248782578684,0.43691450357437134,0.0,1.0,64,1.0,41,0.640625,0.8689293656624805,33.62734375,17.981691838696264,-0.6347043208889166,0.3076200012827254,2.234375,0.9640764281813968,-0.6903887615708868,0.3013768628137839,2.467218593750001,1.3443896165254565,0.07129188006826484,0.6425322318155445,222.95478125,64.7352999564546,-0.8072221788114392,0.4298003082825385,1.0,0.9996464848518372,0.008186398074030876,1.0837910175323486,0.0686555802822113
163,0.743616811484453,0.921875,0.8778236604343026,0.7072788890603132,0.0,0.078125,0.0,59,0.02803813960756047,0.31366702914237976,0.0,1.0,64,1.0,39,0.609375,0.880779986293797,32.583749999999995,20.823793444939373,-0.6525574969745391,0.3562409713005015,2.078125,1.1898619602184952,-0.7392335766064365,0.37195895913413746,2.4397748437500013,1.2789209702188806,0.058175523232319434,0.6112424071187244,222.9601875,65.13421893143875,-0.8071862848259597,0.4324488709453095,1.0,0.9994292855262756,0.001194029813632369,1.1014961004257202,0.07290633022785187
164,0.7364720687533257,0.890625,0.8828977236622259,0.7080916512712208,0.0,0.109375,0.0,57,0.016360189233466833,0.3804473578929901,0.0,1.0,64,1.0,33,0.515625,0.8627228136060746,29.3828125,23.24334753407615,-0.7073172162873196,0.3976332517755874,2.109375,1.3706429547387606,-0.7294646135993266,0.42847233026556203,2.634215312500001,1.1828307734109853,0.15110562831903362,0.5653174402403427,226.51359374999998,68.1214754050895,-0.7835939773410104,0.45228231196060953,1.0,0.9968865513801575,0.01026957668364048,1.1334558725357056,0.06552853435277939
165,0.7691854193166632,0.953125,0.854426381040792,0.6889359998492403,0.0,0.046875,0.0,61,0.02140028460727051,0.32803329825401306,0.0,1.0,64,1.0,38,0.59375,0.8641846496403409,38.11671875,26.513886046671818,-0.5579027854356896,0.4535836634757151,2.359375,1.1091549077450813,-0.651312909542447,0.3467293844133163,2.639160625000001,1.319758707174199,0.15346917132664956,0.6307602328633269,234.4429375,57.11056018807815,-0.7309482895860961,0.3791769929472154,1.0,0.9988764524459839,0.013528748415410519,1.0648607015609741,0.0791139230132103
166,0.7593246216320222,0.953125,0.8614636630308433,0.7163096957939303,0.0,0.015625,0.0,61,0.028475563228840373,0.3396196961402893,0.0,0.984375,62,0.953125,45,0.7258064516129032,0.8743194892242776,35.21532258064516,18.277862047432517,-0.6075381312832882,0.3126867036157777,2.596774193548387,1.1424320043203084,-0.5771003034723055,0.35713203162699375,2.925226451612905,1.4209887572131326,0.2901903359060008,0.679141720773371,256.4889516129033,60.28397315459652,-0.5845770876529804,0.4002463920576679,0.96875,0.9994075298309326,0.01804264634847641,1.0648608207702637,0.06605061888694763
167,0.7798964536755519,1.0,0.8440316705964506,0.6681348123666094,0.0,0.0,0.0,64,0.018623518557946337,0.30819013714790344,0.0,1.0,64,1.0,44,0.6875,0.8789766153702053,46.2121875,34.95135326728914,-0.4194103604960004,0.5979267931718717,2.765625,1.7918407740016968,-0.5243163904500179,0.5601416395473221,2.7651085937500017,1.6986837732729538,0.2136642430966345,0.8118621734157482,273.208828125,74.22306620155955,-0.4735679769486339,0.4927929082983229,1.0,0.9981992840766907,0.0019656019285321236,0.9999998211860657,0.05314069986343384
168,0.7349989751594139,0.953125,0.8545388940904961,0.6981178933141852,0.0,0.046875,0.0,61,0.023354662126957075,0.32905495166778564,0.0,1.0,64,1.0,46,0.71875,0.8807063774954925,43.55609375,24.829827049411982,-0.4648492196484926,0.424773791993966,2.84375,1.3831434985206705,-0.499893982932243,0.43238008545833756,2.5694415625000007,1.3121160770550417,0.12014791960202763,0.6271075445897487,259.47932812500005,69.67078036223626,-0.5647229316106881,0.4625686896966093,1.0,0.9990914463996887,0.002005012473091483,1.0648607015609741,0.05356089398264885
169,0.7306504704558939,0.921875,0.8473054837372344,0.6878799873845128,0.0,0.078125,0.0,59,0.022320435170642514,0.4253683388233185,0.0,1.0,64,1.0,39,0.609375,0.8779959469628503,37.0171875,23.530172284002592,-0.5767129067284766,0.40254007760331145,2.28125,1.1920144451725407,-0.6757353170602219,0.3726318406025993,2.629999843750001,1.481164219092634,0.14909090393348945,0.7079017419359082,247.55075,73.43406619227383,-0.6439209357745073,0.48755446115350337,1.0,0.9974993467330933,0.0017103762365877628,1.1014961004257202,0.06595195829868317
170,0.7195432699052916,0.9375,0.8794804856181144,0.6762548459397661,0.0,0.0625,0.0,60,0.03140420286376018,0.41540637612342834,0.0,1.0,64,1.0,46,0.71875,0.8924658836268111,44.20671875,26.635633325883177,-0.45371871729476726,0.4556664429228954,3.015625,1.5460856571920587,-0.4461646863931384,0.4833169149098393,2.166049687500001,1.617419304982835,-0.07264759038553333,0.7730229563198127,255.200125,91.29304429957622,-0.5931340585161909,0.606126465937492,1.0,0.9970465898513794,0.0057053943164646626,1.083790898323059,0.06634155660867691
171,0.7600245961147599,0.953125,0.8465147541194665,0.6909413826387728,0.0,0.046875,0.0,61,0.01687718177223098,0.3302454352378845,0.0,1.0,64,1.0,37,0.578125,0.8649197692099267,34.052499999999995,29.05806880196962,-0.6274310027082042,0.49710801643809693,2.0625,1.1439378261076953,-0.7441180581099914,0.35760276178175476,2.944268281250001,1.616966614962988,0.2992911123060713,0.7728065994503476,252.88837500000002,75.12213529199052,-0.608482575682876,0.4987621425877209,1.0,0.998938262462616,0.003930376376956701,1.0648608207702637,0.05658702179789543
172,0.7760088369017977,0.9375,0.8800574193398157,0.723421342944779,0.0,0.0625,0.0,60,0.022159760638331902,0.3671432137489319,0.0,0.984375,64,0.984375,40,0.625,0.861897300379855,32.615156250000005,19.921785577617936,-0.6520202176822482,0.3408099615939884,2.28125,1.1655035124357198,-0.6757353170602219,0.36434434232451984,2.883458906250002,1.1826603131607019,0.27022812122537654,0.5652359711455921,247.67303124999998,68.36818466330138,-0.6431090677676776,0.4539203010532213,1.0,0.9973066449165344,0.012535612098872662,1.0837911367416382,0.07081793248653412
173,0.77573062720531,0.921875,0.8344968562409029,0.7294813459298776,0.0,0.078125,0.0,59,0.023211182770857552,0.32612866163253784,0.0,0.96875,64,0.96875,36,0.5625,0.8494579525021795,33.372656250000006,21.193224170872067,-0.6390613619159512,0.3625609706311948,1.984375,1.1523371292182683,-0.7685404656277663,0.36022844118568087,2.9926475000000017,1.5204448624970766,0.3224132838959332,0.7266753765754235,238.780421875,70.9913182777049,-0.7021502130683428,0.47133620299382106,1.0,0.9985344409942627,0.01440576184540987,1.1014959812164307,0.07212980836629868
174,0.7974728402806277,0.953125,0.848951025575888,0.7267497731114129,0.0,0.046875,0.0,61,0.03257161964491667,0.4249472916126251,0.0,1.0,64,1.0,33,0.515625,0.8701079108933089,36.80078125,24.195684423098026,-0.5804150550858036,0.4139252602056316,2.34375,1.148623496843069,-0.656197391046002,0.35906753439223044,2.5689004687500008,1.2607221299993492,0.11988931140501743,0.602544525731533,234.565296875,64.07773519563946,-0.7301359028800543,0.425434505743519,1.0,0.9993793368339539,0.004127358552068472,1.0648608207702637,0.069309763610363
175,0.7999639794517885,1.0,0.8586677969433367,0.6918684177345262,0.0,0.0,0.0,64,0.021891894840828364,0.287156343460083,0.0,1.0,64,1.0,36,0.5625,0.874928543151797,40.0153125,26.655754126029596,-0.5254227820494942,0.45601065750639364,2.3125,1.248436522214886,-0.665966354053112,0.3902697664717506,2.506644843750001,1.2225533169853384,0.09013510534553916,0.5843022748913146,238.26696875,54.17206246303555,-0.70555920803032,0.3596672783253568,1.0,0.9979618787765503,0.0005727377138100564,0.9999999403953552,0.0720299780368805
176,0.7765757696670115,0.953125,0.8488163992029721,0.6916331959702571,0.0,0.046875,0.0,61,0.03245520246805122,0.36014315485954285,0.0,1.0,64,1.0,39,0.609375,0.8841376835418462,37.543125,26.6968711225562,-0.5677154833560847,0.45671406242722745,2.15625,1.1621471238616907,-0.7148111690886617,0.36329511237837014,2.5431195312500012,1.3672030886419075,0.10756767256866295,0.6534356120367703,231.584234375,59.98281871496159,-0.7499282199369209,0.39824692235438675,1.0,0.9991822838783264,0.0029256874695420265,1.0648608207702637,0.07002592831850052
177,0.7697949044364121,0.9375,0.8667787199219068,0.704051615663892,0.0,0.0625,0.0,60,0.044272841070495256,0.38891613483428955,0.0,1.0,64,1.0,42,0.65625,0.8703690686085033,38.65078125,22.871833271562394,-0.5487663644354414,0.3912776085504548,2.375,1.352081728298996,-0.6464284280388921,0.42266996436294924,2.550478437500001,1.1937281615282795,0.11108475898350308,0.5705256946197997,240.24942187500002,73.15234886646772,-0.692397008042773,0.48568404125027514,1.0,0.9985781311988831,0.006183248944580555,1.0837910175323486,0.07196298986673355
178,0.7768865900430106,0.953125,0.8460720103295123,0.709627655239416,0.0,0.046875,0.0,61,0.03211985794652405,0.3037412166595459,0.0,1.0,64,1.0,41,0.640625,0.8748886444141779,31.7559375,22.24616931341425,-0.6667192168280541,0.3805741247328808,2.140625,1.1161763343553741,-0.7196956505922166,0.3489243302313351,2.9417060937500015,1.4868253384115293,0.29806655059236253,0.7106073948105152,249.45626562500001,68.90722921305189,-0.6312695507710684,0.45749920643894804,1.0,0.999264121055603,0.006688963156193495,1.0648607015609741,0.06562038511037827
179,0.7996035894810569,0.96875,0.8587046895296343,0.729095680117185,0.0,0.015625,0.0,62,0.03872614094419338,0.37608930468559265,0.0,1.0,63,0.984375,43,0.6825396825396826,0.8763619717554274,38.07460317460317,22.713917754609497,-0.5586232734450389,0.38857608458022,2.3174603174603177,1.2702380332534957,-0.6644157250043643,0.3970850674264794,2.9312696825396842,1.3252362054904627,0.29307861368428023,0.6333781266454961,258.6397777777778,72.69332922790329,-0.5702970001374048,0.4826364492518533,0.984375,0.9994054436683655,0.0020682523027062416,1.0446386337280273,0.06127328798174858
180,0.7922087351258112,0.953125,0.8553142923800672,0.729522118468912,0.0,0.046875,0.0,61,0.039192027848632974,0.41427043080329895,0.0,1.0,64,1.0,50,0.78125,0.8730127777477945,37.82703125,22.853223424147927,-0.5628585854750284,0.3909592424402543,2.28125,1.2050512177911776,-0.6757353170602219,0.37670722458479344,2.7352068750000016,1.5286391210044439,0.19937313444227478,0.730591707929142,249.76895312500002,67.63483659268854,-0.6291935090444293,0.44905134660271556,1.0,0.9990615248680115,0.0016094420570880175,1.0648607015609741,0.06448116898536682
181,0.7522866881950563,0.9375,0.8573347002267837,0.7244755981709103,0.0,0.0625,0.0,60,0.028089754611789877,0.40017396211624146,0.0,1.0,64,1.0,50,0.78125,0.8824948039139273,34.62421875,24.17913995088842,-0.617650381163468,0.4136422272959368,2.328125,1.2381272084785957,-0.661081872549557,0.38704700472715825,2.856986406250001,1.4175774596509803,0.25757595975547626,0.6775113387702271,253.13271875,69.29076801928343,-0.6068602920270105,0.4600456547796141,1.0,0.9976983666419983,0.005364806856960058,1.0837911367416382,0.068980872631073
182,0.7695208597634495,0.9375,0.8506069233020147,0.7230721491962561,0.0,0.0625,0.0,60,0.04311773482522112,0.4538056254386902,0.0,1.0,64,1.0,43,0.671875,0.891195454577728,38.1659375,25.62033181373914,-0.5570607805746368,0.4382972734771161,2.421875,1.1964098312764735,-0.6317749835282273,0.37400586825864035,2.656100781250001,1.3243991219668563,0.16156548229842538,0.6329780542721101,243.507015625,60.06506202092765,-0.6707687032546423,0.3987929644408862,1.0,0.998133659362793,0.003389830468222499,1.0837910175323486,0.07251792401075363
183,0.7665326868843146,0.953125,0.8771932217918459,0.7101323982354115,0.0,0.046875,0.0,61,0.02476261852457723,0.37193313241004944,0.0,1.0,64,1.0,51,0.796875,0.885267091537671,33.950937499999995,22.96776407535339,-0.6291684730564082,0.3929187352169531,2.40625,1.4654217609616693,-0.6366594650317822,0.45810083112475036,3.016786250000002,1.321985137142837,0.33395006216325024,0.631824323956523,260.16684375,67.61430396678716,-0.5601582748040802,0.4489150233146764,1.0,0.9992548823356628,0.005414185114204884,1.0648608207702637,0.06964990496635437
184,0.7766571914074949,0.953125,0.8474284019626555,0.7264443344676152,0.0,0.046875,0.0,61,0.028228558936040937,0.4326724708080292,0.0,1.0,64,1.0,46,0.71875,0.882347839608185,40.9825,23.897058657918553,-0.5088767182719822,0.4088165496854192,2.75,1.3228756555322954,-0.5292008719535729,0.4135399469408417,2.7104370312500015,1.1835014504568115,0.18753473373553403,0.5656379809629019,259.112171875,48.34466638839115,-0.5671606104280263,0.32097715669077104,1.0,0.9988532066345215,0.0016556291375309229,1.0648608207702637,0.06801518052816391
185,0.7567448783209207,0.96875,0.8628218274924063,0.6733515268866728,0.0,0.03125,0.0,62,0.021316843572211218,0.38426971435546875,0.0,1.0,64,1.0,42,0.65625,0.8886635743722388,41.95671875,23.150113866802005,-0.49221036808574836,0.3960382661032857,2.671875,1.1865744748539806,-0.5536232794713477,0.370931268800942,2.6191512500000016,1.6669784499727172,0.14390597014006826,0.7967090571687002,252.11384375,70.86245826405963,-0.6136249596719576,0.47048065627314023,1.0,0.9983881115913391,0.009775733575224876,1.0446385145187378,0.06410101056098938
186,0.7213222786299249,0.890625,0.8745907064069781,0.7193634323395888,0.0,0.109375,0.0,57,0.018081534573678303,0.39840278029441833,0.0,1.0,64,1.0,44,0.6875,0.8886872516549431,34.60859375,22.144680220878353,-0.617917684293961,0.378837910195554,2.28125,0.9916644782889019,-0.6757353170602219,0.31000107532381627,2.4101529687500007,1.3414463210941865,0.04401816198796393,0.6411255248913761,228.47585937499997,69.59740182423012,-0.7705658092298788,0.4620815039065137,1.0,0.996555507183075,0.0005899704992771149,1.1334556341171265,0.07576931267976761
187,0.7444468227778643,0.9375,0.8593455985188484,0.7051654388404628,0.0,0.0625,0.0,60,0.015822597634532663,0.3733282685279846,0.0,1.0,64,1.0,44,0.6875,0.8854054951783481,37.67125,25.490252640715433,-0.5655235976860428,0.4360719569868014,2.578125,1.2845802755666926,-0.5829301684926775,0.4015685501335715,2.7690025000000014,1.4199318470902937,0.2155252811785553,0.6786365853485593,248.11828125,81.43200863766442,-0.640152897217892,0.5406555996508485,1.0,0.9967219233512878,0.01512605044990778,1.083790898323059,0.06816677004098892
188,0.8049526138404309,1.0,0.8983652666211128,0.6757292998211831,0.0,0.0,0.0,64,0.032554682215388105,0.506101131439209,0.0,1.0,64,1.0,39,0.609375,0.8740716070389828,41.9065625,27.242762812967293,-0.4930684111346307,0.46605285012367287,2.609375,1.206974361523475,-0.5731612054855676,0.3773084124240948,2.872076093750002,1.712783175358,0.2647878650451293,0.8186007856287636,264.777015625,69.00495320095062,-0.5295497305562996,0.45814803018972583,1.0,0.9989346265792847,0.006253256928175688,0.9999998807907104,0.058208875358104706
189,0.7860853644532421,0.96875,0.8713838256174519,0.7141046678713202,0.0,0.015625,0.0,62,0.02734335104558479,0.41901838779449463,0.0,1.0,63,0.984375,45,0.7142857142857143,0.8799758884679567,37.270634920634926,25.475508492083318,-0.572377080235608,0.43581972293330906,2.4285714285714284,1.0345505229714491,-0.629681634312418,0.32340754521261844,2.887865238095239,1.4412604778389304,0.2723340659603244,0.6888303063859991,255.22544444444446,67.87574103562926,-0.5929659538648633,0.45065079549554843,0.984375,0.9995996356010437,0.0037817396223545074,1.0446385145187378,0.056661855429410934
190,0.7944941686496236,0.96875,0.8463215991373985,0.7067285837249427,0.0,0.03125,0.0,62,0.02262171628906986,0.37194687128067017,0.0,1.0,64,1.0,42,0.65625,0.8689916499600017,40.09171875,29.866236662130675,-0.5241156697413839,0.5109336675731253,2.5625,1.4776988021921111,-0.5878146499962325,0.46193871789649277,2.9598726562500017,1.435539344918883,0.3067490052945264,0.6860959708493025,267.18075,71.43514770930348,-0.5135904969372497,0.4742829418929108,1.0,0.9990968108177185,0.002675227355211973,1.0446385145187378,0.05793708190321922
191,0.8108765100273322,0.96875,0.8087360123472829,0.7056935793694888,0.0,0.03125,0.0,62,0.041461569894638145,0.3772796094417572,0.0,1.0,64,1.0,43,0.671875,0.8774982836339185,39.467031250000005,27.655946505661735,-0.5348024488984909,0.4731213489733273,2.515625,1.3462005271782507,-0.6024680945068974,0.4208314608049993,2.7678806250000014,1.6155118108608382,0.21498909669847055,0.7721112961579697,253.711515625,70.48867951132125,-0.6030174570440058,0.46799900834280733,1.0,0.9986046552658081,0.006535947788506746,1.0446385145187378,0.06431480497121811
192,0.7111687944092285,0.90625,0.8611049893601187,0.6911719909075225,0.0,0.09375,0.0,58,0.026647770027383475,0.4057849049568176,0.0,1.0,64,1.0,48,0.75,0.897508386244021,39.96265625,28.16442493655491,-0.5263235935992554,0.48182009306074336,2.5625,1.4670868242881878,-0.5878146499962325,0.45862134127007054,2.5973034375000013,1.614421431002083,0.13346411343918607,0.7715901643405556,247.46660937500002,77.60276351285303,-0.6444795748259737,0.5152319013557849,1.0,0.998491108417511,0.0005387931014411151,1.118033766746521,0.06611465662717819
193,0.7717758787511632,0.96875,0.8651738815730617,0.6943094374962593,0.0,0.03125,0.0,62,0.019470792824654463,0.3940337896347046,0.0,1.0,64,1.0,46,0.71875,0.8897215440572637,32.603750000000005,23.075995746391964,-0.652215348967508,0.3947702977441269,2.421875,1.2845802755666926,-0.6317749835282273,0.4015685501335715,3.0419431250000013,1.405031637545126,0.34597343904786954,0.6715152383998084,253.57493750000003,69.87863128844255,-0.6039242470066557,0.4639486847259112,1.0,0.9975478649139404,0.0010928962146863341,1.0446386337280273,0.059370558708906174
194,0.7607856086021516,0.953125,0.8738470825015522,0.6851574495545486,0.0,0.03125,0.0,61,0.019337999864683614,0.4061416983604431,0.0,1.0,63,0.984375,43,0.6825396825396826,0.8828828723849172,37.39365079365079,22.548320551375415,-0.5702725984463305,0.3857431469273981,2.492063492063492,1.1801670028851494,-0.6098335824884485,0.3689282493886986,2.6121126984126994,1.34506422143155,0.14054199275989004,0.6428546498040337,238.94171428571434,73.74785147571048,-0.7010793363149287,0.48963779144850955,0.984375,0.9987652897834778,0.00358422938734293,1.0648607015609741,0.07046811282634735
195,0.7942827501560001,0.953125,0.8568433376609302,0.7176194712880254,0.0,0.046875,0.0,61,0.036611477948873664,0.370296835899353,0.0,1.0,64,1.0,40,0.625,0.8744772280528474,37.663125,27.671508467363594,-0.5656625953138991,0.47338757368241646,2.34375,1.148623496843069,-0.656197391046002,0.35906753439223044,2.519770468750001,1.3166993116660959,0.09640831440752248,0.6292980375297238,235.82970312499998,51.34989534698432,-0.7217410673512173,0.34092992332245126,1.0,1.0001182556152344,0.0012165450025349855,1.0648608207702637,0.05863027274608612
196,0.7557781760152306,0.9375,0.8658131450414658,0.7182164724485234,0.0,0.0625,0.0,60,0.028566113942788005,0.30730223655700684,0.0,1.0,64,1.0,42,0.65625,0.8840590533018541,35.24421875,19.94997398217974,-0.6070437929455087,0.34129219191609855,2.296875,1.0706260945703687,-0.6708508355566669,0.3346850147937446,2.6270407812500016,1.4404033676188872,0.14767666135913796,0.6884206625328878,238.783921875,66.36261032537091,-0.7021269753436392,0.44060459124256307,1.0,0.9998798370361328,0.017795637249946594,1.0837910175323486,0.08493535965681076
197,0.8077435215325081,0.96875,0.8652478768940894,0.7033451049426818,0.0,0.03125,0.0,62,0.03520712372866235,0.4098531901836395,0.0,1.0,64,1.0,40,0.625,0.878326672044055,41.365468750000005,23.474691486902945,-0.5023251185436005,0.40159094539550483,2.5,1.3110110602126894,-0.6073525760104523,0.40983099357215175,2.613096875000001,1.6375235357152842,0.1410123662077108,0.7826314924782818,247.37426562500002,72.98424034278788,-0.6450926772947143,0.48456790993782095,1.0,0.9979375600814819,0.008615737780928612,1.0446386337280273,0.06054873391985893
198,0.8137934335911683,0.96875,0.8433788245724093,0.7347010854823289,0.0,0.03125,0.0,62,0.021527373944091883,0.3707118034362793,0.0,1.0,64,1.0,41,0.640625,0.875914338287392,39.27109375,22.807885294700405,-0.5381544301548723,0.39018362490860525,2.4375,1.1021995055342748,-0.6268905020246722,0.3445550782726143,2.634134062500001,1.4025734158912146,0.15106679601685477,0.6703403657095037,243.321484375,63.360165152037844,-0.6720005101436145,0.4206703071353137,1.0,0.9975193738937378,0.0023612750228494406,1.0446386337280273,0.06276401877403259
199,0.7348929629883728,0.921875,0.8592802766015974,0.6866579014616383,0.0,0.046875,0.0,59,0.03373854004944788,0.3808945119380951,0.0,1.0,62,0.96875,45,0.7258064516129032,0.8862232748009924,42.738870967741924,28.66455516694502,-0.4788297769609868,0.49037602113993856,2.7419354838709675,1.4694247708297257,-0.5317218946650851,0.4593521992949308,2.970594193548389,1.4839867604906223,0.31187321423228265,0.7092507361571878,263.61191935483873,75.58147489177547,-0.5372852123789064,0.5018118589206452,0.96875,0.9975946545600891,0.0015600624028593302,1.1014959812164307,0.07104737311601639
